,I1L,I1R,I2L,I2R,I3,I4,I5,I6,M1,M2L,M2R,M3L,M3R,M4,M5,MCL,MCR,MI,NSML,NSMR,ADFL,ADFR,ADLL,ADLR,ASEL,ASER,ASGL,ASGR,ASHL,ASHR,ASIL,ASIR,ASJL,ASJR,ASKL,ASKR,AWAL,AWAR,AWBL,AWBR,AWCL,AWCR,AFDL,AFDR,IL2DL,IL2DR,IL2L,IL2R,IL2VL,IL2VR,OLQDL,OLQDR,OLQVL,OLQVR,OLLL,OLLR,CEPDL,CEPDR,CEPVL,CEPVR,ALML,ALMR,AVM,PVM,PLML,PLMR,ALNL,ALNR,PLNL,PLNR,FLPL,FLPR,PVDL,PVDR,BAGL,BAGR,URXL,URXR,URYDL,URYDR,URYVL,URYVR,AQR,PQR,ADEL,ADER,PDEL,PDER,PHAL,PHAR,PHBL,PHBR,PHCL,PHCR,SDQL,SDQR,URBL,URBR,DVA,AUAL,AUAR,AIAL,AIAR,AIBL,AIBR,AIYL,AIYR,AIZL,AIZR,ADAL,ADAR,AIML,AIMR,AINL,AINR,ALA,BDUL,BDUR,CANL,CANR,RIPL,RIPR,RIAL,RIAR,RIBL,RIBR,RICL,RICR,RIFL,RIFR,RIGL,RIGR,RIH,RIR,RIS,RMGL,RMGR,AVFL,AVFR,AVG,AVHL,AVHR,AVJL,AVJR,AVKL,AVKR,AVL,DVB,DVC,PVNL,PVNR,PVPL,PVPR,PVQL,PVQR,PVR,PVT,PVWL,PVWR,RID,PVCL,PVCR,AVAL,AVAR,AVBL,AVBR,AVDL,AVDR,AVEL,AVER,LUAL,LUAR,SAADL,SAADR,SAAVL,SAAVR,SABD,SABVL,SABVR,RIML,RIMR,IL1DL,IL1DR,IL1L,IL1R,IL1VL,IL1VR,SIADL,SIADR,SIAVL,SIAVR,SIBDL,SIBDR,SIBVL,SIBVR,RMDDL,RMDDR,RMDL,RMDR,RMDVL,RMDVR,RMED,RMEL,RMER,RMEV,RMFL,RMFR,RMHL,RMHR,RIVL,RIVR,SMBDL,SMBDR,SMBVL,SMBVR,SMDDL,SMDDR,SMDVL,SMDVR,URADL,URADR,URAVL,URAVR,DA01,DA02,DA03,DA04,DA05,DA06,DA07,DA08,DA09,PDA,DB01,DB02,DB03,DB04,DB05,DB06,DB07,AS01,AS02,AS03,AS04,AS05,AS06,AS07,AS08,AS09,AS10,AS11,PDB,DD01,DD02,DD03,DD04,DD05,DD06,VA01,VA02,VA03,VA04,VA05,VA06,VA07,VA08,VA09,VA10,VA11,VA12,VB01,VB02,VB03,VB04,VB05,VB06,VB07,VB08,VB09,VB10,VB11,VD01,VD02,VD03,VD04,VD05,VD06,VD07,VD08,VD09,VD10,VD11,VD12,VD13,HSNL,HSNR,VC01,VC02,VC03,VC04,VC05,VC06
I1L,1.0,1.0,1.0,1.0,1.0,1.0,1.0,1.0,1.0,1.0,1.0,1.0,1.0,1.0,1.0,1.0,1.0,1.0,1.0,1.0,0.0,0.0,0.0,0.0,0.0,0.0,0.0,0.0,0.0,0.0,0.0,0.0,0.0,0.0,0.0,0.0,0.0,0.0,0.0,0.0,0.0,0.0,0.0,0.0,0.0,0.0,0.0,0.0,0.0,0.0,0.0,0.0,0.0,0.0,0.0,0.0,0.0,0.0,0.0,0.0,0.0,0.0,0.0,0.0,0.0,0.0,0.0,0.0,0.0,0.0,0.0,0.0,0.0,0.0,0.0,0.0,0.0,0.0,0.0,0.0,0.0,0.0,0.0,0.0,0.0,0.0,0.0,0.0,0.0,0.0,0.0,0.0,0.0,0.0,0.0,0.0,0.0,0.0,0.0,0.0,0.0,0.0,0.0,0.0,0.0,0.0,0.0,0.0,0.0,0.0,0.0,0.0,0.0,0.0,0.0,0.0,0.0,0.0,0.0,0.0,0.5773502588272095,0.5773502588272095,0.0,0.0,0.0,0.0,0.0,0.0,0.0,0.0,0.0,0.0,0.0,0.0,0.0,0.0,0.0,0.0,0.0,0.0,0.0,0.0,0.0,0.0,0.0,0.0,0.0,0.0,0.0,0.0,0.0,0.0,0.0,0.0,0.0,0.0,0.0,0.0,0.0,0.0,0.0,0.0,0.0,0.0,0.0,0.0,0.0,0.0,0.0,0.0,0.0,0.0,0.0,0.0,0.0,0.0,0.0,0.0,0.0,0.0,0.0,0.0,0.0,0.0,0.0,0.0,0.0,0.0,0.0,0.0,0.0,0.0,0.0,0.0,0.0,0.0,0.0,0.0,0.0,0.0,0.0,0.0,0.0,0.0,0.0,0.0,0.0,0.0,0.0,0.0,0.0,0.0,0.0,0.0,0.0,0.0,0.0,0.0,0.0,0.0,0.0,0.0,0.0,0.0,0.0,0.0,0.0,0.0,0.0,0.0,0.0,0.0,0.0,0.0,0.0,0.0,0.0,0.0,0.0,0.0,0.0,0.0,0.0,0.0,0.0,0.0,0.0,0.0,0.0,0.0,0.0,0.0,0.0,0.0,0.0,0.0,0.0,0.0,0.0,0.0,0.0,0.0,0.0,0.0,0.0,0.0,0.0,0.0,0.0,0.0,0.0,0.0,0.0,0.0,0.0,0.0,0.0,0.0,0.0,0.0,0.0,0.0,0.0,0.0,0.0,0.0,0.0,0.0,0.0,0.0,0.0,0.0,0.0,0.0,0.0,0.0,0.0,0.0,0.0,0.0,0.0,0.0
I1R,1.0,1.0,1.0,1.0,1.0,1.0,1.0,1.0,1.0,1.0,1.0,1.0,1.0,1.0,1.0,1.0,1.0,1.0,1.0,1.0,0.0,0.0,0.0,0.0,0.0,0.0,0.0,0.0,0.0,0.0,0.0,0.0,0.0,0.0,0.0,0.0,0.0,0.0,0.0,0.0,0.0,0.0,0.0,0.0,0.0,0.0,0.0,0.0,0.0,0.0,0.0,0.0,0.0,0.0,0.0,0.0,0.0,0.0,0.0,0.0,0.0,0.0,0.0,0.0,0.0,0.0,0.0,0.0,0.0,0.0,0.0,0.0,0.0,0.0,0.0,0.0,0.0,0.0,0.0,0.0,0.0,0.0,0.0,0.0,0.0,0.0,0.0,0.0,0.0,0.0,0.0,0.0,0.0,0.0,0.0,0.0,0.0,0.0,0.0,0.0,0.0,0.0,0.0,0.0,0.0,0.0,0.0,0.0,0.0,0.0,0.0,0.0,0.0,0.0,0.0,0.0,0.0,0.0,0.0,0.0,0.5773502588272095,0.5773502588272095,0.0,0.0,0.0,0.0,0.0,0.0,0.0,0.0,0.0,0.0,0.0,0.0,0.0,0.0,0.0,0.0,0.0,0.0,0.0,0.0,0.0,0.0,0.0,0.0,0.0,0.0,0.0,0.0,0.0,0.0,0.0,0.0,0.0,0.0,0.0,0.0,0.0,0.0,0.0,0.0,0.0,0.0,0.0,0.0,0.0,0.0,0.0,0.0,0.0,0.0,0.0,0.0,0.0,0.0,0.0,0.0,0.0,0.0,0.0,0.0,0.0,0.0,0.0,0.0,0.0,0.0,0.0,0.0,0.0,0.0,0.0,0.0,0.0,0.0,0.0,0.0,0.0,0.0,0.0,0.0,0.0,0.0,0.0,0.0,0.0,0.0,0.0,0.0,0.0,0.0,0.0,0.0,0.0,0.0,0.0,0.0,0.0,0.0,0.0,0.0,0.0,0.0,0.0,0.0,0.0,0.0,0.0,0.0,0.0,0.0,0.0,0.0,0.0,0.0,0.0,0.0,0.0,0.0,0.0,0.0,0.0,0.0,0.0,0.0,0.0,0.0,0.0,0.0,0.0,0.0,0.0,0.0,0.0,0.0,0.0,0.0,0.0,0.0,0.0,0.0,0.0,0.0,0.0,0.0,0.0,0.0,0.0,0.0,0.0,0.0,0.0,0.0,0.0,0.0,0.0,0.0,0.0,0.0,0.0,0.0,0.0,0.0,0.0,0.0,0.0,0.0,0.0,0.0,0.0,0.0,0.0,0.0,0.0,0.0,0.0,0.0,0.0,0.0,0.0,0.0
I2L,1.0,1.0,1.0,1.0,1.0,1.0,1.0,1.0,1.0,1.0,1.0,1.0,1.0,1.0,1.0,1.0,1.0,1.0,1.0,1.0,0.0,0.0,0.0,0.0,0.0,0.0,0.0,0.0,0.0,0.0,0.0,0.0,0.0,0.0,0.0,0.0,0.0,0.0,0.0,0.0,0.0,0.0,0.0,0.0,0.0,0.0,0.0,0.0,0.0,0.0,0.0,0.0,0.0,0.0,0.0,0.0,0.0,0.0,0.0,0.0,0.0,0.0,0.0,0.0,0.0,0.0,0.0,0.0,0.0,0.0,0.0,0.0,0.0,0.0,0.0,0.0,0.0,0.0,0.0,0.0,0.0,0.0,0.0,0.0,0.0,0.0,0.0,0.0,0.0,0.0,0.0,0.0,0.0,0.0,0.0,0.0,0.0,0.0,0.0,0.0,0.0,0.0,0.0,0.0,0.0,0.0,0.0,0.0,0.0,0.0,0.0,0.0,0.0,0.0,0.0,0.0,0.0,0.0,0.0,0.0,0.5773502588272095,0.5773502588272095,0.0,0.0,0.0,0.0,0.0,0.0,0.0,0.0,0.0,0.0,0.0,0.0,0.0,0.0,0.0,0.0,0.0,0.0,0.0,0.0,0.0,0.0,0.0,0.0,0.0,0.0,0.0,0.0,0.0,0.0,0.0,0.0,0.0,0.0,0.0,0.0,0.0,0.0,0.0,0.0,0.0,0.0,0.0,0.0,0.0,0.0,0.0,0.0,0.0,0.0,0.0,0.0,0.0,0.0,0.0,0.0,0.0,0.0,0.0,0.0,0.0,0.0,0.0,0.0,0.0,0.0,0.0,0.0,0.0,0.0,0.0,0.0,0.0,0.0,0.0,0.0,0.0,0.0,0.0,0.0,0.0,0.0,0.0,0.0,0.0,0.0,0.0,0.0,0.0,0.0,0.0,0.0,0.0,0.0,0.0,0.0,0.0,0.0,0.0,0.0,0.0,0.0,0.0,0.0,0.0,0.0,0.0,0.0,0.0,0.0,0.0,0.0,0.0,0.0,0.0,0.0,0.0,0.0,0.0,0.0,0.0,0.0,0.0,0.0,0.0,0.0,0.0,0.0,0.0,0.0,0.0,0.0,0.0,0.0,0.0,0.0,0.0,0.0,0.0,0.0,0.0,0.0,0.0,0.0,0.0,0.0,0.0,0.0,0.0,0.0,0.0,0.0,0.0,0.0,0.0,0.0,0.0,0.0,0.0,0.0,0.0,0.0,0.0,0.0,0.0,0.0,0.0,0.0,0.0,0.0,0.0,0.0,0.0,0.0,0.0,0.0,0.0,0.0,0.0,0.0
I2R,1.0,1.0,1.0,1.0,1.0,1.0,1.0,1.0,1.0,1.0,1.0,1.0,1.0,1.0,1.0,1.0,1.0,1.0,1.0,1.0,0.0,0.0,0.0,0.0,0.0,0.0,0.0,0.0,0.0,0.0,0.0,0.0,0.0,0.0,0.0,0.0,0.0,0.0,0.0,0.0,0.0,0.0,0.0,0.0,0.0,0.0,0.0,0.0,0.0,0.0,0.0,0.0,0.0,0.0,0.0,0.0,0.0,0.0,0.0,0.0,0.0,0.0,0.0,0.0,0.0,0.0,0.0,0.0,0.0,0.0,0.0,0.0,0.0,0.0,0.0,0.0,0.0,0.0,0.0,0.0,0.0,0.0,0.0,0.0,0.0,0.0,0.0,0.0,0.0,0.0,0.0,0.0,0.0,0.0,0.0,0.0,0.0,0.0,0.0,0.0,0.0,0.0,0.0,0.0,0.0,0.0,0.0,0.0,0.0,0.0,0.0,0.0,0.0,0.0,0.0,0.0,0.0,0.0,0.0,0.0,0.5773502588272095,0.5773502588272095,0.0,0.0,0.0,0.0,0.0,0.0,0.0,0.0,0.0,0.0,0.0,0.0,0.0,0.0,0.0,0.0,0.0,0.0,0.0,0.0,0.0,0.0,0.0,0.0,0.0,0.0,0.0,0.0,0.0,0.0,0.0,0.0,0.0,0.0,0.0,0.0,0.0,0.0,0.0,0.0,0.0,0.0,0.0,0.0,0.0,0.0,0.0,0.0,0.0,0.0,0.0,0.0,0.0,0.0,0.0,0.0,0.0,0.0,0.0,0.0,0.0,0.0,0.0,0.0,0.0,0.0,0.0,0.0,0.0,0.0,0.0,0.0,0.0,0.0,0.0,0.0,0.0,0.0,0.0,0.0,0.0,0.0,0.0,0.0,0.0,0.0,0.0,0.0,0.0,0.0,0.0,0.0,0.0,0.0,0.0,0.0,0.0,0.0,0.0,0.0,0.0,0.0,0.0,0.0,0.0,0.0,0.0,0.0,0.0,0.0,0.0,0.0,0.0,0.0,0.0,0.0,0.0,0.0,0.0,0.0,0.0,0.0,0.0,0.0,0.0,0.0,0.0,0.0,0.0,0.0,0.0,0.0,0.0,0.0,0.0,0.0,0.0,0.0,0.0,0.0,0.0,0.0,0.0,0.0,0.0,0.0,0.0,0.0,0.0,0.0,0.0,0.0,0.0,0.0,0.0,0.0,0.0,0.0,0.0,0.0,0.0,0.0,0.0,0.0,0.0,0.0,0.0,0.0,0.0,0.0,0.0,0.0,0.0,0.0,0.0,0.0,0.0,0.0,0.0,0.0
I3,1.0,1.0,1.0,1.0,1.0,1.0,1.0,1.0,1.0,1.0,1.0,1.0,1.0,1.0,1.0,1.0,1.0,1.0,1.0,1.0,0.0,0.0,0.0,0.0,0.0,0.0,0.0,0.0,0.0,0.0,0.0,0.0,0.0,0.0,0.0,0.0,0.0,0.0,0.0,0.0,0.0,0.0,0.0,0.0,0.0,0.0,0.0,0.0,0.0,0.0,0.0,0.0,0.0,0.0,0.0,0.0,0.0,0.0,0.0,0.0,0.0,0.0,0.0,0.0,0.0,0.0,0.0,0.0,0.0,0.0,0.0,0.0,0.0,0.0,0.0,0.0,0.0,0.0,0.0,0.0,0.0,0.0,0.0,0.0,0.0,0.0,0.0,0.0,0.0,0.0,0.0,0.0,0.0,0.0,0.0,0.0,0.0,0.0,0.0,0.0,0.0,0.0,0.0,0.0,0.0,0.0,0.0,0.0,0.0,0.0,0.0,0.0,0.0,0.0,0.0,0.0,0.0,0.0,0.0,0.0,0.5773502588272095,0.5773502588272095,0.0,0.0,0.0,0.0,0.0,0.0,0.0,0.0,0.0,0.0,0.0,0.0,0.0,0.0,0.0,0.0,0.0,0.0,0.0,0.0,0.0,0.0,0.0,0.0,0.0,0.0,0.0,0.0,0.0,0.0,0.0,0.0,0.0,0.0,0.0,0.0,0.0,0.0,0.0,0.0,0.0,0.0,0.0,0.0,0.0,0.0,0.0,0.0,0.0,0.0,0.0,0.0,0.0,0.0,0.0,0.0,0.0,0.0,0.0,0.0,0.0,0.0,0.0,0.0,0.0,0.0,0.0,0.0,0.0,0.0,0.0,0.0,0.0,0.0,0.0,0.0,0.0,0.0,0.0,0.0,0.0,0.0,0.0,0.0,0.0,0.0,0.0,0.0,0.0,0.0,0.0,0.0,0.0,0.0,0.0,0.0,0.0,0.0,0.0,0.0,0.0,0.0,0.0,0.0,0.0,0.0,0.0,0.0,0.0,0.0,0.0,0.0,0.0,0.0,0.0,0.0,0.0,0.0,0.0,0.0,0.0,0.0,0.0,0.0,0.0,0.0,0.0,0.0,0.0,0.0,0.0,0.0,0.0,0.0,0.0,0.0,0.0,0.0,0.0,0.0,0.0,0.0,0.0,0.0,0.0,0.0,0.0,0.0,0.0,0.0,0.0,0.0,0.0,0.0,0.0,0.0,0.0,0.0,0.0,0.0,0.0,0.0,0.0,0.0,0.0,0.0,0.0,0.0,0.0,0.0,0.0,0.0,0.0,0.0,0.0,0.0,0.0,0.0,0.0,0.0
I4,1.0,1.0,1.0,1.0,1.0,1.0,1.0,1.0,1.0,1.0,1.0,1.0,1.0,1.0,1.0,1.0,1.0,1.0,1.0,1.0,0.0,0.0,0.0,0.0,0.0,0.0,0.0,0.0,0.0,0.0,0.0,0.0,0.0,0.0,0.0,0.0,0.0,0.0,0.0,0.0,0.0,0.0,0.0,0.0,0.0,0.0,0.0,0.0,0.0,0.0,0.0,0.0,0.0,0.0,0.0,0.0,0.0,0.0,0.0,0.0,0.0,0.0,0.0,0.0,0.0,0.0,0.0,0.0,0.0,0.0,0.0,0.0,0.0,0.0,0.0,0.0,0.0,0.0,0.0,0.0,0.0,0.0,0.0,0.0,0.0,0.0,0.0,0.0,0.0,0.0,0.0,0.0,0.0,0.0,0.0,0.0,0.0,0.0,0.0,0.0,0.0,0.0,0.0,0.0,0.0,0.0,0.0,0.0,0.0,0.0,0.0,0.0,0.0,0.0,0.0,0.0,0.0,0.0,0.0,0.0,0.5773502588272095,0.5773502588272095,0.0,0.0,0.0,0.0,0.0,0.0,0.0,0.0,0.0,0.0,0.0,0.0,0.0,0.0,0.0,0.0,0.0,0.0,0.0,0.0,0.0,0.0,0.0,0.0,0.0,0.0,0.0,0.0,0.0,0.0,0.0,0.0,0.0,0.0,0.0,0.0,0.0,0.0,0.0,0.0,0.0,0.0,0.0,0.0,0.0,0.0,0.0,0.0,0.0,0.0,0.0,0.0,0.0,0.0,0.0,0.0,0.0,0.0,0.0,0.0,0.0,0.0,0.0,0.0,0.0,0.0,0.0,0.0,0.0,0.0,0.0,0.0,0.0,0.0,0.0,0.0,0.0,0.0,0.0,0.0,0.0,0.0,0.0,0.0,0.0,0.0,0.0,0.0,0.0,0.0,0.0,0.0,0.0,0.0,0.0,0.0,0.0,0.0,0.0,0.0,0.0,0.0,0.0,0.0,0.0,0.0,0.0,0.0,0.0,0.0,0.0,0.0,0.0,0.0,0.0,0.0,0.0,0.0,0.0,0.0,0.0,0.0,0.0,0.0,0.0,0.0,0.0,0.0,0.0,0.0,0.0,0.0,0.0,0.0,0.0,0.0,0.0,0.0,0.0,0.0,0.0,0.0,0.0,0.0,0.0,0.0,0.0,0.0,0.0,0.0,0.0,0.0,0.0,0.0,0.0,0.0,0.0,0.0,0.0,0.0,0.0,0.0,0.0,0.0,0.0,0.0,0.0,0.0,0.0,0.0,0.0,0.0,0.0,0.0,0.0,0.0,0.0,0.0,0.0,0.0
I5,1.0,1.0,1.0,1.0,1.0,1.0,1.0,1.0,1.0,1.0,1.0,1.0,1.0,1.0,1.0,1.0,1.0,1.0,1.0,1.0,0.0,0.0,0.0,0.0,0.0,0.0,0.0,0.0,0.0,0.0,0.0,0.0,0.0,0.0,0.0,0.0,0.0,0.0,0.0,0.0,0.0,0.0,0.0,0.0,0.0,0.0,0.0,0.0,0.0,0.0,0.0,0.0,0.0,0.0,0.0,0.0,0.0,0.0,0.0,0.0,0.0,0.0,0.0,0.0,0.0,0.0,0.0,0.0,0.0,0.0,0.0,0.0,0.0,0.0,0.0,0.0,0.0,0.0,0.0,0.0,0.0,0.0,0.0,0.0,0.0,0.0,0.0,0.0,0.0,0.0,0.0,0.0,0.0,0.0,0.0,0.0,0.0,0.0,0.0,0.0,0.0,0.0,0.0,0.0,0.0,0.0,0.0,0.0,0.0,0.0,0.0,0.0,0.0,0.0,0.0,0.0,0.0,0.0,0.0,0.0,0.5773502588272095,0.5773502588272095,0.0,0.0,0.0,0.0,0.0,0.0,0.0,0.0,0.0,0.0,0.0,0.0,0.0,0.0,0.0,0.0,0.0,0.0,0.0,0.0,0.0,0.0,0.0,0.0,0.0,0.0,0.0,0.0,0.0,0.0,0.0,0.0,0.0,0.0,0.0,0.0,0.0,0.0,0.0,0.0,0.0,0.0,0.0,0.0,0.0,0.0,0.0,0.0,0.0,0.0,0.0,0.0,0.0,0.0,0.0,0.0,0.0,0.0,0.0,0.0,0.0,0.0,0.0,0.0,0.0,0.0,0.0,0.0,0.0,0.0,0.0,0.0,0.0,0.0,0.0,0.0,0.0,0.0,0.0,0.0,0.0,0.0,0.0,0.0,0.0,0.0,0.0,0.0,0.0,0.0,0.0,0.0,0.0,0.0,0.0,0.0,0.0,0.0,0.0,0.0,0.0,0.0,0.0,0.0,0.0,0.0,0.0,0.0,0.0,0.0,0.0,0.0,0.0,0.0,0.0,0.0,0.0,0.0,0.0,0.0,0.0,0.0,0.0,0.0,0.0,0.0,0.0,0.0,0.0,0.0,0.0,0.0,0.0,0.0,0.0,0.0,0.0,0.0,0.0,0.0,0.0,0.0,0.0,0.0,0.0,0.0,0.0,0.0,0.0,0.0,0.0,0.0,0.0,0.0,0.0,0.0,0.0,0.0,0.0,0.0,0.0,0.0,0.0,0.0,0.0,0.0,0.0,0.0,0.0,0.0,0.0,0.0,0.0,0.0,0.0,0.0,0.0,0.0,0.0,0.0
I6,1.0,1.0,1.0,1.0,1.0,1.0,1.0,1.0,1.0,1.0,1.0,1.0,1.0,1.0,1.0,1.0,1.0,1.0,1.0,1.0,0.0,0.0,0.0,0.0,0.0,0.0,0.0,0.0,0.0,0.0,0.0,0.0,0.0,0.0,0.0,0.0,0.0,0.0,0.0,0.0,0.0,0.0,0.0,0.0,0.0,0.0,0.0,0.0,0.0,0.0,0.0,0.0,0.0,0.0,0.0,0.0,0.0,0.0,0.0,0.0,0.0,0.0,0.0,0.0,0.0,0.0,0.0,0.0,0.0,0.0,0.0,0.0,0.0,0.0,0.0,0.0,0.0,0.0,0.0,0.0,0.0,0.0,0.0,0.0,0.0,0.0,0.0,0.0,0.0,0.0,0.0,0.0,0.0,0.0,0.0,0.0,0.0,0.0,0.0,0.0,0.0,0.0,0.0,0.0,0.0,0.0,0.0,0.0,0.0,0.0,0.0,0.0,0.0,0.0,0.0,0.0,0.0,0.0,0.0,0.0,0.5773502588272095,0.5773502588272095,0.0,0.0,0.0,0.0,0.0,0.0,0.0,0.0,0.0,0.0,0.0,0.0,0.0,0.0,0.0,0.0,0.0,0.0,0.0,0.0,0.0,0.0,0.0,0.0,0.0,0.0,0.0,0.0,0.0,0.0,0.0,0.0,0.0,0.0,0.0,0.0,0.0,0.0,0.0,0.0,0.0,0.0,0.0,0.0,0.0,0.0,0.0,0.0,0.0,0.0,0.0,0.0,0.0,0.0,0.0,0.0,0.0,0.0,0.0,0.0,0.0,0.0,0.0,0.0,0.0,0.0,0.0,0.0,0.0,0.0,0.0,0.0,0.0,0.0,0.0,0.0,0.0,0.0,0.0,0.0,0.0,0.0,0.0,0.0,0.0,0.0,0.0,0.0,0.0,0.0,0.0,0.0,0.0,0.0,0.0,0.0,0.0,0.0,0.0,0.0,0.0,0.0,0.0,0.0,0.0,0.0,0.0,0.0,0.0,0.0,0.0,0.0,0.0,0.0,0.0,0.0,0.0,0.0,0.0,0.0,0.0,0.0,0.0,0.0,0.0,0.0,0.0,0.0,0.0,0.0,0.0,0.0,0.0,0.0,0.0,0.0,0.0,0.0,0.0,0.0,0.0,0.0,0.0,0.0,0.0,0.0,0.0,0.0,0.0,0.0,0.0,0.0,0.0,0.0,0.0,0.0,0.0,0.0,0.0,0.0,0.0,0.0,0.0,0.0,0.0,0.0,0.0,0.0,0.0,0.0,0.0,0.0,0.0,0.0,0.0,0.0,0.0,0.0,0.0,0.0
M1,1.0,1.0,1.0,1.0,1.0,1.0,1.0,1.0,1.0,1.0,1.0,1.0,1.0,1.0,1.0,1.0,1.0,1.0,1.0,1.0,0.0,0.0,0.0,0.0,0.0,0.0,0.0,0.0,0.0,0.0,0.0,0.0,0.0,0.0,0.0,0.0,0.0,0.0,0.0,0.0,0.0,0.0,0.0,0.0,0.0,0.0,0.0,0.0,0.0,0.0,0.0,0.0,0.0,0.0,0.0,0.0,0.0,0.0,0.0,0.0,0.0,0.0,0.0,0.0,0.0,0.0,0.0,0.0,0.0,0.0,0.0,0.0,0.0,0.0,0.0,0.0,0.0,0.0,0.0,0.0,0.0,0.0,0.0,0.0,0.0,0.0,0.0,0.0,0.0,0.0,0.0,0.0,0.0,0.0,0.0,0.0,0.0,0.0,0.0,0.0,0.0,0.0,0.0,0.0,0.0,0.0,0.0,0.0,0.0,0.0,0.0,0.0,0.0,0.0,0.0,0.0,0.0,0.0,0.0,0.0,0.5773502588272095,0.5773502588272095,0.0,0.0,0.0,0.0,0.0,0.0,0.0,0.0,0.0,0.0,0.0,0.0,0.0,0.0,0.0,0.0,0.0,0.0,0.0,0.0,0.0,0.0,0.0,0.0,0.0,0.0,0.0,0.0,0.0,0.0,0.0,0.0,0.0,0.0,0.0,0.0,0.0,0.0,0.0,0.0,0.0,0.0,0.0,0.0,0.0,0.0,0.0,0.0,0.0,0.0,0.0,0.0,0.0,0.0,0.0,0.0,0.0,0.0,0.0,0.0,0.0,0.0,0.0,0.0,0.0,0.0,0.0,0.0,0.0,0.0,0.0,0.0,0.0,0.0,0.0,0.0,0.0,0.0,0.0,0.0,0.0,0.0,0.0,0.0,0.0,0.0,0.0,0.0,0.0,0.0,0.0,0.0,0.0,0.0,0.0,0.0,0.0,0.0,0.0,0.0,0.0,0.0,0.0,0.0,0.0,0.0,0.0,0.0,0.0,0.0,0.0,0.0,0.0,0.0,0.0,0.0,0.0,0.0,0.0,0.0,0.0,0.0,0.0,0.0,0.0,0.0,0.0,0.0,0.0,0.0,0.0,0.0,0.0,0.0,0.0,0.0,0.0,0.0,0.0,0.0,0.0,0.0,0.0,0.0,0.0,0.0,0.0,0.0,0.0,0.0,0.0,0.0,0.0,0.0,0.0,0.0,0.0,0.0,0.0,0.0,0.0,0.0,0.0,0.0,0.0,0.0,0.0,0.0,0.0,0.0,0.0,0.0,0.0,0.0,0.0,0.0,0.0,0.0,0.0,0.0
M2L,1.0,1.0,1.0,1.0,1.0,1.0,1.0,1.0,1.0,1.0,1.0,1.0,1.0,1.0,1.0,1.0,1.0,1.0,1.0,1.0,0.0,0.0,0.0,0.0,0.0,0.0,0.0,0.0,0.0,0.0,0.0,0.0,0.0,0.0,0.0,0.0,0.0,0.0,0.0,0.0,0.0,0.0,0.0,0.0,0.0,0.0,0.0,0.0,0.0,0.0,0.0,0.0,0.0,0.0,0.0,0.0,0.0,0.0,0.0,0.0,0.0,0.0,0.0,0.0,0.0,0.0,0.0,0.0,0.0,0.0,0.0,0.0,0.0,0.0,0.0,0.0,0.0,0.0,0.0,0.0,0.0,0.0,0.0,0.0,0.0,0.0,0.0,0.0,0.0,0.0,0.0,0.0,0.0,0.0,0.0,0.0,0.0,0.0,0.0,0.0,0.0,0.0,0.0,0.0,0.0,0.0,0.0,0.0,0.0,0.0,0.0,0.0,0.0,0.0,0.0,0.0,0.0,0.0,0.0,0.0,0.5773502588272095,0.5773502588272095,0.0,0.0,0.0,0.0,0.0,0.0,0.0,0.0,0.0,0.0,0.0,0.0,0.0,0.0,0.0,0.0,0.0,0.0,0.0,0.0,0.0,0.0,0.0,0.0,0.0,0.0,0.0,0.0,0.0,0.0,0.0,0.0,0.0,0.0,0.0,0.0,0.0,0.0,0.0,0.0,0.0,0.0,0.0,0.0,0.0,0.0,0.0,0.0,0.0,0.0,0.0,0.0,0.0,0.0,0.0,0.0,0.0,0.0,0.0,0.0,0.0,0.0,0.0,0.0,0.0,0.0,0.0,0.0,0.0,0.0,0.0,0.0,0.0,0.0,0.0,0.0,0.0,0.0,0.0,0.0,0.0,0.0,0.0,0.0,0.0,0.0,0.0,0.0,0.0,0.0,0.0,0.0,0.0,0.0,0.0,0.0,0.0,0.0,0.0,0.0,0.0,0.0,0.0,0.0,0.0,0.0,0.0,0.0,0.0,0.0,0.0,0.0,0.0,0.0,0.0,0.0,0.0,0.0,0.0,0.0,0.0,0.0,0.0,0.0,0.0,0.0,0.0,0.0,0.0,0.0,0.0,0.0,0.0,0.0,0.0,0.0,0.0,0.0,0.0,0.0,0.0,0.0,0.0,0.0,0.0,0.0,0.0,0.0,0.0,0.0,0.0,0.0,0.0,0.0,0.0,0.0,0.0,0.0,0.0,0.0,0.0,0.0,0.0,0.0,0.0,0.0,0.0,0.0,0.0,0.0,0.0,0.0,0.0,0.0,0.0,0.0,0.0,0.0,0.0,0.0
M2R,1.0,1.0,1.0,1.0,1.0,1.0,1.0,1.0,1.0,1.0,1.0,1.0,1.0,1.0,1.0,1.0,1.0,1.0,1.0,1.0,0.0,0.0,0.0,0.0,0.0,0.0,0.0,0.0,0.0,0.0,0.0,0.0,0.0,0.0,0.0,0.0,0.0,0.0,0.0,0.0,0.0,0.0,0.0,0.0,0.0,0.0,0.0,0.0,0.0,0.0,0.0,0.0,0.0,0.0,0.0,0.0,0.0,0.0,0.0,0.0,0.0,0.0,0.0,0.0,0.0,0.0,0.0,0.0,0.0,0.0,0.0,0.0,0.0,0.0,0.0,0.0,0.0,0.0,0.0,0.0,0.0,0.0,0.0,0.0,0.0,0.0,0.0,0.0,0.0,0.0,0.0,0.0,0.0,0.0,0.0,0.0,0.0,0.0,0.0,0.0,0.0,0.0,0.0,0.0,0.0,0.0,0.0,0.0,0.0,0.0,0.0,0.0,0.0,0.0,0.0,0.0,0.0,0.0,0.0,0.0,0.5773502588272095,0.5773502588272095,0.0,0.0,0.0,0.0,0.0,0.0,0.0,0.0,0.0,0.0,0.0,0.0,0.0,0.0,0.0,0.0,0.0,0.0,0.0,0.0,0.0,0.0,0.0,0.0,0.0,0.0,0.0,0.0,0.0,0.0,0.0,0.0,0.0,0.0,0.0,0.0,0.0,0.0,0.0,0.0,0.0,0.0,0.0,0.0,0.0,0.0,0.0,0.0,0.0,0.0,0.0,0.0,0.0,0.0,0.0,0.0,0.0,0.0,0.0,0.0,0.0,0.0,0.0,0.0,0.0,0.0,0.0,0.0,0.0,0.0,0.0,0.0,0.0,0.0,0.0,0.0,0.0,0.0,0.0,0.0,0.0,0.0,0.0,0.0,0.0,0.0,0.0,0.0,0.0,0.0,0.0,0.0,0.0,0.0,0.0,0.0,0.0,0.0,0.0,0.0,0.0,0.0,0.0,0.0,0.0,0.0,0.0,0.0,0.0,0.0,0.0,0.0,0.0,0.0,0.0,0.0,0.0,0.0,0.0,0.0,0.0,0.0,0.0,0.0,0.0,0.0,0.0,0.0,0.0,0.0,0.0,0.0,0.0,0.0,0.0,0.0,0.0,0.0,0.0,0.0,0.0,0.0,0.0,0.0,0.0,0.0,0.0,0.0,0.0,0.0,0.0,0.0,0.0,0.0,0.0,0.0,0.0,0.0,0.0,0.0,0.0,0.0,0.0,0.0,0.0,0.0,0.0,0.0,0.0,0.0,0.0,0.0,0.0,0.0,0.0,0.0,0.0,0.0,0.0,0.0
M3L,1.0,1.0,1.0,1.0,1.0,1.0,1.0,1.0,1.0,1.0,1.0,1.0,1.0,1.0,1.0,1.0,1.0,1.0,1.0,1.0,0.0,0.0,0.0,0.0,0.0,0.0,0.0,0.0,0.0,0.0,0.0,0.0,0.0,0.0,0.0,0.0,0.0,0.0,0.0,0.0,0.0,0.0,0.0,0.0,0.0,0.0,0.0,0.0,0.0,0.0,0.0,0.0,0.0,0.0,0.0,0.0,0.0,0.0,0.0,0.0,0.0,0.0,0.0,0.0,0.0,0.0,0.0,0.0,0.0,0.0,0.0,0.0,0.0,0.0,0.0,0.0,0.0,0.0,0.0,0.0,0.0,0.0,0.0,0.0,0.0,0.0,0.0,0.0,0.0,0.0,0.0,0.0,0.0,0.0,0.0,0.0,0.0,0.0,0.0,0.0,0.0,0.0,0.0,0.0,0.0,0.0,0.0,0.0,0.0,0.0,0.0,0.0,0.0,0.0,0.0,0.0,0.0,0.0,0.0,0.0,0.5773502588272095,0.5773502588272095,0.0,0.0,0.0,0.0,0.0,0.0,0.0,0.0,0.0,0.0,0.0,0.0,0.0,0.0,0.0,0.0,0.0,0.0,0.0,0.0,0.0,0.0,0.0,0.0,0.0,0.0,0.0,0.0,0.0,0.0,0.0,0.0,0.0,0.0,0.0,0.0,0.0,0.0,0.0,0.0,0.0,0.0,0.0,0.0,0.0,0.0,0.0,0.0,0.0,0.0,0.0,0.0,0.0,0.0,0.0,0.0,0.0,0.0,0.0,0.0,0.0,0.0,0.0,0.0,0.0,0.0,0.0,0.0,0.0,0.0,0.0,0.0,0.0,0.0,0.0,0.0,0.0,0.0,0.0,0.0,0.0,0.0,0.0,0.0,0.0,0.0,0.0,0.0,0.0,0.0,0.0,0.0,0.0,0.0,0.0,0.0,0.0,0.0,0.0,0.0,0.0,0.0,0.0,0.0,0.0,0.0,0.0,0.0,0.0,0.0,0.0,0.0,0.0,0.0,0.0,0.0,0.0,0.0,0.0,0.0,0.0,0.0,0.0,0.0,0.0,0.0,0.0,0.0,0.0,0.0,0.0,0.0,0.0,0.0,0.0,0.0,0.0,0.0,0.0,0.0,0.0,0.0,0.0,0.0,0.0,0.0,0.0,0.0,0.0,0.0,0.0,0.0,0.0,0.0,0.0,0.0,0.0,0.0,0.0,0.0,0.0,0.0,0.0,0.0,0.0,0.0,0.0,0.0,0.0,0.0,0.0,0.0,0.0,0.0,0.0,0.0,0.0,0.0,0.0,0.0
M3R,1.0,1.0,1.0,1.0,1.0,1.0,1.0,1.0,1.0,1.0,1.0,1.0,1.0,1.0,1.0,1.0,1.0,1.0,1.0,1.0,0.0,0.0,0.0,0.0,0.0,0.0,0.0,0.0,0.0,0.0,0.0,0.0,0.0,0.0,0.0,0.0,0.0,0.0,0.0,0.0,0.0,0.0,0.0,0.0,0.0,0.0,0.0,0.0,0.0,0.0,0.0,0.0,0.0,0.0,0.0,0.0,0.0,0.0,0.0,0.0,0.0,0.0,0.0,0.0,0.0,0.0,0.0,0.0,0.0,0.0,0.0,0.0,0.0,0.0,0.0,0.0,0.0,0.0,0.0,0.0,0.0,0.0,0.0,0.0,0.0,0.0,0.0,0.0,0.0,0.0,0.0,0.0,0.0,0.0,0.0,0.0,0.0,0.0,0.0,0.0,0.0,0.0,0.0,0.0,0.0,0.0,0.0,0.0,0.0,0.0,0.0,0.0,0.0,0.0,0.0,0.0,0.0,0.0,0.0,0.0,0.5773502588272095,0.5773502588272095,0.0,0.0,0.0,0.0,0.0,0.0,0.0,0.0,0.0,0.0,0.0,0.0,0.0,0.0,0.0,0.0,0.0,0.0,0.0,0.0,0.0,0.0,0.0,0.0,0.0,0.0,0.0,0.0,0.0,0.0,0.0,0.0,0.0,0.0,0.0,0.0,0.0,0.0,0.0,0.0,0.0,0.0,0.0,0.0,0.0,0.0,0.0,0.0,0.0,0.0,0.0,0.0,0.0,0.0,0.0,0.0,0.0,0.0,0.0,0.0,0.0,0.0,0.0,0.0,0.0,0.0,0.0,0.0,0.0,0.0,0.0,0.0,0.0,0.0,0.0,0.0,0.0,0.0,0.0,0.0,0.0,0.0,0.0,0.0,0.0,0.0,0.0,0.0,0.0,0.0,0.0,0.0,0.0,0.0,0.0,0.0,0.0,0.0,0.0,0.0,0.0,0.0,0.0,0.0,0.0,0.0,0.0,0.0,0.0,0.0,0.0,0.0,0.0,0.0,0.0,0.0,0.0,0.0,0.0,0.0,0.0,0.0,0.0,0.0,0.0,0.0,0.0,0.0,0.0,0.0,0.0,0.0,0.0,0.0,0.0,0.0,0.0,0.0,0.0,0.0,0.0,0.0,0.0,0.0,0.0,0.0,0.0,0.0,0.0,0.0,0.0,0.0,0.0,0.0,0.0,0.0,0.0,0.0,0.0,0.0,0.0,0.0,0.0,0.0,0.0,0.0,0.0,0.0,0.0,0.0,0.0,0.0,0.0,0.0,0.0,0.0,0.0,0.0,0.0,0.0
M4,1.0,1.0,1.0,1.0,1.0,1.0,1.0,1.0,1.0,1.0,1.0,1.0,1.0,1.0,1.0,1.0,1.0,1.0,1.0,1.0,0.0,0.0,0.0,0.0,0.0,0.0,0.0,0.0,0.0,0.0,0.0,0.0,0.0,0.0,0.0,0.0,0.0,0.0,0.0,0.0,0.0,0.0,0.0,0.0,0.0,0.0,0.0,0.0,0.0,0.0,0.0,0.0,0.0,0.0,0.0,0.0,0.0,0.0,0.0,0.0,0.0,0.0,0.0,0.0,0.0,0.0,0.0,0.0,0.0,0.0,0.0,0.0,0.0,0.0,0.0,0.0,0.0,0.0,0.0,0.0,0.0,0.0,0.0,0.0,0.0,0.0,0.0,0.0,0.0,0.0,0.0,0.0,0.0,0.0,0.0,0.0,0.0,0.0,0.0,0.0,0.0,0.0,0.0,0.0,0.0,0.0,0.0,0.0,0.0,0.0,0.0,0.0,0.0,0.0,0.0,0.0,0.0,0.0,0.0,0.0,0.5773502588272095,0.5773502588272095,0.0,0.0,0.0,0.0,0.0,0.0,0.0,0.0,0.0,0.0,0.0,0.0,0.0,0.0,0.0,0.0,0.0,0.0,0.0,0.0,0.0,0.0,0.0,0.0,0.0,0.0,0.0,0.0,0.0,0.0,0.0,0.0,0.0,0.0,0.0,0.0,0.0,0.0,0.0,0.0,0.0,0.0,0.0,0.0,0.0,0.0,0.0,0.0,0.0,0.0,0.0,0.0,0.0,0.0,0.0,0.0,0.0,0.0,0.0,0.0,0.0,0.0,0.0,0.0,0.0,0.0,0.0,0.0,0.0,0.0,0.0,0.0,0.0,0.0,0.0,0.0,0.0,0.0,0.0,0.0,0.0,0.0,0.0,0.0,0.0,0.0,0.0,0.0,0.0,0.0,0.0,0.0,0.0,0.0,0.0,0.0,0.0,0.0,0.0,0.0,0.0,0.0,0.0,0.0,0.0,0.0,0.0,0.0,0.0,0.0,0.0,0.0,0.0,0.0,0.0,0.0,0.0,0.0,0.0,0.0,0.0,0.0,0.0,0.0,0.0,0.0,0.0,0.0,0.0,0.0,0.0,0.0,0.0,0.0,0.0,0.0,0.0,0.0,0.0,0.0,0.0,0.0,0.0,0.0,0.0,0.0,0.0,0.0,0.0,0.0,0.0,0.0,0.0,0.0,0.0,0.0,0.0,0.0,0.0,0.0,0.0,0.0,0.0,0.0,0.0,0.0,0.0,0.0,0.0,0.0,0.0,0.0,0.0,0.0,0.0,0.0,0.0,0.0,0.0,0.0
M5,1.0,1.0,1.0,1.0,1.0,1.0,1.0,1.0,1.0,1.0,1.0,1.0,1.0,1.0,1.0,1.0,1.0,1.0,1.0,1.0,0.0,0.0,0.0,0.0,0.0,0.0,0.0,0.0,0.0,0.0,0.0,0.0,0.0,0.0,0.0,0.0,0.0,0.0,0.0,0.0,0.0,0.0,0.0,0.0,0.0,0.0,0.0,0.0,0.0,0.0,0.0,0.0,0.0,0.0,0.0,0.0,0.0,0.0,0.0,0.0,0.0,0.0,0.0,0.0,0.0,0.0,0.0,0.0,0.0,0.0,0.0,0.0,0.0,0.0,0.0,0.0,0.0,0.0,0.0,0.0,0.0,0.0,0.0,0.0,0.0,0.0,0.0,0.0,0.0,0.0,0.0,0.0,0.0,0.0,0.0,0.0,0.0,0.0,0.0,0.0,0.0,0.0,0.0,0.0,0.0,0.0,0.0,0.0,0.0,0.0,0.0,0.0,0.0,0.0,0.0,0.0,0.0,0.0,0.0,0.0,0.5773502588272095,0.5773502588272095,0.0,0.0,0.0,0.0,0.0,0.0,0.0,0.0,0.0,0.0,0.0,0.0,0.0,0.0,0.0,0.0,0.0,0.0,0.0,0.0,0.0,0.0,0.0,0.0,0.0,0.0,0.0,0.0,0.0,0.0,0.0,0.0,0.0,0.0,0.0,0.0,0.0,0.0,0.0,0.0,0.0,0.0,0.0,0.0,0.0,0.0,0.0,0.0,0.0,0.0,0.0,0.0,0.0,0.0,0.0,0.0,0.0,0.0,0.0,0.0,0.0,0.0,0.0,0.0,0.0,0.0,0.0,0.0,0.0,0.0,0.0,0.0,0.0,0.0,0.0,0.0,0.0,0.0,0.0,0.0,0.0,0.0,0.0,0.0,0.0,0.0,0.0,0.0,0.0,0.0,0.0,0.0,0.0,0.0,0.0,0.0,0.0,0.0,0.0,0.0,0.0,0.0,0.0,0.0,0.0,0.0,0.0,0.0,0.0,0.0,0.0,0.0,0.0,0.0,0.0,0.0,0.0,0.0,0.0,0.0,0.0,0.0,0.0,0.0,0.0,0.0,0.0,0.0,0.0,0.0,0.0,0.0,0.0,0.0,0.0,0.0,0.0,0.0,0.0,0.0,0.0,0.0,0.0,0.0,0.0,0.0,0.0,0.0,0.0,0.0,0.0,0.0,0.0,0.0,0.0,0.0,0.0,0.0,0.0,0.0,0.0,0.0,0.0,0.0,0.0,0.0,0.0,0.0,0.0,0.0,0.0,0.0,0.0,0.0,0.0,0.0,0.0,0.0,0.0,0.0
MCL,1.0,1.0,1.0,1.0,1.0,1.0,1.0,1.0,1.0,1.0,1.0,1.0,1.0,1.0,1.0,1.0,1.0,1.0,1.0,1.0,0.0,0.0,0.0,0.0,0.0,0.0,0.0,0.0,0.0,0.0,0.0,0.0,0.0,0.0,0.0,0.0,0.0,0.0,0.0,0.0,0.0,0.0,0.0,0.0,0.0,0.0,0.0,0.0,0.0,0.0,0.0,0.0,0.0,0.0,0.0,0.0,0.0,0.0,0.0,0.0,0.0,0.0,0.0,0.0,0.0,0.0,0.0,0.0,0.0,0.0,0.0,0.0,0.0,0.0,0.0,0.0,0.0,0.0,0.0,0.0,0.0,0.0,0.0,0.0,0.0,0.0,0.0,0.0,0.0,0.0,0.0,0.0,0.0,0.0,0.0,0.0,0.0,0.0,0.0,0.0,0.0,0.0,0.0,0.0,0.0,0.0,0.0,0.0,0.0,0.0,0.0,0.0,0.0,0.0,0.0,0.0,0.0,0.0,0.0,0.0,0.5773502588272095,0.5773502588272095,0.0,0.0,0.0,0.0,0.0,0.0,0.0,0.0,0.0,0.0,0.0,0.0,0.0,0.0,0.0,0.0,0.0,0.0,0.0,0.0,0.0,0.0,0.0,0.0,0.0,0.0,0.0,0.0,0.0,0.0,0.0,0.0,0.0,0.0,0.0,0.0,0.0,0.0,0.0,0.0,0.0,0.0,0.0,0.0,0.0,0.0,0.0,0.0,0.0,0.0,0.0,0.0,0.0,0.0,0.0,0.0,0.0,0.0,0.0,0.0,0.0,0.0,0.0,0.0,0.0,0.0,0.0,0.0,0.0,0.0,0.0,0.0,0.0,0.0,0.0,0.0,0.0,0.0,0.0,0.0,0.0,0.0,0.0,0.0,0.0,0.0,0.0,0.0,0.0,0.0,0.0,0.0,0.0,0.0,0.0,0.0,0.0,0.0,0.0,0.0,0.0,0.0,0.0,0.0,0.0,0.0,0.0,0.0,0.0,0.0,0.0,0.0,0.0,0.0,0.0,0.0,0.0,0.0,0.0,0.0,0.0,0.0,0.0,0.0,0.0,0.0,0.0,0.0,0.0,0.0,0.0,0.0,0.0,0.0,0.0,0.0,0.0,0.0,0.0,0.0,0.0,0.0,0.0,0.0,0.0,0.0,0.0,0.0,0.0,0.0,0.0,0.0,0.0,0.0,0.0,0.0,0.0,0.0,0.0,0.0,0.0,0.0,0.0,0.0,0.0,0.0,0.0,0.0,0.0,0.0,0.0,0.0,0.0,0.0,0.0,0.0,0.0,0.0,0.0,0.0
MCR,1.0,1.0,1.0,1.0,1.0,1.0,1.0,1.0,1.0,1.0,1.0,1.0,1.0,1.0,1.0,1.0,1.0,1.0,1.0,1.0,0.0,0.0,0.0,0.0,0.0,0.0,0.0,0.0,0.0,0.0,0.0,0.0,0.0,0.0,0.0,0.0,0.0,0.0,0.0,0.0,0.0,0.0,0.0,0.0,0.0,0.0,0.0,0.0,0.0,0.0,0.0,0.0,0.0,0.0,0.0,0.0,0.0,0.0,0.0,0.0,0.0,0.0,0.0,0.0,0.0,0.0,0.0,0.0,0.0,0.0,0.0,0.0,0.0,0.0,0.0,0.0,0.0,0.0,0.0,0.0,0.0,0.0,0.0,0.0,0.0,0.0,0.0,0.0,0.0,0.0,0.0,0.0,0.0,0.0,0.0,0.0,0.0,0.0,0.0,0.0,0.0,0.0,0.0,0.0,0.0,0.0,0.0,0.0,0.0,0.0,0.0,0.0,0.0,0.0,0.0,0.0,0.0,0.0,0.0,0.0,0.5773502588272095,0.5773502588272095,0.0,0.0,0.0,0.0,0.0,0.0,0.0,0.0,0.0,0.0,0.0,0.0,0.0,0.0,0.0,0.0,0.0,0.0,0.0,0.0,0.0,0.0,0.0,0.0,0.0,0.0,0.0,0.0,0.0,0.0,0.0,0.0,0.0,0.0,0.0,0.0,0.0,0.0,0.0,0.0,0.0,0.0,0.0,0.0,0.0,0.0,0.0,0.0,0.0,0.0,0.0,0.0,0.0,0.0,0.0,0.0,0.0,0.0,0.0,0.0,0.0,0.0,0.0,0.0,0.0,0.0,0.0,0.0,0.0,0.0,0.0,0.0,0.0,0.0,0.0,0.0,0.0,0.0,0.0,0.0,0.0,0.0,0.0,0.0,0.0,0.0,0.0,0.0,0.0,0.0,0.0,0.0,0.0,0.0,0.0,0.0,0.0,0.0,0.0,0.0,0.0,0.0,0.0,0.0,0.0,0.0,0.0,0.0,0.0,0.0,0.0,0.0,0.0,0.0,0.0,0.0,0.0,0.0,0.0,0.0,0.0,0.0,0.0,0.0,0.0,0.0,0.0,0.0,0.0,0.0,0.0,0.0,0.0,0.0,0.0,0.0,0.0,0.0,0.0,0.0,0.0,0.0,0.0,0.0,0.0,0.0,0.0,0.0,0.0,0.0,0.0,0.0,0.0,0.0,0.0,0.0,0.0,0.0,0.0,0.0,0.0,0.0,0.0,0.0,0.0,0.0,0.0,0.0,0.0,0.0,0.0,0.0,0.0,0.0,0.0,0.0,0.0,0.0,0.0,0.0
MI,1.0,1.0,1.0,1.0,1.0,1.0,1.0,1.0,1.0,1.0,1.0,1.0,1.0,1.0,1.0,1.0,1.0,1.0,1.0,1.0,0.0,0.0,0.0,0.0,0.0,0.0,0.0,0.0,0.0,0.0,0.0,0.0,0.0,0.0,0.0,0.0,0.0,0.0,0.0,0.0,0.0,0.0,0.0,0.0,0.0,0.0,0.0,0.0,0.0,0.0,0.0,0.0,0.0,0.0,0.0,0.0,0.0,0.0,0.0,0.0,0.0,0.0,0.0,0.0,0.0,0.0,0.0,0.0,0.0,0.0,0.0,0.0,0.0,0.0,0.0,0.0,0.0,0.0,0.0,0.0,0.0,0.0,0.0,0.0,0.0,0.0,0.0,0.0,0.0,0.0,0.0,0.0,0.0,0.0,0.0,0.0,0.0,0.0,0.0,0.0,0.0,0.0,0.0,0.0,0.0,0.0,0.0,0.0,0.0,0.0,0.0,0.0,0.0,0.0,0.0,0.0,0.0,0.0,0.0,0.0,0.5773502588272095,0.5773502588272095,0.0,0.0,0.0,0.0,0.0,0.0,0.0,0.0,0.0,0.0,0.0,0.0,0.0,0.0,0.0,0.0,0.0,0.0,0.0,0.0,0.0,0.0,0.0,0.0,0.0,0.0,0.0,0.0,0.0,0.0,0.0,0.0,0.0,0.0,0.0,0.0,0.0,0.0,0.0,0.0,0.0,0.0,0.0,0.0,0.0,0.0,0.0,0.0,0.0,0.0,0.0,0.0,0.0,0.0,0.0,0.0,0.0,0.0,0.0,0.0,0.0,0.0,0.0,0.0,0.0,0.0,0.0,0.0,0.0,0.0,0.0,0.0,0.0,0.0,0.0,0.0,0.0,0.0,0.0,0.0,0.0,0.0,0.0,0.0,0.0,0.0,0.0,0.0,0.0,0.0,0.0,0.0,0.0,0.0,0.0,0.0,0.0,0.0,0.0,0.0,0.0,0.0,0.0,0.0,0.0,0.0,0.0,0.0,0.0,0.0,0.0,0.0,0.0,0.0,0.0,0.0,0.0,0.0,0.0,0.0,0.0,0.0,0.0,0.0,0.0,0.0,0.0,0.0,0.0,0.0,0.0,0.0,0.0,0.0,0.0,0.0,0.0,0.0,0.0,0.0,0.0,0.0,0.0,0.0,0.0,0.0,0.0,0.0,0.0,0.0,0.0,0.0,0.0,0.0,0.0,0.0,0.0,0.0,0.0,0.0,0.0,0.0,0.0,0.0,0.0,0.0,0.0,0.0,0.0,0.0,0.0,0.0,0.0,0.0,0.0,0.0,0.0,0.0,0.0,0.0
NSML,1.0,1.0,1.0,1.0,1.0,1.0,1.0,1.0,1.0,1.0,1.0,1.0,1.0,1.0,1.0,1.0,1.0,1.0,1.0,1.0,0.0,0.0,0.0,0.0,0.0,0.0,0.0,0.0,0.0,0.0,0.0,0.0,0.0,0.0,0.0,0.0,0.0,0.0,0.0,0.0,0.0,0.0,0.0,0.0,0.0,0.0,0.0,0.0,0.0,0.0,0.0,0.0,0.0,0.0,0.0,0.0,0.0,0.0,0.0,0.0,0.0,0.0,0.0,0.0,0.0,0.0,0.0,0.0,0.0,0.0,0.0,0.0,0.0,0.0,0.0,0.0,0.0,0.0,0.0,0.0,0.0,0.0,0.0,0.0,0.0,0.0,0.0,0.0,0.0,0.0,0.0,0.0,0.0,0.0,0.0,0.0,0.0,0.0,0.0,0.0,0.0,0.0,0.0,0.0,0.0,0.0,0.0,0.0,0.0,0.0,0.0,0.0,0.0,0.0,0.0,0.0,0.0,0.0,0.0,0.0,0.5773502588272095,0.5773502588272095,0.0,0.0,0.0,0.0,0.0,0.0,0.0,0.0,0.0,0.0,0.0,0.0,0.0,0.0,0.0,0.0,0.0,0.0,0.0,0.0,0.0,0.0,0.0,0.0,0.0,0.0,0.0,0.0,0.0,0.0,0.0,0.0,0.0,0.0,0.0,0.0,0.0,0.0,0.0,0.0,0.0,0.0,0.0,0.0,0.0,0.0,0.0,0.0,0.0,0.0,0.0,0.0,0.0,0.0,0.0,0.0,0.0,0.0,0.0,0.0,0.0,0.0,0.0,0.0,0.0,0.0,0.0,0.0,0.0,0.0,0.0,0.0,0.0,0.0,0.0,0.0,0.0,0.0,0.0,0.0,0.0,0.0,0.0,0.0,0.0,0.0,0.0,0.0,0.0,0.0,0.0,0.0,0.0,0.0,0.0,0.0,0.0,0.0,0.0,0.0,0.0,0.0,0.0,0.0,0.0,0.0,0.0,0.0,0.0,0.0,0.0,0.0,0.0,0.0,0.0,0.0,0.0,0.0,0.0,0.0,0.0,0.0,0.0,0.0,0.0,0.0,0.0,0.0,0.0,0.0,0.0,0.0,0.0,0.0,0.0,0.0,0.0,0.0,0.0,0.0,0.0,0.0,0.0,0.0,0.0,0.0,0.0,0.0,0.0,0.0,0.0,0.0,0.0,0.0,0.0,0.0,0.0,0.0,0.0,0.0,0.0,0.0,0.0,0.0,0.0,0.0,0.0,0.0,0.0,0.0,0.0,0.0,0.0,0.0,0.0,0.0,0.0,0.0,0.0,0.0
NSMR,1.0,1.0,1.0,1.0,1.0,1.0,1.0,1.0,1.0,1.0,1.0,1.0,1.0,1.0,1.0,1.0,1.0,1.0,1.0,1.0,0.0,0.0,0.0,0.0,0.0,0.0,0.0,0.0,0.0,0.0,0.0,0.0,0.0,0.0,0.0,0.0,0.0,0.0,0.0,0.0,0.0,0.0,0.0,0.0,0.0,0.0,0.0,0.0,0.0,0.0,0.0,0.0,0.0,0.0,0.0,0.0,0.0,0.0,0.0,0.0,0.0,0.0,0.0,0.0,0.0,0.0,0.0,0.0,0.0,0.0,0.0,0.0,0.0,0.0,0.0,0.0,0.0,0.0,0.0,0.0,0.0,0.0,0.0,0.0,0.0,0.0,0.0,0.0,0.0,0.0,0.0,0.0,0.0,0.0,0.0,0.0,0.0,0.0,0.0,0.0,0.0,0.0,0.0,0.0,0.0,0.0,0.0,0.0,0.0,0.0,0.0,0.0,0.0,0.0,0.0,0.0,0.0,0.0,0.0,0.0,0.5773502588272095,0.5773502588272095,0.0,0.0,0.0,0.0,0.0,0.0,0.0,0.0,0.0,0.0,0.0,0.0,0.0,0.0,0.0,0.0,0.0,0.0,0.0,0.0,0.0,0.0,0.0,0.0,0.0,0.0,0.0,0.0,0.0,0.0,0.0,0.0,0.0,0.0,0.0,0.0,0.0,0.0,0.0,0.0,0.0,0.0,0.0,0.0,0.0,0.0,0.0,0.0,0.0,0.0,0.0,0.0,0.0,0.0,0.0,0.0,0.0,0.0,0.0,0.0,0.0,0.0,0.0,0.0,0.0,0.0,0.0,0.0,0.0,0.0,0.0,0.0,0.0,0.0,0.0,0.0,0.0,0.0,0.0,0.0,0.0,0.0,0.0,0.0,0.0,0.0,0.0,0.0,0.0,0.0,0.0,0.0,0.0,0.0,0.0,0.0,0.0,0.0,0.0,0.0,0.0,0.0,0.0,0.0,0.0,0.0,0.0,0.0,0.0,0.0,0.0,0.0,0.0,0.0,0.0,0.0,0.0,0.0,0.0,0.0,0.0,0.0,0.0,0.0,0.0,0.0,0.0,0.0,0.0,0.0,0.0,0.0,0.0,0.0,0.0,0.0,0.0,0.0,0.0,0.0,0.0,0.0,0.0,0.0,0.0,0.0,0.0,0.0,0.0,0.0,0.0,0.0,0.0,0.0,0.0,0.0,0.0,0.0,0.0,0.0,0.0,0.0,0.0,0.0,0.0,0.0,0.0,0.0,0.0,0.0,0.0,0.0,0.0,0.0,0.0,0.0,0.0,0.0,0.0,0.0
ADFL,0.0,0.0,0.0,0.0,0.0,0.0,0.0,0.0,0.0,0.0,0.0,0.0,0.0,0.0,0.0,0.0,0.0,0.0,0.0,0.0,1.0,0.5,0.7071067690849304,0.3535533845424652,1.0,0.5,1.0,0.5,1.0,0.5,1.0,0.5,1.0,0.5,1.0,0.5,1.0,0.5,1.0,0.5,1.0,0.5,1.0,0.5,0.3535533845424652,0.3535533845424652,0.7071067690849304,0.3535533845424652,0.3535533845424652,0.3535533845424652,0.3535533845424652,0.3535533845424652,0.3535533845424652,0.3535533845424652,0.7071067690849304,0.3535533845424652,0.3535533845424652,0.3535533845424652,0.3535533845424652,0.3535533845424652,0.5,0.5,0.5773502588272095,0.0,0.0,0.0,0.3535533845424652,0.3535533845424652,0.6123723983764648,0.40824827551841736,0.75,0.5,0.0,0.0,0.7071067690849304,0.3535533845424652,0.3535533845424652,0.3535533845424652,0.3535533845424652,0.3535533845424652,0.3535533845424652,0.3535533845424652,0.5773502588272095,0.0,0.3535533845424652,0.3535533845424652,0.0,0.0,0.0,0.0,0.0,0.0,0.0,0.0,0.3535533845424652,0.3535533845424652,0.7071067690849304,0.3535533845424652,0.5,1.0,0.5,0.7071067690849304,0.7071067690849304,0.866025447845459,0.5773502588272095,0.7071067690849304,0.7071067690849304,0.866025447845459,0.5773502588272095,0.3535533845424652,0.3535533845424652,0.5,0.5,0.7071067690849304,0.7071067690849304,0.22360679507255554,0.5,0.5,0.0,0.0,0.5773502588272095,0.28867512941360474,0.7071067690849304,0.7071067690849304,0.866025447845459,0.5773502588272095,0.866025447845459,0.5773502588272095,0.7071067690849304,0.7071067690849304,0.7071067690849304,0.7071067690849304,0.5,0.5,0.7071067690849304,0.5773502588272095,0.5773502588272095,0.5,0.5,0.28867512941360474,0.5,0.5,0.5,0.5,0.5,0.5,0.5773502588272095,0.0,0.5,0.5,0.5,0.5,0.5,0.5,0.5,0.3333333432674408,0.5,0.0,0.0,0.75,0.5,0.5,0.5773502588272095,0.5773502588272095,0.75,0.5,0.5773502588272095,0.5773502588272095,0.5773502588272095,0.5773502588272095,0.0,0.0,0.3535533845424652,0.3535533845424652,0.4472135901451111,0.6708203554153442,0.25,0.28867512941360474,0.5773502588272095,0.866025447845459,0.5773502588272095,0.3535533845424652,0.3535533845424652,0.7071067690849304,0.3535533845424652,0.3535533845424652,0.3535533845424652,0.3535533845424652,0.3535533845424652,0.75,0.5,0.75,0.5,0.28867512941360474,0.5773502588272095,0.7071067690849304,0.7071067690849304,0.5,0.5,0.5,0.5,0.3535533845424652,0.5,0.5,0.5773502588272095,0.5,0.5,0.5,0.5,0.5,0.5,0.3535533845424652,0.3535533845424652,0.75,0.5,0.3535533845424652,0.3535533845424652,0.5,0.75,0.3535533845424652,0.3535533845424652,0.3535533845424652,0.3535533845424652,0.25,0.25,0.25,0.28867512941360474,0.0,0.0,0.0,0.0,0.0,0.0,0.25,0.0,0.0,0.0,0.0,0.0,0.0,0.25,0.28867512941360474,0.0,0.0,0.0,0.0,0.0,0.0,0.0,0.0,0.0,0.0,0.25,0.0,0.0,0.0,0.0,0.0,0.28867512941360474,0.28867512941360474,0.28867512941360474,0.3535533845424652,0.0,0.0,0.0,0.0,0.0,0.0,0.0,0.0,0.3535533845424652,0.28867512941360474,0.0,0.0,0.0,0.0,0.0,0.0,0.0,0.0,0.0,0.25,0.25,0.0,0.0,0.0,0.0,0.0,0.0,0.0,0.0,0.0,0.0,0.0,0.5773502588272095,0.5773502588272095,0.3535533845424652,0.3535533845424652,0.0,0.0,0.0,0.0
ADFR,0.0,0.0,0.0,0.0,0.0,0.0,0.0,0.0,0.0,0.0,0.0,0.0,0.0,0.0,0.0,0.0,0.0,0.0,0.0,0.0,0.5,1.0,0.3535533845424652,0.7071067690849304,0.5,1.0,0.5,1.0,0.5,1.0,0.5,1.0,0.5,1.0,0.5,1.0,0.5,1.0,0.5,1.0,0.5,1.0,0.5,1.0,0.3535533845424652,0.3535533845424652,0.3535533845424652,0.7071067690849304,0.3535533845424652,0.3535533845424652,0.3535533845424652,0.3535533845424652,0.3535533845424652,0.3535533845424652,0.3535533845424652,0.7071067690849304,0.3535533845424652,0.3535533845424652,0.3535533845424652,0.3535533845424652,0.5,0.5,0.5773502588272095,0.0,0.0,0.0,0.3535533845424652,0.3535533845424652,0.40824827551841736,0.6123723983764648,0.5,0.75,0.0,0.0,0.3535533845424652,0.7071067690849304,0.3535533845424652,0.3535533845424652,0.3535533845424652,0.3535533845424652,0.3535533845424652,0.3535533845424652,0.5773502588272095,0.0,0.3535533845424652,0.3535533845424652,0.0,0.0,0.0,0.0,0.0,0.0,0.0,0.0,0.3535533845424652,0.3535533845424652,0.3535533845424652,0.7071067690849304,0.5,0.5,1.0,0.7071067690849304,0.7071067690849304,0.5773502588272095,0.866025447845459,0.7071067690849304,0.7071067690849304,0.5773502588272095,0.866025447845459,0.3535533845424652,0.3535533845424652,0.5,0.5,0.7071067690849304,0.7071067690849304,0.22360679507255554,0.5,0.5,0.0,0.0,0.28867512941360474,0.5773502588272095,0.7071067690849304,0.7071067690849304,0.5773502588272095,0.866025447845459,0.5773502588272095,0.866025447845459,0.7071067690849304,0.7071067690849304,0.7071067690849304,0.7071067690849304,0.5,0.5,0.7071067690849304,0.5773502588272095,0.5773502588272095,0.5,0.5,0.28867512941360474,0.5,0.5,0.5,0.5,0.5,0.5,0.5773502588272095,0.0,0.5,0.5,0.5,0.5,0.5,0.5,0.5,0.3333333432674408,0.5,0.0,0.0,0.5,0.5,0.5,0.5773502588272095,0.5773502588272095,0.5,0.75,0.5773502588272095,0.5773502588272095,0.5773502588272095,0.5773502588272095,0.0,0.0,0.3535533845424652,0.3535533845424652,0.6708203554153442,0.4472135901451111,0.5,0.5773502588272095,0.28867512941360474,0.5773502588272095,0.866025447845459,0.3535533845424652,0.3535533845424652,0.3535533845424652,0.7071067690849304,0.3535533845424652,0.3535533845424652,0.3535533845424652,0.3535533845424652,0.5,0.75,0.5,0.75,0.5773502588272095,0.28867512941360474,0.7071067690849304,0.7071067690849304,0.5,0.5,0.5,0.5,0.3535533845424652,0.5,0.5,0.5773502588272095,0.5,0.5,0.5,0.5,0.5,0.5,0.3535533845424652,0.3535533845424652,0.5,0.75,0.3535533845424652,0.3535533845424652,0.75,0.5,0.3535533845424652,0.3535533845424652,0.3535533845424652,0.3535533845424652,0.25,0.25,0.25,0.28867512941360474,0.0,0.0,0.0,0.0,0.0,0.0,0.25,0.0,0.0,0.0,0.0,0.0,0.0,0.25,0.28867512941360474,0.0,0.0,0.0,0.0,0.0,0.0,0.0,0.0,0.0,0.0,0.25,0.0,0.0,0.0,0.0,0.0,0.28867512941360474,0.28867512941360474,0.28867512941360474,0.3535533845424652,0.0,0.0,0.0,0.0,0.0,0.0,0.0,0.0,0.3535533845424652,0.28867512941360474,0.0,0.0,0.0,0.0,0.0,0.0,0.0,0.0,0.0,0.25,0.25,0.0,0.0,0.0,0.0,0.0,0.0,0.0,0.0,0.0,0.0,0.0,0.5773502588272095,0.5773502588272095,0.3535533845424652,0.3535533845424652,0.0,0.0,0.0,0.0
ADLL,0.0,0.0,0.0,0.0,0.0,0.0,0.0,0.0,0.0,0.0,0.0,0.0,0.0,0.0,0.0,0.0,0.0,0.0,0.0,0.0,0.7071067690849304,0.3535533845424652,1.0,0.5000000596046448,0.7071067690849304,0.3535533845424652,0.7071067690849304,0.3535533845424652,0.7071067690849304,0.3535533845424652,0.7071067690849304,0.3535533845424652,0.7071067690849304,0.3535533845424652,0.7071067690849304,0.3535533845424652,0.7071067690849304,0.3535533845424652,0.7071067690849304,0.3535533845424652,0.7071067690849304,0.3535533845424652,0.7071067690849304,0.3535533845424652,0.5000000596046448,0.5000000596046448,1.0000001192092896,0.5000000596046448,0.5000000596046448,0.5000000596046448,0.5000000596046448,0.5000000596046448,0.5000000596046448,0.5000000596046448,1.0000001192092896,0.5000000596046448,0.5000000596046448,0.5000000596046448,0.5000000596046448,0.5000000596046448,0.7071067690849304,0.7071067690849304,0.40824830532073975,0.0,0.0,0.0,0.5000000596046448,0.5000000596046448,0.28867512941360474,0.28867512941360474,0.7071067690849304,0.3535533845424652,0.0,0.0,1.0000001192092896,0.5000000596046448,0.5000000596046448,0.5000000596046448,0.5000000596046448,0.5000000596046448,0.5000000596046448,0.5000000596046448,0.40824830532073975,0.0,0.5000000596046448,0.5000000596046448,0.0,0.0,0.0,0.0,0.0,0.0,0.0,0.0,0.5000000596046448,0.5000000596046448,1.0000001192092896,0.5000000596046448,0.3535533845424652,0.7071067690849304,0.3535533845424652,0.5000000596046448,0.5000000596046448,0.40824830532073975,0.40824830532073975,0.5000000596046448,0.5000000596046448,0.40824830532073975,0.40824830532073975,0.5000000596046448,0.5000000596046448,0.7071067690849304,0.7071067690849304,0.5000000596046448,0.5000000596046448,0.3162277638912201,0.3535533845424652,0.3535533845424652,0.0,0.0,0.8164966106414795,0.40824830532073975,0.5000000596046448,0.5000000596046448,0.40824830532073975,0.40824830532073975,0.40824830532073975,0.40824830532073975,0.5000000596046448,0.5000000596046448,0.5000000596046448,0.5000000596046448,0.7071067690849304,0.7071067690849304,0.5000000596046448,0.40824830532073975,0.40824830532073975,0.3535533845424652,0.3535533845424652,0.0,0.3535533845424652,0.3535533845424652,0.3535533845424652,0.3535533845424652,0.3535533845424652,0.3535533845424652,0.40824830532073975,0.0,0.3535533845424652,0.3535533845424652,0.3535533845424652,0.3535533845424652,0.3535533845424652,0.3535533845424652,0.3535533845424652,0.2357022762298584,0.3535533845424652,0.0,0.0,0.3535533845424652,0.3535533845424652,0.3535533845424652,0.40824830532073975,0.40824830532073975,0.3535533845424652,0.3535533845424652,0.40824830532073975,0.40824830532073975,0.40824830532073975,0.40824830532073975,0.0,0.0,0.5000000596046448,0.5000000596046448,0.3162277638912201,0.3162277638912201,0.0,0.0,0.0,0.40824830532073975,0.40824830532073975,0.5000000596046448,0.5000000596046448,1.0000001192092896,0.5000000596046448,0.5000000596046448,0.5000000596046448,0.5000000596046448,0.5000000596046448,0.3535533845424652,0.3535533845424652,0.3535533845424652,0.3535533845424652,0.40824830532073975,0.40824830532073975,0.5000000596046448,0.5000000596046448,0.7071067690849304,0.7071067690849304,0.7071067690849304,0.7071067690849304,0.5000000596046448,0.7071067690849304,0.7071067690849304,0.40824830532073975,0.7071067690849304,0.7071067690849304,0.7071067690849304,0.7071067690849304,0.7071067690849304,0.7071067690849304,0.5000000596046448,0.5000000596046448,0.3535533845424652,0.3535533845424652,0.5000000596046448,0.5000000596046448,0.3535533845424652,0.3535533845424652,0.5000000596046448,0.5000000596046448,0.5000000596046448,0.5000000596046448,0.0,0.0,0.0,0.0,0.0,0.0,0.0,0.0,0.0,0.0,0.0,0.0,0.0,0.0,0.0,0.0,0.0,0.0,0.0,0.0,0.0,0.0,0.0,0.0,0.0,0.0,0.0,0.0,0.0,0.0,0.0,0.0,0.0,0.0,0.0,0.0,0.0,0.0,0.0,0.0,0.0,0.0,0.0,0.0,0.0,0.0,0.0,0.0,0.0,0.0,0.0,0.0,0.0,0.0,0.0,0.0,0.0,0.0,0.0,0.0,0.0,0.0,0.0,0.0,0.0,0.0,0.0,0.0,0.0,0.0,0.0,0.40824830532073975,0.40824830532073975,0.0,0.0,0.0,0.0,0.0,0.0
ADLR,0.0,0.0,0.0,0.0,0.0,0.0,0.0,0.0,0.0,0.0,0.0,0.0,0.0,0.0,0.0,0.0,0.0,0.0,0.0,0.0,0.3535533845424652,0.7071067690849304,0.5000000596046448,1.0,0.3535533845424652,0.7071067690849304,0.3535533845424652,0.7071067690849304,0.3535533845424652,0.7071067690849304,0.3535533845424652,0.7071067690849304,0.3535533845424652,0.7071067690849304,0.3535533845424652,0.7071067690849304,0.3535533845424652,0.7071067690849304,0.3535533845424652,0.7071067690849304,0.3535533845424652,0.7071067690849304,0.3535533845424652,0.7071067690849304,0.5000000596046448,0.5000000596046448,0.5000000596046448,1.0000001192092896,0.5000000596046448,0.5000000596046448,0.5000000596046448,0.5000000596046448,0.5000000596046448,0.5000000596046448,0.5000000596046448,1.0000001192092896,0.5000000596046448,0.5000000596046448,0.5000000596046448,0.5000000596046448,0.7071067690849304,0.7071067690849304,0.40824830532073975,0.0,0.0,0.0,0.5000000596046448,0.5000000596046448,0.28867512941360474,0.28867512941360474,0.3535533845424652,0.7071067690849304,0.0,0.0,0.5000000596046448,1.0000001192092896,0.5000000596046448,0.5000000596046448,0.5000000596046448,0.5000000596046448,0.5000000596046448,0.5000000596046448,0.40824830532073975,0.0,0.5000000596046448,0.5000000596046448,0.0,0.0,0.0,0.0,0.0,0.0,0.0,0.0,0.5000000596046448,0.5000000596046448,0.5000000596046448,1.0000001192092896,0.3535533845424652,0.3535533845424652,0.7071067690849304,0.5000000596046448,0.5000000596046448,0.40824830532073975,0.40824830532073975,0.5000000596046448,0.5000000596046448,0.40824830532073975,0.40824830532073975,0.5000000596046448,0.5000000596046448,0.7071067690849304,0.7071067690849304,0.5000000596046448,0.5000000596046448,0.3162277638912201,0.3535533845424652,0.3535533845424652,0.0,0.0,0.40824830532073975,0.8164966106414795,0.5000000596046448,0.5000000596046448,0.40824830532073975,0.40824830532073975,0.40824830532073975,0.40824830532073975,0.5000000596046448,0.5000000596046448,0.5000000596046448,0.5000000596046448,0.7071067690849304,0.7071067690849304,0.5000000596046448,0.40824830532073975,0.40824830532073975,0.3535533845424652,0.3535533845424652,0.0,0.3535533845424652,0.3535533845424652,0.3535533845424652,0.3535533845424652,0.3535533845424652,0.3535533845424652,0.40824830532073975,0.0,0.3535533845424652,0.3535533845424652,0.3535533845424652,0.3535533845424652,0.3535533845424652,0.3535533845424652,0.3535533845424652,0.2357022762298584,0.3535533845424652,0.0,0.0,0.3535533845424652,0.3535533845424652,0.3535533845424652,0.40824830532073975,0.40824830532073975,0.3535533845424652,0.3535533845424652,0.40824830532073975,0.40824830532073975,0.40824830532073975,0.40824830532073975,0.0,0.0,0.5000000596046448,0.5000000596046448,0.3162277638912201,0.3162277638912201,0.0,0.0,0.0,0.40824830532073975,0.40824830532073975,0.5000000596046448,0.5000000596046448,0.5000000596046448,1.0000001192092896,0.5000000596046448,0.5000000596046448,0.5000000596046448,0.5000000596046448,0.3535533845424652,0.3535533845424652,0.3535533845424652,0.3535533845424652,0.40824830532073975,0.40824830532073975,0.5000000596046448,0.5000000596046448,0.7071067690849304,0.7071067690849304,0.7071067690849304,0.7071067690849304,0.5000000596046448,0.7071067690849304,0.7071067690849304,0.40824830532073975,0.7071067690849304,0.7071067690849304,0.7071067690849304,0.7071067690849304,0.7071067690849304,0.7071067690849304,0.5000000596046448,0.5000000596046448,0.3535533845424652,0.3535533845424652,0.5000000596046448,0.5000000596046448,0.3535533845424652,0.3535533845424652,0.5000000596046448,0.5000000596046448,0.5000000596046448,0.5000000596046448,0.0,0.0,0.0,0.0,0.0,0.0,0.0,0.0,0.0,0.0,0.0,0.0,0.0,0.0,0.0,0.0,0.0,0.0,0.0,0.0,0.0,0.0,0.0,0.0,0.0,0.0,0.0,0.0,0.0,0.0,0.0,0.0,0.0,0.0,0.0,0.0,0.0,0.0,0.0,0.0,0.0,0.0,0.0,0.0,0.0,0.0,0.0,0.0,0.0,0.0,0.0,0.0,0.0,0.0,0.0,0.0,0.0,0.0,0.0,0.0,0.0,0.0,0.0,0.0,0.0,0.0,0.0,0.0,0.0,0.0,0.0,0.40824830532073975,0.40824830532073975,0.0,0.0,0.0,0.0,0.0,0.0
ASEL,0.0,0.0,0.0,0.0,0.0,0.0,0.0,0.0,0.0,0.0,0.0,0.0,0.0,0.0,0.0,0.0,0.0,0.0,0.0,0.0,1.0,0.5,0.7071067690849304,0.3535533845424652,1.0,0.5,1.0,0.5,1.0,0.5,1.0,0.5,1.0,0.5,1.0,0.5,1.0,0.5,1.0,0.5,1.0,0.5,1.0,0.5,0.3535533845424652,0.3535533845424652,0.7071067690849304,0.3535533845424652,0.3535533845424652,0.3535533845424652,0.3535533845424652,0.3535533845424652,0.3535533845424652,0.3535533845424652,0.7071067690849304,0.3535533845424652,0.3535533845424652,0.3535533845424652,0.3535533845424652,0.3535533845424652,0.5,0.5,0.5773502588272095,0.0,0.0,0.0,0.3535533845424652,0.3535533845424652,0.6123723983764648,0.40824827551841736,0.75,0.5,0.0,0.0,0.7071067690849304,0.3535533845424652,0.3535533845424652,0.3535533845424652,0.3535533845424652,0.3535533845424652,0.3535533845424652,0.3535533845424652,0.5773502588272095,0.0,0.3535533845424652,0.3535533845424652,0.0,0.0,0.0,0.0,0.0,0.0,0.0,0.0,0.3535533845424652,0.3535533845424652,0.7071067690849304,0.3535533845424652,0.5,1.0,0.5,0.7071067690849304,0.7071067690849304,0.866025447845459,0.5773502588272095,0.7071067690849304,0.7071067690849304,0.866025447845459,0.5773502588272095,0.3535533845424652,0.3535533845424652,0.5,0.5,0.7071067690849304,0.7071067690849304,0.22360679507255554,0.5,0.5,0.0,0.0,0.5773502588272095,0.28867512941360474,0.7071067690849304,0.7071067690849304,0.866025447845459,0.5773502588272095,0.866025447845459,0.5773502588272095,0.7071067690849304,0.7071067690849304,0.7071067690849304,0.7071067690849304,0.5,0.5,0.7071067690849304,0.5773502588272095,0.5773502588272095,0.5,0.5,0.28867512941360474,0.5,0.5,0.5,0.5,0.5,0.5,0.5773502588272095,0.0,0.5,0.5,0.5,0.5,0.5,0.5,0.5,0.3333333432674408,0.5,0.0,0.0,0.75,0.5,0.5,0.5773502588272095,0.5773502588272095,0.75,0.5,0.5773502588272095,0.5773502588272095,0.5773502588272095,0.5773502588272095,0.0,0.0,0.3535533845424652,0.3535533845424652,0.4472135901451111,0.6708203554153442,0.25,0.28867512941360474,0.5773502588272095,0.866025447845459,0.5773502588272095,0.3535533845424652,0.3535533845424652,0.7071067690849304,0.3535533845424652,0.3535533845424652,0.3535533845424652,0.3535533845424652,0.3535533845424652,0.75,0.5,0.75,0.5,0.28867512941360474,0.5773502588272095,0.7071067690849304,0.7071067690849304,0.5,0.5,0.5,0.5,0.3535533845424652,0.5,0.5,0.5773502588272095,0.5,0.5,0.5,0.5,0.5,0.5,0.3535533845424652,0.3535533845424652,0.75,0.5,0.3535533845424652,0.3535533845424652,0.5,0.75,0.3535533845424652,0.3535533845424652,0.3535533845424652,0.3535533845424652,0.25,0.25,0.25,0.28867512941360474,0.0,0.0,0.0,0.0,0.0,0.0,0.25,0.0,0.0,0.0,0.0,0.0,0.0,0.25,0.28867512941360474,0.0,0.0,0.0,0.0,0.0,0.0,0.0,0.0,0.0,0.0,0.25,0.0,0.0,0.0,0.0,0.0,0.28867512941360474,0.28867512941360474,0.28867512941360474,0.3535533845424652,0.0,0.0,0.0,0.0,0.0,0.0,0.0,0.0,0.3535533845424652,0.28867512941360474,0.0,0.0,0.0,0.0,0.0,0.0,0.0,0.0,0.0,0.25,0.25,0.0,0.0,0.0,0.0,0.0,0.0,0.0,0.0,0.0,0.0,0.0,0.5773502588272095,0.5773502588272095,0.3535533845424652,0.3535533845424652,0.0,0.0,0.0,0.0
ASER,0.0,0.0,0.0,0.0,0.0,0.0,0.0,0.0,0.0,0.0,0.0,0.0,0.0,0.0,0.0,0.0,0.0,0.0,0.0,0.0,0.5,1.0,0.3535533845424652,0.7071067690849304,0.5,1.0,0.5,1.0,0.5,1.0,0.5,1.0,0.5,1.0,0.5,1.0,0.5,1.0,0.5,1.0,0.5,1.0,0.5,1.0,0.3535533845424652,0.3535533845424652,0.3535533845424652,0.7071067690849304,0.3535533845424652,0.3535533845424652,0.3535533845424652,0.3535533845424652,0.3535533845424652,0.3535533845424652,0.3535533845424652,0.7071067690849304,0.3535533845424652,0.3535533845424652,0.3535533845424652,0.3535533845424652,0.5,0.5,0.5773502588272095,0.0,0.0,0.0,0.3535533845424652,0.3535533845424652,0.40824827551841736,0.6123723983764648,0.5,0.75,0.0,0.0,0.3535533845424652,0.7071067690849304,0.3535533845424652,0.3535533845424652,0.3535533845424652,0.3535533845424652,0.3535533845424652,0.3535533845424652,0.5773502588272095,0.0,0.3535533845424652,0.3535533845424652,0.0,0.0,0.0,0.0,0.0,0.0,0.0,0.0,0.3535533845424652,0.3535533845424652,0.3535533845424652,0.7071067690849304,0.5,0.5,1.0,0.7071067690849304,0.7071067690849304,0.5773502588272095,0.866025447845459,0.7071067690849304,0.7071067690849304,0.5773502588272095,0.866025447845459,0.3535533845424652,0.3535533845424652,0.5,0.5,0.7071067690849304,0.7071067690849304,0.22360679507255554,0.5,0.5,0.0,0.0,0.28867512941360474,0.5773502588272095,0.7071067690849304,0.7071067690849304,0.5773502588272095,0.866025447845459,0.5773502588272095,0.866025447845459,0.7071067690849304,0.7071067690849304,0.7071067690849304,0.7071067690849304,0.5,0.5,0.7071067690849304,0.5773502588272095,0.5773502588272095,0.5,0.5,0.28867512941360474,0.5,0.5,0.5,0.5,0.5,0.5,0.5773502588272095,0.0,0.5,0.5,0.5,0.5,0.5,0.5,0.5,0.3333333432674408,0.5,0.0,0.0,0.5,0.5,0.5,0.5773502588272095,0.5773502588272095,0.5,0.75,0.5773502588272095,0.5773502588272095,0.5773502588272095,0.5773502588272095,0.0,0.0,0.3535533845424652,0.3535533845424652,0.6708203554153442,0.4472135901451111,0.5,0.5773502588272095,0.28867512941360474,0.5773502588272095,0.866025447845459,0.3535533845424652,0.3535533845424652,0.3535533845424652,0.7071067690849304,0.3535533845424652,0.3535533845424652,0.3535533845424652,0.3535533845424652,0.5,0.75,0.5,0.75,0.5773502588272095,0.28867512941360474,0.7071067690849304,0.7071067690849304,0.5,0.5,0.5,0.5,0.3535533845424652,0.5,0.5,0.5773502588272095,0.5,0.5,0.5,0.5,0.5,0.5,0.3535533845424652,0.3535533845424652,0.5,0.75,0.3535533845424652,0.3535533845424652,0.75,0.5,0.3535533845424652,0.3535533845424652,0.3535533845424652,0.3535533845424652,0.25,0.25,0.25,0.28867512941360474,0.0,0.0,0.0,0.0,0.0,0.0,0.25,0.0,0.0,0.0,0.0,0.0,0.0,0.25,0.28867512941360474,0.0,0.0,0.0,0.0,0.0,0.0,0.0,0.0,0.0,0.0,0.25,0.0,0.0,0.0,0.0,0.0,0.28867512941360474,0.28867512941360474,0.28867512941360474,0.3535533845424652,0.0,0.0,0.0,0.0,0.0,0.0,0.0,0.0,0.3535533845424652,0.28867512941360474,0.0,0.0,0.0,0.0,0.0,0.0,0.0,0.0,0.0,0.25,0.25,0.0,0.0,0.0,0.0,0.0,0.0,0.0,0.0,0.0,0.0,0.0,0.5773502588272095,0.5773502588272095,0.3535533845424652,0.3535533845424652,0.0,0.0,0.0,0.0
ASGL,0.0,0.0,0.0,0.0,0.0,0.0,0.0,0.0,0.0,0.0,0.0,0.0,0.0,0.0,0.0,0.0,0.0,0.0,0.0,0.0,1.0,0.5,0.7071067690849304,0.3535533845424652,1.0,0.5,1.0,0.5,1.0,0.5,1.0,0.5,1.0,0.5,1.0,0.5,1.0,0.5,1.0,0.5,1.0,0.5,1.0,0.5,0.3535533845424652,0.3535533845424652,0.7071067690849304,0.3535533845424652,0.3535533845424652,0.3535533845424652,0.3535533845424652,0.3535533845424652,0.3535533845424652,0.3535533845424652,0.7071067690849304,0.3535533845424652,0.3535533845424652,0.3535533845424652,0.3535533845424652,0.3535533845424652,0.5,0.5,0.5773502588272095,0.0,0.0,0.0,0.3535533845424652,0.3535533845424652,0.6123723983764648,0.40824827551841736,0.75,0.5,0.0,0.0,0.7071067690849304,0.3535533845424652,0.3535533845424652,0.3535533845424652,0.3535533845424652,0.3535533845424652,0.3535533845424652,0.3535533845424652,0.5773502588272095,0.0,0.3535533845424652,0.3535533845424652,0.0,0.0,0.0,0.0,0.0,0.0,0.0,0.0,0.3535533845424652,0.3535533845424652,0.7071067690849304,0.3535533845424652,0.5,1.0,0.5,0.7071067690849304,0.7071067690849304,0.866025447845459,0.5773502588272095,0.7071067690849304,0.7071067690849304,0.866025447845459,0.5773502588272095,0.3535533845424652,0.3535533845424652,0.5,0.5,0.7071067690849304,0.7071067690849304,0.22360679507255554,0.5,0.5,0.0,0.0,0.5773502588272095,0.28867512941360474,0.7071067690849304,0.7071067690849304,0.866025447845459,0.5773502588272095,0.866025447845459,0.5773502588272095,0.7071067690849304,0.7071067690849304,0.7071067690849304,0.7071067690849304,0.5,0.5,0.7071067690849304,0.5773502588272095,0.5773502588272095,0.5,0.5,0.28867512941360474,0.5,0.5,0.5,0.5,0.5,0.5,0.5773502588272095,0.0,0.5,0.5,0.5,0.5,0.5,0.5,0.5,0.3333333432674408,0.5,0.0,0.0,0.75,0.5,0.5,0.5773502588272095,0.5773502588272095,0.75,0.5,0.5773502588272095,0.5773502588272095,0.5773502588272095,0.5773502588272095,0.0,0.0,0.3535533845424652,0.3535533845424652,0.4472135901451111,0.6708203554153442,0.25,0.28867512941360474,0.5773502588272095,0.866025447845459,0.5773502588272095,0.3535533845424652,0.3535533845424652,0.7071067690849304,0.3535533845424652,0.3535533845424652,0.3535533845424652,0.3535533845424652,0.3535533845424652,0.75,0.5,0.75,0.5,0.28867512941360474,0.5773502588272095,0.7071067690849304,0.7071067690849304,0.5,0.5,0.5,0.5,0.3535533845424652,0.5,0.5,0.5773502588272095,0.5,0.5,0.5,0.5,0.5,0.5,0.3535533845424652,0.3535533845424652,0.75,0.5,0.3535533845424652,0.3535533845424652,0.5,0.75,0.3535533845424652,0.3535533845424652,0.3535533845424652,0.3535533845424652,0.25,0.25,0.25,0.28867512941360474,0.0,0.0,0.0,0.0,0.0,0.0,0.25,0.0,0.0,0.0,0.0,0.0,0.0,0.25,0.28867512941360474,0.0,0.0,0.0,0.0,0.0,0.0,0.0,0.0,0.0,0.0,0.25,0.0,0.0,0.0,0.0,0.0,0.28867512941360474,0.28867512941360474,0.28867512941360474,0.3535533845424652,0.0,0.0,0.0,0.0,0.0,0.0,0.0,0.0,0.3535533845424652,0.28867512941360474,0.0,0.0,0.0,0.0,0.0,0.0,0.0,0.0,0.0,0.25,0.25,0.0,0.0,0.0,0.0,0.0,0.0,0.0,0.0,0.0,0.0,0.0,0.5773502588272095,0.5773502588272095,0.3535533845424652,0.3535533845424652,0.0,0.0,0.0,0.0
ASGR,0.0,0.0,0.0,0.0,0.0,0.0,0.0,0.0,0.0,0.0,0.0,0.0,0.0,0.0,0.0,0.0,0.0,0.0,0.0,0.0,0.5,1.0,0.3535533845424652,0.7071067690849304,0.5,1.0,0.5,1.0,0.5,1.0,0.5,1.0,0.5,1.0,0.5,1.0,0.5,1.0,0.5,1.0,0.5,1.0,0.5,1.0,0.3535533845424652,0.3535533845424652,0.3535533845424652,0.7071067690849304,0.3535533845424652,0.3535533845424652,0.3535533845424652,0.3535533845424652,0.3535533845424652,0.3535533845424652,0.3535533845424652,0.7071067690849304,0.3535533845424652,0.3535533845424652,0.3535533845424652,0.3535533845424652,0.5,0.5,0.5773502588272095,0.0,0.0,0.0,0.3535533845424652,0.3535533845424652,0.40824827551841736,0.6123723983764648,0.5,0.75,0.0,0.0,0.3535533845424652,0.7071067690849304,0.3535533845424652,0.3535533845424652,0.3535533845424652,0.3535533845424652,0.3535533845424652,0.3535533845424652,0.5773502588272095,0.0,0.3535533845424652,0.3535533845424652,0.0,0.0,0.0,0.0,0.0,0.0,0.0,0.0,0.3535533845424652,0.3535533845424652,0.3535533845424652,0.7071067690849304,0.5,0.5,1.0,0.7071067690849304,0.7071067690849304,0.5773502588272095,0.866025447845459,0.7071067690849304,0.7071067690849304,0.5773502588272095,0.866025447845459,0.3535533845424652,0.3535533845424652,0.5,0.5,0.7071067690849304,0.7071067690849304,0.22360679507255554,0.5,0.5,0.0,0.0,0.28867512941360474,0.5773502588272095,0.7071067690849304,0.7071067690849304,0.5773502588272095,0.866025447845459,0.5773502588272095,0.866025447845459,0.7071067690849304,0.7071067690849304,0.7071067690849304,0.7071067690849304,0.5,0.5,0.7071067690849304,0.5773502588272095,0.5773502588272095,0.5,0.5,0.28867512941360474,0.5,0.5,0.5,0.5,0.5,0.5,0.5773502588272095,0.0,0.5,0.5,0.5,0.5,0.5,0.5,0.5,0.3333333432674408,0.5,0.0,0.0,0.5,0.5,0.5,0.5773502588272095,0.5773502588272095,0.5,0.75,0.5773502588272095,0.5773502588272095,0.5773502588272095,0.5773502588272095,0.0,0.0,0.3535533845424652,0.3535533845424652,0.6708203554153442,0.4472135901451111,0.5,0.5773502588272095,0.28867512941360474,0.5773502588272095,0.866025447845459,0.3535533845424652,0.3535533845424652,0.3535533845424652,0.7071067690849304,0.3535533845424652,0.3535533845424652,0.3535533845424652,0.3535533845424652,0.5,0.75,0.5,0.75,0.5773502588272095,0.28867512941360474,0.7071067690849304,0.7071067690849304,0.5,0.5,0.5,0.5,0.3535533845424652,0.5,0.5,0.5773502588272095,0.5,0.5,0.5,0.5,0.5,0.5,0.3535533845424652,0.3535533845424652,0.5,0.75,0.3535533845424652,0.3535533845424652,0.75,0.5,0.3535533845424652,0.3535533845424652,0.3535533845424652,0.3535533845424652,0.25,0.25,0.25,0.28867512941360474,0.0,0.0,0.0,0.0,0.0,0.0,0.25,0.0,0.0,0.0,0.0,0.0,0.0,0.25,0.28867512941360474,0.0,0.0,0.0,0.0,0.0,0.0,0.0,0.0,0.0,0.0,0.25,0.0,0.0,0.0,0.0,0.0,0.28867512941360474,0.28867512941360474,0.28867512941360474,0.3535533845424652,0.0,0.0,0.0,0.0,0.0,0.0,0.0,0.0,0.3535533845424652,0.28867512941360474,0.0,0.0,0.0,0.0,0.0,0.0,0.0,0.0,0.0,0.25,0.25,0.0,0.0,0.0,0.0,0.0,0.0,0.0,0.0,0.0,0.0,0.0,0.5773502588272095,0.5773502588272095,0.3535533845424652,0.3535533845424652,0.0,0.0,0.0,0.0
ASHL,0.0,0.0,0.0,0.0,0.0,0.0,0.0,0.0,0.0,0.0,0.0,0.0,0.0,0.0,0.0,0.0,0.0,0.0,0.0,0.0,1.0,0.5,0.7071067690849304,0.3535533845424652,1.0,0.5,1.0,0.5,1.0,0.5,1.0,0.5,1.0,0.5,1.0,0.5,1.0,0.5,1.0,0.5,1.0,0.5,1.0,0.5,0.3535533845424652,0.3535533845424652,0.7071067690849304,0.3535533845424652,0.3535533845424652,0.3535533845424652,0.3535533845424652,0.3535533845424652,0.3535533845424652,0.3535533845424652,0.7071067690849304,0.3535533845424652,0.3535533845424652,0.3535533845424652,0.3535533845424652,0.3535533845424652,0.5,0.5,0.5773502588272095,0.0,0.0,0.0,0.3535533845424652,0.3535533845424652,0.6123723983764648,0.40824827551841736,0.75,0.5,0.0,0.0,0.7071067690849304,0.3535533845424652,0.3535533845424652,0.3535533845424652,0.3535533845424652,0.3535533845424652,0.3535533845424652,0.3535533845424652,0.5773502588272095,0.0,0.3535533845424652,0.3535533845424652,0.0,0.0,0.0,0.0,0.0,0.0,0.0,0.0,0.3535533845424652,0.3535533845424652,0.7071067690849304,0.3535533845424652,0.5,1.0,0.5,0.7071067690849304,0.7071067690849304,0.866025447845459,0.5773502588272095,0.7071067690849304,0.7071067690849304,0.866025447845459,0.5773502588272095,0.3535533845424652,0.3535533845424652,0.5,0.5,0.7071067690849304,0.7071067690849304,0.22360679507255554,0.5,0.5,0.0,0.0,0.5773502588272095,0.28867512941360474,0.7071067690849304,0.7071067690849304,0.866025447845459,0.5773502588272095,0.866025447845459,0.5773502588272095,0.7071067690849304,0.7071067690849304,0.7071067690849304,0.7071067690849304,0.5,0.5,0.7071067690849304,0.5773502588272095,0.5773502588272095,0.5,0.5,0.28867512941360474,0.5,0.5,0.5,0.5,0.5,0.5,0.5773502588272095,0.0,0.5,0.5,0.5,0.5,0.5,0.5,0.5,0.3333333432674408,0.5,0.0,0.0,0.75,0.5,0.5,0.5773502588272095,0.5773502588272095,0.75,0.5,0.5773502588272095,0.5773502588272095,0.5773502588272095,0.5773502588272095,0.0,0.0,0.3535533845424652,0.3535533845424652,0.4472135901451111,0.6708203554153442,0.25,0.28867512941360474,0.5773502588272095,0.866025447845459,0.5773502588272095,0.3535533845424652,0.3535533845424652,0.7071067690849304,0.3535533845424652,0.3535533845424652,0.3535533845424652,0.3535533845424652,0.3535533845424652,0.75,0.5,0.75,0.5,0.28867512941360474,0.5773502588272095,0.7071067690849304,0.7071067690849304,0.5,0.5,0.5,0.5,0.3535533845424652,0.5,0.5,0.5773502588272095,0.5,0.5,0.5,0.5,0.5,0.5,0.3535533845424652,0.3535533845424652,0.75,0.5,0.3535533845424652,0.3535533845424652,0.5,0.75,0.3535533845424652,0.3535533845424652,0.3535533845424652,0.3535533845424652,0.25,0.25,0.25,0.28867512941360474,0.0,0.0,0.0,0.0,0.0,0.0,0.25,0.0,0.0,0.0,0.0,0.0,0.0,0.25,0.28867512941360474,0.0,0.0,0.0,0.0,0.0,0.0,0.0,0.0,0.0,0.0,0.25,0.0,0.0,0.0,0.0,0.0,0.28867512941360474,0.28867512941360474,0.28867512941360474,0.3535533845424652,0.0,0.0,0.0,0.0,0.0,0.0,0.0,0.0,0.3535533845424652,0.28867512941360474,0.0,0.0,0.0,0.0,0.0,0.0,0.0,0.0,0.0,0.25,0.25,0.0,0.0,0.0,0.0,0.0,0.0,0.0,0.0,0.0,0.0,0.0,0.5773502588272095,0.5773502588272095,0.3535533845424652,0.3535533845424652,0.0,0.0,0.0,0.0
ASHR,0.0,0.0,0.0,0.0,0.0,0.0,0.0,0.0,0.0,0.0,0.0,0.0,0.0,0.0,0.0,0.0,0.0,0.0,0.0,0.0,0.5,1.0,0.3535533845424652,0.7071067690849304,0.5,1.0,0.5,1.0,0.5,1.0,0.5,1.0,0.5,1.0,0.5,1.0,0.5,1.0,0.5,1.0,0.5,1.0,0.5,1.0,0.3535533845424652,0.3535533845424652,0.3535533845424652,0.7071067690849304,0.3535533845424652,0.3535533845424652,0.3535533845424652,0.3535533845424652,0.3535533845424652,0.3535533845424652,0.3535533845424652,0.7071067690849304,0.3535533845424652,0.3535533845424652,0.3535533845424652,0.3535533845424652,0.5,0.5,0.5773502588272095,0.0,0.0,0.0,0.3535533845424652,0.3535533845424652,0.40824827551841736,0.6123723983764648,0.5,0.75,0.0,0.0,0.3535533845424652,0.7071067690849304,0.3535533845424652,0.3535533845424652,0.3535533845424652,0.3535533845424652,0.3535533845424652,0.3535533845424652,0.5773502588272095,0.0,0.3535533845424652,0.3535533845424652,0.0,0.0,0.0,0.0,0.0,0.0,0.0,0.0,0.3535533845424652,0.3535533845424652,0.3535533845424652,0.7071067690849304,0.5,0.5,1.0,0.7071067690849304,0.7071067690849304,0.5773502588272095,0.866025447845459,0.7071067690849304,0.7071067690849304,0.5773502588272095,0.866025447845459,0.3535533845424652,0.3535533845424652,0.5,0.5,0.7071067690849304,0.7071067690849304,0.22360679507255554,0.5,0.5,0.0,0.0,0.28867512941360474,0.5773502588272095,0.7071067690849304,0.7071067690849304,0.5773502588272095,0.866025447845459,0.5773502588272095,0.866025447845459,0.7071067690849304,0.7071067690849304,0.7071067690849304,0.7071067690849304,0.5,0.5,0.7071067690849304,0.5773502588272095,0.5773502588272095,0.5,0.5,0.28867512941360474,0.5,0.5,0.5,0.5,0.5,0.5,0.5773502588272095,0.0,0.5,0.5,0.5,0.5,0.5,0.5,0.5,0.3333333432674408,0.5,0.0,0.0,0.5,0.5,0.5,0.5773502588272095,0.5773502588272095,0.5,0.75,0.5773502588272095,0.5773502588272095,0.5773502588272095,0.5773502588272095,0.0,0.0,0.3535533845424652,0.3535533845424652,0.6708203554153442,0.4472135901451111,0.5,0.5773502588272095,0.28867512941360474,0.5773502588272095,0.866025447845459,0.3535533845424652,0.3535533845424652,0.3535533845424652,0.7071067690849304,0.3535533845424652,0.3535533845424652,0.3535533845424652,0.3535533845424652,0.5,0.75,0.5,0.75,0.5773502588272095,0.28867512941360474,0.7071067690849304,0.7071067690849304,0.5,0.5,0.5,0.5,0.3535533845424652,0.5,0.5,0.5773502588272095,0.5,0.5,0.5,0.5,0.5,0.5,0.3535533845424652,0.3535533845424652,0.5,0.75,0.3535533845424652,0.3535533845424652,0.75,0.5,0.3535533845424652,0.3535533845424652,0.3535533845424652,0.3535533845424652,0.25,0.25,0.25,0.28867512941360474,0.0,0.0,0.0,0.0,0.0,0.0,0.25,0.0,0.0,0.0,0.0,0.0,0.0,0.25,0.28867512941360474,0.0,0.0,0.0,0.0,0.0,0.0,0.0,0.0,0.0,0.0,0.25,0.0,0.0,0.0,0.0,0.0,0.28867512941360474,0.28867512941360474,0.28867512941360474,0.3535533845424652,0.0,0.0,0.0,0.0,0.0,0.0,0.0,0.0,0.3535533845424652,0.28867512941360474,0.0,0.0,0.0,0.0,0.0,0.0,0.0,0.0,0.0,0.25,0.25,0.0,0.0,0.0,0.0,0.0,0.0,0.0,0.0,0.0,0.0,0.0,0.5773502588272095,0.5773502588272095,0.3535533845424652,0.3535533845424652,0.0,0.0,0.0,0.0
ASIL,0.0,0.0,0.0,0.0,0.0,0.0,0.0,0.0,0.0,0.0,0.0,0.0,0.0,0.0,0.0,0.0,0.0,0.0,0.0,0.0,1.0,0.5,0.7071067690849304,0.3535533845424652,1.0,0.5,1.0,0.5,1.0,0.5,1.0,0.5,1.0,0.5,1.0,0.5,1.0,0.5,1.0,0.5,1.0,0.5,1.0,0.5,0.3535533845424652,0.3535533845424652,0.7071067690849304,0.3535533845424652,0.3535533845424652,0.3535533845424652,0.3535533845424652,0.3535533845424652,0.3535533845424652,0.3535533845424652,0.7071067690849304,0.3535533845424652,0.3535533845424652,0.3535533845424652,0.3535533845424652,0.3535533845424652,0.5,0.5,0.5773502588272095,0.0,0.0,0.0,0.3535533845424652,0.3535533845424652,0.6123723983764648,0.40824827551841736,0.75,0.5,0.0,0.0,0.7071067690849304,0.3535533845424652,0.3535533845424652,0.3535533845424652,0.3535533845424652,0.3535533845424652,0.3535533845424652,0.3535533845424652,0.5773502588272095,0.0,0.3535533845424652,0.3535533845424652,0.0,0.0,0.0,0.0,0.0,0.0,0.0,0.0,0.3535533845424652,0.3535533845424652,0.7071067690849304,0.3535533845424652,0.5,1.0,0.5,0.7071067690849304,0.7071067690849304,0.866025447845459,0.5773502588272095,0.7071067690849304,0.7071067690849304,0.866025447845459,0.5773502588272095,0.3535533845424652,0.3535533845424652,0.5,0.5,0.7071067690849304,0.7071067690849304,0.22360679507255554,0.5,0.5,0.0,0.0,0.5773502588272095,0.28867512941360474,0.7071067690849304,0.7071067690849304,0.866025447845459,0.5773502588272095,0.866025447845459,0.5773502588272095,0.7071067690849304,0.7071067690849304,0.7071067690849304,0.7071067690849304,0.5,0.5,0.7071067690849304,0.5773502588272095,0.5773502588272095,0.5,0.5,0.28867512941360474,0.5,0.5,0.5,0.5,0.5,0.5,0.5773502588272095,0.0,0.5,0.5,0.5,0.5,0.5,0.5,0.5,0.3333333432674408,0.5,0.0,0.0,0.75,0.5,0.5,0.5773502588272095,0.5773502588272095,0.75,0.5,0.5773502588272095,0.5773502588272095,0.5773502588272095,0.5773502588272095,0.0,0.0,0.3535533845424652,0.3535533845424652,0.4472135901451111,0.6708203554153442,0.25,0.28867512941360474,0.5773502588272095,0.866025447845459,0.5773502588272095,0.3535533845424652,0.3535533845424652,0.7071067690849304,0.3535533845424652,0.3535533845424652,0.3535533845424652,0.3535533845424652,0.3535533845424652,0.75,0.5,0.75,0.5,0.28867512941360474,0.5773502588272095,0.7071067690849304,0.7071067690849304,0.5,0.5,0.5,0.5,0.3535533845424652,0.5,0.5,0.5773502588272095,0.5,0.5,0.5,0.5,0.5,0.5,0.3535533845424652,0.3535533845424652,0.75,0.5,0.3535533845424652,0.3535533845424652,0.5,0.75,0.3535533845424652,0.3535533845424652,0.3535533845424652,0.3535533845424652,0.25,0.25,0.25,0.28867512941360474,0.0,0.0,0.0,0.0,0.0,0.0,0.25,0.0,0.0,0.0,0.0,0.0,0.0,0.25,0.28867512941360474,0.0,0.0,0.0,0.0,0.0,0.0,0.0,0.0,0.0,0.0,0.25,0.0,0.0,0.0,0.0,0.0,0.28867512941360474,0.28867512941360474,0.28867512941360474,0.3535533845424652,0.0,0.0,0.0,0.0,0.0,0.0,0.0,0.0,0.3535533845424652,0.28867512941360474,0.0,0.0,0.0,0.0,0.0,0.0,0.0,0.0,0.0,0.25,0.25,0.0,0.0,0.0,0.0,0.0,0.0,0.0,0.0,0.0,0.0,0.0,0.5773502588272095,0.5773502588272095,0.3535533845424652,0.3535533845424652,0.0,0.0,0.0,0.0
ASIR,0.0,0.0,0.0,0.0,0.0,0.0,0.0,0.0,0.0,0.0,0.0,0.0,0.0,0.0,0.0,0.0,0.0,0.0,0.0,0.0,0.5,1.0,0.3535533845424652,0.7071067690849304,0.5,1.0,0.5,1.0,0.5,1.0,0.5,1.0,0.5,1.0,0.5,1.0,0.5,1.0,0.5,1.0,0.5,1.0,0.5,1.0,0.3535533845424652,0.3535533845424652,0.3535533845424652,0.7071067690849304,0.3535533845424652,0.3535533845424652,0.3535533845424652,0.3535533845424652,0.3535533845424652,0.3535533845424652,0.3535533845424652,0.7071067690849304,0.3535533845424652,0.3535533845424652,0.3535533845424652,0.3535533845424652,0.5,0.5,0.5773502588272095,0.0,0.0,0.0,0.3535533845424652,0.3535533845424652,0.40824827551841736,0.6123723983764648,0.5,0.75,0.0,0.0,0.3535533845424652,0.7071067690849304,0.3535533845424652,0.3535533845424652,0.3535533845424652,0.3535533845424652,0.3535533845424652,0.3535533845424652,0.5773502588272095,0.0,0.3535533845424652,0.3535533845424652,0.0,0.0,0.0,0.0,0.0,0.0,0.0,0.0,0.3535533845424652,0.3535533845424652,0.3535533845424652,0.7071067690849304,0.5,0.5,1.0,0.7071067690849304,0.7071067690849304,0.5773502588272095,0.866025447845459,0.7071067690849304,0.7071067690849304,0.5773502588272095,0.866025447845459,0.3535533845424652,0.3535533845424652,0.5,0.5,0.7071067690849304,0.7071067690849304,0.22360679507255554,0.5,0.5,0.0,0.0,0.28867512941360474,0.5773502588272095,0.7071067690849304,0.7071067690849304,0.5773502588272095,0.866025447845459,0.5773502588272095,0.866025447845459,0.7071067690849304,0.7071067690849304,0.7071067690849304,0.7071067690849304,0.5,0.5,0.7071067690849304,0.5773502588272095,0.5773502588272095,0.5,0.5,0.28867512941360474,0.5,0.5,0.5,0.5,0.5,0.5,0.5773502588272095,0.0,0.5,0.5,0.5,0.5,0.5,0.5,0.5,0.3333333432674408,0.5,0.0,0.0,0.5,0.5,0.5,0.5773502588272095,0.5773502588272095,0.5,0.75,0.5773502588272095,0.5773502588272095,0.5773502588272095,0.5773502588272095,0.0,0.0,0.3535533845424652,0.3535533845424652,0.6708203554153442,0.4472135901451111,0.5,0.5773502588272095,0.28867512941360474,0.5773502588272095,0.866025447845459,0.3535533845424652,0.3535533845424652,0.3535533845424652,0.7071067690849304,0.3535533845424652,0.3535533845424652,0.3535533845424652,0.3535533845424652,0.5,0.75,0.5,0.75,0.5773502588272095,0.28867512941360474,0.7071067690849304,0.7071067690849304,0.5,0.5,0.5,0.5,0.3535533845424652,0.5,0.5,0.5773502588272095,0.5,0.5,0.5,0.5,0.5,0.5,0.3535533845424652,0.3535533845424652,0.5,0.75,0.3535533845424652,0.3535533845424652,0.75,0.5,0.3535533845424652,0.3535533845424652,0.3535533845424652,0.3535533845424652,0.25,0.25,0.25,0.28867512941360474,0.0,0.0,0.0,0.0,0.0,0.0,0.25,0.0,0.0,0.0,0.0,0.0,0.0,0.25,0.28867512941360474,0.0,0.0,0.0,0.0,0.0,0.0,0.0,0.0,0.0,0.0,0.25,0.0,0.0,0.0,0.0,0.0,0.28867512941360474,0.28867512941360474,0.28867512941360474,0.3535533845424652,0.0,0.0,0.0,0.0,0.0,0.0,0.0,0.0,0.3535533845424652,0.28867512941360474,0.0,0.0,0.0,0.0,0.0,0.0,0.0,0.0,0.0,0.25,0.25,0.0,0.0,0.0,0.0,0.0,0.0,0.0,0.0,0.0,0.0,0.0,0.5773502588272095,0.5773502588272095,0.3535533845424652,0.3535533845424652,0.0,0.0,0.0,0.0
ASJL,0.0,0.0,0.0,0.0,0.0,0.0,0.0,0.0,0.0,0.0,0.0,0.0,0.0,0.0,0.0,0.0,0.0,0.0,0.0,0.0,1.0,0.5,0.7071067690849304,0.3535533845424652,1.0,0.5,1.0,0.5,1.0,0.5,1.0,0.5,1.0,0.5,1.0,0.5,1.0,0.5,1.0,0.5,1.0,0.5,1.0,0.5,0.3535533845424652,0.3535533845424652,0.7071067690849304,0.3535533845424652,0.3535533845424652,0.3535533845424652,0.3535533845424652,0.3535533845424652,0.3535533845424652,0.3535533845424652,0.7071067690849304,0.3535533845424652,0.3535533845424652,0.3535533845424652,0.3535533845424652,0.3535533845424652,0.5,0.5,0.5773502588272095,0.0,0.0,0.0,0.3535533845424652,0.3535533845424652,0.6123723983764648,0.40824827551841736,0.75,0.5,0.0,0.0,0.7071067690849304,0.3535533845424652,0.3535533845424652,0.3535533845424652,0.3535533845424652,0.3535533845424652,0.3535533845424652,0.3535533845424652,0.5773502588272095,0.0,0.3535533845424652,0.3535533845424652,0.0,0.0,0.0,0.0,0.0,0.0,0.0,0.0,0.3535533845424652,0.3535533845424652,0.7071067690849304,0.3535533845424652,0.5,1.0,0.5,0.7071067690849304,0.7071067690849304,0.866025447845459,0.5773502588272095,0.7071067690849304,0.7071067690849304,0.866025447845459,0.5773502588272095,0.3535533845424652,0.3535533845424652,0.5,0.5,0.7071067690849304,0.7071067690849304,0.22360679507255554,0.5,0.5,0.0,0.0,0.5773502588272095,0.28867512941360474,0.7071067690849304,0.7071067690849304,0.866025447845459,0.5773502588272095,0.866025447845459,0.5773502588272095,0.7071067690849304,0.7071067690849304,0.7071067690849304,0.7071067690849304,0.5,0.5,0.7071067690849304,0.5773502588272095,0.5773502588272095,0.5,0.5,0.28867512941360474,0.5,0.5,0.5,0.5,0.5,0.5,0.5773502588272095,0.0,0.5,0.5,0.5,0.5,0.5,0.5,0.5,0.3333333432674408,0.5,0.0,0.0,0.75,0.5,0.5,0.5773502588272095,0.5773502588272095,0.75,0.5,0.5773502588272095,0.5773502588272095,0.5773502588272095,0.5773502588272095,0.0,0.0,0.3535533845424652,0.3535533845424652,0.4472135901451111,0.6708203554153442,0.25,0.28867512941360474,0.5773502588272095,0.866025447845459,0.5773502588272095,0.3535533845424652,0.3535533845424652,0.7071067690849304,0.3535533845424652,0.3535533845424652,0.3535533845424652,0.3535533845424652,0.3535533845424652,0.75,0.5,0.75,0.5,0.28867512941360474,0.5773502588272095,0.7071067690849304,0.7071067690849304,0.5,0.5,0.5,0.5,0.3535533845424652,0.5,0.5,0.5773502588272095,0.5,0.5,0.5,0.5,0.5,0.5,0.3535533845424652,0.3535533845424652,0.75,0.5,0.3535533845424652,0.3535533845424652,0.5,0.75,0.3535533845424652,0.3535533845424652,0.3535533845424652,0.3535533845424652,0.25,0.25,0.25,0.28867512941360474,0.0,0.0,0.0,0.0,0.0,0.0,0.25,0.0,0.0,0.0,0.0,0.0,0.0,0.25,0.28867512941360474,0.0,0.0,0.0,0.0,0.0,0.0,0.0,0.0,0.0,0.0,0.25,0.0,0.0,0.0,0.0,0.0,0.28867512941360474,0.28867512941360474,0.28867512941360474,0.3535533845424652,0.0,0.0,0.0,0.0,0.0,0.0,0.0,0.0,0.3535533845424652,0.28867512941360474,0.0,0.0,0.0,0.0,0.0,0.0,0.0,0.0,0.0,0.25,0.25,0.0,0.0,0.0,0.0,0.0,0.0,0.0,0.0,0.0,0.0,0.0,0.5773502588272095,0.5773502588272095,0.3535533845424652,0.3535533845424652,0.0,0.0,0.0,0.0
ASJR,0.0,0.0,0.0,0.0,0.0,0.0,0.0,0.0,0.0,0.0,0.0,0.0,0.0,0.0,0.0,0.0,0.0,0.0,0.0,0.0,0.5,1.0,0.3535533845424652,0.7071067690849304,0.5,1.0,0.5,1.0,0.5,1.0,0.5,1.0,0.5,1.0,0.5,1.0,0.5,1.0,0.5,1.0,0.5,1.0,0.5,1.0,0.3535533845424652,0.3535533845424652,0.3535533845424652,0.7071067690849304,0.3535533845424652,0.3535533845424652,0.3535533845424652,0.3535533845424652,0.3535533845424652,0.3535533845424652,0.3535533845424652,0.7071067690849304,0.3535533845424652,0.3535533845424652,0.3535533845424652,0.3535533845424652,0.5,0.5,0.5773502588272095,0.0,0.0,0.0,0.3535533845424652,0.3535533845424652,0.40824827551841736,0.6123723983764648,0.5,0.75,0.0,0.0,0.3535533845424652,0.7071067690849304,0.3535533845424652,0.3535533845424652,0.3535533845424652,0.3535533845424652,0.3535533845424652,0.3535533845424652,0.5773502588272095,0.0,0.3535533845424652,0.3535533845424652,0.0,0.0,0.0,0.0,0.0,0.0,0.0,0.0,0.3535533845424652,0.3535533845424652,0.3535533845424652,0.7071067690849304,0.5,0.5,1.0,0.7071067690849304,0.7071067690849304,0.5773502588272095,0.866025447845459,0.7071067690849304,0.7071067690849304,0.5773502588272095,0.866025447845459,0.3535533845424652,0.3535533845424652,0.5,0.5,0.7071067690849304,0.7071067690849304,0.22360679507255554,0.5,0.5,0.0,0.0,0.28867512941360474,0.5773502588272095,0.7071067690849304,0.7071067690849304,0.5773502588272095,0.866025447845459,0.5773502588272095,0.866025447845459,0.7071067690849304,0.7071067690849304,0.7071067690849304,0.7071067690849304,0.5,0.5,0.7071067690849304,0.5773502588272095,0.5773502588272095,0.5,0.5,0.28867512941360474,0.5,0.5,0.5,0.5,0.5,0.5,0.5773502588272095,0.0,0.5,0.5,0.5,0.5,0.5,0.5,0.5,0.3333333432674408,0.5,0.0,0.0,0.5,0.5,0.5,0.5773502588272095,0.5773502588272095,0.5,0.75,0.5773502588272095,0.5773502588272095,0.5773502588272095,0.5773502588272095,0.0,0.0,0.3535533845424652,0.3535533845424652,0.6708203554153442,0.4472135901451111,0.5,0.5773502588272095,0.28867512941360474,0.5773502588272095,0.866025447845459,0.3535533845424652,0.3535533845424652,0.3535533845424652,0.7071067690849304,0.3535533845424652,0.3535533845424652,0.3535533845424652,0.3535533845424652,0.5,0.75,0.5,0.75,0.5773502588272095,0.28867512941360474,0.7071067690849304,0.7071067690849304,0.5,0.5,0.5,0.5,0.3535533845424652,0.5,0.5,0.5773502588272095,0.5,0.5,0.5,0.5,0.5,0.5,0.3535533845424652,0.3535533845424652,0.5,0.75,0.3535533845424652,0.3535533845424652,0.75,0.5,0.3535533845424652,0.3535533845424652,0.3535533845424652,0.3535533845424652,0.25,0.25,0.25,0.28867512941360474,0.0,0.0,0.0,0.0,0.0,0.0,0.25,0.0,0.0,0.0,0.0,0.0,0.0,0.25,0.28867512941360474,0.0,0.0,0.0,0.0,0.0,0.0,0.0,0.0,0.0,0.0,0.25,0.0,0.0,0.0,0.0,0.0,0.28867512941360474,0.28867512941360474,0.28867512941360474,0.3535533845424652,0.0,0.0,0.0,0.0,0.0,0.0,0.0,0.0,0.3535533845424652,0.28867512941360474,0.0,0.0,0.0,0.0,0.0,0.0,0.0,0.0,0.0,0.25,0.25,0.0,0.0,0.0,0.0,0.0,0.0,0.0,0.0,0.0,0.0,0.0,0.5773502588272095,0.5773502588272095,0.3535533845424652,0.3535533845424652,0.0,0.0,0.0,0.0
ASKL,0.0,0.0,0.0,0.0,0.0,0.0,0.0,0.0,0.0,0.0,0.0,0.0,0.0,0.0,0.0,0.0,0.0,0.0,0.0,0.0,1.0,0.5,0.7071067690849304,0.3535533845424652,1.0,0.5,1.0,0.5,1.0,0.5,1.0,0.5,1.0,0.5,1.0,0.5,1.0,0.5,1.0,0.5,1.0,0.5,1.0,0.5,0.3535533845424652,0.3535533845424652,0.7071067690849304,0.3535533845424652,0.3535533845424652,0.3535533845424652,0.3535533845424652,0.3535533845424652,0.3535533845424652,0.3535533845424652,0.7071067690849304,0.3535533845424652,0.3535533845424652,0.3535533845424652,0.3535533845424652,0.3535533845424652,0.5,0.5,0.5773502588272095,0.0,0.0,0.0,0.3535533845424652,0.3535533845424652,0.6123723983764648,0.40824827551841736,0.75,0.5,0.0,0.0,0.7071067690849304,0.3535533845424652,0.3535533845424652,0.3535533845424652,0.3535533845424652,0.3535533845424652,0.3535533845424652,0.3535533845424652,0.5773502588272095,0.0,0.3535533845424652,0.3535533845424652,0.0,0.0,0.0,0.0,0.0,0.0,0.0,0.0,0.3535533845424652,0.3535533845424652,0.7071067690849304,0.3535533845424652,0.5,1.0,0.5,0.7071067690849304,0.7071067690849304,0.866025447845459,0.5773502588272095,0.7071067690849304,0.7071067690849304,0.866025447845459,0.5773502588272095,0.3535533845424652,0.3535533845424652,0.5,0.5,0.7071067690849304,0.7071067690849304,0.22360679507255554,0.5,0.5,0.0,0.0,0.5773502588272095,0.28867512941360474,0.7071067690849304,0.7071067690849304,0.866025447845459,0.5773502588272095,0.866025447845459,0.5773502588272095,0.7071067690849304,0.7071067690849304,0.7071067690849304,0.7071067690849304,0.5,0.5,0.7071067690849304,0.5773502588272095,0.5773502588272095,0.5,0.5,0.28867512941360474,0.5,0.5,0.5,0.5,0.5,0.5,0.5773502588272095,0.0,0.5,0.5,0.5,0.5,0.5,0.5,0.5,0.3333333432674408,0.5,0.0,0.0,0.75,0.5,0.5,0.5773502588272095,0.5773502588272095,0.75,0.5,0.5773502588272095,0.5773502588272095,0.5773502588272095,0.5773502588272095,0.0,0.0,0.3535533845424652,0.3535533845424652,0.4472135901451111,0.6708203554153442,0.25,0.28867512941360474,0.5773502588272095,0.866025447845459,0.5773502588272095,0.3535533845424652,0.3535533845424652,0.7071067690849304,0.3535533845424652,0.3535533845424652,0.3535533845424652,0.3535533845424652,0.3535533845424652,0.75,0.5,0.75,0.5,0.28867512941360474,0.5773502588272095,0.7071067690849304,0.7071067690849304,0.5,0.5,0.5,0.5,0.3535533845424652,0.5,0.5,0.5773502588272095,0.5,0.5,0.5,0.5,0.5,0.5,0.3535533845424652,0.3535533845424652,0.75,0.5,0.3535533845424652,0.3535533845424652,0.5,0.75,0.3535533845424652,0.3535533845424652,0.3535533845424652,0.3535533845424652,0.25,0.25,0.25,0.28867512941360474,0.0,0.0,0.0,0.0,0.0,0.0,0.25,0.0,0.0,0.0,0.0,0.0,0.0,0.25,0.28867512941360474,0.0,0.0,0.0,0.0,0.0,0.0,0.0,0.0,0.0,0.0,0.25,0.0,0.0,0.0,0.0,0.0,0.28867512941360474,0.28867512941360474,0.28867512941360474,0.3535533845424652,0.0,0.0,0.0,0.0,0.0,0.0,0.0,0.0,0.3535533845424652,0.28867512941360474,0.0,0.0,0.0,0.0,0.0,0.0,0.0,0.0,0.0,0.25,0.25,0.0,0.0,0.0,0.0,0.0,0.0,0.0,0.0,0.0,0.0,0.0,0.5773502588272095,0.5773502588272095,0.3535533845424652,0.3535533845424652,0.0,0.0,0.0,0.0
ASKR,0.0,0.0,0.0,0.0,0.0,0.0,0.0,0.0,0.0,0.0,0.0,0.0,0.0,0.0,0.0,0.0,0.0,0.0,0.0,0.0,0.5,1.0,0.3535533845424652,0.7071067690849304,0.5,1.0,0.5,1.0,0.5,1.0,0.5,1.0,0.5,1.0,0.5,1.0,0.5,1.0,0.5,1.0,0.5,1.0,0.5,1.0,0.3535533845424652,0.3535533845424652,0.3535533845424652,0.7071067690849304,0.3535533845424652,0.3535533845424652,0.3535533845424652,0.3535533845424652,0.3535533845424652,0.3535533845424652,0.3535533845424652,0.7071067690849304,0.3535533845424652,0.3535533845424652,0.3535533845424652,0.3535533845424652,0.5,0.5,0.5773502588272095,0.0,0.0,0.0,0.3535533845424652,0.3535533845424652,0.40824827551841736,0.6123723983764648,0.5,0.75,0.0,0.0,0.3535533845424652,0.7071067690849304,0.3535533845424652,0.3535533845424652,0.3535533845424652,0.3535533845424652,0.3535533845424652,0.3535533845424652,0.5773502588272095,0.0,0.3535533845424652,0.3535533845424652,0.0,0.0,0.0,0.0,0.0,0.0,0.0,0.0,0.3535533845424652,0.3535533845424652,0.3535533845424652,0.7071067690849304,0.5,0.5,1.0,0.7071067690849304,0.7071067690849304,0.5773502588272095,0.866025447845459,0.7071067690849304,0.7071067690849304,0.5773502588272095,0.866025447845459,0.3535533845424652,0.3535533845424652,0.5,0.5,0.7071067690849304,0.7071067690849304,0.22360679507255554,0.5,0.5,0.0,0.0,0.28867512941360474,0.5773502588272095,0.7071067690849304,0.7071067690849304,0.5773502588272095,0.866025447845459,0.5773502588272095,0.866025447845459,0.7071067690849304,0.7071067690849304,0.7071067690849304,0.7071067690849304,0.5,0.5,0.7071067690849304,0.5773502588272095,0.5773502588272095,0.5,0.5,0.28867512941360474,0.5,0.5,0.5,0.5,0.5,0.5,0.5773502588272095,0.0,0.5,0.5,0.5,0.5,0.5,0.5,0.5,0.3333333432674408,0.5,0.0,0.0,0.5,0.5,0.5,0.5773502588272095,0.5773502588272095,0.5,0.75,0.5773502588272095,0.5773502588272095,0.5773502588272095,0.5773502588272095,0.0,0.0,0.3535533845424652,0.3535533845424652,0.6708203554153442,0.4472135901451111,0.5,0.5773502588272095,0.28867512941360474,0.5773502588272095,0.866025447845459,0.3535533845424652,0.3535533845424652,0.3535533845424652,0.7071067690849304,0.3535533845424652,0.3535533845424652,0.3535533845424652,0.3535533845424652,0.5,0.75,0.5,0.75,0.5773502588272095,0.28867512941360474,0.7071067690849304,0.7071067690849304,0.5,0.5,0.5,0.5,0.3535533845424652,0.5,0.5,0.5773502588272095,0.5,0.5,0.5,0.5,0.5,0.5,0.3535533845424652,0.3535533845424652,0.5,0.75,0.3535533845424652,0.3535533845424652,0.75,0.5,0.3535533845424652,0.3535533845424652,0.3535533845424652,0.3535533845424652,0.25,0.25,0.25,0.28867512941360474,0.0,0.0,0.0,0.0,0.0,0.0,0.25,0.0,0.0,0.0,0.0,0.0,0.0,0.25,0.28867512941360474,0.0,0.0,0.0,0.0,0.0,0.0,0.0,0.0,0.0,0.0,0.25,0.0,0.0,0.0,0.0,0.0,0.28867512941360474,0.28867512941360474,0.28867512941360474,0.3535533845424652,0.0,0.0,0.0,0.0,0.0,0.0,0.0,0.0,0.3535533845424652,0.28867512941360474,0.0,0.0,0.0,0.0,0.0,0.0,0.0,0.0,0.0,0.25,0.25,0.0,0.0,0.0,0.0,0.0,0.0,0.0,0.0,0.0,0.0,0.0,0.5773502588272095,0.5773502588272095,0.3535533845424652,0.3535533845424652,0.0,0.0,0.0,0.0
AWAL,0.0,0.0,0.0,0.0,0.0,0.0,0.0,0.0,0.0,0.0,0.0,0.0,0.0,0.0,0.0,0.0,0.0,0.0,0.0,0.0,1.0,0.5,0.7071067690849304,0.3535533845424652,1.0,0.5,1.0,0.5,1.0,0.5,1.0,0.5,1.0,0.5,1.0,0.5,1.0,0.5,1.0,0.5,1.0,0.5,1.0,0.5,0.3535533845424652,0.3535533845424652,0.7071067690849304,0.3535533845424652,0.3535533845424652,0.3535533845424652,0.3535533845424652,0.3535533845424652,0.3535533845424652,0.3535533845424652,0.7071067690849304,0.3535533845424652,0.3535533845424652,0.3535533845424652,0.3535533845424652,0.3535533845424652,0.5,0.5,0.5773502588272095,0.0,0.0,0.0,0.3535533845424652,0.3535533845424652,0.6123723983764648,0.40824827551841736,0.75,0.5,0.0,0.0,0.7071067690849304,0.3535533845424652,0.3535533845424652,0.3535533845424652,0.3535533845424652,0.3535533845424652,0.3535533845424652,0.3535533845424652,0.5773502588272095,0.0,0.3535533845424652,0.3535533845424652,0.0,0.0,0.0,0.0,0.0,0.0,0.0,0.0,0.3535533845424652,0.3535533845424652,0.7071067690849304,0.3535533845424652,0.5,1.0,0.5,0.7071067690849304,0.7071067690849304,0.866025447845459,0.5773502588272095,0.7071067690849304,0.7071067690849304,0.866025447845459,0.5773502588272095,0.3535533845424652,0.3535533845424652,0.5,0.5,0.7071067690849304,0.7071067690849304,0.22360679507255554,0.5,0.5,0.0,0.0,0.5773502588272095,0.28867512941360474,0.7071067690849304,0.7071067690849304,0.866025447845459,0.5773502588272095,0.866025447845459,0.5773502588272095,0.7071067690849304,0.7071067690849304,0.7071067690849304,0.7071067690849304,0.5,0.5,0.7071067690849304,0.5773502588272095,0.5773502588272095,0.5,0.5,0.28867512941360474,0.5,0.5,0.5,0.5,0.5,0.5,0.5773502588272095,0.0,0.5,0.5,0.5,0.5,0.5,0.5,0.5,0.3333333432674408,0.5,0.0,0.0,0.75,0.5,0.5,0.5773502588272095,0.5773502588272095,0.75,0.5,0.5773502588272095,0.5773502588272095,0.5773502588272095,0.5773502588272095,0.0,0.0,0.3535533845424652,0.3535533845424652,0.4472135901451111,0.6708203554153442,0.25,0.28867512941360474,0.5773502588272095,0.866025447845459,0.5773502588272095,0.3535533845424652,0.3535533845424652,0.7071067690849304,0.3535533845424652,0.3535533845424652,0.3535533845424652,0.3535533845424652,0.3535533845424652,0.75,0.5,0.75,0.5,0.28867512941360474,0.5773502588272095,0.7071067690849304,0.7071067690849304,0.5,0.5,0.5,0.5,0.3535533845424652,0.5,0.5,0.5773502588272095,0.5,0.5,0.5,0.5,0.5,0.5,0.3535533845424652,0.3535533845424652,0.75,0.5,0.3535533845424652,0.3535533845424652,0.5,0.75,0.3535533845424652,0.3535533845424652,0.3535533845424652,0.3535533845424652,0.25,0.25,0.25,0.28867512941360474,0.0,0.0,0.0,0.0,0.0,0.0,0.25,0.0,0.0,0.0,0.0,0.0,0.0,0.25,0.28867512941360474,0.0,0.0,0.0,0.0,0.0,0.0,0.0,0.0,0.0,0.0,0.25,0.0,0.0,0.0,0.0,0.0,0.28867512941360474,0.28867512941360474,0.28867512941360474,0.3535533845424652,0.0,0.0,0.0,0.0,0.0,0.0,0.0,0.0,0.3535533845424652,0.28867512941360474,0.0,0.0,0.0,0.0,0.0,0.0,0.0,0.0,0.0,0.25,0.25,0.0,0.0,0.0,0.0,0.0,0.0,0.0,0.0,0.0,0.0,0.0,0.5773502588272095,0.5773502588272095,0.3535533845424652,0.3535533845424652,0.0,0.0,0.0,0.0
AWAR,0.0,0.0,0.0,0.0,0.0,0.0,0.0,0.0,0.0,0.0,0.0,0.0,0.0,0.0,0.0,0.0,0.0,0.0,0.0,0.0,0.5,1.0,0.3535533845424652,0.7071067690849304,0.5,1.0,0.5,1.0,0.5,1.0,0.5,1.0,0.5,1.0,0.5,1.0,0.5,1.0,0.5,1.0,0.5,1.0,0.5,1.0,0.3535533845424652,0.3535533845424652,0.3535533845424652,0.7071067690849304,0.3535533845424652,0.3535533845424652,0.3535533845424652,0.3535533845424652,0.3535533845424652,0.3535533845424652,0.3535533845424652,0.7071067690849304,0.3535533845424652,0.3535533845424652,0.3535533845424652,0.3535533845424652,0.5,0.5,0.5773502588272095,0.0,0.0,0.0,0.3535533845424652,0.3535533845424652,0.40824827551841736,0.6123723983764648,0.5,0.75,0.0,0.0,0.3535533845424652,0.7071067690849304,0.3535533845424652,0.3535533845424652,0.3535533845424652,0.3535533845424652,0.3535533845424652,0.3535533845424652,0.5773502588272095,0.0,0.3535533845424652,0.3535533845424652,0.0,0.0,0.0,0.0,0.0,0.0,0.0,0.0,0.3535533845424652,0.3535533845424652,0.3535533845424652,0.7071067690849304,0.5,0.5,1.0,0.7071067690849304,0.7071067690849304,0.5773502588272095,0.866025447845459,0.7071067690849304,0.7071067690849304,0.5773502588272095,0.866025447845459,0.3535533845424652,0.3535533845424652,0.5,0.5,0.7071067690849304,0.7071067690849304,0.22360679507255554,0.5,0.5,0.0,0.0,0.28867512941360474,0.5773502588272095,0.7071067690849304,0.7071067690849304,0.5773502588272095,0.866025447845459,0.5773502588272095,0.866025447845459,0.7071067690849304,0.7071067690849304,0.7071067690849304,0.7071067690849304,0.5,0.5,0.7071067690849304,0.5773502588272095,0.5773502588272095,0.5,0.5,0.28867512941360474,0.5,0.5,0.5,0.5,0.5,0.5,0.5773502588272095,0.0,0.5,0.5,0.5,0.5,0.5,0.5,0.5,0.3333333432674408,0.5,0.0,0.0,0.5,0.5,0.5,0.5773502588272095,0.5773502588272095,0.5,0.75,0.5773502588272095,0.5773502588272095,0.5773502588272095,0.5773502588272095,0.0,0.0,0.3535533845424652,0.3535533845424652,0.6708203554153442,0.4472135901451111,0.5,0.5773502588272095,0.28867512941360474,0.5773502588272095,0.866025447845459,0.3535533845424652,0.3535533845424652,0.3535533845424652,0.7071067690849304,0.3535533845424652,0.3535533845424652,0.3535533845424652,0.3535533845424652,0.5,0.75,0.5,0.75,0.5773502588272095,0.28867512941360474,0.7071067690849304,0.7071067690849304,0.5,0.5,0.5,0.5,0.3535533845424652,0.5,0.5,0.5773502588272095,0.5,0.5,0.5,0.5,0.5,0.5,0.3535533845424652,0.3535533845424652,0.5,0.75,0.3535533845424652,0.3535533845424652,0.75,0.5,0.3535533845424652,0.3535533845424652,0.3535533845424652,0.3535533845424652,0.25,0.25,0.25,0.28867512941360474,0.0,0.0,0.0,0.0,0.0,0.0,0.25,0.0,0.0,0.0,0.0,0.0,0.0,0.25,0.28867512941360474,0.0,0.0,0.0,0.0,0.0,0.0,0.0,0.0,0.0,0.0,0.25,0.0,0.0,0.0,0.0,0.0,0.28867512941360474,0.28867512941360474,0.28867512941360474,0.3535533845424652,0.0,0.0,0.0,0.0,0.0,0.0,0.0,0.0,0.3535533845424652,0.28867512941360474,0.0,0.0,0.0,0.0,0.0,0.0,0.0,0.0,0.0,0.25,0.25,0.0,0.0,0.0,0.0,0.0,0.0,0.0,0.0,0.0,0.0,0.0,0.5773502588272095,0.5773502588272095,0.3535533845424652,0.3535533845424652,0.0,0.0,0.0,0.0
AWBL,0.0,0.0,0.0,0.0,0.0,0.0,0.0,0.0,0.0,0.0,0.0,0.0,0.0,0.0,0.0,0.0,0.0,0.0,0.0,0.0,1.0,0.5,0.7071067690849304,0.3535533845424652,1.0,0.5,1.0,0.5,1.0,0.5,1.0,0.5,1.0,0.5,1.0,0.5,1.0,0.5,1.0,0.5,1.0,0.5,1.0,0.5,0.3535533845424652,0.3535533845424652,0.7071067690849304,0.3535533845424652,0.3535533845424652,0.3535533845424652,0.3535533845424652,0.3535533845424652,0.3535533845424652,0.3535533845424652,0.7071067690849304,0.3535533845424652,0.3535533845424652,0.3535533845424652,0.3535533845424652,0.3535533845424652,0.5,0.5,0.5773502588272095,0.0,0.0,0.0,0.3535533845424652,0.3535533845424652,0.6123723983764648,0.40824827551841736,0.75,0.5,0.0,0.0,0.7071067690849304,0.3535533845424652,0.3535533845424652,0.3535533845424652,0.3535533845424652,0.3535533845424652,0.3535533845424652,0.3535533845424652,0.5773502588272095,0.0,0.3535533845424652,0.3535533845424652,0.0,0.0,0.0,0.0,0.0,0.0,0.0,0.0,0.3535533845424652,0.3535533845424652,0.7071067690849304,0.3535533845424652,0.5,1.0,0.5,0.7071067690849304,0.7071067690849304,0.866025447845459,0.5773502588272095,0.7071067690849304,0.7071067690849304,0.866025447845459,0.5773502588272095,0.3535533845424652,0.3535533845424652,0.5,0.5,0.7071067690849304,0.7071067690849304,0.22360679507255554,0.5,0.5,0.0,0.0,0.5773502588272095,0.28867512941360474,0.7071067690849304,0.7071067690849304,0.866025447845459,0.5773502588272095,0.866025447845459,0.5773502588272095,0.7071067690849304,0.7071067690849304,0.7071067690849304,0.7071067690849304,0.5,0.5,0.7071067690849304,0.5773502588272095,0.5773502588272095,0.5,0.5,0.28867512941360474,0.5,0.5,0.5,0.5,0.5,0.5,0.5773502588272095,0.0,0.5,0.5,0.5,0.5,0.5,0.5,0.5,0.3333333432674408,0.5,0.0,0.0,0.75,0.5,0.5,0.5773502588272095,0.5773502588272095,0.75,0.5,0.5773502588272095,0.5773502588272095,0.5773502588272095,0.5773502588272095,0.0,0.0,0.3535533845424652,0.3535533845424652,0.4472135901451111,0.6708203554153442,0.25,0.28867512941360474,0.5773502588272095,0.866025447845459,0.5773502588272095,0.3535533845424652,0.3535533845424652,0.7071067690849304,0.3535533845424652,0.3535533845424652,0.3535533845424652,0.3535533845424652,0.3535533845424652,0.75,0.5,0.75,0.5,0.28867512941360474,0.5773502588272095,0.7071067690849304,0.7071067690849304,0.5,0.5,0.5,0.5,0.3535533845424652,0.5,0.5,0.5773502588272095,0.5,0.5,0.5,0.5,0.5,0.5,0.3535533845424652,0.3535533845424652,0.75,0.5,0.3535533845424652,0.3535533845424652,0.5,0.75,0.3535533845424652,0.3535533845424652,0.3535533845424652,0.3535533845424652,0.25,0.25,0.25,0.28867512941360474,0.0,0.0,0.0,0.0,0.0,0.0,0.25,0.0,0.0,0.0,0.0,0.0,0.0,0.25,0.28867512941360474,0.0,0.0,0.0,0.0,0.0,0.0,0.0,0.0,0.0,0.0,0.25,0.0,0.0,0.0,0.0,0.0,0.28867512941360474,0.28867512941360474,0.28867512941360474,0.3535533845424652,0.0,0.0,0.0,0.0,0.0,0.0,0.0,0.0,0.3535533845424652,0.28867512941360474,0.0,0.0,0.0,0.0,0.0,0.0,0.0,0.0,0.0,0.25,0.25,0.0,0.0,0.0,0.0,0.0,0.0,0.0,0.0,0.0,0.0,0.0,0.5773502588272095,0.5773502588272095,0.3535533845424652,0.3535533845424652,0.0,0.0,0.0,0.0
AWBR,0.0,0.0,0.0,0.0,0.0,0.0,0.0,0.0,0.0,0.0,0.0,0.0,0.0,0.0,0.0,0.0,0.0,0.0,0.0,0.0,0.5,1.0,0.3535533845424652,0.7071067690849304,0.5,1.0,0.5,1.0,0.5,1.0,0.5,1.0,0.5,1.0,0.5,1.0,0.5,1.0,0.5,1.0,0.5,1.0,0.5,1.0,0.3535533845424652,0.3535533845424652,0.3535533845424652,0.7071067690849304,0.3535533845424652,0.3535533845424652,0.3535533845424652,0.3535533845424652,0.3535533845424652,0.3535533845424652,0.3535533845424652,0.7071067690849304,0.3535533845424652,0.3535533845424652,0.3535533845424652,0.3535533845424652,0.5,0.5,0.5773502588272095,0.0,0.0,0.0,0.3535533845424652,0.3535533845424652,0.40824827551841736,0.6123723983764648,0.5,0.75,0.0,0.0,0.3535533845424652,0.7071067690849304,0.3535533845424652,0.3535533845424652,0.3535533845424652,0.3535533845424652,0.3535533845424652,0.3535533845424652,0.5773502588272095,0.0,0.3535533845424652,0.3535533845424652,0.0,0.0,0.0,0.0,0.0,0.0,0.0,0.0,0.3535533845424652,0.3535533845424652,0.3535533845424652,0.7071067690849304,0.5,0.5,1.0,0.7071067690849304,0.7071067690849304,0.5773502588272095,0.866025447845459,0.7071067690849304,0.7071067690849304,0.5773502588272095,0.866025447845459,0.3535533845424652,0.3535533845424652,0.5,0.5,0.7071067690849304,0.7071067690849304,0.22360679507255554,0.5,0.5,0.0,0.0,0.28867512941360474,0.5773502588272095,0.7071067690849304,0.7071067690849304,0.5773502588272095,0.866025447845459,0.5773502588272095,0.866025447845459,0.7071067690849304,0.7071067690849304,0.7071067690849304,0.7071067690849304,0.5,0.5,0.7071067690849304,0.5773502588272095,0.5773502588272095,0.5,0.5,0.28867512941360474,0.5,0.5,0.5,0.5,0.5,0.5,0.5773502588272095,0.0,0.5,0.5,0.5,0.5,0.5,0.5,0.5,0.3333333432674408,0.5,0.0,0.0,0.5,0.5,0.5,0.5773502588272095,0.5773502588272095,0.5,0.75,0.5773502588272095,0.5773502588272095,0.5773502588272095,0.5773502588272095,0.0,0.0,0.3535533845424652,0.3535533845424652,0.6708203554153442,0.4472135901451111,0.5,0.5773502588272095,0.28867512941360474,0.5773502588272095,0.866025447845459,0.3535533845424652,0.3535533845424652,0.3535533845424652,0.7071067690849304,0.3535533845424652,0.3535533845424652,0.3535533845424652,0.3535533845424652,0.5,0.75,0.5,0.75,0.5773502588272095,0.28867512941360474,0.7071067690849304,0.7071067690849304,0.5,0.5,0.5,0.5,0.3535533845424652,0.5,0.5,0.5773502588272095,0.5,0.5,0.5,0.5,0.5,0.5,0.3535533845424652,0.3535533845424652,0.5,0.75,0.3535533845424652,0.3535533845424652,0.75,0.5,0.3535533845424652,0.3535533845424652,0.3535533845424652,0.3535533845424652,0.25,0.25,0.25,0.28867512941360474,0.0,0.0,0.0,0.0,0.0,0.0,0.25,0.0,0.0,0.0,0.0,0.0,0.0,0.25,0.28867512941360474,0.0,0.0,0.0,0.0,0.0,0.0,0.0,0.0,0.0,0.0,0.25,0.0,0.0,0.0,0.0,0.0,0.28867512941360474,0.28867512941360474,0.28867512941360474,0.3535533845424652,0.0,0.0,0.0,0.0,0.0,0.0,0.0,0.0,0.3535533845424652,0.28867512941360474,0.0,0.0,0.0,0.0,0.0,0.0,0.0,0.0,0.0,0.25,0.25,0.0,0.0,0.0,0.0,0.0,0.0,0.0,0.0,0.0,0.0,0.0,0.5773502588272095,0.5773502588272095,0.3535533845424652,0.3535533845424652,0.0,0.0,0.0,0.0
AWCL,0.0,0.0,0.0,0.0,0.0,0.0,0.0,0.0,0.0,0.0,0.0,0.0,0.0,0.0,0.0,0.0,0.0,0.0,0.0,0.0,1.0,0.5,0.7071067690849304,0.3535533845424652,1.0,0.5,1.0,0.5,1.0,0.5,1.0,0.5,1.0,0.5,1.0,0.5,1.0,0.5,1.0,0.5,1.0,0.5,1.0,0.5,0.3535533845424652,0.3535533845424652,0.7071067690849304,0.3535533845424652,0.3535533845424652,0.3535533845424652,0.3535533845424652,0.3535533845424652,0.3535533845424652,0.3535533845424652,0.7071067690849304,0.3535533845424652,0.3535533845424652,0.3535533845424652,0.3535533845424652,0.3535533845424652,0.5,0.5,0.5773502588272095,0.0,0.0,0.0,0.3535533845424652,0.3535533845424652,0.6123723983764648,0.40824827551841736,0.75,0.5,0.0,0.0,0.7071067690849304,0.3535533845424652,0.3535533845424652,0.3535533845424652,0.3535533845424652,0.3535533845424652,0.3535533845424652,0.3535533845424652,0.5773502588272095,0.0,0.3535533845424652,0.3535533845424652,0.0,0.0,0.0,0.0,0.0,0.0,0.0,0.0,0.3535533845424652,0.3535533845424652,0.7071067690849304,0.3535533845424652,0.5,1.0,0.5,0.7071067690849304,0.7071067690849304,0.866025447845459,0.5773502588272095,0.7071067690849304,0.7071067690849304,0.866025447845459,0.5773502588272095,0.3535533845424652,0.3535533845424652,0.5,0.5,0.7071067690849304,0.7071067690849304,0.22360679507255554,0.5,0.5,0.0,0.0,0.5773502588272095,0.28867512941360474,0.7071067690849304,0.7071067690849304,0.866025447845459,0.5773502588272095,0.866025447845459,0.5773502588272095,0.7071067690849304,0.7071067690849304,0.7071067690849304,0.7071067690849304,0.5,0.5,0.7071067690849304,0.5773502588272095,0.5773502588272095,0.5,0.5,0.28867512941360474,0.5,0.5,0.5,0.5,0.5,0.5,0.5773502588272095,0.0,0.5,0.5,0.5,0.5,0.5,0.5,0.5,0.3333333432674408,0.5,0.0,0.0,0.75,0.5,0.5,0.5773502588272095,0.5773502588272095,0.75,0.5,0.5773502588272095,0.5773502588272095,0.5773502588272095,0.5773502588272095,0.0,0.0,0.3535533845424652,0.3535533845424652,0.4472135901451111,0.6708203554153442,0.25,0.28867512941360474,0.5773502588272095,0.866025447845459,0.5773502588272095,0.3535533845424652,0.3535533845424652,0.7071067690849304,0.3535533845424652,0.3535533845424652,0.3535533845424652,0.3535533845424652,0.3535533845424652,0.75,0.5,0.75,0.5,0.28867512941360474,0.5773502588272095,0.7071067690849304,0.7071067690849304,0.5,0.5,0.5,0.5,0.3535533845424652,0.5,0.5,0.5773502588272095,0.5,0.5,0.5,0.5,0.5,0.5,0.3535533845424652,0.3535533845424652,0.75,0.5,0.3535533845424652,0.3535533845424652,0.5,0.75,0.3535533845424652,0.3535533845424652,0.3535533845424652,0.3535533845424652,0.25,0.25,0.25,0.28867512941360474,0.0,0.0,0.0,0.0,0.0,0.0,0.25,0.0,0.0,0.0,0.0,0.0,0.0,0.25,0.28867512941360474,0.0,0.0,0.0,0.0,0.0,0.0,0.0,0.0,0.0,0.0,0.25,0.0,0.0,0.0,0.0,0.0,0.28867512941360474,0.28867512941360474,0.28867512941360474,0.3535533845424652,0.0,0.0,0.0,0.0,0.0,0.0,0.0,0.0,0.3535533845424652,0.28867512941360474,0.0,0.0,0.0,0.0,0.0,0.0,0.0,0.0,0.0,0.25,0.25,0.0,0.0,0.0,0.0,0.0,0.0,0.0,0.0,0.0,0.0,0.0,0.5773502588272095,0.5773502588272095,0.3535533845424652,0.3535533845424652,0.0,0.0,0.0,0.0
AWCR,0.0,0.0,0.0,0.0,0.0,0.0,0.0,0.0,0.0,0.0,0.0,0.0,0.0,0.0,0.0,0.0,0.0,0.0,0.0,0.0,0.5,1.0,0.3535533845424652,0.7071067690849304,0.5,1.0,0.5,1.0,0.5,1.0,0.5,1.0,0.5,1.0,0.5,1.0,0.5,1.0,0.5,1.0,0.5,1.0,0.5,1.0,0.3535533845424652,0.3535533845424652,0.3535533845424652,0.7071067690849304,0.3535533845424652,0.3535533845424652,0.3535533845424652,0.3535533845424652,0.3535533845424652,0.3535533845424652,0.3535533845424652,0.7071067690849304,0.3535533845424652,0.3535533845424652,0.3535533845424652,0.3535533845424652,0.5,0.5,0.5773502588272095,0.0,0.0,0.0,0.3535533845424652,0.3535533845424652,0.40824827551841736,0.6123723983764648,0.5,0.75,0.0,0.0,0.3535533845424652,0.7071067690849304,0.3535533845424652,0.3535533845424652,0.3535533845424652,0.3535533845424652,0.3535533845424652,0.3535533845424652,0.5773502588272095,0.0,0.3535533845424652,0.3535533845424652,0.0,0.0,0.0,0.0,0.0,0.0,0.0,0.0,0.3535533845424652,0.3535533845424652,0.3535533845424652,0.7071067690849304,0.5,0.5,1.0,0.7071067690849304,0.7071067690849304,0.5773502588272095,0.866025447845459,0.7071067690849304,0.7071067690849304,0.5773502588272095,0.866025447845459,0.3535533845424652,0.3535533845424652,0.5,0.5,0.7071067690849304,0.7071067690849304,0.22360679507255554,0.5,0.5,0.0,0.0,0.28867512941360474,0.5773502588272095,0.7071067690849304,0.7071067690849304,0.5773502588272095,0.866025447845459,0.5773502588272095,0.866025447845459,0.7071067690849304,0.7071067690849304,0.7071067690849304,0.7071067690849304,0.5,0.5,0.7071067690849304,0.5773502588272095,0.5773502588272095,0.5,0.5,0.28867512941360474,0.5,0.5,0.5,0.5,0.5,0.5,0.5773502588272095,0.0,0.5,0.5,0.5,0.5,0.5,0.5,0.5,0.3333333432674408,0.5,0.0,0.0,0.5,0.5,0.5,0.5773502588272095,0.5773502588272095,0.5,0.75,0.5773502588272095,0.5773502588272095,0.5773502588272095,0.5773502588272095,0.0,0.0,0.3535533845424652,0.3535533845424652,0.6708203554153442,0.4472135901451111,0.5,0.5773502588272095,0.28867512941360474,0.5773502588272095,0.866025447845459,0.3535533845424652,0.3535533845424652,0.3535533845424652,0.7071067690849304,0.3535533845424652,0.3535533845424652,0.3535533845424652,0.3535533845424652,0.5,0.75,0.5,0.75,0.5773502588272095,0.28867512941360474,0.7071067690849304,0.7071067690849304,0.5,0.5,0.5,0.5,0.3535533845424652,0.5,0.5,0.5773502588272095,0.5,0.5,0.5,0.5,0.5,0.5,0.3535533845424652,0.3535533845424652,0.5,0.75,0.3535533845424652,0.3535533845424652,0.75,0.5,0.3535533845424652,0.3535533845424652,0.3535533845424652,0.3535533845424652,0.25,0.25,0.25,0.28867512941360474,0.0,0.0,0.0,0.0,0.0,0.0,0.25,0.0,0.0,0.0,0.0,0.0,0.0,0.25,0.28867512941360474,0.0,0.0,0.0,0.0,0.0,0.0,0.0,0.0,0.0,0.0,0.25,0.0,0.0,0.0,0.0,0.0,0.28867512941360474,0.28867512941360474,0.28867512941360474,0.3535533845424652,0.0,0.0,0.0,0.0,0.0,0.0,0.0,0.0,0.3535533845424652,0.28867512941360474,0.0,0.0,0.0,0.0,0.0,0.0,0.0,0.0,0.0,0.25,0.25,0.0,0.0,0.0,0.0,0.0,0.0,0.0,0.0,0.0,0.0,0.0,0.5773502588272095,0.5773502588272095,0.3535533845424652,0.3535533845424652,0.0,0.0,0.0,0.0
AFDL,0.0,0.0,0.0,0.0,0.0,0.0,0.0,0.0,0.0,0.0,0.0,0.0,0.0,0.0,0.0,0.0,0.0,0.0,0.0,0.0,1.0,0.5,0.7071067690849304,0.3535533845424652,1.0,0.5,1.0,0.5,1.0,0.5,1.0,0.5,1.0,0.5,1.0,0.5,1.0,0.5,1.0,0.5,1.0,0.5,1.0,0.5,0.3535533845424652,0.3535533845424652,0.7071067690849304,0.3535533845424652,0.3535533845424652,0.3535533845424652,0.3535533845424652,0.3535533845424652,0.3535533845424652,0.3535533845424652,0.7071067690849304,0.3535533845424652,0.3535533845424652,0.3535533845424652,0.3535533845424652,0.3535533845424652,0.5,0.5,0.5773502588272095,0.0,0.0,0.0,0.3535533845424652,0.3535533845424652,0.6123723983764648,0.40824827551841736,0.75,0.5,0.0,0.0,0.7071067690849304,0.3535533845424652,0.3535533845424652,0.3535533845424652,0.3535533845424652,0.3535533845424652,0.3535533845424652,0.3535533845424652,0.5773502588272095,0.0,0.3535533845424652,0.3535533845424652,0.0,0.0,0.0,0.0,0.0,0.0,0.0,0.0,0.3535533845424652,0.3535533845424652,0.7071067690849304,0.3535533845424652,0.5,1.0,0.5,0.7071067690849304,0.7071067690849304,0.866025447845459,0.5773502588272095,0.7071067690849304,0.7071067690849304,0.866025447845459,0.5773502588272095,0.3535533845424652,0.3535533845424652,0.5,0.5,0.7071067690849304,0.7071067690849304,0.22360679507255554,0.5,0.5,0.0,0.0,0.5773502588272095,0.28867512941360474,0.7071067690849304,0.7071067690849304,0.866025447845459,0.5773502588272095,0.866025447845459,0.5773502588272095,0.7071067690849304,0.7071067690849304,0.7071067690849304,0.7071067690849304,0.5,0.5,0.7071067690849304,0.5773502588272095,0.5773502588272095,0.5,0.5,0.28867512941360474,0.5,0.5,0.5,0.5,0.5,0.5,0.5773502588272095,0.0,0.5,0.5,0.5,0.5,0.5,0.5,0.5,0.3333333432674408,0.5,0.0,0.0,0.75,0.5,0.5,0.5773502588272095,0.5773502588272095,0.75,0.5,0.5773502588272095,0.5773502588272095,0.5773502588272095,0.5773502588272095,0.0,0.0,0.3535533845424652,0.3535533845424652,0.4472135901451111,0.6708203554153442,0.25,0.28867512941360474,0.5773502588272095,0.866025447845459,0.5773502588272095,0.3535533845424652,0.3535533845424652,0.7071067690849304,0.3535533845424652,0.3535533845424652,0.3535533845424652,0.3535533845424652,0.3535533845424652,0.75,0.5,0.75,0.5,0.28867512941360474,0.5773502588272095,0.7071067690849304,0.7071067690849304,0.5,0.5,0.5,0.5,0.3535533845424652,0.5,0.5,0.5773502588272095,0.5,0.5,0.5,0.5,0.5,0.5,0.3535533845424652,0.3535533845424652,0.75,0.5,0.3535533845424652,0.3535533845424652,0.5,0.75,0.3535533845424652,0.3535533845424652,0.3535533845424652,0.3535533845424652,0.25,0.25,0.25,0.28867512941360474,0.0,0.0,0.0,0.0,0.0,0.0,0.25,0.0,0.0,0.0,0.0,0.0,0.0,0.25,0.28867512941360474,0.0,0.0,0.0,0.0,0.0,0.0,0.0,0.0,0.0,0.0,0.25,0.0,0.0,0.0,0.0,0.0,0.28867512941360474,0.28867512941360474,0.28867512941360474,0.3535533845424652,0.0,0.0,0.0,0.0,0.0,0.0,0.0,0.0,0.3535533845424652,0.28867512941360474,0.0,0.0,0.0,0.0,0.0,0.0,0.0,0.0,0.0,0.25,0.25,0.0,0.0,0.0,0.0,0.0,0.0,0.0,0.0,0.0,0.0,0.0,0.5773502588272095,0.5773502588272095,0.3535533845424652,0.3535533845424652,0.0,0.0,0.0,0.0
AFDR,0.0,0.0,0.0,0.0,0.0,0.0,0.0,0.0,0.0,0.0,0.0,0.0,0.0,0.0,0.0,0.0,0.0,0.0,0.0,0.0,0.5,1.0,0.3535533845424652,0.7071067690849304,0.5,1.0,0.5,1.0,0.5,1.0,0.5,1.0,0.5,1.0,0.5,1.0,0.5,1.0,0.5,1.0,0.5,1.0,0.5,1.0,0.3535533845424652,0.3535533845424652,0.3535533845424652,0.7071067690849304,0.3535533845424652,0.3535533845424652,0.3535533845424652,0.3535533845424652,0.3535533845424652,0.3535533845424652,0.3535533845424652,0.7071067690849304,0.3535533845424652,0.3535533845424652,0.3535533845424652,0.3535533845424652,0.5,0.5,0.5773502588272095,0.0,0.0,0.0,0.3535533845424652,0.3535533845424652,0.40824827551841736,0.6123723983764648,0.5,0.75,0.0,0.0,0.3535533845424652,0.7071067690849304,0.3535533845424652,0.3535533845424652,0.3535533845424652,0.3535533845424652,0.3535533845424652,0.3535533845424652,0.5773502588272095,0.0,0.3535533845424652,0.3535533845424652,0.0,0.0,0.0,0.0,0.0,0.0,0.0,0.0,0.3535533845424652,0.3535533845424652,0.3535533845424652,0.7071067690849304,0.5,0.5,1.0,0.7071067690849304,0.7071067690849304,0.5773502588272095,0.866025447845459,0.7071067690849304,0.7071067690849304,0.5773502588272095,0.866025447845459,0.3535533845424652,0.3535533845424652,0.5,0.5,0.7071067690849304,0.7071067690849304,0.22360679507255554,0.5,0.5,0.0,0.0,0.28867512941360474,0.5773502588272095,0.7071067690849304,0.7071067690849304,0.5773502588272095,0.866025447845459,0.5773502588272095,0.866025447845459,0.7071067690849304,0.7071067690849304,0.7071067690849304,0.7071067690849304,0.5,0.5,0.7071067690849304,0.5773502588272095,0.5773502588272095,0.5,0.5,0.28867512941360474,0.5,0.5,0.5,0.5,0.5,0.5,0.5773502588272095,0.0,0.5,0.5,0.5,0.5,0.5,0.5,0.5,0.3333333432674408,0.5,0.0,0.0,0.5,0.5,0.5,0.5773502588272095,0.5773502588272095,0.5,0.75,0.5773502588272095,0.5773502588272095,0.5773502588272095,0.5773502588272095,0.0,0.0,0.3535533845424652,0.3535533845424652,0.6708203554153442,0.4472135901451111,0.5,0.5773502588272095,0.28867512941360474,0.5773502588272095,0.866025447845459,0.3535533845424652,0.3535533845424652,0.3535533845424652,0.7071067690849304,0.3535533845424652,0.3535533845424652,0.3535533845424652,0.3535533845424652,0.5,0.75,0.5,0.75,0.5773502588272095,0.28867512941360474,0.7071067690849304,0.7071067690849304,0.5,0.5,0.5,0.5,0.3535533845424652,0.5,0.5,0.5773502588272095,0.5,0.5,0.5,0.5,0.5,0.5,0.3535533845424652,0.3535533845424652,0.5,0.75,0.3535533845424652,0.3535533845424652,0.75,0.5,0.3535533845424652,0.3535533845424652,0.3535533845424652,0.3535533845424652,0.25,0.25,0.25,0.28867512941360474,0.0,0.0,0.0,0.0,0.0,0.0,0.25,0.0,0.0,0.0,0.0,0.0,0.0,0.25,0.28867512941360474,0.0,0.0,0.0,0.0,0.0,0.0,0.0,0.0,0.0,0.0,0.25,0.0,0.0,0.0,0.0,0.0,0.28867512941360474,0.28867512941360474,0.28867512941360474,0.3535533845424652,0.0,0.0,0.0,0.0,0.0,0.0,0.0,0.0,0.3535533845424652,0.28867512941360474,0.0,0.0,0.0,0.0,0.0,0.0,0.0,0.0,0.0,0.25,0.25,0.0,0.0,0.0,0.0,0.0,0.0,0.0,0.0,0.0,0.0,0.0,0.5773502588272095,0.5773502588272095,0.3535533845424652,0.3535533845424652,0.0,0.0,0.0,0.0
IL2DL,0.0,0.0,0.0,0.0,0.0,0.0,0.0,0.0,0.0,0.0,0.0,0.0,0.0,0.0,0.0,0.0,0.0,0.0,0.0,0.0,0.3535533845424652,0.3535533845424652,0.5000000596046448,0.5000000596046448,0.3535533845424652,0.3535533845424652,0.3535533845424652,0.3535533845424652,0.3535533845424652,0.3535533845424652,0.3535533845424652,0.3535533845424652,0.3535533845424652,0.3535533845424652,0.3535533845424652,0.3535533845424652,0.3535533845424652,0.3535533845424652,0.3535533845424652,0.3535533845424652,0.3535533845424652,0.3535533845424652,0.3535533845424652,0.3535533845424652,1.0,0.5000000596046448,0.5000000596046448,0.5000000596046448,0.5000000596046448,0.5000000596046448,1.0000001192092896,0.5000000596046448,0.5000000596046448,0.5000000596046448,0.5000000596046448,0.5000000596046448,1.0000001192092896,0.5000000596046448,0.5000000596046448,0.5000000596046448,0.7071067690849304,0.7071067690849304,0.40824830532073975,0.0,0.0,0.0,0.5000000596046448,0.5000000596046448,0.28867512941360474,0.28867512941360474,0.3535533845424652,0.3535533845424652,0.0,0.0,0.5000000596046448,0.5000000596046448,1.0000001192092896,0.5000000596046448,1.0000001192092896,0.5000000596046448,0.5000000596046448,0.5000000596046448,0.40824830532073975,0.0,0.5000000596046448,0.5000000596046448,0.0,0.0,0.0,0.0,0.0,0.0,0.0,0.0,0.5000000596046448,0.5000000596046448,0.5000000596046448,0.5000000596046448,0.3535533845424652,0.3535533845424652,0.3535533845424652,0.5000000596046448,0.5000000596046448,0.40824830532073975,0.40824830532073975,0.5000000596046448,0.5000000596046448,0.40824830532073975,0.40824830532073975,0.5000000596046448,0.5000000596046448,0.7071067690849304,0.7071067690849304,0.5000000596046448,0.5000000596046448,0.3162277638912201,0.3535533845424652,0.3535533845424652,0.0,0.0,0.40824830532073975,0.40824830532073975,0.5000000596046448,0.5000000596046448,0.40824830532073975,0.40824830532073975,0.40824830532073975,0.40824830532073975,0.5000000596046448,0.5000000596046448,0.5000000596046448,0.5000000596046448,0.7071067690849304,0.7071067690849304,0.5000000596046448,0.40824830532073975,0.40824830532073975,0.3535533845424652,0.3535533845424652,0.0,0.3535533845424652,0.3535533845424652,0.3535533845424652,0.3535533845424652,0.3535533845424652,0.3535533845424652,0.40824830532073975,0.0,0.3535533845424652,0.3535533845424652,0.3535533845424652,0.3535533845424652,0.3535533845424652,0.3535533845424652,0.3535533845424652,0.4714045524597168,0.3535533845424652,0.0,0.0,0.3535533845424652,0.3535533845424652,0.3535533845424652,0.40824830532073975,0.40824830532073975,0.3535533845424652,0.3535533845424652,0.40824830532073975,0.40824830532073975,0.40824830532073975,0.40824830532073975,0.0,0.0,0.5000000596046448,0.5000000596046448,0.3162277638912201,0.3162277638912201,0.0,0.0,0.0,0.40824830532073975,0.40824830532073975,1.0000001192092896,0.5000000596046448,0.5000000596046448,0.5000000596046448,0.5000000596046448,0.5000000596046448,0.5000000596046448,0.5000000596046448,0.3535533845424652,0.3535533845424652,0.3535533845424652,0.3535533845424652,0.40824830532073975,0.40824830532073975,0.5000000596046448,0.5000000596046448,0.7071067690849304,0.7071067690849304,0.7071067690849304,0.7071067690849304,0.5000000596046448,0.7071067690849304,0.7071067690849304,0.40824830532073975,0.7071067690849304,0.7071067690849304,0.7071067690849304,0.7071067690849304,0.7071067690849304,0.7071067690849304,0.5000000596046448,0.5000000596046448,0.3535533845424652,0.3535533845424652,0.5000000596046448,0.5000000596046448,0.3535533845424652,0.3535533845424652,1.0000001192092896,0.5000000596046448,0.5000000596046448,0.5000000596046448,0.0,0.0,0.0,0.0,0.0,0.0,0.0,0.0,0.0,0.0,0.0,0.0,0.0,0.0,0.0,0.0,0.0,0.0,0.0,0.0,0.0,0.0,0.0,0.0,0.0,0.0,0.0,0.0,0.0,0.0,0.0,0.0,0.0,0.0,0.0,0.0,0.0,0.0,0.0,0.0,0.0,0.0,0.0,0.0,0.0,0.0,0.0,0.0,0.0,0.0,0.0,0.0,0.0,0.0,0.0,0.0,0.0,0.0,0.0,0.0,0.0,0.0,0.0,0.0,0.0,0.0,0.0,0.0,0.0,0.0,0.0,0.40824830532073975,0.40824830532073975,0.0,0.0,0.0,0.0,0.0,0.0
IL2DR,0.0,0.0,0.0,0.0,0.0,0.0,0.0,0.0,0.0,0.0,0.0,0.0,0.0,0.0,0.0,0.0,0.0,0.0,0.0,0.0,0.3535533845424652,0.3535533845424652,0.5000000596046448,0.5000000596046448,0.3535533845424652,0.3535533845424652,0.3535533845424652,0.3535533845424652,0.3535533845424652,0.3535533845424652,0.3535533845424652,0.3535533845424652,0.3535533845424652,0.3535533845424652,0.3535533845424652,0.3535533845424652,0.3535533845424652,0.3535533845424652,0.3535533845424652,0.3535533845424652,0.3535533845424652,0.3535533845424652,0.3535533845424652,0.3535533845424652,0.5000000596046448,1.0,0.5000000596046448,0.5000000596046448,0.5000000596046448,0.5000000596046448,0.5000000596046448,1.0000001192092896,0.5000000596046448,0.5000000596046448,0.5000000596046448,0.5000000596046448,0.5000000596046448,1.0000001192092896,0.5000000596046448,0.5000000596046448,0.7071067690849304,0.7071067690849304,0.40824830532073975,0.0,0.0,0.0,0.5000000596046448,0.5000000596046448,0.28867512941360474,0.28867512941360474,0.3535533845424652,0.3535533845424652,0.0,0.0,0.5000000596046448,0.5000000596046448,0.5000000596046448,1.0000001192092896,0.5000000596046448,1.0000001192092896,0.5000000596046448,0.5000000596046448,0.40824830532073975,0.0,0.5000000596046448,0.5000000596046448,0.0,0.0,0.0,0.0,0.0,0.0,0.0,0.0,0.5000000596046448,0.5000000596046448,0.5000000596046448,0.5000000596046448,0.3535533845424652,0.3535533845424652,0.3535533845424652,0.5000000596046448,0.5000000596046448,0.40824830532073975,0.40824830532073975,0.5000000596046448,0.5000000596046448,0.40824830532073975,0.40824830532073975,0.5000000596046448,0.5000000596046448,0.7071067690849304,0.7071067690849304,0.5000000596046448,0.5000000596046448,0.3162277638912201,0.3535533845424652,0.3535533845424652,0.0,0.0,0.40824830532073975,0.40824830532073975,0.5000000596046448,0.5000000596046448,0.40824830532073975,0.40824830532073975,0.40824830532073975,0.40824830532073975,0.5000000596046448,0.5000000596046448,0.5000000596046448,0.5000000596046448,0.7071067690849304,0.7071067690849304,0.5000000596046448,0.40824830532073975,0.40824830532073975,0.3535533845424652,0.3535533845424652,0.0,0.3535533845424652,0.3535533845424652,0.3535533845424652,0.3535533845424652,0.3535533845424652,0.3535533845424652,0.40824830532073975,0.0,0.3535533845424652,0.3535533845424652,0.3535533845424652,0.3535533845424652,0.3535533845424652,0.3535533845424652,0.3535533845424652,0.4714045524597168,0.3535533845424652,0.0,0.0,0.3535533845424652,0.3535533845424652,0.3535533845424652,0.40824830532073975,0.40824830532073975,0.3535533845424652,0.3535533845424652,0.40824830532073975,0.40824830532073975,0.40824830532073975,0.40824830532073975,0.0,0.0,0.5000000596046448,0.5000000596046448,0.3162277638912201,0.3162277638912201,0.0,0.0,0.0,0.40824830532073975,0.40824830532073975,0.5000000596046448,1.0000001192092896,0.5000000596046448,0.5000000596046448,0.5000000596046448,0.5000000596046448,0.5000000596046448,0.5000000596046448,0.3535533845424652,0.3535533845424652,0.3535533845424652,0.3535533845424652,0.40824830532073975,0.40824830532073975,0.5000000596046448,0.5000000596046448,0.7071067690849304,0.7071067690849304,0.7071067690849304,0.7071067690849304,0.5000000596046448,0.7071067690849304,0.7071067690849304,0.40824830532073975,0.7071067690849304,0.7071067690849304,0.7071067690849304,0.7071067690849304,0.7071067690849304,0.7071067690849304,0.5000000596046448,0.5000000596046448,0.3535533845424652,0.3535533845424652,0.5000000596046448,0.5000000596046448,0.3535533845424652,0.3535533845424652,0.5000000596046448,1.0000001192092896,0.5000000596046448,0.5000000596046448,0.0,0.0,0.0,0.0,0.0,0.0,0.0,0.0,0.0,0.0,0.0,0.0,0.0,0.0,0.0,0.0,0.0,0.0,0.0,0.0,0.0,0.0,0.0,0.0,0.0,0.0,0.0,0.0,0.0,0.0,0.0,0.0,0.0,0.0,0.0,0.0,0.0,0.0,0.0,0.0,0.0,0.0,0.0,0.0,0.0,0.0,0.0,0.0,0.0,0.0,0.0,0.0,0.0,0.0,0.0,0.0,0.0,0.0,0.0,0.0,0.0,0.0,0.0,0.0,0.0,0.0,0.0,0.0,0.0,0.0,0.0,0.40824830532073975,0.40824830532073975,0.0,0.0,0.0,0.0,0.0,0.0
IL2L,0.0,0.0,0.0,0.0,0.0,0.0,0.0,0.0,0.0,0.0,0.0,0.0,0.0,0.0,0.0,0.0,0.0,0.0,0.0,0.0,0.7071067690849304,0.3535533845424652,1.0000001192092896,0.5000000596046448,0.7071067690849304,0.3535533845424652,0.7071067690849304,0.3535533845424652,0.7071067690849304,0.3535533845424652,0.7071067690849304,0.3535533845424652,0.7071067690849304,0.3535533845424652,0.7071067690849304,0.3535533845424652,0.7071067690849304,0.3535533845424652,0.7071067690849304,0.3535533845424652,0.7071067690849304,0.3535533845424652,0.7071067690849304,0.3535533845424652,0.5000000596046448,0.5000000596046448,1.0,0.5000000596046448,0.5000000596046448,0.5000000596046448,0.5000000596046448,0.5000000596046448,0.5000000596046448,0.5000000596046448,1.0000001192092896,0.5000000596046448,0.5000000596046448,0.5000000596046448,0.5000000596046448,0.5000000596046448,0.7071067690849304,0.7071067690849304,0.40824830532073975,0.0,0.0,0.0,0.5000000596046448,0.5000000596046448,0.28867512941360474,0.28867512941360474,0.7071067690849304,0.3535533845424652,0.0,0.0,1.0000001192092896,0.5000000596046448,0.5000000596046448,0.5000000596046448,0.5000000596046448,0.5000000596046448,0.5000000596046448,0.5000000596046448,0.40824830532073975,0.0,0.5000000596046448,0.5000000596046448,0.0,0.0,0.0,0.0,0.0,0.0,0.0,0.0,0.5000000596046448,0.5000000596046448,1.0000001192092896,0.5000000596046448,0.3535533845424652,0.7071067690849304,0.3535533845424652,0.5000000596046448,0.5000000596046448,0.40824830532073975,0.40824830532073975,0.5000000596046448,0.5000000596046448,0.40824830532073975,0.40824830532073975,0.5000000596046448,0.5000000596046448,0.7071067690849304,0.7071067690849304,0.5000000596046448,0.5000000596046448,0.3162277638912201,0.3535533845424652,0.3535533845424652,0.0,0.0,0.8164966106414795,0.40824830532073975,0.5000000596046448,0.5000000596046448,0.40824830532073975,0.40824830532073975,0.40824830532073975,0.40824830532073975,0.5000000596046448,0.5000000596046448,0.5000000596046448,0.5000000596046448,0.7071067690849304,0.7071067690849304,0.5000000596046448,0.40824830532073975,0.40824830532073975,0.3535533845424652,0.3535533845424652,0.0,0.3535533845424652,0.3535533845424652,0.3535533845424652,0.3535533845424652,0.3535533845424652,0.3535533845424652,0.40824830532073975,0.0,0.3535533845424652,0.3535533845424652,0.3535533845424652,0.3535533845424652,0.3535533845424652,0.3535533845424652,0.3535533845424652,0.2357022762298584,0.3535533845424652,0.0,0.0,0.3535533845424652,0.3535533845424652,0.3535533845424652,0.40824830532073975,0.40824830532073975,0.3535533845424652,0.3535533845424652,0.40824830532073975,0.40824830532073975,0.40824830532073975,0.40824830532073975,0.0,0.0,0.5000000596046448,0.5000000596046448,0.3162277638912201,0.3162277638912201,0.0,0.0,0.0,0.40824830532073975,0.40824830532073975,0.5000000596046448,0.5000000596046448,1.0000001192092896,0.5000000596046448,0.5000000596046448,0.5000000596046448,0.5000000596046448,0.5000000596046448,0.3535533845424652,0.3535533845424652,0.3535533845424652,0.3535533845424652,0.40824830532073975,0.40824830532073975,0.5000000596046448,0.5000000596046448,0.7071067690849304,0.7071067690849304,0.7071067690849304,0.7071067690849304,0.5000000596046448,0.7071067690849304,0.7071067690849304,0.40824830532073975,0.7071067690849304,0.7071067690849304,0.7071067690849304,0.7071067690849304,0.7071067690849304,0.7071067690849304,0.5000000596046448,0.5000000596046448,0.3535533845424652,0.3535533845424652,0.5000000596046448,0.5000000596046448,0.3535533845424652,0.3535533845424652,0.5000000596046448,0.5000000596046448,0.5000000596046448,0.5000000596046448,0.0,0.0,0.0,0.0,0.0,0.0,0.0,0.0,0.0,0.0,0.0,0.0,0.0,0.0,0.0,0.0,0.0,0.0,0.0,0.0,0.0,0.0,0.0,0.0,0.0,0.0,0.0,0.0,0.0,0.0,0.0,0.0,0.0,0.0,0.0,0.0,0.0,0.0,0.0,0.0,0.0,0.0,0.0,0.0,0.0,0.0,0.0,0.0,0.0,0.0,0.0,0.0,0.0,0.0,0.0,0.0,0.0,0.0,0.0,0.0,0.0,0.0,0.0,0.0,0.0,0.0,0.0,0.0,0.0,0.0,0.0,0.40824830532073975,0.40824830532073975,0.0,0.0,0.0,0.0,0.0,0.0
IL2R,0.0,0.0,0.0,0.0,0.0,0.0,0.0,0.0,0.0,0.0,0.0,0.0,0.0,0.0,0.0,0.0,0.0,0.0,0.0,0.0,0.3535533845424652,0.7071067690849304,0.5000000596046448,1.0000001192092896,0.3535533845424652,0.7071067690849304,0.3535533845424652,0.7071067690849304,0.3535533845424652,0.7071067690849304,0.3535533845424652,0.7071067690849304,0.3535533845424652,0.7071067690849304,0.3535533845424652,0.7071067690849304,0.3535533845424652,0.7071067690849304,0.3535533845424652,0.7071067690849304,0.3535533845424652,0.7071067690849304,0.3535533845424652,0.7071067690849304,0.5000000596046448,0.5000000596046448,0.5000000596046448,1.0,0.5000000596046448,0.5000000596046448,0.5000000596046448,0.5000000596046448,0.5000000596046448,0.5000000596046448,0.5000000596046448,1.0000001192092896,0.5000000596046448,0.5000000596046448,0.5000000596046448,0.5000000596046448,0.7071067690849304,0.7071067690849304,0.40824830532073975,0.0,0.0,0.0,0.5000000596046448,0.5000000596046448,0.28867512941360474,0.28867512941360474,0.3535533845424652,0.7071067690849304,0.0,0.0,0.5000000596046448,1.0000001192092896,0.5000000596046448,0.5000000596046448,0.5000000596046448,0.5000000596046448,0.5000000596046448,0.5000000596046448,0.40824830532073975,0.0,0.5000000596046448,0.5000000596046448,0.0,0.0,0.0,0.0,0.0,0.0,0.0,0.0,0.5000000596046448,0.5000000596046448,0.5000000596046448,1.0000001192092896,0.3535533845424652,0.3535533845424652,0.7071067690849304,0.5000000596046448,0.5000000596046448,0.40824830532073975,0.40824830532073975,0.5000000596046448,0.5000000596046448,0.40824830532073975,0.40824830532073975,0.5000000596046448,0.5000000596046448,0.7071067690849304,0.7071067690849304,0.5000000596046448,0.5000000596046448,0.3162277638912201,0.3535533845424652,0.3535533845424652,0.0,0.0,0.40824830532073975,0.8164966106414795,0.5000000596046448,0.5000000596046448,0.40824830532073975,0.40824830532073975,0.40824830532073975,0.40824830532073975,0.5000000596046448,0.5000000596046448,0.5000000596046448,0.5000000596046448,0.7071067690849304,0.7071067690849304,0.5000000596046448,0.40824830532073975,0.40824830532073975,0.3535533845424652,0.3535533845424652,0.0,0.3535533845424652,0.3535533845424652,0.3535533845424652,0.3535533845424652,0.3535533845424652,0.3535533845424652,0.40824830532073975,0.0,0.3535533845424652,0.3535533845424652,0.3535533845424652,0.3535533845424652,0.3535533845424652,0.3535533845424652,0.3535533845424652,0.2357022762298584,0.3535533845424652,0.0,0.0,0.3535533845424652,0.3535533845424652,0.3535533845424652,0.40824830532073975,0.40824830532073975,0.3535533845424652,0.3535533845424652,0.40824830532073975,0.40824830532073975,0.40824830532073975,0.40824830532073975,0.0,0.0,0.5000000596046448,0.5000000596046448,0.3162277638912201,0.3162277638912201,0.0,0.0,0.0,0.40824830532073975,0.40824830532073975,0.5000000596046448,0.5000000596046448,0.5000000596046448,1.0000001192092896,0.5000000596046448,0.5000000596046448,0.5000000596046448,0.5000000596046448,0.3535533845424652,0.3535533845424652,0.3535533845424652,0.3535533845424652,0.40824830532073975,0.40824830532073975,0.5000000596046448,0.5000000596046448,0.7071067690849304,0.7071067690849304,0.7071067690849304,0.7071067690849304,0.5000000596046448,0.7071067690849304,0.7071067690849304,0.40824830532073975,0.7071067690849304,0.7071067690849304,0.7071067690849304,0.7071067690849304,0.7071067690849304,0.7071067690849304,0.5000000596046448,0.5000000596046448,0.3535533845424652,0.3535533845424652,0.5000000596046448,0.5000000596046448,0.3535533845424652,0.3535533845424652,0.5000000596046448,0.5000000596046448,0.5000000596046448,0.5000000596046448,0.0,0.0,0.0,0.0,0.0,0.0,0.0,0.0,0.0,0.0,0.0,0.0,0.0,0.0,0.0,0.0,0.0,0.0,0.0,0.0,0.0,0.0,0.0,0.0,0.0,0.0,0.0,0.0,0.0,0.0,0.0,0.0,0.0,0.0,0.0,0.0,0.0,0.0,0.0,0.0,0.0,0.0,0.0,0.0,0.0,0.0,0.0,0.0,0.0,0.0,0.0,0.0,0.0,0.0,0.0,0.0,0.0,0.0,0.0,0.0,0.0,0.0,0.0,0.0,0.0,0.0,0.0,0.0,0.0,0.0,0.0,0.40824830532073975,0.40824830532073975,0.0,0.0,0.0,0.0,0.0,0.0
IL2VL,0.0,0.0,0.0,0.0,0.0,0.0,0.0,0.0,0.0,0.0,0.0,0.0,0.0,0.0,0.0,0.0,0.0,0.0,0.0,0.0,0.3535533845424652,0.3535533845424652,0.5000000596046448,0.5000000596046448,0.3535533845424652,0.3535533845424652,0.3535533845424652,0.3535533845424652,0.3535533845424652,0.3535533845424652,0.3535533845424652,0.3535533845424652,0.3535533845424652,0.3535533845424652,0.3535533845424652,0.3535533845424652,0.3535533845424652,0.3535533845424652,0.3535533845424652,0.3535533845424652,0.3535533845424652,0.3535533845424652,0.3535533845424652,0.3535533845424652,0.5000000596046448,0.5000000596046448,0.5000000596046448,0.5000000596046448,1.0,0.5000000596046448,0.5000000596046448,0.5000000596046448,1.0000001192092896,0.5000000596046448,0.5000000596046448,0.5000000596046448,0.5000000596046448,0.5000000596046448,1.0000001192092896,0.5000000596046448,0.7071067690849304,0.7071067690849304,0.40824830532073975,0.0,0.0,0.0,0.5000000596046448,0.5000000596046448,0.28867512941360474,0.28867512941360474,0.3535533845424652,0.3535533845424652,0.0,0.0,0.5000000596046448,0.5000000596046448,0.5000000596046448,0.5000000596046448,0.5000000596046448,0.5000000596046448,1.0000001192092896,0.5000000596046448,0.40824830532073975,0.0,0.5000000596046448,0.5000000596046448,0.0,0.0,0.0,0.0,0.0,0.0,0.0,0.0,0.5000000596046448,0.5000000596046448,0.5000000596046448,0.5000000596046448,0.3535533845424652,0.3535533845424652,0.3535533845424652,0.5000000596046448,0.5000000596046448,0.40824830532073975,0.40824830532073975,0.5000000596046448,0.5000000596046448,0.40824830532073975,0.40824830532073975,0.5000000596046448,0.5000000596046448,0.7071067690849304,0.7071067690849304,0.5000000596046448,0.5000000596046448,0.3162277638912201,0.3535533845424652,0.3535533845424652,0.0,0.0,0.40824830532073975,0.40824830532073975,0.5000000596046448,0.5000000596046448,0.40824830532073975,0.40824830532073975,0.40824830532073975,0.40824830532073975,0.5000000596046448,0.5000000596046448,0.5000000596046448,0.5000000596046448,0.7071067690849304,0.7071067690849304,0.5000000596046448,0.40824830532073975,0.40824830532073975,0.3535533845424652,0.3535533845424652,0.0,0.3535533845424652,0.3535533845424652,0.3535533845424652,0.3535533845424652,0.3535533845424652,0.3535533845424652,0.40824830532073975,0.0,0.3535533845424652,0.3535533845424652,0.3535533845424652,0.3535533845424652,0.3535533845424652,0.3535533845424652,0.3535533845424652,0.4714045524597168,0.3535533845424652,0.0,0.0,0.3535533845424652,0.3535533845424652,0.3535533845424652,0.40824830532073975,0.40824830532073975,0.3535533845424652,0.3535533845424652,0.40824830532073975,0.40824830532073975,0.40824830532073975,0.40824830532073975,0.0,0.0,0.5000000596046448,0.5000000596046448,0.3162277638912201,0.3162277638912201,0.0,0.0,0.0,0.40824830532073975,0.40824830532073975,0.5000000596046448,0.5000000596046448,0.5000000596046448,0.5000000596046448,1.0000001192092896,0.5000000596046448,0.5000000596046448,0.5000000596046448,0.3535533845424652,0.3535533845424652,0.3535533845424652,0.3535533845424652,0.40824830532073975,0.40824830532073975,0.5000000596046448,0.5000000596046448,0.7071067690849304,0.7071067690849304,0.7071067690849304,0.7071067690849304,0.5000000596046448,0.7071067690849304,0.7071067690849304,0.40824830532073975,0.7071067690849304,0.7071067690849304,0.7071067690849304,0.7071067690849304,0.7071067690849304,0.7071067690849304,0.5000000596046448,0.5000000596046448,0.3535533845424652,0.3535533845424652,0.5000000596046448,0.5000000596046448,0.3535533845424652,0.3535533845424652,0.5000000596046448,0.5000000596046448,1.0000001192092896,0.5000000596046448,0.0,0.0,0.0,0.0,0.0,0.0,0.0,0.0,0.0,0.0,0.0,0.0,0.0,0.0,0.0,0.0,0.0,0.0,0.0,0.0,0.0,0.0,0.0,0.0,0.0,0.0,0.0,0.0,0.0,0.0,0.0,0.0,0.0,0.0,0.0,0.0,0.0,0.0,0.0,0.0,0.0,0.0,0.0,0.0,0.0,0.0,0.0,0.0,0.0,0.0,0.0,0.0,0.0,0.0,0.0,0.0,0.0,0.0,0.0,0.0,0.0,0.0,0.0,0.0,0.0,0.0,0.0,0.0,0.0,0.0,0.0,0.40824830532073975,0.40824830532073975,0.0,0.0,0.0,0.0,0.0,0.0
IL2VR,0.0,0.0,0.0,0.0,0.0,0.0,0.0,0.0,0.0,0.0,0.0,0.0,0.0,0.0,0.0,0.0,0.0,0.0,0.0,0.0,0.3535533845424652,0.3535533845424652,0.5000000596046448,0.5000000596046448,0.3535533845424652,0.3535533845424652,0.3535533845424652,0.3535533845424652,0.3535533845424652,0.3535533845424652,0.3535533845424652,0.3535533845424652,0.3535533845424652,0.3535533845424652,0.3535533845424652,0.3535533845424652,0.3535533845424652,0.3535533845424652,0.3535533845424652,0.3535533845424652,0.3535533845424652,0.3535533845424652,0.3535533845424652,0.3535533845424652,0.5000000596046448,0.5000000596046448,0.5000000596046448,0.5000000596046448,0.5000000596046448,1.0,0.5000000596046448,0.5000000596046448,0.5000000596046448,1.0000001192092896,0.5000000596046448,0.5000000596046448,0.5000000596046448,0.5000000596046448,0.5000000596046448,1.0000001192092896,0.7071067690849304,0.7071067690849304,0.40824830532073975,0.0,0.0,0.0,0.5000000596046448,0.5000000596046448,0.28867512941360474,0.28867512941360474,0.3535533845424652,0.3535533845424652,0.0,0.0,0.5000000596046448,0.5000000596046448,0.5000000596046448,0.5000000596046448,0.5000000596046448,0.5000000596046448,0.5000000596046448,1.0000001192092896,0.40824830532073975,0.0,0.5000000596046448,0.5000000596046448,0.0,0.0,0.0,0.0,0.0,0.0,0.0,0.0,0.5000000596046448,0.5000000596046448,0.5000000596046448,0.5000000596046448,0.3535533845424652,0.3535533845424652,0.3535533845424652,0.5000000596046448,0.5000000596046448,0.40824830532073975,0.40824830532073975,0.5000000596046448,0.5000000596046448,0.40824830532073975,0.40824830532073975,0.5000000596046448,0.5000000596046448,0.7071067690849304,0.7071067690849304,0.5000000596046448,0.5000000596046448,0.3162277638912201,0.3535533845424652,0.3535533845424652,0.0,0.0,0.40824830532073975,0.40824830532073975,0.5000000596046448,0.5000000596046448,0.40824830532073975,0.40824830532073975,0.40824830532073975,0.40824830532073975,0.5000000596046448,0.5000000596046448,0.5000000596046448,0.5000000596046448,0.7071067690849304,0.7071067690849304,0.5000000596046448,0.40824830532073975,0.40824830532073975,0.3535533845424652,0.3535533845424652,0.0,0.3535533845424652,0.3535533845424652,0.3535533845424652,0.3535533845424652,0.3535533845424652,0.3535533845424652,0.40824830532073975,0.0,0.3535533845424652,0.3535533845424652,0.3535533845424652,0.3535533845424652,0.3535533845424652,0.3535533845424652,0.3535533845424652,0.4714045524597168,0.3535533845424652,0.0,0.0,0.3535533845424652,0.3535533845424652,0.3535533845424652,0.40824830532073975,0.40824830532073975,0.3535533845424652,0.3535533845424652,0.40824830532073975,0.40824830532073975,0.40824830532073975,0.40824830532073975,0.0,0.0,0.5000000596046448,0.5000000596046448,0.3162277638912201,0.3162277638912201,0.0,0.0,0.0,0.40824830532073975,0.40824830532073975,0.5000000596046448,0.5000000596046448,0.5000000596046448,0.5000000596046448,0.5000000596046448,1.0000001192092896,0.5000000596046448,0.5000000596046448,0.3535533845424652,0.3535533845424652,0.3535533845424652,0.3535533845424652,0.40824830532073975,0.40824830532073975,0.5000000596046448,0.5000000596046448,0.7071067690849304,0.7071067690849304,0.7071067690849304,0.7071067690849304,0.5000000596046448,0.7071067690849304,0.7071067690849304,0.40824830532073975,0.7071067690849304,0.7071067690849304,0.7071067690849304,0.7071067690849304,0.7071067690849304,0.7071067690849304,0.5000000596046448,0.5000000596046448,0.3535533845424652,0.3535533845424652,0.5000000596046448,0.5000000596046448,0.3535533845424652,0.3535533845424652,0.5000000596046448,0.5000000596046448,0.5000000596046448,1.0000001192092896,0.0,0.0,0.0,0.0,0.0,0.0,0.0,0.0,0.0,0.0,0.0,0.0,0.0,0.0,0.0,0.0,0.0,0.0,0.0,0.0,0.0,0.0,0.0,0.0,0.0,0.0,0.0,0.0,0.0,0.0,0.0,0.0,0.0,0.0,0.0,0.0,0.0,0.0,0.0,0.0,0.0,0.0,0.0,0.0,0.0,0.0,0.0,0.0,0.0,0.0,0.0,0.0,0.0,0.0,0.0,0.0,0.0,0.0,0.0,0.0,0.0,0.0,0.0,0.0,0.0,0.0,0.0,0.0,0.0,0.0,0.0,0.40824830532073975,0.40824830532073975,0.0,0.0,0.0,0.0,0.0,0.0
OLQDL,0.0,0.0,0.0,0.0,0.0,0.0,0.0,0.0,0.0,0.0,0.0,0.0,0.0,0.0,0.0,0.0,0.0,0.0,0.0,0.0,0.3535533845424652,0.3535533845424652,0.5000000596046448,0.5000000596046448,0.3535533845424652,0.3535533845424652,0.3535533845424652,0.3535533845424652,0.3535533845424652,0.3535533845424652,0.3535533845424652,0.3535533845424652,0.3535533845424652,0.3535533845424652,0.3535533845424652,0.3535533845424652,0.3535533845424652,0.3535533845424652,0.3535533845424652,0.3535533845424652,0.3535533845424652,0.3535533845424652,0.3535533845424652,0.3535533845424652,1.0000001192092896,0.5000000596046448,0.5000000596046448,0.5000000596046448,0.5000000596046448,0.5000000596046448,1.0,0.5000000596046448,0.5000000596046448,0.5000000596046448,0.5000000596046448,0.5000000596046448,1.0000001192092896,0.5000000596046448,0.5000000596046448,0.5000000596046448,0.7071067690849304,0.7071067690849304,0.40824830532073975,0.0,0.0,0.0,0.5000000596046448,0.5000000596046448,0.28867512941360474,0.28867512941360474,0.3535533845424652,0.3535533845424652,0.0,0.0,0.5000000596046448,0.5000000596046448,1.0000001192092896,0.5000000596046448,1.0000001192092896,0.5000000596046448,0.5000000596046448,0.5000000596046448,0.40824830532073975,0.0,0.5000000596046448,0.5000000596046448,0.0,0.0,0.0,0.0,0.0,0.0,0.0,0.0,0.5000000596046448,0.5000000596046448,0.5000000596046448,0.5000000596046448,0.3535533845424652,0.3535533845424652,0.3535533845424652,0.5000000596046448,0.5000000596046448,0.40824830532073975,0.40824830532073975,0.5000000596046448,0.5000000596046448,0.40824830532073975,0.40824830532073975,0.5000000596046448,0.5000000596046448,0.7071067690849304,0.7071067690849304,0.5000000596046448,0.5000000596046448,0.3162277638912201,0.3535533845424652,0.3535533845424652,0.0,0.0,0.40824830532073975,0.40824830532073975,0.5000000596046448,0.5000000596046448,0.40824830532073975,0.40824830532073975,0.40824830532073975,0.40824830532073975,0.5000000596046448,0.5000000596046448,0.5000000596046448,0.5000000596046448,0.7071067690849304,0.7071067690849304,0.5000000596046448,0.40824830532073975,0.40824830532073975,0.3535533845424652,0.3535533845424652,0.0,0.3535533845424652,0.3535533845424652,0.3535533845424652,0.3535533845424652,0.3535533845424652,0.3535533845424652,0.40824830532073975,0.0,0.3535533845424652,0.3535533845424652,0.3535533845424652,0.3535533845424652,0.3535533845424652,0.3535533845424652,0.3535533845424652,0.4714045524597168,0.3535533845424652,0.0,0.0,0.3535533845424652,0.3535533845424652,0.3535533845424652,0.40824830532073975,0.40824830532073975,0.3535533845424652,0.3535533845424652,0.40824830532073975,0.40824830532073975,0.40824830532073975,0.40824830532073975,0.0,0.0,0.5000000596046448,0.5000000596046448,0.3162277638912201,0.3162277638912201,0.0,0.0,0.0,0.40824830532073975,0.40824830532073975,1.0000001192092896,0.5000000596046448,0.5000000596046448,0.5000000596046448,0.5000000596046448,0.5000000596046448,0.5000000596046448,0.5000000596046448,0.3535533845424652,0.3535533845424652,0.3535533845424652,0.3535533845424652,0.40824830532073975,0.40824830532073975,0.5000000596046448,0.5000000596046448,0.7071067690849304,0.7071067690849304,0.7071067690849304,0.7071067690849304,0.5000000596046448,0.7071067690849304,0.7071067690849304,0.40824830532073975,0.7071067690849304,0.7071067690849304,0.7071067690849304,0.7071067690849304,0.7071067690849304,0.7071067690849304,0.5000000596046448,0.5000000596046448,0.3535533845424652,0.3535533845424652,0.5000000596046448,0.5000000596046448,0.3535533845424652,0.3535533845424652,1.0000001192092896,0.5000000596046448,0.5000000596046448,0.5000000596046448,0.0,0.0,0.0,0.0,0.0,0.0,0.0,0.0,0.0,0.0,0.0,0.0,0.0,0.0,0.0,0.0,0.0,0.0,0.0,0.0,0.0,0.0,0.0,0.0,0.0,0.0,0.0,0.0,0.0,0.0,0.0,0.0,0.0,0.0,0.0,0.0,0.0,0.0,0.0,0.0,0.0,0.0,0.0,0.0,0.0,0.0,0.0,0.0,0.0,0.0,0.0,0.0,0.0,0.0,0.0,0.0,0.0,0.0,0.0,0.0,0.0,0.0,0.0,0.0,0.0,0.0,0.0,0.0,0.0,0.0,0.0,0.40824830532073975,0.40824830532073975,0.0,0.0,0.0,0.0,0.0,0.0
OLQDR,0.0,0.0,0.0,0.0,0.0,0.0,0.0,0.0,0.0,0.0,0.0,0.0,0.0,0.0,0.0,0.0,0.0,0.0,0.0,0.0,0.3535533845424652,0.3535533845424652,0.5000000596046448,0.5000000596046448,0.3535533845424652,0.3535533845424652,0.3535533845424652,0.3535533845424652,0.3535533845424652,0.3535533845424652,0.3535533845424652,0.3535533845424652,0.3535533845424652,0.3535533845424652,0.3535533845424652,0.3535533845424652,0.3535533845424652,0.3535533845424652,0.3535533845424652,0.3535533845424652,0.3535533845424652,0.3535533845424652,0.3535533845424652,0.3535533845424652,0.5000000596046448,1.0000001192092896,0.5000000596046448,0.5000000596046448,0.5000000596046448,0.5000000596046448,0.5000000596046448,1.0,0.5000000596046448,0.5000000596046448,0.5000000596046448,0.5000000596046448,0.5000000596046448,1.0000001192092896,0.5000000596046448,0.5000000596046448,0.7071067690849304,0.7071067690849304,0.40824830532073975,0.0,0.0,0.0,0.5000000596046448,0.5000000596046448,0.28867512941360474,0.28867512941360474,0.3535533845424652,0.3535533845424652,0.0,0.0,0.5000000596046448,0.5000000596046448,0.5000000596046448,1.0000001192092896,0.5000000596046448,1.0000001192092896,0.5000000596046448,0.5000000596046448,0.40824830532073975,0.0,0.5000000596046448,0.5000000596046448,0.0,0.0,0.0,0.0,0.0,0.0,0.0,0.0,0.5000000596046448,0.5000000596046448,0.5000000596046448,0.5000000596046448,0.3535533845424652,0.3535533845424652,0.3535533845424652,0.5000000596046448,0.5000000596046448,0.40824830532073975,0.40824830532073975,0.5000000596046448,0.5000000596046448,0.40824830532073975,0.40824830532073975,0.5000000596046448,0.5000000596046448,0.7071067690849304,0.7071067690849304,0.5000000596046448,0.5000000596046448,0.3162277638912201,0.3535533845424652,0.3535533845424652,0.0,0.0,0.40824830532073975,0.40824830532073975,0.5000000596046448,0.5000000596046448,0.40824830532073975,0.40824830532073975,0.40824830532073975,0.40824830532073975,0.5000000596046448,0.5000000596046448,0.5000000596046448,0.5000000596046448,0.7071067690849304,0.7071067690849304,0.5000000596046448,0.40824830532073975,0.40824830532073975,0.3535533845424652,0.3535533845424652,0.0,0.3535533845424652,0.3535533845424652,0.3535533845424652,0.3535533845424652,0.3535533845424652,0.3535533845424652,0.40824830532073975,0.0,0.3535533845424652,0.3535533845424652,0.3535533845424652,0.3535533845424652,0.3535533845424652,0.3535533845424652,0.3535533845424652,0.4714045524597168,0.3535533845424652,0.0,0.0,0.3535533845424652,0.3535533845424652,0.3535533845424652,0.40824830532073975,0.40824830532073975,0.3535533845424652,0.3535533845424652,0.40824830532073975,0.40824830532073975,0.40824830532073975,0.40824830532073975,0.0,0.0,0.5000000596046448,0.5000000596046448,0.3162277638912201,0.3162277638912201,0.0,0.0,0.0,0.40824830532073975,0.40824830532073975,0.5000000596046448,1.0000001192092896,0.5000000596046448,0.5000000596046448,0.5000000596046448,0.5000000596046448,0.5000000596046448,0.5000000596046448,0.3535533845424652,0.3535533845424652,0.3535533845424652,0.3535533845424652,0.40824830532073975,0.40824830532073975,0.5000000596046448,0.5000000596046448,0.7071067690849304,0.7071067690849304,0.7071067690849304,0.7071067690849304,0.5000000596046448,0.7071067690849304,0.7071067690849304,0.40824830532073975,0.7071067690849304,0.7071067690849304,0.7071067690849304,0.7071067690849304,0.7071067690849304,0.7071067690849304,0.5000000596046448,0.5000000596046448,0.3535533845424652,0.3535533845424652,0.5000000596046448,0.5000000596046448,0.3535533845424652,0.3535533845424652,0.5000000596046448,1.0000001192092896,0.5000000596046448,0.5000000596046448,0.0,0.0,0.0,0.0,0.0,0.0,0.0,0.0,0.0,0.0,0.0,0.0,0.0,0.0,0.0,0.0,0.0,0.0,0.0,0.0,0.0,0.0,0.0,0.0,0.0,0.0,0.0,0.0,0.0,0.0,0.0,0.0,0.0,0.0,0.0,0.0,0.0,0.0,0.0,0.0,0.0,0.0,0.0,0.0,0.0,0.0,0.0,0.0,0.0,0.0,0.0,0.0,0.0,0.0,0.0,0.0,0.0,0.0,0.0,0.0,0.0,0.0,0.0,0.0,0.0,0.0,0.0,0.0,0.0,0.0,0.0,0.40824830532073975,0.40824830532073975,0.0,0.0,0.0,0.0,0.0,0.0
OLQVL,0.0,0.0,0.0,0.0,0.0,0.0,0.0,0.0,0.0,0.0,0.0,0.0,0.0,0.0,0.0,0.0,0.0,0.0,0.0,0.0,0.3535533845424652,0.3535533845424652,0.5000000596046448,0.5000000596046448,0.3535533845424652,0.3535533845424652,0.3535533845424652,0.3535533845424652,0.3535533845424652,0.3535533845424652,0.3535533845424652,0.3535533845424652,0.3535533845424652,0.3535533845424652,0.3535533845424652,0.3535533845424652,0.3535533845424652,0.3535533845424652,0.3535533845424652,0.3535533845424652,0.3535533845424652,0.3535533845424652,0.3535533845424652,0.3535533845424652,0.5000000596046448,0.5000000596046448,0.5000000596046448,0.5000000596046448,1.0000001192092896,0.5000000596046448,0.5000000596046448,0.5000000596046448,1.0,0.5000000596046448,0.5000000596046448,0.5000000596046448,0.5000000596046448,0.5000000596046448,1.0000001192092896,0.5000000596046448,0.7071067690849304,0.7071067690849304,0.40824830532073975,0.0,0.0,0.0,0.5000000596046448,0.5000000596046448,0.28867512941360474,0.28867512941360474,0.3535533845424652,0.3535533845424652,0.0,0.0,0.5000000596046448,0.5000000596046448,0.5000000596046448,0.5000000596046448,0.5000000596046448,0.5000000596046448,1.0000001192092896,0.5000000596046448,0.40824830532073975,0.0,0.5000000596046448,0.5000000596046448,0.0,0.0,0.0,0.0,0.0,0.0,0.0,0.0,0.5000000596046448,0.5000000596046448,0.5000000596046448,0.5000000596046448,0.3535533845424652,0.3535533845424652,0.3535533845424652,0.5000000596046448,0.5000000596046448,0.40824830532073975,0.40824830532073975,0.5000000596046448,0.5000000596046448,0.40824830532073975,0.40824830532073975,0.5000000596046448,0.5000000596046448,0.7071067690849304,0.7071067690849304,0.5000000596046448,0.5000000596046448,0.3162277638912201,0.3535533845424652,0.3535533845424652,0.0,0.0,0.40824830532073975,0.40824830532073975,0.5000000596046448,0.5000000596046448,0.40824830532073975,0.40824830532073975,0.40824830532073975,0.40824830532073975,0.5000000596046448,0.5000000596046448,0.5000000596046448,0.5000000596046448,0.7071067690849304,0.7071067690849304,0.5000000596046448,0.40824830532073975,0.40824830532073975,0.3535533845424652,0.3535533845424652,0.0,0.3535533845424652,0.3535533845424652,0.3535533845424652,0.3535533845424652,0.3535533845424652,0.3535533845424652,0.40824830532073975,0.0,0.3535533845424652,0.3535533845424652,0.3535533845424652,0.3535533845424652,0.3535533845424652,0.3535533845424652,0.3535533845424652,0.4714045524597168,0.3535533845424652,0.0,0.0,0.3535533845424652,0.3535533845424652,0.3535533845424652,0.40824830532073975,0.40824830532073975,0.3535533845424652,0.3535533845424652,0.40824830532073975,0.40824830532073975,0.40824830532073975,0.40824830532073975,0.0,0.0,0.5000000596046448,0.5000000596046448,0.3162277638912201,0.3162277638912201,0.0,0.0,0.0,0.40824830532073975,0.40824830532073975,0.5000000596046448,0.5000000596046448,0.5000000596046448,0.5000000596046448,1.0000001192092896,0.5000000596046448,0.5000000596046448,0.5000000596046448,0.3535533845424652,0.3535533845424652,0.3535533845424652,0.3535533845424652,0.40824830532073975,0.40824830532073975,0.5000000596046448,0.5000000596046448,0.7071067690849304,0.7071067690849304,0.7071067690849304,0.7071067690849304,0.5000000596046448,0.7071067690849304,0.7071067690849304,0.40824830532073975,0.7071067690849304,0.7071067690849304,0.7071067690849304,0.7071067690849304,0.7071067690849304,0.7071067690849304,0.5000000596046448,0.5000000596046448,0.3535533845424652,0.3535533845424652,0.5000000596046448,0.5000000596046448,0.3535533845424652,0.3535533845424652,0.5000000596046448,0.5000000596046448,1.0000001192092896,0.5000000596046448,0.0,0.0,0.0,0.0,0.0,0.0,0.0,0.0,0.0,0.0,0.0,0.0,0.0,0.0,0.0,0.0,0.0,0.0,0.0,0.0,0.0,0.0,0.0,0.0,0.0,0.0,0.0,0.0,0.0,0.0,0.0,0.0,0.0,0.0,0.0,0.0,0.0,0.0,0.0,0.0,0.0,0.0,0.0,0.0,0.0,0.0,0.0,0.0,0.0,0.0,0.0,0.0,0.0,0.0,0.0,0.0,0.0,0.0,0.0,0.0,0.0,0.0,0.0,0.0,0.0,0.0,0.0,0.0,0.0,0.0,0.0,0.40824830532073975,0.40824830532073975,0.0,0.0,0.0,0.0,0.0,0.0
OLQVR,0.0,0.0,0.0,0.0,0.0,0.0,0.0,0.0,0.0,0.0,0.0,0.0,0.0,0.0,0.0,0.0,0.0,0.0,0.0,0.0,0.3535533845424652,0.3535533845424652,0.5000000596046448,0.5000000596046448,0.3535533845424652,0.3535533845424652,0.3535533845424652,0.3535533845424652,0.3535533845424652,0.3535533845424652,0.3535533845424652,0.3535533845424652,0.3535533845424652,0.3535533845424652,0.3535533845424652,0.3535533845424652,0.3535533845424652,0.3535533845424652,0.3535533845424652,0.3535533845424652,0.3535533845424652,0.3535533845424652,0.3535533845424652,0.3535533845424652,0.5000000596046448,0.5000000596046448,0.5000000596046448,0.5000000596046448,0.5000000596046448,1.0000001192092896,0.5000000596046448,0.5000000596046448,0.5000000596046448,1.0,0.5000000596046448,0.5000000596046448,0.5000000596046448,0.5000000596046448,0.5000000596046448,1.0000001192092896,0.7071067690849304,0.7071067690849304,0.40824830532073975,0.0,0.0,0.0,0.5000000596046448,0.5000000596046448,0.28867512941360474,0.28867512941360474,0.3535533845424652,0.3535533845424652,0.0,0.0,0.5000000596046448,0.5000000596046448,0.5000000596046448,0.5000000596046448,0.5000000596046448,0.5000000596046448,0.5000000596046448,1.0000001192092896,0.40824830532073975,0.0,0.5000000596046448,0.5000000596046448,0.0,0.0,0.0,0.0,0.0,0.0,0.0,0.0,0.5000000596046448,0.5000000596046448,0.5000000596046448,0.5000000596046448,0.3535533845424652,0.3535533845424652,0.3535533845424652,0.5000000596046448,0.5000000596046448,0.40824830532073975,0.40824830532073975,0.5000000596046448,0.5000000596046448,0.40824830532073975,0.40824830532073975,0.5000000596046448,0.5000000596046448,0.7071067690849304,0.7071067690849304,0.5000000596046448,0.5000000596046448,0.3162277638912201,0.3535533845424652,0.3535533845424652,0.0,0.0,0.40824830532073975,0.40824830532073975,0.5000000596046448,0.5000000596046448,0.40824830532073975,0.40824830532073975,0.40824830532073975,0.40824830532073975,0.5000000596046448,0.5000000596046448,0.5000000596046448,0.5000000596046448,0.7071067690849304,0.7071067690849304,0.5000000596046448,0.40824830532073975,0.40824830532073975,0.3535533845424652,0.3535533845424652,0.0,0.3535533845424652,0.3535533845424652,0.3535533845424652,0.3535533845424652,0.3535533845424652,0.3535533845424652,0.40824830532073975,0.0,0.3535533845424652,0.3535533845424652,0.3535533845424652,0.3535533845424652,0.3535533845424652,0.3535533845424652,0.3535533845424652,0.4714045524597168,0.3535533845424652,0.0,0.0,0.3535533845424652,0.3535533845424652,0.3535533845424652,0.40824830532073975,0.40824830532073975,0.3535533845424652,0.3535533845424652,0.40824830532073975,0.40824830532073975,0.40824830532073975,0.40824830532073975,0.0,0.0,0.5000000596046448,0.5000000596046448,0.3162277638912201,0.3162277638912201,0.0,0.0,0.0,0.40824830532073975,0.40824830532073975,0.5000000596046448,0.5000000596046448,0.5000000596046448,0.5000000596046448,0.5000000596046448,1.0000001192092896,0.5000000596046448,0.5000000596046448,0.3535533845424652,0.3535533845424652,0.3535533845424652,0.3535533845424652,0.40824830532073975,0.40824830532073975,0.5000000596046448,0.5000000596046448,0.7071067690849304,0.7071067690849304,0.7071067690849304,0.7071067690849304,0.5000000596046448,0.7071067690849304,0.7071067690849304,0.40824830532073975,0.7071067690849304,0.7071067690849304,0.7071067690849304,0.7071067690849304,0.7071067690849304,0.7071067690849304,0.5000000596046448,0.5000000596046448,0.3535533845424652,0.3535533845424652,0.5000000596046448,0.5000000596046448,0.3535533845424652,0.3535533845424652,0.5000000596046448,0.5000000596046448,0.5000000596046448,1.0000001192092896,0.0,0.0,0.0,0.0,0.0,0.0,0.0,0.0,0.0,0.0,0.0,0.0,0.0,0.0,0.0,0.0,0.0,0.0,0.0,0.0,0.0,0.0,0.0,0.0,0.0,0.0,0.0,0.0,0.0,0.0,0.0,0.0,0.0,0.0,0.0,0.0,0.0,0.0,0.0,0.0,0.0,0.0,0.0,0.0,0.0,0.0,0.0,0.0,0.0,0.0,0.0,0.0,0.0,0.0,0.0,0.0,0.0,0.0,0.0,0.0,0.0,0.0,0.0,0.0,0.0,0.0,0.0,0.0,0.0,0.0,0.0,0.40824830532073975,0.40824830532073975,0.0,0.0,0.0,0.0,0.0,0.0
OLLL,0.0,0.0,0.0,0.0,0.0,0.0,0.0,0.0,0.0,0.0,0.0,0.0,0.0,0.0,0.0,0.0,0.0,0.0,0.0,0.0,0.7071067690849304,0.3535533845424652,1.0000001192092896,0.5000000596046448,0.7071067690849304,0.3535533845424652,0.7071067690849304,0.3535533845424652,0.7071067690849304,0.3535533845424652,0.7071067690849304,0.3535533845424652,0.7071067690849304,0.3535533845424652,0.7071067690849304,0.3535533845424652,0.7071067690849304,0.3535533845424652,0.7071067690849304,0.3535533845424652,0.7071067690849304,0.3535533845424652,0.7071067690849304,0.3535533845424652,0.5000000596046448,0.5000000596046448,1.0000001192092896,0.5000000596046448,0.5000000596046448,0.5000000596046448,0.5000000596046448,0.5000000596046448,0.5000000596046448,0.5000000596046448,1.0,0.5000000596046448,0.5000000596046448,0.5000000596046448,0.5000000596046448,0.5000000596046448,0.7071067690849304,0.7071067690849304,0.40824830532073975,0.0,0.0,0.0,0.5000000596046448,0.5000000596046448,0.28867512941360474,0.28867512941360474,0.7071067690849304,0.3535533845424652,0.0,0.0,1.0000001192092896,0.5000000596046448,0.5000000596046448,0.5000000596046448,0.5000000596046448,0.5000000596046448,0.5000000596046448,0.5000000596046448,0.40824830532073975,0.0,0.5000000596046448,0.5000000596046448,0.0,0.0,0.0,0.0,0.0,0.0,0.0,0.0,0.5000000596046448,0.5000000596046448,1.0000001192092896,0.5000000596046448,0.3535533845424652,0.7071067690849304,0.3535533845424652,0.5000000596046448,0.5000000596046448,0.40824830532073975,0.40824830532073975,0.5000000596046448,0.5000000596046448,0.40824830532073975,0.40824830532073975,0.5000000596046448,0.5000000596046448,0.7071067690849304,0.7071067690849304,0.5000000596046448,0.5000000596046448,0.3162277638912201,0.3535533845424652,0.3535533845424652,0.0,0.0,0.8164966106414795,0.40824830532073975,0.5000000596046448,0.5000000596046448,0.40824830532073975,0.40824830532073975,0.40824830532073975,0.40824830532073975,0.5000000596046448,0.5000000596046448,0.5000000596046448,0.5000000596046448,0.7071067690849304,0.7071067690849304,0.5000000596046448,0.40824830532073975,0.40824830532073975,0.3535533845424652,0.3535533845424652,0.0,0.3535533845424652,0.3535533845424652,0.3535533845424652,0.3535533845424652,0.3535533845424652,0.3535533845424652,0.40824830532073975,0.0,0.3535533845424652,0.3535533845424652,0.3535533845424652,0.3535533845424652,0.3535533845424652,0.3535533845424652,0.3535533845424652,0.2357022762298584,0.3535533845424652,0.0,0.0,0.3535533845424652,0.3535533845424652,0.3535533845424652,0.40824830532073975,0.40824830532073975,0.3535533845424652,0.3535533845424652,0.40824830532073975,0.40824830532073975,0.40824830532073975,0.40824830532073975,0.0,0.0,0.5000000596046448,0.5000000596046448,0.3162277638912201,0.3162277638912201,0.0,0.0,0.0,0.40824830532073975,0.40824830532073975,0.5000000596046448,0.5000000596046448,1.0000001192092896,0.5000000596046448,0.5000000596046448,0.5000000596046448,0.5000000596046448,0.5000000596046448,0.3535533845424652,0.3535533845424652,0.3535533845424652,0.3535533845424652,0.40824830532073975,0.40824830532073975,0.5000000596046448,0.5000000596046448,0.7071067690849304,0.7071067690849304,0.7071067690849304,0.7071067690849304,0.5000000596046448,0.7071067690849304,0.7071067690849304,0.40824830532073975,0.7071067690849304,0.7071067690849304,0.7071067690849304,0.7071067690849304,0.7071067690849304,0.7071067690849304,0.5000000596046448,0.5000000596046448,0.3535533845424652,0.3535533845424652,0.5000000596046448,0.5000000596046448,0.3535533845424652,0.3535533845424652,0.5000000596046448,0.5000000596046448,0.5000000596046448,0.5000000596046448,0.0,0.0,0.0,0.0,0.0,0.0,0.0,0.0,0.0,0.0,0.0,0.0,0.0,0.0,0.0,0.0,0.0,0.0,0.0,0.0,0.0,0.0,0.0,0.0,0.0,0.0,0.0,0.0,0.0,0.0,0.0,0.0,0.0,0.0,0.0,0.0,0.0,0.0,0.0,0.0,0.0,0.0,0.0,0.0,0.0,0.0,0.0,0.0,0.0,0.0,0.0,0.0,0.0,0.0,0.0,0.0,0.0,0.0,0.0,0.0,0.0,0.0,0.0,0.0,0.0,0.0,0.0,0.0,0.0,0.0,0.0,0.40824830532073975,0.40824830532073975,0.0,0.0,0.0,0.0,0.0,0.0
OLLR,0.0,0.0,0.0,0.0,0.0,0.0,0.0,0.0,0.0,0.0,0.0,0.0,0.0,0.0,0.0,0.0,0.0,0.0,0.0,0.0,0.3535533845424652,0.7071067690849304,0.5000000596046448,1.0000001192092896,0.3535533845424652,0.7071067690849304,0.3535533845424652,0.7071067690849304,0.3535533845424652,0.7071067690849304,0.3535533845424652,0.7071067690849304,0.3535533845424652,0.7071067690849304,0.3535533845424652,0.7071067690849304,0.3535533845424652,0.7071067690849304,0.3535533845424652,0.7071067690849304,0.3535533845424652,0.7071067690849304,0.3535533845424652,0.7071067690849304,0.5000000596046448,0.5000000596046448,0.5000000596046448,1.0000001192092896,0.5000000596046448,0.5000000596046448,0.5000000596046448,0.5000000596046448,0.5000000596046448,0.5000000596046448,0.5000000596046448,1.0,0.5000000596046448,0.5000000596046448,0.5000000596046448,0.5000000596046448,0.7071067690849304,0.7071067690849304,0.40824830532073975,0.0,0.0,0.0,0.5000000596046448,0.5000000596046448,0.28867512941360474,0.28867512941360474,0.3535533845424652,0.7071067690849304,0.0,0.0,0.5000000596046448,1.0000001192092896,0.5000000596046448,0.5000000596046448,0.5000000596046448,0.5000000596046448,0.5000000596046448,0.5000000596046448,0.40824830532073975,0.0,0.5000000596046448,0.5000000596046448,0.0,0.0,0.0,0.0,0.0,0.0,0.0,0.0,0.5000000596046448,0.5000000596046448,0.5000000596046448,1.0000001192092896,0.3535533845424652,0.3535533845424652,0.7071067690849304,0.5000000596046448,0.5000000596046448,0.40824830532073975,0.40824830532073975,0.5000000596046448,0.5000000596046448,0.40824830532073975,0.40824830532073975,0.5000000596046448,0.5000000596046448,0.7071067690849304,0.7071067690849304,0.5000000596046448,0.5000000596046448,0.3162277638912201,0.3535533845424652,0.3535533845424652,0.0,0.0,0.40824830532073975,0.8164966106414795,0.5000000596046448,0.5000000596046448,0.40824830532073975,0.40824830532073975,0.40824830532073975,0.40824830532073975,0.5000000596046448,0.5000000596046448,0.5000000596046448,0.5000000596046448,0.7071067690849304,0.7071067690849304,0.5000000596046448,0.40824830532073975,0.40824830532073975,0.3535533845424652,0.3535533845424652,0.0,0.3535533845424652,0.3535533845424652,0.3535533845424652,0.3535533845424652,0.3535533845424652,0.3535533845424652,0.40824830532073975,0.0,0.3535533845424652,0.3535533845424652,0.3535533845424652,0.3535533845424652,0.3535533845424652,0.3535533845424652,0.3535533845424652,0.2357022762298584,0.3535533845424652,0.0,0.0,0.3535533845424652,0.3535533845424652,0.3535533845424652,0.40824830532073975,0.40824830532073975,0.3535533845424652,0.3535533845424652,0.40824830532073975,0.40824830532073975,0.40824830532073975,0.40824830532073975,0.0,0.0,0.5000000596046448,0.5000000596046448,0.3162277638912201,0.3162277638912201,0.0,0.0,0.0,0.40824830532073975,0.40824830532073975,0.5000000596046448,0.5000000596046448,0.5000000596046448,1.0000001192092896,0.5000000596046448,0.5000000596046448,0.5000000596046448,0.5000000596046448,0.3535533845424652,0.3535533845424652,0.3535533845424652,0.3535533845424652,0.40824830532073975,0.40824830532073975,0.5000000596046448,0.5000000596046448,0.7071067690849304,0.7071067690849304,0.7071067690849304,0.7071067690849304,0.5000000596046448,0.7071067690849304,0.7071067690849304,0.40824830532073975,0.7071067690849304,0.7071067690849304,0.7071067690849304,0.7071067690849304,0.7071067690849304,0.7071067690849304,0.5000000596046448,0.5000000596046448,0.3535533845424652,0.3535533845424652,0.5000000596046448,0.5000000596046448,0.3535533845424652,0.3535533845424652,0.5000000596046448,0.5000000596046448,0.5000000596046448,0.5000000596046448,0.0,0.0,0.0,0.0,0.0,0.0,0.0,0.0,0.0,0.0,0.0,0.0,0.0,0.0,0.0,0.0,0.0,0.0,0.0,0.0,0.0,0.0,0.0,0.0,0.0,0.0,0.0,0.0,0.0,0.0,0.0,0.0,0.0,0.0,0.0,0.0,0.0,0.0,0.0,0.0,0.0,0.0,0.0,0.0,0.0,0.0,0.0,0.0,0.0,0.0,0.0,0.0,0.0,0.0,0.0,0.0,0.0,0.0,0.0,0.0,0.0,0.0,0.0,0.0,0.0,0.0,0.0,0.0,0.0,0.0,0.0,0.40824830532073975,0.40824830532073975,0.0,0.0,0.0,0.0,0.0,0.0
CEPDL,0.0,0.0,0.0,0.0,0.0,0.0,0.0,0.0,0.0,0.0,0.0,0.0,0.0,0.0,0.0,0.0,0.0,0.0,0.0,0.0,0.3535533845424652,0.3535533845424652,0.5000000596046448,0.5000000596046448,0.3535533845424652,0.3535533845424652,0.3535533845424652,0.3535533845424652,0.3535533845424652,0.3535533845424652,0.3535533845424652,0.3535533845424652,0.3535533845424652,0.3535533845424652,0.3535533845424652,0.3535533845424652,0.3535533845424652,0.3535533845424652,0.3535533845424652,0.3535533845424652,0.3535533845424652,0.3535533845424652,0.3535533845424652,0.3535533845424652,1.0000001192092896,0.5000000596046448,0.5000000596046448,0.5000000596046448,0.5000000596046448,0.5000000596046448,1.0000001192092896,0.5000000596046448,0.5000000596046448,0.5000000596046448,0.5000000596046448,0.5000000596046448,1.0,0.5000000596046448,0.5000000596046448,0.5000000596046448,0.7071067690849304,0.7071067690849304,0.40824830532073975,0.0,0.0,0.0,0.5000000596046448,0.5000000596046448,0.28867512941360474,0.28867512941360474,0.3535533845424652,0.3535533845424652,0.0,0.0,0.5000000596046448,0.5000000596046448,1.0000001192092896,0.5000000596046448,1.0000001192092896,0.5000000596046448,0.5000000596046448,0.5000000596046448,0.40824830532073975,0.0,0.5000000596046448,0.5000000596046448,0.0,0.0,0.0,0.0,0.0,0.0,0.0,0.0,0.5000000596046448,0.5000000596046448,0.5000000596046448,0.5000000596046448,0.3535533845424652,0.3535533845424652,0.3535533845424652,0.5000000596046448,0.5000000596046448,0.40824830532073975,0.40824830532073975,0.5000000596046448,0.5000000596046448,0.40824830532073975,0.40824830532073975,0.5000000596046448,0.5000000596046448,0.7071067690849304,0.7071067690849304,0.5000000596046448,0.5000000596046448,0.3162277638912201,0.3535533845424652,0.3535533845424652,0.0,0.0,0.40824830532073975,0.40824830532073975,0.5000000596046448,0.5000000596046448,0.40824830532073975,0.40824830532073975,0.40824830532073975,0.40824830532073975,0.5000000596046448,0.5000000596046448,0.5000000596046448,0.5000000596046448,0.7071067690849304,0.7071067690849304,0.5000000596046448,0.40824830532073975,0.40824830532073975,0.3535533845424652,0.3535533845424652,0.0,0.3535533845424652,0.3535533845424652,0.3535533845424652,0.3535533845424652,0.3535533845424652,0.3535533845424652,0.40824830532073975,0.0,0.3535533845424652,0.3535533845424652,0.3535533845424652,0.3535533845424652,0.3535533845424652,0.3535533845424652,0.3535533845424652,0.4714045524597168,0.3535533845424652,0.0,0.0,0.3535533845424652,0.3535533845424652,0.3535533845424652,0.40824830532073975,0.40824830532073975,0.3535533845424652,0.3535533845424652,0.40824830532073975,0.40824830532073975,0.40824830532073975,0.40824830532073975,0.0,0.0,0.5000000596046448,0.5000000596046448,0.3162277638912201,0.3162277638912201,0.0,0.0,0.0,0.40824830532073975,0.40824830532073975,1.0000001192092896,0.5000000596046448,0.5000000596046448,0.5000000596046448,0.5000000596046448,0.5000000596046448,0.5000000596046448,0.5000000596046448,0.3535533845424652,0.3535533845424652,0.3535533845424652,0.3535533845424652,0.40824830532073975,0.40824830532073975,0.5000000596046448,0.5000000596046448,0.7071067690849304,0.7071067690849304,0.7071067690849304,0.7071067690849304,0.5000000596046448,0.7071067690849304,0.7071067690849304,0.40824830532073975,0.7071067690849304,0.7071067690849304,0.7071067690849304,0.7071067690849304,0.7071067690849304,0.7071067690849304,0.5000000596046448,0.5000000596046448,0.3535533845424652,0.3535533845424652,0.5000000596046448,0.5000000596046448,0.3535533845424652,0.3535533845424652,1.0000001192092896,0.5000000596046448,0.5000000596046448,0.5000000596046448,0.0,0.0,0.0,0.0,0.0,0.0,0.0,0.0,0.0,0.0,0.0,0.0,0.0,0.0,0.0,0.0,0.0,0.0,0.0,0.0,0.0,0.0,0.0,0.0,0.0,0.0,0.0,0.0,0.0,0.0,0.0,0.0,0.0,0.0,0.0,0.0,0.0,0.0,0.0,0.0,0.0,0.0,0.0,0.0,0.0,0.0,0.0,0.0,0.0,0.0,0.0,0.0,0.0,0.0,0.0,0.0,0.0,0.0,0.0,0.0,0.0,0.0,0.0,0.0,0.0,0.0,0.0,0.0,0.0,0.0,0.0,0.40824830532073975,0.40824830532073975,0.0,0.0,0.0,0.0,0.0,0.0
CEPDR,0.0,0.0,0.0,0.0,0.0,0.0,0.0,0.0,0.0,0.0,0.0,0.0,0.0,0.0,0.0,0.0,0.0,0.0,0.0,0.0,0.3535533845424652,0.3535533845424652,0.5000000596046448,0.5000000596046448,0.3535533845424652,0.3535533845424652,0.3535533845424652,0.3535533845424652,0.3535533845424652,0.3535533845424652,0.3535533845424652,0.3535533845424652,0.3535533845424652,0.3535533845424652,0.3535533845424652,0.3535533845424652,0.3535533845424652,0.3535533845424652,0.3535533845424652,0.3535533845424652,0.3535533845424652,0.3535533845424652,0.3535533845424652,0.3535533845424652,0.5000000596046448,1.0000001192092896,0.5000000596046448,0.5000000596046448,0.5000000596046448,0.5000000596046448,0.5000000596046448,1.0000001192092896,0.5000000596046448,0.5000000596046448,0.5000000596046448,0.5000000596046448,0.5000000596046448,1.0,0.5000000596046448,0.5000000596046448,0.7071067690849304,0.7071067690849304,0.40824830532073975,0.0,0.0,0.0,0.5000000596046448,0.5000000596046448,0.28867512941360474,0.28867512941360474,0.3535533845424652,0.3535533845424652,0.0,0.0,0.5000000596046448,0.5000000596046448,0.5000000596046448,1.0000001192092896,0.5000000596046448,1.0000001192092896,0.5000000596046448,0.5000000596046448,0.40824830532073975,0.0,0.5000000596046448,0.5000000596046448,0.0,0.0,0.0,0.0,0.0,0.0,0.0,0.0,0.5000000596046448,0.5000000596046448,0.5000000596046448,0.5000000596046448,0.3535533845424652,0.3535533845424652,0.3535533845424652,0.5000000596046448,0.5000000596046448,0.40824830532073975,0.40824830532073975,0.5000000596046448,0.5000000596046448,0.40824830532073975,0.40824830532073975,0.5000000596046448,0.5000000596046448,0.7071067690849304,0.7071067690849304,0.5000000596046448,0.5000000596046448,0.3162277638912201,0.3535533845424652,0.3535533845424652,0.0,0.0,0.40824830532073975,0.40824830532073975,0.5000000596046448,0.5000000596046448,0.40824830532073975,0.40824830532073975,0.40824830532073975,0.40824830532073975,0.5000000596046448,0.5000000596046448,0.5000000596046448,0.5000000596046448,0.7071067690849304,0.7071067690849304,0.5000000596046448,0.40824830532073975,0.40824830532073975,0.3535533845424652,0.3535533845424652,0.0,0.3535533845424652,0.3535533845424652,0.3535533845424652,0.3535533845424652,0.3535533845424652,0.3535533845424652,0.40824830532073975,0.0,0.3535533845424652,0.3535533845424652,0.3535533845424652,0.3535533845424652,0.3535533845424652,0.3535533845424652,0.3535533845424652,0.4714045524597168,0.3535533845424652,0.0,0.0,0.3535533845424652,0.3535533845424652,0.3535533845424652,0.40824830532073975,0.40824830532073975,0.3535533845424652,0.3535533845424652,0.40824830532073975,0.40824830532073975,0.40824830532073975,0.40824830532073975,0.0,0.0,0.5000000596046448,0.5000000596046448,0.3162277638912201,0.3162277638912201,0.0,0.0,0.0,0.40824830532073975,0.40824830532073975,0.5000000596046448,1.0000001192092896,0.5000000596046448,0.5000000596046448,0.5000000596046448,0.5000000596046448,0.5000000596046448,0.5000000596046448,0.3535533845424652,0.3535533845424652,0.3535533845424652,0.3535533845424652,0.40824830532073975,0.40824830532073975,0.5000000596046448,0.5000000596046448,0.7071067690849304,0.7071067690849304,0.7071067690849304,0.7071067690849304,0.5000000596046448,0.7071067690849304,0.7071067690849304,0.40824830532073975,0.7071067690849304,0.7071067690849304,0.7071067690849304,0.7071067690849304,0.7071067690849304,0.7071067690849304,0.5000000596046448,0.5000000596046448,0.3535533845424652,0.3535533845424652,0.5000000596046448,0.5000000596046448,0.3535533845424652,0.3535533845424652,0.5000000596046448,1.0000001192092896,0.5000000596046448,0.5000000596046448,0.0,0.0,0.0,0.0,0.0,0.0,0.0,0.0,0.0,0.0,0.0,0.0,0.0,0.0,0.0,0.0,0.0,0.0,0.0,0.0,0.0,0.0,0.0,0.0,0.0,0.0,0.0,0.0,0.0,0.0,0.0,0.0,0.0,0.0,0.0,0.0,0.0,0.0,0.0,0.0,0.0,0.0,0.0,0.0,0.0,0.0,0.0,0.0,0.0,0.0,0.0,0.0,0.0,0.0,0.0,0.0,0.0,0.0,0.0,0.0,0.0,0.0,0.0,0.0,0.0,0.0,0.0,0.0,0.0,0.0,0.0,0.40824830532073975,0.40824830532073975,0.0,0.0,0.0,0.0,0.0,0.0
CEPVL,0.0,0.0,0.0,0.0,0.0,0.0,0.0,0.0,0.0,0.0,0.0,0.0,0.0,0.0,0.0,0.0,0.0,0.0,0.0,0.0,0.3535533845424652,0.3535533845424652,0.5000000596046448,0.5000000596046448,0.3535533845424652,0.3535533845424652,0.3535533845424652,0.3535533845424652,0.3535533845424652,0.3535533845424652,0.3535533845424652,0.3535533845424652,0.3535533845424652,0.3535533845424652,0.3535533845424652,0.3535533845424652,0.3535533845424652,0.3535533845424652,0.3535533845424652,0.3535533845424652,0.3535533845424652,0.3535533845424652,0.3535533845424652,0.3535533845424652,0.5000000596046448,0.5000000596046448,0.5000000596046448,0.5000000596046448,1.0000001192092896,0.5000000596046448,0.5000000596046448,0.5000000596046448,1.0000001192092896,0.5000000596046448,0.5000000596046448,0.5000000596046448,0.5000000596046448,0.5000000596046448,1.0,0.5000000596046448,0.7071067690849304,0.7071067690849304,0.40824830532073975,0.0,0.0,0.0,0.5000000596046448,0.5000000596046448,0.28867512941360474,0.28867512941360474,0.3535533845424652,0.3535533845424652,0.0,0.0,0.5000000596046448,0.5000000596046448,0.5000000596046448,0.5000000596046448,0.5000000596046448,0.5000000596046448,1.0000001192092896,0.5000000596046448,0.40824830532073975,0.0,0.5000000596046448,0.5000000596046448,0.0,0.0,0.0,0.0,0.0,0.0,0.0,0.0,0.5000000596046448,0.5000000596046448,0.5000000596046448,0.5000000596046448,0.3535533845424652,0.3535533845424652,0.3535533845424652,0.5000000596046448,0.5000000596046448,0.40824830532073975,0.40824830532073975,0.5000000596046448,0.5000000596046448,0.40824830532073975,0.40824830532073975,0.5000000596046448,0.5000000596046448,0.7071067690849304,0.7071067690849304,0.5000000596046448,0.5000000596046448,0.3162277638912201,0.3535533845424652,0.3535533845424652,0.0,0.0,0.40824830532073975,0.40824830532073975,0.5000000596046448,0.5000000596046448,0.40824830532073975,0.40824830532073975,0.40824830532073975,0.40824830532073975,0.5000000596046448,0.5000000596046448,0.5000000596046448,0.5000000596046448,0.7071067690849304,0.7071067690849304,0.5000000596046448,0.40824830532073975,0.40824830532073975,0.3535533845424652,0.3535533845424652,0.0,0.3535533845424652,0.3535533845424652,0.3535533845424652,0.3535533845424652,0.3535533845424652,0.3535533845424652,0.40824830532073975,0.0,0.3535533845424652,0.3535533845424652,0.3535533845424652,0.3535533845424652,0.3535533845424652,0.3535533845424652,0.3535533845424652,0.4714045524597168,0.3535533845424652,0.0,0.0,0.3535533845424652,0.3535533845424652,0.3535533845424652,0.40824830532073975,0.40824830532073975,0.3535533845424652,0.3535533845424652,0.40824830532073975,0.40824830532073975,0.40824830532073975,0.40824830532073975,0.0,0.0,0.5000000596046448,0.5000000596046448,0.3162277638912201,0.3162277638912201,0.0,0.0,0.0,0.40824830532073975,0.40824830532073975,0.5000000596046448,0.5000000596046448,0.5000000596046448,0.5000000596046448,1.0000001192092896,0.5000000596046448,0.5000000596046448,0.5000000596046448,0.3535533845424652,0.3535533845424652,0.3535533845424652,0.3535533845424652,0.40824830532073975,0.40824830532073975,0.5000000596046448,0.5000000596046448,0.7071067690849304,0.7071067690849304,0.7071067690849304,0.7071067690849304,0.5000000596046448,0.7071067690849304,0.7071067690849304,0.40824830532073975,0.7071067690849304,0.7071067690849304,0.7071067690849304,0.7071067690849304,0.7071067690849304,0.7071067690849304,0.5000000596046448,0.5000000596046448,0.3535533845424652,0.3535533845424652,0.5000000596046448,0.5000000596046448,0.3535533845424652,0.3535533845424652,0.5000000596046448,0.5000000596046448,1.0000001192092896,0.5000000596046448,0.0,0.0,0.0,0.0,0.0,0.0,0.0,0.0,0.0,0.0,0.0,0.0,0.0,0.0,0.0,0.0,0.0,0.0,0.0,0.0,0.0,0.0,0.0,0.0,0.0,0.0,0.0,0.0,0.0,0.0,0.0,0.0,0.0,0.0,0.0,0.0,0.0,0.0,0.0,0.0,0.0,0.0,0.0,0.0,0.0,0.0,0.0,0.0,0.0,0.0,0.0,0.0,0.0,0.0,0.0,0.0,0.0,0.0,0.0,0.0,0.0,0.0,0.0,0.0,0.0,0.0,0.0,0.0,0.0,0.0,0.0,0.40824830532073975,0.40824830532073975,0.0,0.0,0.0,0.0,0.0,0.0
CEPVR,0.0,0.0,0.0,0.0,0.0,0.0,0.0,0.0,0.0,0.0,0.0,0.0,0.0,0.0,0.0,0.0,0.0,0.0,0.0,0.0,0.3535533845424652,0.3535533845424652,0.5000000596046448,0.5000000596046448,0.3535533845424652,0.3535533845424652,0.3535533845424652,0.3535533845424652,0.3535533845424652,0.3535533845424652,0.3535533845424652,0.3535533845424652,0.3535533845424652,0.3535533845424652,0.3535533845424652,0.3535533845424652,0.3535533845424652,0.3535533845424652,0.3535533845424652,0.3535533845424652,0.3535533845424652,0.3535533845424652,0.3535533845424652,0.3535533845424652,0.5000000596046448,0.5000000596046448,0.5000000596046448,0.5000000596046448,0.5000000596046448,1.0000001192092896,0.5000000596046448,0.5000000596046448,0.5000000596046448,1.0000001192092896,0.5000000596046448,0.5000000596046448,0.5000000596046448,0.5000000596046448,0.5000000596046448,1.0,0.7071067690849304,0.7071067690849304,0.40824830532073975,0.0,0.0,0.0,0.5000000596046448,0.5000000596046448,0.28867512941360474,0.28867512941360474,0.3535533845424652,0.3535533845424652,0.0,0.0,0.5000000596046448,0.5000000596046448,0.5000000596046448,0.5000000596046448,0.5000000596046448,0.5000000596046448,0.5000000596046448,1.0000001192092896,0.40824830532073975,0.0,0.5000000596046448,0.5000000596046448,0.0,0.0,0.0,0.0,0.0,0.0,0.0,0.0,0.5000000596046448,0.5000000596046448,0.5000000596046448,0.5000000596046448,0.3535533845424652,0.3535533845424652,0.3535533845424652,0.5000000596046448,0.5000000596046448,0.40824830532073975,0.40824830532073975,0.5000000596046448,0.5000000596046448,0.40824830532073975,0.40824830532073975,0.5000000596046448,0.5000000596046448,0.7071067690849304,0.7071067690849304,0.5000000596046448,0.5000000596046448,0.3162277638912201,0.3535533845424652,0.3535533845424652,0.0,0.0,0.40824830532073975,0.40824830532073975,0.5000000596046448,0.5000000596046448,0.40824830532073975,0.40824830532073975,0.40824830532073975,0.40824830532073975,0.5000000596046448,0.5000000596046448,0.5000000596046448,0.5000000596046448,0.7071067690849304,0.7071067690849304,0.5000000596046448,0.40824830532073975,0.40824830532073975,0.3535533845424652,0.3535533845424652,0.0,0.3535533845424652,0.3535533845424652,0.3535533845424652,0.3535533845424652,0.3535533845424652,0.3535533845424652,0.40824830532073975,0.0,0.3535533845424652,0.3535533845424652,0.3535533845424652,0.3535533845424652,0.3535533845424652,0.3535533845424652,0.3535533845424652,0.4714045524597168,0.3535533845424652,0.0,0.0,0.3535533845424652,0.3535533845424652,0.3535533845424652,0.40824830532073975,0.40824830532073975,0.3535533845424652,0.3535533845424652,0.40824830532073975,0.40824830532073975,0.40824830532073975,0.40824830532073975,0.0,0.0,0.5000000596046448,0.5000000596046448,0.3162277638912201,0.3162277638912201,0.0,0.0,0.0,0.40824830532073975,0.40824830532073975,0.5000000596046448,0.5000000596046448,0.5000000596046448,0.5000000596046448,0.5000000596046448,1.0000001192092896,0.5000000596046448,0.5000000596046448,0.3535533845424652,0.3535533845424652,0.3535533845424652,0.3535533845424652,0.40824830532073975,0.40824830532073975,0.5000000596046448,0.5000000596046448,0.7071067690849304,0.7071067690849304,0.7071067690849304,0.7071067690849304,0.5000000596046448,0.7071067690849304,0.7071067690849304,0.40824830532073975,0.7071067690849304,0.7071067690849304,0.7071067690849304,0.7071067690849304,0.7071067690849304,0.7071067690849304,0.5000000596046448,0.5000000596046448,0.3535533845424652,0.3535533845424652,0.5000000596046448,0.5000000596046448,0.3535533845424652,0.3535533845424652,0.5000000596046448,0.5000000596046448,0.5000000596046448,1.0000001192092896,0.0,0.0,0.0,0.0,0.0,0.0,0.0,0.0,0.0,0.0,0.0,0.0,0.0,0.0,0.0,0.0,0.0,0.0,0.0,0.0,0.0,0.0,0.0,0.0,0.0,0.0,0.0,0.0,0.0,0.0,0.0,0.0,0.0,0.0,0.0,0.0,0.0,0.0,0.0,0.0,0.0,0.0,0.0,0.0,0.0,0.0,0.0,0.0,0.0,0.0,0.0,0.0,0.0,0.0,0.0,0.0,0.0,0.0,0.0,0.0,0.0,0.0,0.0,0.0,0.0,0.0,0.0,0.0,0.0,0.0,0.0,0.40824830532073975,0.40824830532073975,0.0,0.0,0.0,0.0,0.0,0.0
ALML,0.0,0.0,0.0,0.0,0.0,0.0,0.0,0.0,0.0,0.0,0.0,0.0,0.0,0.0,0.0,0.0,0.0,0.0,0.0,0.0,0.5,0.5,0.7071067690849304,0.7071067690849304,0.5,0.5,0.5,0.5,0.5,0.5,0.5,0.5,0.5,0.5,0.5,0.5,0.5,0.5,0.5,0.5,0.5,0.5,0.5,0.5,0.7071067690849304,0.7071067690849304,0.7071067690849304,0.7071067690849304,0.7071067690849304,0.7071067690849304,0.7071067690849304,0.7071067690849304,0.7071067690849304,0.7071067690849304,0.7071067690849304,0.7071067690849304,0.7071067690849304,0.7071067690849304,0.7071067690849304,0.7071067690849304,1.0,1.0,0.5773502588272095,0.0,0.0,0.0,0.7071067690849304,0.7071067690849304,0.40824827551841736,0.40824827551841736,0.5,0.5,0.0,0.0,0.7071067690849304,0.7071067690849304,0.7071067690849304,0.7071067690849304,0.7071067690849304,0.7071067690849304,0.7071067690849304,0.7071067690849304,0.5773502588272095,0.0,0.7071067690849304,0.7071067690849304,0.0,0.0,0.0,0.0,0.0,0.0,0.0,0.0,0.7071067690849304,0.7071067690849304,0.7071067690849304,0.7071067690849304,0.5,0.5,0.5,0.7071067690849304,0.7071067690849304,0.5773502588272095,0.5773502588272095,0.7071067690849304,0.7071067690849304,0.5773502588272095,0.5773502588272095,0.7071067690849304,0.7071067690849304,1.0,1.0,0.7071067690849304,0.7071067690849304,0.4472135901451111,0.5,0.5,0.0,0.0,0.5773502588272095,0.5773502588272095,0.7071067690849304,0.7071067690849304,0.5773502588272095,0.5773502588272095,0.5773502588272095,0.5773502588272095,0.7071067690849304,0.7071067690849304,0.7071067690849304,0.7071067690849304,1.0,1.0,0.7071067690849304,0.5773502588272095,0.5773502588272095,0.5,0.5,0.0,0.5,0.5,0.5,0.5,0.5,0.5,0.5773502588272095,0.0,0.5,0.5,0.5,0.5,0.5,0.5,0.5,0.3333333432674408,0.5,0.0,0.0,0.5,0.5,0.5,0.5773502588272095,0.5773502588272095,0.5,0.5,0.5773502588272095,0.5773502588272095,0.5773502588272095,0.5773502588272095,0.0,0.0,0.7071067690849304,0.7071067690849304,0.4472135901451111,0.4472135901451111,0.0,0.0,0.0,0.5773502588272095,0.5773502588272095,0.7071067690849304,0.7071067690849304,0.7071067690849304,0.7071067690849304,0.7071067690849304,0.7071067690849304,0.7071067690849304,0.7071067690849304,0.5,0.5,0.5,0.5,0.5773502588272095,0.5773502588272095,0.7071067690849304,0.7071067690849304,1.0,1.0,1.0,1.0,0.7071067690849304,1.0,1.0,0.5773502588272095,1.0,1.0,1.0,1.0,1.0,1.0,0.7071067690849304,0.7071067690849304,0.5,0.5,0.7071067690849304,0.7071067690849304,0.5,0.5,0.7071067690849304,0.7071067690849304,0.7071067690849304,0.7071067690849304,0.0,0.0,0.0,0.0,0.0,0.0,0.0,0.0,0.0,0.0,0.0,0.0,0.0,0.0,0.0,0.0,0.0,0.0,0.0,0.0,0.0,0.0,0.0,0.0,0.0,0.0,0.0,0.0,0.0,0.0,0.0,0.0,0.0,0.0,0.0,0.0,0.0,0.0,0.0,0.0,0.0,0.0,0.0,0.0,0.0,0.0,0.0,0.0,0.0,0.0,0.0,0.0,0.0,0.0,0.0,0.0,0.0,0.0,0.0,0.0,0.0,0.0,0.0,0.0,0.0,0.0,0.0,0.0,0.0,0.0,0.0,0.5773502588272095,0.5773502588272095,0.0,0.0,0.0,0.0,0.0,0.0
ALMR,0.0,0.0,0.0,0.0,0.0,0.0,0.0,0.0,0.0,0.0,0.0,0.0,0.0,0.0,0.0,0.0,0.0,0.0,0.0,0.0,0.5,0.5,0.7071067690849304,0.7071067690849304,0.5,0.5,0.5,0.5,0.5,0.5,0.5,0.5,0.5,0.5,0.5,0.5,0.5,0.5,0.5,0.5,0.5,0.5,0.5,0.5,0.7071067690849304,0.7071067690849304,0.7071067690849304,0.7071067690849304,0.7071067690849304,0.7071067690849304,0.7071067690849304,0.7071067690849304,0.7071067690849304,0.7071067690849304,0.7071067690849304,0.7071067690849304,0.7071067690849304,0.7071067690849304,0.7071067690849304,0.7071067690849304,1.0,1.0,0.5773502588272095,0.0,0.0,0.0,0.7071067690849304,0.7071067690849304,0.40824827551841736,0.40824827551841736,0.5,0.5,0.0,0.0,0.7071067690849304,0.7071067690849304,0.7071067690849304,0.7071067690849304,0.7071067690849304,0.7071067690849304,0.7071067690849304,0.7071067690849304,0.5773502588272095,0.0,0.7071067690849304,0.7071067690849304,0.0,0.0,0.0,0.0,0.0,0.0,0.0,0.0,0.7071067690849304,0.7071067690849304,0.7071067690849304,0.7071067690849304,0.5,0.5,0.5,0.7071067690849304,0.7071067690849304,0.5773502588272095,0.5773502588272095,0.7071067690849304,0.7071067690849304,0.5773502588272095,0.5773502588272095,0.7071067690849304,0.7071067690849304,1.0,1.0,0.7071067690849304,0.7071067690849304,0.4472135901451111,0.5,0.5,0.0,0.0,0.5773502588272095,0.5773502588272095,0.7071067690849304,0.7071067690849304,0.5773502588272095,0.5773502588272095,0.5773502588272095,0.5773502588272095,0.7071067690849304,0.7071067690849304,0.7071067690849304,0.7071067690849304,1.0,1.0,0.7071067690849304,0.5773502588272095,0.5773502588272095,0.5,0.5,0.0,0.5,0.5,0.5,0.5,0.5,0.5,0.5773502588272095,0.0,0.5,0.5,0.5,0.5,0.5,0.5,0.5,0.3333333432674408,0.5,0.0,0.0,0.5,0.5,0.5,0.5773502588272095,0.5773502588272095,0.5,0.5,0.5773502588272095,0.5773502588272095,0.5773502588272095,0.5773502588272095,0.0,0.0,0.7071067690849304,0.7071067690849304,0.4472135901451111,0.4472135901451111,0.0,0.0,0.0,0.5773502588272095,0.5773502588272095,0.7071067690849304,0.7071067690849304,0.7071067690849304,0.7071067690849304,0.7071067690849304,0.7071067690849304,0.7071067690849304,0.7071067690849304,0.5,0.5,0.5,0.5,0.5773502588272095,0.5773502588272095,0.7071067690849304,0.7071067690849304,1.0,1.0,1.0,1.0,0.7071067690849304,1.0,1.0,0.5773502588272095,1.0,1.0,1.0,1.0,1.0,1.0,0.7071067690849304,0.7071067690849304,0.5,0.5,0.7071067690849304,0.7071067690849304,0.5,0.5,0.7071067690849304,0.7071067690849304,0.7071067690849304,0.7071067690849304,0.0,0.0,0.0,0.0,0.0,0.0,0.0,0.0,0.0,0.0,0.0,0.0,0.0,0.0,0.0,0.0,0.0,0.0,0.0,0.0,0.0,0.0,0.0,0.0,0.0,0.0,0.0,0.0,0.0,0.0,0.0,0.0,0.0,0.0,0.0,0.0,0.0,0.0,0.0,0.0,0.0,0.0,0.0,0.0,0.0,0.0,0.0,0.0,0.0,0.0,0.0,0.0,0.0,0.0,0.0,0.0,0.0,0.0,0.0,0.0,0.0,0.0,0.0,0.0,0.0,0.0,0.0,0.0,0.0,0.0,0.0,0.5773502588272095,0.5773502588272095,0.0,0.0,0.0,0.0,0.0,0.0
AVM,0.0,0.0,0.0,0.0,0.0,0.0,0.0,0.0,0.0,0.0,0.0,0.0,0.0,0.0,0.0,0.0,0.0,0.0,0.0,0.0,0.5773502588272095,0.5773502588272095,0.40824830532073975,0.40824830532073975,0.5773502588272095,0.5773502588272095,0.5773502588272095,0.5773502588272095,0.5773502588272095,0.5773502588272095,0.5773502588272095,0.5773502588272095,0.5773502588272095,0.5773502588272095,0.5773502588272095,0.5773502588272095,0.5773502588272095,0.5773502588272095,0.5773502588272095,0.5773502588272095,0.5773502588272095,0.5773502588272095,0.5773502588272095,0.5773502588272095,0.40824830532073975,0.40824830532073975,0.40824830532073975,0.40824830532073975,0.40824830532073975,0.40824830532073975,0.40824830532073975,0.40824830532073975,0.40824830532073975,0.40824830532073975,0.40824830532073975,0.40824830532073975,0.40824830532073975,0.40824830532073975,0.40824830532073975,0.40824830532073975,0.5773502588272095,0.5773502588272095,1.0,0.5773502588272095,0.40824830532073975,0.40824830532073975,0.40824830532073975,0.40824830532073975,0.7071067094802856,0.7071067094802856,0.5773502588272095,0.5773502588272095,0.3333333432674408,0.3333333432674408,0.40824830532073975,0.40824830532073975,0.40824830532073975,0.40824830532073975,0.40824830532073975,0.40824830532073975,0.40824830532073975,0.40824830532073975,0.6666666865348816,0.40824830532073975,0.40824830532073975,0.40824830532073975,0.5773502588272095,0.5773502588272095,0.0,0.0,0.0,0.0,0.0,0.0,0.40824830532073975,0.40824830532073975,0.40824830532073975,0.40824830532073975,0.866025447845459,0.5773502588272095,0.5773502588272095,0.8164966106414795,0.8164966106414795,0.6666666865348816,0.6666666865348816,0.8164966106414795,0.8164966106414795,0.6666666865348816,0.6666666865348816,0.40824830532073975,0.40824830532073975,0.5773502588272095,0.5773502588272095,0.8164966106414795,0.8164966106414795,0.25819888710975647,0.5773502588272095,0.5773502588272095,0.0,0.0,0.3333333432674408,0.3333333432674408,0.8164966106414795,0.8164966106414795,0.6666666865348816,0.6666666865348816,0.6666666865348816,0.6666666865348816,0.8164966106414795,0.8164966106414795,0.8164966106414795,0.8164966106414795,0.5773502588272095,0.5773502588272095,0.8164966106414795,0.6666666865348816,0.6666666865348816,0.866025447845459,0.866025447845459,0.6666666865348816,0.866025447845459,0.866025447845459,0.866025447845459,0.866025447845459,0.866025447845459,0.866025447845459,1.0,0.40824830532073975,0.866025447845459,0.866025447845459,0.866025447845459,0.866025447845459,0.866025447845459,0.866025447845459,0.866025447845459,0.5773503184318542,0.866025447845459,0.40824830532073975,0.40824830532073975,0.5773502588272095,0.866025447845459,0.866025447845459,1.0,1.0,0.866025447845459,0.866025447845459,1.0,1.0,1.0,1.0,0.0,0.0,0.40824830532073975,0.40824830532073975,0.5163977742195129,0.5163977742195129,0.28867512941360474,0.3333333432674408,0.3333333432674408,0.6666666865348816,0.6666666865348816,0.40824830532073975,0.40824830532073975,0.40824830532073975,0.40824830532073975,0.40824830532073975,0.40824830532073975,0.40824830532073975,0.40824830532073975,0.5773502588272095,0.5773502588272095,0.5773502588272095,0.5773502588272095,0.3333333432674408,0.3333333432674408,0.8164966106414795,0.8164966106414795,0.5773502588272095,0.5773502588272095,0.5773502588272095,0.5773502588272095,0.40824830532073975,0.5773502588272095,0.5773502588272095,1.0,0.5773502588272095,0.5773502588272095,0.5773502588272095,0.5773502588272095,0.5773502588272095,0.5773502588272095,0.40824830532073975,0.40824830532073975,0.5773502588272095,0.5773502588272095,0.40824830532073975,0.40824830532073975,0.5773502588272095,0.5773502588272095,0.40824830532073975,0.40824830532073975,0.40824830532073975,0.40824830532073975,0.5773502588272095,0.5773502588272095,0.5773502588272095,0.6666666865348816,0.40824830532073975,0.40824830532073975,0.40824830532073975,0.3333333432674408,0.3333333432674408,0.0,0.5773502588272095,0.3333333432674408,0.40824830532073975,0.40824830532073975,0.40824830532073975,0.40824830532073975,0.40824830532073975,0.5773502588272095,0.6666666865348816,0.40824830532073975,0.40824830532073975,0.40824830532073975,0.40824830532073975,0.40824830532073975,0.40824830532073975,0.40824830532073975,0.40824830532073975,0.3333333432674408,0.0,0.5773502588272095,0.40824830532073975,0.40824830532073975,0.40824830532073975,0.40824830532073975,0.3333333432674408,0.6666666865348816,0.6666666865348816,0.6666666865348816,0.8164966106414795,0.5773502588272095,0.5773502588272095,0.5773502588272095,0.5773502588272095,0.5773502588272095,0.5773502588272095,0.5773502588272095,0.40824830532073975,0.8164966106414795,0.6666666865348816,0.5773502588272095,0.5773502588272095,0.5773502588272095,0.5773502588272095,0.5773502588272095,0.5773502588272095,0.5773502588272095,0.5773502588272095,0.5773502588272095,0.5773502588272095,0.5773502588272095,0.40824830532073975,0.40824830532073975,0.40824830532073975,0.40824830532073975,0.40824830532073975,0.40824830532073975,0.40824830532073975,0.40824830532073975,0.40824830532073975,0.3333333432674408,0.3333333432674408,1.0,1.0,0.8164966106414795,0.8164966106414795,0.5773502588272095,0.5773502588272095,0.5773502588272095,0.5773502588272095
PVM,0.0,0.0,0.0,0.0,0.0,0.0,0.0,0.0,0.0,0.0,0.0,0.0,0.0,0.0,0.0,0.0,0.0,0.0,0.0,0.0,0.0,0.0,0.0,0.0,0.0,0.0,0.0,0.0,0.0,0.0,0.0,0.0,0.0,0.0,0.0,0.0,0.0,0.0,0.0,0.0,0.0,0.0,0.0,0.0,0.0,0.0,0.0,0.0,0.0,0.0,0.0,0.0,0.0,0.0,0.0,0.0,0.0,0.0,0.0,0.0,0.0,0.0,0.5773502588272095,1.0,0.7071067690849304,0.7071067690849304,0.0,0.0,0.40824827551841736,0.40824827551841736,0.0,0.0,0.5773502588272095,0.5773502588272095,0.0,0.0,0.0,0.0,0.0,0.0,0.0,0.0,0.0,0.7071067690849304,0.0,0.0,1.0,1.0,0.0,0.0,0.0,0.0,0.0,0.0,0.0,0.0,0.0,0.0,0.5,0.0,0.0,0.0,0.0,0.0,0.0,0.0,0.0,0.0,0.0,0.0,0.0,0.0,0.0,0.0,0.0,0.0,0.0,0.0,0.0,0.0,0.0,0.0,0.0,0.0,0.0,0.0,0.0,0.0,0.0,0.0,0.0,0.0,0.0,0.0,0.0,0.0,0.0,0.5,0.5,0.5773502588272095,0.5,0.5,0.5,0.5,0.5,0.5,0.5773502588272095,0.7071067690849304,0.5,0.5,0.5,0.5,0.5,0.5,0.5,0.3333333432674408,0.5,0.7071067690849304,0.7071067690849304,0.0,0.5,0.5,0.5773502588272095,0.5773502588272095,0.5,0.5,0.5773502588272095,0.5773502588272095,0.5773502588272095,0.5773502588272095,0.0,0.0,0.0,0.0,0.0,0.0,0.0,0.0,0.0,0.0,0.0,0.0,0.0,0.0,0.0,0.0,0.0,0.0,0.0,0.0,0.0,0.0,0.0,0.0,0.0,0.0,0.0,0.0,0.0,0.0,0.0,0.0,0.0,0.0,0.5773502588272095,0.0,0.0,0.0,0.0,0.0,0.0,0.0,0.0,0.0,0.0,0.0,0.0,0.0,0.0,0.0,0.0,0.0,0.0,0.5,0.5,0.5,0.5773502588272095,0.7071067690849304,0.7071067690849304,0.7071067690849304,0.5773502588272095,0.5773502588272095,0.0,0.5,0.5773502588272095,0.7071067690849304,0.7071067690849304,0.7071067690849304,0.7071067690849304,0.7071067690849304,0.5,0.5773502588272095,0.7071067690849304,0.7071067690849304,0.7071067690849304,0.7071067690849304,0.7071067690849304,0.7071067690849304,0.7071067690849304,0.7071067690849304,0.5773502588272095,0.0,0.5,0.7071067690849304,0.7071067690849304,0.7071067690849304,0.7071067690849304,0.5773502588272095,0.5773502588272095,0.5773502588272095,0.5773502588272095,0.7071067690849304,1.0,1.0,1.0,1.0,1.0,1.0,1.0,0.7071067690849304,0.7071067690849304,0.5773502588272095,1.0,1.0,1.0,1.0,1.0,1.0,1.0,1.0,1.0,0.5,0.5,0.7071067690849304,0.7071067690849304,0.7071067690849304,0.7071067690849304,0.7071067690849304,0.7071067690849304,0.7071067690849304,0.7071067690849304,0.7071067690849304,0.5773502588272095,0.5773502588272095,0.5773502588272095,0.5773502588272095,0.7071067690849304,0.7071067690849304,1.0,1.0,1.0,1.0
PLML,0.0,0.0,0.0,0.0,0.0,0.0,0.0,0.0,0.0,0.0,0.0,0.0,0.0,0.0,0.0,0.0,0.0,0.0,0.0,0.0,0.0,0.0,0.0,0.0,0.0,0.0,0.0,0.0,0.0,0.0,0.0,0.0,0.0,0.0,0.0,0.0,0.0,0.0,0.0,0.0,0.0,0.0,0.0,0.0,0.0,0.0,0.0,0.0,0.0,0.0,0.0,0.0,0.0,0.0,0.0,0.0,0.0,0.0,0.0,0.0,0.0,0.0,0.40824830532073975,0.7071067690849304,1.0,1.0000001192092896,0.5000000596046448,0.5000000596046448,0.5773502588272095,0.5773502588272095,0.0,0.0,0.40824830532073975,0.40824830532073975,0.0,0.0,0.0,0.0,0.0,0.0,0.0,0.0,0.0,0.5000000596046448,0.0,0.0,0.7071067690849304,0.7071067690849304,0.0,0.0,0.0,0.0,0.5000000596046448,0.5000000596046448,0.0,0.0,0.0,0.0,0.3535533845424652,0.0,0.0,0.0,0.0,0.0,0.0,0.0,0.0,0.0,0.0,0.0,0.0,0.0,0.0,0.0,0.0,0.0,0.0,0.0,0.0,0.0,0.0,0.0,0.0,0.0,0.0,0.0,0.0,0.0,0.0,0.0,0.0,0.0,0.0,0.0,0.0,0.0,0.0,0.3535533845424652,0.3535533845424652,0.40824830532073975,0.3535533845424652,0.3535533845424652,0.3535533845424652,0.3535533845424652,0.3535533845424652,0.3535533845424652,0.40824830532073975,0.5000000596046448,0.3535533845424652,0.3535533845424652,0.3535533845424652,0.3535533845424652,0.3535533845424652,0.3535533845424652,0.3535533845424652,0.4714045524597168,0.3535533845424652,0.5000000596046448,0.5000000596046448,0.0,0.3535533845424652,0.3535533845424652,0.40824830532073975,0.40824830532073975,0.3535533845424652,0.3535533845424652,0.40824830532073975,0.40824830532073975,0.40824830532073975,0.40824830532073975,0.0,0.0,0.0,0.0,0.0,0.0,0.0,0.0,0.0,0.0,0.0,0.0,0.0,0.0,0.0,0.0,0.0,0.0,0.0,0.0,0.0,0.0,0.0,0.0,0.0,0.0,0.0,0.0,0.0,0.0,0.0,0.0,0.0,0.0,0.40824830532073975,0.0,0.0,0.0,0.0,0.0,0.0,0.0,0.0,0.0,0.0,0.0,0.0,0.0,0.0,0.0,0.0,0.0,0.0,0.3535533845424652,0.3535533845424652,0.3535533845424652,0.40824830532073975,0.5000000596046448,0.5000000596046448,0.5000000596046448,0.40824830532073975,0.40824830532073975,0.0,0.3535533845424652,0.40824830532073975,0.5000000596046448,0.5000000596046448,0.5000000596046448,0.5000000596046448,0.5000000596046448,0.3535533845424652,0.40824830532073975,0.5000000596046448,0.5000000596046448,0.5000000596046448,0.5000000596046448,0.5000000596046448,0.5000000596046448,0.5000000596046448,0.5000000596046448,0.40824830532073975,0.0,0.3535533845424652,0.5000000596046448,0.5000000596046448,0.5000000596046448,0.5000000596046448,0.40824830532073975,0.40824830532073975,0.40824830532073975,0.40824830532073975,0.5000000596046448,0.7071067690849304,0.7071067690849304,0.7071067690849304,0.7071067690849304,0.7071067690849304,0.7071067690849304,0.7071067690849304,0.5000000596046448,0.5000000596046448,0.40824830532073975,0.7071067690849304,0.7071067690849304,0.7071067690849304,0.7071067690849304,0.7071067690849304,0.7071067690849304,0.7071067690849304,0.7071067690849304,0.7071067690849304,0.3535533845424652,0.3535533845424652,0.5000000596046448,0.5000000596046448,0.5000000596046448,0.5000000596046448,0.5000000596046448,0.5000000596046448,0.5000000596046448,0.5000000596046448,0.5000000596046448,0.40824830532073975,0.40824830532073975,0.40824830532073975,0.40824830532073975,0.5000000596046448,0.5000000596046448,0.7071067690849304,0.7071067690849304,0.7071067690849304,0.7071067690849304
PLMR,0.0,0.0,0.0,0.0,0.0,0.0,0.0,0.0,0.0,0.0,0.0,0.0,0.0,0.0,0.0,0.0,0.0,0.0,0.0,0.0,0.0,0.0,0.0,0.0,0.0,0.0,0.0,0.0,0.0,0.0,0.0,0.0,0.0,0.0,0.0,0.0,0.0,0.0,0.0,0.0,0.0,0.0,0.0,0.0,0.0,0.0,0.0,0.0,0.0,0.0,0.0,0.0,0.0,0.0,0.0,0.0,0.0,0.0,0.0,0.0,0.0,0.0,0.40824830532073975,0.7071067690849304,1.0000001192092896,1.0,0.5000000596046448,0.5000000596046448,0.5773502588272095,0.5773502588272095,0.0,0.0,0.40824830532073975,0.40824830532073975,0.0,0.0,0.0,0.0,0.0,0.0,0.0,0.0,0.0,0.5000000596046448,0.0,0.0,0.7071067690849304,0.7071067690849304,0.0,0.0,0.0,0.0,0.5000000596046448,0.5000000596046448,0.0,0.0,0.0,0.0,0.3535533845424652,0.0,0.0,0.0,0.0,0.0,0.0,0.0,0.0,0.0,0.0,0.0,0.0,0.0,0.0,0.0,0.0,0.0,0.0,0.0,0.0,0.0,0.0,0.0,0.0,0.0,0.0,0.0,0.0,0.0,0.0,0.0,0.0,0.0,0.0,0.0,0.0,0.0,0.0,0.3535533845424652,0.3535533845424652,0.40824830532073975,0.3535533845424652,0.3535533845424652,0.3535533845424652,0.3535533845424652,0.3535533845424652,0.3535533845424652,0.40824830532073975,0.5000000596046448,0.3535533845424652,0.3535533845424652,0.3535533845424652,0.3535533845424652,0.3535533845424652,0.3535533845424652,0.3535533845424652,0.4714045524597168,0.3535533845424652,0.5000000596046448,0.5000000596046448,0.0,0.3535533845424652,0.3535533845424652,0.40824830532073975,0.40824830532073975,0.3535533845424652,0.3535533845424652,0.40824830532073975,0.40824830532073975,0.40824830532073975,0.40824830532073975,0.0,0.0,0.0,0.0,0.0,0.0,0.0,0.0,0.0,0.0,0.0,0.0,0.0,0.0,0.0,0.0,0.0,0.0,0.0,0.0,0.0,0.0,0.0,0.0,0.0,0.0,0.0,0.0,0.0,0.0,0.0,0.0,0.0,0.0,0.40824830532073975,0.0,0.0,0.0,0.0,0.0,0.0,0.0,0.0,0.0,0.0,0.0,0.0,0.0,0.0,0.0,0.0,0.0,0.0,0.3535533845424652,0.3535533845424652,0.3535533845424652,0.40824830532073975,0.5000000596046448,0.5000000596046448,0.5000000596046448,0.40824830532073975,0.40824830532073975,0.0,0.3535533845424652,0.40824830532073975,0.5000000596046448,0.5000000596046448,0.5000000596046448,0.5000000596046448,0.5000000596046448,0.3535533845424652,0.40824830532073975,0.5000000596046448,0.5000000596046448,0.5000000596046448,0.5000000596046448,0.5000000596046448,0.5000000596046448,0.5000000596046448,0.5000000596046448,0.40824830532073975,0.0,0.3535533845424652,0.5000000596046448,0.5000000596046448,0.5000000596046448,0.5000000596046448,0.40824830532073975,0.40824830532073975,0.40824830532073975,0.40824830532073975,0.5000000596046448,0.7071067690849304,0.7071067690849304,0.7071067690849304,0.7071067690849304,0.7071067690849304,0.7071067690849304,0.7071067690849304,0.5000000596046448,0.5000000596046448,0.40824830532073975,0.7071067690849304,0.7071067690849304,0.7071067690849304,0.7071067690849304,0.7071067690849304,0.7071067690849304,0.7071067690849304,0.7071067690849304,0.7071067690849304,0.3535533845424652,0.3535533845424652,0.5000000596046448,0.5000000596046448,0.5000000596046448,0.5000000596046448,0.5000000596046448,0.5000000596046448,0.5000000596046448,0.5000000596046448,0.5000000596046448,0.40824830532073975,0.40824830532073975,0.40824830532073975,0.40824830532073975,0.5000000596046448,0.5000000596046448,0.7071067690849304,0.7071067690849304,0.7071067690849304,0.7071067690849304
ALNL,0.0,0.0,0.0,0.0,0.0,0.0,0.0,0.0,0.0,0.0,0.0,0.0,0.0,0.0,0.0,0.0,0.0,0.0,0.0,0.0,0.3535533845424652,0.3535533845424652,0.5000000596046448,0.5000000596046448,0.3535533845424652,0.3535533845424652,0.3535533845424652,0.3535533845424652,0.3535533845424652,0.3535533845424652,0.3535533845424652,0.3535533845424652,0.3535533845424652,0.3535533845424652,0.3535533845424652,0.3535533845424652,0.3535533845424652,0.3535533845424652,0.3535533845424652,0.3535533845424652,0.3535533845424652,0.3535533845424652,0.3535533845424652,0.3535533845424652,0.5000000596046448,0.5000000596046448,0.5000000596046448,0.5000000596046448,0.5000000596046448,0.5000000596046448,0.5000000596046448,0.5000000596046448,0.5000000596046448,0.5000000596046448,0.5000000596046448,0.5000000596046448,0.5000000596046448,0.5000000596046448,0.5000000596046448,0.5000000596046448,0.7071067690849304,0.7071067690849304,0.40824830532073975,0.0,0.5000000596046448,0.5000000596046448,1.0,1.0000001192092896,0.5773502588272095,0.5773502588272095,0.3535533845424652,0.3535533845424652,0.0,0.0,0.5000000596046448,0.5000000596046448,0.5000000596046448,0.5000000596046448,0.5000000596046448,0.5000000596046448,0.5000000596046448,0.5000000596046448,0.40824830532073975,0.0,0.5000000596046448,0.5000000596046448,0.0,0.0,0.0,0.0,0.0,0.0,0.5000000596046448,0.5000000596046448,0.5000000596046448,0.5000000596046448,0.5000000596046448,0.5000000596046448,0.3535533845424652,0.3535533845424652,0.3535533845424652,0.5000000596046448,0.5000000596046448,0.40824830532073975,0.40824830532073975,0.5000000596046448,0.5000000596046448,0.40824830532073975,0.40824830532073975,0.5000000596046448,0.5000000596046448,0.7071067690849304,0.7071067690849304,0.5000000596046448,0.5000000596046448,0.3162277638912201,0.3535533845424652,0.3535533845424652,0.0,0.0,0.40824830532073975,0.40824830532073975,0.5000000596046448,0.5000000596046448,0.40824830532073975,0.40824830532073975,0.40824830532073975,0.40824830532073975,0.5000000596046448,0.5000000596046448,0.5000000596046448,0.5000000596046448,0.7071067690849304,0.7071067690849304,0.5000000596046448,0.40824830532073975,0.40824830532073975,0.3535533845424652,0.3535533845424652,0.0,0.3535533845424652,0.3535533845424652,0.3535533845424652,0.3535533845424652,0.3535533845424652,0.3535533845424652,0.40824830532073975,0.0,0.3535533845424652,0.3535533845424652,0.3535533845424652,0.3535533845424652,0.3535533845424652,0.3535533845424652,0.3535533845424652,0.4714045524597168,0.3535533845424652,0.0,0.0,0.3535533845424652,0.3535533845424652,0.3535533845424652,0.40824830532073975,0.40824830532073975,0.3535533845424652,0.3535533845424652,0.40824830532073975,0.40824830532073975,0.40824830532073975,0.40824830532073975,0.0,0.0,0.5000000596046448,0.5000000596046448,0.3162277638912201,0.3162277638912201,0.0,0.0,0.0,0.40824830532073975,0.40824830532073975,0.5000000596046448,0.5000000596046448,0.5000000596046448,0.5000000596046448,0.5000000596046448,0.5000000596046448,0.5000000596046448,0.5000000596046448,0.3535533845424652,0.3535533845424652,0.3535533845424652,0.3535533845424652,0.40824830532073975,0.40824830532073975,0.5000000596046448,0.5000000596046448,0.7071067690849304,0.7071067690849304,0.7071067690849304,0.7071067690849304,0.5000000596046448,0.7071067690849304,0.7071067690849304,0.40824830532073975,0.7071067690849304,0.7071067690849304,0.7071067690849304,0.7071067690849304,0.7071067690849304,0.7071067690849304,0.5000000596046448,0.5000000596046448,0.3535533845424652,0.3535533845424652,0.5000000596046448,0.5000000596046448,0.3535533845424652,0.3535533845424652,0.5000000596046448,0.5000000596046448,0.5000000596046448,0.5000000596046448,0.0,0.0,0.0,0.0,0.0,0.0,0.0,0.0,0.0,0.0,0.0,0.0,0.0,0.0,0.0,0.0,0.0,0.0,0.0,0.0,0.0,0.0,0.0,0.0,0.0,0.0,0.0,0.0,0.0,0.0,0.0,0.0,0.0,0.0,0.0,0.0,0.0,0.0,0.0,0.0,0.0,0.0,0.0,0.0,0.0,0.0,0.0,0.0,0.0,0.0,0.0,0.0,0.0,0.0,0.0,0.0,0.0,0.0,0.0,0.0,0.0,0.0,0.0,0.0,0.0,0.0,0.0,0.0,0.0,0.0,0.0,0.40824830532073975,0.40824830532073975,0.0,0.0,0.0,0.0,0.0,0.0
ALNR,0.0,0.0,0.0,0.0,0.0,0.0,0.0,0.0,0.0,0.0,0.0,0.0,0.0,0.0,0.0,0.0,0.0,0.0,0.0,0.0,0.3535533845424652,0.3535533845424652,0.5000000596046448,0.5000000596046448,0.3535533845424652,0.3535533845424652,0.3535533845424652,0.3535533845424652,0.3535533845424652,0.3535533845424652,0.3535533845424652,0.3535533845424652,0.3535533845424652,0.3535533845424652,0.3535533845424652,0.3535533845424652,0.3535533845424652,0.3535533845424652,0.3535533845424652,0.3535533845424652,0.3535533845424652,0.3535533845424652,0.3535533845424652,0.3535533845424652,0.5000000596046448,0.5000000596046448,0.5000000596046448,0.5000000596046448,0.5000000596046448,0.5000000596046448,0.5000000596046448,0.5000000596046448,0.5000000596046448,0.5000000596046448,0.5000000596046448,0.5000000596046448,0.5000000596046448,0.5000000596046448,0.5000000596046448,0.5000000596046448,0.7071067690849304,0.7071067690849304,0.40824830532073975,0.0,0.5000000596046448,0.5000000596046448,1.0000001192092896,1.0,0.5773502588272095,0.5773502588272095,0.3535533845424652,0.3535533845424652,0.0,0.0,0.5000000596046448,0.5000000596046448,0.5000000596046448,0.5000000596046448,0.5000000596046448,0.5000000596046448,0.5000000596046448,0.5000000596046448,0.40824830532073975,0.0,0.5000000596046448,0.5000000596046448,0.0,0.0,0.0,0.0,0.0,0.0,0.5000000596046448,0.5000000596046448,0.5000000596046448,0.5000000596046448,0.5000000596046448,0.5000000596046448,0.3535533845424652,0.3535533845424652,0.3535533845424652,0.5000000596046448,0.5000000596046448,0.40824830532073975,0.40824830532073975,0.5000000596046448,0.5000000596046448,0.40824830532073975,0.40824830532073975,0.5000000596046448,0.5000000596046448,0.7071067690849304,0.7071067690849304,0.5000000596046448,0.5000000596046448,0.3162277638912201,0.3535533845424652,0.3535533845424652,0.0,0.0,0.40824830532073975,0.40824830532073975,0.5000000596046448,0.5000000596046448,0.40824830532073975,0.40824830532073975,0.40824830532073975,0.40824830532073975,0.5000000596046448,0.5000000596046448,0.5000000596046448,0.5000000596046448,0.7071067690849304,0.7071067690849304,0.5000000596046448,0.40824830532073975,0.40824830532073975,0.3535533845424652,0.3535533845424652,0.0,0.3535533845424652,0.3535533845424652,0.3535533845424652,0.3535533845424652,0.3535533845424652,0.3535533845424652,0.40824830532073975,0.0,0.3535533845424652,0.3535533845424652,0.3535533845424652,0.3535533845424652,0.3535533845424652,0.3535533845424652,0.3535533845424652,0.4714045524597168,0.3535533845424652,0.0,0.0,0.3535533845424652,0.3535533845424652,0.3535533845424652,0.40824830532073975,0.40824830532073975,0.3535533845424652,0.3535533845424652,0.40824830532073975,0.40824830532073975,0.40824830532073975,0.40824830532073975,0.0,0.0,0.5000000596046448,0.5000000596046448,0.3162277638912201,0.3162277638912201,0.0,0.0,0.0,0.40824830532073975,0.40824830532073975,0.5000000596046448,0.5000000596046448,0.5000000596046448,0.5000000596046448,0.5000000596046448,0.5000000596046448,0.5000000596046448,0.5000000596046448,0.3535533845424652,0.3535533845424652,0.3535533845424652,0.3535533845424652,0.40824830532073975,0.40824830532073975,0.5000000596046448,0.5000000596046448,0.7071067690849304,0.7071067690849304,0.7071067690849304,0.7071067690849304,0.5000000596046448,0.7071067690849304,0.7071067690849304,0.40824830532073975,0.7071067690849304,0.7071067690849304,0.7071067690849304,0.7071067690849304,0.7071067690849304,0.7071067690849304,0.5000000596046448,0.5000000596046448,0.3535533845424652,0.3535533845424652,0.5000000596046448,0.5000000596046448,0.3535533845424652,0.3535533845424652,0.5000000596046448,0.5000000596046448,0.5000000596046448,0.5000000596046448,0.0,0.0,0.0,0.0,0.0,0.0,0.0,0.0,0.0,0.0,0.0,0.0,0.0,0.0,0.0,0.0,0.0,0.0,0.0,0.0,0.0,0.0,0.0,0.0,0.0,0.0,0.0,0.0,0.0,0.0,0.0,0.0,0.0,0.0,0.0,0.0,0.0,0.0,0.0,0.0,0.0,0.0,0.0,0.0,0.0,0.0,0.0,0.0,0.0,0.0,0.0,0.0,0.0,0.0,0.0,0.0,0.0,0.0,0.0,0.0,0.0,0.0,0.0,0.0,0.0,0.0,0.0,0.0,0.0,0.0,0.0,0.40824830532073975,0.40824830532073975,0.0,0.0,0.0,0.0,0.0,0.0
PLNL,0.0,0.0,0.0,0.0,0.0,0.0,0.0,0.0,0.0,0.0,0.0,0.0,0.0,0.0,0.0,0.0,0.0,0.0,0.0,0.0,0.6123723983764648,0.40824827551841736,0.28867512941360474,0.28867512941360474,0.6123723983764648,0.40824827551841736,0.6123723983764648,0.40824827551841736,0.6123723983764648,0.40824827551841736,0.6123723983764648,0.40824827551841736,0.6123723983764648,0.40824827551841736,0.6123723983764648,0.40824827551841736,0.6123723983764648,0.40824827551841736,0.6123723983764648,0.40824827551841736,0.6123723983764648,0.40824827551841736,0.6123723983764648,0.40824827551841736,0.28867512941360474,0.28867512941360474,0.28867512941360474,0.28867512941360474,0.28867512941360474,0.28867512941360474,0.28867512941360474,0.28867512941360474,0.28867512941360474,0.28867512941360474,0.28867512941360474,0.28867512941360474,0.28867512941360474,0.28867512941360474,0.28867512941360474,0.28867512941360474,0.40824827551841736,0.40824827551841736,0.7071067094802856,0.40824827551841736,0.5773502588272095,0.5773502588272095,0.5773502588272095,0.5773502588272095,1.0,0.6666666269302368,0.40824827551841736,0.40824827551841736,0.235702246427536,0.235702246427536,0.28867512941360474,0.28867512941360474,0.28867512941360474,0.28867512941360474,0.28867512941360474,0.28867512941360474,0.28867512941360474,0.28867512941360474,0.471404492855072,0.28867512941360474,0.28867512941360474,0.28867512941360474,0.40824827551841736,0.40824827551841736,0.0,0.0,0.0,0.0,0.28867512941360474,0.28867512941360474,0.28867512941360474,0.28867512941360474,0.28867512941360474,0.28867512941360474,0.6123723983764648,0.6123723983764648,0.40824827551841736,0.5773502588272095,0.5773502588272095,0.7071067094802856,0.471404492855072,0.5773502588272095,0.5773502588272095,0.7071067094802856,0.471404492855072,0.28867512941360474,0.28867512941360474,0.40824827551841736,0.40824827551841736,0.5773502588272095,0.5773502588272095,0.18257418274879456,0.40824827551841736,0.40824827551841736,0.0,0.0,0.235702246427536,0.235702246427536,0.5773502588272095,0.5773502588272095,0.7071067094802856,0.471404492855072,0.7071067094802856,0.471404492855072,0.5773502588272095,0.5773502588272095,0.5773502588272095,0.5773502588272095,0.40824827551841736,0.40824827551841736,0.5773502588272095,0.471404492855072,0.471404492855072,0.6123723983764648,0.6123723983764648,0.471404492855072,0.6123723983764648,0.6123723983764648,0.6123723983764648,0.6123723983764648,0.6123723983764648,0.6123723983764648,0.7071067094802856,0.28867512941360474,0.6123723983764648,0.6123723983764648,0.6123723983764648,0.6123723983764648,0.6123723983764648,0.6123723983764648,0.6123723983764648,0.5443310141563416,0.6123723983764648,0.28867512941360474,0.28867512941360474,0.6123723983764648,0.6123723983764648,0.6123723983764648,0.7071067094802856,0.7071067094802856,0.8164965510368347,0.6123723983764648,0.7071067094802856,0.7071067094802856,0.7071067094802856,0.7071067094802856,0.0,0.0,0.28867512941360474,0.28867512941360474,0.3651483654975891,0.5477225184440613,0.20412413775920868,0.235702246427536,0.471404492855072,0.7071067094802856,0.471404492855072,0.28867512941360474,0.28867512941360474,0.28867512941360474,0.28867512941360474,0.28867512941360474,0.28867512941360474,0.28867512941360474,0.28867512941360474,0.8164965510368347,0.40824827551841736,0.6123723983764648,0.40824827551841736,0.471404492855072,0.471404492855072,0.5773502588272095,0.5773502588272095,0.40824827551841736,0.40824827551841736,0.40824827551841736,0.40824827551841736,0.28867512941360474,0.40824827551841736,0.40824827551841736,0.7071067094802856,0.40824827551841736,0.40824827551841736,0.40824827551841736,0.40824827551841736,0.40824827551841736,0.40824827551841736,0.28867512941360474,0.28867512941360474,0.8164965510368347,0.40824827551841736,0.28867512941360474,0.28867512941360474,0.6123723983764648,0.6123723983764648,0.28867512941360474,0.28867512941360474,0.28867512941360474,0.28867512941360474,0.40824827551841736,0.40824827551841736,0.40824827551841736,0.471404492855072,0.28867512941360474,0.28867512941360474,0.28867512941360474,0.235702246427536,0.235702246427536,0.0,0.40824827551841736,0.235702246427536,0.28867512941360474,0.28867512941360474,0.28867512941360474,0.28867512941360474,0.28867512941360474,0.40824827551841736,0.471404492855072,0.28867512941360474,0.28867512941360474,0.28867512941360474,0.28867512941360474,0.28867512941360474,0.28867512941360474,0.28867512941360474,0.28867512941360474,0.235702246427536,0.0,0.40824827551841736,0.28867512941360474,0.28867512941360474,0.28867512941360474,0.28867512941360474,0.235702246427536,0.471404492855072,0.471404492855072,0.471404492855072,0.5773502588272095,0.40824827551841736,0.40824827551841736,0.40824827551841736,0.40824827551841736,0.40824827551841736,0.40824827551841736,0.40824827551841736,0.28867512941360474,0.5773502588272095,0.471404492855072,0.40824827551841736,0.40824827551841736,0.40824827551841736,0.40824827551841736,0.40824827551841736,0.40824827551841736,0.40824827551841736,0.40824827551841736,0.40824827551841736,0.40824827551841736,0.40824827551841736,0.28867512941360474,0.28867512941360474,0.28867512941360474,0.28867512941360474,0.28867512941360474,0.28867512941360474,0.28867512941360474,0.28867512941360474,0.28867512941360474,0.235702246427536,0.235702246427536,0.7071067094802856,0.7071067094802856,0.5773502588272095,0.5773502588272095,0.40824827551841736,0.40824827551841736,0.40824827551841736,0.40824827551841736
PLNR,0.0,0.0,0.0,0.0,0.0,0.0,0.0,0.0,0.0,0.0,0.0,0.0,0.0,0.0,0.0,0.0,0.0,0.0,0.0,0.0,0.40824827551841736,0.6123723983764648,0.28867512941360474,0.28867512941360474,0.40824827551841736,0.6123723983764648,0.40824827551841736,0.6123723983764648,0.40824827551841736,0.6123723983764648,0.40824827551841736,0.6123723983764648,0.40824827551841736,0.6123723983764648,0.40824827551841736,0.6123723983764648,0.40824827551841736,0.6123723983764648,0.40824827551841736,0.6123723983764648,0.40824827551841736,0.6123723983764648,0.40824827551841736,0.6123723983764648,0.28867512941360474,0.28867512941360474,0.28867512941360474,0.28867512941360474,0.28867512941360474,0.28867512941360474,0.28867512941360474,0.28867512941360474,0.28867512941360474,0.28867512941360474,0.28867512941360474,0.28867512941360474,0.28867512941360474,0.28867512941360474,0.28867512941360474,0.28867512941360474,0.40824827551841736,0.40824827551841736,0.7071067094802856,0.40824827551841736,0.5773502588272095,0.5773502588272095,0.5773502588272095,0.5773502588272095,0.6666666269302368,1.0,0.40824827551841736,0.40824827551841736,0.235702246427536,0.235702246427536,0.28867512941360474,0.28867512941360474,0.28867512941360474,0.28867512941360474,0.28867512941360474,0.28867512941360474,0.28867512941360474,0.28867512941360474,0.471404492855072,0.28867512941360474,0.28867512941360474,0.28867512941360474,0.40824827551841736,0.40824827551841736,0.0,0.0,0.0,0.0,0.28867512941360474,0.28867512941360474,0.28867512941360474,0.28867512941360474,0.28867512941360474,0.28867512941360474,0.6123723983764648,0.40824827551841736,0.6123723983764648,0.5773502588272095,0.5773502588272095,0.471404492855072,0.7071067094802856,0.5773502588272095,0.5773502588272095,0.471404492855072,0.7071067094802856,0.28867512941360474,0.28867512941360474,0.40824827551841736,0.40824827551841736,0.5773502588272095,0.5773502588272095,0.18257418274879456,0.40824827551841736,0.40824827551841736,0.0,0.0,0.235702246427536,0.235702246427536,0.5773502588272095,0.5773502588272095,0.471404492855072,0.7071067094802856,0.471404492855072,0.7071067094802856,0.5773502588272095,0.5773502588272095,0.5773502588272095,0.5773502588272095,0.40824827551841736,0.40824827551841736,0.5773502588272095,0.471404492855072,0.471404492855072,0.6123723983764648,0.6123723983764648,0.471404492855072,0.6123723983764648,0.6123723983764648,0.6123723983764648,0.6123723983764648,0.6123723983764648,0.6123723983764648,0.7071067094802856,0.28867512941360474,0.6123723983764648,0.6123723983764648,0.6123723983764648,0.6123723983764648,0.6123723983764648,0.6123723983764648,0.6123723983764648,0.5443310141563416,0.6123723983764648,0.28867512941360474,0.28867512941360474,0.40824827551841736,0.6123723983764648,0.6123723983764648,0.7071067094802856,0.7071067094802856,0.6123723983764648,0.8164965510368347,0.7071067094802856,0.7071067094802856,0.7071067094802856,0.7071067094802856,0.0,0.0,0.28867512941360474,0.28867512941360474,0.5477225184440613,0.3651483654975891,0.40824827551841736,0.471404492855072,0.235702246427536,0.471404492855072,0.7071067094802856,0.28867512941360474,0.28867512941360474,0.28867512941360474,0.28867512941360474,0.28867512941360474,0.28867512941360474,0.28867512941360474,0.28867512941360474,0.40824827551841736,0.8164965510368347,0.40824827551841736,0.6123723983764648,0.471404492855072,0.471404492855072,0.5773502588272095,0.5773502588272095,0.40824827551841736,0.40824827551841736,0.40824827551841736,0.40824827551841736,0.28867512941360474,0.40824827551841736,0.40824827551841736,0.7071067094802856,0.40824827551841736,0.40824827551841736,0.40824827551841736,0.40824827551841736,0.40824827551841736,0.40824827551841736,0.28867512941360474,0.28867512941360474,0.40824827551841736,0.8164965510368347,0.28867512941360474,0.28867512941360474,0.6123723983764648,0.6123723983764648,0.28867512941360474,0.28867512941360474,0.28867512941360474,0.28867512941360474,0.40824827551841736,0.40824827551841736,0.40824827551841736,0.471404492855072,0.28867512941360474,0.28867512941360474,0.28867512941360474,0.235702246427536,0.235702246427536,0.0,0.40824827551841736,0.235702246427536,0.28867512941360474,0.28867512941360474,0.28867512941360474,0.28867512941360474,0.28867512941360474,0.40824827551841736,0.471404492855072,0.28867512941360474,0.28867512941360474,0.28867512941360474,0.28867512941360474,0.28867512941360474,0.28867512941360474,0.28867512941360474,0.28867512941360474,0.235702246427536,0.0,0.40824827551841736,0.28867512941360474,0.28867512941360474,0.28867512941360474,0.28867512941360474,0.235702246427536,0.471404492855072,0.471404492855072,0.471404492855072,0.5773502588272095,0.40824827551841736,0.40824827551841736,0.40824827551841736,0.40824827551841736,0.40824827551841736,0.40824827551841736,0.40824827551841736,0.28867512941360474,0.5773502588272095,0.471404492855072,0.40824827551841736,0.40824827551841736,0.40824827551841736,0.40824827551841736,0.40824827551841736,0.40824827551841736,0.40824827551841736,0.40824827551841736,0.40824827551841736,0.40824827551841736,0.40824827551841736,0.28867512941360474,0.28867512941360474,0.28867512941360474,0.28867512941360474,0.28867512941360474,0.28867512941360474,0.28867512941360474,0.28867512941360474,0.28867512941360474,0.235702246427536,0.235702246427536,0.7071067094802856,0.7071067094802856,0.5773502588272095,0.5773502588272095,0.40824827551841736,0.40824827551841736,0.40824827551841736,0.40824827551841736
FLPL,0.0,0.0,0.0,0.0,0.0,0.0,0.0,0.0,0.0,0.0,0.0,0.0,0.0,0.0,0.0,0.0,0.0,0.0,0.0,0.0,0.75,0.5,0.7071067690849304,0.3535533845424652,0.75,0.5,0.75,0.5,0.75,0.5,0.75,0.5,0.75,0.5,0.75,0.5,0.75,0.5,0.75,0.5,0.75,0.5,0.75,0.5,0.3535533845424652,0.3535533845424652,0.7071067690849304,0.3535533845424652,0.3535533845424652,0.3535533845424652,0.3535533845424652,0.3535533845424652,0.3535533845424652,0.3535533845424652,0.7071067690849304,0.3535533845424652,0.3535533845424652,0.3535533845424652,0.3535533845424652,0.3535533845424652,0.5,0.5,0.5773502588272095,0.0,0.0,0.0,0.3535533845424652,0.3535533845424652,0.40824827551841736,0.40824827551841736,1.0,0.5,0.0,0.0,0.7071067690849304,0.3535533845424652,0.3535533845424652,0.3535533845424652,0.3535533845424652,0.3535533845424652,0.3535533845424652,0.3535533845424652,0.5773502588272095,0.0,0.7071067690849304,0.3535533845424652,0.0,0.0,0.0,0.0,0.0,0.0,0.0,0.0,0.3535533845424652,0.3535533845424652,0.7071067690849304,0.3535533845424652,0.5,0.75,0.5,0.7071067690849304,0.7071067690849304,0.5773502588272095,0.5773502588272095,0.7071067690849304,0.7071067690849304,0.5773502588272095,0.5773502588272095,0.7071067690849304,0.3535533845424652,0.5,0.5,0.7071067690849304,0.7071067690849304,0.22360679507255554,0.75,0.5,0.0,0.0,0.5773502588272095,0.28867512941360474,0.7071067690849304,0.7071067690849304,0.5773502588272095,0.5773502588272095,0.5773502588272095,0.5773502588272095,0.7071067690849304,0.7071067690849304,0.7071067690849304,0.7071067690849304,0.5,0.5,0.7071067690849304,0.866025447845459,0.5773502588272095,0.5,0.5,0.28867512941360474,0.5,0.5,0.5,0.5,0.5,0.5,0.5773502588272095,0.0,0.5,0.5,0.5,0.5,0.5,0.5,0.5,0.3333333432674408,0.5,0.0,0.0,0.5,0.5,0.5,0.5773502588272095,0.5773502588272095,0.5,0.5,0.5773502588272095,0.5773502588272095,0.5773502588272095,0.5773502588272095,0.0,0.0,0.3535533845424652,0.3535533845424652,0.4472135901451111,0.4472135901451111,0.25,0.28867512941360474,0.28867512941360474,0.5773502588272095,0.5773502588272095,0.3535533845424652,0.3535533845424652,0.7071067690849304,0.3535533845424652,0.3535533845424652,0.3535533845424652,0.3535533845424652,0.3535533845424652,0.5,0.5,0.5,0.5,0.28867512941360474,0.28867512941360474,0.7071067690849304,0.7071067690849304,0.5,0.5,0.5,0.5,0.3535533845424652,0.5,0.5,0.5773502588272095,0.5,0.5,0.5,0.5,0.5,0.5,0.3535533845424652,0.3535533845424652,0.5,0.5,0.3535533845424652,0.3535533845424652,0.5,0.5,0.3535533845424652,0.3535533845424652,0.3535533845424652,0.3535533845424652,0.25,0.25,0.25,0.28867512941360474,0.0,0.0,0.0,0.0,0.0,0.0,0.25,0.0,0.0,0.0,0.0,0.0,0.0,0.25,0.28867512941360474,0.0,0.0,0.0,0.0,0.0,0.0,0.0,0.0,0.0,0.0,0.25,0.0,0.0,0.0,0.0,0.0,0.28867512941360474,0.28867512941360474,0.28867512941360474,0.3535533845424652,0.0,0.0,0.0,0.0,0.0,0.0,0.0,0.0,0.3535533845424652,0.28867512941360474,0.0,0.0,0.0,0.0,0.0,0.0,0.0,0.0,0.0,0.25,0.25,0.0,0.0,0.0,0.0,0.0,0.0,0.0,0.0,0.0,0.0,0.0,0.5773502588272095,0.5773502588272095,0.3535533845424652,0.3535533845424652,0.0,0.0,0.0,0.0
FLPR,0.0,0.0,0.0,0.0,0.0,0.0,0.0,0.0,0.0,0.0,0.0,0.0,0.0,0.0,0.0,0.0,0.0,0.0,0.0,0.0,0.5,0.75,0.3535533845424652,0.7071067690849304,0.5,0.75,0.5,0.75,0.5,0.75,0.5,0.75,0.5,0.75,0.5,0.75,0.5,0.75,0.5,0.75,0.5,0.75,0.5,0.75,0.3535533845424652,0.3535533845424652,0.3535533845424652,0.7071067690849304,0.3535533845424652,0.3535533845424652,0.3535533845424652,0.3535533845424652,0.3535533845424652,0.3535533845424652,0.3535533845424652,0.7071067690849304,0.3535533845424652,0.3535533845424652,0.3535533845424652,0.3535533845424652,0.5,0.5,0.5773502588272095,0.0,0.0,0.0,0.3535533845424652,0.3535533845424652,0.40824827551841736,0.40824827551841736,0.5,1.0,0.0,0.0,0.3535533845424652,0.7071067690849304,0.3535533845424652,0.3535533845424652,0.3535533845424652,0.3535533845424652,0.3535533845424652,0.3535533845424652,0.866025447845459,0.0,0.3535533845424652,0.7071067690849304,0.0,0.0,0.0,0.0,0.0,0.0,0.0,0.0,0.3535533845424652,0.3535533845424652,0.3535533845424652,0.7071067690849304,0.5,0.5,0.75,0.7071067690849304,0.7071067690849304,0.5773502588272095,0.5773502588272095,0.7071067690849304,0.7071067690849304,0.5773502588272095,0.5773502588272095,0.3535533845424652,0.7071067690849304,0.5,0.5,0.7071067690849304,0.7071067690849304,0.22360679507255554,0.5,0.75,0.0,0.0,0.28867512941360474,0.5773502588272095,0.7071067690849304,0.7071067690849304,0.5773502588272095,0.5773502588272095,0.5773502588272095,0.5773502588272095,0.7071067690849304,0.7071067690849304,0.7071067690849304,0.7071067690849304,0.5,0.5,0.7071067690849304,0.5773502588272095,0.866025447845459,0.5,0.5,0.28867512941360474,0.5,0.5,0.5,0.5,0.5,0.5,0.5773502588272095,0.0,0.5,0.5,0.5,0.5,0.5,0.5,0.5,0.3333333432674408,0.5,0.0,0.0,0.5,0.5,0.5,0.5773502588272095,0.5773502588272095,0.5,0.5,0.5773502588272095,0.5773502588272095,0.5773502588272095,0.5773502588272095,0.0,0.0,0.3535533845424652,0.3535533845424652,0.4472135901451111,0.4472135901451111,0.25,0.28867512941360474,0.28867512941360474,0.5773502588272095,0.5773502588272095,0.3535533845424652,0.3535533845424652,0.3535533845424652,0.7071067690849304,0.3535533845424652,0.3535533845424652,0.3535533845424652,0.3535533845424652,0.5,0.5,0.5,0.5,0.28867512941360474,0.28867512941360474,0.7071067690849304,0.7071067690849304,0.5,0.5,0.5,0.5,0.3535533845424652,0.5,0.5,0.5773502588272095,0.5,0.5,0.5,0.5,0.5,0.5,0.3535533845424652,0.3535533845424652,0.5,0.5,0.3535533845424652,0.3535533845424652,0.5,0.5,0.3535533845424652,0.3535533845424652,0.3535533845424652,0.3535533845424652,0.25,0.25,0.25,0.28867512941360474,0.0,0.0,0.0,0.0,0.0,0.0,0.25,0.0,0.0,0.0,0.0,0.0,0.0,0.25,0.28867512941360474,0.0,0.0,0.0,0.0,0.0,0.0,0.0,0.0,0.0,0.0,0.25,0.0,0.0,0.0,0.0,0.0,0.28867512941360474,0.28867512941360474,0.28867512941360474,0.3535533845424652,0.0,0.0,0.0,0.0,0.0,0.0,0.0,0.0,0.3535533845424652,0.28867512941360474,0.0,0.0,0.0,0.0,0.0,0.0,0.0,0.0,0.0,0.25,0.25,0.0,0.0,0.0,0.0,0.0,0.0,0.0,0.0,0.0,0.0,0.0,0.5773502588272095,0.5773502588272095,0.3535533845424652,0.3535533845424652,0.0,0.0,0.0,0.0
PVDL,0.0,0.0,0.0,0.0,0.0,0.0,0.0,0.0,0.0,0.0,0.0,0.0,0.0,0.0,0.0,0.0,0.0,0.0,0.0,0.0,0.0,0.0,0.0,0.0,0.0,0.0,0.0,0.0,0.0,0.0,0.0,0.0,0.0,0.0,0.0,0.0,0.0,0.0,0.0,0.0,0.0,0.0,0.0,0.0,0.0,0.0,0.0,0.0,0.0,0.0,0.0,0.0,0.0,0.0,0.0,0.0,0.0,0.0,0.0,0.0,0.0,0.0,0.3333333432674408,0.5773502588272095,0.40824830532073975,0.40824830532073975,0.0,0.0,0.235702246427536,0.235702246427536,0.0,0.0,1.0,0.6666666865348816,0.0,0.0,0.0,0.0,0.0,0.0,0.0,0.0,0.0,0.40824830532073975,0.0,0.0,0.5773502588272095,0.5773502588272095,0.0,0.0,0.0,0.0,0.0,0.0,0.0,0.0,0.0,0.0,0.28867512941360474,0.0,0.0,0.0,0.0,0.0,0.0,0.0,0.0,0.0,0.0,0.0,0.0,0.0,0.0,0.0,0.0,0.5163977742195129,0.28867512941360474,0.0,0.8164966106414795,0.40824830532073975,0.0,0.0,0.0,0.0,0.0,0.0,0.0,0.0,0.0,0.0,0.0,0.0,0.0,0.0,0.0,0.0,0.0,0.28867512941360474,0.28867512941360474,0.3333333432674408,0.28867512941360474,0.28867512941360474,0.28867512941360474,0.28867512941360474,0.28867512941360474,0.28867512941360474,0.3333333432674408,0.40824830532073975,0.28867512941360474,0.28867512941360474,0.28867512941360474,0.28867512941360474,0.28867512941360474,0.28867512941360474,0.28867512941360474,0.19245009124279022,0.28867512941360474,0.40824830532073975,0.40824830532073975,0.0,0.28867512941360474,0.28867512941360474,0.3333333432674408,0.3333333432674408,0.28867512941360474,0.28867512941360474,0.3333333432674408,0.3333333432674408,0.3333333432674408,0.3333333432674408,0.0,0.0,0.0,0.0,0.0,0.0,0.0,0.0,0.0,0.0,0.0,0.0,0.0,0.0,0.0,0.0,0.0,0.0,0.0,0.0,0.0,0.0,0.0,0.0,0.0,0.0,0.0,0.0,0.0,0.0,0.0,0.0,0.0,0.0,0.3333333432674408,0.0,0.0,0.0,0.0,0.0,0.0,0.0,0.0,0.0,0.0,0.0,0.0,0.0,0.0,0.0,0.0,0.0,0.0,0.28867512941360474,0.28867512941360474,0.28867512941360474,0.3333333432674408,0.40824830532073975,0.40824830532073975,0.40824830532073975,0.3333333432674408,0.3333333432674408,0.0,0.28867512941360474,0.3333333432674408,0.40824830532073975,0.40824830532073975,0.40824830532073975,0.40824830532073975,0.40824830532073975,0.28867512941360474,0.3333333432674408,0.40824830532073975,0.40824830532073975,0.40824830532073975,0.40824830532073975,0.40824830532073975,0.40824830532073975,0.40824830532073975,0.40824830532073975,0.3333333432674408,0.0,0.28867512941360474,0.40824830532073975,0.40824830532073975,0.40824830532073975,0.40824830532073975,0.3333333432674408,0.3333333432674408,0.3333333432674408,0.3333333432674408,0.40824830532073975,0.5773502588272095,0.5773502588272095,0.5773502588272095,0.5773502588272095,0.5773502588272095,0.5773502588272095,0.5773502588272095,0.40824830532073975,0.40824830532073975,0.3333333432674408,0.5773502588272095,0.5773502588272095,0.5773502588272095,0.5773502588272095,0.5773502588272095,0.5773502588272095,0.5773502588272095,0.5773502588272095,0.5773502588272095,0.28867512941360474,0.28867512941360474,0.40824830532073975,0.40824830532073975,0.40824830532073975,0.40824830532073975,0.40824830532073975,0.40824830532073975,0.40824830532073975,0.40824830532073975,0.40824830532073975,0.3333333432674408,0.3333333432674408,0.3333333432674408,0.3333333432674408,0.40824830532073975,0.40824830532073975,0.5773502588272095,0.5773502588272095,0.5773502588272095,0.5773502588272095
PVDR,0.0,0.0,0.0,0.0,0.0,0.0,0.0,0.0,0.0,0.0,0.0,0.0,0.0,0.0,0.0,0.0,0.0,0.0,0.0,0.0,0.0,0.0,0.0,0.0,0.0,0.0,0.0,0.0,0.0,0.0,0.0,0.0,0.0,0.0,0.0,0.0,0.0,0.0,0.0,0.0,0.0,0.0,0.0,0.0,0.0,0.0,0.0,0.0,0.0,0.0,0.0,0.0,0.0,0.0,0.0,0.0,0.0,0.0,0.0,0.0,0.0,0.0,0.3333333432674408,0.5773502588272095,0.40824830532073975,0.40824830532073975,0.0,0.0,0.235702246427536,0.235702246427536,0.0,0.0,0.6666666865348816,1.0,0.0,0.0,0.0,0.0,0.0,0.0,0.0,0.0,0.0,0.40824830532073975,0.0,0.0,0.5773502588272095,0.5773502588272095,0.0,0.0,0.0,0.0,0.0,0.0,0.0,0.0,0.0,0.0,0.28867512941360474,0.0,0.0,0.0,0.0,0.0,0.0,0.0,0.0,0.0,0.0,0.0,0.0,0.0,0.0,0.0,0.0,0.5163977742195129,0.0,0.28867512941360474,0.40824830532073975,0.8164966106414795,0.0,0.0,0.0,0.0,0.0,0.0,0.0,0.0,0.0,0.0,0.0,0.0,0.0,0.0,0.0,0.0,0.0,0.28867512941360474,0.28867512941360474,0.3333333432674408,0.28867512941360474,0.28867512941360474,0.28867512941360474,0.28867512941360474,0.28867512941360474,0.28867512941360474,0.3333333432674408,0.40824830532073975,0.28867512941360474,0.28867512941360474,0.28867512941360474,0.28867512941360474,0.28867512941360474,0.28867512941360474,0.28867512941360474,0.19245009124279022,0.28867512941360474,0.40824830532073975,0.40824830532073975,0.0,0.28867512941360474,0.28867512941360474,0.3333333432674408,0.3333333432674408,0.28867512941360474,0.28867512941360474,0.3333333432674408,0.3333333432674408,0.3333333432674408,0.3333333432674408,0.0,0.0,0.0,0.0,0.0,0.0,0.0,0.0,0.0,0.0,0.0,0.0,0.0,0.0,0.0,0.0,0.0,0.0,0.0,0.0,0.0,0.0,0.0,0.0,0.0,0.0,0.0,0.0,0.0,0.0,0.0,0.0,0.0,0.0,0.3333333432674408,0.0,0.0,0.0,0.0,0.0,0.0,0.0,0.0,0.0,0.0,0.0,0.0,0.0,0.0,0.0,0.0,0.0,0.0,0.28867512941360474,0.28867512941360474,0.28867512941360474,0.3333333432674408,0.40824830532073975,0.40824830532073975,0.40824830532073975,0.3333333432674408,0.3333333432674408,0.0,0.28867512941360474,0.3333333432674408,0.40824830532073975,0.40824830532073975,0.40824830532073975,0.40824830532073975,0.40824830532073975,0.28867512941360474,0.3333333432674408,0.40824830532073975,0.40824830532073975,0.40824830532073975,0.40824830532073975,0.40824830532073975,0.40824830532073975,0.40824830532073975,0.40824830532073975,0.3333333432674408,0.0,0.28867512941360474,0.40824830532073975,0.40824830532073975,0.40824830532073975,0.40824830532073975,0.3333333432674408,0.3333333432674408,0.3333333432674408,0.3333333432674408,0.40824830532073975,0.5773502588272095,0.5773502588272095,0.5773502588272095,0.5773502588272095,0.5773502588272095,0.5773502588272095,0.5773502588272095,0.40824830532073975,0.40824830532073975,0.3333333432674408,0.5773502588272095,0.5773502588272095,0.5773502588272095,0.5773502588272095,0.5773502588272095,0.5773502588272095,0.5773502588272095,0.5773502588272095,0.5773502588272095,0.28867512941360474,0.28867512941360474,0.40824830532073975,0.40824830532073975,0.40824830532073975,0.40824830532073975,0.40824830532073975,0.40824830532073975,0.40824830532073975,0.40824830532073975,0.40824830532073975,0.3333333432674408,0.3333333432674408,0.3333333432674408,0.3333333432674408,0.40824830532073975,0.40824830532073975,0.5773502588272095,0.5773502588272095,0.5773502588272095,0.5773502588272095
BAGL,0.0,0.0,0.0,0.0,0.0,0.0,0.0,0.0,0.0,0.0,0.0,0.0,0.0,0.0,0.0,0.0,0.0,0.0,0.0,0.0,0.7071067690849304,0.3535533845424652,1.0000001192092896,0.5000000596046448,0.7071067690849304,0.3535533845424652,0.7071067690849304,0.3535533845424652,0.7071067690849304,0.3535533845424652,0.7071067690849304,0.3535533845424652,0.7071067690849304,0.3535533845424652,0.7071067690849304,0.3535533845424652,0.7071067690849304,0.3535533845424652,0.7071067690849304,0.3535533845424652,0.7071067690849304,0.3535533845424652,0.7071067690849304,0.3535533845424652,0.5000000596046448,0.5000000596046448,1.0000001192092896,0.5000000596046448,0.5000000596046448,0.5000000596046448,0.5000000596046448,0.5000000596046448,0.5000000596046448,0.5000000596046448,1.0000001192092896,0.5000000596046448,0.5000000596046448,0.5000000596046448,0.5000000596046448,0.5000000596046448,0.7071067690849304,0.7071067690849304,0.40824830532073975,0.0,0.0,0.0,0.5000000596046448,0.5000000596046448,0.28867512941360474,0.28867512941360474,0.7071067690849304,0.3535533845424652,0.0,0.0,1.0,0.5000000596046448,0.5000000596046448,0.5000000596046448,0.5000000596046448,0.5000000596046448,0.5000000596046448,0.5000000596046448,0.40824830532073975,0.0,0.5000000596046448,0.5000000596046448,0.0,0.0,0.0,0.0,0.0,0.0,0.0,0.0,0.5000000596046448,0.5000000596046448,1.0000001192092896,0.5000000596046448,0.3535533845424652,0.7071067690849304,0.3535533845424652,0.5000000596046448,0.5000000596046448,0.40824830532073975,0.40824830532073975,0.5000000596046448,0.5000000596046448,0.40824830532073975,0.40824830532073975,0.5000000596046448,0.5000000596046448,0.7071067690849304,0.7071067690849304,0.5000000596046448,0.5000000596046448,0.3162277638912201,0.3535533845424652,0.3535533845424652,0.0,0.0,0.8164966106414795,0.40824830532073975,0.5000000596046448,0.5000000596046448,0.40824830532073975,0.40824830532073975,0.40824830532073975,0.40824830532073975,0.5000000596046448,0.5000000596046448,0.5000000596046448,0.5000000596046448,0.7071067690849304,0.7071067690849304,0.5000000596046448,0.40824830532073975,0.40824830532073975,0.3535533845424652,0.3535533845424652,0.0,0.3535533845424652,0.3535533845424652,0.3535533845424652,0.3535533845424652,0.3535533845424652,0.3535533845424652,0.40824830532073975,0.0,0.3535533845424652,0.3535533845424652,0.3535533845424652,0.3535533845424652,0.3535533845424652,0.3535533845424652,0.3535533845424652,0.2357022762298584,0.3535533845424652,0.0,0.0,0.3535533845424652,0.3535533845424652,0.3535533845424652,0.40824830532073975,0.40824830532073975,0.3535533845424652,0.3535533845424652,0.40824830532073975,0.40824830532073975,0.40824830532073975,0.40824830532073975,0.0,0.0,0.5000000596046448,0.5000000596046448,0.3162277638912201,0.3162277638912201,0.0,0.0,0.0,0.40824830532073975,0.40824830532073975,0.5000000596046448,0.5000000596046448,1.0000001192092896,0.5000000596046448,0.5000000596046448,0.5000000596046448,0.5000000596046448,0.5000000596046448,0.3535533845424652,0.3535533845424652,0.3535533845424652,0.3535533845424652,0.40824830532073975,0.40824830532073975,0.5000000596046448,0.5000000596046448,0.7071067690849304,0.7071067690849304,0.7071067690849304,0.7071067690849304,0.5000000596046448,0.7071067690849304,0.7071067690849304,0.40824830532073975,0.7071067690849304,0.7071067690849304,0.7071067690849304,0.7071067690849304,0.7071067690849304,0.7071067690849304,0.5000000596046448,0.5000000596046448,0.3535533845424652,0.3535533845424652,0.5000000596046448,0.5000000596046448,0.3535533845424652,0.3535533845424652,0.5000000596046448,0.5000000596046448,0.5000000596046448,0.5000000596046448,0.0,0.0,0.0,0.0,0.0,0.0,0.0,0.0,0.0,0.0,0.0,0.0,0.0,0.0,0.0,0.0,0.0,0.0,0.0,0.0,0.0,0.0,0.0,0.0,0.0,0.0,0.0,0.0,0.0,0.0,0.0,0.0,0.0,0.0,0.0,0.0,0.0,0.0,0.0,0.0,0.0,0.0,0.0,0.0,0.0,0.0,0.0,0.0,0.0,0.0,0.0,0.0,0.0,0.0,0.0,0.0,0.0,0.0,0.0,0.0,0.0,0.0,0.0,0.0,0.0,0.0,0.0,0.0,0.0,0.0,0.0,0.40824830532073975,0.40824830532073975,0.0,0.0,0.0,0.0,0.0,0.0
BAGR,0.0,0.0,0.0,0.0,0.0,0.0,0.0,0.0,0.0,0.0,0.0,0.0,0.0,0.0,0.0,0.0,0.0,0.0,0.0,0.0,0.3535533845424652,0.7071067690849304,0.5000000596046448,1.0000001192092896,0.3535533845424652,0.7071067690849304,0.3535533845424652,0.7071067690849304,0.3535533845424652,0.7071067690849304,0.3535533845424652,0.7071067690849304,0.3535533845424652,0.7071067690849304,0.3535533845424652,0.7071067690849304,0.3535533845424652,0.7071067690849304,0.3535533845424652,0.7071067690849304,0.3535533845424652,0.7071067690849304,0.3535533845424652,0.7071067690849304,0.5000000596046448,0.5000000596046448,0.5000000596046448,1.0000001192092896,0.5000000596046448,0.5000000596046448,0.5000000596046448,0.5000000596046448,0.5000000596046448,0.5000000596046448,0.5000000596046448,1.0000001192092896,0.5000000596046448,0.5000000596046448,0.5000000596046448,0.5000000596046448,0.7071067690849304,0.7071067690849304,0.40824830532073975,0.0,0.0,0.0,0.5000000596046448,0.5000000596046448,0.28867512941360474,0.28867512941360474,0.3535533845424652,0.7071067690849304,0.0,0.0,0.5000000596046448,1.0,0.5000000596046448,0.5000000596046448,0.5000000596046448,0.5000000596046448,0.5000000596046448,0.5000000596046448,0.40824830532073975,0.0,0.5000000596046448,0.5000000596046448,0.0,0.0,0.0,0.0,0.0,0.0,0.0,0.0,0.5000000596046448,0.5000000596046448,0.5000000596046448,1.0000001192092896,0.3535533845424652,0.3535533845424652,0.7071067690849304,0.5000000596046448,0.5000000596046448,0.40824830532073975,0.40824830532073975,0.5000000596046448,0.5000000596046448,0.40824830532073975,0.40824830532073975,0.5000000596046448,0.5000000596046448,0.7071067690849304,0.7071067690849304,0.5000000596046448,0.5000000596046448,0.3162277638912201,0.3535533845424652,0.3535533845424652,0.0,0.0,0.40824830532073975,0.8164966106414795,0.5000000596046448,0.5000000596046448,0.40824830532073975,0.40824830532073975,0.40824830532073975,0.40824830532073975,0.5000000596046448,0.5000000596046448,0.5000000596046448,0.5000000596046448,0.7071067690849304,0.7071067690849304,0.5000000596046448,0.40824830532073975,0.40824830532073975,0.3535533845424652,0.3535533845424652,0.0,0.3535533845424652,0.3535533845424652,0.3535533845424652,0.3535533845424652,0.3535533845424652,0.3535533845424652,0.40824830532073975,0.0,0.3535533845424652,0.3535533845424652,0.3535533845424652,0.3535533845424652,0.3535533845424652,0.3535533845424652,0.3535533845424652,0.2357022762298584,0.3535533845424652,0.0,0.0,0.3535533845424652,0.3535533845424652,0.3535533845424652,0.40824830532073975,0.40824830532073975,0.3535533845424652,0.3535533845424652,0.40824830532073975,0.40824830532073975,0.40824830532073975,0.40824830532073975,0.0,0.0,0.5000000596046448,0.5000000596046448,0.3162277638912201,0.3162277638912201,0.0,0.0,0.0,0.40824830532073975,0.40824830532073975,0.5000000596046448,0.5000000596046448,0.5000000596046448,1.0000001192092896,0.5000000596046448,0.5000000596046448,0.5000000596046448,0.5000000596046448,0.3535533845424652,0.3535533845424652,0.3535533845424652,0.3535533845424652,0.40824830532073975,0.40824830532073975,0.5000000596046448,0.5000000596046448,0.7071067690849304,0.7071067690849304,0.7071067690849304,0.7071067690849304,0.5000000596046448,0.7071067690849304,0.7071067690849304,0.40824830532073975,0.7071067690849304,0.7071067690849304,0.7071067690849304,0.7071067690849304,0.7071067690849304,0.7071067690849304,0.5000000596046448,0.5000000596046448,0.3535533845424652,0.3535533845424652,0.5000000596046448,0.5000000596046448,0.3535533845424652,0.3535533845424652,0.5000000596046448,0.5000000596046448,0.5000000596046448,0.5000000596046448,0.0,0.0,0.0,0.0,0.0,0.0,0.0,0.0,0.0,0.0,0.0,0.0,0.0,0.0,0.0,0.0,0.0,0.0,0.0,0.0,0.0,0.0,0.0,0.0,0.0,0.0,0.0,0.0,0.0,0.0,0.0,0.0,0.0,0.0,0.0,0.0,0.0,0.0,0.0,0.0,0.0,0.0,0.0,0.0,0.0,0.0,0.0,0.0,0.0,0.0,0.0,0.0,0.0,0.0,0.0,0.0,0.0,0.0,0.0,0.0,0.0,0.0,0.0,0.0,0.0,0.0,0.0,0.0,0.0,0.0,0.0,0.40824830532073975,0.40824830532073975,0.0,0.0,0.0,0.0,0.0,0.0
URXL,0.0,0.0,0.0,0.0,0.0,0.0,0.0,0.0,0.0,0.0,0.0,0.0,0.0,0.0,0.0,0.0,0.0,0.0,0.0,0.0,0.3535533845424652,0.3535533845424652,0.5000000596046448,0.5000000596046448,0.3535533845424652,0.3535533845424652,0.3535533845424652,0.3535533845424652,0.3535533845424652,0.3535533845424652,0.3535533845424652,0.3535533845424652,0.3535533845424652,0.3535533845424652,0.3535533845424652,0.3535533845424652,0.3535533845424652,0.3535533845424652,0.3535533845424652,0.3535533845424652,0.3535533845424652,0.3535533845424652,0.3535533845424652,0.3535533845424652,1.0000001192092896,0.5000000596046448,0.5000000596046448,0.5000000596046448,0.5000000596046448,0.5000000596046448,1.0000001192092896,0.5000000596046448,0.5000000596046448,0.5000000596046448,0.5000000596046448,0.5000000596046448,1.0000001192092896,0.5000000596046448,0.5000000596046448,0.5000000596046448,0.7071067690849304,0.7071067690849304,0.40824830532073975,0.0,0.0,0.0,0.5000000596046448,0.5000000596046448,0.28867512941360474,0.28867512941360474,0.3535533845424652,0.3535533845424652,0.0,0.0,0.5000000596046448,0.5000000596046448,1.0,0.5000000596046448,1.0000001192092896,0.5000000596046448,0.5000000596046448,0.5000000596046448,0.40824830532073975,0.0,0.5000000596046448,0.5000000596046448,0.0,0.0,0.0,0.0,0.0,0.0,0.0,0.0,0.5000000596046448,0.5000000596046448,0.5000000596046448,0.5000000596046448,0.3535533845424652,0.3535533845424652,0.3535533845424652,0.5000000596046448,0.5000000596046448,0.40824830532073975,0.40824830532073975,0.5000000596046448,0.5000000596046448,0.40824830532073975,0.40824830532073975,0.5000000596046448,0.5000000596046448,0.7071067690849304,0.7071067690849304,0.5000000596046448,0.5000000596046448,0.3162277638912201,0.3535533845424652,0.3535533845424652,0.0,0.0,0.40824830532073975,0.40824830532073975,0.5000000596046448,0.5000000596046448,0.40824830532073975,0.40824830532073975,0.40824830532073975,0.40824830532073975,0.5000000596046448,0.5000000596046448,0.5000000596046448,0.5000000596046448,0.7071067690849304,0.7071067690849304,0.5000000596046448,0.40824830532073975,0.40824830532073975,0.3535533845424652,0.3535533845424652,0.0,0.3535533845424652,0.3535533845424652,0.3535533845424652,0.3535533845424652,0.3535533845424652,0.3535533845424652,0.40824830532073975,0.0,0.3535533845424652,0.3535533845424652,0.3535533845424652,0.3535533845424652,0.3535533845424652,0.3535533845424652,0.3535533845424652,0.4714045524597168,0.3535533845424652,0.0,0.0,0.3535533845424652,0.3535533845424652,0.3535533845424652,0.40824830532073975,0.40824830532073975,0.3535533845424652,0.3535533845424652,0.40824830532073975,0.40824830532073975,0.40824830532073975,0.40824830532073975,0.0,0.0,0.5000000596046448,0.5000000596046448,0.3162277638912201,0.3162277638912201,0.0,0.0,0.0,0.40824830532073975,0.40824830532073975,1.0000001192092896,0.5000000596046448,0.5000000596046448,0.5000000596046448,0.5000000596046448,0.5000000596046448,0.5000000596046448,0.5000000596046448,0.3535533845424652,0.3535533845424652,0.3535533845424652,0.3535533845424652,0.40824830532073975,0.40824830532073975,0.5000000596046448,0.5000000596046448,0.7071067690849304,0.7071067690849304,0.7071067690849304,0.7071067690849304,0.5000000596046448,0.7071067690849304,0.7071067690849304,0.40824830532073975,0.7071067690849304,0.7071067690849304,0.7071067690849304,0.7071067690849304,0.7071067690849304,0.7071067690849304,0.5000000596046448,0.5000000596046448,0.3535533845424652,0.3535533845424652,0.5000000596046448,0.5000000596046448,0.3535533845424652,0.3535533845424652,1.0000001192092896,0.5000000596046448,0.5000000596046448,0.5000000596046448,0.0,0.0,0.0,0.0,0.0,0.0,0.0,0.0,0.0,0.0,0.0,0.0,0.0,0.0,0.0,0.0,0.0,0.0,0.0,0.0,0.0,0.0,0.0,0.0,0.0,0.0,0.0,0.0,0.0,0.0,0.0,0.0,0.0,0.0,0.0,0.0,0.0,0.0,0.0,0.0,0.0,0.0,0.0,0.0,0.0,0.0,0.0,0.0,0.0,0.0,0.0,0.0,0.0,0.0,0.0,0.0,0.0,0.0,0.0,0.0,0.0,0.0,0.0,0.0,0.0,0.0,0.0,0.0,0.0,0.0,0.0,0.40824830532073975,0.40824830532073975,0.0,0.0,0.0,0.0,0.0,0.0
URXR,0.0,0.0,0.0,0.0,0.0,0.0,0.0,0.0,0.0,0.0,0.0,0.0,0.0,0.0,0.0,0.0,0.0,0.0,0.0,0.0,0.3535533845424652,0.3535533845424652,0.5000000596046448,0.5000000596046448,0.3535533845424652,0.3535533845424652,0.3535533845424652,0.3535533845424652,0.3535533845424652,0.3535533845424652,0.3535533845424652,0.3535533845424652,0.3535533845424652,0.3535533845424652,0.3535533845424652,0.3535533845424652,0.3535533845424652,0.3535533845424652,0.3535533845424652,0.3535533845424652,0.3535533845424652,0.3535533845424652,0.3535533845424652,0.3535533845424652,0.5000000596046448,1.0000001192092896,0.5000000596046448,0.5000000596046448,0.5000000596046448,0.5000000596046448,0.5000000596046448,1.0000001192092896,0.5000000596046448,0.5000000596046448,0.5000000596046448,0.5000000596046448,0.5000000596046448,1.0000001192092896,0.5000000596046448,0.5000000596046448,0.7071067690849304,0.7071067690849304,0.40824830532073975,0.0,0.0,0.0,0.5000000596046448,0.5000000596046448,0.28867512941360474,0.28867512941360474,0.3535533845424652,0.3535533845424652,0.0,0.0,0.5000000596046448,0.5000000596046448,0.5000000596046448,1.0,0.5000000596046448,1.0000001192092896,0.5000000596046448,0.5000000596046448,0.40824830532073975,0.0,0.5000000596046448,0.5000000596046448,0.0,0.0,0.0,0.0,0.0,0.0,0.0,0.0,0.5000000596046448,0.5000000596046448,0.5000000596046448,0.5000000596046448,0.3535533845424652,0.3535533845424652,0.3535533845424652,0.5000000596046448,0.5000000596046448,0.40824830532073975,0.40824830532073975,0.5000000596046448,0.5000000596046448,0.40824830532073975,0.40824830532073975,0.5000000596046448,0.5000000596046448,0.7071067690849304,0.7071067690849304,0.5000000596046448,0.5000000596046448,0.3162277638912201,0.3535533845424652,0.3535533845424652,0.0,0.0,0.40824830532073975,0.40824830532073975,0.5000000596046448,0.5000000596046448,0.40824830532073975,0.40824830532073975,0.40824830532073975,0.40824830532073975,0.5000000596046448,0.5000000596046448,0.5000000596046448,0.5000000596046448,0.7071067690849304,0.7071067690849304,0.5000000596046448,0.40824830532073975,0.40824830532073975,0.3535533845424652,0.3535533845424652,0.0,0.3535533845424652,0.3535533845424652,0.3535533845424652,0.3535533845424652,0.3535533845424652,0.3535533845424652,0.40824830532073975,0.0,0.3535533845424652,0.3535533845424652,0.3535533845424652,0.3535533845424652,0.3535533845424652,0.3535533845424652,0.3535533845424652,0.4714045524597168,0.3535533845424652,0.0,0.0,0.3535533845424652,0.3535533845424652,0.3535533845424652,0.40824830532073975,0.40824830532073975,0.3535533845424652,0.3535533845424652,0.40824830532073975,0.40824830532073975,0.40824830532073975,0.40824830532073975,0.0,0.0,0.5000000596046448,0.5000000596046448,0.3162277638912201,0.3162277638912201,0.0,0.0,0.0,0.40824830532073975,0.40824830532073975,0.5000000596046448,1.0000001192092896,0.5000000596046448,0.5000000596046448,0.5000000596046448,0.5000000596046448,0.5000000596046448,0.5000000596046448,0.3535533845424652,0.3535533845424652,0.3535533845424652,0.3535533845424652,0.40824830532073975,0.40824830532073975,0.5000000596046448,0.5000000596046448,0.7071067690849304,0.7071067690849304,0.7071067690849304,0.7071067690849304,0.5000000596046448,0.7071067690849304,0.7071067690849304,0.40824830532073975,0.7071067690849304,0.7071067690849304,0.7071067690849304,0.7071067690849304,0.7071067690849304,0.7071067690849304,0.5000000596046448,0.5000000596046448,0.3535533845424652,0.3535533845424652,0.5000000596046448,0.5000000596046448,0.3535533845424652,0.3535533845424652,0.5000000596046448,1.0000001192092896,0.5000000596046448,0.5000000596046448,0.0,0.0,0.0,0.0,0.0,0.0,0.0,0.0,0.0,0.0,0.0,0.0,0.0,0.0,0.0,0.0,0.0,0.0,0.0,0.0,0.0,0.0,0.0,0.0,0.0,0.0,0.0,0.0,0.0,0.0,0.0,0.0,0.0,0.0,0.0,0.0,0.0,0.0,0.0,0.0,0.0,0.0,0.0,0.0,0.0,0.0,0.0,0.0,0.0,0.0,0.0,0.0,0.0,0.0,0.0,0.0,0.0,0.0,0.0,0.0,0.0,0.0,0.0,0.0,0.0,0.0,0.0,0.0,0.0,0.0,0.0,0.40824830532073975,0.40824830532073975,0.0,0.0,0.0,0.0,0.0,0.0
URYDL,0.0,0.0,0.0,0.0,0.0,0.0,0.0,0.0,0.0,0.0,0.0,0.0,0.0,0.0,0.0,0.0,0.0,0.0,0.0,0.0,0.3535533845424652,0.3535533845424652,0.5000000596046448,0.5000000596046448,0.3535533845424652,0.3535533845424652,0.3535533845424652,0.3535533845424652,0.3535533845424652,0.3535533845424652,0.3535533845424652,0.3535533845424652,0.3535533845424652,0.3535533845424652,0.3535533845424652,0.3535533845424652,0.3535533845424652,0.3535533845424652,0.3535533845424652,0.3535533845424652,0.3535533845424652,0.3535533845424652,0.3535533845424652,0.3535533845424652,1.0000001192092896,0.5000000596046448,0.5000000596046448,0.5000000596046448,0.5000000596046448,0.5000000596046448,1.0000001192092896,0.5000000596046448,0.5000000596046448,0.5000000596046448,0.5000000596046448,0.5000000596046448,1.0000001192092896,0.5000000596046448,0.5000000596046448,0.5000000596046448,0.7071067690849304,0.7071067690849304,0.40824830532073975,0.0,0.0,0.0,0.5000000596046448,0.5000000596046448,0.28867512941360474,0.28867512941360474,0.3535533845424652,0.3535533845424652,0.0,0.0,0.5000000596046448,0.5000000596046448,1.0000001192092896,0.5000000596046448,1.0,0.5000000596046448,0.5000000596046448,0.5000000596046448,0.40824830532073975,0.0,0.5000000596046448,0.5000000596046448,0.0,0.0,0.0,0.0,0.0,0.0,0.0,0.0,0.5000000596046448,0.5000000596046448,0.5000000596046448,0.5000000596046448,0.3535533845424652,0.3535533845424652,0.3535533845424652,0.5000000596046448,0.5000000596046448,0.40824830532073975,0.40824830532073975,0.5000000596046448,0.5000000596046448,0.40824830532073975,0.40824830532073975,0.5000000596046448,0.5000000596046448,0.7071067690849304,0.7071067690849304,0.5000000596046448,0.5000000596046448,0.3162277638912201,0.3535533845424652,0.3535533845424652,0.0,0.0,0.40824830532073975,0.40824830532073975,0.5000000596046448,0.5000000596046448,0.40824830532073975,0.40824830532073975,0.40824830532073975,0.40824830532073975,0.5000000596046448,0.5000000596046448,0.5000000596046448,0.5000000596046448,0.7071067690849304,0.7071067690849304,0.5000000596046448,0.40824830532073975,0.40824830532073975,0.3535533845424652,0.3535533845424652,0.0,0.3535533845424652,0.3535533845424652,0.3535533845424652,0.3535533845424652,0.3535533845424652,0.3535533845424652,0.40824830532073975,0.0,0.3535533845424652,0.3535533845424652,0.3535533845424652,0.3535533845424652,0.3535533845424652,0.3535533845424652,0.3535533845424652,0.4714045524597168,0.3535533845424652,0.0,0.0,0.3535533845424652,0.3535533845424652,0.3535533845424652,0.40824830532073975,0.40824830532073975,0.3535533845424652,0.3535533845424652,0.40824830532073975,0.40824830532073975,0.40824830532073975,0.40824830532073975,0.0,0.0,0.5000000596046448,0.5000000596046448,0.3162277638912201,0.3162277638912201,0.0,0.0,0.0,0.40824830532073975,0.40824830532073975,1.0000001192092896,0.5000000596046448,0.5000000596046448,0.5000000596046448,0.5000000596046448,0.5000000596046448,0.5000000596046448,0.5000000596046448,0.3535533845424652,0.3535533845424652,0.3535533845424652,0.3535533845424652,0.40824830532073975,0.40824830532073975,0.5000000596046448,0.5000000596046448,0.7071067690849304,0.7071067690849304,0.7071067690849304,0.7071067690849304,0.5000000596046448,0.7071067690849304,0.7071067690849304,0.40824830532073975,0.7071067690849304,0.7071067690849304,0.7071067690849304,0.7071067690849304,0.7071067690849304,0.7071067690849304,0.5000000596046448,0.5000000596046448,0.3535533845424652,0.3535533845424652,0.5000000596046448,0.5000000596046448,0.3535533845424652,0.3535533845424652,1.0000001192092896,0.5000000596046448,0.5000000596046448,0.5000000596046448,0.0,0.0,0.0,0.0,0.0,0.0,0.0,0.0,0.0,0.0,0.0,0.0,0.0,0.0,0.0,0.0,0.0,0.0,0.0,0.0,0.0,0.0,0.0,0.0,0.0,0.0,0.0,0.0,0.0,0.0,0.0,0.0,0.0,0.0,0.0,0.0,0.0,0.0,0.0,0.0,0.0,0.0,0.0,0.0,0.0,0.0,0.0,0.0,0.0,0.0,0.0,0.0,0.0,0.0,0.0,0.0,0.0,0.0,0.0,0.0,0.0,0.0,0.0,0.0,0.0,0.0,0.0,0.0,0.0,0.0,0.0,0.40824830532073975,0.40824830532073975,0.0,0.0,0.0,0.0,0.0,0.0
URYDR,0.0,0.0,0.0,0.0,0.0,0.0,0.0,0.0,0.0,0.0,0.0,0.0,0.0,0.0,0.0,0.0,0.0,0.0,0.0,0.0,0.3535533845424652,0.3535533845424652,0.5000000596046448,0.5000000596046448,0.3535533845424652,0.3535533845424652,0.3535533845424652,0.3535533845424652,0.3535533845424652,0.3535533845424652,0.3535533845424652,0.3535533845424652,0.3535533845424652,0.3535533845424652,0.3535533845424652,0.3535533845424652,0.3535533845424652,0.3535533845424652,0.3535533845424652,0.3535533845424652,0.3535533845424652,0.3535533845424652,0.3535533845424652,0.3535533845424652,0.5000000596046448,1.0000001192092896,0.5000000596046448,0.5000000596046448,0.5000000596046448,0.5000000596046448,0.5000000596046448,1.0000001192092896,0.5000000596046448,0.5000000596046448,0.5000000596046448,0.5000000596046448,0.5000000596046448,1.0000001192092896,0.5000000596046448,0.5000000596046448,0.7071067690849304,0.7071067690849304,0.40824830532073975,0.0,0.0,0.0,0.5000000596046448,0.5000000596046448,0.28867512941360474,0.28867512941360474,0.3535533845424652,0.3535533845424652,0.0,0.0,0.5000000596046448,0.5000000596046448,0.5000000596046448,1.0000001192092896,0.5000000596046448,1.0,0.5000000596046448,0.5000000596046448,0.40824830532073975,0.0,0.5000000596046448,0.5000000596046448,0.0,0.0,0.0,0.0,0.0,0.0,0.0,0.0,0.5000000596046448,0.5000000596046448,0.5000000596046448,0.5000000596046448,0.3535533845424652,0.3535533845424652,0.3535533845424652,0.5000000596046448,0.5000000596046448,0.40824830532073975,0.40824830532073975,0.5000000596046448,0.5000000596046448,0.40824830532073975,0.40824830532073975,0.5000000596046448,0.5000000596046448,0.7071067690849304,0.7071067690849304,0.5000000596046448,0.5000000596046448,0.3162277638912201,0.3535533845424652,0.3535533845424652,0.0,0.0,0.40824830532073975,0.40824830532073975,0.5000000596046448,0.5000000596046448,0.40824830532073975,0.40824830532073975,0.40824830532073975,0.40824830532073975,0.5000000596046448,0.5000000596046448,0.5000000596046448,0.5000000596046448,0.7071067690849304,0.7071067690849304,0.5000000596046448,0.40824830532073975,0.40824830532073975,0.3535533845424652,0.3535533845424652,0.0,0.3535533845424652,0.3535533845424652,0.3535533845424652,0.3535533845424652,0.3535533845424652,0.3535533845424652,0.40824830532073975,0.0,0.3535533845424652,0.3535533845424652,0.3535533845424652,0.3535533845424652,0.3535533845424652,0.3535533845424652,0.3535533845424652,0.4714045524597168,0.3535533845424652,0.0,0.0,0.3535533845424652,0.3535533845424652,0.3535533845424652,0.40824830532073975,0.40824830532073975,0.3535533845424652,0.3535533845424652,0.40824830532073975,0.40824830532073975,0.40824830532073975,0.40824830532073975,0.0,0.0,0.5000000596046448,0.5000000596046448,0.3162277638912201,0.3162277638912201,0.0,0.0,0.0,0.40824830532073975,0.40824830532073975,0.5000000596046448,1.0000001192092896,0.5000000596046448,0.5000000596046448,0.5000000596046448,0.5000000596046448,0.5000000596046448,0.5000000596046448,0.3535533845424652,0.3535533845424652,0.3535533845424652,0.3535533845424652,0.40824830532073975,0.40824830532073975,0.5000000596046448,0.5000000596046448,0.7071067690849304,0.7071067690849304,0.7071067690849304,0.7071067690849304,0.5000000596046448,0.7071067690849304,0.7071067690849304,0.40824830532073975,0.7071067690849304,0.7071067690849304,0.7071067690849304,0.7071067690849304,0.7071067690849304,0.7071067690849304,0.5000000596046448,0.5000000596046448,0.3535533845424652,0.3535533845424652,0.5000000596046448,0.5000000596046448,0.3535533845424652,0.3535533845424652,0.5000000596046448,1.0000001192092896,0.5000000596046448,0.5000000596046448,0.0,0.0,0.0,0.0,0.0,0.0,0.0,0.0,0.0,0.0,0.0,0.0,0.0,0.0,0.0,0.0,0.0,0.0,0.0,0.0,0.0,0.0,0.0,0.0,0.0,0.0,0.0,0.0,0.0,0.0,0.0,0.0,0.0,0.0,0.0,0.0,0.0,0.0,0.0,0.0,0.0,0.0,0.0,0.0,0.0,0.0,0.0,0.0,0.0,0.0,0.0,0.0,0.0,0.0,0.0,0.0,0.0,0.0,0.0,0.0,0.0,0.0,0.0,0.0,0.0,0.0,0.0,0.0,0.0,0.0,0.0,0.40824830532073975,0.40824830532073975,0.0,0.0,0.0,0.0,0.0,0.0
URYVL,0.0,0.0,0.0,0.0,0.0,0.0,0.0,0.0,0.0,0.0,0.0,0.0,0.0,0.0,0.0,0.0,0.0,0.0,0.0,0.0,0.3535533845424652,0.3535533845424652,0.5000000596046448,0.5000000596046448,0.3535533845424652,0.3535533845424652,0.3535533845424652,0.3535533845424652,0.3535533845424652,0.3535533845424652,0.3535533845424652,0.3535533845424652,0.3535533845424652,0.3535533845424652,0.3535533845424652,0.3535533845424652,0.3535533845424652,0.3535533845424652,0.3535533845424652,0.3535533845424652,0.3535533845424652,0.3535533845424652,0.3535533845424652,0.3535533845424652,0.5000000596046448,0.5000000596046448,0.5000000596046448,0.5000000596046448,1.0000001192092896,0.5000000596046448,0.5000000596046448,0.5000000596046448,1.0000001192092896,0.5000000596046448,0.5000000596046448,0.5000000596046448,0.5000000596046448,0.5000000596046448,1.0000001192092896,0.5000000596046448,0.7071067690849304,0.7071067690849304,0.40824830532073975,0.0,0.0,0.0,0.5000000596046448,0.5000000596046448,0.28867512941360474,0.28867512941360474,0.3535533845424652,0.3535533845424652,0.0,0.0,0.5000000596046448,0.5000000596046448,0.5000000596046448,0.5000000596046448,0.5000000596046448,0.5000000596046448,1.0,0.5000000596046448,0.40824830532073975,0.0,0.5000000596046448,0.5000000596046448,0.0,0.0,0.0,0.0,0.0,0.0,0.0,0.0,0.5000000596046448,0.5000000596046448,0.5000000596046448,0.5000000596046448,0.3535533845424652,0.3535533845424652,0.3535533845424652,0.5000000596046448,0.5000000596046448,0.40824830532073975,0.40824830532073975,0.5000000596046448,0.5000000596046448,0.40824830532073975,0.40824830532073975,0.5000000596046448,0.5000000596046448,0.7071067690849304,0.7071067690849304,0.5000000596046448,0.5000000596046448,0.3162277638912201,0.3535533845424652,0.3535533845424652,0.0,0.0,0.40824830532073975,0.40824830532073975,0.5000000596046448,0.5000000596046448,0.40824830532073975,0.40824830532073975,0.40824830532073975,0.40824830532073975,0.5000000596046448,0.5000000596046448,0.5000000596046448,0.5000000596046448,0.7071067690849304,0.7071067690849304,0.5000000596046448,0.40824830532073975,0.40824830532073975,0.3535533845424652,0.3535533845424652,0.0,0.3535533845424652,0.3535533845424652,0.3535533845424652,0.3535533845424652,0.3535533845424652,0.3535533845424652,0.40824830532073975,0.0,0.3535533845424652,0.3535533845424652,0.3535533845424652,0.3535533845424652,0.3535533845424652,0.3535533845424652,0.3535533845424652,0.4714045524597168,0.3535533845424652,0.0,0.0,0.3535533845424652,0.3535533845424652,0.3535533845424652,0.40824830532073975,0.40824830532073975,0.3535533845424652,0.3535533845424652,0.40824830532073975,0.40824830532073975,0.40824830532073975,0.40824830532073975,0.0,0.0,0.5000000596046448,0.5000000596046448,0.3162277638912201,0.3162277638912201,0.0,0.0,0.0,0.40824830532073975,0.40824830532073975,0.5000000596046448,0.5000000596046448,0.5000000596046448,0.5000000596046448,1.0000001192092896,0.5000000596046448,0.5000000596046448,0.5000000596046448,0.3535533845424652,0.3535533845424652,0.3535533845424652,0.3535533845424652,0.40824830532073975,0.40824830532073975,0.5000000596046448,0.5000000596046448,0.7071067690849304,0.7071067690849304,0.7071067690849304,0.7071067690849304,0.5000000596046448,0.7071067690849304,0.7071067690849304,0.40824830532073975,0.7071067690849304,0.7071067690849304,0.7071067690849304,0.7071067690849304,0.7071067690849304,0.7071067690849304,0.5000000596046448,0.5000000596046448,0.3535533845424652,0.3535533845424652,0.5000000596046448,0.5000000596046448,0.3535533845424652,0.3535533845424652,0.5000000596046448,0.5000000596046448,1.0000001192092896,0.5000000596046448,0.0,0.0,0.0,0.0,0.0,0.0,0.0,0.0,0.0,0.0,0.0,0.0,0.0,0.0,0.0,0.0,0.0,0.0,0.0,0.0,0.0,0.0,0.0,0.0,0.0,0.0,0.0,0.0,0.0,0.0,0.0,0.0,0.0,0.0,0.0,0.0,0.0,0.0,0.0,0.0,0.0,0.0,0.0,0.0,0.0,0.0,0.0,0.0,0.0,0.0,0.0,0.0,0.0,0.0,0.0,0.0,0.0,0.0,0.0,0.0,0.0,0.0,0.0,0.0,0.0,0.0,0.0,0.0,0.0,0.0,0.0,0.40824830532073975,0.40824830532073975,0.0,0.0,0.0,0.0,0.0,0.0
URYVR,0.0,0.0,0.0,0.0,0.0,0.0,0.0,0.0,0.0,0.0,0.0,0.0,0.0,0.0,0.0,0.0,0.0,0.0,0.0,0.0,0.3535533845424652,0.3535533845424652,0.5000000596046448,0.5000000596046448,0.3535533845424652,0.3535533845424652,0.3535533845424652,0.3535533845424652,0.3535533845424652,0.3535533845424652,0.3535533845424652,0.3535533845424652,0.3535533845424652,0.3535533845424652,0.3535533845424652,0.3535533845424652,0.3535533845424652,0.3535533845424652,0.3535533845424652,0.3535533845424652,0.3535533845424652,0.3535533845424652,0.3535533845424652,0.3535533845424652,0.5000000596046448,0.5000000596046448,0.5000000596046448,0.5000000596046448,0.5000000596046448,1.0000001192092896,0.5000000596046448,0.5000000596046448,0.5000000596046448,1.0000001192092896,0.5000000596046448,0.5000000596046448,0.5000000596046448,0.5000000596046448,0.5000000596046448,1.0000001192092896,0.7071067690849304,0.7071067690849304,0.40824830532073975,0.0,0.0,0.0,0.5000000596046448,0.5000000596046448,0.28867512941360474,0.28867512941360474,0.3535533845424652,0.3535533845424652,0.0,0.0,0.5000000596046448,0.5000000596046448,0.5000000596046448,0.5000000596046448,0.5000000596046448,0.5000000596046448,0.5000000596046448,1.0,0.40824830532073975,0.0,0.5000000596046448,0.5000000596046448,0.0,0.0,0.0,0.0,0.0,0.0,0.0,0.0,0.5000000596046448,0.5000000596046448,0.5000000596046448,0.5000000596046448,0.3535533845424652,0.3535533845424652,0.3535533845424652,0.5000000596046448,0.5000000596046448,0.40824830532073975,0.40824830532073975,0.5000000596046448,0.5000000596046448,0.40824830532073975,0.40824830532073975,0.5000000596046448,0.5000000596046448,0.7071067690849304,0.7071067690849304,0.5000000596046448,0.5000000596046448,0.3162277638912201,0.3535533845424652,0.3535533845424652,0.0,0.0,0.40824830532073975,0.40824830532073975,0.5000000596046448,0.5000000596046448,0.40824830532073975,0.40824830532073975,0.40824830532073975,0.40824830532073975,0.5000000596046448,0.5000000596046448,0.5000000596046448,0.5000000596046448,0.7071067690849304,0.7071067690849304,0.5000000596046448,0.40824830532073975,0.40824830532073975,0.3535533845424652,0.3535533845424652,0.0,0.3535533845424652,0.3535533845424652,0.3535533845424652,0.3535533845424652,0.3535533845424652,0.3535533845424652,0.40824830532073975,0.0,0.3535533845424652,0.3535533845424652,0.3535533845424652,0.3535533845424652,0.3535533845424652,0.3535533845424652,0.3535533845424652,0.4714045524597168,0.3535533845424652,0.0,0.0,0.3535533845424652,0.3535533845424652,0.3535533845424652,0.40824830532073975,0.40824830532073975,0.3535533845424652,0.3535533845424652,0.40824830532073975,0.40824830532073975,0.40824830532073975,0.40824830532073975,0.0,0.0,0.5000000596046448,0.5000000596046448,0.3162277638912201,0.3162277638912201,0.0,0.0,0.0,0.40824830532073975,0.40824830532073975,0.5000000596046448,0.5000000596046448,0.5000000596046448,0.5000000596046448,0.5000000596046448,1.0000001192092896,0.5000000596046448,0.5000000596046448,0.3535533845424652,0.3535533845424652,0.3535533845424652,0.3535533845424652,0.40824830532073975,0.40824830532073975,0.5000000596046448,0.5000000596046448,0.7071067690849304,0.7071067690849304,0.7071067690849304,0.7071067690849304,0.5000000596046448,0.7071067690849304,0.7071067690849304,0.40824830532073975,0.7071067690849304,0.7071067690849304,0.7071067690849304,0.7071067690849304,0.7071067690849304,0.7071067690849304,0.5000000596046448,0.5000000596046448,0.3535533845424652,0.3535533845424652,0.5000000596046448,0.5000000596046448,0.3535533845424652,0.3535533845424652,0.5000000596046448,0.5000000596046448,0.5000000596046448,1.0000001192092896,0.0,0.0,0.0,0.0,0.0,0.0,0.0,0.0,0.0,0.0,0.0,0.0,0.0,0.0,0.0,0.0,0.0,0.0,0.0,0.0,0.0,0.0,0.0,0.0,0.0,0.0,0.0,0.0,0.0,0.0,0.0,0.0,0.0,0.0,0.0,0.0,0.0,0.0,0.0,0.0,0.0,0.0,0.0,0.0,0.0,0.0,0.0,0.0,0.0,0.0,0.0,0.0,0.0,0.0,0.0,0.0,0.0,0.0,0.0,0.0,0.0,0.0,0.0,0.0,0.0,0.0,0.0,0.0,0.0,0.0,0.0,0.40824830532073975,0.40824830532073975,0.0,0.0,0.0,0.0,0.0,0.0
AQR,0.0,0.0,0.0,0.0,0.0,0.0,0.0,0.0,0.0,0.0,0.0,0.0,0.0,0.0,0.0,0.0,0.0,0.0,0.0,0.0,0.5773502588272095,0.5773502588272095,0.40824830532073975,0.40824830532073975,0.5773502588272095,0.5773502588272095,0.5773502588272095,0.5773502588272095,0.5773502588272095,0.5773502588272095,0.5773502588272095,0.5773502588272095,0.5773502588272095,0.5773502588272095,0.5773502588272095,0.5773502588272095,0.5773502588272095,0.5773502588272095,0.5773502588272095,0.5773502588272095,0.5773502588272095,0.5773502588272095,0.5773502588272095,0.5773502588272095,0.40824830532073975,0.40824830532073975,0.40824830532073975,0.40824830532073975,0.40824830532073975,0.40824830532073975,0.40824830532073975,0.40824830532073975,0.40824830532073975,0.40824830532073975,0.40824830532073975,0.40824830532073975,0.40824830532073975,0.40824830532073975,0.40824830532073975,0.40824830532073975,0.5773502588272095,0.5773502588272095,0.6666666865348816,0.0,0.0,0.0,0.40824830532073975,0.40824830532073975,0.471404492855072,0.471404492855072,0.5773502588272095,0.866025447845459,0.0,0.0,0.40824830532073975,0.40824830532073975,0.40824830532073975,0.40824830532073975,0.40824830532073975,0.40824830532073975,0.40824830532073975,0.40824830532073975,1.0,0.0,0.40824830532073975,0.8164966106414795,0.0,0.0,0.0,0.0,0.0,0.0,0.0,0.0,0.40824830532073975,0.40824830532073975,0.40824830532073975,0.40824830532073975,0.5773502588272095,0.5773502588272095,0.5773502588272095,0.8164966106414795,0.8164966106414795,0.6666666865348816,0.6666666865348816,0.8164966106414795,0.8164966106414795,0.6666666865348816,0.6666666865348816,0.40824830532073975,0.8164966106414795,0.5773502588272095,0.5773502588272095,0.8164966106414795,0.8164966106414795,0.25819888710975647,0.5773502588272095,0.866025447845459,0.0,0.0,0.3333333432674408,0.3333333432674408,0.8164966106414795,0.8164966106414795,0.6666666865348816,0.6666666865348816,0.6666666865348816,0.6666666865348816,0.8164966106414795,0.8164966106414795,0.8164966106414795,0.8164966106414795,0.5773502588272095,0.5773502588272095,0.8164966106414795,0.6666666865348816,1.0,0.5773502588272095,0.5773502588272095,0.3333333432674408,0.5773502588272095,0.5773502588272095,0.5773502588272095,0.5773502588272095,0.5773502588272095,0.5773502588272095,0.6666666865348816,0.0,0.5773502588272095,0.5773502588272095,0.5773502588272095,0.5773502588272095,0.5773502588272095,0.5773502588272095,0.5773502588272095,0.38490018248558044,0.5773502588272095,0.0,0.0,0.5773502588272095,0.5773502588272095,0.5773502588272095,0.6666666865348816,0.6666666865348816,0.5773502588272095,0.5773502588272095,0.6666666865348816,0.6666666865348816,0.6666666865348816,0.6666666865348816,0.0,0.0,0.40824830532073975,0.40824830532073975,0.5163977742195129,0.5163977742195129,0.28867512941360474,0.3333333432674408,0.3333333432674408,0.6666666865348816,0.6666666865348816,0.40824830532073975,0.40824830532073975,0.40824830532073975,0.40824830532073975,0.40824830532073975,0.40824830532073975,0.40824830532073975,0.40824830532073975,0.5773502588272095,0.5773502588272095,0.5773502588272095,0.5773502588272095,0.3333333432674408,0.3333333432674408,0.8164966106414795,0.8164966106414795,0.5773502588272095,0.5773502588272095,0.5773502588272095,0.5773502588272095,0.40824830532073975,0.5773502588272095,0.5773502588272095,0.6666666865348816,0.5773502588272095,0.5773502588272095,0.5773502588272095,0.5773502588272095,0.5773502588272095,0.5773502588272095,0.40824830532073975,0.40824830532073975,0.5773502588272095,0.5773502588272095,0.40824830532073975,0.40824830532073975,0.5773502588272095,0.5773502588272095,0.40824830532073975,0.40824830532073975,0.40824830532073975,0.40824830532073975,0.28867512941360474,0.28867512941360474,0.28867512941360474,0.3333333432674408,0.0,0.0,0.0,0.0,0.0,0.0,0.28867512941360474,0.0,0.0,0.0,0.0,0.0,0.0,0.28867512941360474,0.3333333432674408,0.0,0.0,0.0,0.0,0.0,0.0,0.0,0.0,0.0,0.0,0.28867512941360474,0.0,0.0,0.0,0.0,0.0,0.3333333432674408,0.3333333432674408,0.3333333432674408,0.40824830532073975,0.0,0.0,0.0,0.0,0.0,0.0,0.0,0.0,0.40824830532073975,0.3333333432674408,0.0,0.0,0.0,0.0,0.0,0.0,0.0,0.0,0.0,0.28867512941360474,0.28867512941360474,0.0,0.0,0.0,0.0,0.0,0.0,0.0,0.0,0.0,0.0,0.0,0.6666666865348816,0.6666666865348816,0.40824830532073975,0.40824830532073975,0.0,0.0,0.0,0.0
PQR,0.0,0.0,0.0,0.0,0.0,0.0,0.0,0.0,0.0,0.0,0.0,0.0,0.0,0.0,0.0,0.0,0.0,0.0,0.0,0.0,0.0,0.0,0.0,0.0,0.0,0.0,0.0,0.0,0.0,0.0,0.0,0.0,0.0,0.0,0.0,0.0,0.0,0.0,0.0,0.0,0.0,0.0,0.0,0.0,0.0,0.0,0.0,0.0,0.0,0.0,0.0,0.0,0.0,0.0,0.0,0.0,0.0,0.0,0.0,0.0,0.0,0.0,0.40824830532073975,0.7071067690849304,0.5000000596046448,0.5000000596046448,0.0,0.0,0.28867512941360474,0.28867512941360474,0.0,0.0,0.40824830532073975,0.40824830532073975,0.0,0.0,0.0,0.0,0.0,0.0,0.0,0.0,0.0,1.0,0.0,0.0,0.7071067690849304,0.7071067690849304,0.7071067690849304,0.7071067690849304,0.7071067690849304,0.7071067690849304,0.5000000596046448,0.5000000596046448,0.0,0.0,0.0,0.0,0.7071067690849304,0.0,0.0,0.0,0.0,0.0,0.0,0.0,0.0,0.0,0.0,0.0,0.0,0.0,0.0,0.0,0.0,0.0,0.0,0.0,0.0,0.0,0.0,0.0,0.0,0.0,0.0,0.0,0.0,0.0,0.0,0.0,0.0,0.0,0.0,0.0,0.0,0.0,0.0,0.7071067690849304,0.7071067690849304,0.8164966106414795,0.7071067690849304,0.7071067690849304,0.7071067690849304,0.7071067690849304,0.7071067690849304,0.7071067690849304,0.40824830532073975,1.0000001192092896,0.7071067690849304,0.7071067690849304,0.7071067690849304,0.7071067690849304,0.7071067690849304,0.7071067690849304,0.7071067690849304,0.4714045524597168,0.7071067690849304,1.0000001192092896,1.0000001192092896,0.0,0.7071067690849304,0.7071067690849304,0.40824830532073975,0.40824830532073975,0.3535533845424652,0.3535533845424652,0.40824830532073975,0.40824830532073975,0.40824830532073975,0.40824830532073975,0.7071067690849304,0.7071067690849304,0.0,0.0,0.0,0.0,0.0,0.0,0.0,0.0,0.0,0.0,0.0,0.0,0.0,0.0,0.0,0.0,0.0,0.0,0.0,0.0,0.0,0.0,0.0,0.0,0.0,0.0,0.0,0.0,0.0,0.0,0.0,0.0,0.40824830532073975,0.0,0.0,0.0,0.0,0.0,0.0,0.0,0.0,0.0,0.0,0.0,0.0,0.0,0.0,0.0,0.0,0.0,0.0,0.3535533845424652,0.3535533845424652,0.3535533845424652,0.40824830532073975,0.5000000596046448,0.5000000596046448,0.5000000596046448,0.8164966106414795,0.8164966106414795,0.5000000596046448,0.3535533845424652,0.40824830532073975,0.5000000596046448,0.5000000596046448,0.5000000596046448,0.5000000596046448,0.5000000596046448,0.3535533845424652,0.40824830532073975,0.5000000596046448,0.5000000596046448,0.5000000596046448,0.5000000596046448,0.5000000596046448,0.5000000596046448,0.5000000596046448,0.5000000596046448,0.8164966106414795,0.5000000596046448,0.3535533845424652,0.5000000596046448,0.5000000596046448,0.5000000596046448,0.5000000596046448,0.8164966106414795,0.40824830532073975,0.40824830532073975,0.40824830532073975,0.5000000596046448,0.7071067690849304,0.7071067690849304,0.7071067690849304,0.7071067690849304,0.7071067690849304,0.7071067690849304,0.7071067690849304,1.0000001192092896,0.5000000596046448,0.40824830532073975,0.7071067690849304,0.7071067690849304,0.7071067690849304,0.7071067690849304,0.7071067690849304,0.7071067690849304,0.7071067690849304,0.7071067690849304,0.7071067690849304,0.3535533845424652,0.3535533845424652,0.5000000596046448,0.5000000596046448,0.5000000596046448,0.5000000596046448,0.5000000596046448,0.5000000596046448,0.5000000596046448,0.5000000596046448,0.5000000596046448,0.8164966106414795,0.8164966106414795,0.40824830532073975,0.40824830532073975,0.5000000596046448,0.5000000596046448,0.7071067690849304,0.7071067690849304,0.7071067690849304,0.7071067690849304
ADEL,0.0,0.0,0.0,0.0,0.0,0.0,0.0,0.0,0.0,0.0,0.0,0.0,0.0,0.0,0.0,0.0,0.0,0.0,0.0,0.0,0.3535533845424652,0.3535533845424652,0.5000000596046448,0.5000000596046448,0.3535533845424652,0.3535533845424652,0.3535533845424652,0.3535533845424652,0.3535533845424652,0.3535533845424652,0.3535533845424652,0.3535533845424652,0.3535533845424652,0.3535533845424652,0.3535533845424652,0.3535533845424652,0.3535533845424652,0.3535533845424652,0.3535533845424652,0.3535533845424652,0.3535533845424652,0.3535533845424652,0.3535533845424652,0.3535533845424652,0.5000000596046448,0.5000000596046448,0.5000000596046448,0.5000000596046448,0.5000000596046448,0.5000000596046448,0.5000000596046448,0.5000000596046448,0.5000000596046448,0.5000000596046448,0.5000000596046448,0.5000000596046448,0.5000000596046448,0.5000000596046448,0.5000000596046448,0.5000000596046448,0.7071067690849304,0.7071067690849304,0.40824830532073975,0.0,0.0,0.0,0.5000000596046448,0.5000000596046448,0.28867512941360474,0.28867512941360474,0.7071067690849304,0.3535533845424652,0.0,0.0,0.5000000596046448,0.5000000596046448,0.5000000596046448,0.5000000596046448,0.5000000596046448,0.5000000596046448,0.5000000596046448,0.5000000596046448,0.40824830532073975,0.0,1.0,0.5000000596046448,0.0,0.0,0.0,0.0,0.0,0.0,0.0,0.0,0.5000000596046448,0.5000000596046448,0.5000000596046448,0.5000000596046448,0.3535533845424652,0.3535533845424652,0.3535533845424652,0.5000000596046448,0.5000000596046448,0.40824830532073975,0.40824830532073975,0.5000000596046448,0.5000000596046448,0.40824830532073975,0.40824830532073975,1.0000001192092896,0.5000000596046448,0.7071067690849304,0.7071067690849304,0.5000000596046448,0.5000000596046448,0.3162277638912201,0.7071067690849304,0.3535533845424652,0.0,0.0,0.40824830532073975,0.40824830532073975,0.5000000596046448,0.5000000596046448,0.40824830532073975,0.40824830532073975,0.40824830532073975,0.40824830532073975,0.5000000596046448,0.5000000596046448,0.5000000596046448,0.5000000596046448,0.7071067690849304,0.7071067690849304,0.5000000596046448,0.8164966106414795,0.40824830532073975,0.3535533845424652,0.3535533845424652,0.0,0.3535533845424652,0.3535533845424652,0.3535533845424652,0.3535533845424652,0.3535533845424652,0.3535533845424652,0.40824830532073975,0.0,0.3535533845424652,0.3535533845424652,0.3535533845424652,0.3535533845424652,0.3535533845424652,0.3535533845424652,0.3535533845424652,0.2357022762298584,0.3535533845424652,0.0,0.0,0.3535533845424652,0.3535533845424652,0.3535533845424652,0.40824830532073975,0.40824830532073975,0.3535533845424652,0.3535533845424652,0.40824830532073975,0.40824830532073975,0.40824830532073975,0.40824830532073975,0.0,0.0,0.5000000596046448,0.5000000596046448,0.3162277638912201,0.3162277638912201,0.0,0.0,0.0,0.40824830532073975,0.40824830532073975,0.5000000596046448,0.5000000596046448,0.5000000596046448,0.5000000596046448,0.5000000596046448,0.5000000596046448,0.5000000596046448,0.5000000596046448,0.3535533845424652,0.3535533845424652,0.3535533845424652,0.3535533845424652,0.40824830532073975,0.40824830532073975,0.5000000596046448,0.5000000596046448,0.7071067690849304,0.7071067690849304,0.7071067690849304,0.7071067690849304,0.5000000596046448,0.7071067690849304,0.7071067690849304,0.40824830532073975,0.7071067690849304,0.7071067690849304,0.7071067690849304,0.7071067690849304,0.7071067690849304,0.7071067690849304,0.5000000596046448,0.5000000596046448,0.3535533845424652,0.3535533845424652,0.5000000596046448,0.5000000596046448,0.3535533845424652,0.3535533845424652,0.5000000596046448,0.5000000596046448,0.5000000596046448,0.5000000596046448,0.0,0.0,0.0,0.0,0.0,0.0,0.0,0.0,0.0,0.0,0.0,0.0,0.0,0.0,0.0,0.0,0.0,0.0,0.0,0.0,0.0,0.0,0.0,0.0,0.0,0.0,0.0,0.0,0.0,0.0,0.0,0.0,0.0,0.0,0.0,0.0,0.0,0.0,0.0,0.0,0.0,0.0,0.0,0.0,0.0,0.0,0.0,0.0,0.0,0.0,0.0,0.0,0.0,0.0,0.0,0.0,0.0,0.0,0.0,0.0,0.0,0.0,0.0,0.0,0.0,0.0,0.0,0.0,0.0,0.0,0.0,0.40824830532073975,0.40824830532073975,0.0,0.0,0.0,0.0,0.0,0.0
ADER,0.0,0.0,0.0,0.0,0.0,0.0,0.0,0.0,0.0,0.0,0.0,0.0,0.0,0.0,0.0,0.0,0.0,0.0,0.0,0.0,0.3535533845424652,0.3535533845424652,0.5000000596046448,0.5000000596046448,0.3535533845424652,0.3535533845424652,0.3535533845424652,0.3535533845424652,0.3535533845424652,0.3535533845424652,0.3535533845424652,0.3535533845424652,0.3535533845424652,0.3535533845424652,0.3535533845424652,0.3535533845424652,0.3535533845424652,0.3535533845424652,0.3535533845424652,0.3535533845424652,0.3535533845424652,0.3535533845424652,0.3535533845424652,0.3535533845424652,0.5000000596046448,0.5000000596046448,0.5000000596046448,0.5000000596046448,0.5000000596046448,0.5000000596046448,0.5000000596046448,0.5000000596046448,0.5000000596046448,0.5000000596046448,0.5000000596046448,0.5000000596046448,0.5000000596046448,0.5000000596046448,0.5000000596046448,0.5000000596046448,0.7071067690849304,0.7071067690849304,0.40824830532073975,0.0,0.0,0.0,0.5000000596046448,0.5000000596046448,0.28867512941360474,0.28867512941360474,0.3535533845424652,0.7071067690849304,0.0,0.0,0.5000000596046448,0.5000000596046448,0.5000000596046448,0.5000000596046448,0.5000000596046448,0.5000000596046448,0.5000000596046448,0.5000000596046448,0.8164966106414795,0.0,0.5000000596046448,1.0,0.0,0.0,0.0,0.0,0.0,0.0,0.0,0.0,0.5000000596046448,0.5000000596046448,0.5000000596046448,0.5000000596046448,0.3535533845424652,0.3535533845424652,0.3535533845424652,0.5000000596046448,0.5000000596046448,0.40824830532073975,0.40824830532073975,0.5000000596046448,0.5000000596046448,0.40824830532073975,0.40824830532073975,0.5000000596046448,1.0000001192092896,0.7071067690849304,0.7071067690849304,0.5000000596046448,0.5000000596046448,0.3162277638912201,0.3535533845424652,0.7071067690849304,0.0,0.0,0.40824830532073975,0.40824830532073975,0.5000000596046448,0.5000000596046448,0.40824830532073975,0.40824830532073975,0.40824830532073975,0.40824830532073975,0.5000000596046448,0.5000000596046448,0.5000000596046448,0.5000000596046448,0.7071067690849304,0.7071067690849304,0.5000000596046448,0.40824830532073975,0.8164966106414795,0.3535533845424652,0.3535533845424652,0.0,0.3535533845424652,0.3535533845424652,0.3535533845424652,0.3535533845424652,0.3535533845424652,0.3535533845424652,0.40824830532073975,0.0,0.3535533845424652,0.3535533845424652,0.3535533845424652,0.3535533845424652,0.3535533845424652,0.3535533845424652,0.3535533845424652,0.2357022762298584,0.3535533845424652,0.0,0.0,0.3535533845424652,0.3535533845424652,0.3535533845424652,0.40824830532073975,0.40824830532073975,0.3535533845424652,0.3535533845424652,0.40824830532073975,0.40824830532073975,0.40824830532073975,0.40824830532073975,0.0,0.0,0.5000000596046448,0.5000000596046448,0.3162277638912201,0.3162277638912201,0.0,0.0,0.0,0.40824830532073975,0.40824830532073975,0.5000000596046448,0.5000000596046448,0.5000000596046448,0.5000000596046448,0.5000000596046448,0.5000000596046448,0.5000000596046448,0.5000000596046448,0.3535533845424652,0.3535533845424652,0.3535533845424652,0.3535533845424652,0.40824830532073975,0.40824830532073975,0.5000000596046448,0.5000000596046448,0.7071067690849304,0.7071067690849304,0.7071067690849304,0.7071067690849304,0.5000000596046448,0.7071067690849304,0.7071067690849304,0.40824830532073975,0.7071067690849304,0.7071067690849304,0.7071067690849304,0.7071067690849304,0.7071067690849304,0.7071067690849304,0.5000000596046448,0.5000000596046448,0.3535533845424652,0.3535533845424652,0.5000000596046448,0.5000000596046448,0.3535533845424652,0.3535533845424652,0.5000000596046448,0.5000000596046448,0.5000000596046448,0.5000000596046448,0.0,0.0,0.0,0.0,0.0,0.0,0.0,0.0,0.0,0.0,0.0,0.0,0.0,0.0,0.0,0.0,0.0,0.0,0.0,0.0,0.0,0.0,0.0,0.0,0.0,0.0,0.0,0.0,0.0,0.0,0.0,0.0,0.0,0.0,0.0,0.0,0.0,0.0,0.0,0.0,0.0,0.0,0.0,0.0,0.0,0.0,0.0,0.0,0.0,0.0,0.0,0.0,0.0,0.0,0.0,0.0,0.0,0.0,0.0,0.0,0.0,0.0,0.0,0.0,0.0,0.0,0.0,0.0,0.0,0.0,0.0,0.40824830532073975,0.40824830532073975,0.0,0.0,0.0,0.0,0.0,0.0
PDEL,0.0,0.0,0.0,0.0,0.0,0.0,0.0,0.0,0.0,0.0,0.0,0.0,0.0,0.0,0.0,0.0,0.0,0.0,0.0,0.0,0.0,0.0,0.0,0.0,0.0,0.0,0.0,0.0,0.0,0.0,0.0,0.0,0.0,0.0,0.0,0.0,0.0,0.0,0.0,0.0,0.0,0.0,0.0,0.0,0.0,0.0,0.0,0.0,0.0,0.0,0.0,0.0,0.0,0.0,0.0,0.0,0.0,0.0,0.0,0.0,0.0,0.0,0.5773502588272095,1.0,0.7071067690849304,0.7071067690849304,0.0,0.0,0.40824827551841736,0.40824827551841736,0.0,0.0,0.5773502588272095,0.5773502588272095,0.0,0.0,0.0,0.0,0.0,0.0,0.0,0.0,0.0,0.7071067690849304,0.0,0.0,1.0,1.0,0.0,0.0,0.0,0.0,0.0,0.0,0.0,0.0,0.0,0.0,0.5,0.0,0.0,0.0,0.0,0.0,0.0,0.0,0.0,0.0,0.0,0.0,0.0,0.0,0.0,0.0,0.0,0.0,0.0,0.0,0.0,0.0,0.0,0.0,0.0,0.0,0.0,0.0,0.0,0.0,0.0,0.0,0.0,0.0,0.0,0.0,0.0,0.0,0.0,0.5,0.5,0.5773502588272095,0.5,0.5,0.5,0.5,0.5,0.5,0.5773502588272095,0.7071067690849304,0.5,0.5,0.5,0.5,0.5,0.5,0.5,0.3333333432674408,0.5,0.7071067690849304,0.7071067690849304,0.0,0.5,0.5,0.5773502588272095,0.5773502588272095,0.5,0.5,0.5773502588272095,0.5773502588272095,0.5773502588272095,0.5773502588272095,0.0,0.0,0.0,0.0,0.0,0.0,0.0,0.0,0.0,0.0,0.0,0.0,0.0,0.0,0.0,0.0,0.0,0.0,0.0,0.0,0.0,0.0,0.0,0.0,0.0,0.0,0.0,0.0,0.0,0.0,0.0,0.0,0.0,0.0,0.5773502588272095,0.0,0.0,0.0,0.0,0.0,0.0,0.0,0.0,0.0,0.0,0.0,0.0,0.0,0.0,0.0,0.0,0.0,0.0,0.5,0.5,0.5,0.5773502588272095,0.7071067690849304,0.7071067690849304,0.7071067690849304,0.5773502588272095,0.5773502588272095,0.0,0.5,0.5773502588272095,0.7071067690849304,0.7071067690849304,0.7071067690849304,0.7071067690849304,0.7071067690849304,0.5,0.5773502588272095,0.7071067690849304,0.7071067690849304,0.7071067690849304,0.7071067690849304,0.7071067690849304,0.7071067690849304,0.7071067690849304,0.7071067690849304,0.5773502588272095,0.0,0.5,0.7071067690849304,0.7071067690849304,0.7071067690849304,0.7071067690849304,0.5773502588272095,0.5773502588272095,0.5773502588272095,0.5773502588272095,0.7071067690849304,1.0,1.0,1.0,1.0,1.0,1.0,1.0,0.7071067690849304,0.7071067690849304,0.5773502588272095,1.0,1.0,1.0,1.0,1.0,1.0,1.0,1.0,1.0,0.5,0.5,0.7071067690849304,0.7071067690849304,0.7071067690849304,0.7071067690849304,0.7071067690849304,0.7071067690849304,0.7071067690849304,0.7071067690849304,0.7071067690849304,0.5773502588272095,0.5773502588272095,0.5773502588272095,0.5773502588272095,0.7071067690849304,0.7071067690849304,1.0,1.0,1.0,1.0
PDER,0.0,0.0,0.0,0.0,0.0,0.0,0.0,0.0,0.0,0.0,0.0,0.0,0.0,0.0,0.0,0.0,0.0,0.0,0.0,0.0,0.0,0.0,0.0,0.0,0.0,0.0,0.0,0.0,0.0,0.0,0.0,0.0,0.0,0.0,0.0,0.0,0.0,0.0,0.0,0.0,0.0,0.0,0.0,0.0,0.0,0.0,0.0,0.0,0.0,0.0,0.0,0.0,0.0,0.0,0.0,0.0,0.0,0.0,0.0,0.0,0.0,0.0,0.5773502588272095,1.0,0.7071067690849304,0.7071067690849304,0.0,0.0,0.40824827551841736,0.40824827551841736,0.0,0.0,0.5773502588272095,0.5773502588272095,0.0,0.0,0.0,0.0,0.0,0.0,0.0,0.0,0.0,0.7071067690849304,0.0,0.0,1.0,1.0,0.0,0.0,0.0,0.0,0.0,0.0,0.0,0.0,0.0,0.0,0.5,0.0,0.0,0.0,0.0,0.0,0.0,0.0,0.0,0.0,0.0,0.0,0.0,0.0,0.0,0.0,0.0,0.0,0.0,0.0,0.0,0.0,0.0,0.0,0.0,0.0,0.0,0.0,0.0,0.0,0.0,0.0,0.0,0.0,0.0,0.0,0.0,0.0,0.0,0.5,0.5,0.5773502588272095,0.5,0.5,0.5,0.5,0.5,0.5,0.5773502588272095,0.7071067690849304,0.5,0.5,0.5,0.5,0.5,0.5,0.5,0.3333333432674408,0.5,0.7071067690849304,0.7071067690849304,0.0,0.5,0.5,0.5773502588272095,0.5773502588272095,0.5,0.5,0.5773502588272095,0.5773502588272095,0.5773502588272095,0.5773502588272095,0.0,0.0,0.0,0.0,0.0,0.0,0.0,0.0,0.0,0.0,0.0,0.0,0.0,0.0,0.0,0.0,0.0,0.0,0.0,0.0,0.0,0.0,0.0,0.0,0.0,0.0,0.0,0.0,0.0,0.0,0.0,0.0,0.0,0.0,0.5773502588272095,0.0,0.0,0.0,0.0,0.0,0.0,0.0,0.0,0.0,0.0,0.0,0.0,0.0,0.0,0.0,0.0,0.0,0.0,0.5,0.5,0.5,0.5773502588272095,0.7071067690849304,0.7071067690849304,0.7071067690849304,0.5773502588272095,0.5773502588272095,0.0,0.5,0.5773502588272095,0.7071067690849304,0.7071067690849304,0.7071067690849304,0.7071067690849304,0.7071067690849304,0.5,0.5773502588272095,0.7071067690849304,0.7071067690849304,0.7071067690849304,0.7071067690849304,0.7071067690849304,0.7071067690849304,0.7071067690849304,0.7071067690849304,0.5773502588272095,0.0,0.5,0.7071067690849304,0.7071067690849304,0.7071067690849304,0.7071067690849304,0.5773502588272095,0.5773502588272095,0.5773502588272095,0.5773502588272095,0.7071067690849304,1.0,1.0,1.0,1.0,1.0,1.0,1.0,0.7071067690849304,0.7071067690849304,0.5773502588272095,1.0,1.0,1.0,1.0,1.0,1.0,1.0,1.0,1.0,0.5,0.5,0.7071067690849304,0.7071067690849304,0.7071067690849304,0.7071067690849304,0.7071067690849304,0.7071067690849304,0.7071067690849304,0.7071067690849304,0.7071067690849304,0.5773502588272095,0.5773502588272095,0.5773502588272095,0.5773502588272095,0.7071067690849304,0.7071067690849304,1.0,1.0,1.0,1.0
PHAL,0.0,0.0,0.0,0.0,0.0,0.0,0.0,0.0,0.0,0.0,0.0,0.0,0.0,0.0,0.0,0.0,0.0,0.0,0.0,0.0,0.0,0.0,0.0,0.0,0.0,0.0,0.0,0.0,0.0,0.0,0.0,0.0,0.0,0.0,0.0,0.0,0.0,0.0,0.0,0.0,0.0,0.0,0.0,0.0,0.0,0.0,0.0,0.0,0.0,0.0,0.0,0.0,0.0,0.0,0.0,0.0,0.0,0.0,0.0,0.0,0.0,0.0,0.0,0.0,0.0,0.0,0.0,0.0,0.0,0.0,0.0,0.0,0.0,0.0,0.0,0.0,0.0,0.0,0.0,0.0,0.0,0.0,0.0,0.7071067690849304,0.0,0.0,0.0,0.0,1.0,1.0,1.0,1.0,0.7071067690849304,0.7071067690849304,0.0,0.0,0.0,0.0,0.5,0.0,0.0,0.0,0.0,0.0,0.0,0.0,0.0,0.0,0.0,0.0,0.0,0.0,0.0,0.0,0.0,0.0,0.0,0.0,0.0,0.0,0.0,0.0,0.0,0.0,0.0,0.0,0.0,0.0,0.0,0.0,0.0,0.0,0.0,0.0,0.0,0.0,0.0,0.5,0.5,0.5773502588272095,0.5,0.5,0.5,0.5,0.5,0.5,0.0,0.7071067690849304,0.5,0.5,0.5,0.5,0.5,0.5,0.5,0.3333333432674408,0.5,0.7071067690849304,0.7071067690849304,0.0,0.5,0.5,0.0,0.0,0.0,0.0,0.0,0.0,0.0,0.0,1.0,1.0,0.0,0.0,0.0,0.0,0.0,0.0,0.0,0.0,0.0,0.0,0.0,0.0,0.0,0.0,0.0,0.0,0.0,0.0,0.0,0.0,0.0,0.0,0.0,0.0,0.0,0.0,0.0,0.0,0.0,0.0,0.0,0.0,0.0,0.0,0.0,0.0,0.0,0.0,0.0,0.0,0.0,0.0,0.0,0.0,0.0,0.0,0.0,0.0,0.0,0.0,0.0,0.0,0.0,0.0,0.0,0.0,0.0,0.0,0.5773502588272095,0.5773502588272095,0.7071067690849304,0.0,0.0,0.0,0.0,0.0,0.0,0.0,0.0,0.0,0.0,0.0,0.0,0.0,0.0,0.0,0.0,0.0,0.5773502588272095,0.7071067690849304,0.0,0.0,0.0,0.0,0.0,0.5773502588272095,0.0,0.0,0.0,0.0,0.0,0.0,0.0,0.0,0.0,0.0,0.0,0.7071067690849304,0.0,0.0,0.0,0.0,0.0,0.0,0.0,0.0,0.0,0.0,0.0,0.0,0.0,0.0,0.0,0.0,0.0,0.0,0.0,0.0,0.0,0.0,0.5773502588272095,0.5773502588272095,0.0,0.0,0.0,0.0,0.0,0.0,0.0,0.0
PHAR,0.0,0.0,0.0,0.0,0.0,0.0,0.0,0.0,0.0,0.0,0.0,0.0,0.0,0.0,0.0,0.0,0.0,0.0,0.0,0.0,0.0,0.0,0.0,0.0,0.0,0.0,0.0,0.0,0.0,0.0,0.0,0.0,0.0,0.0,0.0,0.0,0.0,0.0,0.0,0.0,0.0,0.0,0.0,0.0,0.0,0.0,0.0,0.0,0.0,0.0,0.0,0.0,0.0,0.0,0.0,0.0,0.0,0.0,0.0,0.0,0.0,0.0,0.0,0.0,0.0,0.0,0.0,0.0,0.0,0.0,0.0,0.0,0.0,0.0,0.0,0.0,0.0,0.0,0.0,0.0,0.0,0.0,0.0,0.7071067690849304,0.0,0.0,0.0,0.0,1.0,1.0,1.0,1.0,0.7071067690849304,0.7071067690849304,0.0,0.0,0.0,0.0,0.5,0.0,0.0,0.0,0.0,0.0,0.0,0.0,0.0,0.0,0.0,0.0,0.0,0.0,0.0,0.0,0.0,0.0,0.0,0.0,0.0,0.0,0.0,0.0,0.0,0.0,0.0,0.0,0.0,0.0,0.0,0.0,0.0,0.0,0.0,0.0,0.0,0.0,0.0,0.5,0.5,0.5773502588272095,0.5,0.5,0.5,0.5,0.5,0.5,0.0,0.7071067690849304,0.5,0.5,0.5,0.5,0.5,0.5,0.5,0.3333333432674408,0.5,0.7071067690849304,0.7071067690849304,0.0,0.5,0.5,0.0,0.0,0.0,0.0,0.0,0.0,0.0,0.0,1.0,1.0,0.0,0.0,0.0,0.0,0.0,0.0,0.0,0.0,0.0,0.0,0.0,0.0,0.0,0.0,0.0,0.0,0.0,0.0,0.0,0.0,0.0,0.0,0.0,0.0,0.0,0.0,0.0,0.0,0.0,0.0,0.0,0.0,0.0,0.0,0.0,0.0,0.0,0.0,0.0,0.0,0.0,0.0,0.0,0.0,0.0,0.0,0.0,0.0,0.0,0.0,0.0,0.0,0.0,0.0,0.0,0.0,0.0,0.0,0.5773502588272095,0.5773502588272095,0.7071067690849304,0.0,0.0,0.0,0.0,0.0,0.0,0.0,0.0,0.0,0.0,0.0,0.0,0.0,0.0,0.0,0.0,0.0,0.5773502588272095,0.7071067690849304,0.0,0.0,0.0,0.0,0.0,0.5773502588272095,0.0,0.0,0.0,0.0,0.0,0.0,0.0,0.0,0.0,0.0,0.0,0.7071067690849304,0.0,0.0,0.0,0.0,0.0,0.0,0.0,0.0,0.0,0.0,0.0,0.0,0.0,0.0,0.0,0.0,0.0,0.0,0.0,0.0,0.0,0.0,0.5773502588272095,0.5773502588272095,0.0,0.0,0.0,0.0,0.0,0.0,0.0,0.0
PHBL,0.0,0.0,0.0,0.0,0.0,0.0,0.0,0.0,0.0,0.0,0.0,0.0,0.0,0.0,0.0,0.0,0.0,0.0,0.0,0.0,0.0,0.0,0.0,0.0,0.0,0.0,0.0,0.0,0.0,0.0,0.0,0.0,0.0,0.0,0.0,0.0,0.0,0.0,0.0,0.0,0.0,0.0,0.0,0.0,0.0,0.0,0.0,0.0,0.0,0.0,0.0,0.0,0.0,0.0,0.0,0.0,0.0,0.0,0.0,0.0,0.0,0.0,0.0,0.0,0.0,0.0,0.0,0.0,0.0,0.0,0.0,0.0,0.0,0.0,0.0,0.0,0.0,0.0,0.0,0.0,0.0,0.0,0.0,0.7071067690849304,0.0,0.0,0.0,0.0,1.0,1.0,1.0,1.0,0.7071067690849304,0.7071067690849304,0.0,0.0,0.0,0.0,0.5,0.0,0.0,0.0,0.0,0.0,0.0,0.0,0.0,0.0,0.0,0.0,0.0,0.0,0.0,0.0,0.0,0.0,0.0,0.0,0.0,0.0,0.0,0.0,0.0,0.0,0.0,0.0,0.0,0.0,0.0,0.0,0.0,0.0,0.0,0.0,0.0,0.0,0.0,0.5,0.5,0.5773502588272095,0.5,0.5,0.5,0.5,0.5,0.5,0.0,0.7071067690849304,0.5,0.5,0.5,0.5,0.5,0.5,0.5,0.3333333432674408,0.5,0.7071067690849304,0.7071067690849304,0.0,0.5,0.5,0.0,0.0,0.0,0.0,0.0,0.0,0.0,0.0,1.0,1.0,0.0,0.0,0.0,0.0,0.0,0.0,0.0,0.0,0.0,0.0,0.0,0.0,0.0,0.0,0.0,0.0,0.0,0.0,0.0,0.0,0.0,0.0,0.0,0.0,0.0,0.0,0.0,0.0,0.0,0.0,0.0,0.0,0.0,0.0,0.0,0.0,0.0,0.0,0.0,0.0,0.0,0.0,0.0,0.0,0.0,0.0,0.0,0.0,0.0,0.0,0.0,0.0,0.0,0.0,0.0,0.0,0.0,0.0,0.5773502588272095,0.5773502588272095,0.7071067690849304,0.0,0.0,0.0,0.0,0.0,0.0,0.0,0.0,0.0,0.0,0.0,0.0,0.0,0.0,0.0,0.0,0.0,0.5773502588272095,0.7071067690849304,0.0,0.0,0.0,0.0,0.0,0.5773502588272095,0.0,0.0,0.0,0.0,0.0,0.0,0.0,0.0,0.0,0.0,0.0,0.7071067690849304,0.0,0.0,0.0,0.0,0.0,0.0,0.0,0.0,0.0,0.0,0.0,0.0,0.0,0.0,0.0,0.0,0.0,0.0,0.0,0.0,0.0,0.0,0.5773502588272095,0.5773502588272095,0.0,0.0,0.0,0.0,0.0,0.0,0.0,0.0
PHBR,0.0,0.0,0.0,0.0,0.0,0.0,0.0,0.0,0.0,0.0,0.0,0.0,0.0,0.0,0.0,0.0,0.0,0.0,0.0,0.0,0.0,0.0,0.0,0.0,0.0,0.0,0.0,0.0,0.0,0.0,0.0,0.0,0.0,0.0,0.0,0.0,0.0,0.0,0.0,0.0,0.0,0.0,0.0,0.0,0.0,0.0,0.0,0.0,0.0,0.0,0.0,0.0,0.0,0.0,0.0,0.0,0.0,0.0,0.0,0.0,0.0,0.0,0.0,0.0,0.0,0.0,0.0,0.0,0.0,0.0,0.0,0.0,0.0,0.0,0.0,0.0,0.0,0.0,0.0,0.0,0.0,0.0,0.0,0.7071067690849304,0.0,0.0,0.0,0.0,1.0,1.0,1.0,1.0,0.7071067690849304,0.7071067690849304,0.0,0.0,0.0,0.0,0.5,0.0,0.0,0.0,0.0,0.0,0.0,0.0,0.0,0.0,0.0,0.0,0.0,0.0,0.0,0.0,0.0,0.0,0.0,0.0,0.0,0.0,0.0,0.0,0.0,0.0,0.0,0.0,0.0,0.0,0.0,0.0,0.0,0.0,0.0,0.0,0.0,0.0,0.0,0.5,0.5,0.5773502588272095,0.5,0.5,0.5,0.5,0.5,0.5,0.0,0.7071067690849304,0.5,0.5,0.5,0.5,0.5,0.5,0.5,0.3333333432674408,0.5,0.7071067690849304,0.7071067690849304,0.0,0.5,0.5,0.0,0.0,0.0,0.0,0.0,0.0,0.0,0.0,1.0,1.0,0.0,0.0,0.0,0.0,0.0,0.0,0.0,0.0,0.0,0.0,0.0,0.0,0.0,0.0,0.0,0.0,0.0,0.0,0.0,0.0,0.0,0.0,0.0,0.0,0.0,0.0,0.0,0.0,0.0,0.0,0.0,0.0,0.0,0.0,0.0,0.0,0.0,0.0,0.0,0.0,0.0,0.0,0.0,0.0,0.0,0.0,0.0,0.0,0.0,0.0,0.0,0.0,0.0,0.0,0.0,0.0,0.0,0.0,0.5773502588272095,0.5773502588272095,0.7071067690849304,0.0,0.0,0.0,0.0,0.0,0.0,0.0,0.0,0.0,0.0,0.0,0.0,0.0,0.0,0.0,0.0,0.0,0.5773502588272095,0.7071067690849304,0.0,0.0,0.0,0.0,0.0,0.5773502588272095,0.0,0.0,0.0,0.0,0.0,0.0,0.0,0.0,0.0,0.0,0.0,0.7071067690849304,0.0,0.0,0.0,0.0,0.0,0.0,0.0,0.0,0.0,0.0,0.0,0.0,0.0,0.0,0.0,0.0,0.0,0.0,0.0,0.0,0.0,0.0,0.5773502588272095,0.5773502588272095,0.0,0.0,0.0,0.0,0.0,0.0,0.0,0.0
PHCL,0.0,0.0,0.0,0.0,0.0,0.0,0.0,0.0,0.0,0.0,0.0,0.0,0.0,0.0,0.0,0.0,0.0,0.0,0.0,0.0,0.0,0.0,0.0,0.0,0.0,0.0,0.0,0.0,0.0,0.0,0.0,0.0,0.0,0.0,0.0,0.0,0.0,0.0,0.0,0.0,0.0,0.0,0.0,0.0,0.0,0.0,0.0,0.0,0.0,0.0,0.0,0.0,0.0,0.0,0.0,0.0,0.0,0.0,0.0,0.0,0.0,0.0,0.0,0.0,0.5000000596046448,0.5000000596046448,0.5000000596046448,0.5000000596046448,0.28867512941360474,0.28867512941360474,0.0,0.0,0.0,0.0,0.0,0.0,0.0,0.0,0.0,0.0,0.0,0.0,0.0,0.5000000596046448,0.0,0.0,0.0,0.0,0.7071067690849304,0.7071067690849304,0.7071067690849304,0.7071067690849304,1.0,1.0000001192092896,0.0,0.0,0.0,0.0,0.3535533845424652,0.0,0.0,0.0,0.0,0.0,0.0,0.0,0.0,0.0,0.0,0.0,0.0,0.0,0.0,0.0,0.0,0.0,0.0,0.0,0.0,0.0,0.0,0.0,0.0,0.0,0.0,0.0,0.0,0.0,0.0,0.0,0.0,0.0,0.0,0.0,0.0,0.0,0.0,0.3535533845424652,0.3535533845424652,0.40824830532073975,0.3535533845424652,0.3535533845424652,0.3535533845424652,0.3535533845424652,0.3535533845424652,0.3535533845424652,0.0,0.5000000596046448,0.3535533845424652,0.3535533845424652,0.3535533845424652,0.3535533845424652,0.3535533845424652,0.3535533845424652,0.3535533845424652,0.4714045524597168,0.3535533845424652,0.5000000596046448,0.5000000596046448,0.0,0.3535533845424652,0.3535533845424652,0.0,0.0,0.0,0.0,0.0,0.0,0.0,0.0,0.7071067690849304,0.7071067690849304,0.0,0.0,0.0,0.0,0.0,0.0,0.0,0.0,0.0,0.0,0.0,0.0,0.0,0.0,0.0,0.0,0.0,0.0,0.0,0.0,0.0,0.0,0.0,0.0,0.0,0.0,0.0,0.0,0.0,0.0,0.0,0.0,0.0,0.0,0.0,0.0,0.0,0.0,0.0,0.0,0.0,0.0,0.0,0.0,0.0,0.0,0.0,0.0,0.0,0.0,0.0,0.0,0.0,0.0,0.0,0.0,0.0,0.0,0.40824830532073975,0.40824830532073975,0.5000000596046448,0.0,0.0,0.0,0.0,0.0,0.0,0.0,0.0,0.0,0.0,0.0,0.0,0.0,0.0,0.0,0.0,0.0,0.40824830532073975,0.5000000596046448,0.0,0.0,0.0,0.0,0.0,0.40824830532073975,0.0,0.0,0.0,0.0,0.0,0.0,0.0,0.0,0.0,0.0,0.0,0.5000000596046448,0.0,0.0,0.0,0.0,0.0,0.0,0.0,0.0,0.0,0.0,0.0,0.0,0.0,0.0,0.0,0.0,0.0,0.0,0.0,0.0,0.0,0.0,0.40824830532073975,0.40824830532073975,0.0,0.0,0.0,0.0,0.0,0.0,0.0,0.0
PHCR,0.0,0.0,0.0,0.0,0.0,0.0,0.0,0.0,0.0,0.0,0.0,0.0,0.0,0.0,0.0,0.0,0.0,0.0,0.0,0.0,0.0,0.0,0.0,0.0,0.0,0.0,0.0,0.0,0.0,0.0,0.0,0.0,0.0,0.0,0.0,0.0,0.0,0.0,0.0,0.0,0.0,0.0,0.0,0.0,0.0,0.0,0.0,0.0,0.0,0.0,0.0,0.0,0.0,0.0,0.0,0.0,0.0,0.0,0.0,0.0,0.0,0.0,0.0,0.0,0.5000000596046448,0.5000000596046448,0.5000000596046448,0.5000000596046448,0.28867512941360474,0.28867512941360474,0.0,0.0,0.0,0.0,0.0,0.0,0.0,0.0,0.0,0.0,0.0,0.0,0.0,0.5000000596046448,0.0,0.0,0.0,0.0,0.7071067690849304,0.7071067690849304,0.7071067690849304,0.7071067690849304,1.0000001192092896,1.0,0.0,0.0,0.0,0.0,0.3535533845424652,0.0,0.0,0.0,0.0,0.0,0.0,0.0,0.0,0.0,0.0,0.0,0.0,0.0,0.0,0.0,0.0,0.0,0.0,0.0,0.0,0.0,0.0,0.0,0.0,0.0,0.0,0.0,0.0,0.0,0.0,0.0,0.0,0.0,0.0,0.0,0.0,0.0,0.0,0.3535533845424652,0.3535533845424652,0.40824830532073975,0.3535533845424652,0.3535533845424652,0.3535533845424652,0.3535533845424652,0.3535533845424652,0.3535533845424652,0.0,0.5000000596046448,0.3535533845424652,0.3535533845424652,0.3535533845424652,0.3535533845424652,0.3535533845424652,0.3535533845424652,0.3535533845424652,0.4714045524597168,0.3535533845424652,0.5000000596046448,0.5000000596046448,0.0,0.3535533845424652,0.3535533845424652,0.0,0.0,0.0,0.0,0.0,0.0,0.0,0.0,0.7071067690849304,0.7071067690849304,0.0,0.0,0.0,0.0,0.0,0.0,0.0,0.0,0.0,0.0,0.0,0.0,0.0,0.0,0.0,0.0,0.0,0.0,0.0,0.0,0.0,0.0,0.0,0.0,0.0,0.0,0.0,0.0,0.0,0.0,0.0,0.0,0.0,0.0,0.0,0.0,0.0,0.0,0.0,0.0,0.0,0.0,0.0,0.0,0.0,0.0,0.0,0.0,0.0,0.0,0.0,0.0,0.0,0.0,0.0,0.0,0.0,0.0,0.40824830532073975,0.40824830532073975,0.5000000596046448,0.0,0.0,0.0,0.0,0.0,0.0,0.0,0.0,0.0,0.0,0.0,0.0,0.0,0.0,0.0,0.0,0.0,0.40824830532073975,0.5000000596046448,0.0,0.0,0.0,0.0,0.0,0.40824830532073975,0.0,0.0,0.0,0.0,0.0,0.0,0.0,0.0,0.0,0.0,0.0,0.5000000596046448,0.0,0.0,0.0,0.0,0.0,0.0,0.0,0.0,0.0,0.0,0.0,0.0,0.0,0.0,0.0,0.0,0.0,0.0,0.0,0.0,0.0,0.0,0.40824830532073975,0.40824830532073975,0.0,0.0,0.0,0.0,0.0,0.0,0.0,0.0
SDQL,0.0,0.0,0.0,0.0,0.0,0.0,0.0,0.0,0.0,0.0,0.0,0.0,0.0,0.0,0.0,0.0,0.0,0.0,0.0,0.0,0.3535533845424652,0.3535533845424652,0.5000000596046448,0.5000000596046448,0.3535533845424652,0.3535533845424652,0.3535533845424652,0.3535533845424652,0.3535533845424652,0.3535533845424652,0.3535533845424652,0.3535533845424652,0.3535533845424652,0.3535533845424652,0.3535533845424652,0.3535533845424652,0.3535533845424652,0.3535533845424652,0.3535533845424652,0.3535533845424652,0.3535533845424652,0.3535533845424652,0.3535533845424652,0.3535533845424652,0.5000000596046448,0.5000000596046448,0.5000000596046448,0.5000000596046448,0.5000000596046448,0.5000000596046448,0.5000000596046448,0.5000000596046448,0.5000000596046448,0.5000000596046448,0.5000000596046448,0.5000000596046448,0.5000000596046448,0.5000000596046448,0.5000000596046448,0.5000000596046448,0.7071067690849304,0.7071067690849304,0.40824830532073975,0.0,0.0,0.0,0.5000000596046448,0.5000000596046448,0.28867512941360474,0.28867512941360474,0.3535533845424652,0.3535533845424652,0.0,0.0,0.5000000596046448,0.5000000596046448,0.5000000596046448,0.5000000596046448,0.5000000596046448,0.5000000596046448,0.5000000596046448,0.5000000596046448,0.40824830532073975,0.0,0.5000000596046448,0.5000000596046448,0.0,0.0,0.0,0.0,0.0,0.0,0.0,0.0,1.0,0.5000000596046448,0.5000000596046448,0.5000000596046448,0.3535533845424652,0.3535533845424652,0.3535533845424652,0.5000000596046448,0.5000000596046448,0.40824830532073975,0.40824830532073975,0.5000000596046448,0.5000000596046448,0.40824830532073975,0.40824830532073975,0.5000000596046448,0.5000000596046448,0.7071067690849304,0.7071067690849304,0.5000000596046448,0.5000000596046448,0.3162277638912201,0.3535533845424652,0.3535533845424652,0.0,0.0,0.40824830532073975,0.40824830532073975,0.5000000596046448,0.5000000596046448,0.40824830532073975,0.40824830532073975,0.40824830532073975,0.40824830532073975,0.5000000596046448,0.5000000596046448,0.5000000596046448,0.5000000596046448,0.7071067690849304,0.7071067690849304,0.5000000596046448,0.40824830532073975,0.40824830532073975,0.3535533845424652,0.3535533845424652,0.0,0.3535533845424652,0.3535533845424652,0.3535533845424652,0.3535533845424652,0.3535533845424652,0.3535533845424652,0.40824830532073975,0.0,0.3535533845424652,0.3535533845424652,0.3535533845424652,0.3535533845424652,0.3535533845424652,0.3535533845424652,0.3535533845424652,0.2357022762298584,0.3535533845424652,0.0,0.0,0.3535533845424652,0.3535533845424652,0.3535533845424652,0.40824830532073975,0.40824830532073975,0.3535533845424652,0.3535533845424652,0.40824830532073975,0.40824830532073975,0.40824830532073975,0.40824830532073975,0.0,0.0,0.5000000596046448,0.5000000596046448,0.6324555277824402,0.3162277638912201,0.0,0.0,0.0,0.40824830532073975,0.40824830532073975,0.5000000596046448,0.5000000596046448,0.5000000596046448,0.5000000596046448,0.5000000596046448,0.5000000596046448,1.0000001192092896,0.5000000596046448,0.3535533845424652,0.3535533845424652,0.7071067690849304,0.3535533845424652,0.40824830532073975,0.40824830532073975,0.5000000596046448,0.5000000596046448,0.7071067690849304,0.7071067690849304,0.7071067690849304,0.7071067690849304,0.5000000596046448,0.7071067690849304,0.7071067690849304,0.40824830532073975,0.7071067690849304,0.7071067690849304,0.7071067690849304,0.7071067690849304,0.7071067690849304,0.7071067690849304,1.0000001192092896,0.5000000596046448,0.3535533845424652,0.3535533845424652,1.0000001192092896,0.5000000596046448,0.3535533845424652,0.3535533845424652,0.5000000596046448,0.5000000596046448,0.5000000596046448,0.5000000596046448,0.0,0.0,0.0,0.0,0.0,0.0,0.0,0.0,0.0,0.0,0.0,0.0,0.0,0.0,0.0,0.0,0.0,0.0,0.0,0.0,0.0,0.0,0.0,0.0,0.0,0.0,0.0,0.0,0.0,0.0,0.0,0.0,0.0,0.0,0.0,0.0,0.0,0.0,0.0,0.0,0.0,0.0,0.0,0.0,0.0,0.0,0.0,0.0,0.0,0.0,0.0,0.0,0.0,0.0,0.0,0.0,0.0,0.0,0.0,0.0,0.0,0.0,0.0,0.0,0.0,0.0,0.0,0.0,0.0,0.0,0.0,0.40824830532073975,0.40824830532073975,0.0,0.0,0.0,0.0,0.0,0.0
SDQR,0.0,0.0,0.0,0.0,0.0,0.0,0.0,0.0,0.0,0.0,0.0,0.0,0.0,0.0,0.0,0.0,0.0,0.0,0.0,0.0,0.3535533845424652,0.3535533845424652,0.5000000596046448,0.5000000596046448,0.3535533845424652,0.3535533845424652,0.3535533845424652,0.3535533845424652,0.3535533845424652,0.3535533845424652,0.3535533845424652,0.3535533845424652,0.3535533845424652,0.3535533845424652,0.3535533845424652,0.3535533845424652,0.3535533845424652,0.3535533845424652,0.3535533845424652,0.3535533845424652,0.3535533845424652,0.3535533845424652,0.3535533845424652,0.3535533845424652,0.5000000596046448,0.5000000596046448,0.5000000596046448,0.5000000596046448,0.5000000596046448,0.5000000596046448,0.5000000596046448,0.5000000596046448,0.5000000596046448,0.5000000596046448,0.5000000596046448,0.5000000596046448,0.5000000596046448,0.5000000596046448,0.5000000596046448,0.5000000596046448,0.7071067690849304,0.7071067690849304,0.40824830532073975,0.0,0.0,0.0,0.5000000596046448,0.5000000596046448,0.28867512941360474,0.28867512941360474,0.3535533845424652,0.3535533845424652,0.0,0.0,0.5000000596046448,0.5000000596046448,0.5000000596046448,0.5000000596046448,0.5000000596046448,0.5000000596046448,0.5000000596046448,0.5000000596046448,0.40824830532073975,0.0,0.5000000596046448,0.5000000596046448,0.0,0.0,0.0,0.0,0.0,0.0,0.0,0.0,0.5000000596046448,1.0,0.5000000596046448,0.5000000596046448,0.3535533845424652,0.3535533845424652,0.3535533845424652,0.5000000596046448,0.5000000596046448,0.40824830532073975,0.40824830532073975,0.5000000596046448,0.5000000596046448,0.40824830532073975,0.40824830532073975,0.5000000596046448,0.5000000596046448,0.7071067690849304,0.7071067690849304,0.5000000596046448,0.5000000596046448,0.3162277638912201,0.3535533845424652,0.3535533845424652,0.0,0.0,0.40824830532073975,0.40824830532073975,0.5000000596046448,0.5000000596046448,0.40824830532073975,0.40824830532073975,0.40824830532073975,0.40824830532073975,0.5000000596046448,0.5000000596046448,0.5000000596046448,0.5000000596046448,0.7071067690849304,0.7071067690849304,0.5000000596046448,0.40824830532073975,0.40824830532073975,0.3535533845424652,0.3535533845424652,0.0,0.3535533845424652,0.3535533845424652,0.3535533845424652,0.3535533845424652,0.3535533845424652,0.3535533845424652,0.40824830532073975,0.0,0.3535533845424652,0.3535533845424652,0.3535533845424652,0.3535533845424652,0.3535533845424652,0.3535533845424652,0.3535533845424652,0.2357022762298584,0.3535533845424652,0.0,0.0,0.3535533845424652,0.3535533845424652,0.3535533845424652,0.40824830532073975,0.40824830532073975,0.3535533845424652,0.3535533845424652,0.40824830532073975,0.40824830532073975,0.40824830532073975,0.40824830532073975,0.0,0.0,0.5000000596046448,0.5000000596046448,0.3162277638912201,0.6324555277824402,0.0,0.0,0.0,0.40824830532073975,0.40824830532073975,0.5000000596046448,0.5000000596046448,0.5000000596046448,0.5000000596046448,0.5000000596046448,0.5000000596046448,0.5000000596046448,1.0000001192092896,0.3535533845424652,0.3535533845424652,0.3535533845424652,0.7071067690849304,0.40824830532073975,0.40824830532073975,0.5000000596046448,0.5000000596046448,0.7071067690849304,0.7071067690849304,0.7071067690849304,0.7071067690849304,0.5000000596046448,0.7071067690849304,0.7071067690849304,0.40824830532073975,0.7071067690849304,0.7071067690849304,0.7071067690849304,0.7071067690849304,0.7071067690849304,0.7071067690849304,0.5000000596046448,1.0000001192092896,0.3535533845424652,0.3535533845424652,0.5000000596046448,1.0000001192092896,0.3535533845424652,0.3535533845424652,0.5000000596046448,0.5000000596046448,0.5000000596046448,0.5000000596046448,0.0,0.0,0.0,0.0,0.0,0.0,0.0,0.0,0.0,0.0,0.0,0.0,0.0,0.0,0.0,0.0,0.0,0.0,0.0,0.0,0.0,0.0,0.0,0.0,0.0,0.0,0.0,0.0,0.0,0.0,0.0,0.0,0.0,0.0,0.0,0.0,0.0,0.0,0.0,0.0,0.0,0.0,0.0,0.0,0.0,0.0,0.0,0.0,0.0,0.0,0.0,0.0,0.0,0.0,0.0,0.0,0.0,0.0,0.0,0.0,0.0,0.0,0.0,0.0,0.0,0.0,0.0,0.0,0.0,0.0,0.0,0.40824830532073975,0.40824830532073975,0.0,0.0,0.0,0.0,0.0,0.0
URBL,0.0,0.0,0.0,0.0,0.0,0.0,0.0,0.0,0.0,0.0,0.0,0.0,0.0,0.0,0.0,0.0,0.0,0.0,0.0,0.0,0.7071067690849304,0.3535533845424652,1.0000001192092896,0.5000000596046448,0.7071067690849304,0.3535533845424652,0.7071067690849304,0.3535533845424652,0.7071067690849304,0.3535533845424652,0.7071067690849304,0.3535533845424652,0.7071067690849304,0.3535533845424652,0.7071067690849304,0.3535533845424652,0.7071067690849304,0.3535533845424652,0.7071067690849304,0.3535533845424652,0.7071067690849304,0.3535533845424652,0.7071067690849304,0.3535533845424652,0.5000000596046448,0.5000000596046448,1.0000001192092896,0.5000000596046448,0.5000000596046448,0.5000000596046448,0.5000000596046448,0.5000000596046448,0.5000000596046448,0.5000000596046448,1.0000001192092896,0.5000000596046448,0.5000000596046448,0.5000000596046448,0.5000000596046448,0.5000000596046448,0.7071067690849304,0.7071067690849304,0.40824830532073975,0.0,0.0,0.0,0.5000000596046448,0.5000000596046448,0.28867512941360474,0.28867512941360474,0.7071067690849304,0.3535533845424652,0.0,0.0,1.0000001192092896,0.5000000596046448,0.5000000596046448,0.5000000596046448,0.5000000596046448,0.5000000596046448,0.5000000596046448,0.5000000596046448,0.40824830532073975,0.0,0.5000000596046448,0.5000000596046448,0.0,0.0,0.0,0.0,0.0,0.0,0.0,0.0,0.5000000596046448,0.5000000596046448,1.0,0.5000000596046448,0.3535533845424652,0.7071067690849304,0.3535533845424652,0.5000000596046448,0.5000000596046448,0.40824830532073975,0.40824830532073975,0.5000000596046448,0.5000000596046448,0.40824830532073975,0.40824830532073975,0.5000000596046448,0.5000000596046448,0.7071067690849304,0.7071067690849304,0.5000000596046448,0.5000000596046448,0.3162277638912201,0.3535533845424652,0.3535533845424652,0.0,0.0,0.8164966106414795,0.40824830532073975,0.5000000596046448,0.5000000596046448,0.40824830532073975,0.40824830532073975,0.40824830532073975,0.40824830532073975,0.5000000596046448,0.5000000596046448,0.5000000596046448,0.5000000596046448,0.7071067690849304,0.7071067690849304,0.5000000596046448,0.40824830532073975,0.40824830532073975,0.3535533845424652,0.3535533845424652,0.0,0.3535533845424652,0.3535533845424652,0.3535533845424652,0.3535533845424652,0.3535533845424652,0.3535533845424652,0.40824830532073975,0.0,0.3535533845424652,0.3535533845424652,0.3535533845424652,0.3535533845424652,0.3535533845424652,0.3535533845424652,0.3535533845424652,0.2357022762298584,0.3535533845424652,0.0,0.0,0.3535533845424652,0.3535533845424652,0.3535533845424652,0.40824830532073975,0.40824830532073975,0.3535533845424652,0.3535533845424652,0.40824830532073975,0.40824830532073975,0.40824830532073975,0.40824830532073975,0.0,0.0,0.5000000596046448,0.5000000596046448,0.3162277638912201,0.3162277638912201,0.0,0.0,0.0,0.40824830532073975,0.40824830532073975,0.5000000596046448,0.5000000596046448,1.0000001192092896,0.5000000596046448,0.5000000596046448,0.5000000596046448,0.5000000596046448,0.5000000596046448,0.3535533845424652,0.3535533845424652,0.3535533845424652,0.3535533845424652,0.40824830532073975,0.40824830532073975,0.5000000596046448,0.5000000596046448,0.7071067690849304,0.7071067690849304,0.7071067690849304,0.7071067690849304,0.5000000596046448,0.7071067690849304,0.7071067690849304,0.40824830532073975,0.7071067690849304,0.7071067690849304,0.7071067690849304,0.7071067690849304,0.7071067690849304,0.7071067690849304,0.5000000596046448,0.5000000596046448,0.3535533845424652,0.3535533845424652,0.5000000596046448,0.5000000596046448,0.3535533845424652,0.3535533845424652,0.5000000596046448,0.5000000596046448,0.5000000596046448,0.5000000596046448,0.0,0.0,0.0,0.0,0.0,0.0,0.0,0.0,0.0,0.0,0.0,0.0,0.0,0.0,0.0,0.0,0.0,0.0,0.0,0.0,0.0,0.0,0.0,0.0,0.0,0.0,0.0,0.0,0.0,0.0,0.0,0.0,0.0,0.0,0.0,0.0,0.0,0.0,0.0,0.0,0.0,0.0,0.0,0.0,0.0,0.0,0.0,0.0,0.0,0.0,0.0,0.0,0.0,0.0,0.0,0.0,0.0,0.0,0.0,0.0,0.0,0.0,0.0,0.0,0.0,0.0,0.0,0.0,0.0,0.0,0.0,0.40824830532073975,0.40824830532073975,0.0,0.0,0.0,0.0,0.0,0.0
URBR,0.0,0.0,0.0,0.0,0.0,0.0,0.0,0.0,0.0,0.0,0.0,0.0,0.0,0.0,0.0,0.0,0.0,0.0,0.0,0.0,0.3535533845424652,0.7071067690849304,0.5000000596046448,1.0000001192092896,0.3535533845424652,0.7071067690849304,0.3535533845424652,0.7071067690849304,0.3535533845424652,0.7071067690849304,0.3535533845424652,0.7071067690849304,0.3535533845424652,0.7071067690849304,0.3535533845424652,0.7071067690849304,0.3535533845424652,0.7071067690849304,0.3535533845424652,0.7071067690849304,0.3535533845424652,0.7071067690849304,0.3535533845424652,0.7071067690849304,0.5000000596046448,0.5000000596046448,0.5000000596046448,1.0000001192092896,0.5000000596046448,0.5000000596046448,0.5000000596046448,0.5000000596046448,0.5000000596046448,0.5000000596046448,0.5000000596046448,1.0000001192092896,0.5000000596046448,0.5000000596046448,0.5000000596046448,0.5000000596046448,0.7071067690849304,0.7071067690849304,0.40824830532073975,0.0,0.0,0.0,0.5000000596046448,0.5000000596046448,0.28867512941360474,0.28867512941360474,0.3535533845424652,0.7071067690849304,0.0,0.0,0.5000000596046448,1.0000001192092896,0.5000000596046448,0.5000000596046448,0.5000000596046448,0.5000000596046448,0.5000000596046448,0.5000000596046448,0.40824830532073975,0.0,0.5000000596046448,0.5000000596046448,0.0,0.0,0.0,0.0,0.0,0.0,0.0,0.0,0.5000000596046448,0.5000000596046448,0.5000000596046448,1.0,0.3535533845424652,0.3535533845424652,0.7071067690849304,0.5000000596046448,0.5000000596046448,0.40824830532073975,0.40824830532073975,0.5000000596046448,0.5000000596046448,0.40824830532073975,0.40824830532073975,0.5000000596046448,0.5000000596046448,0.7071067690849304,0.7071067690849304,0.5000000596046448,0.5000000596046448,0.3162277638912201,0.3535533845424652,0.3535533845424652,0.0,0.0,0.40824830532073975,0.8164966106414795,0.5000000596046448,0.5000000596046448,0.40824830532073975,0.40824830532073975,0.40824830532073975,0.40824830532073975,0.5000000596046448,0.5000000596046448,0.5000000596046448,0.5000000596046448,0.7071067690849304,0.7071067690849304,0.5000000596046448,0.40824830532073975,0.40824830532073975,0.3535533845424652,0.3535533845424652,0.0,0.3535533845424652,0.3535533845424652,0.3535533845424652,0.3535533845424652,0.3535533845424652,0.3535533845424652,0.40824830532073975,0.0,0.3535533845424652,0.3535533845424652,0.3535533845424652,0.3535533845424652,0.3535533845424652,0.3535533845424652,0.3535533845424652,0.2357022762298584,0.3535533845424652,0.0,0.0,0.3535533845424652,0.3535533845424652,0.3535533845424652,0.40824830532073975,0.40824830532073975,0.3535533845424652,0.3535533845424652,0.40824830532073975,0.40824830532073975,0.40824830532073975,0.40824830532073975,0.0,0.0,0.5000000596046448,0.5000000596046448,0.3162277638912201,0.3162277638912201,0.0,0.0,0.0,0.40824830532073975,0.40824830532073975,0.5000000596046448,0.5000000596046448,0.5000000596046448,1.0000001192092896,0.5000000596046448,0.5000000596046448,0.5000000596046448,0.5000000596046448,0.3535533845424652,0.3535533845424652,0.3535533845424652,0.3535533845424652,0.40824830532073975,0.40824830532073975,0.5000000596046448,0.5000000596046448,0.7071067690849304,0.7071067690849304,0.7071067690849304,0.7071067690849304,0.5000000596046448,0.7071067690849304,0.7071067690849304,0.40824830532073975,0.7071067690849304,0.7071067690849304,0.7071067690849304,0.7071067690849304,0.7071067690849304,0.7071067690849304,0.5000000596046448,0.5000000596046448,0.3535533845424652,0.3535533845424652,0.5000000596046448,0.5000000596046448,0.3535533845424652,0.3535533845424652,0.5000000596046448,0.5000000596046448,0.5000000596046448,0.5000000596046448,0.0,0.0,0.0,0.0,0.0,0.0,0.0,0.0,0.0,0.0,0.0,0.0,0.0,0.0,0.0,0.0,0.0,0.0,0.0,0.0,0.0,0.0,0.0,0.0,0.0,0.0,0.0,0.0,0.0,0.0,0.0,0.0,0.0,0.0,0.0,0.0,0.0,0.0,0.0,0.0,0.0,0.0,0.0,0.0,0.0,0.0,0.0,0.0,0.0,0.0,0.0,0.0,0.0,0.0,0.0,0.0,0.0,0.0,0.0,0.0,0.0,0.0,0.0,0.0,0.0,0.0,0.0,0.0,0.0,0.0,0.0,0.40824830532073975,0.40824830532073975,0.0,0.0,0.0,0.0,0.0,0.0
DVA,0.0,0.0,0.0,0.0,0.0,0.0,0.0,0.0,0.0,0.0,0.0,0.0,0.0,0.0,0.0,0.0,0.0,0.0,0.0,0.0,0.5,0.5,0.3535533845424652,0.3535533845424652,0.5,0.5,0.5,0.5,0.5,0.5,0.5,0.5,0.5,0.5,0.5,0.5,0.5,0.5,0.5,0.5,0.5,0.5,0.5,0.5,0.3535533845424652,0.3535533845424652,0.3535533845424652,0.3535533845424652,0.3535533845424652,0.3535533845424652,0.3535533845424652,0.3535533845424652,0.3535533845424652,0.3535533845424652,0.3535533845424652,0.3535533845424652,0.3535533845424652,0.3535533845424652,0.3535533845424652,0.3535533845424652,0.5,0.5,0.866025447845459,0.5,0.3535533845424652,0.3535533845424652,0.3535533845424652,0.3535533845424652,0.6123723983764648,0.6123723983764648,0.5,0.5,0.28867512941360474,0.28867512941360474,0.3535533845424652,0.3535533845424652,0.3535533845424652,0.3535533845424652,0.3535533845424652,0.3535533845424652,0.3535533845424652,0.3535533845424652,0.5773502588272095,0.7071067690849304,0.3535533845424652,0.3535533845424652,0.5,0.5,0.5,0.5,0.5,0.5,0.3535533845424652,0.3535533845424652,0.3535533845424652,0.3535533845424652,0.3535533845424652,0.3535533845424652,1.0,0.5,0.5,0.7071067690849304,0.7071067690849304,0.5773502588272095,0.5773502588272095,0.7071067690849304,0.7071067690849304,0.5773502588272095,0.5773502588272095,0.3535533845424652,0.3535533845424652,0.5,0.5,0.7071067690849304,0.7071067690849304,0.22360679507255554,0.5,0.5,0.0,0.0,0.28867512941360474,0.28867512941360474,0.7071067690849304,0.7071067690849304,0.5773502588272095,0.5773502588272095,0.5773502588272095,0.5773502588272095,0.7071067690849304,0.7071067690849304,0.7071067690849304,0.7071067690849304,0.5,0.5,0.7071067690849304,0.5773502588272095,0.5773502588272095,1.0,1.0,0.866025447845459,1.0,1.0,1.0,1.0,1.0,1.0,0.866025447845459,0.7071067690849304,1.0,1.0,1.0,1.0,1.0,1.0,1.0,0.6666666865348816,1.0,0.7071067690849304,0.7071067690849304,0.5,1.0,1.0,0.866025447845459,0.866025447845459,0.75,0.75,0.866025447845459,0.866025447845459,0.866025447845459,0.866025447845459,0.5,0.5,0.3535533845424652,0.3535533845424652,0.4472135901451111,0.4472135901451111,0.25,0.28867512941360474,0.28867512941360474,0.5773502588272095,0.5773502588272095,0.3535533845424652,0.3535533845424652,0.3535533845424652,0.3535533845424652,0.3535533845424652,0.3535533845424652,0.3535533845424652,0.3535533845424652,0.5,0.5,0.5,0.5,0.28867512941360474,0.28867512941360474,0.7071067690849304,0.7071067690849304,0.5,0.5,0.5,0.5,0.3535533845424652,0.5,0.5,0.866025447845459,0.5,0.5,0.5,0.5,0.5,0.5,0.3535533845424652,0.3535533845424652,0.5,0.5,0.3535533845424652,0.3535533845424652,0.5,0.5,0.3535533845424652,0.3535533845424652,0.3535533845424652,0.3535533845424652,0.5,0.5,0.5,0.5773502588272095,0.3535533845424652,0.3535533845424652,0.3535533845424652,0.5773502588272095,0.5773502588272095,0.3535533845424652,0.5,0.28867512941360474,0.3535533845424652,0.3535533845424652,0.3535533845424652,0.3535533845424652,0.3535533845424652,0.5,0.5773502588272095,0.3535533845424652,0.3535533845424652,0.3535533845424652,0.3535533845424652,0.3535533845424652,0.3535533845424652,0.3535533845424652,0.3535533845424652,0.5773502588272095,0.3535533845424652,0.5,0.3535533845424652,0.3535533845424652,0.3535533845424652,0.3535533845424652,0.5773502588272095,0.5773502588272095,0.5773502588272095,0.5773502588272095,0.7071067690849304,0.5,0.5,0.5,0.5,0.5,0.5,0.5,0.7071067690849304,0.7071067690849304,0.5773502588272095,0.5,0.5,0.5,0.5,0.5,0.5,0.5,0.5,0.5,0.5,0.5,0.3535533845424652,0.3535533845424652,0.3535533845424652,0.3535533845424652,0.3535533845424652,0.3535533845424652,0.3535533845424652,0.3535533845424652,0.3535533845424652,0.5773502588272095,0.5773502588272095,0.866025447845459,0.866025447845459,0.7071067690849304,0.7071067690849304,0.5,0.5,0.5,0.5
AUAL,0.0,0.0,0.0,0.0,0.0,0.0,0.0,0.0,0.0,0.0,0.0,0.0,0.0,0.0,0.0,0.0,0.0,0.0,0.0,0.0,1.0,0.5,0.7071067690849304,0.3535533845424652,1.0,0.5,1.0,0.5,1.0,0.5,1.0,0.5,1.0,0.5,1.0,0.5,1.0,0.5,1.0,0.5,1.0,0.5,1.0,0.5,0.3535533845424652,0.3535533845424652,0.7071067690849304,0.3535533845424652,0.3535533845424652,0.3535533845424652,0.3535533845424652,0.3535533845424652,0.3535533845424652,0.3535533845424652,0.7071067690849304,0.3535533845424652,0.3535533845424652,0.3535533845424652,0.3535533845424652,0.3535533845424652,0.5,0.5,0.5773502588272095,0.0,0.0,0.0,0.3535533845424652,0.3535533845424652,0.6123723983764648,0.40824827551841736,0.75,0.5,0.0,0.0,0.7071067690849304,0.3535533845424652,0.3535533845424652,0.3535533845424652,0.3535533845424652,0.3535533845424652,0.3535533845424652,0.3535533845424652,0.5773502588272095,0.0,0.3535533845424652,0.3535533845424652,0.0,0.0,0.0,0.0,0.0,0.0,0.0,0.0,0.3535533845424652,0.3535533845424652,0.7071067690849304,0.3535533845424652,0.5,1.0,0.5,0.7071067690849304,0.7071067690849304,0.866025447845459,0.5773502588272095,0.7071067690849304,0.7071067690849304,0.866025447845459,0.5773502588272095,0.3535533845424652,0.3535533845424652,0.5,0.5,0.7071067690849304,0.7071067690849304,0.22360679507255554,0.5,0.5,0.0,0.0,0.5773502588272095,0.28867512941360474,0.7071067690849304,0.7071067690849304,0.866025447845459,0.5773502588272095,0.866025447845459,0.5773502588272095,0.7071067690849304,0.7071067690849304,0.7071067690849304,0.7071067690849304,0.5,0.5,0.7071067690849304,0.5773502588272095,0.5773502588272095,0.5,0.5,0.28867512941360474,0.5,0.5,0.5,0.5,0.5,0.5,0.5773502588272095,0.0,0.5,0.5,0.5,0.5,0.5,0.5,0.5,0.3333333432674408,0.5,0.0,0.0,0.75,0.5,0.5,0.5773502588272095,0.5773502588272095,0.75,0.5,0.5773502588272095,0.5773502588272095,0.5773502588272095,0.5773502588272095,0.0,0.0,0.3535533845424652,0.3535533845424652,0.4472135901451111,0.6708203554153442,0.25,0.28867512941360474,0.5773502588272095,0.866025447845459,0.5773502588272095,0.3535533845424652,0.3535533845424652,0.7071067690849304,0.3535533845424652,0.3535533845424652,0.3535533845424652,0.3535533845424652,0.3535533845424652,0.75,0.5,0.75,0.5,0.28867512941360474,0.5773502588272095,0.7071067690849304,0.7071067690849304,0.5,0.5,0.5,0.5,0.3535533845424652,0.5,0.5,0.5773502588272095,0.5,0.5,0.5,0.5,0.5,0.5,0.3535533845424652,0.3535533845424652,0.75,0.5,0.3535533845424652,0.3535533845424652,0.5,0.75,0.3535533845424652,0.3535533845424652,0.3535533845424652,0.3535533845424652,0.25,0.25,0.25,0.28867512941360474,0.0,0.0,0.0,0.0,0.0,0.0,0.25,0.0,0.0,0.0,0.0,0.0,0.0,0.25,0.28867512941360474,0.0,0.0,0.0,0.0,0.0,0.0,0.0,0.0,0.0,0.0,0.25,0.0,0.0,0.0,0.0,0.0,0.28867512941360474,0.28867512941360474,0.28867512941360474,0.3535533845424652,0.0,0.0,0.0,0.0,0.0,0.0,0.0,0.0,0.3535533845424652,0.28867512941360474,0.0,0.0,0.0,0.0,0.0,0.0,0.0,0.0,0.0,0.25,0.25,0.0,0.0,0.0,0.0,0.0,0.0,0.0,0.0,0.0,0.0,0.0,0.5773502588272095,0.5773502588272095,0.3535533845424652,0.3535533845424652,0.0,0.0,0.0,0.0
AUAR,0.0,0.0,0.0,0.0,0.0,0.0,0.0,0.0,0.0,0.0,0.0,0.0,0.0,0.0,0.0,0.0,0.0,0.0,0.0,0.0,0.5,1.0,0.3535533845424652,0.7071067690849304,0.5,1.0,0.5,1.0,0.5,1.0,0.5,1.0,0.5,1.0,0.5,1.0,0.5,1.0,0.5,1.0,0.5,1.0,0.5,1.0,0.3535533845424652,0.3535533845424652,0.3535533845424652,0.7071067690849304,0.3535533845424652,0.3535533845424652,0.3535533845424652,0.3535533845424652,0.3535533845424652,0.3535533845424652,0.3535533845424652,0.7071067690849304,0.3535533845424652,0.3535533845424652,0.3535533845424652,0.3535533845424652,0.5,0.5,0.5773502588272095,0.0,0.0,0.0,0.3535533845424652,0.3535533845424652,0.40824827551841736,0.6123723983764648,0.5,0.75,0.0,0.0,0.3535533845424652,0.7071067690849304,0.3535533845424652,0.3535533845424652,0.3535533845424652,0.3535533845424652,0.3535533845424652,0.3535533845424652,0.5773502588272095,0.0,0.3535533845424652,0.3535533845424652,0.0,0.0,0.0,0.0,0.0,0.0,0.0,0.0,0.3535533845424652,0.3535533845424652,0.3535533845424652,0.7071067690849304,0.5,0.5,1.0,0.7071067690849304,0.7071067690849304,0.5773502588272095,0.866025447845459,0.7071067690849304,0.7071067690849304,0.5773502588272095,0.866025447845459,0.3535533845424652,0.3535533845424652,0.5,0.5,0.7071067690849304,0.7071067690849304,0.22360679507255554,0.5,0.5,0.0,0.0,0.28867512941360474,0.5773502588272095,0.7071067690849304,0.7071067690849304,0.5773502588272095,0.866025447845459,0.5773502588272095,0.866025447845459,0.7071067690849304,0.7071067690849304,0.7071067690849304,0.7071067690849304,0.5,0.5,0.7071067690849304,0.5773502588272095,0.5773502588272095,0.5,0.5,0.28867512941360474,0.5,0.5,0.5,0.5,0.5,0.5,0.5773502588272095,0.0,0.5,0.5,0.5,0.5,0.5,0.5,0.5,0.3333333432674408,0.5,0.0,0.0,0.5,0.5,0.5,0.5773502588272095,0.5773502588272095,0.5,0.75,0.5773502588272095,0.5773502588272095,0.5773502588272095,0.5773502588272095,0.0,0.0,0.3535533845424652,0.3535533845424652,0.6708203554153442,0.4472135901451111,0.5,0.5773502588272095,0.28867512941360474,0.5773502588272095,0.866025447845459,0.3535533845424652,0.3535533845424652,0.3535533845424652,0.7071067690849304,0.3535533845424652,0.3535533845424652,0.3535533845424652,0.3535533845424652,0.5,0.75,0.5,0.75,0.5773502588272095,0.28867512941360474,0.7071067690849304,0.7071067690849304,0.5,0.5,0.5,0.5,0.3535533845424652,0.5,0.5,0.5773502588272095,0.5,0.5,0.5,0.5,0.5,0.5,0.3535533845424652,0.3535533845424652,0.5,0.75,0.3535533845424652,0.3535533845424652,0.75,0.5,0.3535533845424652,0.3535533845424652,0.3535533845424652,0.3535533845424652,0.25,0.25,0.25,0.28867512941360474,0.0,0.0,0.0,0.0,0.0,0.0,0.25,0.0,0.0,0.0,0.0,0.0,0.0,0.25,0.28867512941360474,0.0,0.0,0.0,0.0,0.0,0.0,0.0,0.0,0.0,0.0,0.25,0.0,0.0,0.0,0.0,0.0,0.28867512941360474,0.28867512941360474,0.28867512941360474,0.3535533845424652,0.0,0.0,0.0,0.0,0.0,0.0,0.0,0.0,0.3535533845424652,0.28867512941360474,0.0,0.0,0.0,0.0,0.0,0.0,0.0,0.0,0.0,0.25,0.25,0.0,0.0,0.0,0.0,0.0,0.0,0.0,0.0,0.0,0.0,0.0,0.5773502588272095,0.5773502588272095,0.3535533845424652,0.3535533845424652,0.0,0.0,0.0,0.0
AIAL,0.0,0.0,0.0,0.0,0.0,0.0,0.0,0.0,0.0,0.0,0.0,0.0,0.0,0.0,0.0,0.0,0.0,0.0,0.0,0.0,0.7071067690849304,0.7071067690849304,0.5000000596046448,0.5000000596046448,0.7071067690849304,0.7071067690849304,0.7071067690849304,0.7071067690849304,0.7071067690849304,0.7071067690849304,0.7071067690849304,0.7071067690849304,0.7071067690849304,0.7071067690849304,0.7071067690849304,0.7071067690849304,0.7071067690849304,0.7071067690849304,0.7071067690849304,0.7071067690849304,0.7071067690849304,0.7071067690849304,0.7071067690849304,0.7071067690849304,0.5000000596046448,0.5000000596046448,0.5000000596046448,0.5000000596046448,0.5000000596046448,0.5000000596046448,0.5000000596046448,0.5000000596046448,0.5000000596046448,0.5000000596046448,0.5000000596046448,0.5000000596046448,0.5000000596046448,0.5000000596046448,0.5000000596046448,0.5000000596046448,0.7071067690849304,0.7071067690849304,0.8164966106414795,0.0,0.0,0.0,0.5000000596046448,0.5000000596046448,0.5773502588272095,0.5773502588272095,0.7071067690849304,0.7071067690849304,0.0,0.0,0.5000000596046448,0.5000000596046448,0.5000000596046448,0.5000000596046448,0.5000000596046448,0.5000000596046448,0.5000000596046448,0.5000000596046448,0.8164966106414795,0.0,0.5000000596046448,0.5000000596046448,0.0,0.0,0.0,0.0,0.0,0.0,0.0,0.0,0.5000000596046448,0.5000000596046448,0.5000000596046448,0.5000000596046448,0.7071067690849304,0.7071067690849304,0.7071067690849304,1.0,1.0000001192092896,0.8164966106414795,0.8164966106414795,1.0000001192092896,1.0000001192092896,0.8164966106414795,0.8164966106414795,0.5000000596046448,0.5000000596046448,0.7071067690849304,0.7071067690849304,1.0000001192092896,1.0000001192092896,0.3162277638912201,0.7071067690849304,0.7071067690849304,0.0,0.0,0.40824830532073975,0.40824830532073975,1.0000001192092896,1.0000001192092896,0.8164966106414795,0.8164966106414795,0.8164966106414795,0.8164966106414795,1.0000001192092896,1.0000001192092896,1.0000001192092896,1.0000001192092896,0.7071067690849304,0.7071067690849304,1.0000001192092896,0.8164966106414795,0.8164966106414795,0.7071067690849304,0.7071067690849304,0.40824830532073975,0.7071067690849304,0.7071067690849304,0.7071067690849304,0.7071067690849304,0.7071067690849304,0.7071067690849304,0.8164966106414795,0.0,0.7071067690849304,0.7071067690849304,0.7071067690849304,0.7071067690849304,0.7071067690849304,0.7071067690849304,0.7071067690849304,0.4714045524597168,0.7071067690849304,0.0,0.0,0.7071067690849304,0.7071067690849304,0.7071067690849304,0.8164966106414795,0.8164966106414795,0.7071067690849304,0.7071067690849304,0.8164966106414795,0.8164966106414795,0.8164966106414795,0.8164966106414795,0.0,0.0,0.5000000596046448,0.5000000596046448,0.6324555277824402,0.6324555277824402,0.3535533845424652,0.40824830532073975,0.40824830532073975,0.8164966106414795,0.8164966106414795,0.5000000596046448,0.5000000596046448,0.5000000596046448,0.5000000596046448,0.5000000596046448,0.5000000596046448,0.5000000596046448,0.5000000596046448,0.7071067690849304,0.7071067690849304,0.7071067690849304,0.7071067690849304,0.40824830532073975,0.40824830532073975,1.0000001192092896,1.0000001192092896,0.7071067690849304,0.7071067690849304,0.7071067690849304,0.7071067690849304,0.5000000596046448,0.7071067690849304,0.7071067690849304,0.8164966106414795,0.7071067690849304,0.7071067690849304,0.7071067690849304,0.7071067690849304,0.7071067690849304,0.7071067690849304,0.5000000596046448,0.5000000596046448,0.7071067690849304,0.7071067690849304,0.5000000596046448,0.5000000596046448,0.7071067690849304,0.7071067690849304,0.5000000596046448,0.5000000596046448,0.5000000596046448,0.5000000596046448,0.3535533845424652,0.3535533845424652,0.3535533845424652,0.40824830532073975,0.0,0.0,0.0,0.0,0.0,0.0,0.3535533845424652,0.0,0.0,0.0,0.0,0.0,0.0,0.3535533845424652,0.40824830532073975,0.0,0.0,0.0,0.0,0.0,0.0,0.0,0.0,0.0,0.0,0.3535533845424652,0.0,0.0,0.0,0.0,0.0,0.40824830532073975,0.40824830532073975,0.40824830532073975,0.5000000596046448,0.0,0.0,0.0,0.0,0.0,0.0,0.0,0.0,0.5000000596046448,0.40824830532073975,0.0,0.0,0.0,0.0,0.0,0.0,0.0,0.0,0.0,0.3535533845424652,0.3535533845424652,0.0,0.0,0.0,0.0,0.0,0.0,0.0,0.0,0.0,0.0,0.0,0.8164966106414795,0.8164966106414795,0.5000000596046448,0.5000000596046448,0.0,0.0,0.0,0.0
AIAR,0.0,0.0,0.0,0.0,0.0,0.0,0.0,0.0,0.0,0.0,0.0,0.0,0.0,0.0,0.0,0.0,0.0,0.0,0.0,0.0,0.7071067690849304,0.7071067690849304,0.5000000596046448,0.5000000596046448,0.7071067690849304,0.7071067690849304,0.7071067690849304,0.7071067690849304,0.7071067690849304,0.7071067690849304,0.7071067690849304,0.7071067690849304,0.7071067690849304,0.7071067690849304,0.7071067690849304,0.7071067690849304,0.7071067690849304,0.7071067690849304,0.7071067690849304,0.7071067690849304,0.7071067690849304,0.7071067690849304,0.7071067690849304,0.7071067690849304,0.5000000596046448,0.5000000596046448,0.5000000596046448,0.5000000596046448,0.5000000596046448,0.5000000596046448,0.5000000596046448,0.5000000596046448,0.5000000596046448,0.5000000596046448,0.5000000596046448,0.5000000596046448,0.5000000596046448,0.5000000596046448,0.5000000596046448,0.5000000596046448,0.7071067690849304,0.7071067690849304,0.8164966106414795,0.0,0.0,0.0,0.5000000596046448,0.5000000596046448,0.5773502588272095,0.5773502588272095,0.7071067690849304,0.7071067690849304,0.0,0.0,0.5000000596046448,0.5000000596046448,0.5000000596046448,0.5000000596046448,0.5000000596046448,0.5000000596046448,0.5000000596046448,0.5000000596046448,0.8164966106414795,0.0,0.5000000596046448,0.5000000596046448,0.0,0.0,0.0,0.0,0.0,0.0,0.0,0.0,0.5000000596046448,0.5000000596046448,0.5000000596046448,0.5000000596046448,0.7071067690849304,0.7071067690849304,0.7071067690849304,1.0000001192092896,1.0,0.8164966106414795,0.8164966106414795,1.0000001192092896,1.0000001192092896,0.8164966106414795,0.8164966106414795,0.5000000596046448,0.5000000596046448,0.7071067690849304,0.7071067690849304,1.0000001192092896,1.0000001192092896,0.3162277638912201,0.7071067690849304,0.7071067690849304,0.0,0.0,0.40824830532073975,0.40824830532073975,1.0000001192092896,1.0000001192092896,0.8164966106414795,0.8164966106414795,0.8164966106414795,0.8164966106414795,1.0000001192092896,1.0000001192092896,1.0000001192092896,1.0000001192092896,0.7071067690849304,0.7071067690849304,1.0000001192092896,0.8164966106414795,0.8164966106414795,0.7071067690849304,0.7071067690849304,0.40824830532073975,0.7071067690849304,0.7071067690849304,0.7071067690849304,0.7071067690849304,0.7071067690849304,0.7071067690849304,0.8164966106414795,0.0,0.7071067690849304,0.7071067690849304,0.7071067690849304,0.7071067690849304,0.7071067690849304,0.7071067690849304,0.7071067690849304,0.4714045524597168,0.7071067690849304,0.0,0.0,0.7071067690849304,0.7071067690849304,0.7071067690849304,0.8164966106414795,0.8164966106414795,0.7071067690849304,0.7071067690849304,0.8164966106414795,0.8164966106414795,0.8164966106414795,0.8164966106414795,0.0,0.0,0.5000000596046448,0.5000000596046448,0.6324555277824402,0.6324555277824402,0.3535533845424652,0.40824830532073975,0.40824830532073975,0.8164966106414795,0.8164966106414795,0.5000000596046448,0.5000000596046448,0.5000000596046448,0.5000000596046448,0.5000000596046448,0.5000000596046448,0.5000000596046448,0.5000000596046448,0.7071067690849304,0.7071067690849304,0.7071067690849304,0.7071067690849304,0.40824830532073975,0.40824830532073975,1.0000001192092896,1.0000001192092896,0.7071067690849304,0.7071067690849304,0.7071067690849304,0.7071067690849304,0.5000000596046448,0.7071067690849304,0.7071067690849304,0.8164966106414795,0.7071067690849304,0.7071067690849304,0.7071067690849304,0.7071067690849304,0.7071067690849304,0.7071067690849304,0.5000000596046448,0.5000000596046448,0.7071067690849304,0.7071067690849304,0.5000000596046448,0.5000000596046448,0.7071067690849304,0.7071067690849304,0.5000000596046448,0.5000000596046448,0.5000000596046448,0.5000000596046448,0.3535533845424652,0.3535533845424652,0.3535533845424652,0.40824830532073975,0.0,0.0,0.0,0.0,0.0,0.0,0.3535533845424652,0.0,0.0,0.0,0.0,0.0,0.0,0.3535533845424652,0.40824830532073975,0.0,0.0,0.0,0.0,0.0,0.0,0.0,0.0,0.0,0.0,0.3535533845424652,0.0,0.0,0.0,0.0,0.0,0.40824830532073975,0.40824830532073975,0.40824830532073975,0.5000000596046448,0.0,0.0,0.0,0.0,0.0,0.0,0.0,0.0,0.5000000596046448,0.40824830532073975,0.0,0.0,0.0,0.0,0.0,0.0,0.0,0.0,0.0,0.3535533845424652,0.3535533845424652,0.0,0.0,0.0,0.0,0.0,0.0,0.0,0.0,0.0,0.0,0.0,0.8164966106414795,0.8164966106414795,0.5000000596046448,0.5000000596046448,0.0,0.0,0.0,0.0
AIBL,0.0,0.0,0.0,0.0,0.0,0.0,0.0,0.0,0.0,0.0,0.0,0.0,0.0,0.0,0.0,0.0,0.0,0.0,0.0,0.0,0.866025447845459,0.5773502588272095,0.40824830532073975,0.40824830532073975,0.866025447845459,0.5773502588272095,0.866025447845459,0.5773502588272095,0.866025447845459,0.5773502588272095,0.866025447845459,0.5773502588272095,0.866025447845459,0.5773502588272095,0.866025447845459,0.5773502588272095,0.866025447845459,0.5773502588272095,0.866025447845459,0.5773502588272095,0.866025447845459,0.5773502588272095,0.866025447845459,0.5773502588272095,0.40824830532073975,0.40824830532073975,0.40824830532073975,0.40824830532073975,0.40824830532073975,0.40824830532073975,0.40824830532073975,0.40824830532073975,0.40824830532073975,0.40824830532073975,0.40824830532073975,0.40824830532073975,0.40824830532073975,0.40824830532073975,0.40824830532073975,0.40824830532073975,0.5773502588272095,0.5773502588272095,0.6666666865348816,0.0,0.0,0.0,0.40824830532073975,0.40824830532073975,0.7071067094802856,0.471404492855072,0.5773502588272095,0.5773502588272095,0.0,0.0,0.40824830532073975,0.40824830532073975,0.40824830532073975,0.40824830532073975,0.40824830532073975,0.40824830532073975,0.40824830532073975,0.40824830532073975,0.6666666865348816,0.0,0.40824830532073975,0.40824830532073975,0.0,0.0,0.0,0.0,0.0,0.0,0.0,0.0,0.40824830532073975,0.40824830532073975,0.40824830532073975,0.40824830532073975,0.5773502588272095,0.866025447845459,0.5773502588272095,0.8164966106414795,0.8164966106414795,1.0,0.6666666865348816,0.8164966106414795,0.8164966106414795,1.0,0.6666666865348816,0.40824830532073975,0.40824830532073975,0.5773502588272095,0.5773502588272095,0.8164966106414795,0.8164966106414795,0.25819888710975647,0.5773502588272095,0.5773502588272095,0.0,0.0,0.3333333432674408,0.3333333432674408,0.8164966106414795,0.8164966106414795,1.0,0.6666666865348816,1.0,0.6666666865348816,0.8164966106414795,0.8164966106414795,0.8164966106414795,0.8164966106414795,0.5773502588272095,0.5773502588272095,0.8164966106414795,0.6666666865348816,0.6666666865348816,0.5773502588272095,0.5773502588272095,0.3333333432674408,0.5773502588272095,0.5773502588272095,0.5773502588272095,0.5773502588272095,0.5773502588272095,0.5773502588272095,0.6666666865348816,0.0,0.5773502588272095,0.5773502588272095,0.5773502588272095,0.5773502588272095,0.5773502588272095,0.5773502588272095,0.5773502588272095,0.38490018248558044,0.5773502588272095,0.0,0.0,0.866025447845459,0.5773502588272095,0.5773502588272095,0.6666666865348816,0.6666666865348816,0.866025447845459,0.5773502588272095,0.6666666865348816,0.6666666865348816,0.6666666865348816,0.6666666865348816,0.0,0.0,0.40824830532073975,0.40824830532073975,0.5163977742195129,0.7745966911315918,0.28867512941360474,0.3333333432674408,0.6666666865348816,1.0,0.6666666865348816,0.40824830532073975,0.40824830532073975,0.40824830532073975,0.40824830532073975,0.40824830532073975,0.40824830532073975,0.40824830532073975,0.40824830532073975,0.866025447845459,0.5773502588272095,0.866025447845459,0.5773502588272095,0.3333333432674408,0.6666666865348816,0.8164966106414795,0.8164966106414795,0.5773502588272095,0.5773502588272095,0.5773502588272095,0.5773502588272095,0.40824830532073975,0.5773502588272095,0.5773502588272095,0.6666666865348816,0.5773502588272095,0.5773502588272095,0.5773502588272095,0.5773502588272095,0.5773502588272095,0.5773502588272095,0.40824830532073975,0.40824830532073975,0.866025447845459,0.5773502588272095,0.40824830532073975,0.40824830532073975,0.5773502588272095,0.866025447845459,0.40824830532073975,0.40824830532073975,0.40824830532073975,0.40824830532073975,0.28867512941360474,0.28867512941360474,0.28867512941360474,0.3333333432674408,0.0,0.0,0.0,0.0,0.0,0.0,0.28867512941360474,0.0,0.0,0.0,0.0,0.0,0.0,0.28867512941360474,0.3333333432674408,0.0,0.0,0.0,0.0,0.0,0.0,0.0,0.0,0.0,0.0,0.28867512941360474,0.0,0.0,0.0,0.0,0.0,0.3333333432674408,0.3333333432674408,0.3333333432674408,0.40824830532073975,0.0,0.0,0.0,0.0,0.0,0.0,0.0,0.0,0.40824830532073975,0.3333333432674408,0.0,0.0,0.0,0.0,0.0,0.0,0.0,0.0,0.0,0.28867512941360474,0.28867512941360474,0.0,0.0,0.0,0.0,0.0,0.0,0.0,0.0,0.0,0.0,0.0,0.6666666865348816,0.6666666865348816,0.40824830532073975,0.40824830532073975,0.0,0.0,0.0,0.0
AIBR,0.0,0.0,0.0,0.0,0.0,0.0,0.0,0.0,0.0,0.0,0.0,0.0,0.0,0.0,0.0,0.0,0.0,0.0,0.0,0.0,0.5773502588272095,0.866025447845459,0.40824830532073975,0.40824830532073975,0.5773502588272095,0.866025447845459,0.5773502588272095,0.866025447845459,0.5773502588272095,0.866025447845459,0.5773502588272095,0.866025447845459,0.5773502588272095,0.866025447845459,0.5773502588272095,0.866025447845459,0.5773502588272095,0.866025447845459,0.5773502588272095,0.866025447845459,0.5773502588272095,0.866025447845459,0.5773502588272095,0.866025447845459,0.40824830532073975,0.40824830532073975,0.40824830532073975,0.40824830532073975,0.40824830532073975,0.40824830532073975,0.40824830532073975,0.40824830532073975,0.40824830532073975,0.40824830532073975,0.40824830532073975,0.40824830532073975,0.40824830532073975,0.40824830532073975,0.40824830532073975,0.40824830532073975,0.5773502588272095,0.5773502588272095,0.6666666865348816,0.0,0.0,0.0,0.40824830532073975,0.40824830532073975,0.471404492855072,0.7071067094802856,0.5773502588272095,0.5773502588272095,0.0,0.0,0.40824830532073975,0.40824830532073975,0.40824830532073975,0.40824830532073975,0.40824830532073975,0.40824830532073975,0.40824830532073975,0.40824830532073975,0.6666666865348816,0.0,0.40824830532073975,0.40824830532073975,0.0,0.0,0.0,0.0,0.0,0.0,0.0,0.0,0.40824830532073975,0.40824830532073975,0.40824830532073975,0.40824830532073975,0.5773502588272095,0.5773502588272095,0.866025447845459,0.8164966106414795,0.8164966106414795,0.6666666865348816,1.0,0.8164966106414795,0.8164966106414795,0.6666666865348816,1.0,0.40824830532073975,0.40824830532073975,0.5773502588272095,0.5773502588272095,0.8164966106414795,0.8164966106414795,0.25819888710975647,0.5773502588272095,0.5773502588272095,0.0,0.0,0.3333333432674408,0.3333333432674408,0.8164966106414795,0.8164966106414795,0.6666666865348816,1.0,0.6666666865348816,1.0,0.8164966106414795,0.8164966106414795,0.8164966106414795,0.8164966106414795,0.5773502588272095,0.5773502588272095,0.8164966106414795,0.6666666865348816,0.6666666865348816,0.5773502588272095,0.5773502588272095,0.3333333432674408,0.5773502588272095,0.5773502588272095,0.5773502588272095,0.5773502588272095,0.5773502588272095,0.5773502588272095,0.6666666865348816,0.0,0.5773502588272095,0.5773502588272095,0.5773502588272095,0.5773502588272095,0.5773502588272095,0.5773502588272095,0.5773502588272095,0.38490018248558044,0.5773502588272095,0.0,0.0,0.5773502588272095,0.5773502588272095,0.5773502588272095,0.6666666865348816,0.6666666865348816,0.5773502588272095,0.866025447845459,0.6666666865348816,0.6666666865348816,0.6666666865348816,0.6666666865348816,0.0,0.0,0.40824830532073975,0.40824830532073975,0.7745966911315918,0.5163977742195129,0.5773502588272095,0.6666666865348816,0.3333333432674408,0.6666666865348816,1.0,0.40824830532073975,0.40824830532073975,0.40824830532073975,0.40824830532073975,0.40824830532073975,0.40824830532073975,0.40824830532073975,0.40824830532073975,0.5773502588272095,0.866025447845459,0.5773502588272095,0.866025447845459,0.6666666865348816,0.3333333432674408,0.8164966106414795,0.8164966106414795,0.5773502588272095,0.5773502588272095,0.5773502588272095,0.5773502588272095,0.40824830532073975,0.5773502588272095,0.5773502588272095,0.6666666865348816,0.5773502588272095,0.5773502588272095,0.5773502588272095,0.5773502588272095,0.5773502588272095,0.5773502588272095,0.40824830532073975,0.40824830532073975,0.5773502588272095,0.866025447845459,0.40824830532073975,0.40824830532073975,0.866025447845459,0.5773502588272095,0.40824830532073975,0.40824830532073975,0.40824830532073975,0.40824830532073975,0.28867512941360474,0.28867512941360474,0.28867512941360474,0.3333333432674408,0.0,0.0,0.0,0.0,0.0,0.0,0.28867512941360474,0.0,0.0,0.0,0.0,0.0,0.0,0.28867512941360474,0.3333333432674408,0.0,0.0,0.0,0.0,0.0,0.0,0.0,0.0,0.0,0.0,0.28867512941360474,0.0,0.0,0.0,0.0,0.0,0.3333333432674408,0.3333333432674408,0.3333333432674408,0.40824830532073975,0.0,0.0,0.0,0.0,0.0,0.0,0.0,0.0,0.40824830532073975,0.3333333432674408,0.0,0.0,0.0,0.0,0.0,0.0,0.0,0.0,0.0,0.28867512941360474,0.28867512941360474,0.0,0.0,0.0,0.0,0.0,0.0,0.0,0.0,0.0,0.0,0.0,0.6666666865348816,0.6666666865348816,0.40824830532073975,0.40824830532073975,0.0,0.0,0.0,0.0
AIYL,0.0,0.0,0.0,0.0,0.0,0.0,0.0,0.0,0.0,0.0,0.0,0.0,0.0,0.0,0.0,0.0,0.0,0.0,0.0,0.0,0.7071067690849304,0.7071067690849304,0.5000000596046448,0.5000000596046448,0.7071067690849304,0.7071067690849304,0.7071067690849304,0.7071067690849304,0.7071067690849304,0.7071067690849304,0.7071067690849304,0.7071067690849304,0.7071067690849304,0.7071067690849304,0.7071067690849304,0.7071067690849304,0.7071067690849304,0.7071067690849304,0.7071067690849304,0.7071067690849304,0.7071067690849304,0.7071067690849304,0.7071067690849304,0.7071067690849304,0.5000000596046448,0.5000000596046448,0.5000000596046448,0.5000000596046448,0.5000000596046448,0.5000000596046448,0.5000000596046448,0.5000000596046448,0.5000000596046448,0.5000000596046448,0.5000000596046448,0.5000000596046448,0.5000000596046448,0.5000000596046448,0.5000000596046448,0.5000000596046448,0.7071067690849304,0.7071067690849304,0.8164966106414795,0.0,0.0,0.0,0.5000000596046448,0.5000000596046448,0.5773502588272095,0.5773502588272095,0.7071067690849304,0.7071067690849304,0.0,0.0,0.5000000596046448,0.5000000596046448,0.5000000596046448,0.5000000596046448,0.5000000596046448,0.5000000596046448,0.5000000596046448,0.5000000596046448,0.8164966106414795,0.0,0.5000000596046448,0.5000000596046448,0.0,0.0,0.0,0.0,0.0,0.0,0.0,0.0,0.5000000596046448,0.5000000596046448,0.5000000596046448,0.5000000596046448,0.7071067690849304,0.7071067690849304,0.7071067690849304,1.0000001192092896,1.0000001192092896,0.8164966106414795,0.8164966106414795,1.0,1.0000001192092896,0.8164966106414795,0.8164966106414795,0.5000000596046448,0.5000000596046448,0.7071067690849304,0.7071067690849304,1.0000001192092896,1.0000001192092896,0.3162277638912201,0.7071067690849304,0.7071067690849304,0.0,0.0,0.40824830532073975,0.40824830532073975,1.0000001192092896,1.0000001192092896,0.8164966106414795,0.8164966106414795,0.8164966106414795,0.8164966106414795,1.0000001192092896,1.0000001192092896,1.0000001192092896,1.0000001192092896,0.7071067690849304,0.7071067690849304,1.0000001192092896,0.8164966106414795,0.8164966106414795,0.7071067690849304,0.7071067690849304,0.40824830532073975,0.7071067690849304,0.7071067690849304,0.7071067690849304,0.7071067690849304,0.7071067690849304,0.7071067690849304,0.8164966106414795,0.0,0.7071067690849304,0.7071067690849304,0.7071067690849304,0.7071067690849304,0.7071067690849304,0.7071067690849304,0.7071067690849304,0.4714045524597168,0.7071067690849304,0.0,0.0,0.7071067690849304,0.7071067690849304,0.7071067690849304,0.8164966106414795,0.8164966106414795,0.7071067690849304,0.7071067690849304,0.8164966106414795,0.8164966106414795,0.8164966106414795,0.8164966106414795,0.0,0.0,0.5000000596046448,0.5000000596046448,0.6324555277824402,0.6324555277824402,0.3535533845424652,0.40824830532073975,0.40824830532073975,0.8164966106414795,0.8164966106414795,0.5000000596046448,0.5000000596046448,0.5000000596046448,0.5000000596046448,0.5000000596046448,0.5000000596046448,0.5000000596046448,0.5000000596046448,0.7071067690849304,0.7071067690849304,0.7071067690849304,0.7071067690849304,0.40824830532073975,0.40824830532073975,1.0000001192092896,1.0000001192092896,0.7071067690849304,0.7071067690849304,0.7071067690849304,0.7071067690849304,0.5000000596046448,0.7071067690849304,0.7071067690849304,0.8164966106414795,0.7071067690849304,0.7071067690849304,0.7071067690849304,0.7071067690849304,0.7071067690849304,0.7071067690849304,0.5000000596046448,0.5000000596046448,0.7071067690849304,0.7071067690849304,0.5000000596046448,0.5000000596046448,0.7071067690849304,0.7071067690849304,0.5000000596046448,0.5000000596046448,0.5000000596046448,0.5000000596046448,0.3535533845424652,0.3535533845424652,0.3535533845424652,0.40824830532073975,0.0,0.0,0.0,0.0,0.0,0.0,0.3535533845424652,0.0,0.0,0.0,0.0,0.0,0.0,0.3535533845424652,0.40824830532073975,0.0,0.0,0.0,0.0,0.0,0.0,0.0,0.0,0.0,0.0,0.3535533845424652,0.0,0.0,0.0,0.0,0.0,0.40824830532073975,0.40824830532073975,0.40824830532073975,0.5000000596046448,0.0,0.0,0.0,0.0,0.0,0.0,0.0,0.0,0.5000000596046448,0.40824830532073975,0.0,0.0,0.0,0.0,0.0,0.0,0.0,0.0,0.0,0.3535533845424652,0.3535533845424652,0.0,0.0,0.0,0.0,0.0,0.0,0.0,0.0,0.0,0.0,0.0,0.8164966106414795,0.8164966106414795,0.5000000596046448,0.5000000596046448,0.0,0.0,0.0,0.0
AIYR,0.0,0.0,0.0,0.0,0.0,0.0,0.0,0.0,0.0,0.0,0.0,0.0,0.0,0.0,0.0,0.0,0.0,0.0,0.0,0.0,0.7071067690849304,0.7071067690849304,0.5000000596046448,0.5000000596046448,0.7071067690849304,0.7071067690849304,0.7071067690849304,0.7071067690849304,0.7071067690849304,0.7071067690849304,0.7071067690849304,0.7071067690849304,0.7071067690849304,0.7071067690849304,0.7071067690849304,0.7071067690849304,0.7071067690849304,0.7071067690849304,0.7071067690849304,0.7071067690849304,0.7071067690849304,0.7071067690849304,0.7071067690849304,0.7071067690849304,0.5000000596046448,0.5000000596046448,0.5000000596046448,0.5000000596046448,0.5000000596046448,0.5000000596046448,0.5000000596046448,0.5000000596046448,0.5000000596046448,0.5000000596046448,0.5000000596046448,0.5000000596046448,0.5000000596046448,0.5000000596046448,0.5000000596046448,0.5000000596046448,0.7071067690849304,0.7071067690849304,0.8164966106414795,0.0,0.0,0.0,0.5000000596046448,0.5000000596046448,0.5773502588272095,0.5773502588272095,0.7071067690849304,0.7071067690849304,0.0,0.0,0.5000000596046448,0.5000000596046448,0.5000000596046448,0.5000000596046448,0.5000000596046448,0.5000000596046448,0.5000000596046448,0.5000000596046448,0.8164966106414795,0.0,0.5000000596046448,0.5000000596046448,0.0,0.0,0.0,0.0,0.0,0.0,0.0,0.0,0.5000000596046448,0.5000000596046448,0.5000000596046448,0.5000000596046448,0.7071067690849304,0.7071067690849304,0.7071067690849304,1.0000001192092896,1.0000001192092896,0.8164966106414795,0.8164966106414795,1.0000001192092896,1.0,0.8164966106414795,0.8164966106414795,0.5000000596046448,0.5000000596046448,0.7071067690849304,0.7071067690849304,1.0000001192092896,1.0000001192092896,0.3162277638912201,0.7071067690849304,0.7071067690849304,0.0,0.0,0.40824830532073975,0.40824830532073975,1.0000001192092896,1.0000001192092896,0.8164966106414795,0.8164966106414795,0.8164966106414795,0.8164966106414795,1.0000001192092896,1.0000001192092896,1.0000001192092896,1.0000001192092896,0.7071067690849304,0.7071067690849304,1.0000001192092896,0.8164966106414795,0.8164966106414795,0.7071067690849304,0.7071067690849304,0.40824830532073975,0.7071067690849304,0.7071067690849304,0.7071067690849304,0.7071067690849304,0.7071067690849304,0.7071067690849304,0.8164966106414795,0.0,0.7071067690849304,0.7071067690849304,0.7071067690849304,0.7071067690849304,0.7071067690849304,0.7071067690849304,0.7071067690849304,0.4714045524597168,0.7071067690849304,0.0,0.0,0.7071067690849304,0.7071067690849304,0.7071067690849304,0.8164966106414795,0.8164966106414795,0.7071067690849304,0.7071067690849304,0.8164966106414795,0.8164966106414795,0.8164966106414795,0.8164966106414795,0.0,0.0,0.5000000596046448,0.5000000596046448,0.6324555277824402,0.6324555277824402,0.3535533845424652,0.40824830532073975,0.40824830532073975,0.8164966106414795,0.8164966106414795,0.5000000596046448,0.5000000596046448,0.5000000596046448,0.5000000596046448,0.5000000596046448,0.5000000596046448,0.5000000596046448,0.5000000596046448,0.7071067690849304,0.7071067690849304,0.7071067690849304,0.7071067690849304,0.40824830532073975,0.40824830532073975,1.0000001192092896,1.0000001192092896,0.7071067690849304,0.7071067690849304,0.7071067690849304,0.7071067690849304,0.5000000596046448,0.7071067690849304,0.7071067690849304,0.8164966106414795,0.7071067690849304,0.7071067690849304,0.7071067690849304,0.7071067690849304,0.7071067690849304,0.7071067690849304,0.5000000596046448,0.5000000596046448,0.7071067690849304,0.7071067690849304,0.5000000596046448,0.5000000596046448,0.7071067690849304,0.7071067690849304,0.5000000596046448,0.5000000596046448,0.5000000596046448,0.5000000596046448,0.3535533845424652,0.3535533845424652,0.3535533845424652,0.40824830532073975,0.0,0.0,0.0,0.0,0.0,0.0,0.3535533845424652,0.0,0.0,0.0,0.0,0.0,0.0,0.3535533845424652,0.40824830532073975,0.0,0.0,0.0,0.0,0.0,0.0,0.0,0.0,0.0,0.0,0.3535533845424652,0.0,0.0,0.0,0.0,0.0,0.40824830532073975,0.40824830532073975,0.40824830532073975,0.5000000596046448,0.0,0.0,0.0,0.0,0.0,0.0,0.0,0.0,0.5000000596046448,0.40824830532073975,0.0,0.0,0.0,0.0,0.0,0.0,0.0,0.0,0.0,0.3535533845424652,0.3535533845424652,0.0,0.0,0.0,0.0,0.0,0.0,0.0,0.0,0.0,0.0,0.0,0.8164966106414795,0.8164966106414795,0.5000000596046448,0.5000000596046448,0.0,0.0,0.0,0.0
AIZL,0.0,0.0,0.0,0.0,0.0,0.0,0.0,0.0,0.0,0.0,0.0,0.0,0.0,0.0,0.0,0.0,0.0,0.0,0.0,0.0,0.866025447845459,0.5773502588272095,0.40824830532073975,0.40824830532073975,0.866025447845459,0.5773502588272095,0.866025447845459,0.5773502588272095,0.866025447845459,0.5773502588272095,0.866025447845459,0.5773502588272095,0.866025447845459,0.5773502588272095,0.866025447845459,0.5773502588272095,0.866025447845459,0.5773502588272095,0.866025447845459,0.5773502588272095,0.866025447845459,0.5773502588272095,0.866025447845459,0.5773502588272095,0.40824830532073975,0.40824830532073975,0.40824830532073975,0.40824830532073975,0.40824830532073975,0.40824830532073975,0.40824830532073975,0.40824830532073975,0.40824830532073975,0.40824830532073975,0.40824830532073975,0.40824830532073975,0.40824830532073975,0.40824830532073975,0.40824830532073975,0.40824830532073975,0.5773502588272095,0.5773502588272095,0.6666666865348816,0.0,0.0,0.0,0.40824830532073975,0.40824830532073975,0.7071067094802856,0.471404492855072,0.5773502588272095,0.5773502588272095,0.0,0.0,0.40824830532073975,0.40824830532073975,0.40824830532073975,0.40824830532073975,0.40824830532073975,0.40824830532073975,0.40824830532073975,0.40824830532073975,0.6666666865348816,0.0,0.40824830532073975,0.40824830532073975,0.0,0.0,0.0,0.0,0.0,0.0,0.0,0.0,0.40824830532073975,0.40824830532073975,0.40824830532073975,0.40824830532073975,0.5773502588272095,0.866025447845459,0.5773502588272095,0.8164966106414795,0.8164966106414795,1.0,0.6666666865348816,0.8164966106414795,0.8164966106414795,1.0,0.6666666865348816,0.40824830532073975,0.40824830532073975,0.5773502588272095,0.5773502588272095,0.8164966106414795,0.8164966106414795,0.25819888710975647,0.5773502588272095,0.5773502588272095,0.0,0.0,0.3333333432674408,0.3333333432674408,0.8164966106414795,0.8164966106414795,1.0,0.6666666865348816,1.0,0.6666666865348816,0.8164966106414795,0.8164966106414795,0.8164966106414795,0.8164966106414795,0.5773502588272095,0.5773502588272095,0.8164966106414795,0.6666666865348816,0.6666666865348816,0.5773502588272095,0.5773502588272095,0.3333333432674408,0.5773502588272095,0.5773502588272095,0.5773502588272095,0.5773502588272095,0.5773502588272095,0.5773502588272095,0.6666666865348816,0.0,0.5773502588272095,0.5773502588272095,0.5773502588272095,0.5773502588272095,0.5773502588272095,0.5773502588272095,0.5773502588272095,0.38490018248558044,0.5773502588272095,0.0,0.0,0.866025447845459,0.5773502588272095,0.5773502588272095,0.6666666865348816,0.6666666865348816,0.866025447845459,0.5773502588272095,0.6666666865348816,0.6666666865348816,0.6666666865348816,0.6666666865348816,0.0,0.0,0.40824830532073975,0.40824830532073975,0.5163977742195129,0.7745966911315918,0.28867512941360474,0.3333333432674408,0.6666666865348816,1.0,0.6666666865348816,0.40824830532073975,0.40824830532073975,0.40824830532073975,0.40824830532073975,0.40824830532073975,0.40824830532073975,0.40824830532073975,0.40824830532073975,0.866025447845459,0.5773502588272095,0.866025447845459,0.5773502588272095,0.3333333432674408,0.6666666865348816,0.8164966106414795,0.8164966106414795,0.5773502588272095,0.5773502588272095,0.5773502588272095,0.5773502588272095,0.40824830532073975,0.5773502588272095,0.5773502588272095,0.6666666865348816,0.5773502588272095,0.5773502588272095,0.5773502588272095,0.5773502588272095,0.5773502588272095,0.5773502588272095,0.40824830532073975,0.40824830532073975,0.866025447845459,0.5773502588272095,0.40824830532073975,0.40824830532073975,0.5773502588272095,0.866025447845459,0.40824830532073975,0.40824830532073975,0.40824830532073975,0.40824830532073975,0.28867512941360474,0.28867512941360474,0.28867512941360474,0.3333333432674408,0.0,0.0,0.0,0.0,0.0,0.0,0.28867512941360474,0.0,0.0,0.0,0.0,0.0,0.0,0.28867512941360474,0.3333333432674408,0.0,0.0,0.0,0.0,0.0,0.0,0.0,0.0,0.0,0.0,0.28867512941360474,0.0,0.0,0.0,0.0,0.0,0.3333333432674408,0.3333333432674408,0.3333333432674408,0.40824830532073975,0.0,0.0,0.0,0.0,0.0,0.0,0.0,0.0,0.40824830532073975,0.3333333432674408,0.0,0.0,0.0,0.0,0.0,0.0,0.0,0.0,0.0,0.28867512941360474,0.28867512941360474,0.0,0.0,0.0,0.0,0.0,0.0,0.0,0.0,0.0,0.0,0.0,0.6666666865348816,0.6666666865348816,0.40824830532073975,0.40824830532073975,0.0,0.0,0.0,0.0
AIZR,0.0,0.0,0.0,0.0,0.0,0.0,0.0,0.0,0.0,0.0,0.0,0.0,0.0,0.0,0.0,0.0,0.0,0.0,0.0,0.0,0.5773502588272095,0.866025447845459,0.40824830532073975,0.40824830532073975,0.5773502588272095,0.866025447845459,0.5773502588272095,0.866025447845459,0.5773502588272095,0.866025447845459,0.5773502588272095,0.866025447845459,0.5773502588272095,0.866025447845459,0.5773502588272095,0.866025447845459,0.5773502588272095,0.866025447845459,0.5773502588272095,0.866025447845459,0.5773502588272095,0.866025447845459,0.5773502588272095,0.866025447845459,0.40824830532073975,0.40824830532073975,0.40824830532073975,0.40824830532073975,0.40824830532073975,0.40824830532073975,0.40824830532073975,0.40824830532073975,0.40824830532073975,0.40824830532073975,0.40824830532073975,0.40824830532073975,0.40824830532073975,0.40824830532073975,0.40824830532073975,0.40824830532073975,0.5773502588272095,0.5773502588272095,0.6666666865348816,0.0,0.0,0.0,0.40824830532073975,0.40824830532073975,0.471404492855072,0.7071067094802856,0.5773502588272095,0.5773502588272095,0.0,0.0,0.40824830532073975,0.40824830532073975,0.40824830532073975,0.40824830532073975,0.40824830532073975,0.40824830532073975,0.40824830532073975,0.40824830532073975,0.6666666865348816,0.0,0.40824830532073975,0.40824830532073975,0.0,0.0,0.0,0.0,0.0,0.0,0.0,0.0,0.40824830532073975,0.40824830532073975,0.40824830532073975,0.40824830532073975,0.5773502588272095,0.5773502588272095,0.866025447845459,0.8164966106414795,0.8164966106414795,0.6666666865348816,1.0,0.8164966106414795,0.8164966106414795,0.6666666865348816,1.0,0.40824830532073975,0.40824830532073975,0.5773502588272095,0.5773502588272095,0.8164966106414795,0.8164966106414795,0.25819888710975647,0.5773502588272095,0.5773502588272095,0.0,0.0,0.3333333432674408,0.3333333432674408,0.8164966106414795,0.8164966106414795,0.6666666865348816,1.0,0.6666666865348816,1.0,0.8164966106414795,0.8164966106414795,0.8164966106414795,0.8164966106414795,0.5773502588272095,0.5773502588272095,0.8164966106414795,0.6666666865348816,0.6666666865348816,0.5773502588272095,0.5773502588272095,0.3333333432674408,0.5773502588272095,0.5773502588272095,0.5773502588272095,0.5773502588272095,0.5773502588272095,0.5773502588272095,0.6666666865348816,0.0,0.5773502588272095,0.5773502588272095,0.5773502588272095,0.5773502588272095,0.5773502588272095,0.5773502588272095,0.5773502588272095,0.38490018248558044,0.5773502588272095,0.0,0.0,0.5773502588272095,0.5773502588272095,0.5773502588272095,0.6666666865348816,0.6666666865348816,0.5773502588272095,0.866025447845459,0.6666666865348816,0.6666666865348816,0.6666666865348816,0.6666666865348816,0.0,0.0,0.40824830532073975,0.40824830532073975,0.7745966911315918,0.5163977742195129,0.5773502588272095,0.6666666865348816,0.3333333432674408,0.6666666865348816,1.0,0.40824830532073975,0.40824830532073975,0.40824830532073975,0.40824830532073975,0.40824830532073975,0.40824830532073975,0.40824830532073975,0.40824830532073975,0.5773502588272095,0.866025447845459,0.5773502588272095,0.866025447845459,0.6666666865348816,0.3333333432674408,0.8164966106414795,0.8164966106414795,0.5773502588272095,0.5773502588272095,0.5773502588272095,0.5773502588272095,0.40824830532073975,0.5773502588272095,0.5773502588272095,0.6666666865348816,0.5773502588272095,0.5773502588272095,0.5773502588272095,0.5773502588272095,0.5773502588272095,0.5773502588272095,0.40824830532073975,0.40824830532073975,0.5773502588272095,0.866025447845459,0.40824830532073975,0.40824830532073975,0.866025447845459,0.5773502588272095,0.40824830532073975,0.40824830532073975,0.40824830532073975,0.40824830532073975,0.28867512941360474,0.28867512941360474,0.28867512941360474,0.3333333432674408,0.0,0.0,0.0,0.0,0.0,0.0,0.28867512941360474,0.0,0.0,0.0,0.0,0.0,0.0,0.28867512941360474,0.3333333432674408,0.0,0.0,0.0,0.0,0.0,0.0,0.0,0.0,0.0,0.0,0.28867512941360474,0.0,0.0,0.0,0.0,0.0,0.3333333432674408,0.3333333432674408,0.3333333432674408,0.40824830532073975,0.0,0.0,0.0,0.0,0.0,0.0,0.0,0.0,0.40824830532073975,0.3333333432674408,0.0,0.0,0.0,0.0,0.0,0.0,0.0,0.0,0.0,0.28867512941360474,0.28867512941360474,0.0,0.0,0.0,0.0,0.0,0.0,0.0,0.0,0.0,0.0,0.0,0.6666666865348816,0.6666666865348816,0.40824830532073975,0.40824830532073975,0.0,0.0,0.0,0.0
ADAL,0.0,0.0,0.0,0.0,0.0,0.0,0.0,0.0,0.0,0.0,0.0,0.0,0.0,0.0,0.0,0.0,0.0,0.0,0.0,0.0,0.3535533845424652,0.3535533845424652,0.5000000596046448,0.5000000596046448,0.3535533845424652,0.3535533845424652,0.3535533845424652,0.3535533845424652,0.3535533845424652,0.3535533845424652,0.3535533845424652,0.3535533845424652,0.3535533845424652,0.3535533845424652,0.3535533845424652,0.3535533845424652,0.3535533845424652,0.3535533845424652,0.3535533845424652,0.3535533845424652,0.3535533845424652,0.3535533845424652,0.3535533845424652,0.3535533845424652,0.5000000596046448,0.5000000596046448,0.5000000596046448,0.5000000596046448,0.5000000596046448,0.5000000596046448,0.5000000596046448,0.5000000596046448,0.5000000596046448,0.5000000596046448,0.5000000596046448,0.5000000596046448,0.5000000596046448,0.5000000596046448,0.5000000596046448,0.5000000596046448,0.7071067690849304,0.7071067690849304,0.40824830532073975,0.0,0.0,0.0,0.5000000596046448,0.5000000596046448,0.28867512941360474,0.28867512941360474,0.7071067690849304,0.3535533845424652,0.0,0.0,0.5000000596046448,0.5000000596046448,0.5000000596046448,0.5000000596046448,0.5000000596046448,0.5000000596046448,0.5000000596046448,0.5000000596046448,0.40824830532073975,0.0,1.0000001192092896,0.5000000596046448,0.0,0.0,0.0,0.0,0.0,0.0,0.0,0.0,0.5000000596046448,0.5000000596046448,0.5000000596046448,0.5000000596046448,0.3535533845424652,0.3535533845424652,0.3535533845424652,0.5000000596046448,0.5000000596046448,0.40824830532073975,0.40824830532073975,0.5000000596046448,0.5000000596046448,0.40824830532073975,0.40824830532073975,1.0,0.5000000596046448,0.7071067690849304,0.7071067690849304,0.5000000596046448,0.5000000596046448,0.3162277638912201,0.7071067690849304,0.3535533845424652,0.0,0.0,0.40824830532073975,0.40824830532073975,0.5000000596046448,0.5000000596046448,0.40824830532073975,0.40824830532073975,0.40824830532073975,0.40824830532073975,0.5000000596046448,0.5000000596046448,0.5000000596046448,0.5000000596046448,0.7071067690849304,0.7071067690849304,0.5000000596046448,0.8164966106414795,0.40824830532073975,0.3535533845424652,0.3535533845424652,0.0,0.3535533845424652,0.3535533845424652,0.3535533845424652,0.3535533845424652,0.3535533845424652,0.3535533845424652,0.40824830532073975,0.0,0.3535533845424652,0.3535533845424652,0.3535533845424652,0.3535533845424652,0.3535533845424652,0.3535533845424652,0.3535533845424652,0.2357022762298584,0.3535533845424652,0.0,0.0,0.3535533845424652,0.3535533845424652,0.3535533845424652,0.40824830532073975,0.40824830532073975,0.3535533845424652,0.3535533845424652,0.40824830532073975,0.40824830532073975,0.40824830532073975,0.40824830532073975,0.0,0.0,0.5000000596046448,0.5000000596046448,0.3162277638912201,0.3162277638912201,0.0,0.0,0.0,0.40824830532073975,0.40824830532073975,0.5000000596046448,0.5000000596046448,0.5000000596046448,0.5000000596046448,0.5000000596046448,0.5000000596046448,0.5000000596046448,0.5000000596046448,0.3535533845424652,0.3535533845424652,0.3535533845424652,0.3535533845424652,0.40824830532073975,0.40824830532073975,0.5000000596046448,0.5000000596046448,0.7071067690849304,0.7071067690849304,0.7071067690849304,0.7071067690849304,0.5000000596046448,0.7071067690849304,0.7071067690849304,0.40824830532073975,0.7071067690849304,0.7071067690849304,0.7071067690849304,0.7071067690849304,0.7071067690849304,0.7071067690849304,0.5000000596046448,0.5000000596046448,0.3535533845424652,0.3535533845424652,0.5000000596046448,0.5000000596046448,0.3535533845424652,0.3535533845424652,0.5000000596046448,0.5000000596046448,0.5000000596046448,0.5000000596046448,0.0,0.0,0.0,0.0,0.0,0.0,0.0,0.0,0.0,0.0,0.0,0.0,0.0,0.0,0.0,0.0,0.0,0.0,0.0,0.0,0.0,0.0,0.0,0.0,0.0,0.0,0.0,0.0,0.0,0.0,0.0,0.0,0.0,0.0,0.0,0.0,0.0,0.0,0.0,0.0,0.0,0.0,0.0,0.0,0.0,0.0,0.0,0.0,0.0,0.0,0.0,0.0,0.0,0.0,0.0,0.0,0.0,0.0,0.0,0.0,0.0,0.0,0.0,0.0,0.0,0.0,0.0,0.0,0.0,0.0,0.0,0.40824830532073975,0.40824830532073975,0.0,0.0,0.0,0.0,0.0,0.0
ADAR,0.0,0.0,0.0,0.0,0.0,0.0,0.0,0.0,0.0,0.0,0.0,0.0,0.0,0.0,0.0,0.0,0.0,0.0,0.0,0.0,0.3535533845424652,0.3535533845424652,0.5000000596046448,0.5000000596046448,0.3535533845424652,0.3535533845424652,0.3535533845424652,0.3535533845424652,0.3535533845424652,0.3535533845424652,0.3535533845424652,0.3535533845424652,0.3535533845424652,0.3535533845424652,0.3535533845424652,0.3535533845424652,0.3535533845424652,0.3535533845424652,0.3535533845424652,0.3535533845424652,0.3535533845424652,0.3535533845424652,0.3535533845424652,0.3535533845424652,0.5000000596046448,0.5000000596046448,0.5000000596046448,0.5000000596046448,0.5000000596046448,0.5000000596046448,0.5000000596046448,0.5000000596046448,0.5000000596046448,0.5000000596046448,0.5000000596046448,0.5000000596046448,0.5000000596046448,0.5000000596046448,0.5000000596046448,0.5000000596046448,0.7071067690849304,0.7071067690849304,0.40824830532073975,0.0,0.0,0.0,0.5000000596046448,0.5000000596046448,0.28867512941360474,0.28867512941360474,0.3535533845424652,0.7071067690849304,0.0,0.0,0.5000000596046448,0.5000000596046448,0.5000000596046448,0.5000000596046448,0.5000000596046448,0.5000000596046448,0.5000000596046448,0.5000000596046448,0.8164966106414795,0.0,0.5000000596046448,1.0000001192092896,0.0,0.0,0.0,0.0,0.0,0.0,0.0,0.0,0.5000000596046448,0.5000000596046448,0.5000000596046448,0.5000000596046448,0.3535533845424652,0.3535533845424652,0.3535533845424652,0.5000000596046448,0.5000000596046448,0.40824830532073975,0.40824830532073975,0.5000000596046448,0.5000000596046448,0.40824830532073975,0.40824830532073975,0.5000000596046448,1.0,0.7071067690849304,0.7071067690849304,0.5000000596046448,0.5000000596046448,0.3162277638912201,0.3535533845424652,0.7071067690849304,0.0,0.0,0.40824830532073975,0.40824830532073975,0.5000000596046448,0.5000000596046448,0.40824830532073975,0.40824830532073975,0.40824830532073975,0.40824830532073975,0.5000000596046448,0.5000000596046448,0.5000000596046448,0.5000000596046448,0.7071067690849304,0.7071067690849304,0.5000000596046448,0.40824830532073975,0.8164966106414795,0.3535533845424652,0.3535533845424652,0.0,0.3535533845424652,0.3535533845424652,0.3535533845424652,0.3535533845424652,0.3535533845424652,0.3535533845424652,0.40824830532073975,0.0,0.3535533845424652,0.3535533845424652,0.3535533845424652,0.3535533845424652,0.3535533845424652,0.3535533845424652,0.3535533845424652,0.2357022762298584,0.3535533845424652,0.0,0.0,0.3535533845424652,0.3535533845424652,0.3535533845424652,0.40824830532073975,0.40824830532073975,0.3535533845424652,0.3535533845424652,0.40824830532073975,0.40824830532073975,0.40824830532073975,0.40824830532073975,0.0,0.0,0.5000000596046448,0.5000000596046448,0.3162277638912201,0.3162277638912201,0.0,0.0,0.0,0.40824830532073975,0.40824830532073975,0.5000000596046448,0.5000000596046448,0.5000000596046448,0.5000000596046448,0.5000000596046448,0.5000000596046448,0.5000000596046448,0.5000000596046448,0.3535533845424652,0.3535533845424652,0.3535533845424652,0.3535533845424652,0.40824830532073975,0.40824830532073975,0.5000000596046448,0.5000000596046448,0.7071067690849304,0.7071067690849304,0.7071067690849304,0.7071067690849304,0.5000000596046448,0.7071067690849304,0.7071067690849304,0.40824830532073975,0.7071067690849304,0.7071067690849304,0.7071067690849304,0.7071067690849304,0.7071067690849304,0.7071067690849304,0.5000000596046448,0.5000000596046448,0.3535533845424652,0.3535533845424652,0.5000000596046448,0.5000000596046448,0.3535533845424652,0.3535533845424652,0.5000000596046448,0.5000000596046448,0.5000000596046448,0.5000000596046448,0.0,0.0,0.0,0.0,0.0,0.0,0.0,0.0,0.0,0.0,0.0,0.0,0.0,0.0,0.0,0.0,0.0,0.0,0.0,0.0,0.0,0.0,0.0,0.0,0.0,0.0,0.0,0.0,0.0,0.0,0.0,0.0,0.0,0.0,0.0,0.0,0.0,0.0,0.0,0.0,0.0,0.0,0.0,0.0,0.0,0.0,0.0,0.0,0.0,0.0,0.0,0.0,0.0,0.0,0.0,0.0,0.0,0.0,0.0,0.0,0.0,0.0,0.0,0.0,0.0,0.0,0.0,0.0,0.0,0.0,0.0,0.40824830532073975,0.40824830532073975,0.0,0.0,0.0,0.0,0.0,0.0
AIML,0.0,0.0,0.0,0.0,0.0,0.0,0.0,0.0,0.0,0.0,0.0,0.0,0.0,0.0,0.0,0.0,0.0,0.0,0.0,0.0,0.5,0.5,0.7071067690849304,0.7071067690849304,0.5,0.5,0.5,0.5,0.5,0.5,0.5,0.5,0.5,0.5,0.5,0.5,0.5,0.5,0.5,0.5,0.5,0.5,0.5,0.5,0.7071067690849304,0.7071067690849304,0.7071067690849304,0.7071067690849304,0.7071067690849304,0.7071067690849304,0.7071067690849304,0.7071067690849304,0.7071067690849304,0.7071067690849304,0.7071067690849304,0.7071067690849304,0.7071067690849304,0.7071067690849304,0.7071067690849304,0.7071067690849304,1.0,1.0,0.5773502588272095,0.0,0.0,0.0,0.7071067690849304,0.7071067690849304,0.40824827551841736,0.40824827551841736,0.5,0.5,0.0,0.0,0.7071067690849304,0.7071067690849304,0.7071067690849304,0.7071067690849304,0.7071067690849304,0.7071067690849304,0.7071067690849304,0.7071067690849304,0.5773502588272095,0.0,0.7071067690849304,0.7071067690849304,0.0,0.0,0.0,0.0,0.0,0.0,0.0,0.0,0.7071067690849304,0.7071067690849304,0.7071067690849304,0.7071067690849304,0.5,0.5,0.5,0.7071067690849304,0.7071067690849304,0.5773502588272095,0.5773502588272095,0.7071067690849304,0.7071067690849304,0.5773502588272095,0.5773502588272095,0.7071067690849304,0.7071067690849304,1.0,1.0,0.7071067690849304,0.7071067690849304,0.4472135901451111,0.5,0.5,0.0,0.0,0.5773502588272095,0.5773502588272095,0.7071067690849304,0.7071067690849304,0.5773502588272095,0.5773502588272095,0.5773502588272095,0.5773502588272095,0.7071067690849304,0.7071067690849304,0.7071067690849304,0.7071067690849304,1.0,1.0,0.7071067690849304,0.5773502588272095,0.5773502588272095,0.5,0.5,0.0,0.5,0.5,0.5,0.5,0.5,0.5,0.5773502588272095,0.0,0.5,0.5,0.5,0.5,0.5,0.5,0.5,0.3333333432674408,0.5,0.0,0.0,0.5,0.5,0.5,0.5773502588272095,0.5773502588272095,0.5,0.5,0.5773502588272095,0.5773502588272095,0.5773502588272095,0.5773502588272095,0.0,0.0,0.7071067690849304,0.7071067690849304,0.4472135901451111,0.4472135901451111,0.0,0.0,0.0,0.5773502588272095,0.5773502588272095,0.7071067690849304,0.7071067690849304,0.7071067690849304,0.7071067690849304,0.7071067690849304,0.7071067690849304,0.7071067690849304,0.7071067690849304,0.5,0.5,0.5,0.5,0.5773502588272095,0.5773502588272095,0.7071067690849304,0.7071067690849304,1.0,1.0,1.0,1.0,0.7071067690849304,1.0,1.0,0.5773502588272095,1.0,1.0,1.0,1.0,1.0,1.0,0.7071067690849304,0.7071067690849304,0.5,0.5,0.7071067690849304,0.7071067690849304,0.5,0.5,0.7071067690849304,0.7071067690849304,0.7071067690849304,0.7071067690849304,0.0,0.0,0.0,0.0,0.0,0.0,0.0,0.0,0.0,0.0,0.0,0.0,0.0,0.0,0.0,0.0,0.0,0.0,0.0,0.0,0.0,0.0,0.0,0.0,0.0,0.0,0.0,0.0,0.0,0.0,0.0,0.0,0.0,0.0,0.0,0.0,0.0,0.0,0.0,0.0,0.0,0.0,0.0,0.0,0.0,0.0,0.0,0.0,0.0,0.0,0.0,0.0,0.0,0.0,0.0,0.0,0.0,0.0,0.0,0.0,0.0,0.0,0.0,0.0,0.0,0.0,0.0,0.0,0.0,0.0,0.0,0.5773502588272095,0.5773502588272095,0.0,0.0,0.0,0.0,0.0,0.0
AIMR,0.0,0.0,0.0,0.0,0.0,0.0,0.0,0.0,0.0,0.0,0.0,0.0,0.0,0.0,0.0,0.0,0.0,0.0,0.0,0.0,0.5,0.5,0.7071067690849304,0.7071067690849304,0.5,0.5,0.5,0.5,0.5,0.5,0.5,0.5,0.5,0.5,0.5,0.5,0.5,0.5,0.5,0.5,0.5,0.5,0.5,0.5,0.7071067690849304,0.7071067690849304,0.7071067690849304,0.7071067690849304,0.7071067690849304,0.7071067690849304,0.7071067690849304,0.7071067690849304,0.7071067690849304,0.7071067690849304,0.7071067690849304,0.7071067690849304,0.7071067690849304,0.7071067690849304,0.7071067690849304,0.7071067690849304,1.0,1.0,0.5773502588272095,0.0,0.0,0.0,0.7071067690849304,0.7071067690849304,0.40824827551841736,0.40824827551841736,0.5,0.5,0.0,0.0,0.7071067690849304,0.7071067690849304,0.7071067690849304,0.7071067690849304,0.7071067690849304,0.7071067690849304,0.7071067690849304,0.7071067690849304,0.5773502588272095,0.0,0.7071067690849304,0.7071067690849304,0.0,0.0,0.0,0.0,0.0,0.0,0.0,0.0,0.7071067690849304,0.7071067690849304,0.7071067690849304,0.7071067690849304,0.5,0.5,0.5,0.7071067690849304,0.7071067690849304,0.5773502588272095,0.5773502588272095,0.7071067690849304,0.7071067690849304,0.5773502588272095,0.5773502588272095,0.7071067690849304,0.7071067690849304,1.0,1.0,0.7071067690849304,0.7071067690849304,0.4472135901451111,0.5,0.5,0.0,0.0,0.5773502588272095,0.5773502588272095,0.7071067690849304,0.7071067690849304,0.5773502588272095,0.5773502588272095,0.5773502588272095,0.5773502588272095,0.7071067690849304,0.7071067690849304,0.7071067690849304,0.7071067690849304,1.0,1.0,0.7071067690849304,0.5773502588272095,0.5773502588272095,0.5,0.5,0.0,0.5,0.5,0.5,0.5,0.5,0.5,0.5773502588272095,0.0,0.5,0.5,0.5,0.5,0.5,0.5,0.5,0.3333333432674408,0.5,0.0,0.0,0.5,0.5,0.5,0.5773502588272095,0.5773502588272095,0.5,0.5,0.5773502588272095,0.5773502588272095,0.5773502588272095,0.5773502588272095,0.0,0.0,0.7071067690849304,0.7071067690849304,0.4472135901451111,0.4472135901451111,0.0,0.0,0.0,0.5773502588272095,0.5773502588272095,0.7071067690849304,0.7071067690849304,0.7071067690849304,0.7071067690849304,0.7071067690849304,0.7071067690849304,0.7071067690849304,0.7071067690849304,0.5,0.5,0.5,0.5,0.5773502588272095,0.5773502588272095,0.7071067690849304,0.7071067690849304,1.0,1.0,1.0,1.0,0.7071067690849304,1.0,1.0,0.5773502588272095,1.0,1.0,1.0,1.0,1.0,1.0,0.7071067690849304,0.7071067690849304,0.5,0.5,0.7071067690849304,0.7071067690849304,0.5,0.5,0.7071067690849304,0.7071067690849304,0.7071067690849304,0.7071067690849304,0.0,0.0,0.0,0.0,0.0,0.0,0.0,0.0,0.0,0.0,0.0,0.0,0.0,0.0,0.0,0.0,0.0,0.0,0.0,0.0,0.0,0.0,0.0,0.0,0.0,0.0,0.0,0.0,0.0,0.0,0.0,0.0,0.0,0.0,0.0,0.0,0.0,0.0,0.0,0.0,0.0,0.0,0.0,0.0,0.0,0.0,0.0,0.0,0.0,0.0,0.0,0.0,0.0,0.0,0.0,0.0,0.0,0.0,0.0,0.0,0.0,0.0,0.0,0.0,0.0,0.0,0.0,0.0,0.0,0.0,0.0,0.5773502588272095,0.5773502588272095,0.0,0.0,0.0,0.0,0.0,0.0
AINL,0.0,0.0,0.0,0.0,0.0,0.0,0.0,0.0,0.0,0.0,0.0,0.0,0.0,0.0,0.0,0.0,0.0,0.0,0.0,0.0,0.7071067690849304,0.7071067690849304,0.5000000596046448,0.5000000596046448,0.7071067690849304,0.7071067690849304,0.7071067690849304,0.7071067690849304,0.7071067690849304,0.7071067690849304,0.7071067690849304,0.7071067690849304,0.7071067690849304,0.7071067690849304,0.7071067690849304,0.7071067690849304,0.7071067690849304,0.7071067690849304,0.7071067690849304,0.7071067690849304,0.7071067690849304,0.7071067690849304,0.7071067690849304,0.7071067690849304,0.5000000596046448,0.5000000596046448,0.5000000596046448,0.5000000596046448,0.5000000596046448,0.5000000596046448,0.5000000596046448,0.5000000596046448,0.5000000596046448,0.5000000596046448,0.5000000596046448,0.5000000596046448,0.5000000596046448,0.5000000596046448,0.5000000596046448,0.5000000596046448,0.7071067690849304,0.7071067690849304,0.8164966106414795,0.0,0.0,0.0,0.5000000596046448,0.5000000596046448,0.5773502588272095,0.5773502588272095,0.7071067690849304,0.7071067690849304,0.0,0.0,0.5000000596046448,0.5000000596046448,0.5000000596046448,0.5000000596046448,0.5000000596046448,0.5000000596046448,0.5000000596046448,0.5000000596046448,0.8164966106414795,0.0,0.5000000596046448,0.5000000596046448,0.0,0.0,0.0,0.0,0.0,0.0,0.0,0.0,0.5000000596046448,0.5000000596046448,0.5000000596046448,0.5000000596046448,0.7071067690849304,0.7071067690849304,0.7071067690849304,1.0000001192092896,1.0000001192092896,0.8164966106414795,0.8164966106414795,1.0000001192092896,1.0000001192092896,0.8164966106414795,0.8164966106414795,0.5000000596046448,0.5000000596046448,0.7071067690849304,0.7071067690849304,1.0,1.0000001192092896,0.3162277638912201,0.7071067690849304,0.7071067690849304,0.0,0.0,0.40824830532073975,0.40824830532073975,1.0000001192092896,1.0000001192092896,0.8164966106414795,0.8164966106414795,0.8164966106414795,0.8164966106414795,1.0000001192092896,1.0000001192092896,1.0000001192092896,1.0000001192092896,0.7071067690849304,0.7071067690849304,1.0000001192092896,0.8164966106414795,0.8164966106414795,0.7071067690849304,0.7071067690849304,0.40824830532073975,0.7071067690849304,0.7071067690849304,0.7071067690849304,0.7071067690849304,0.7071067690849304,0.7071067690849304,0.8164966106414795,0.0,0.7071067690849304,0.7071067690849304,0.7071067690849304,0.7071067690849304,0.7071067690849304,0.7071067690849304,0.7071067690849304,0.4714045524597168,0.7071067690849304,0.0,0.0,0.7071067690849304,0.7071067690849304,0.7071067690849304,0.8164966106414795,0.8164966106414795,0.7071067690849304,0.7071067690849304,0.8164966106414795,0.8164966106414795,0.8164966106414795,0.8164966106414795,0.0,0.0,0.5000000596046448,0.5000000596046448,0.6324555277824402,0.6324555277824402,0.3535533845424652,0.40824830532073975,0.40824830532073975,0.8164966106414795,0.8164966106414795,0.5000000596046448,0.5000000596046448,0.5000000596046448,0.5000000596046448,0.5000000596046448,0.5000000596046448,0.5000000596046448,0.5000000596046448,0.7071067690849304,0.7071067690849304,0.7071067690849304,0.7071067690849304,0.40824830532073975,0.40824830532073975,1.0000001192092896,1.0000001192092896,0.7071067690849304,0.7071067690849304,0.7071067690849304,0.7071067690849304,0.5000000596046448,0.7071067690849304,0.7071067690849304,0.8164966106414795,0.7071067690849304,0.7071067690849304,0.7071067690849304,0.7071067690849304,0.7071067690849304,0.7071067690849304,0.5000000596046448,0.5000000596046448,0.7071067690849304,0.7071067690849304,0.5000000596046448,0.5000000596046448,0.7071067690849304,0.7071067690849304,0.5000000596046448,0.5000000596046448,0.5000000596046448,0.5000000596046448,0.3535533845424652,0.3535533845424652,0.3535533845424652,0.40824830532073975,0.0,0.0,0.0,0.0,0.0,0.0,0.3535533845424652,0.0,0.0,0.0,0.0,0.0,0.0,0.3535533845424652,0.40824830532073975,0.0,0.0,0.0,0.0,0.0,0.0,0.0,0.0,0.0,0.0,0.3535533845424652,0.0,0.0,0.0,0.0,0.0,0.40824830532073975,0.40824830532073975,0.40824830532073975,0.5000000596046448,0.0,0.0,0.0,0.0,0.0,0.0,0.0,0.0,0.5000000596046448,0.40824830532073975,0.0,0.0,0.0,0.0,0.0,0.0,0.0,0.0,0.0,0.3535533845424652,0.3535533845424652,0.0,0.0,0.0,0.0,0.0,0.0,0.0,0.0,0.0,0.0,0.0,0.8164966106414795,0.8164966106414795,0.5000000596046448,0.5000000596046448,0.0,0.0,0.0,0.0
AINR,0.0,0.0,0.0,0.0,0.0,0.0,0.0,0.0,0.0,0.0,0.0,0.0,0.0,0.0,0.0,0.0,0.0,0.0,0.0,0.0,0.7071067690849304,0.7071067690849304,0.5000000596046448,0.5000000596046448,0.7071067690849304,0.7071067690849304,0.7071067690849304,0.7071067690849304,0.7071067690849304,0.7071067690849304,0.7071067690849304,0.7071067690849304,0.7071067690849304,0.7071067690849304,0.7071067690849304,0.7071067690849304,0.7071067690849304,0.7071067690849304,0.7071067690849304,0.7071067690849304,0.7071067690849304,0.7071067690849304,0.7071067690849304,0.7071067690849304,0.5000000596046448,0.5000000596046448,0.5000000596046448,0.5000000596046448,0.5000000596046448,0.5000000596046448,0.5000000596046448,0.5000000596046448,0.5000000596046448,0.5000000596046448,0.5000000596046448,0.5000000596046448,0.5000000596046448,0.5000000596046448,0.5000000596046448,0.5000000596046448,0.7071067690849304,0.7071067690849304,0.8164966106414795,0.0,0.0,0.0,0.5000000596046448,0.5000000596046448,0.5773502588272095,0.5773502588272095,0.7071067690849304,0.7071067690849304,0.0,0.0,0.5000000596046448,0.5000000596046448,0.5000000596046448,0.5000000596046448,0.5000000596046448,0.5000000596046448,0.5000000596046448,0.5000000596046448,0.8164966106414795,0.0,0.5000000596046448,0.5000000596046448,0.0,0.0,0.0,0.0,0.0,0.0,0.0,0.0,0.5000000596046448,0.5000000596046448,0.5000000596046448,0.5000000596046448,0.7071067690849304,0.7071067690849304,0.7071067690849304,1.0000001192092896,1.0000001192092896,0.8164966106414795,0.8164966106414795,1.0000001192092896,1.0000001192092896,0.8164966106414795,0.8164966106414795,0.5000000596046448,0.5000000596046448,0.7071067690849304,0.7071067690849304,1.0000001192092896,1.0,0.3162277638912201,0.7071067690849304,0.7071067690849304,0.0,0.0,0.40824830532073975,0.40824830532073975,1.0000001192092896,1.0000001192092896,0.8164966106414795,0.8164966106414795,0.8164966106414795,0.8164966106414795,1.0000001192092896,1.0000001192092896,1.0000001192092896,1.0000001192092896,0.7071067690849304,0.7071067690849304,1.0000001192092896,0.8164966106414795,0.8164966106414795,0.7071067690849304,0.7071067690849304,0.40824830532073975,0.7071067690849304,0.7071067690849304,0.7071067690849304,0.7071067690849304,0.7071067690849304,0.7071067690849304,0.8164966106414795,0.0,0.7071067690849304,0.7071067690849304,0.7071067690849304,0.7071067690849304,0.7071067690849304,0.7071067690849304,0.7071067690849304,0.4714045524597168,0.7071067690849304,0.0,0.0,0.7071067690849304,0.7071067690849304,0.7071067690849304,0.8164966106414795,0.8164966106414795,0.7071067690849304,0.7071067690849304,0.8164966106414795,0.8164966106414795,0.8164966106414795,0.8164966106414795,0.0,0.0,0.5000000596046448,0.5000000596046448,0.6324555277824402,0.6324555277824402,0.3535533845424652,0.40824830532073975,0.40824830532073975,0.8164966106414795,0.8164966106414795,0.5000000596046448,0.5000000596046448,0.5000000596046448,0.5000000596046448,0.5000000596046448,0.5000000596046448,0.5000000596046448,0.5000000596046448,0.7071067690849304,0.7071067690849304,0.7071067690849304,0.7071067690849304,0.40824830532073975,0.40824830532073975,1.0000001192092896,1.0000001192092896,0.7071067690849304,0.7071067690849304,0.7071067690849304,0.7071067690849304,0.5000000596046448,0.7071067690849304,0.7071067690849304,0.8164966106414795,0.7071067690849304,0.7071067690849304,0.7071067690849304,0.7071067690849304,0.7071067690849304,0.7071067690849304,0.5000000596046448,0.5000000596046448,0.7071067690849304,0.7071067690849304,0.5000000596046448,0.5000000596046448,0.7071067690849304,0.7071067690849304,0.5000000596046448,0.5000000596046448,0.5000000596046448,0.5000000596046448,0.3535533845424652,0.3535533845424652,0.3535533845424652,0.40824830532073975,0.0,0.0,0.0,0.0,0.0,0.0,0.3535533845424652,0.0,0.0,0.0,0.0,0.0,0.0,0.3535533845424652,0.40824830532073975,0.0,0.0,0.0,0.0,0.0,0.0,0.0,0.0,0.0,0.0,0.3535533845424652,0.0,0.0,0.0,0.0,0.0,0.40824830532073975,0.40824830532073975,0.40824830532073975,0.5000000596046448,0.0,0.0,0.0,0.0,0.0,0.0,0.0,0.0,0.5000000596046448,0.40824830532073975,0.0,0.0,0.0,0.0,0.0,0.0,0.0,0.0,0.0,0.3535533845424652,0.3535533845424652,0.0,0.0,0.0,0.0,0.0,0.0,0.0,0.0,0.0,0.0,0.0,0.8164966106414795,0.8164966106414795,0.5000000596046448,0.5000000596046448,0.0,0.0,0.0,0.0
ALA,0.0,0.0,0.0,0.0,0.0,0.0,0.0,0.0,0.0,0.0,0.0,0.0,0.0,0.0,0.0,0.0,0.0,0.0,0.0,0.0,0.22360679507255554,0.22360679507255554,0.3162277638912201,0.3162277638912201,0.22360679507255554,0.22360679507255554,0.22360679507255554,0.22360679507255554,0.22360679507255554,0.22360679507255554,0.22360679507255554,0.22360679507255554,0.22360679507255554,0.22360679507255554,0.22360679507255554,0.22360679507255554,0.22360679507255554,0.22360679507255554,0.22360679507255554,0.22360679507255554,0.22360679507255554,0.22360679507255554,0.22360679507255554,0.22360679507255554,0.3162277638912201,0.3162277638912201,0.3162277638912201,0.3162277638912201,0.3162277638912201,0.3162277638912201,0.3162277638912201,0.3162277638912201,0.3162277638912201,0.3162277638912201,0.3162277638912201,0.3162277638912201,0.3162277638912201,0.3162277638912201,0.3162277638912201,0.3162277638912201,0.4472135901451111,0.4472135901451111,0.25819888710975647,0.0,0.0,0.0,0.3162277638912201,0.3162277638912201,0.18257418274879456,0.18257418274879456,0.22360679507255554,0.22360679507255554,0.5163977742195129,0.5163977742195129,0.3162277638912201,0.3162277638912201,0.3162277638912201,0.3162277638912201,0.3162277638912201,0.3162277638912201,0.3162277638912201,0.3162277638912201,0.25819888710975647,0.0,0.3162277638912201,0.3162277638912201,0.0,0.0,0.0,0.0,0.0,0.0,0.0,0.0,0.3162277638912201,0.3162277638912201,0.3162277638912201,0.3162277638912201,0.22360679507255554,0.22360679507255554,0.22360679507255554,0.3162277638912201,0.3162277638912201,0.25819888710975647,0.25819888710975647,0.3162277638912201,0.3162277638912201,0.25819888710975647,0.25819888710975647,0.3162277638912201,0.3162277638912201,0.4472135901451111,0.4472135901451111,0.3162277638912201,0.3162277638912201,1.0,0.4472135901451111,0.4472135901451111,0.6324555277824402,0.6324555277824402,0.25819888710975647,0.25819888710975647,0.3162277638912201,0.3162277638912201,0.25819888710975647,0.25819888710975647,0.25819888710975647,0.25819888710975647,0.3162277638912201,0.3162277638912201,0.3162277638912201,0.3162277638912201,0.4472135901451111,0.4472135901451111,0.3162277638912201,0.25819888710975647,0.25819888710975647,0.22360679507255554,0.22360679507255554,0.0,0.22360679507255554,0.22360679507255554,0.22360679507255554,0.22360679507255554,0.22360679507255554,0.22360679507255554,0.25819888710975647,0.0,0.22360679507255554,0.22360679507255554,0.22360679507255554,0.22360679507255554,0.22360679507255554,0.22360679507255554,0.22360679507255554,0.14907118678092957,0.22360679507255554,0.0,0.0,0.4472135901451111,0.22360679507255554,0.22360679507255554,0.25819888710975647,0.25819888710975647,0.22360679507255554,0.22360679507255554,0.25819888710975647,0.25819888710975647,0.25819888710975647,0.25819888710975647,0.0,0.0,0.3162277638912201,0.3162277638912201,0.20000000298023224,0.20000000298023224,0.0,0.0,0.0,0.25819888710975647,0.25819888710975647,0.3162277638912201,0.3162277638912201,0.3162277638912201,0.3162277638912201,0.3162277638912201,0.3162277638912201,0.3162277638912201,0.3162277638912201,0.22360679507255554,0.22360679507255554,0.22360679507255554,0.22360679507255554,0.25819888710975647,0.25819888710975647,0.3162277638912201,0.3162277638912201,0.4472135901451111,0.4472135901451111,0.4472135901451111,0.4472135901451111,0.6324555277824402,0.4472135901451111,0.4472135901451111,0.25819888710975647,0.4472135901451111,0.4472135901451111,0.4472135901451111,0.4472135901451111,0.4472135901451111,0.4472135901451111,0.3162277638912201,0.3162277638912201,0.22360679507255554,0.22360679507255554,0.3162277638912201,0.3162277638912201,0.22360679507255554,0.22360679507255554,0.3162277638912201,0.3162277638912201,0.3162277638912201,0.3162277638912201,0.22360679507255554,0.22360679507255554,0.22360679507255554,0.25819888710975647,0.3162277638912201,0.3162277638912201,0.3162277638912201,0.25819888710975647,0.25819888710975647,0.3162277638912201,0.22360679507255554,0.25819888710975647,0.3162277638912201,0.3162277638912201,0.3162277638912201,0.3162277638912201,0.3162277638912201,0.22360679507255554,0.25819888710975647,0.3162277638912201,0.3162277638912201,0.3162277638912201,0.3162277638912201,0.3162277638912201,0.3162277638912201,0.3162277638912201,0.3162277638912201,0.25819888710975647,0.3162277638912201,0.22360679507255554,0.3162277638912201,0.3162277638912201,0.3162277638912201,0.3162277638912201,0.25819888710975647,0.0,0.0,0.0,0.0,0.0,0.0,0.0,0.0,0.0,0.0,0.0,0.0,0.0,0.0,0.0,0.0,0.0,0.0,0.0,0.0,0.0,0.0,0.0,0.22360679507255554,0.22360679507255554,0.3162277638912201,0.3162277638912201,0.3162277638912201,0.3162277638912201,0.3162277638912201,0.3162277638912201,0.3162277638912201,0.3162277638912201,0.3162277638912201,0.25819888710975647,0.25819888710975647,0.25819888710975647,0.25819888710975647,0.0,0.0,0.0,0.0,0.0,0.0
BDUL,0.0,0.0,0.0,0.0,0.0,0.0,0.0,0.0,0.0,0.0,0.0,0.0,0.0,0.0,0.0,0.0,0.0,0.0,0.0,0.0,0.5,0.5,0.3535533845424652,0.3535533845424652,0.5,0.5,0.5,0.5,0.5,0.5,0.5,0.5,0.5,0.5,0.5,0.5,0.5,0.5,0.5,0.5,0.5,0.5,0.5,0.5,0.3535533845424652,0.3535533845424652,0.3535533845424652,0.3535533845424652,0.3535533845424652,0.3535533845424652,0.3535533845424652,0.3535533845424652,0.3535533845424652,0.3535533845424652,0.3535533845424652,0.3535533845424652,0.3535533845424652,0.3535533845424652,0.3535533845424652,0.3535533845424652,0.5,0.5,0.5773502588272095,0.0,0.0,0.0,0.3535533845424652,0.3535533845424652,0.40824827551841736,0.40824827551841736,0.75,0.5,0.28867512941360474,0.0,0.3535533845424652,0.3535533845424652,0.3535533845424652,0.3535533845424652,0.3535533845424652,0.3535533845424652,0.3535533845424652,0.3535533845424652,0.5773502588272095,0.0,0.7071067690849304,0.3535533845424652,0.0,0.0,0.0,0.0,0.0,0.0,0.0,0.0,0.3535533845424652,0.3535533845424652,0.3535533845424652,0.3535533845424652,0.5,0.5,0.5,0.7071067690849304,0.7071067690849304,0.5773502588272095,0.5773502588272095,0.7071067690849304,0.7071067690849304,0.5773502588272095,0.5773502588272095,0.7071067690849304,0.3535533845424652,0.5,0.5,0.7071067690849304,0.7071067690849304,0.4472135901451111,1.0,0.5,0.3535533845424652,0.0,0.28867512941360474,0.28867512941360474,0.7071067690849304,0.7071067690849304,0.5773502588272095,0.5773502588272095,0.5773502588272095,0.5773502588272095,0.7071067690849304,0.7071067690849304,0.7071067690849304,0.7071067690849304,0.5,0.5,0.7071067690849304,0.866025447845459,0.5773502588272095,0.5,0.5,0.28867512941360474,0.5,0.5,0.5,0.5,0.5,0.5,0.5773502588272095,0.0,0.5,0.5,0.5,0.5,0.5,0.5,0.5,0.3333333432674408,0.5,0.0,0.0,0.5,0.5,0.5,0.5773502588272095,0.5773502588272095,0.5,0.5,0.5773502588272095,0.5773502588272095,0.5773502588272095,0.5773502588272095,0.0,0.0,0.3535533845424652,0.3535533845424652,0.4472135901451111,0.4472135901451111,0.25,0.28867512941360474,0.28867512941360474,0.5773502588272095,0.5773502588272095,0.3535533845424652,0.3535533845424652,0.3535533845424652,0.3535533845424652,0.3535533845424652,0.3535533845424652,0.3535533845424652,0.3535533845424652,0.5,0.5,0.5,0.5,0.28867512941360474,0.28867512941360474,0.7071067690849304,0.7071067690849304,0.5,0.5,0.5,0.5,0.3535533845424652,0.5,0.5,0.5773502588272095,0.5,0.5,0.5,0.5,0.5,0.5,0.3535533845424652,0.3535533845424652,0.5,0.5,0.3535533845424652,0.3535533845424652,0.5,0.5,0.3535533845424652,0.3535533845424652,0.3535533845424652,0.3535533845424652,0.25,0.25,0.25,0.28867512941360474,0.0,0.0,0.0,0.0,0.0,0.0,0.25,0.0,0.0,0.0,0.0,0.0,0.0,0.25,0.28867512941360474,0.0,0.0,0.0,0.0,0.0,0.0,0.0,0.0,0.0,0.0,0.25,0.0,0.0,0.0,0.0,0.0,0.28867512941360474,0.28867512941360474,0.28867512941360474,0.3535533845424652,0.0,0.0,0.0,0.0,0.0,0.0,0.0,0.0,0.3535533845424652,0.28867512941360474,0.0,0.0,0.0,0.0,0.0,0.0,0.0,0.0,0.0,0.25,0.25,0.0,0.0,0.0,0.0,0.0,0.0,0.0,0.0,0.0,0.0,0.0,0.5773502588272095,0.5773502588272095,0.3535533845424652,0.3535533845424652,0.0,0.0,0.0,0.0
BDUR,0.0,0.0,0.0,0.0,0.0,0.0,0.0,0.0,0.0,0.0,0.0,0.0,0.0,0.0,0.0,0.0,0.0,0.0,0.0,0.0,0.5,0.5,0.3535533845424652,0.3535533845424652,0.5,0.5,0.5,0.5,0.5,0.5,0.5,0.5,0.5,0.5,0.5,0.5,0.5,0.5,0.5,0.5,0.5,0.5,0.5,0.5,0.3535533845424652,0.3535533845424652,0.3535533845424652,0.3535533845424652,0.3535533845424652,0.3535533845424652,0.3535533845424652,0.3535533845424652,0.3535533845424652,0.3535533845424652,0.3535533845424652,0.3535533845424652,0.3535533845424652,0.3535533845424652,0.3535533845424652,0.3535533845424652,0.5,0.5,0.5773502588272095,0.0,0.0,0.0,0.3535533845424652,0.3535533845424652,0.40824827551841736,0.40824827551841736,0.5,0.75,0.0,0.28867512941360474,0.3535533845424652,0.3535533845424652,0.3535533845424652,0.3535533845424652,0.3535533845424652,0.3535533845424652,0.3535533845424652,0.3535533845424652,0.866025447845459,0.0,0.3535533845424652,0.7071067690849304,0.0,0.0,0.0,0.0,0.0,0.0,0.0,0.0,0.3535533845424652,0.3535533845424652,0.3535533845424652,0.3535533845424652,0.5,0.5,0.5,0.7071067690849304,0.7071067690849304,0.5773502588272095,0.5773502588272095,0.7071067690849304,0.7071067690849304,0.5773502588272095,0.5773502588272095,0.3535533845424652,0.7071067690849304,0.5,0.5,0.7071067690849304,0.7071067690849304,0.4472135901451111,0.5,1.0,0.0,0.3535533845424652,0.28867512941360474,0.28867512941360474,0.7071067690849304,0.7071067690849304,0.5773502588272095,0.5773502588272095,0.5773502588272095,0.5773502588272095,0.7071067690849304,0.7071067690849304,0.7071067690849304,0.7071067690849304,0.5,0.5,0.7071067690849304,0.5773502588272095,0.866025447845459,0.5,0.5,0.28867512941360474,0.5,0.5,0.5,0.5,0.5,0.5,0.5773502588272095,0.0,0.5,0.5,0.5,0.5,0.5,0.5,0.5,0.3333333432674408,0.5,0.0,0.0,0.5,0.5,0.5,0.5773502588272095,0.5773502588272095,0.5,0.5,0.5773502588272095,0.5773502588272095,0.5773502588272095,0.5773502588272095,0.0,0.0,0.3535533845424652,0.3535533845424652,0.4472135901451111,0.4472135901451111,0.25,0.28867512941360474,0.28867512941360474,0.5773502588272095,0.5773502588272095,0.3535533845424652,0.3535533845424652,0.3535533845424652,0.3535533845424652,0.3535533845424652,0.3535533845424652,0.3535533845424652,0.3535533845424652,0.5,0.5,0.5,0.5,0.28867512941360474,0.28867512941360474,0.7071067690849304,0.7071067690849304,0.5,0.5,0.5,0.5,0.3535533845424652,0.5,0.5,0.5773502588272095,0.5,0.5,0.5,0.5,0.5,0.5,0.3535533845424652,0.3535533845424652,0.5,0.5,0.3535533845424652,0.3535533845424652,0.5,0.5,0.3535533845424652,0.3535533845424652,0.3535533845424652,0.3535533845424652,0.25,0.25,0.25,0.28867512941360474,0.0,0.0,0.0,0.0,0.0,0.0,0.25,0.0,0.0,0.0,0.0,0.0,0.0,0.25,0.28867512941360474,0.0,0.0,0.0,0.0,0.0,0.0,0.0,0.0,0.0,0.0,0.25,0.0,0.0,0.0,0.0,0.0,0.28867512941360474,0.28867512941360474,0.28867512941360474,0.3535533845424652,0.0,0.0,0.0,0.0,0.0,0.0,0.0,0.0,0.3535533845424652,0.28867512941360474,0.0,0.0,0.0,0.0,0.0,0.0,0.0,0.0,0.0,0.25,0.25,0.0,0.0,0.0,0.0,0.0,0.0,0.0,0.0,0.0,0.0,0.0,0.5773502588272095,0.5773502588272095,0.3535533845424652,0.3535533845424652,0.0,0.0,0.0,0.0
CANL,0.0,0.0,0.0,0.0,0.0,0.0,0.0,0.0,0.0,0.0,0.0,0.0,0.0,0.0,0.0,0.0,0.0,0.0,0.0,0.0,0.0,0.0,0.0,0.0,0.0,0.0,0.0,0.0,0.0,0.0,0.0,0.0,0.0,0.0,0.0,0.0,0.0,0.0,0.0,0.0,0.0,0.0,0.0,0.0,0.0,0.0,0.0,0.0,0.0,0.0,0.0,0.0,0.0,0.0,0.0,0.0,0.0,0.0,0.0,0.0,0.0,0.0,0.0,0.0,0.0,0.0,0.0,0.0,0.0,0.0,0.0,0.0,0.8164966106414795,0.40824830532073975,0.0,0.0,0.0,0.0,0.0,0.0,0.0,0.0,0.0,0.0,0.0,0.0,0.0,0.0,0.0,0.0,0.0,0.0,0.0,0.0,0.0,0.0,0.0,0.0,0.0,0.0,0.0,0.0,0.0,0.0,0.0,0.0,0.0,0.0,0.0,0.0,0.0,0.0,0.0,0.0,0.0,0.6324555277824402,0.3535533845424652,0.0,1.0,0.5000000596046448,0.0,0.0,0.0,0.0,0.0,0.0,0.0,0.0,0.0,0.0,0.0,0.0,0.0,0.0,0.0,0.0,0.0,0.0,0.0,0.0,0.0,0.0,0.0,0.0,0.0,0.0,0.0,0.0,0.0,0.0,0.0,0.0,0.0,0.0,0.0,0.0,0.0,0.0,0.0,0.0,0.0,0.0,0.0,0.0,0.0,0.0,0.0,0.0,0.0,0.0,0.0,0.0,0.0,0.0,0.0,0.0,0.0,0.0,0.0,0.0,0.0,0.0,0.0,0.0,0.0,0.0,0.0,0.0,0.0,0.0,0.0,0.0,0.0,0.0,0.0,0.0,0.0,0.0,0.0,0.0,0.0,0.0,0.0,0.0,0.0,0.0,0.0,0.0,0.0,0.0,0.0,0.0,0.0,0.0,0.0,0.0,0.0,0.0,0.0,0.0,0.0,0.0,0.0,0.0,0.0,0.0,0.0,0.0,0.0,0.0,0.0,0.0,0.0,0.0,0.0,0.0,0.0,0.0,0.0,0.0,0.0,0.0,0.0,0.0,0.0,0.0,0.0,0.0,0.0,0.0,0.0,0.0,0.0,0.0,0.0,0.0,0.0,0.0,0.0,0.0,0.0,0.0,0.0,0.0,0.0,0.0,0.0,0.0,0.0,0.0,0.0,0.0,0.0,0.0,0.0,0.0,0.0,0.0,0.0,0.0,0.0,0.0,0.0,0.0,0.0,0.0,0.0,0.0,0.0,0.0,0.0,0.0,0.0,0.0,0.0,0.0,0.0,0.0,0.0,0.0,0.0,0.0
CANR,0.0,0.0,0.0,0.0,0.0,0.0,0.0,0.0,0.0,0.0,0.0,0.0,0.0,0.0,0.0,0.0,0.0,0.0,0.0,0.0,0.0,0.0,0.0,0.0,0.0,0.0,0.0,0.0,0.0,0.0,0.0,0.0,0.0,0.0,0.0,0.0,0.0,0.0,0.0,0.0,0.0,0.0,0.0,0.0,0.0,0.0,0.0,0.0,0.0,0.0,0.0,0.0,0.0,0.0,0.0,0.0,0.0,0.0,0.0,0.0,0.0,0.0,0.0,0.0,0.0,0.0,0.0,0.0,0.0,0.0,0.0,0.0,0.40824830532073975,0.8164966106414795,0.0,0.0,0.0,0.0,0.0,0.0,0.0,0.0,0.0,0.0,0.0,0.0,0.0,0.0,0.0,0.0,0.0,0.0,0.0,0.0,0.0,0.0,0.0,0.0,0.0,0.0,0.0,0.0,0.0,0.0,0.0,0.0,0.0,0.0,0.0,0.0,0.0,0.0,0.0,0.0,0.0,0.6324555277824402,0.0,0.3535533845424652,0.5000000596046448,1.0,0.0,0.0,0.0,0.0,0.0,0.0,0.0,0.0,0.0,0.0,0.0,0.0,0.0,0.0,0.0,0.0,0.0,0.0,0.0,0.0,0.0,0.0,0.0,0.0,0.0,0.0,0.0,0.0,0.0,0.0,0.0,0.0,0.0,0.0,0.0,0.0,0.0,0.0,0.0,0.0,0.0,0.0,0.0,0.0,0.0,0.0,0.0,0.0,0.0,0.0,0.0,0.0,0.0,0.0,0.0,0.0,0.0,0.0,0.0,0.0,0.0,0.0,0.0,0.0,0.0,0.0,0.0,0.0,0.0,0.0,0.0,0.0,0.0,0.0,0.0,0.0,0.0,0.0,0.0,0.0,0.0,0.0,0.0,0.0,0.0,0.0,0.0,0.0,0.0,0.0,0.0,0.0,0.0,0.0,0.0,0.0,0.0,0.0,0.0,0.0,0.0,0.0,0.0,0.0,0.0,0.0,0.0,0.0,0.0,0.0,0.0,0.0,0.0,0.0,0.0,0.0,0.0,0.0,0.0,0.0,0.0,0.0,0.0,0.0,0.0,0.0,0.0,0.0,0.0,0.0,0.0,0.0,0.0,0.0,0.0,0.0,0.0,0.0,0.0,0.0,0.0,0.0,0.0,0.0,0.0,0.0,0.0,0.0,0.0,0.0,0.0,0.0,0.0,0.0,0.0,0.0,0.0,0.0,0.0,0.0,0.0,0.0,0.0,0.0,0.0,0.0,0.0,0.0,0.0,0.0,0.0,0.0,0.0,0.0,0.0,0.0,0.0,0.0,0.0,0.0,0.0,0.0
RIPL,0.5773502588272095,0.5773502588272095,0.5773502588272095,0.5773502588272095,0.5773502588272095,0.5773502588272095,0.5773502588272095,0.5773502588272095,0.5773502588272095,0.5773502588272095,0.5773502588272095,0.5773502588272095,0.5773502588272095,0.5773502588272095,0.5773502588272095,0.5773502588272095,0.5773502588272095,0.5773502588272095,0.5773502588272095,0.5773502588272095,0.5773502588272095,0.28867512941360474,0.8164966106414795,0.40824830532073975,0.5773502588272095,0.28867512941360474,0.5773502588272095,0.28867512941360474,0.5773502588272095,0.28867512941360474,0.5773502588272095,0.28867512941360474,0.5773502588272095,0.28867512941360474,0.5773502588272095,0.28867512941360474,0.5773502588272095,0.28867512941360474,0.5773502588272095,0.28867512941360474,0.5773502588272095,0.28867512941360474,0.5773502588272095,0.28867512941360474,0.40824830532073975,0.40824830532073975,0.8164966106414795,0.40824830532073975,0.40824830532073975,0.40824830532073975,0.40824830532073975,0.40824830532073975,0.40824830532073975,0.40824830532073975,0.8164966106414795,0.40824830532073975,0.40824830532073975,0.40824830532073975,0.40824830532073975,0.40824830532073975,0.5773502588272095,0.5773502588272095,0.3333333432674408,0.0,0.0,0.0,0.40824830532073975,0.40824830532073975,0.235702246427536,0.235702246427536,0.5773502588272095,0.28867512941360474,0.0,0.0,0.8164966106414795,0.40824830532073975,0.40824830532073975,0.40824830532073975,0.40824830532073975,0.40824830532073975,0.40824830532073975,0.40824830532073975,0.3333333432674408,0.0,0.40824830532073975,0.40824830532073975,0.0,0.0,0.0,0.0,0.0,0.0,0.0,0.0,0.40824830532073975,0.40824830532073975,0.8164966106414795,0.40824830532073975,0.28867512941360474,0.5773502588272095,0.28867512941360474,0.40824830532073975,0.40824830532073975,0.3333333432674408,0.3333333432674408,0.40824830532073975,0.40824830532073975,0.3333333432674408,0.3333333432674408,0.40824830532073975,0.40824830532073975,0.5773502588272095,0.5773502588272095,0.40824830532073975,0.40824830532073975,0.25819888710975647,0.28867512941360474,0.28867512941360474,0.0,0.0,1.0,0.6666666865348816,0.40824830532073975,0.40824830532073975,0.3333333432674408,0.3333333432674408,0.3333333432674408,0.3333333432674408,0.40824830532073975,0.40824830532073975,0.40824830532073975,0.40824830532073975,0.5773502588272095,0.5773502588272095,0.40824830532073975,0.3333333432674408,0.3333333432674408,0.28867512941360474,0.28867512941360474,0.0,0.28867512941360474,0.28867512941360474,0.28867512941360474,0.28867512941360474,0.28867512941360474,0.28867512941360474,0.3333333432674408,0.0,0.28867512941360474,0.28867512941360474,0.28867512941360474,0.28867512941360474,0.28867512941360474,0.28867512941360474,0.28867512941360474,0.19245009124279022,0.28867512941360474,0.0,0.0,0.28867512941360474,0.28867512941360474,0.28867512941360474,0.3333333432674408,0.3333333432674408,0.28867512941360474,0.28867512941360474,0.3333333432674408,0.3333333432674408,0.3333333432674408,0.3333333432674408,0.0,0.0,0.40824830532073975,0.40824830532073975,0.25819888710975647,0.25819888710975647,0.0,0.0,0.0,0.3333333432674408,0.3333333432674408,0.40824830532073975,0.40824830532073975,0.8164966106414795,0.40824830532073975,0.40824830532073975,0.40824830532073975,0.40824830532073975,0.40824830532073975,0.28867512941360474,0.28867512941360474,0.28867512941360474,0.28867512941360474,0.3333333432674408,0.3333333432674408,0.40824830532073975,0.40824830532073975,0.5773502588272095,0.5773502588272095,0.5773502588272095,0.5773502588272095,0.40824830532073975,0.5773502588272095,0.5773502588272095,0.3333333432674408,0.5773502588272095,0.5773502588272095,0.5773502588272095,0.5773502588272095,0.5773502588272095,0.5773502588272095,0.40824830532073975,0.40824830532073975,0.28867512941360474,0.28867512941360474,0.40824830532073975,0.40824830532073975,0.28867512941360474,0.28867512941360474,0.40824830532073975,0.40824830532073975,0.40824830532073975,0.40824830532073975,0.0,0.0,0.0,0.0,0.0,0.0,0.0,0.0,0.0,0.0,0.0,0.0,0.0,0.0,0.0,0.0,0.0,0.0,0.0,0.0,0.0,0.0,0.0,0.0,0.0,0.0,0.0,0.0,0.0,0.0,0.0,0.0,0.0,0.0,0.0,0.0,0.0,0.0,0.0,0.0,0.0,0.0,0.0,0.0,0.0,0.0,0.0,0.0,0.0,0.0,0.0,0.0,0.0,0.0,0.0,0.0,0.0,0.0,0.0,0.0,0.0,0.0,0.0,0.0,0.0,0.0,0.0,0.0,0.0,0.0,0.0,0.3333333432674408,0.3333333432674408,0.0,0.0,0.0,0.0,0.0,0.0
RIPR,0.5773502588272095,0.5773502588272095,0.5773502588272095,0.5773502588272095,0.5773502588272095,0.5773502588272095,0.5773502588272095,0.5773502588272095,0.5773502588272095,0.5773502588272095,0.5773502588272095,0.5773502588272095,0.5773502588272095,0.5773502588272095,0.5773502588272095,0.5773502588272095,0.5773502588272095,0.5773502588272095,0.5773502588272095,0.5773502588272095,0.28867512941360474,0.5773502588272095,0.40824830532073975,0.8164966106414795,0.28867512941360474,0.5773502588272095,0.28867512941360474,0.5773502588272095,0.28867512941360474,0.5773502588272095,0.28867512941360474,0.5773502588272095,0.28867512941360474,0.5773502588272095,0.28867512941360474,0.5773502588272095,0.28867512941360474,0.5773502588272095,0.28867512941360474,0.5773502588272095,0.28867512941360474,0.5773502588272095,0.28867512941360474,0.5773502588272095,0.40824830532073975,0.40824830532073975,0.40824830532073975,0.8164966106414795,0.40824830532073975,0.40824830532073975,0.40824830532073975,0.40824830532073975,0.40824830532073975,0.40824830532073975,0.40824830532073975,0.8164966106414795,0.40824830532073975,0.40824830532073975,0.40824830532073975,0.40824830532073975,0.5773502588272095,0.5773502588272095,0.3333333432674408,0.0,0.0,0.0,0.40824830532073975,0.40824830532073975,0.235702246427536,0.235702246427536,0.28867512941360474,0.5773502588272095,0.0,0.0,0.40824830532073975,0.8164966106414795,0.40824830532073975,0.40824830532073975,0.40824830532073975,0.40824830532073975,0.40824830532073975,0.40824830532073975,0.3333333432674408,0.0,0.40824830532073975,0.40824830532073975,0.0,0.0,0.0,0.0,0.0,0.0,0.0,0.0,0.40824830532073975,0.40824830532073975,0.40824830532073975,0.8164966106414795,0.28867512941360474,0.28867512941360474,0.5773502588272095,0.40824830532073975,0.40824830532073975,0.3333333432674408,0.3333333432674408,0.40824830532073975,0.40824830532073975,0.3333333432674408,0.3333333432674408,0.40824830532073975,0.40824830532073975,0.5773502588272095,0.5773502588272095,0.40824830532073975,0.40824830532073975,0.25819888710975647,0.28867512941360474,0.28867512941360474,0.0,0.0,0.6666666865348816,1.0,0.40824830532073975,0.40824830532073975,0.3333333432674408,0.3333333432674408,0.3333333432674408,0.3333333432674408,0.40824830532073975,0.40824830532073975,0.40824830532073975,0.40824830532073975,0.5773502588272095,0.5773502588272095,0.40824830532073975,0.3333333432674408,0.3333333432674408,0.28867512941360474,0.28867512941360474,0.0,0.28867512941360474,0.28867512941360474,0.28867512941360474,0.28867512941360474,0.28867512941360474,0.28867512941360474,0.3333333432674408,0.0,0.28867512941360474,0.28867512941360474,0.28867512941360474,0.28867512941360474,0.28867512941360474,0.28867512941360474,0.28867512941360474,0.19245009124279022,0.28867512941360474,0.0,0.0,0.28867512941360474,0.28867512941360474,0.28867512941360474,0.3333333432674408,0.3333333432674408,0.28867512941360474,0.28867512941360474,0.3333333432674408,0.3333333432674408,0.3333333432674408,0.3333333432674408,0.0,0.0,0.40824830532073975,0.40824830532073975,0.25819888710975647,0.25819888710975647,0.0,0.0,0.0,0.3333333432674408,0.3333333432674408,0.40824830532073975,0.40824830532073975,0.40824830532073975,0.8164966106414795,0.40824830532073975,0.40824830532073975,0.40824830532073975,0.40824830532073975,0.28867512941360474,0.28867512941360474,0.28867512941360474,0.28867512941360474,0.3333333432674408,0.3333333432674408,0.40824830532073975,0.40824830532073975,0.5773502588272095,0.5773502588272095,0.5773502588272095,0.5773502588272095,0.40824830532073975,0.5773502588272095,0.5773502588272095,0.3333333432674408,0.5773502588272095,0.5773502588272095,0.5773502588272095,0.5773502588272095,0.5773502588272095,0.5773502588272095,0.40824830532073975,0.40824830532073975,0.28867512941360474,0.28867512941360474,0.40824830532073975,0.40824830532073975,0.28867512941360474,0.28867512941360474,0.40824830532073975,0.40824830532073975,0.40824830532073975,0.40824830532073975,0.0,0.0,0.0,0.0,0.0,0.0,0.0,0.0,0.0,0.0,0.0,0.0,0.0,0.0,0.0,0.0,0.0,0.0,0.0,0.0,0.0,0.0,0.0,0.0,0.0,0.0,0.0,0.0,0.0,0.0,0.0,0.0,0.0,0.0,0.0,0.0,0.0,0.0,0.0,0.0,0.0,0.0,0.0,0.0,0.0,0.0,0.0,0.0,0.0,0.0,0.0,0.0,0.0,0.0,0.0,0.0,0.0,0.0,0.0,0.0,0.0,0.0,0.0,0.0,0.0,0.0,0.0,0.0,0.0,0.0,0.0,0.3333333432674408,0.3333333432674408,0.0,0.0,0.0,0.0,0.0,0.0
RIAL,0.0,0.0,0.0,0.0,0.0,0.0,0.0,0.0,0.0,0.0,0.0,0.0,0.0,0.0,0.0,0.0,0.0,0.0,0.0,0.0,0.7071067690849304,0.7071067690849304,0.5000000596046448,0.5000000596046448,0.7071067690849304,0.7071067690849304,0.7071067690849304,0.7071067690849304,0.7071067690849304,0.7071067690849304,0.7071067690849304,0.7071067690849304,0.7071067690849304,0.7071067690849304,0.7071067690849304,0.7071067690849304,0.7071067690849304,0.7071067690849304,0.7071067690849304,0.7071067690849304,0.7071067690849304,0.7071067690849304,0.7071067690849304,0.7071067690849304,0.5000000596046448,0.5000000596046448,0.5000000596046448,0.5000000596046448,0.5000000596046448,0.5000000596046448,0.5000000596046448,0.5000000596046448,0.5000000596046448,0.5000000596046448,0.5000000596046448,0.5000000596046448,0.5000000596046448,0.5000000596046448,0.5000000596046448,0.5000000596046448,0.7071067690849304,0.7071067690849304,0.8164966106414795,0.0,0.0,0.0,0.5000000596046448,0.5000000596046448,0.5773502588272095,0.5773502588272095,0.7071067690849304,0.7071067690849304,0.0,0.0,0.5000000596046448,0.5000000596046448,0.5000000596046448,0.5000000596046448,0.5000000596046448,0.5000000596046448,0.5000000596046448,0.5000000596046448,0.8164966106414795,0.0,0.5000000596046448,0.5000000596046448,0.0,0.0,0.0,0.0,0.0,0.0,0.0,0.0,0.5000000596046448,0.5000000596046448,0.5000000596046448,0.5000000596046448,0.7071067690849304,0.7071067690849304,0.7071067690849304,1.0000001192092896,1.0000001192092896,0.8164966106414795,0.8164966106414795,1.0000001192092896,1.0000001192092896,0.8164966106414795,0.8164966106414795,0.5000000596046448,0.5000000596046448,0.7071067690849304,0.7071067690849304,1.0000001192092896,1.0000001192092896,0.3162277638912201,0.7071067690849304,0.7071067690849304,0.0,0.0,0.40824830532073975,0.40824830532073975,1.0,1.0000001192092896,0.8164966106414795,0.8164966106414795,0.8164966106414795,0.8164966106414795,1.0000001192092896,1.0000001192092896,1.0000001192092896,1.0000001192092896,0.7071067690849304,0.7071067690849304,1.0000001192092896,0.8164966106414795,0.8164966106414795,0.7071067690849304,0.7071067690849304,0.40824830532073975,0.7071067690849304,0.7071067690849304,0.7071067690849304,0.7071067690849304,0.7071067690849304,0.7071067690849304,0.8164966106414795,0.0,0.7071067690849304,0.7071067690849304,0.7071067690849304,0.7071067690849304,0.7071067690849304,0.7071067690849304,0.7071067690849304,0.4714045524597168,0.7071067690849304,0.0,0.0,0.7071067690849304,0.7071067690849304,0.7071067690849304,0.8164966106414795,0.8164966106414795,0.7071067690849304,0.7071067690849304,0.8164966106414795,0.8164966106414795,0.8164966106414795,0.8164966106414795,0.0,0.0,0.5000000596046448,0.5000000596046448,0.6324555277824402,0.6324555277824402,0.3535533845424652,0.40824830532073975,0.40824830532073975,0.8164966106414795,0.8164966106414795,0.5000000596046448,0.5000000596046448,0.5000000596046448,0.5000000596046448,0.5000000596046448,0.5000000596046448,0.5000000596046448,0.5000000596046448,0.7071067690849304,0.7071067690849304,0.7071067690849304,0.7071067690849304,0.40824830532073975,0.40824830532073975,1.0000001192092896,1.0000001192092896,0.7071067690849304,0.7071067690849304,0.7071067690849304,0.7071067690849304,0.5000000596046448,0.7071067690849304,0.7071067690849304,0.8164966106414795,0.7071067690849304,0.7071067690849304,0.7071067690849304,0.7071067690849304,0.7071067690849304,0.7071067690849304,0.5000000596046448,0.5000000596046448,0.7071067690849304,0.7071067690849304,0.5000000596046448,0.5000000596046448,0.7071067690849304,0.7071067690849304,0.5000000596046448,0.5000000596046448,0.5000000596046448,0.5000000596046448,0.3535533845424652,0.3535533845424652,0.3535533845424652,0.40824830532073975,0.0,0.0,0.0,0.0,0.0,0.0,0.3535533845424652,0.0,0.0,0.0,0.0,0.0,0.0,0.3535533845424652,0.40824830532073975,0.0,0.0,0.0,0.0,0.0,0.0,0.0,0.0,0.0,0.0,0.3535533845424652,0.0,0.0,0.0,0.0,0.0,0.40824830532073975,0.40824830532073975,0.40824830532073975,0.5000000596046448,0.0,0.0,0.0,0.0,0.0,0.0,0.0,0.0,0.5000000596046448,0.40824830532073975,0.0,0.0,0.0,0.0,0.0,0.0,0.0,0.0,0.0,0.3535533845424652,0.3535533845424652,0.0,0.0,0.0,0.0,0.0,0.0,0.0,0.0,0.0,0.0,0.0,0.8164966106414795,0.8164966106414795,0.5000000596046448,0.5000000596046448,0.0,0.0,0.0,0.0
RIAR,0.0,0.0,0.0,0.0,0.0,0.0,0.0,0.0,0.0,0.0,0.0,0.0,0.0,0.0,0.0,0.0,0.0,0.0,0.0,0.0,0.7071067690849304,0.7071067690849304,0.5000000596046448,0.5000000596046448,0.7071067690849304,0.7071067690849304,0.7071067690849304,0.7071067690849304,0.7071067690849304,0.7071067690849304,0.7071067690849304,0.7071067690849304,0.7071067690849304,0.7071067690849304,0.7071067690849304,0.7071067690849304,0.7071067690849304,0.7071067690849304,0.7071067690849304,0.7071067690849304,0.7071067690849304,0.7071067690849304,0.7071067690849304,0.7071067690849304,0.5000000596046448,0.5000000596046448,0.5000000596046448,0.5000000596046448,0.5000000596046448,0.5000000596046448,0.5000000596046448,0.5000000596046448,0.5000000596046448,0.5000000596046448,0.5000000596046448,0.5000000596046448,0.5000000596046448,0.5000000596046448,0.5000000596046448,0.5000000596046448,0.7071067690849304,0.7071067690849304,0.8164966106414795,0.0,0.0,0.0,0.5000000596046448,0.5000000596046448,0.5773502588272095,0.5773502588272095,0.7071067690849304,0.7071067690849304,0.0,0.0,0.5000000596046448,0.5000000596046448,0.5000000596046448,0.5000000596046448,0.5000000596046448,0.5000000596046448,0.5000000596046448,0.5000000596046448,0.8164966106414795,0.0,0.5000000596046448,0.5000000596046448,0.0,0.0,0.0,0.0,0.0,0.0,0.0,0.0,0.5000000596046448,0.5000000596046448,0.5000000596046448,0.5000000596046448,0.7071067690849304,0.7071067690849304,0.7071067690849304,1.0000001192092896,1.0000001192092896,0.8164966106414795,0.8164966106414795,1.0000001192092896,1.0000001192092896,0.8164966106414795,0.8164966106414795,0.5000000596046448,0.5000000596046448,0.7071067690849304,0.7071067690849304,1.0000001192092896,1.0000001192092896,0.3162277638912201,0.7071067690849304,0.7071067690849304,0.0,0.0,0.40824830532073975,0.40824830532073975,1.0000001192092896,1.0,0.8164966106414795,0.8164966106414795,0.8164966106414795,0.8164966106414795,1.0000001192092896,1.0000001192092896,1.0000001192092896,1.0000001192092896,0.7071067690849304,0.7071067690849304,1.0000001192092896,0.8164966106414795,0.8164966106414795,0.7071067690849304,0.7071067690849304,0.40824830532073975,0.7071067690849304,0.7071067690849304,0.7071067690849304,0.7071067690849304,0.7071067690849304,0.7071067690849304,0.8164966106414795,0.0,0.7071067690849304,0.7071067690849304,0.7071067690849304,0.7071067690849304,0.7071067690849304,0.7071067690849304,0.7071067690849304,0.4714045524597168,0.7071067690849304,0.0,0.0,0.7071067690849304,0.7071067690849304,0.7071067690849304,0.8164966106414795,0.8164966106414795,0.7071067690849304,0.7071067690849304,0.8164966106414795,0.8164966106414795,0.8164966106414795,0.8164966106414795,0.0,0.0,0.5000000596046448,0.5000000596046448,0.6324555277824402,0.6324555277824402,0.3535533845424652,0.40824830532073975,0.40824830532073975,0.8164966106414795,0.8164966106414795,0.5000000596046448,0.5000000596046448,0.5000000596046448,0.5000000596046448,0.5000000596046448,0.5000000596046448,0.5000000596046448,0.5000000596046448,0.7071067690849304,0.7071067690849304,0.7071067690849304,0.7071067690849304,0.40824830532073975,0.40824830532073975,1.0000001192092896,1.0000001192092896,0.7071067690849304,0.7071067690849304,0.7071067690849304,0.7071067690849304,0.5000000596046448,0.7071067690849304,0.7071067690849304,0.8164966106414795,0.7071067690849304,0.7071067690849304,0.7071067690849304,0.7071067690849304,0.7071067690849304,0.7071067690849304,0.5000000596046448,0.5000000596046448,0.7071067690849304,0.7071067690849304,0.5000000596046448,0.5000000596046448,0.7071067690849304,0.7071067690849304,0.5000000596046448,0.5000000596046448,0.5000000596046448,0.5000000596046448,0.3535533845424652,0.3535533845424652,0.3535533845424652,0.40824830532073975,0.0,0.0,0.0,0.0,0.0,0.0,0.3535533845424652,0.0,0.0,0.0,0.0,0.0,0.0,0.3535533845424652,0.40824830532073975,0.0,0.0,0.0,0.0,0.0,0.0,0.0,0.0,0.0,0.0,0.3535533845424652,0.0,0.0,0.0,0.0,0.0,0.40824830532073975,0.40824830532073975,0.40824830532073975,0.5000000596046448,0.0,0.0,0.0,0.0,0.0,0.0,0.0,0.0,0.5000000596046448,0.40824830532073975,0.0,0.0,0.0,0.0,0.0,0.0,0.0,0.0,0.0,0.3535533845424652,0.3535533845424652,0.0,0.0,0.0,0.0,0.0,0.0,0.0,0.0,0.0,0.0,0.0,0.8164966106414795,0.8164966106414795,0.5000000596046448,0.5000000596046448,0.0,0.0,0.0,0.0
RIBL,0.0,0.0,0.0,0.0,0.0,0.0,0.0,0.0,0.0,0.0,0.0,0.0,0.0,0.0,0.0,0.0,0.0,0.0,0.0,0.0,0.866025447845459,0.5773502588272095,0.40824830532073975,0.40824830532073975,0.866025447845459,0.5773502588272095,0.866025447845459,0.5773502588272095,0.866025447845459,0.5773502588272095,0.866025447845459,0.5773502588272095,0.866025447845459,0.5773502588272095,0.866025447845459,0.5773502588272095,0.866025447845459,0.5773502588272095,0.866025447845459,0.5773502588272095,0.866025447845459,0.5773502588272095,0.866025447845459,0.5773502588272095,0.40824830532073975,0.40824830532073975,0.40824830532073975,0.40824830532073975,0.40824830532073975,0.40824830532073975,0.40824830532073975,0.40824830532073975,0.40824830532073975,0.40824830532073975,0.40824830532073975,0.40824830532073975,0.40824830532073975,0.40824830532073975,0.40824830532073975,0.40824830532073975,0.5773502588272095,0.5773502588272095,0.6666666865348816,0.0,0.0,0.0,0.40824830532073975,0.40824830532073975,0.7071067094802856,0.471404492855072,0.5773502588272095,0.5773502588272095,0.0,0.0,0.40824830532073975,0.40824830532073975,0.40824830532073975,0.40824830532073975,0.40824830532073975,0.40824830532073975,0.40824830532073975,0.40824830532073975,0.6666666865348816,0.0,0.40824830532073975,0.40824830532073975,0.0,0.0,0.0,0.0,0.0,0.0,0.0,0.0,0.40824830532073975,0.40824830532073975,0.40824830532073975,0.40824830532073975,0.5773502588272095,0.866025447845459,0.5773502588272095,0.8164966106414795,0.8164966106414795,1.0,0.6666666865348816,0.8164966106414795,0.8164966106414795,1.0,0.6666666865348816,0.40824830532073975,0.40824830532073975,0.5773502588272095,0.5773502588272095,0.8164966106414795,0.8164966106414795,0.25819888710975647,0.5773502588272095,0.5773502588272095,0.0,0.0,0.3333333432674408,0.3333333432674408,0.8164966106414795,0.8164966106414795,1.0,0.6666666865348816,1.0,0.6666666865348816,0.8164966106414795,0.8164966106414795,0.8164966106414795,0.8164966106414795,0.5773502588272095,0.5773502588272095,0.8164966106414795,0.6666666865348816,0.6666666865348816,0.5773502588272095,0.5773502588272095,0.3333333432674408,0.5773502588272095,0.5773502588272095,0.5773502588272095,0.5773502588272095,0.5773502588272095,0.5773502588272095,0.6666666865348816,0.0,0.5773502588272095,0.5773502588272095,0.5773502588272095,0.5773502588272095,0.5773502588272095,0.5773502588272095,0.5773502588272095,0.38490018248558044,0.5773502588272095,0.0,0.0,0.866025447845459,0.5773502588272095,0.5773502588272095,0.6666666865348816,0.6666666865348816,0.866025447845459,0.5773502588272095,0.6666666865348816,0.6666666865348816,0.6666666865348816,0.6666666865348816,0.0,0.0,0.40824830532073975,0.40824830532073975,0.5163977742195129,0.7745966911315918,0.28867512941360474,0.3333333432674408,0.6666666865348816,1.0,0.6666666865348816,0.40824830532073975,0.40824830532073975,0.40824830532073975,0.40824830532073975,0.40824830532073975,0.40824830532073975,0.40824830532073975,0.40824830532073975,0.866025447845459,0.5773502588272095,0.866025447845459,0.5773502588272095,0.3333333432674408,0.6666666865348816,0.8164966106414795,0.8164966106414795,0.5773502588272095,0.5773502588272095,0.5773502588272095,0.5773502588272095,0.40824830532073975,0.5773502588272095,0.5773502588272095,0.6666666865348816,0.5773502588272095,0.5773502588272095,0.5773502588272095,0.5773502588272095,0.5773502588272095,0.5773502588272095,0.40824830532073975,0.40824830532073975,0.866025447845459,0.5773502588272095,0.40824830532073975,0.40824830532073975,0.5773502588272095,0.866025447845459,0.40824830532073975,0.40824830532073975,0.40824830532073975,0.40824830532073975,0.28867512941360474,0.28867512941360474,0.28867512941360474,0.3333333432674408,0.0,0.0,0.0,0.0,0.0,0.0,0.28867512941360474,0.0,0.0,0.0,0.0,0.0,0.0,0.28867512941360474,0.3333333432674408,0.0,0.0,0.0,0.0,0.0,0.0,0.0,0.0,0.0,0.0,0.28867512941360474,0.0,0.0,0.0,0.0,0.0,0.3333333432674408,0.3333333432674408,0.3333333432674408,0.40824830532073975,0.0,0.0,0.0,0.0,0.0,0.0,0.0,0.0,0.40824830532073975,0.3333333432674408,0.0,0.0,0.0,0.0,0.0,0.0,0.0,0.0,0.0,0.28867512941360474,0.28867512941360474,0.0,0.0,0.0,0.0,0.0,0.0,0.0,0.0,0.0,0.0,0.0,0.6666666865348816,0.6666666865348816,0.40824830532073975,0.40824830532073975,0.0,0.0,0.0,0.0
RIBR,0.0,0.0,0.0,0.0,0.0,0.0,0.0,0.0,0.0,0.0,0.0,0.0,0.0,0.0,0.0,0.0,0.0,0.0,0.0,0.0,0.5773502588272095,0.866025447845459,0.40824830532073975,0.40824830532073975,0.5773502588272095,0.866025447845459,0.5773502588272095,0.866025447845459,0.5773502588272095,0.866025447845459,0.5773502588272095,0.866025447845459,0.5773502588272095,0.866025447845459,0.5773502588272095,0.866025447845459,0.5773502588272095,0.866025447845459,0.5773502588272095,0.866025447845459,0.5773502588272095,0.866025447845459,0.5773502588272095,0.866025447845459,0.40824830532073975,0.40824830532073975,0.40824830532073975,0.40824830532073975,0.40824830532073975,0.40824830532073975,0.40824830532073975,0.40824830532073975,0.40824830532073975,0.40824830532073975,0.40824830532073975,0.40824830532073975,0.40824830532073975,0.40824830532073975,0.40824830532073975,0.40824830532073975,0.5773502588272095,0.5773502588272095,0.6666666865348816,0.0,0.0,0.0,0.40824830532073975,0.40824830532073975,0.471404492855072,0.7071067094802856,0.5773502588272095,0.5773502588272095,0.0,0.0,0.40824830532073975,0.40824830532073975,0.40824830532073975,0.40824830532073975,0.40824830532073975,0.40824830532073975,0.40824830532073975,0.40824830532073975,0.6666666865348816,0.0,0.40824830532073975,0.40824830532073975,0.0,0.0,0.0,0.0,0.0,0.0,0.0,0.0,0.40824830532073975,0.40824830532073975,0.40824830532073975,0.40824830532073975,0.5773502588272095,0.5773502588272095,0.866025447845459,0.8164966106414795,0.8164966106414795,0.6666666865348816,1.0,0.8164966106414795,0.8164966106414795,0.6666666865348816,1.0,0.40824830532073975,0.40824830532073975,0.5773502588272095,0.5773502588272095,0.8164966106414795,0.8164966106414795,0.25819888710975647,0.5773502588272095,0.5773502588272095,0.0,0.0,0.3333333432674408,0.3333333432674408,0.8164966106414795,0.8164966106414795,0.6666666865348816,1.0,0.6666666865348816,1.0,0.8164966106414795,0.8164966106414795,0.8164966106414795,0.8164966106414795,0.5773502588272095,0.5773502588272095,0.8164966106414795,0.6666666865348816,0.6666666865348816,0.5773502588272095,0.5773502588272095,0.3333333432674408,0.5773502588272095,0.5773502588272095,0.5773502588272095,0.5773502588272095,0.5773502588272095,0.5773502588272095,0.6666666865348816,0.0,0.5773502588272095,0.5773502588272095,0.5773502588272095,0.5773502588272095,0.5773502588272095,0.5773502588272095,0.5773502588272095,0.38490018248558044,0.5773502588272095,0.0,0.0,0.5773502588272095,0.5773502588272095,0.5773502588272095,0.6666666865348816,0.6666666865348816,0.5773502588272095,0.866025447845459,0.6666666865348816,0.6666666865348816,0.6666666865348816,0.6666666865348816,0.0,0.0,0.40824830532073975,0.40824830532073975,0.7745966911315918,0.5163977742195129,0.5773502588272095,0.6666666865348816,0.3333333432674408,0.6666666865348816,1.0,0.40824830532073975,0.40824830532073975,0.40824830532073975,0.40824830532073975,0.40824830532073975,0.40824830532073975,0.40824830532073975,0.40824830532073975,0.5773502588272095,0.866025447845459,0.5773502588272095,0.866025447845459,0.6666666865348816,0.3333333432674408,0.8164966106414795,0.8164966106414795,0.5773502588272095,0.5773502588272095,0.5773502588272095,0.5773502588272095,0.40824830532073975,0.5773502588272095,0.5773502588272095,0.6666666865348816,0.5773502588272095,0.5773502588272095,0.5773502588272095,0.5773502588272095,0.5773502588272095,0.5773502588272095,0.40824830532073975,0.40824830532073975,0.5773502588272095,0.866025447845459,0.40824830532073975,0.40824830532073975,0.866025447845459,0.5773502588272095,0.40824830532073975,0.40824830532073975,0.40824830532073975,0.40824830532073975,0.28867512941360474,0.28867512941360474,0.28867512941360474,0.3333333432674408,0.0,0.0,0.0,0.0,0.0,0.0,0.28867512941360474,0.0,0.0,0.0,0.0,0.0,0.0,0.28867512941360474,0.3333333432674408,0.0,0.0,0.0,0.0,0.0,0.0,0.0,0.0,0.0,0.0,0.28867512941360474,0.0,0.0,0.0,0.0,0.0,0.3333333432674408,0.3333333432674408,0.3333333432674408,0.40824830532073975,0.0,0.0,0.0,0.0,0.0,0.0,0.0,0.0,0.40824830532073975,0.3333333432674408,0.0,0.0,0.0,0.0,0.0,0.0,0.0,0.0,0.0,0.28867512941360474,0.28867512941360474,0.0,0.0,0.0,0.0,0.0,0.0,0.0,0.0,0.0,0.0,0.0,0.6666666865348816,0.6666666865348816,0.40824830532073975,0.40824830532073975,0.0,0.0,0.0,0.0
RICL,0.0,0.0,0.0,0.0,0.0,0.0,0.0,0.0,0.0,0.0,0.0,0.0,0.0,0.0,0.0,0.0,0.0,0.0,0.0,0.0,0.866025447845459,0.5773502588272095,0.40824830532073975,0.40824830532073975,0.866025447845459,0.5773502588272095,0.866025447845459,0.5773502588272095,0.866025447845459,0.5773502588272095,0.866025447845459,0.5773502588272095,0.866025447845459,0.5773502588272095,0.866025447845459,0.5773502588272095,0.866025447845459,0.5773502588272095,0.866025447845459,0.5773502588272095,0.866025447845459,0.5773502588272095,0.866025447845459,0.5773502588272095,0.40824830532073975,0.40824830532073975,0.40824830532073975,0.40824830532073975,0.40824830532073975,0.40824830532073975,0.40824830532073975,0.40824830532073975,0.40824830532073975,0.40824830532073975,0.40824830532073975,0.40824830532073975,0.40824830532073975,0.40824830532073975,0.40824830532073975,0.40824830532073975,0.5773502588272095,0.5773502588272095,0.6666666865348816,0.0,0.0,0.0,0.40824830532073975,0.40824830532073975,0.7071067094802856,0.471404492855072,0.5773502588272095,0.5773502588272095,0.0,0.0,0.40824830532073975,0.40824830532073975,0.40824830532073975,0.40824830532073975,0.40824830532073975,0.40824830532073975,0.40824830532073975,0.40824830532073975,0.6666666865348816,0.0,0.40824830532073975,0.40824830532073975,0.0,0.0,0.0,0.0,0.0,0.0,0.0,0.0,0.40824830532073975,0.40824830532073975,0.40824830532073975,0.40824830532073975,0.5773502588272095,0.866025447845459,0.5773502588272095,0.8164966106414795,0.8164966106414795,1.0,0.6666666865348816,0.8164966106414795,0.8164966106414795,1.0,0.6666666865348816,0.40824830532073975,0.40824830532073975,0.5773502588272095,0.5773502588272095,0.8164966106414795,0.8164966106414795,0.25819888710975647,0.5773502588272095,0.5773502588272095,0.0,0.0,0.3333333432674408,0.3333333432674408,0.8164966106414795,0.8164966106414795,1.0,0.6666666865348816,1.0,0.6666666865348816,0.8164966106414795,0.8164966106414795,0.8164966106414795,0.8164966106414795,0.5773502588272095,0.5773502588272095,0.8164966106414795,0.6666666865348816,0.6666666865348816,0.5773502588272095,0.5773502588272095,0.3333333432674408,0.5773502588272095,0.5773502588272095,0.5773502588272095,0.5773502588272095,0.5773502588272095,0.5773502588272095,0.6666666865348816,0.0,0.5773502588272095,0.5773502588272095,0.5773502588272095,0.5773502588272095,0.5773502588272095,0.5773502588272095,0.5773502588272095,0.38490018248558044,0.5773502588272095,0.0,0.0,0.866025447845459,0.5773502588272095,0.5773502588272095,0.6666666865348816,0.6666666865348816,0.866025447845459,0.5773502588272095,0.6666666865348816,0.6666666865348816,0.6666666865348816,0.6666666865348816,0.0,0.0,0.40824830532073975,0.40824830532073975,0.5163977742195129,0.7745966911315918,0.28867512941360474,0.3333333432674408,0.6666666865348816,1.0,0.6666666865348816,0.40824830532073975,0.40824830532073975,0.40824830532073975,0.40824830532073975,0.40824830532073975,0.40824830532073975,0.40824830532073975,0.40824830532073975,0.866025447845459,0.5773502588272095,0.866025447845459,0.5773502588272095,0.3333333432674408,0.6666666865348816,0.8164966106414795,0.8164966106414795,0.5773502588272095,0.5773502588272095,0.5773502588272095,0.5773502588272095,0.40824830532073975,0.5773502588272095,0.5773502588272095,0.6666666865348816,0.5773502588272095,0.5773502588272095,0.5773502588272095,0.5773502588272095,0.5773502588272095,0.5773502588272095,0.40824830532073975,0.40824830532073975,0.866025447845459,0.5773502588272095,0.40824830532073975,0.40824830532073975,0.5773502588272095,0.866025447845459,0.40824830532073975,0.40824830532073975,0.40824830532073975,0.40824830532073975,0.28867512941360474,0.28867512941360474,0.28867512941360474,0.3333333432674408,0.0,0.0,0.0,0.0,0.0,0.0,0.28867512941360474,0.0,0.0,0.0,0.0,0.0,0.0,0.28867512941360474,0.3333333432674408,0.0,0.0,0.0,0.0,0.0,0.0,0.0,0.0,0.0,0.0,0.28867512941360474,0.0,0.0,0.0,0.0,0.0,0.3333333432674408,0.3333333432674408,0.3333333432674408,0.40824830532073975,0.0,0.0,0.0,0.0,0.0,0.0,0.0,0.0,0.40824830532073975,0.3333333432674408,0.0,0.0,0.0,0.0,0.0,0.0,0.0,0.0,0.0,0.28867512941360474,0.28867512941360474,0.0,0.0,0.0,0.0,0.0,0.0,0.0,0.0,0.0,0.0,0.0,0.6666666865348816,0.6666666865348816,0.40824830532073975,0.40824830532073975,0.0,0.0,0.0,0.0
RICR,0.0,0.0,0.0,0.0,0.0,0.0,0.0,0.0,0.0,0.0,0.0,0.0,0.0,0.0,0.0,0.0,0.0,0.0,0.0,0.0,0.5773502588272095,0.866025447845459,0.40824830532073975,0.40824830532073975,0.5773502588272095,0.866025447845459,0.5773502588272095,0.866025447845459,0.5773502588272095,0.866025447845459,0.5773502588272095,0.866025447845459,0.5773502588272095,0.866025447845459,0.5773502588272095,0.866025447845459,0.5773502588272095,0.866025447845459,0.5773502588272095,0.866025447845459,0.5773502588272095,0.866025447845459,0.5773502588272095,0.866025447845459,0.40824830532073975,0.40824830532073975,0.40824830532073975,0.40824830532073975,0.40824830532073975,0.40824830532073975,0.40824830532073975,0.40824830532073975,0.40824830532073975,0.40824830532073975,0.40824830532073975,0.40824830532073975,0.40824830532073975,0.40824830532073975,0.40824830532073975,0.40824830532073975,0.5773502588272095,0.5773502588272095,0.6666666865348816,0.0,0.0,0.0,0.40824830532073975,0.40824830532073975,0.471404492855072,0.7071067094802856,0.5773502588272095,0.5773502588272095,0.0,0.0,0.40824830532073975,0.40824830532073975,0.40824830532073975,0.40824830532073975,0.40824830532073975,0.40824830532073975,0.40824830532073975,0.40824830532073975,0.6666666865348816,0.0,0.40824830532073975,0.40824830532073975,0.0,0.0,0.0,0.0,0.0,0.0,0.0,0.0,0.40824830532073975,0.40824830532073975,0.40824830532073975,0.40824830532073975,0.5773502588272095,0.5773502588272095,0.866025447845459,0.8164966106414795,0.8164966106414795,0.6666666865348816,1.0,0.8164966106414795,0.8164966106414795,0.6666666865348816,1.0,0.40824830532073975,0.40824830532073975,0.5773502588272095,0.5773502588272095,0.8164966106414795,0.8164966106414795,0.25819888710975647,0.5773502588272095,0.5773502588272095,0.0,0.0,0.3333333432674408,0.3333333432674408,0.8164966106414795,0.8164966106414795,0.6666666865348816,1.0,0.6666666865348816,1.0,0.8164966106414795,0.8164966106414795,0.8164966106414795,0.8164966106414795,0.5773502588272095,0.5773502588272095,0.8164966106414795,0.6666666865348816,0.6666666865348816,0.5773502588272095,0.5773502588272095,0.3333333432674408,0.5773502588272095,0.5773502588272095,0.5773502588272095,0.5773502588272095,0.5773502588272095,0.5773502588272095,0.6666666865348816,0.0,0.5773502588272095,0.5773502588272095,0.5773502588272095,0.5773502588272095,0.5773502588272095,0.5773502588272095,0.5773502588272095,0.38490018248558044,0.5773502588272095,0.0,0.0,0.5773502588272095,0.5773502588272095,0.5773502588272095,0.6666666865348816,0.6666666865348816,0.5773502588272095,0.866025447845459,0.6666666865348816,0.6666666865348816,0.6666666865348816,0.6666666865348816,0.0,0.0,0.40824830532073975,0.40824830532073975,0.7745966911315918,0.5163977742195129,0.5773502588272095,0.6666666865348816,0.3333333432674408,0.6666666865348816,1.0,0.40824830532073975,0.40824830532073975,0.40824830532073975,0.40824830532073975,0.40824830532073975,0.40824830532073975,0.40824830532073975,0.40824830532073975,0.5773502588272095,0.866025447845459,0.5773502588272095,0.866025447845459,0.6666666865348816,0.3333333432674408,0.8164966106414795,0.8164966106414795,0.5773502588272095,0.5773502588272095,0.5773502588272095,0.5773502588272095,0.40824830532073975,0.5773502588272095,0.5773502588272095,0.6666666865348816,0.5773502588272095,0.5773502588272095,0.5773502588272095,0.5773502588272095,0.5773502588272095,0.5773502588272095,0.40824830532073975,0.40824830532073975,0.5773502588272095,0.866025447845459,0.40824830532073975,0.40824830532073975,0.866025447845459,0.5773502588272095,0.40824830532073975,0.40824830532073975,0.40824830532073975,0.40824830532073975,0.28867512941360474,0.28867512941360474,0.28867512941360474,0.3333333432674408,0.0,0.0,0.0,0.0,0.0,0.0,0.28867512941360474,0.0,0.0,0.0,0.0,0.0,0.0,0.28867512941360474,0.3333333432674408,0.0,0.0,0.0,0.0,0.0,0.0,0.0,0.0,0.0,0.0,0.28867512941360474,0.0,0.0,0.0,0.0,0.0,0.3333333432674408,0.3333333432674408,0.3333333432674408,0.40824830532073975,0.0,0.0,0.0,0.0,0.0,0.0,0.0,0.0,0.40824830532073975,0.3333333432674408,0.0,0.0,0.0,0.0,0.0,0.0,0.0,0.0,0.0,0.28867512941360474,0.28867512941360474,0.0,0.0,0.0,0.0,0.0,0.0,0.0,0.0,0.0,0.0,0.0,0.6666666865348816,0.6666666865348816,0.40824830532073975,0.40824830532073975,0.0,0.0,0.0,0.0
RIFL,0.0,0.0,0.0,0.0,0.0,0.0,0.0,0.0,0.0,0.0,0.0,0.0,0.0,0.0,0.0,0.0,0.0,0.0,0.0,0.0,0.7071067690849304,0.7071067690849304,0.5000000596046448,0.5000000596046448,0.7071067690849304,0.7071067690849304,0.7071067690849304,0.7071067690849304,0.7071067690849304,0.7071067690849304,0.7071067690849304,0.7071067690849304,0.7071067690849304,0.7071067690849304,0.7071067690849304,0.7071067690849304,0.7071067690849304,0.7071067690849304,0.7071067690849304,0.7071067690849304,0.7071067690849304,0.7071067690849304,0.7071067690849304,0.7071067690849304,0.5000000596046448,0.5000000596046448,0.5000000596046448,0.5000000596046448,0.5000000596046448,0.5000000596046448,0.5000000596046448,0.5000000596046448,0.5000000596046448,0.5000000596046448,0.5000000596046448,0.5000000596046448,0.5000000596046448,0.5000000596046448,0.5000000596046448,0.5000000596046448,0.7071067690849304,0.7071067690849304,0.8164966106414795,0.0,0.0,0.0,0.5000000596046448,0.5000000596046448,0.5773502588272095,0.5773502588272095,0.7071067690849304,0.7071067690849304,0.0,0.0,0.5000000596046448,0.5000000596046448,0.5000000596046448,0.5000000596046448,0.5000000596046448,0.5000000596046448,0.5000000596046448,0.5000000596046448,0.8164966106414795,0.0,0.5000000596046448,0.5000000596046448,0.0,0.0,0.0,0.0,0.0,0.0,0.0,0.0,0.5000000596046448,0.5000000596046448,0.5000000596046448,0.5000000596046448,0.7071067690849304,0.7071067690849304,0.7071067690849304,1.0000001192092896,1.0000001192092896,0.8164966106414795,0.8164966106414795,1.0000001192092896,1.0000001192092896,0.8164966106414795,0.8164966106414795,0.5000000596046448,0.5000000596046448,0.7071067690849304,0.7071067690849304,1.0000001192092896,1.0000001192092896,0.3162277638912201,0.7071067690849304,0.7071067690849304,0.0,0.0,0.40824830532073975,0.40824830532073975,1.0000001192092896,1.0000001192092896,0.8164966106414795,0.8164966106414795,0.8164966106414795,0.8164966106414795,1.0,1.0000001192092896,1.0000001192092896,1.0000001192092896,0.7071067690849304,0.7071067690849304,1.0000001192092896,0.8164966106414795,0.8164966106414795,0.7071067690849304,0.7071067690849304,0.40824830532073975,0.7071067690849304,0.7071067690849304,0.7071067690849304,0.7071067690849304,0.7071067690849304,0.7071067690849304,0.8164966106414795,0.0,0.7071067690849304,0.7071067690849304,0.7071067690849304,0.7071067690849304,0.7071067690849304,0.7071067690849304,0.7071067690849304,0.4714045524597168,0.7071067690849304,0.0,0.0,0.7071067690849304,0.7071067690849304,0.7071067690849304,0.8164966106414795,0.8164966106414795,0.7071067690849304,0.7071067690849304,0.8164966106414795,0.8164966106414795,0.8164966106414795,0.8164966106414795,0.0,0.0,0.5000000596046448,0.5000000596046448,0.6324555277824402,0.6324555277824402,0.3535533845424652,0.40824830532073975,0.40824830532073975,0.8164966106414795,0.8164966106414795,0.5000000596046448,0.5000000596046448,0.5000000596046448,0.5000000596046448,0.5000000596046448,0.5000000596046448,0.5000000596046448,0.5000000596046448,0.7071067690849304,0.7071067690849304,0.7071067690849304,0.7071067690849304,0.40824830532073975,0.40824830532073975,1.0000001192092896,1.0000001192092896,0.7071067690849304,0.7071067690849304,0.7071067690849304,0.7071067690849304,0.5000000596046448,0.7071067690849304,0.7071067690849304,0.8164966106414795,0.7071067690849304,0.7071067690849304,0.7071067690849304,0.7071067690849304,0.7071067690849304,0.7071067690849304,0.5000000596046448,0.5000000596046448,0.7071067690849304,0.7071067690849304,0.5000000596046448,0.5000000596046448,0.7071067690849304,0.7071067690849304,0.5000000596046448,0.5000000596046448,0.5000000596046448,0.5000000596046448,0.3535533845424652,0.3535533845424652,0.3535533845424652,0.40824830532073975,0.0,0.0,0.0,0.0,0.0,0.0,0.3535533845424652,0.0,0.0,0.0,0.0,0.0,0.0,0.3535533845424652,0.40824830532073975,0.0,0.0,0.0,0.0,0.0,0.0,0.0,0.0,0.0,0.0,0.3535533845424652,0.0,0.0,0.0,0.0,0.0,0.40824830532073975,0.40824830532073975,0.40824830532073975,0.5000000596046448,0.0,0.0,0.0,0.0,0.0,0.0,0.0,0.0,0.5000000596046448,0.40824830532073975,0.0,0.0,0.0,0.0,0.0,0.0,0.0,0.0,0.0,0.3535533845424652,0.3535533845424652,0.0,0.0,0.0,0.0,0.0,0.0,0.0,0.0,0.0,0.0,0.0,0.8164966106414795,0.8164966106414795,0.5000000596046448,0.5000000596046448,0.0,0.0,0.0,0.0
RIFR,0.0,0.0,0.0,0.0,0.0,0.0,0.0,0.0,0.0,0.0,0.0,0.0,0.0,0.0,0.0,0.0,0.0,0.0,0.0,0.0,0.7071067690849304,0.7071067690849304,0.5000000596046448,0.5000000596046448,0.7071067690849304,0.7071067690849304,0.7071067690849304,0.7071067690849304,0.7071067690849304,0.7071067690849304,0.7071067690849304,0.7071067690849304,0.7071067690849304,0.7071067690849304,0.7071067690849304,0.7071067690849304,0.7071067690849304,0.7071067690849304,0.7071067690849304,0.7071067690849304,0.7071067690849304,0.7071067690849304,0.7071067690849304,0.7071067690849304,0.5000000596046448,0.5000000596046448,0.5000000596046448,0.5000000596046448,0.5000000596046448,0.5000000596046448,0.5000000596046448,0.5000000596046448,0.5000000596046448,0.5000000596046448,0.5000000596046448,0.5000000596046448,0.5000000596046448,0.5000000596046448,0.5000000596046448,0.5000000596046448,0.7071067690849304,0.7071067690849304,0.8164966106414795,0.0,0.0,0.0,0.5000000596046448,0.5000000596046448,0.5773502588272095,0.5773502588272095,0.7071067690849304,0.7071067690849304,0.0,0.0,0.5000000596046448,0.5000000596046448,0.5000000596046448,0.5000000596046448,0.5000000596046448,0.5000000596046448,0.5000000596046448,0.5000000596046448,0.8164966106414795,0.0,0.5000000596046448,0.5000000596046448,0.0,0.0,0.0,0.0,0.0,0.0,0.0,0.0,0.5000000596046448,0.5000000596046448,0.5000000596046448,0.5000000596046448,0.7071067690849304,0.7071067690849304,0.7071067690849304,1.0000001192092896,1.0000001192092896,0.8164966106414795,0.8164966106414795,1.0000001192092896,1.0000001192092896,0.8164966106414795,0.8164966106414795,0.5000000596046448,0.5000000596046448,0.7071067690849304,0.7071067690849304,1.0000001192092896,1.0000001192092896,0.3162277638912201,0.7071067690849304,0.7071067690849304,0.0,0.0,0.40824830532073975,0.40824830532073975,1.0000001192092896,1.0000001192092896,0.8164966106414795,0.8164966106414795,0.8164966106414795,0.8164966106414795,1.0000001192092896,1.0,1.0000001192092896,1.0000001192092896,0.7071067690849304,0.7071067690849304,1.0000001192092896,0.8164966106414795,0.8164966106414795,0.7071067690849304,0.7071067690849304,0.40824830532073975,0.7071067690849304,0.7071067690849304,0.7071067690849304,0.7071067690849304,0.7071067690849304,0.7071067690849304,0.8164966106414795,0.0,0.7071067690849304,0.7071067690849304,0.7071067690849304,0.7071067690849304,0.7071067690849304,0.7071067690849304,0.7071067690849304,0.4714045524597168,0.7071067690849304,0.0,0.0,0.7071067690849304,0.7071067690849304,0.7071067690849304,0.8164966106414795,0.8164966106414795,0.7071067690849304,0.7071067690849304,0.8164966106414795,0.8164966106414795,0.8164966106414795,0.8164966106414795,0.0,0.0,0.5000000596046448,0.5000000596046448,0.6324555277824402,0.6324555277824402,0.3535533845424652,0.40824830532073975,0.40824830532073975,0.8164966106414795,0.8164966106414795,0.5000000596046448,0.5000000596046448,0.5000000596046448,0.5000000596046448,0.5000000596046448,0.5000000596046448,0.5000000596046448,0.5000000596046448,0.7071067690849304,0.7071067690849304,0.7071067690849304,0.7071067690849304,0.40824830532073975,0.40824830532073975,1.0000001192092896,1.0000001192092896,0.7071067690849304,0.7071067690849304,0.7071067690849304,0.7071067690849304,0.5000000596046448,0.7071067690849304,0.7071067690849304,0.8164966106414795,0.7071067690849304,0.7071067690849304,0.7071067690849304,0.7071067690849304,0.7071067690849304,0.7071067690849304,0.5000000596046448,0.5000000596046448,0.7071067690849304,0.7071067690849304,0.5000000596046448,0.5000000596046448,0.7071067690849304,0.7071067690849304,0.5000000596046448,0.5000000596046448,0.5000000596046448,0.5000000596046448,0.3535533845424652,0.3535533845424652,0.3535533845424652,0.40824830532073975,0.0,0.0,0.0,0.0,0.0,0.0,0.3535533845424652,0.0,0.0,0.0,0.0,0.0,0.0,0.3535533845424652,0.40824830532073975,0.0,0.0,0.0,0.0,0.0,0.0,0.0,0.0,0.0,0.0,0.3535533845424652,0.0,0.0,0.0,0.0,0.0,0.40824830532073975,0.40824830532073975,0.40824830532073975,0.5000000596046448,0.0,0.0,0.0,0.0,0.0,0.0,0.0,0.0,0.5000000596046448,0.40824830532073975,0.0,0.0,0.0,0.0,0.0,0.0,0.0,0.0,0.0,0.3535533845424652,0.3535533845424652,0.0,0.0,0.0,0.0,0.0,0.0,0.0,0.0,0.0,0.0,0.0,0.8164966106414795,0.8164966106414795,0.5000000596046448,0.5000000596046448,0.0,0.0,0.0,0.0
RIGL,0.0,0.0,0.0,0.0,0.0,0.0,0.0,0.0,0.0,0.0,0.0,0.0,0.0,0.0,0.0,0.0,0.0,0.0,0.0,0.0,0.7071067690849304,0.7071067690849304,0.5000000596046448,0.5000000596046448,0.7071067690849304,0.7071067690849304,0.7071067690849304,0.7071067690849304,0.7071067690849304,0.7071067690849304,0.7071067690849304,0.7071067690849304,0.7071067690849304,0.7071067690849304,0.7071067690849304,0.7071067690849304,0.7071067690849304,0.7071067690849304,0.7071067690849304,0.7071067690849304,0.7071067690849304,0.7071067690849304,0.7071067690849304,0.7071067690849304,0.5000000596046448,0.5000000596046448,0.5000000596046448,0.5000000596046448,0.5000000596046448,0.5000000596046448,0.5000000596046448,0.5000000596046448,0.5000000596046448,0.5000000596046448,0.5000000596046448,0.5000000596046448,0.5000000596046448,0.5000000596046448,0.5000000596046448,0.5000000596046448,0.7071067690849304,0.7071067690849304,0.8164966106414795,0.0,0.0,0.0,0.5000000596046448,0.5000000596046448,0.5773502588272095,0.5773502588272095,0.7071067690849304,0.7071067690849304,0.0,0.0,0.5000000596046448,0.5000000596046448,0.5000000596046448,0.5000000596046448,0.5000000596046448,0.5000000596046448,0.5000000596046448,0.5000000596046448,0.8164966106414795,0.0,0.5000000596046448,0.5000000596046448,0.0,0.0,0.0,0.0,0.0,0.0,0.0,0.0,0.5000000596046448,0.5000000596046448,0.5000000596046448,0.5000000596046448,0.7071067690849304,0.7071067690849304,0.7071067690849304,1.0000001192092896,1.0000001192092896,0.8164966106414795,0.8164966106414795,1.0000001192092896,1.0000001192092896,0.8164966106414795,0.8164966106414795,0.5000000596046448,0.5000000596046448,0.7071067690849304,0.7071067690849304,1.0000001192092896,1.0000001192092896,0.3162277638912201,0.7071067690849304,0.7071067690849304,0.0,0.0,0.40824830532073975,0.40824830532073975,1.0000001192092896,1.0000001192092896,0.8164966106414795,0.8164966106414795,0.8164966106414795,0.8164966106414795,1.0000001192092896,1.0000001192092896,1.0,1.0000001192092896,0.7071067690849304,0.7071067690849304,1.0000001192092896,0.8164966106414795,0.8164966106414795,0.7071067690849304,0.7071067690849304,0.40824830532073975,0.7071067690849304,0.7071067690849304,0.7071067690849304,0.7071067690849304,0.7071067690849304,0.7071067690849304,0.8164966106414795,0.0,0.7071067690849304,0.7071067690849304,0.7071067690849304,0.7071067690849304,0.7071067690849304,0.7071067690849304,0.7071067690849304,0.4714045524597168,0.7071067690849304,0.0,0.0,0.7071067690849304,0.7071067690849304,0.7071067690849304,0.8164966106414795,0.8164966106414795,0.7071067690849304,0.7071067690849304,0.8164966106414795,0.8164966106414795,0.8164966106414795,0.8164966106414795,0.0,0.0,0.5000000596046448,0.5000000596046448,0.6324555277824402,0.6324555277824402,0.3535533845424652,0.40824830532073975,0.40824830532073975,0.8164966106414795,0.8164966106414795,0.5000000596046448,0.5000000596046448,0.5000000596046448,0.5000000596046448,0.5000000596046448,0.5000000596046448,0.5000000596046448,0.5000000596046448,0.7071067690849304,0.7071067690849304,0.7071067690849304,0.7071067690849304,0.40824830532073975,0.40824830532073975,1.0000001192092896,1.0000001192092896,0.7071067690849304,0.7071067690849304,0.7071067690849304,0.7071067690849304,0.5000000596046448,0.7071067690849304,0.7071067690849304,0.8164966106414795,0.7071067690849304,0.7071067690849304,0.7071067690849304,0.7071067690849304,0.7071067690849304,0.7071067690849304,0.5000000596046448,0.5000000596046448,0.7071067690849304,0.7071067690849304,0.5000000596046448,0.5000000596046448,0.7071067690849304,0.7071067690849304,0.5000000596046448,0.5000000596046448,0.5000000596046448,0.5000000596046448,0.3535533845424652,0.3535533845424652,0.3535533845424652,0.40824830532073975,0.0,0.0,0.0,0.0,0.0,0.0,0.3535533845424652,0.0,0.0,0.0,0.0,0.0,0.0,0.3535533845424652,0.40824830532073975,0.0,0.0,0.0,0.0,0.0,0.0,0.0,0.0,0.0,0.0,0.3535533845424652,0.0,0.0,0.0,0.0,0.0,0.40824830532073975,0.40824830532073975,0.40824830532073975,0.5000000596046448,0.0,0.0,0.0,0.0,0.0,0.0,0.0,0.0,0.5000000596046448,0.40824830532073975,0.0,0.0,0.0,0.0,0.0,0.0,0.0,0.0,0.0,0.3535533845424652,0.3535533845424652,0.0,0.0,0.0,0.0,0.0,0.0,0.0,0.0,0.0,0.0,0.0,0.8164966106414795,0.8164966106414795,0.5000000596046448,0.5000000596046448,0.0,0.0,0.0,0.0
RIGR,0.0,0.0,0.0,0.0,0.0,0.0,0.0,0.0,0.0,0.0,0.0,0.0,0.0,0.0,0.0,0.0,0.0,0.0,0.0,0.0,0.7071067690849304,0.7071067690849304,0.5000000596046448,0.5000000596046448,0.7071067690849304,0.7071067690849304,0.7071067690849304,0.7071067690849304,0.7071067690849304,0.7071067690849304,0.7071067690849304,0.7071067690849304,0.7071067690849304,0.7071067690849304,0.7071067690849304,0.7071067690849304,0.7071067690849304,0.7071067690849304,0.7071067690849304,0.7071067690849304,0.7071067690849304,0.7071067690849304,0.7071067690849304,0.7071067690849304,0.5000000596046448,0.5000000596046448,0.5000000596046448,0.5000000596046448,0.5000000596046448,0.5000000596046448,0.5000000596046448,0.5000000596046448,0.5000000596046448,0.5000000596046448,0.5000000596046448,0.5000000596046448,0.5000000596046448,0.5000000596046448,0.5000000596046448,0.5000000596046448,0.7071067690849304,0.7071067690849304,0.8164966106414795,0.0,0.0,0.0,0.5000000596046448,0.5000000596046448,0.5773502588272095,0.5773502588272095,0.7071067690849304,0.7071067690849304,0.0,0.0,0.5000000596046448,0.5000000596046448,0.5000000596046448,0.5000000596046448,0.5000000596046448,0.5000000596046448,0.5000000596046448,0.5000000596046448,0.8164966106414795,0.0,0.5000000596046448,0.5000000596046448,0.0,0.0,0.0,0.0,0.0,0.0,0.0,0.0,0.5000000596046448,0.5000000596046448,0.5000000596046448,0.5000000596046448,0.7071067690849304,0.7071067690849304,0.7071067690849304,1.0000001192092896,1.0000001192092896,0.8164966106414795,0.8164966106414795,1.0000001192092896,1.0000001192092896,0.8164966106414795,0.8164966106414795,0.5000000596046448,0.5000000596046448,0.7071067690849304,0.7071067690849304,1.0000001192092896,1.0000001192092896,0.3162277638912201,0.7071067690849304,0.7071067690849304,0.0,0.0,0.40824830532073975,0.40824830532073975,1.0000001192092896,1.0000001192092896,0.8164966106414795,0.8164966106414795,0.8164966106414795,0.8164966106414795,1.0000001192092896,1.0000001192092896,1.0000001192092896,1.0,0.7071067690849304,0.7071067690849304,1.0000001192092896,0.8164966106414795,0.8164966106414795,0.7071067690849304,0.7071067690849304,0.40824830532073975,0.7071067690849304,0.7071067690849304,0.7071067690849304,0.7071067690849304,0.7071067690849304,0.7071067690849304,0.8164966106414795,0.0,0.7071067690849304,0.7071067690849304,0.7071067690849304,0.7071067690849304,0.7071067690849304,0.7071067690849304,0.7071067690849304,0.4714045524597168,0.7071067690849304,0.0,0.0,0.7071067690849304,0.7071067690849304,0.7071067690849304,0.8164966106414795,0.8164966106414795,0.7071067690849304,0.7071067690849304,0.8164966106414795,0.8164966106414795,0.8164966106414795,0.8164966106414795,0.0,0.0,0.5000000596046448,0.5000000596046448,0.6324555277824402,0.6324555277824402,0.3535533845424652,0.40824830532073975,0.40824830532073975,0.8164966106414795,0.8164966106414795,0.5000000596046448,0.5000000596046448,0.5000000596046448,0.5000000596046448,0.5000000596046448,0.5000000596046448,0.5000000596046448,0.5000000596046448,0.7071067690849304,0.7071067690849304,0.7071067690849304,0.7071067690849304,0.40824830532073975,0.40824830532073975,1.0000001192092896,1.0000001192092896,0.7071067690849304,0.7071067690849304,0.7071067690849304,0.7071067690849304,0.5000000596046448,0.7071067690849304,0.7071067690849304,0.8164966106414795,0.7071067690849304,0.7071067690849304,0.7071067690849304,0.7071067690849304,0.7071067690849304,0.7071067690849304,0.5000000596046448,0.5000000596046448,0.7071067690849304,0.7071067690849304,0.5000000596046448,0.5000000596046448,0.7071067690849304,0.7071067690849304,0.5000000596046448,0.5000000596046448,0.5000000596046448,0.5000000596046448,0.3535533845424652,0.3535533845424652,0.3535533845424652,0.40824830532073975,0.0,0.0,0.0,0.0,0.0,0.0,0.3535533845424652,0.0,0.0,0.0,0.0,0.0,0.0,0.3535533845424652,0.40824830532073975,0.0,0.0,0.0,0.0,0.0,0.0,0.0,0.0,0.0,0.0,0.3535533845424652,0.0,0.0,0.0,0.0,0.0,0.40824830532073975,0.40824830532073975,0.40824830532073975,0.5000000596046448,0.0,0.0,0.0,0.0,0.0,0.0,0.0,0.0,0.5000000596046448,0.40824830532073975,0.0,0.0,0.0,0.0,0.0,0.0,0.0,0.0,0.0,0.3535533845424652,0.3535533845424652,0.0,0.0,0.0,0.0,0.0,0.0,0.0,0.0,0.0,0.0,0.0,0.8164966106414795,0.8164966106414795,0.5000000596046448,0.5000000596046448,0.0,0.0,0.0,0.0
RIH,0.0,0.0,0.0,0.0,0.0,0.0,0.0,0.0,0.0,0.0,0.0,0.0,0.0,0.0,0.0,0.0,0.0,0.0,0.0,0.0,0.5,0.5,0.7071067690849304,0.7071067690849304,0.5,0.5,0.5,0.5,0.5,0.5,0.5,0.5,0.5,0.5,0.5,0.5,0.5,0.5,0.5,0.5,0.5,0.5,0.5,0.5,0.7071067690849304,0.7071067690849304,0.7071067690849304,0.7071067690849304,0.7071067690849304,0.7071067690849304,0.7071067690849304,0.7071067690849304,0.7071067690849304,0.7071067690849304,0.7071067690849304,0.7071067690849304,0.7071067690849304,0.7071067690849304,0.7071067690849304,0.7071067690849304,1.0,1.0,0.5773502588272095,0.0,0.0,0.0,0.7071067690849304,0.7071067690849304,0.40824827551841736,0.40824827551841736,0.5,0.5,0.0,0.0,0.7071067690849304,0.7071067690849304,0.7071067690849304,0.7071067690849304,0.7071067690849304,0.7071067690849304,0.7071067690849304,0.7071067690849304,0.5773502588272095,0.0,0.7071067690849304,0.7071067690849304,0.0,0.0,0.0,0.0,0.0,0.0,0.0,0.0,0.7071067690849304,0.7071067690849304,0.7071067690849304,0.7071067690849304,0.5,0.5,0.5,0.7071067690849304,0.7071067690849304,0.5773502588272095,0.5773502588272095,0.7071067690849304,0.7071067690849304,0.5773502588272095,0.5773502588272095,0.7071067690849304,0.7071067690849304,1.0,1.0,0.7071067690849304,0.7071067690849304,0.4472135901451111,0.5,0.5,0.0,0.0,0.5773502588272095,0.5773502588272095,0.7071067690849304,0.7071067690849304,0.5773502588272095,0.5773502588272095,0.5773502588272095,0.5773502588272095,0.7071067690849304,0.7071067690849304,0.7071067690849304,0.7071067690849304,1.0,1.0,0.7071067690849304,0.5773502588272095,0.5773502588272095,0.5,0.5,0.0,0.5,0.5,0.5,0.5,0.5,0.5,0.5773502588272095,0.0,0.5,0.5,0.5,0.5,0.5,0.5,0.5,0.3333333432674408,0.5,0.0,0.0,0.5,0.5,0.5,0.5773502588272095,0.5773502588272095,0.5,0.5,0.5773502588272095,0.5773502588272095,0.5773502588272095,0.5773502588272095,0.0,0.0,0.7071067690849304,0.7071067690849304,0.4472135901451111,0.4472135901451111,0.0,0.0,0.0,0.5773502588272095,0.5773502588272095,0.7071067690849304,0.7071067690849304,0.7071067690849304,0.7071067690849304,0.7071067690849304,0.7071067690849304,0.7071067690849304,0.7071067690849304,0.5,0.5,0.5,0.5,0.5773502588272095,0.5773502588272095,0.7071067690849304,0.7071067690849304,1.0,1.0,1.0,1.0,0.7071067690849304,1.0,1.0,0.5773502588272095,1.0,1.0,1.0,1.0,1.0,1.0,0.7071067690849304,0.7071067690849304,0.5,0.5,0.7071067690849304,0.7071067690849304,0.5,0.5,0.7071067690849304,0.7071067690849304,0.7071067690849304,0.7071067690849304,0.0,0.0,0.0,0.0,0.0,0.0,0.0,0.0,0.0,0.0,0.0,0.0,0.0,0.0,0.0,0.0,0.0,0.0,0.0,0.0,0.0,0.0,0.0,0.0,0.0,0.0,0.0,0.0,0.0,0.0,0.0,0.0,0.0,0.0,0.0,0.0,0.0,0.0,0.0,0.0,0.0,0.0,0.0,0.0,0.0,0.0,0.0,0.0,0.0,0.0,0.0,0.0,0.0,0.0,0.0,0.0,0.0,0.0,0.0,0.0,0.0,0.0,0.0,0.0,0.0,0.0,0.0,0.0,0.0,0.0,0.0,0.5773502588272095,0.5773502588272095,0.0,0.0,0.0,0.0,0.0,0.0
RIR,0.0,0.0,0.0,0.0,0.0,0.0,0.0,0.0,0.0,0.0,0.0,0.0,0.0,0.0,0.0,0.0,0.0,0.0,0.0,0.0,0.5,0.5,0.7071067690849304,0.7071067690849304,0.5,0.5,0.5,0.5,0.5,0.5,0.5,0.5,0.5,0.5,0.5,0.5,0.5,0.5,0.5,0.5,0.5,0.5,0.5,0.5,0.7071067690849304,0.7071067690849304,0.7071067690849304,0.7071067690849304,0.7071067690849304,0.7071067690849304,0.7071067690849304,0.7071067690849304,0.7071067690849304,0.7071067690849304,0.7071067690849304,0.7071067690849304,0.7071067690849304,0.7071067690849304,0.7071067690849304,0.7071067690849304,1.0,1.0,0.5773502588272095,0.0,0.0,0.0,0.7071067690849304,0.7071067690849304,0.40824827551841736,0.40824827551841736,0.5,0.5,0.0,0.0,0.7071067690849304,0.7071067690849304,0.7071067690849304,0.7071067690849304,0.7071067690849304,0.7071067690849304,0.7071067690849304,0.7071067690849304,0.5773502588272095,0.0,0.7071067690849304,0.7071067690849304,0.0,0.0,0.0,0.0,0.0,0.0,0.0,0.0,0.7071067690849304,0.7071067690849304,0.7071067690849304,0.7071067690849304,0.5,0.5,0.5,0.7071067690849304,0.7071067690849304,0.5773502588272095,0.5773502588272095,0.7071067690849304,0.7071067690849304,0.5773502588272095,0.5773502588272095,0.7071067690849304,0.7071067690849304,1.0,1.0,0.7071067690849304,0.7071067690849304,0.4472135901451111,0.5,0.5,0.0,0.0,0.5773502588272095,0.5773502588272095,0.7071067690849304,0.7071067690849304,0.5773502588272095,0.5773502588272095,0.5773502588272095,0.5773502588272095,0.7071067690849304,0.7071067690849304,0.7071067690849304,0.7071067690849304,1.0,1.0,0.7071067690849304,0.5773502588272095,0.5773502588272095,0.5,0.5,0.0,0.5,0.5,0.5,0.5,0.5,0.5,0.5773502588272095,0.0,0.5,0.5,0.5,0.5,0.5,0.5,0.5,0.3333333432674408,0.5,0.0,0.0,0.5,0.5,0.5,0.5773502588272095,0.5773502588272095,0.5,0.5,0.5773502588272095,0.5773502588272095,0.5773502588272095,0.5773502588272095,0.0,0.0,0.7071067690849304,0.7071067690849304,0.4472135901451111,0.4472135901451111,0.0,0.0,0.0,0.5773502588272095,0.5773502588272095,0.7071067690849304,0.7071067690849304,0.7071067690849304,0.7071067690849304,0.7071067690849304,0.7071067690849304,0.7071067690849304,0.7071067690849304,0.5,0.5,0.5,0.5,0.5773502588272095,0.5773502588272095,0.7071067690849304,0.7071067690849304,1.0,1.0,1.0,1.0,0.7071067690849304,1.0,1.0,0.5773502588272095,1.0,1.0,1.0,1.0,1.0,1.0,0.7071067690849304,0.7071067690849304,0.5,0.5,0.7071067690849304,0.7071067690849304,0.5,0.5,0.7071067690849304,0.7071067690849304,0.7071067690849304,0.7071067690849304,0.0,0.0,0.0,0.0,0.0,0.0,0.0,0.0,0.0,0.0,0.0,0.0,0.0,0.0,0.0,0.0,0.0,0.0,0.0,0.0,0.0,0.0,0.0,0.0,0.0,0.0,0.0,0.0,0.0,0.0,0.0,0.0,0.0,0.0,0.0,0.0,0.0,0.0,0.0,0.0,0.0,0.0,0.0,0.0,0.0,0.0,0.0,0.0,0.0,0.0,0.0,0.0,0.0,0.0,0.0,0.0,0.0,0.0,0.0,0.0,0.0,0.0,0.0,0.0,0.0,0.0,0.0,0.0,0.0,0.0,0.0,0.5773502588272095,0.5773502588272095,0.0,0.0,0.0,0.0,0.0,0.0
RIS,0.0,0.0,0.0,0.0,0.0,0.0,0.0,0.0,0.0,0.0,0.0,0.0,0.0,0.0,0.0,0.0,0.0,0.0,0.0,0.0,0.7071067690849304,0.7071067690849304,0.5000000596046448,0.5000000596046448,0.7071067690849304,0.7071067690849304,0.7071067690849304,0.7071067690849304,0.7071067690849304,0.7071067690849304,0.7071067690849304,0.7071067690849304,0.7071067690849304,0.7071067690849304,0.7071067690849304,0.7071067690849304,0.7071067690849304,0.7071067690849304,0.7071067690849304,0.7071067690849304,0.7071067690849304,0.7071067690849304,0.7071067690849304,0.7071067690849304,0.5000000596046448,0.5000000596046448,0.5000000596046448,0.5000000596046448,0.5000000596046448,0.5000000596046448,0.5000000596046448,0.5000000596046448,0.5000000596046448,0.5000000596046448,0.5000000596046448,0.5000000596046448,0.5000000596046448,0.5000000596046448,0.5000000596046448,0.5000000596046448,0.7071067690849304,0.7071067690849304,0.8164966106414795,0.0,0.0,0.0,0.5000000596046448,0.5000000596046448,0.5773502588272095,0.5773502588272095,0.7071067690849304,0.7071067690849304,0.0,0.0,0.5000000596046448,0.5000000596046448,0.5000000596046448,0.5000000596046448,0.5000000596046448,0.5000000596046448,0.5000000596046448,0.5000000596046448,0.8164966106414795,0.0,0.5000000596046448,0.5000000596046448,0.0,0.0,0.0,0.0,0.0,0.0,0.0,0.0,0.5000000596046448,0.5000000596046448,0.5000000596046448,0.5000000596046448,0.7071067690849304,0.7071067690849304,0.7071067690849304,1.0000001192092896,1.0000001192092896,0.8164966106414795,0.8164966106414795,1.0000001192092896,1.0000001192092896,0.8164966106414795,0.8164966106414795,0.5000000596046448,0.5000000596046448,0.7071067690849304,0.7071067690849304,1.0000001192092896,1.0000001192092896,0.3162277638912201,0.7071067690849304,0.7071067690849304,0.0,0.0,0.40824830532073975,0.40824830532073975,1.0000001192092896,1.0000001192092896,0.8164966106414795,0.8164966106414795,0.8164966106414795,0.8164966106414795,1.0000001192092896,1.0000001192092896,1.0000001192092896,1.0000001192092896,0.7071067690849304,0.7071067690849304,1.0,0.8164966106414795,0.8164966106414795,0.7071067690849304,0.7071067690849304,0.40824830532073975,0.7071067690849304,0.7071067690849304,0.7071067690849304,0.7071067690849304,0.7071067690849304,0.7071067690849304,0.8164966106414795,0.0,0.7071067690849304,0.7071067690849304,0.7071067690849304,0.7071067690849304,0.7071067690849304,0.7071067690849304,0.7071067690849304,0.4714045524597168,0.7071067690849304,0.0,0.0,0.7071067690849304,0.7071067690849304,0.7071067690849304,0.8164966106414795,0.8164966106414795,0.7071067690849304,0.7071067690849304,0.8164966106414795,0.8164966106414795,0.8164966106414795,0.8164966106414795,0.0,0.0,0.5000000596046448,0.5000000596046448,0.6324555277824402,0.6324555277824402,0.3535533845424652,0.40824830532073975,0.40824830532073975,0.8164966106414795,0.8164966106414795,0.5000000596046448,0.5000000596046448,0.5000000596046448,0.5000000596046448,0.5000000596046448,0.5000000596046448,0.5000000596046448,0.5000000596046448,0.7071067690849304,0.7071067690849304,0.7071067690849304,0.7071067690849304,0.40824830532073975,0.40824830532073975,1.0000001192092896,1.0000001192092896,0.7071067690849304,0.7071067690849304,0.7071067690849304,0.7071067690849304,0.5000000596046448,0.7071067690849304,0.7071067690849304,0.8164966106414795,0.7071067690849304,0.7071067690849304,0.7071067690849304,0.7071067690849304,0.7071067690849304,0.7071067690849304,0.5000000596046448,0.5000000596046448,0.7071067690849304,0.7071067690849304,0.5000000596046448,0.5000000596046448,0.7071067690849304,0.7071067690849304,0.5000000596046448,0.5000000596046448,0.5000000596046448,0.5000000596046448,0.3535533845424652,0.3535533845424652,0.3535533845424652,0.40824830532073975,0.0,0.0,0.0,0.0,0.0,0.0,0.3535533845424652,0.0,0.0,0.0,0.0,0.0,0.0,0.3535533845424652,0.40824830532073975,0.0,0.0,0.0,0.0,0.0,0.0,0.0,0.0,0.0,0.0,0.3535533845424652,0.0,0.0,0.0,0.0,0.0,0.40824830532073975,0.40824830532073975,0.40824830532073975,0.5000000596046448,0.0,0.0,0.0,0.0,0.0,0.0,0.0,0.0,0.5000000596046448,0.40824830532073975,0.0,0.0,0.0,0.0,0.0,0.0,0.0,0.0,0.0,0.3535533845424652,0.3535533845424652,0.0,0.0,0.0,0.0,0.0,0.0,0.0,0.0,0.0,0.0,0.0,0.8164966106414795,0.8164966106414795,0.5000000596046448,0.5000000596046448,0.0,0.0,0.0,0.0
RMGL,0.0,0.0,0.0,0.0,0.0,0.0,0.0,0.0,0.0,0.0,0.0,0.0,0.0,0.0,0.0,0.0,0.0,0.0,0.0,0.0,0.5773502588272095,0.5773502588272095,0.40824830532073975,0.40824830532073975,0.5773502588272095,0.5773502588272095,0.5773502588272095,0.5773502588272095,0.5773502588272095,0.5773502588272095,0.5773502588272095,0.5773502588272095,0.5773502588272095,0.5773502588272095,0.5773502588272095,0.5773502588272095,0.5773502588272095,0.5773502588272095,0.5773502588272095,0.5773502588272095,0.5773502588272095,0.5773502588272095,0.5773502588272095,0.5773502588272095,0.40824830532073975,0.40824830532073975,0.40824830532073975,0.40824830532073975,0.40824830532073975,0.40824830532073975,0.40824830532073975,0.40824830532073975,0.40824830532073975,0.40824830532073975,0.40824830532073975,0.40824830532073975,0.40824830532073975,0.40824830532073975,0.40824830532073975,0.40824830532073975,0.5773502588272095,0.5773502588272095,0.6666666865348816,0.0,0.0,0.0,0.40824830532073975,0.40824830532073975,0.471404492855072,0.471404492855072,0.866025447845459,0.5773502588272095,0.0,0.0,0.40824830532073975,0.40824830532073975,0.40824830532073975,0.40824830532073975,0.40824830532073975,0.40824830532073975,0.40824830532073975,0.40824830532073975,0.6666666865348816,0.0,0.8164966106414795,0.40824830532073975,0.0,0.0,0.0,0.0,0.0,0.0,0.0,0.0,0.40824830532073975,0.40824830532073975,0.40824830532073975,0.40824830532073975,0.5773502588272095,0.5773502588272095,0.5773502588272095,0.8164966106414795,0.8164966106414795,0.6666666865348816,0.6666666865348816,0.8164966106414795,0.8164966106414795,0.6666666865348816,0.6666666865348816,0.8164966106414795,0.40824830532073975,0.5773502588272095,0.5773502588272095,0.8164966106414795,0.8164966106414795,0.25819888710975647,0.866025447845459,0.5773502588272095,0.0,0.0,0.3333333432674408,0.3333333432674408,0.8164966106414795,0.8164966106414795,0.6666666865348816,0.6666666865348816,0.6666666865348816,0.6666666865348816,0.8164966106414795,0.8164966106414795,0.8164966106414795,0.8164966106414795,0.5773502588272095,0.5773502588272095,0.8164966106414795,1.0,0.6666666865348816,0.5773502588272095,0.5773502588272095,0.3333333432674408,0.5773502588272095,0.5773502588272095,0.5773502588272095,0.5773502588272095,0.5773502588272095,0.5773502588272095,0.6666666865348816,0.0,0.5773502588272095,0.5773502588272095,0.5773502588272095,0.5773502588272095,0.5773502588272095,0.5773502588272095,0.5773502588272095,0.38490018248558044,0.5773502588272095,0.0,0.0,0.5773502588272095,0.5773502588272095,0.5773502588272095,0.6666666865348816,0.6666666865348816,0.5773502588272095,0.5773502588272095,0.6666666865348816,0.6666666865348816,0.6666666865348816,0.6666666865348816,0.0,0.0,0.40824830532073975,0.40824830532073975,0.5163977742195129,0.5163977742195129,0.28867512941360474,0.3333333432674408,0.3333333432674408,0.6666666865348816,0.6666666865348816,0.40824830532073975,0.40824830532073975,0.40824830532073975,0.40824830532073975,0.40824830532073975,0.40824830532073975,0.40824830532073975,0.40824830532073975,0.5773502588272095,0.5773502588272095,0.5773502588272095,0.5773502588272095,0.3333333432674408,0.3333333432674408,0.8164966106414795,0.8164966106414795,0.5773502588272095,0.5773502588272095,0.5773502588272095,0.5773502588272095,0.40824830532073975,0.5773502588272095,0.5773502588272095,0.6666666865348816,0.5773502588272095,0.5773502588272095,0.5773502588272095,0.5773502588272095,0.5773502588272095,0.5773502588272095,0.40824830532073975,0.40824830532073975,0.5773502588272095,0.5773502588272095,0.40824830532073975,0.40824830532073975,0.5773502588272095,0.5773502588272095,0.40824830532073975,0.40824830532073975,0.40824830532073975,0.40824830532073975,0.28867512941360474,0.28867512941360474,0.28867512941360474,0.3333333432674408,0.0,0.0,0.0,0.0,0.0,0.0,0.28867512941360474,0.0,0.0,0.0,0.0,0.0,0.0,0.28867512941360474,0.3333333432674408,0.0,0.0,0.0,0.0,0.0,0.0,0.0,0.0,0.0,0.0,0.28867512941360474,0.0,0.0,0.0,0.0,0.0,0.3333333432674408,0.3333333432674408,0.3333333432674408,0.40824830532073975,0.0,0.0,0.0,0.0,0.0,0.0,0.0,0.0,0.40824830532073975,0.3333333432674408,0.0,0.0,0.0,0.0,0.0,0.0,0.0,0.0,0.0,0.28867512941360474,0.28867512941360474,0.0,0.0,0.0,0.0,0.0,0.0,0.0,0.0,0.0,0.0,0.0,0.6666666865348816,0.6666666865348816,0.40824830532073975,0.40824830532073975,0.0,0.0,0.0,0.0
RMGR,0.0,0.0,0.0,0.0,0.0,0.0,0.0,0.0,0.0,0.0,0.0,0.0,0.0,0.0,0.0,0.0,0.0,0.0,0.0,0.0,0.5773502588272095,0.5773502588272095,0.40824830532073975,0.40824830532073975,0.5773502588272095,0.5773502588272095,0.5773502588272095,0.5773502588272095,0.5773502588272095,0.5773502588272095,0.5773502588272095,0.5773502588272095,0.5773502588272095,0.5773502588272095,0.5773502588272095,0.5773502588272095,0.5773502588272095,0.5773502588272095,0.5773502588272095,0.5773502588272095,0.5773502588272095,0.5773502588272095,0.5773502588272095,0.5773502588272095,0.40824830532073975,0.40824830532073975,0.40824830532073975,0.40824830532073975,0.40824830532073975,0.40824830532073975,0.40824830532073975,0.40824830532073975,0.40824830532073975,0.40824830532073975,0.40824830532073975,0.40824830532073975,0.40824830532073975,0.40824830532073975,0.40824830532073975,0.40824830532073975,0.5773502588272095,0.5773502588272095,0.6666666865348816,0.0,0.0,0.0,0.40824830532073975,0.40824830532073975,0.471404492855072,0.471404492855072,0.5773502588272095,0.866025447845459,0.0,0.0,0.40824830532073975,0.40824830532073975,0.40824830532073975,0.40824830532073975,0.40824830532073975,0.40824830532073975,0.40824830532073975,0.40824830532073975,1.0,0.0,0.40824830532073975,0.8164966106414795,0.0,0.0,0.0,0.0,0.0,0.0,0.0,0.0,0.40824830532073975,0.40824830532073975,0.40824830532073975,0.40824830532073975,0.5773502588272095,0.5773502588272095,0.5773502588272095,0.8164966106414795,0.8164966106414795,0.6666666865348816,0.6666666865348816,0.8164966106414795,0.8164966106414795,0.6666666865348816,0.6666666865348816,0.40824830532073975,0.8164966106414795,0.5773502588272095,0.5773502588272095,0.8164966106414795,0.8164966106414795,0.25819888710975647,0.5773502588272095,0.866025447845459,0.0,0.0,0.3333333432674408,0.3333333432674408,0.8164966106414795,0.8164966106414795,0.6666666865348816,0.6666666865348816,0.6666666865348816,0.6666666865348816,0.8164966106414795,0.8164966106414795,0.8164966106414795,0.8164966106414795,0.5773502588272095,0.5773502588272095,0.8164966106414795,0.6666666865348816,1.0,0.5773502588272095,0.5773502588272095,0.3333333432674408,0.5773502588272095,0.5773502588272095,0.5773502588272095,0.5773502588272095,0.5773502588272095,0.5773502588272095,0.6666666865348816,0.0,0.5773502588272095,0.5773502588272095,0.5773502588272095,0.5773502588272095,0.5773502588272095,0.5773502588272095,0.5773502588272095,0.38490018248558044,0.5773502588272095,0.0,0.0,0.5773502588272095,0.5773502588272095,0.5773502588272095,0.6666666865348816,0.6666666865348816,0.5773502588272095,0.5773502588272095,0.6666666865348816,0.6666666865348816,0.6666666865348816,0.6666666865348816,0.0,0.0,0.40824830532073975,0.40824830532073975,0.5163977742195129,0.5163977742195129,0.28867512941360474,0.3333333432674408,0.3333333432674408,0.6666666865348816,0.6666666865348816,0.40824830532073975,0.40824830532073975,0.40824830532073975,0.40824830532073975,0.40824830532073975,0.40824830532073975,0.40824830532073975,0.40824830532073975,0.5773502588272095,0.5773502588272095,0.5773502588272095,0.5773502588272095,0.3333333432674408,0.3333333432674408,0.8164966106414795,0.8164966106414795,0.5773502588272095,0.5773502588272095,0.5773502588272095,0.5773502588272095,0.40824830532073975,0.5773502588272095,0.5773502588272095,0.6666666865348816,0.5773502588272095,0.5773502588272095,0.5773502588272095,0.5773502588272095,0.5773502588272095,0.5773502588272095,0.40824830532073975,0.40824830532073975,0.5773502588272095,0.5773502588272095,0.40824830532073975,0.40824830532073975,0.5773502588272095,0.5773502588272095,0.40824830532073975,0.40824830532073975,0.40824830532073975,0.40824830532073975,0.28867512941360474,0.28867512941360474,0.28867512941360474,0.3333333432674408,0.0,0.0,0.0,0.0,0.0,0.0,0.28867512941360474,0.0,0.0,0.0,0.0,0.0,0.0,0.28867512941360474,0.3333333432674408,0.0,0.0,0.0,0.0,0.0,0.0,0.0,0.0,0.0,0.0,0.28867512941360474,0.0,0.0,0.0,0.0,0.0,0.3333333432674408,0.3333333432674408,0.3333333432674408,0.40824830532073975,0.0,0.0,0.0,0.0,0.0,0.0,0.0,0.0,0.40824830532073975,0.3333333432674408,0.0,0.0,0.0,0.0,0.0,0.0,0.0,0.0,0.0,0.28867512941360474,0.28867512941360474,0.0,0.0,0.0,0.0,0.0,0.0,0.0,0.0,0.0,0.0,0.0,0.6666666865348816,0.6666666865348816,0.40824830532073975,0.40824830532073975,0.0,0.0,0.0,0.0
AVFL,0.0,0.0,0.0,0.0,0.0,0.0,0.0,0.0,0.0,0.0,0.0,0.0,0.0,0.0,0.0,0.0,0.0,0.0,0.0,0.0,0.5,0.5,0.3535533845424652,0.3535533845424652,0.5,0.5,0.5,0.5,0.5,0.5,0.5,0.5,0.5,0.5,0.5,0.5,0.5,0.5,0.5,0.5,0.5,0.5,0.5,0.5,0.3535533845424652,0.3535533845424652,0.3535533845424652,0.3535533845424652,0.3535533845424652,0.3535533845424652,0.3535533845424652,0.3535533845424652,0.3535533845424652,0.3535533845424652,0.3535533845424652,0.3535533845424652,0.3535533845424652,0.3535533845424652,0.3535533845424652,0.3535533845424652,0.5,0.5,0.866025447845459,0.5,0.3535533845424652,0.3535533845424652,0.3535533845424652,0.3535533845424652,0.6123723983764648,0.6123723983764648,0.5,0.5,0.28867512941360474,0.28867512941360474,0.3535533845424652,0.3535533845424652,0.3535533845424652,0.3535533845424652,0.3535533845424652,0.3535533845424652,0.3535533845424652,0.3535533845424652,0.5773502588272095,0.7071067690849304,0.3535533845424652,0.3535533845424652,0.5,0.5,0.5,0.5,0.5,0.5,0.3535533845424652,0.3535533845424652,0.3535533845424652,0.3535533845424652,0.3535533845424652,0.3535533845424652,1.0,0.5,0.5,0.7071067690849304,0.7071067690849304,0.5773502588272095,0.5773502588272095,0.7071067690849304,0.7071067690849304,0.5773502588272095,0.5773502588272095,0.3535533845424652,0.3535533845424652,0.5,0.5,0.7071067690849304,0.7071067690849304,0.22360679507255554,0.5,0.5,0.0,0.0,0.28867512941360474,0.28867512941360474,0.7071067690849304,0.7071067690849304,0.5773502588272095,0.5773502588272095,0.5773502588272095,0.5773502588272095,0.7071067690849304,0.7071067690849304,0.7071067690849304,0.7071067690849304,0.5,0.5,0.7071067690849304,0.5773502588272095,0.5773502588272095,1.0,1.0,0.866025447845459,1.0,1.0,1.0,1.0,1.0,1.0,0.866025447845459,0.7071067690849304,1.0,1.0,1.0,1.0,1.0,1.0,1.0,0.6666666865348816,1.0,0.7071067690849304,0.7071067690849304,0.5,1.0,1.0,0.866025447845459,0.866025447845459,0.75,0.75,0.866025447845459,0.866025447845459,0.866025447845459,0.866025447845459,0.5,0.5,0.3535533845424652,0.3535533845424652,0.4472135901451111,0.4472135901451111,0.25,0.28867512941360474,0.28867512941360474,0.5773502588272095,0.5773502588272095,0.3535533845424652,0.3535533845424652,0.3535533845424652,0.3535533845424652,0.3535533845424652,0.3535533845424652,0.3535533845424652,0.3535533845424652,0.5,0.5,0.5,0.5,0.28867512941360474,0.28867512941360474,0.7071067690849304,0.7071067690849304,0.5,0.5,0.5,0.5,0.3535533845424652,0.5,0.5,0.866025447845459,0.5,0.5,0.5,0.5,0.5,0.5,0.3535533845424652,0.3535533845424652,0.5,0.5,0.3535533845424652,0.3535533845424652,0.5,0.5,0.3535533845424652,0.3535533845424652,0.3535533845424652,0.3535533845424652,0.5,0.5,0.5,0.5773502588272095,0.3535533845424652,0.3535533845424652,0.3535533845424652,0.5773502588272095,0.5773502588272095,0.3535533845424652,0.5,0.28867512941360474,0.3535533845424652,0.3535533845424652,0.3535533845424652,0.3535533845424652,0.3535533845424652,0.5,0.5773502588272095,0.3535533845424652,0.3535533845424652,0.3535533845424652,0.3535533845424652,0.3535533845424652,0.3535533845424652,0.3535533845424652,0.3535533845424652,0.5773502588272095,0.3535533845424652,0.5,0.3535533845424652,0.3535533845424652,0.3535533845424652,0.3535533845424652,0.5773502588272095,0.5773502588272095,0.5773502588272095,0.5773502588272095,0.7071067690849304,0.5,0.5,0.5,0.5,0.5,0.5,0.5,0.7071067690849304,0.7071067690849304,0.5773502588272095,0.5,0.5,0.5,0.5,0.5,0.5,0.5,0.5,0.5,0.5,0.5,0.3535533845424652,0.3535533845424652,0.3535533845424652,0.3535533845424652,0.3535533845424652,0.3535533845424652,0.3535533845424652,0.3535533845424652,0.3535533845424652,0.5773502588272095,0.5773502588272095,0.866025447845459,0.866025447845459,0.7071067690849304,0.7071067690849304,0.5,0.5,0.5,0.5
AVFR,0.0,0.0,0.0,0.0,0.0,0.0,0.0,0.0,0.0,0.0,0.0,0.0,0.0,0.0,0.0,0.0,0.0,0.0,0.0,0.0,0.5,0.5,0.3535533845424652,0.3535533845424652,0.5,0.5,0.5,0.5,0.5,0.5,0.5,0.5,0.5,0.5,0.5,0.5,0.5,0.5,0.5,0.5,0.5,0.5,0.5,0.5,0.3535533845424652,0.3535533845424652,0.3535533845424652,0.3535533845424652,0.3535533845424652,0.3535533845424652,0.3535533845424652,0.3535533845424652,0.3535533845424652,0.3535533845424652,0.3535533845424652,0.3535533845424652,0.3535533845424652,0.3535533845424652,0.3535533845424652,0.3535533845424652,0.5,0.5,0.866025447845459,0.5,0.3535533845424652,0.3535533845424652,0.3535533845424652,0.3535533845424652,0.6123723983764648,0.6123723983764648,0.5,0.5,0.28867512941360474,0.28867512941360474,0.3535533845424652,0.3535533845424652,0.3535533845424652,0.3535533845424652,0.3535533845424652,0.3535533845424652,0.3535533845424652,0.3535533845424652,0.5773502588272095,0.7071067690849304,0.3535533845424652,0.3535533845424652,0.5,0.5,0.5,0.5,0.5,0.5,0.3535533845424652,0.3535533845424652,0.3535533845424652,0.3535533845424652,0.3535533845424652,0.3535533845424652,1.0,0.5,0.5,0.7071067690849304,0.7071067690849304,0.5773502588272095,0.5773502588272095,0.7071067690849304,0.7071067690849304,0.5773502588272095,0.5773502588272095,0.3535533845424652,0.3535533845424652,0.5,0.5,0.7071067690849304,0.7071067690849304,0.22360679507255554,0.5,0.5,0.0,0.0,0.28867512941360474,0.28867512941360474,0.7071067690849304,0.7071067690849304,0.5773502588272095,0.5773502588272095,0.5773502588272095,0.5773502588272095,0.7071067690849304,0.7071067690849304,0.7071067690849304,0.7071067690849304,0.5,0.5,0.7071067690849304,0.5773502588272095,0.5773502588272095,1.0,1.0,0.866025447845459,1.0,1.0,1.0,1.0,1.0,1.0,0.866025447845459,0.7071067690849304,1.0,1.0,1.0,1.0,1.0,1.0,1.0,0.6666666865348816,1.0,0.7071067690849304,0.7071067690849304,0.5,1.0,1.0,0.866025447845459,0.866025447845459,0.75,0.75,0.866025447845459,0.866025447845459,0.866025447845459,0.866025447845459,0.5,0.5,0.3535533845424652,0.3535533845424652,0.4472135901451111,0.4472135901451111,0.25,0.28867512941360474,0.28867512941360474,0.5773502588272095,0.5773502588272095,0.3535533845424652,0.3535533845424652,0.3535533845424652,0.3535533845424652,0.3535533845424652,0.3535533845424652,0.3535533845424652,0.3535533845424652,0.5,0.5,0.5,0.5,0.28867512941360474,0.28867512941360474,0.7071067690849304,0.7071067690849304,0.5,0.5,0.5,0.5,0.3535533845424652,0.5,0.5,0.866025447845459,0.5,0.5,0.5,0.5,0.5,0.5,0.3535533845424652,0.3535533845424652,0.5,0.5,0.3535533845424652,0.3535533845424652,0.5,0.5,0.3535533845424652,0.3535533845424652,0.3535533845424652,0.3535533845424652,0.5,0.5,0.5,0.5773502588272095,0.3535533845424652,0.3535533845424652,0.3535533845424652,0.5773502588272095,0.5773502588272095,0.3535533845424652,0.5,0.28867512941360474,0.3535533845424652,0.3535533845424652,0.3535533845424652,0.3535533845424652,0.3535533845424652,0.5,0.5773502588272095,0.3535533845424652,0.3535533845424652,0.3535533845424652,0.3535533845424652,0.3535533845424652,0.3535533845424652,0.3535533845424652,0.3535533845424652,0.5773502588272095,0.3535533845424652,0.5,0.3535533845424652,0.3535533845424652,0.3535533845424652,0.3535533845424652,0.5773502588272095,0.5773502588272095,0.5773502588272095,0.5773502588272095,0.7071067690849304,0.5,0.5,0.5,0.5,0.5,0.5,0.5,0.7071067690849304,0.7071067690849304,0.5773502588272095,0.5,0.5,0.5,0.5,0.5,0.5,0.5,0.5,0.5,0.5,0.5,0.3535533845424652,0.3535533845424652,0.3535533845424652,0.3535533845424652,0.3535533845424652,0.3535533845424652,0.3535533845424652,0.3535533845424652,0.3535533845424652,0.5773502588272095,0.5773502588272095,0.866025447845459,0.866025447845459,0.7071067690849304,0.7071067690849304,0.5,0.5,0.5,0.5
AVG,0.0,0.0,0.0,0.0,0.0,0.0,0.0,0.0,0.0,0.0,0.0,0.0,0.0,0.0,0.0,0.0,0.0,0.0,0.0,0.0,0.28867512941360474,0.28867512941360474,0.0,0.0,0.28867512941360474,0.28867512941360474,0.28867512941360474,0.28867512941360474,0.28867512941360474,0.28867512941360474,0.28867512941360474,0.28867512941360474,0.28867512941360474,0.28867512941360474,0.28867512941360474,0.28867512941360474,0.28867512941360474,0.28867512941360474,0.28867512941360474,0.28867512941360474,0.28867512941360474,0.28867512941360474,0.28867512941360474,0.28867512941360474,0.0,0.0,0.0,0.0,0.0,0.0,0.0,0.0,0.0,0.0,0.0,0.0,0.0,0.0,0.0,0.0,0.0,0.0,0.6666666865348816,0.5773502588272095,0.40824830532073975,0.40824830532073975,0.0,0.0,0.471404492855072,0.471404492855072,0.28867512941360474,0.28867512941360474,0.3333333432674408,0.3333333432674408,0.0,0.0,0.0,0.0,0.0,0.0,0.0,0.0,0.3333333432674408,0.8164966106414795,0.0,0.0,0.5773502588272095,0.5773502588272095,0.5773502588272095,0.5773502588272095,0.5773502588272095,0.5773502588272095,0.40824830532073975,0.40824830532073975,0.0,0.0,0.0,0.0,0.866025447845459,0.28867512941360474,0.28867512941360474,0.40824830532073975,0.40824830532073975,0.3333333432674408,0.3333333432674408,0.40824830532073975,0.40824830532073975,0.3333333432674408,0.3333333432674408,0.0,0.0,0.0,0.0,0.40824830532073975,0.40824830532073975,0.0,0.28867512941360474,0.28867512941360474,0.0,0.0,0.0,0.0,0.40824830532073975,0.40824830532073975,0.3333333432674408,0.3333333432674408,0.3333333432674408,0.3333333432674408,0.40824830532073975,0.40824830532073975,0.40824830532073975,0.40824830532073975,0.0,0.0,0.40824830532073975,0.3333333432674408,0.3333333432674408,0.866025447845459,0.866025447845459,1.0,0.866025447845459,0.866025447845459,0.866025447845459,0.866025447845459,0.866025447845459,0.866025447845459,0.6666666865348816,0.8164966106414795,0.866025447845459,0.866025447845459,0.866025447845459,0.866025447845459,0.866025447845459,0.866025447845459,0.866025447845459,0.5773503184318542,0.866025447845459,0.8164966106414795,0.8164966106414795,0.28867512941360474,0.866025447845459,0.866025447845459,0.6666666865348816,0.6666666865348816,0.5773502588272095,0.5773502588272095,0.6666666865348816,0.6666666865348816,0.6666666865348816,0.6666666865348816,0.5773502588272095,0.5773502588272095,0.0,0.0,0.25819888710975647,0.25819888710975647,0.28867512941360474,0.3333333432674408,0.3333333432674408,0.3333333432674408,0.3333333432674408,0.0,0.0,0.0,0.0,0.0,0.0,0.0,0.0,0.28867512941360474,0.28867512941360474,0.28867512941360474,0.28867512941360474,0.0,0.0,0.40824830532073975,0.40824830532073975,0.0,0.0,0.0,0.0,0.0,0.0,0.0,0.6666666865348816,0.0,0.0,0.0,0.0,0.0,0.0,0.0,0.0,0.28867512941360474,0.28867512941360474,0.0,0.0,0.28867512941360474,0.28867512941360474,0.0,0.0,0.0,0.0,0.5773502588272095,0.5773502588272095,0.5773502588272095,0.6666666865348816,0.40824830532073975,0.40824830532073975,0.40824830532073975,0.6666666865348816,0.6666666865348816,0.40824830532073975,0.5773502588272095,0.3333333432674408,0.40824830532073975,0.40824830532073975,0.40824830532073975,0.40824830532073975,0.40824830532073975,0.5773502588272095,0.6666666865348816,0.40824830532073975,0.40824830532073975,0.40824830532073975,0.40824830532073975,0.40824830532073975,0.40824830532073975,0.40824830532073975,0.40824830532073975,0.6666666865348816,0.40824830532073975,0.5773502588272095,0.40824830532073975,0.40824830532073975,0.40824830532073975,0.40824830532073975,0.6666666865348816,0.6666666865348816,0.6666666865348816,0.6666666865348816,0.8164966106414795,0.5773502588272095,0.5773502588272095,0.5773502588272095,0.5773502588272095,0.5773502588272095,0.5773502588272095,0.5773502588272095,0.8164966106414795,0.8164966106414795,0.6666666865348816,0.5773502588272095,0.5773502588272095,0.5773502588272095,0.5773502588272095,0.5773502588272095,0.5773502588272095,0.5773502588272095,0.5773502588272095,0.5773502588272095,0.5773502588272095,0.5773502588272095,0.40824830532073975,0.40824830532073975,0.40824830532073975,0.40824830532073975,0.40824830532073975,0.40824830532073975,0.40824830532073975,0.40824830532073975,0.40824830532073975,0.6666666865348816,0.6666666865348816,0.6666666865348816,0.6666666865348816,0.8164966106414795,0.8164966106414795,0.5773502588272095,0.5773502588272095,0.5773502588272095,0.5773502588272095
AVHL,0.0,0.0,0.0,0.0,0.0,0.0,0.0,0.0,0.0,0.0,0.0,0.0,0.0,0.0,0.0,0.0,0.0,0.0,0.0,0.0,0.5,0.5,0.3535533845424652,0.3535533845424652,0.5,0.5,0.5,0.5,0.5,0.5,0.5,0.5,0.5,0.5,0.5,0.5,0.5,0.5,0.5,0.5,0.5,0.5,0.5,0.5,0.3535533845424652,0.3535533845424652,0.3535533845424652,0.3535533845424652,0.3535533845424652,0.3535533845424652,0.3535533845424652,0.3535533845424652,0.3535533845424652,0.3535533845424652,0.3535533845424652,0.3535533845424652,0.3535533845424652,0.3535533845424652,0.3535533845424652,0.3535533845424652,0.5,0.5,0.866025447845459,0.5,0.3535533845424652,0.3535533845424652,0.3535533845424652,0.3535533845424652,0.6123723983764648,0.6123723983764648,0.5,0.5,0.28867512941360474,0.28867512941360474,0.3535533845424652,0.3535533845424652,0.3535533845424652,0.3535533845424652,0.3535533845424652,0.3535533845424652,0.3535533845424652,0.3535533845424652,0.5773502588272095,0.7071067690849304,0.3535533845424652,0.3535533845424652,0.5,0.5,0.5,0.5,0.5,0.5,0.3535533845424652,0.3535533845424652,0.3535533845424652,0.3535533845424652,0.3535533845424652,0.3535533845424652,1.0,0.5,0.5,0.7071067690849304,0.7071067690849304,0.5773502588272095,0.5773502588272095,0.7071067690849304,0.7071067690849304,0.5773502588272095,0.5773502588272095,0.3535533845424652,0.3535533845424652,0.5,0.5,0.7071067690849304,0.7071067690849304,0.22360679507255554,0.5,0.5,0.0,0.0,0.28867512941360474,0.28867512941360474,0.7071067690849304,0.7071067690849304,0.5773502588272095,0.5773502588272095,0.5773502588272095,0.5773502588272095,0.7071067690849304,0.7071067690849304,0.7071067690849304,0.7071067690849304,0.5,0.5,0.7071067690849304,0.5773502588272095,0.5773502588272095,1.0,1.0,0.866025447845459,1.0,1.0,1.0,1.0,1.0,1.0,0.866025447845459,0.7071067690849304,1.0,1.0,1.0,1.0,1.0,1.0,1.0,0.6666666865348816,1.0,0.7071067690849304,0.7071067690849304,0.5,1.0,1.0,0.866025447845459,0.866025447845459,0.75,0.75,0.866025447845459,0.866025447845459,0.866025447845459,0.866025447845459,0.5,0.5,0.3535533845424652,0.3535533845424652,0.4472135901451111,0.4472135901451111,0.25,0.28867512941360474,0.28867512941360474,0.5773502588272095,0.5773502588272095,0.3535533845424652,0.3535533845424652,0.3535533845424652,0.3535533845424652,0.3535533845424652,0.3535533845424652,0.3535533845424652,0.3535533845424652,0.5,0.5,0.5,0.5,0.28867512941360474,0.28867512941360474,0.7071067690849304,0.7071067690849304,0.5,0.5,0.5,0.5,0.3535533845424652,0.5,0.5,0.866025447845459,0.5,0.5,0.5,0.5,0.5,0.5,0.3535533845424652,0.3535533845424652,0.5,0.5,0.3535533845424652,0.3535533845424652,0.5,0.5,0.3535533845424652,0.3535533845424652,0.3535533845424652,0.3535533845424652,0.5,0.5,0.5,0.5773502588272095,0.3535533845424652,0.3535533845424652,0.3535533845424652,0.5773502588272095,0.5773502588272095,0.3535533845424652,0.5,0.28867512941360474,0.3535533845424652,0.3535533845424652,0.3535533845424652,0.3535533845424652,0.3535533845424652,0.5,0.5773502588272095,0.3535533845424652,0.3535533845424652,0.3535533845424652,0.3535533845424652,0.3535533845424652,0.3535533845424652,0.3535533845424652,0.3535533845424652,0.5773502588272095,0.3535533845424652,0.5,0.3535533845424652,0.3535533845424652,0.3535533845424652,0.3535533845424652,0.5773502588272095,0.5773502588272095,0.5773502588272095,0.5773502588272095,0.7071067690849304,0.5,0.5,0.5,0.5,0.5,0.5,0.5,0.7071067690849304,0.7071067690849304,0.5773502588272095,0.5,0.5,0.5,0.5,0.5,0.5,0.5,0.5,0.5,0.5,0.5,0.3535533845424652,0.3535533845424652,0.3535533845424652,0.3535533845424652,0.3535533845424652,0.3535533845424652,0.3535533845424652,0.3535533845424652,0.3535533845424652,0.5773502588272095,0.5773502588272095,0.866025447845459,0.866025447845459,0.7071067690849304,0.7071067690849304,0.5,0.5,0.5,0.5
AVHR,0.0,0.0,0.0,0.0,0.0,0.0,0.0,0.0,0.0,0.0,0.0,0.0,0.0,0.0,0.0,0.0,0.0,0.0,0.0,0.0,0.5,0.5,0.3535533845424652,0.3535533845424652,0.5,0.5,0.5,0.5,0.5,0.5,0.5,0.5,0.5,0.5,0.5,0.5,0.5,0.5,0.5,0.5,0.5,0.5,0.5,0.5,0.3535533845424652,0.3535533845424652,0.3535533845424652,0.3535533845424652,0.3535533845424652,0.3535533845424652,0.3535533845424652,0.3535533845424652,0.3535533845424652,0.3535533845424652,0.3535533845424652,0.3535533845424652,0.3535533845424652,0.3535533845424652,0.3535533845424652,0.3535533845424652,0.5,0.5,0.866025447845459,0.5,0.3535533845424652,0.3535533845424652,0.3535533845424652,0.3535533845424652,0.6123723983764648,0.6123723983764648,0.5,0.5,0.28867512941360474,0.28867512941360474,0.3535533845424652,0.3535533845424652,0.3535533845424652,0.3535533845424652,0.3535533845424652,0.3535533845424652,0.3535533845424652,0.3535533845424652,0.5773502588272095,0.7071067690849304,0.3535533845424652,0.3535533845424652,0.5,0.5,0.5,0.5,0.5,0.5,0.3535533845424652,0.3535533845424652,0.3535533845424652,0.3535533845424652,0.3535533845424652,0.3535533845424652,1.0,0.5,0.5,0.7071067690849304,0.7071067690849304,0.5773502588272095,0.5773502588272095,0.7071067690849304,0.7071067690849304,0.5773502588272095,0.5773502588272095,0.3535533845424652,0.3535533845424652,0.5,0.5,0.7071067690849304,0.7071067690849304,0.22360679507255554,0.5,0.5,0.0,0.0,0.28867512941360474,0.28867512941360474,0.7071067690849304,0.7071067690849304,0.5773502588272095,0.5773502588272095,0.5773502588272095,0.5773502588272095,0.7071067690849304,0.7071067690849304,0.7071067690849304,0.7071067690849304,0.5,0.5,0.7071067690849304,0.5773502588272095,0.5773502588272095,1.0,1.0,0.866025447845459,1.0,1.0,1.0,1.0,1.0,1.0,0.866025447845459,0.7071067690849304,1.0,1.0,1.0,1.0,1.0,1.0,1.0,0.6666666865348816,1.0,0.7071067690849304,0.7071067690849304,0.5,1.0,1.0,0.866025447845459,0.866025447845459,0.75,0.75,0.866025447845459,0.866025447845459,0.866025447845459,0.866025447845459,0.5,0.5,0.3535533845424652,0.3535533845424652,0.4472135901451111,0.4472135901451111,0.25,0.28867512941360474,0.28867512941360474,0.5773502588272095,0.5773502588272095,0.3535533845424652,0.3535533845424652,0.3535533845424652,0.3535533845424652,0.3535533845424652,0.3535533845424652,0.3535533845424652,0.3535533845424652,0.5,0.5,0.5,0.5,0.28867512941360474,0.28867512941360474,0.7071067690849304,0.7071067690849304,0.5,0.5,0.5,0.5,0.3535533845424652,0.5,0.5,0.866025447845459,0.5,0.5,0.5,0.5,0.5,0.5,0.3535533845424652,0.3535533845424652,0.5,0.5,0.3535533845424652,0.3535533845424652,0.5,0.5,0.3535533845424652,0.3535533845424652,0.3535533845424652,0.3535533845424652,0.5,0.5,0.5,0.5773502588272095,0.3535533845424652,0.3535533845424652,0.3535533845424652,0.5773502588272095,0.5773502588272095,0.3535533845424652,0.5,0.28867512941360474,0.3535533845424652,0.3535533845424652,0.3535533845424652,0.3535533845424652,0.3535533845424652,0.5,0.5773502588272095,0.3535533845424652,0.3535533845424652,0.3535533845424652,0.3535533845424652,0.3535533845424652,0.3535533845424652,0.3535533845424652,0.3535533845424652,0.5773502588272095,0.3535533845424652,0.5,0.3535533845424652,0.3535533845424652,0.3535533845424652,0.3535533845424652,0.5773502588272095,0.5773502588272095,0.5773502588272095,0.5773502588272095,0.7071067690849304,0.5,0.5,0.5,0.5,0.5,0.5,0.5,0.7071067690849304,0.7071067690849304,0.5773502588272095,0.5,0.5,0.5,0.5,0.5,0.5,0.5,0.5,0.5,0.5,0.5,0.3535533845424652,0.3535533845424652,0.3535533845424652,0.3535533845424652,0.3535533845424652,0.3535533845424652,0.3535533845424652,0.3535533845424652,0.3535533845424652,0.5773502588272095,0.5773502588272095,0.866025447845459,0.866025447845459,0.7071067690849304,0.7071067690849304,0.5,0.5,0.5,0.5
AVJL,0.0,0.0,0.0,0.0,0.0,0.0,0.0,0.0,0.0,0.0,0.0,0.0,0.0,0.0,0.0,0.0,0.0,0.0,0.0,0.0,0.5,0.5,0.3535533845424652,0.3535533845424652,0.5,0.5,0.5,0.5,0.5,0.5,0.5,0.5,0.5,0.5,0.5,0.5,0.5,0.5,0.5,0.5,0.5,0.5,0.5,0.5,0.3535533845424652,0.3535533845424652,0.3535533845424652,0.3535533845424652,0.3535533845424652,0.3535533845424652,0.3535533845424652,0.3535533845424652,0.3535533845424652,0.3535533845424652,0.3535533845424652,0.3535533845424652,0.3535533845424652,0.3535533845424652,0.3535533845424652,0.3535533845424652,0.5,0.5,0.866025447845459,0.5,0.3535533845424652,0.3535533845424652,0.3535533845424652,0.3535533845424652,0.6123723983764648,0.6123723983764648,0.5,0.5,0.28867512941360474,0.28867512941360474,0.3535533845424652,0.3535533845424652,0.3535533845424652,0.3535533845424652,0.3535533845424652,0.3535533845424652,0.3535533845424652,0.3535533845424652,0.5773502588272095,0.7071067690849304,0.3535533845424652,0.3535533845424652,0.5,0.5,0.5,0.5,0.5,0.5,0.3535533845424652,0.3535533845424652,0.3535533845424652,0.3535533845424652,0.3535533845424652,0.3535533845424652,1.0,0.5,0.5,0.7071067690849304,0.7071067690849304,0.5773502588272095,0.5773502588272095,0.7071067690849304,0.7071067690849304,0.5773502588272095,0.5773502588272095,0.3535533845424652,0.3535533845424652,0.5,0.5,0.7071067690849304,0.7071067690849304,0.22360679507255554,0.5,0.5,0.0,0.0,0.28867512941360474,0.28867512941360474,0.7071067690849304,0.7071067690849304,0.5773502588272095,0.5773502588272095,0.5773502588272095,0.5773502588272095,0.7071067690849304,0.7071067690849304,0.7071067690849304,0.7071067690849304,0.5,0.5,0.7071067690849304,0.5773502588272095,0.5773502588272095,1.0,1.0,0.866025447845459,1.0,1.0,1.0,1.0,1.0,1.0,0.866025447845459,0.7071067690849304,1.0,1.0,1.0,1.0,1.0,1.0,1.0,0.6666666865348816,1.0,0.7071067690849304,0.7071067690849304,0.5,1.0,1.0,0.866025447845459,0.866025447845459,0.75,0.75,0.866025447845459,0.866025447845459,0.866025447845459,0.866025447845459,0.5,0.5,0.3535533845424652,0.3535533845424652,0.4472135901451111,0.4472135901451111,0.25,0.28867512941360474,0.28867512941360474,0.5773502588272095,0.5773502588272095,0.3535533845424652,0.3535533845424652,0.3535533845424652,0.3535533845424652,0.3535533845424652,0.3535533845424652,0.3535533845424652,0.3535533845424652,0.5,0.5,0.5,0.5,0.28867512941360474,0.28867512941360474,0.7071067690849304,0.7071067690849304,0.5,0.5,0.5,0.5,0.3535533845424652,0.5,0.5,0.866025447845459,0.5,0.5,0.5,0.5,0.5,0.5,0.3535533845424652,0.3535533845424652,0.5,0.5,0.3535533845424652,0.3535533845424652,0.5,0.5,0.3535533845424652,0.3535533845424652,0.3535533845424652,0.3535533845424652,0.5,0.5,0.5,0.5773502588272095,0.3535533845424652,0.3535533845424652,0.3535533845424652,0.5773502588272095,0.5773502588272095,0.3535533845424652,0.5,0.28867512941360474,0.3535533845424652,0.3535533845424652,0.3535533845424652,0.3535533845424652,0.3535533845424652,0.5,0.5773502588272095,0.3535533845424652,0.3535533845424652,0.3535533845424652,0.3535533845424652,0.3535533845424652,0.3535533845424652,0.3535533845424652,0.3535533845424652,0.5773502588272095,0.3535533845424652,0.5,0.3535533845424652,0.3535533845424652,0.3535533845424652,0.3535533845424652,0.5773502588272095,0.5773502588272095,0.5773502588272095,0.5773502588272095,0.7071067690849304,0.5,0.5,0.5,0.5,0.5,0.5,0.5,0.7071067690849304,0.7071067690849304,0.5773502588272095,0.5,0.5,0.5,0.5,0.5,0.5,0.5,0.5,0.5,0.5,0.5,0.3535533845424652,0.3535533845424652,0.3535533845424652,0.3535533845424652,0.3535533845424652,0.3535533845424652,0.3535533845424652,0.3535533845424652,0.3535533845424652,0.5773502588272095,0.5773502588272095,0.866025447845459,0.866025447845459,0.7071067690849304,0.7071067690849304,0.5,0.5,0.5,0.5
AVJR,0.0,0.0,0.0,0.0,0.0,0.0,0.0,0.0,0.0,0.0,0.0,0.0,0.0,0.0,0.0,0.0,0.0,0.0,0.0,0.0,0.5,0.5,0.3535533845424652,0.3535533845424652,0.5,0.5,0.5,0.5,0.5,0.5,0.5,0.5,0.5,0.5,0.5,0.5,0.5,0.5,0.5,0.5,0.5,0.5,0.5,0.5,0.3535533845424652,0.3535533845424652,0.3535533845424652,0.3535533845424652,0.3535533845424652,0.3535533845424652,0.3535533845424652,0.3535533845424652,0.3535533845424652,0.3535533845424652,0.3535533845424652,0.3535533845424652,0.3535533845424652,0.3535533845424652,0.3535533845424652,0.3535533845424652,0.5,0.5,0.866025447845459,0.5,0.3535533845424652,0.3535533845424652,0.3535533845424652,0.3535533845424652,0.6123723983764648,0.6123723983764648,0.5,0.5,0.28867512941360474,0.28867512941360474,0.3535533845424652,0.3535533845424652,0.3535533845424652,0.3535533845424652,0.3535533845424652,0.3535533845424652,0.3535533845424652,0.3535533845424652,0.5773502588272095,0.7071067690849304,0.3535533845424652,0.3535533845424652,0.5,0.5,0.5,0.5,0.5,0.5,0.3535533845424652,0.3535533845424652,0.3535533845424652,0.3535533845424652,0.3535533845424652,0.3535533845424652,1.0,0.5,0.5,0.7071067690849304,0.7071067690849304,0.5773502588272095,0.5773502588272095,0.7071067690849304,0.7071067690849304,0.5773502588272095,0.5773502588272095,0.3535533845424652,0.3535533845424652,0.5,0.5,0.7071067690849304,0.7071067690849304,0.22360679507255554,0.5,0.5,0.0,0.0,0.28867512941360474,0.28867512941360474,0.7071067690849304,0.7071067690849304,0.5773502588272095,0.5773502588272095,0.5773502588272095,0.5773502588272095,0.7071067690849304,0.7071067690849304,0.7071067690849304,0.7071067690849304,0.5,0.5,0.7071067690849304,0.5773502588272095,0.5773502588272095,1.0,1.0,0.866025447845459,1.0,1.0,1.0,1.0,1.0,1.0,0.866025447845459,0.7071067690849304,1.0,1.0,1.0,1.0,1.0,1.0,1.0,0.6666666865348816,1.0,0.7071067690849304,0.7071067690849304,0.5,1.0,1.0,0.866025447845459,0.866025447845459,0.75,0.75,0.866025447845459,0.866025447845459,0.866025447845459,0.866025447845459,0.5,0.5,0.3535533845424652,0.3535533845424652,0.4472135901451111,0.4472135901451111,0.25,0.28867512941360474,0.28867512941360474,0.5773502588272095,0.5773502588272095,0.3535533845424652,0.3535533845424652,0.3535533845424652,0.3535533845424652,0.3535533845424652,0.3535533845424652,0.3535533845424652,0.3535533845424652,0.5,0.5,0.5,0.5,0.28867512941360474,0.28867512941360474,0.7071067690849304,0.7071067690849304,0.5,0.5,0.5,0.5,0.3535533845424652,0.5,0.5,0.866025447845459,0.5,0.5,0.5,0.5,0.5,0.5,0.3535533845424652,0.3535533845424652,0.5,0.5,0.3535533845424652,0.3535533845424652,0.5,0.5,0.3535533845424652,0.3535533845424652,0.3535533845424652,0.3535533845424652,0.5,0.5,0.5,0.5773502588272095,0.3535533845424652,0.3535533845424652,0.3535533845424652,0.5773502588272095,0.5773502588272095,0.3535533845424652,0.5,0.28867512941360474,0.3535533845424652,0.3535533845424652,0.3535533845424652,0.3535533845424652,0.3535533845424652,0.5,0.5773502588272095,0.3535533845424652,0.3535533845424652,0.3535533845424652,0.3535533845424652,0.3535533845424652,0.3535533845424652,0.3535533845424652,0.3535533845424652,0.5773502588272095,0.3535533845424652,0.5,0.3535533845424652,0.3535533845424652,0.3535533845424652,0.3535533845424652,0.5773502588272095,0.5773502588272095,0.5773502588272095,0.5773502588272095,0.7071067690849304,0.5,0.5,0.5,0.5,0.5,0.5,0.5,0.7071067690849304,0.7071067690849304,0.5773502588272095,0.5,0.5,0.5,0.5,0.5,0.5,0.5,0.5,0.5,0.5,0.5,0.3535533845424652,0.3535533845424652,0.3535533845424652,0.3535533845424652,0.3535533845424652,0.3535533845424652,0.3535533845424652,0.3535533845424652,0.3535533845424652,0.5773502588272095,0.5773502588272095,0.866025447845459,0.866025447845459,0.7071067690849304,0.7071067690849304,0.5,0.5,0.5,0.5
AVKL,0.0,0.0,0.0,0.0,0.0,0.0,0.0,0.0,0.0,0.0,0.0,0.0,0.0,0.0,0.0,0.0,0.0,0.0,0.0,0.0,0.5,0.5,0.3535533845424652,0.3535533845424652,0.5,0.5,0.5,0.5,0.5,0.5,0.5,0.5,0.5,0.5,0.5,0.5,0.5,0.5,0.5,0.5,0.5,0.5,0.5,0.5,0.3535533845424652,0.3535533845424652,0.3535533845424652,0.3535533845424652,0.3535533845424652,0.3535533845424652,0.3535533845424652,0.3535533845424652,0.3535533845424652,0.3535533845424652,0.3535533845424652,0.3535533845424652,0.3535533845424652,0.3535533845424652,0.3535533845424652,0.3535533845424652,0.5,0.5,0.866025447845459,0.5,0.3535533845424652,0.3535533845424652,0.3535533845424652,0.3535533845424652,0.6123723983764648,0.6123723983764648,0.5,0.5,0.28867512941360474,0.28867512941360474,0.3535533845424652,0.3535533845424652,0.3535533845424652,0.3535533845424652,0.3535533845424652,0.3535533845424652,0.3535533845424652,0.3535533845424652,0.5773502588272095,0.7071067690849304,0.3535533845424652,0.3535533845424652,0.5,0.5,0.5,0.5,0.5,0.5,0.3535533845424652,0.3535533845424652,0.3535533845424652,0.3535533845424652,0.3535533845424652,0.3535533845424652,1.0,0.5,0.5,0.7071067690849304,0.7071067690849304,0.5773502588272095,0.5773502588272095,0.7071067690849304,0.7071067690849304,0.5773502588272095,0.5773502588272095,0.3535533845424652,0.3535533845424652,0.5,0.5,0.7071067690849304,0.7071067690849304,0.22360679507255554,0.5,0.5,0.0,0.0,0.28867512941360474,0.28867512941360474,0.7071067690849304,0.7071067690849304,0.5773502588272095,0.5773502588272095,0.5773502588272095,0.5773502588272095,0.7071067690849304,0.7071067690849304,0.7071067690849304,0.7071067690849304,0.5,0.5,0.7071067690849304,0.5773502588272095,0.5773502588272095,1.0,1.0,0.866025447845459,1.0,1.0,1.0,1.0,1.0,1.0,0.866025447845459,0.7071067690849304,1.0,1.0,1.0,1.0,1.0,1.0,1.0,0.6666666865348816,1.0,0.7071067690849304,0.7071067690849304,0.5,1.0,1.0,0.866025447845459,0.866025447845459,0.75,0.75,0.866025447845459,0.866025447845459,0.866025447845459,0.866025447845459,0.5,0.5,0.3535533845424652,0.3535533845424652,0.4472135901451111,0.4472135901451111,0.25,0.28867512941360474,0.28867512941360474,0.5773502588272095,0.5773502588272095,0.3535533845424652,0.3535533845424652,0.3535533845424652,0.3535533845424652,0.3535533845424652,0.3535533845424652,0.3535533845424652,0.3535533845424652,0.5,0.5,0.5,0.5,0.28867512941360474,0.28867512941360474,0.7071067690849304,0.7071067690849304,0.5,0.5,0.5,0.5,0.3535533845424652,0.5,0.5,0.866025447845459,0.5,0.5,0.5,0.5,0.5,0.5,0.3535533845424652,0.3535533845424652,0.5,0.5,0.3535533845424652,0.3535533845424652,0.5,0.5,0.3535533845424652,0.3535533845424652,0.3535533845424652,0.3535533845424652,0.5,0.5,0.5,0.5773502588272095,0.3535533845424652,0.3535533845424652,0.3535533845424652,0.5773502588272095,0.5773502588272095,0.3535533845424652,0.5,0.28867512941360474,0.3535533845424652,0.3535533845424652,0.3535533845424652,0.3535533845424652,0.3535533845424652,0.5,0.5773502588272095,0.3535533845424652,0.3535533845424652,0.3535533845424652,0.3535533845424652,0.3535533845424652,0.3535533845424652,0.3535533845424652,0.3535533845424652,0.5773502588272095,0.3535533845424652,0.5,0.3535533845424652,0.3535533845424652,0.3535533845424652,0.3535533845424652,0.5773502588272095,0.5773502588272095,0.5773502588272095,0.5773502588272095,0.7071067690849304,0.5,0.5,0.5,0.5,0.5,0.5,0.5,0.7071067690849304,0.7071067690849304,0.5773502588272095,0.5,0.5,0.5,0.5,0.5,0.5,0.5,0.5,0.5,0.5,0.5,0.3535533845424652,0.3535533845424652,0.3535533845424652,0.3535533845424652,0.3535533845424652,0.3535533845424652,0.3535533845424652,0.3535533845424652,0.3535533845424652,0.5773502588272095,0.5773502588272095,0.866025447845459,0.866025447845459,0.7071067690849304,0.7071067690849304,0.5,0.5,0.5,0.5
AVKR,0.0,0.0,0.0,0.0,0.0,0.0,0.0,0.0,0.0,0.0,0.0,0.0,0.0,0.0,0.0,0.0,0.0,0.0,0.0,0.0,0.5,0.5,0.3535533845424652,0.3535533845424652,0.5,0.5,0.5,0.5,0.5,0.5,0.5,0.5,0.5,0.5,0.5,0.5,0.5,0.5,0.5,0.5,0.5,0.5,0.5,0.5,0.3535533845424652,0.3535533845424652,0.3535533845424652,0.3535533845424652,0.3535533845424652,0.3535533845424652,0.3535533845424652,0.3535533845424652,0.3535533845424652,0.3535533845424652,0.3535533845424652,0.3535533845424652,0.3535533845424652,0.3535533845424652,0.3535533845424652,0.3535533845424652,0.5,0.5,0.866025447845459,0.5,0.3535533845424652,0.3535533845424652,0.3535533845424652,0.3535533845424652,0.6123723983764648,0.6123723983764648,0.5,0.5,0.28867512941360474,0.28867512941360474,0.3535533845424652,0.3535533845424652,0.3535533845424652,0.3535533845424652,0.3535533845424652,0.3535533845424652,0.3535533845424652,0.3535533845424652,0.5773502588272095,0.7071067690849304,0.3535533845424652,0.3535533845424652,0.5,0.5,0.5,0.5,0.5,0.5,0.3535533845424652,0.3535533845424652,0.3535533845424652,0.3535533845424652,0.3535533845424652,0.3535533845424652,1.0,0.5,0.5,0.7071067690849304,0.7071067690849304,0.5773502588272095,0.5773502588272095,0.7071067690849304,0.7071067690849304,0.5773502588272095,0.5773502588272095,0.3535533845424652,0.3535533845424652,0.5,0.5,0.7071067690849304,0.7071067690849304,0.22360679507255554,0.5,0.5,0.0,0.0,0.28867512941360474,0.28867512941360474,0.7071067690849304,0.7071067690849304,0.5773502588272095,0.5773502588272095,0.5773502588272095,0.5773502588272095,0.7071067690849304,0.7071067690849304,0.7071067690849304,0.7071067690849304,0.5,0.5,0.7071067690849304,0.5773502588272095,0.5773502588272095,1.0,1.0,0.866025447845459,1.0,1.0,1.0,1.0,1.0,1.0,0.866025447845459,0.7071067690849304,1.0,1.0,1.0,1.0,1.0,1.0,1.0,0.6666666865348816,1.0,0.7071067690849304,0.7071067690849304,0.5,1.0,1.0,0.866025447845459,0.866025447845459,0.75,0.75,0.866025447845459,0.866025447845459,0.866025447845459,0.866025447845459,0.5,0.5,0.3535533845424652,0.3535533845424652,0.4472135901451111,0.4472135901451111,0.25,0.28867512941360474,0.28867512941360474,0.5773502588272095,0.5773502588272095,0.3535533845424652,0.3535533845424652,0.3535533845424652,0.3535533845424652,0.3535533845424652,0.3535533845424652,0.3535533845424652,0.3535533845424652,0.5,0.5,0.5,0.5,0.28867512941360474,0.28867512941360474,0.7071067690849304,0.7071067690849304,0.5,0.5,0.5,0.5,0.3535533845424652,0.5,0.5,0.866025447845459,0.5,0.5,0.5,0.5,0.5,0.5,0.3535533845424652,0.3535533845424652,0.5,0.5,0.3535533845424652,0.3535533845424652,0.5,0.5,0.3535533845424652,0.3535533845424652,0.3535533845424652,0.3535533845424652,0.5,0.5,0.5,0.5773502588272095,0.3535533845424652,0.3535533845424652,0.3535533845424652,0.5773502588272095,0.5773502588272095,0.3535533845424652,0.5,0.28867512941360474,0.3535533845424652,0.3535533845424652,0.3535533845424652,0.3535533845424652,0.3535533845424652,0.5,0.5773502588272095,0.3535533845424652,0.3535533845424652,0.3535533845424652,0.3535533845424652,0.3535533845424652,0.3535533845424652,0.3535533845424652,0.3535533845424652,0.5773502588272095,0.3535533845424652,0.5,0.3535533845424652,0.3535533845424652,0.3535533845424652,0.3535533845424652,0.5773502588272095,0.5773502588272095,0.5773502588272095,0.5773502588272095,0.7071067690849304,0.5,0.5,0.5,0.5,0.5,0.5,0.5,0.7071067690849304,0.7071067690849304,0.5773502588272095,0.5,0.5,0.5,0.5,0.5,0.5,0.5,0.5,0.5,0.5,0.5,0.3535533845424652,0.3535533845424652,0.3535533845424652,0.3535533845424652,0.3535533845424652,0.3535533845424652,0.3535533845424652,0.3535533845424652,0.3535533845424652,0.5773502588272095,0.5773502588272095,0.866025447845459,0.866025447845459,0.7071067690849304,0.7071067690849304,0.5,0.5,0.5,0.5
AVL,0.0,0.0,0.0,0.0,0.0,0.0,0.0,0.0,0.0,0.0,0.0,0.0,0.0,0.0,0.0,0.0,0.0,0.0,0.0,0.0,0.5773502588272095,0.5773502588272095,0.40824830532073975,0.40824830532073975,0.5773502588272095,0.5773502588272095,0.5773502588272095,0.5773502588272095,0.5773502588272095,0.5773502588272095,0.5773502588272095,0.5773502588272095,0.5773502588272095,0.5773502588272095,0.5773502588272095,0.5773502588272095,0.5773502588272095,0.5773502588272095,0.5773502588272095,0.5773502588272095,0.5773502588272095,0.5773502588272095,0.5773502588272095,0.5773502588272095,0.40824830532073975,0.40824830532073975,0.40824830532073975,0.40824830532073975,0.40824830532073975,0.40824830532073975,0.40824830532073975,0.40824830532073975,0.40824830532073975,0.40824830532073975,0.40824830532073975,0.40824830532073975,0.40824830532073975,0.40824830532073975,0.40824830532073975,0.40824830532073975,0.5773502588272095,0.5773502588272095,1.0,0.5773502588272095,0.40824830532073975,0.40824830532073975,0.40824830532073975,0.40824830532073975,0.7071067094802856,0.7071067094802856,0.5773502588272095,0.5773502588272095,0.3333333432674408,0.3333333432674408,0.40824830532073975,0.40824830532073975,0.40824830532073975,0.40824830532073975,0.40824830532073975,0.40824830532073975,0.40824830532073975,0.40824830532073975,0.6666666865348816,0.40824830532073975,0.40824830532073975,0.40824830532073975,0.5773502588272095,0.5773502588272095,0.0,0.0,0.0,0.0,0.0,0.0,0.40824830532073975,0.40824830532073975,0.40824830532073975,0.40824830532073975,0.866025447845459,0.5773502588272095,0.5773502588272095,0.8164966106414795,0.8164966106414795,0.6666666865348816,0.6666666865348816,0.8164966106414795,0.8164966106414795,0.6666666865348816,0.6666666865348816,0.40824830532073975,0.40824830532073975,0.5773502588272095,0.5773502588272095,0.8164966106414795,0.8164966106414795,0.25819888710975647,0.5773502588272095,0.5773502588272095,0.0,0.0,0.3333333432674408,0.3333333432674408,0.8164966106414795,0.8164966106414795,0.6666666865348816,0.6666666865348816,0.6666666865348816,0.6666666865348816,0.8164966106414795,0.8164966106414795,0.8164966106414795,0.8164966106414795,0.5773502588272095,0.5773502588272095,0.8164966106414795,0.6666666865348816,0.6666666865348816,0.866025447845459,0.866025447845459,0.6666666865348816,0.866025447845459,0.866025447845459,0.866025447845459,0.866025447845459,0.866025447845459,0.866025447845459,1.0,0.40824830532073975,0.866025447845459,0.866025447845459,0.866025447845459,0.866025447845459,0.866025447845459,0.866025447845459,0.866025447845459,0.5773503184318542,0.866025447845459,0.40824830532073975,0.40824830532073975,0.5773502588272095,0.866025447845459,0.866025447845459,1.0,1.0,0.866025447845459,0.866025447845459,1.0,1.0,1.0,1.0,0.0,0.0,0.40824830532073975,0.40824830532073975,0.5163977742195129,0.5163977742195129,0.28867512941360474,0.3333333432674408,0.3333333432674408,0.6666666865348816,0.6666666865348816,0.40824830532073975,0.40824830532073975,0.40824830532073975,0.40824830532073975,0.40824830532073975,0.40824830532073975,0.40824830532073975,0.40824830532073975,0.5773502588272095,0.5773502588272095,0.5773502588272095,0.5773502588272095,0.3333333432674408,0.3333333432674408,0.8164966106414795,0.8164966106414795,0.5773502588272095,0.5773502588272095,0.5773502588272095,0.5773502588272095,0.40824830532073975,0.5773502588272095,0.5773502588272095,1.0,0.5773502588272095,0.5773502588272095,0.5773502588272095,0.5773502588272095,0.5773502588272095,0.5773502588272095,0.40824830532073975,0.40824830532073975,0.5773502588272095,0.5773502588272095,0.40824830532073975,0.40824830532073975,0.5773502588272095,0.5773502588272095,0.40824830532073975,0.40824830532073975,0.40824830532073975,0.40824830532073975,0.5773502588272095,0.5773502588272095,0.5773502588272095,0.6666666865348816,0.40824830532073975,0.40824830532073975,0.40824830532073975,0.3333333432674408,0.3333333432674408,0.0,0.5773502588272095,0.3333333432674408,0.40824830532073975,0.40824830532073975,0.40824830532073975,0.40824830532073975,0.40824830532073975,0.5773502588272095,0.6666666865348816,0.40824830532073975,0.40824830532073975,0.40824830532073975,0.40824830532073975,0.40824830532073975,0.40824830532073975,0.40824830532073975,0.40824830532073975,0.3333333432674408,0.0,0.5773502588272095,0.40824830532073975,0.40824830532073975,0.40824830532073975,0.40824830532073975,0.3333333432674408,0.6666666865348816,0.6666666865348816,0.6666666865348816,0.8164966106414795,0.5773502588272095,0.5773502588272095,0.5773502588272095,0.5773502588272095,0.5773502588272095,0.5773502588272095,0.5773502588272095,0.40824830532073975,0.8164966106414795,0.6666666865348816,0.5773502588272095,0.5773502588272095,0.5773502588272095,0.5773502588272095,0.5773502588272095,0.5773502588272095,0.5773502588272095,0.5773502588272095,0.5773502588272095,0.5773502588272095,0.5773502588272095,0.40824830532073975,0.40824830532073975,0.40824830532073975,0.40824830532073975,0.40824830532073975,0.40824830532073975,0.40824830532073975,0.40824830532073975,0.40824830532073975,0.3333333432674408,0.3333333432674408,1.0,1.0,0.8164966106414795,0.8164966106414795,0.5773502588272095,0.5773502588272095,0.5773502588272095,0.5773502588272095
DVB,0.0,0.0,0.0,0.0,0.0,0.0,0.0,0.0,0.0,0.0,0.0,0.0,0.0,0.0,0.0,0.0,0.0,0.0,0.0,0.0,0.0,0.0,0.0,0.0,0.0,0.0,0.0,0.0,0.0,0.0,0.0,0.0,0.0,0.0,0.0,0.0,0.0,0.0,0.0,0.0,0.0,0.0,0.0,0.0,0.0,0.0,0.0,0.0,0.0,0.0,0.0,0.0,0.0,0.0,0.0,0.0,0.0,0.0,0.0,0.0,0.0,0.0,0.40824830532073975,0.7071067690849304,0.5000000596046448,0.5000000596046448,0.0,0.0,0.28867512941360474,0.28867512941360474,0.0,0.0,0.40824830532073975,0.40824830532073975,0.0,0.0,0.0,0.0,0.0,0.0,0.0,0.0,0.0,1.0000001192092896,0.0,0.0,0.7071067690849304,0.7071067690849304,0.7071067690849304,0.7071067690849304,0.7071067690849304,0.7071067690849304,0.5000000596046448,0.5000000596046448,0.0,0.0,0.0,0.0,0.7071067690849304,0.0,0.0,0.0,0.0,0.0,0.0,0.0,0.0,0.0,0.0,0.0,0.0,0.0,0.0,0.0,0.0,0.0,0.0,0.0,0.0,0.0,0.0,0.0,0.0,0.0,0.0,0.0,0.0,0.0,0.0,0.0,0.0,0.0,0.0,0.0,0.0,0.0,0.0,0.7071067690849304,0.7071067690849304,0.8164966106414795,0.7071067690849304,0.7071067690849304,0.7071067690849304,0.7071067690849304,0.7071067690849304,0.7071067690849304,0.40824830532073975,1.0,0.7071067690849304,0.7071067690849304,0.7071067690849304,0.7071067690849304,0.7071067690849304,0.7071067690849304,0.7071067690849304,0.4714045524597168,0.7071067690849304,1.0000001192092896,1.0000001192092896,0.0,0.7071067690849304,0.7071067690849304,0.40824830532073975,0.40824830532073975,0.3535533845424652,0.3535533845424652,0.40824830532073975,0.40824830532073975,0.40824830532073975,0.40824830532073975,0.7071067690849304,0.7071067690849304,0.0,0.0,0.0,0.0,0.0,0.0,0.0,0.0,0.0,0.0,0.0,0.0,0.0,0.0,0.0,0.0,0.0,0.0,0.0,0.0,0.0,0.0,0.0,0.0,0.0,0.0,0.0,0.0,0.0,0.0,0.0,0.0,0.40824830532073975,0.0,0.0,0.0,0.0,0.0,0.0,0.0,0.0,0.0,0.0,0.0,0.0,0.0,0.0,0.0,0.0,0.0,0.0,0.3535533845424652,0.3535533845424652,0.3535533845424652,0.40824830532073975,0.5000000596046448,0.5000000596046448,0.5000000596046448,0.8164966106414795,0.8164966106414795,0.5000000596046448,0.3535533845424652,0.40824830532073975,0.5000000596046448,0.5000000596046448,0.5000000596046448,0.5000000596046448,0.5000000596046448,0.3535533845424652,0.40824830532073975,0.5000000596046448,0.5000000596046448,0.5000000596046448,0.5000000596046448,0.5000000596046448,0.5000000596046448,0.5000000596046448,0.5000000596046448,0.8164966106414795,0.5000000596046448,0.3535533845424652,0.5000000596046448,0.5000000596046448,0.5000000596046448,0.5000000596046448,0.8164966106414795,0.40824830532073975,0.40824830532073975,0.40824830532073975,0.5000000596046448,0.7071067690849304,0.7071067690849304,0.7071067690849304,0.7071067690849304,0.7071067690849304,0.7071067690849304,0.7071067690849304,1.0000001192092896,0.5000000596046448,0.40824830532073975,0.7071067690849304,0.7071067690849304,0.7071067690849304,0.7071067690849304,0.7071067690849304,0.7071067690849304,0.7071067690849304,0.7071067690849304,0.7071067690849304,0.3535533845424652,0.3535533845424652,0.5000000596046448,0.5000000596046448,0.5000000596046448,0.5000000596046448,0.5000000596046448,0.5000000596046448,0.5000000596046448,0.5000000596046448,0.5000000596046448,0.8164966106414795,0.8164966106414795,0.40824830532073975,0.40824830532073975,0.5000000596046448,0.5000000596046448,0.7071067690849304,0.7071067690849304,0.7071067690849304,0.7071067690849304
DVC,0.0,0.0,0.0,0.0,0.0,0.0,0.0,0.0,0.0,0.0,0.0,0.0,0.0,0.0,0.0,0.0,0.0,0.0,0.0,0.0,0.5,0.5,0.3535533845424652,0.3535533845424652,0.5,0.5,0.5,0.5,0.5,0.5,0.5,0.5,0.5,0.5,0.5,0.5,0.5,0.5,0.5,0.5,0.5,0.5,0.5,0.5,0.3535533845424652,0.3535533845424652,0.3535533845424652,0.3535533845424652,0.3535533845424652,0.3535533845424652,0.3535533845424652,0.3535533845424652,0.3535533845424652,0.3535533845424652,0.3535533845424652,0.3535533845424652,0.3535533845424652,0.3535533845424652,0.3535533845424652,0.3535533845424652,0.5,0.5,0.866025447845459,0.5,0.3535533845424652,0.3535533845424652,0.3535533845424652,0.3535533845424652,0.6123723983764648,0.6123723983764648,0.5,0.5,0.28867512941360474,0.28867512941360474,0.3535533845424652,0.3535533845424652,0.3535533845424652,0.3535533845424652,0.3535533845424652,0.3535533845424652,0.3535533845424652,0.3535533845424652,0.5773502588272095,0.7071067690849304,0.3535533845424652,0.3535533845424652,0.5,0.5,0.5,0.5,0.5,0.5,0.3535533845424652,0.3535533845424652,0.3535533845424652,0.3535533845424652,0.3535533845424652,0.3535533845424652,1.0,0.5,0.5,0.7071067690849304,0.7071067690849304,0.5773502588272095,0.5773502588272095,0.7071067690849304,0.7071067690849304,0.5773502588272095,0.5773502588272095,0.3535533845424652,0.3535533845424652,0.5,0.5,0.7071067690849304,0.7071067690849304,0.22360679507255554,0.5,0.5,0.0,0.0,0.28867512941360474,0.28867512941360474,0.7071067690849304,0.7071067690849304,0.5773502588272095,0.5773502588272095,0.5773502588272095,0.5773502588272095,0.7071067690849304,0.7071067690849304,0.7071067690849304,0.7071067690849304,0.5,0.5,0.7071067690849304,0.5773502588272095,0.5773502588272095,1.0,1.0,0.866025447845459,1.0,1.0,1.0,1.0,1.0,1.0,0.866025447845459,0.7071067690849304,1.0,1.0,1.0,1.0,1.0,1.0,1.0,0.6666666865348816,1.0,0.7071067690849304,0.7071067690849304,0.5,1.0,1.0,0.866025447845459,0.866025447845459,0.75,0.75,0.866025447845459,0.866025447845459,0.866025447845459,0.866025447845459,0.5,0.5,0.3535533845424652,0.3535533845424652,0.4472135901451111,0.4472135901451111,0.25,0.28867512941360474,0.28867512941360474,0.5773502588272095,0.5773502588272095,0.3535533845424652,0.3535533845424652,0.3535533845424652,0.3535533845424652,0.3535533845424652,0.3535533845424652,0.3535533845424652,0.3535533845424652,0.5,0.5,0.5,0.5,0.28867512941360474,0.28867512941360474,0.7071067690849304,0.7071067690849304,0.5,0.5,0.5,0.5,0.3535533845424652,0.5,0.5,0.866025447845459,0.5,0.5,0.5,0.5,0.5,0.5,0.3535533845424652,0.3535533845424652,0.5,0.5,0.3535533845424652,0.3535533845424652,0.5,0.5,0.3535533845424652,0.3535533845424652,0.3535533845424652,0.3535533845424652,0.5,0.5,0.5,0.5773502588272095,0.3535533845424652,0.3535533845424652,0.3535533845424652,0.5773502588272095,0.5773502588272095,0.3535533845424652,0.5,0.28867512941360474,0.3535533845424652,0.3535533845424652,0.3535533845424652,0.3535533845424652,0.3535533845424652,0.5,0.5773502588272095,0.3535533845424652,0.3535533845424652,0.3535533845424652,0.3535533845424652,0.3535533845424652,0.3535533845424652,0.3535533845424652,0.3535533845424652,0.5773502588272095,0.3535533845424652,0.5,0.3535533845424652,0.3535533845424652,0.3535533845424652,0.3535533845424652,0.5773502588272095,0.5773502588272095,0.5773502588272095,0.5773502588272095,0.7071067690849304,0.5,0.5,0.5,0.5,0.5,0.5,0.5,0.7071067690849304,0.7071067690849304,0.5773502588272095,0.5,0.5,0.5,0.5,0.5,0.5,0.5,0.5,0.5,0.5,0.5,0.3535533845424652,0.3535533845424652,0.3535533845424652,0.3535533845424652,0.3535533845424652,0.3535533845424652,0.3535533845424652,0.3535533845424652,0.3535533845424652,0.5773502588272095,0.5773502588272095,0.866025447845459,0.866025447845459,0.7071067690849304,0.7071067690849304,0.5,0.5,0.5,0.5
PVNL,0.0,0.0,0.0,0.0,0.0,0.0,0.0,0.0,0.0,0.0,0.0,0.0,0.0,0.0,0.0,0.0,0.0,0.0,0.0,0.0,0.5,0.5,0.3535533845424652,0.3535533845424652,0.5,0.5,0.5,0.5,0.5,0.5,0.5,0.5,0.5,0.5,0.5,0.5,0.5,0.5,0.5,0.5,0.5,0.5,0.5,0.5,0.3535533845424652,0.3535533845424652,0.3535533845424652,0.3535533845424652,0.3535533845424652,0.3535533845424652,0.3535533845424652,0.3535533845424652,0.3535533845424652,0.3535533845424652,0.3535533845424652,0.3535533845424652,0.3535533845424652,0.3535533845424652,0.3535533845424652,0.3535533845424652,0.5,0.5,0.866025447845459,0.5,0.3535533845424652,0.3535533845424652,0.3535533845424652,0.3535533845424652,0.6123723983764648,0.6123723983764648,0.5,0.5,0.28867512941360474,0.28867512941360474,0.3535533845424652,0.3535533845424652,0.3535533845424652,0.3535533845424652,0.3535533845424652,0.3535533845424652,0.3535533845424652,0.3535533845424652,0.5773502588272095,0.7071067690849304,0.3535533845424652,0.3535533845424652,0.5,0.5,0.5,0.5,0.5,0.5,0.3535533845424652,0.3535533845424652,0.3535533845424652,0.3535533845424652,0.3535533845424652,0.3535533845424652,1.0,0.5,0.5,0.7071067690849304,0.7071067690849304,0.5773502588272095,0.5773502588272095,0.7071067690849304,0.7071067690849304,0.5773502588272095,0.5773502588272095,0.3535533845424652,0.3535533845424652,0.5,0.5,0.7071067690849304,0.7071067690849304,0.22360679507255554,0.5,0.5,0.0,0.0,0.28867512941360474,0.28867512941360474,0.7071067690849304,0.7071067690849304,0.5773502588272095,0.5773502588272095,0.5773502588272095,0.5773502588272095,0.7071067690849304,0.7071067690849304,0.7071067690849304,0.7071067690849304,0.5,0.5,0.7071067690849304,0.5773502588272095,0.5773502588272095,1.0,1.0,0.866025447845459,1.0,1.0,1.0,1.0,1.0,1.0,0.866025447845459,0.7071067690849304,1.0,1.0,1.0,1.0,1.0,1.0,1.0,0.6666666865348816,1.0,0.7071067690849304,0.7071067690849304,0.5,1.0,1.0,0.866025447845459,0.866025447845459,0.75,0.75,0.866025447845459,0.866025447845459,0.866025447845459,0.866025447845459,0.5,0.5,0.3535533845424652,0.3535533845424652,0.4472135901451111,0.4472135901451111,0.25,0.28867512941360474,0.28867512941360474,0.5773502588272095,0.5773502588272095,0.3535533845424652,0.3535533845424652,0.3535533845424652,0.3535533845424652,0.3535533845424652,0.3535533845424652,0.3535533845424652,0.3535533845424652,0.5,0.5,0.5,0.5,0.28867512941360474,0.28867512941360474,0.7071067690849304,0.7071067690849304,0.5,0.5,0.5,0.5,0.3535533845424652,0.5,0.5,0.866025447845459,0.5,0.5,0.5,0.5,0.5,0.5,0.3535533845424652,0.3535533845424652,0.5,0.5,0.3535533845424652,0.3535533845424652,0.5,0.5,0.3535533845424652,0.3535533845424652,0.3535533845424652,0.3535533845424652,0.5,0.5,0.5,0.5773502588272095,0.3535533845424652,0.3535533845424652,0.3535533845424652,0.5773502588272095,0.5773502588272095,0.3535533845424652,0.5,0.28867512941360474,0.3535533845424652,0.3535533845424652,0.3535533845424652,0.3535533845424652,0.3535533845424652,0.5,0.5773502588272095,0.3535533845424652,0.3535533845424652,0.3535533845424652,0.3535533845424652,0.3535533845424652,0.3535533845424652,0.3535533845424652,0.3535533845424652,0.5773502588272095,0.3535533845424652,0.5,0.3535533845424652,0.3535533845424652,0.3535533845424652,0.3535533845424652,0.5773502588272095,0.5773502588272095,0.5773502588272095,0.5773502588272095,0.7071067690849304,0.5,0.5,0.5,0.5,0.5,0.5,0.5,0.7071067690849304,0.7071067690849304,0.5773502588272095,0.5,0.5,0.5,0.5,0.5,0.5,0.5,0.5,0.5,0.5,0.5,0.3535533845424652,0.3535533845424652,0.3535533845424652,0.3535533845424652,0.3535533845424652,0.3535533845424652,0.3535533845424652,0.3535533845424652,0.3535533845424652,0.5773502588272095,0.5773502588272095,0.866025447845459,0.866025447845459,0.7071067690849304,0.7071067690849304,0.5,0.5,0.5,0.5
PVNR,0.0,0.0,0.0,0.0,0.0,0.0,0.0,0.0,0.0,0.0,0.0,0.0,0.0,0.0,0.0,0.0,0.0,0.0,0.0,0.0,0.5,0.5,0.3535533845424652,0.3535533845424652,0.5,0.5,0.5,0.5,0.5,0.5,0.5,0.5,0.5,0.5,0.5,0.5,0.5,0.5,0.5,0.5,0.5,0.5,0.5,0.5,0.3535533845424652,0.3535533845424652,0.3535533845424652,0.3535533845424652,0.3535533845424652,0.3535533845424652,0.3535533845424652,0.3535533845424652,0.3535533845424652,0.3535533845424652,0.3535533845424652,0.3535533845424652,0.3535533845424652,0.3535533845424652,0.3535533845424652,0.3535533845424652,0.5,0.5,0.866025447845459,0.5,0.3535533845424652,0.3535533845424652,0.3535533845424652,0.3535533845424652,0.6123723983764648,0.6123723983764648,0.5,0.5,0.28867512941360474,0.28867512941360474,0.3535533845424652,0.3535533845424652,0.3535533845424652,0.3535533845424652,0.3535533845424652,0.3535533845424652,0.3535533845424652,0.3535533845424652,0.5773502588272095,0.7071067690849304,0.3535533845424652,0.3535533845424652,0.5,0.5,0.5,0.5,0.5,0.5,0.3535533845424652,0.3535533845424652,0.3535533845424652,0.3535533845424652,0.3535533845424652,0.3535533845424652,1.0,0.5,0.5,0.7071067690849304,0.7071067690849304,0.5773502588272095,0.5773502588272095,0.7071067690849304,0.7071067690849304,0.5773502588272095,0.5773502588272095,0.3535533845424652,0.3535533845424652,0.5,0.5,0.7071067690849304,0.7071067690849304,0.22360679507255554,0.5,0.5,0.0,0.0,0.28867512941360474,0.28867512941360474,0.7071067690849304,0.7071067690849304,0.5773502588272095,0.5773502588272095,0.5773502588272095,0.5773502588272095,0.7071067690849304,0.7071067690849304,0.7071067690849304,0.7071067690849304,0.5,0.5,0.7071067690849304,0.5773502588272095,0.5773502588272095,1.0,1.0,0.866025447845459,1.0,1.0,1.0,1.0,1.0,1.0,0.866025447845459,0.7071067690849304,1.0,1.0,1.0,1.0,1.0,1.0,1.0,0.6666666865348816,1.0,0.7071067690849304,0.7071067690849304,0.5,1.0,1.0,0.866025447845459,0.866025447845459,0.75,0.75,0.866025447845459,0.866025447845459,0.866025447845459,0.866025447845459,0.5,0.5,0.3535533845424652,0.3535533845424652,0.4472135901451111,0.4472135901451111,0.25,0.28867512941360474,0.28867512941360474,0.5773502588272095,0.5773502588272095,0.3535533845424652,0.3535533845424652,0.3535533845424652,0.3535533845424652,0.3535533845424652,0.3535533845424652,0.3535533845424652,0.3535533845424652,0.5,0.5,0.5,0.5,0.28867512941360474,0.28867512941360474,0.7071067690849304,0.7071067690849304,0.5,0.5,0.5,0.5,0.3535533845424652,0.5,0.5,0.866025447845459,0.5,0.5,0.5,0.5,0.5,0.5,0.3535533845424652,0.3535533845424652,0.5,0.5,0.3535533845424652,0.3535533845424652,0.5,0.5,0.3535533845424652,0.3535533845424652,0.3535533845424652,0.3535533845424652,0.5,0.5,0.5,0.5773502588272095,0.3535533845424652,0.3535533845424652,0.3535533845424652,0.5773502588272095,0.5773502588272095,0.3535533845424652,0.5,0.28867512941360474,0.3535533845424652,0.3535533845424652,0.3535533845424652,0.3535533845424652,0.3535533845424652,0.5,0.5773502588272095,0.3535533845424652,0.3535533845424652,0.3535533845424652,0.3535533845424652,0.3535533845424652,0.3535533845424652,0.3535533845424652,0.3535533845424652,0.5773502588272095,0.3535533845424652,0.5,0.3535533845424652,0.3535533845424652,0.3535533845424652,0.3535533845424652,0.5773502588272095,0.5773502588272095,0.5773502588272095,0.5773502588272095,0.7071067690849304,0.5,0.5,0.5,0.5,0.5,0.5,0.5,0.7071067690849304,0.7071067690849304,0.5773502588272095,0.5,0.5,0.5,0.5,0.5,0.5,0.5,0.5,0.5,0.5,0.5,0.3535533845424652,0.3535533845424652,0.3535533845424652,0.3535533845424652,0.3535533845424652,0.3535533845424652,0.3535533845424652,0.3535533845424652,0.3535533845424652,0.5773502588272095,0.5773502588272095,0.866025447845459,0.866025447845459,0.7071067690849304,0.7071067690849304,0.5,0.5,0.5,0.5
PVPL,0.0,0.0,0.0,0.0,0.0,0.0,0.0,0.0,0.0,0.0,0.0,0.0,0.0,0.0,0.0,0.0,0.0,0.0,0.0,0.0,0.5,0.5,0.3535533845424652,0.3535533845424652,0.5,0.5,0.5,0.5,0.5,0.5,0.5,0.5,0.5,0.5,0.5,0.5,0.5,0.5,0.5,0.5,0.5,0.5,0.5,0.5,0.3535533845424652,0.3535533845424652,0.3535533845424652,0.3535533845424652,0.3535533845424652,0.3535533845424652,0.3535533845424652,0.3535533845424652,0.3535533845424652,0.3535533845424652,0.3535533845424652,0.3535533845424652,0.3535533845424652,0.3535533845424652,0.3535533845424652,0.3535533845424652,0.5,0.5,0.866025447845459,0.5,0.3535533845424652,0.3535533845424652,0.3535533845424652,0.3535533845424652,0.6123723983764648,0.6123723983764648,0.5,0.5,0.28867512941360474,0.28867512941360474,0.3535533845424652,0.3535533845424652,0.3535533845424652,0.3535533845424652,0.3535533845424652,0.3535533845424652,0.3535533845424652,0.3535533845424652,0.5773502588272095,0.7071067690849304,0.3535533845424652,0.3535533845424652,0.5,0.5,0.5,0.5,0.5,0.5,0.3535533845424652,0.3535533845424652,0.3535533845424652,0.3535533845424652,0.3535533845424652,0.3535533845424652,1.0,0.5,0.5,0.7071067690849304,0.7071067690849304,0.5773502588272095,0.5773502588272095,0.7071067690849304,0.7071067690849304,0.5773502588272095,0.5773502588272095,0.3535533845424652,0.3535533845424652,0.5,0.5,0.7071067690849304,0.7071067690849304,0.22360679507255554,0.5,0.5,0.0,0.0,0.28867512941360474,0.28867512941360474,0.7071067690849304,0.7071067690849304,0.5773502588272095,0.5773502588272095,0.5773502588272095,0.5773502588272095,0.7071067690849304,0.7071067690849304,0.7071067690849304,0.7071067690849304,0.5,0.5,0.7071067690849304,0.5773502588272095,0.5773502588272095,1.0,1.0,0.866025447845459,1.0,1.0,1.0,1.0,1.0,1.0,0.866025447845459,0.7071067690849304,1.0,1.0,1.0,1.0,1.0,1.0,1.0,0.6666666865348816,1.0,0.7071067690849304,0.7071067690849304,0.5,1.0,1.0,0.866025447845459,0.866025447845459,0.75,0.75,0.866025447845459,0.866025447845459,0.866025447845459,0.866025447845459,0.5,0.5,0.3535533845424652,0.3535533845424652,0.4472135901451111,0.4472135901451111,0.25,0.28867512941360474,0.28867512941360474,0.5773502588272095,0.5773502588272095,0.3535533845424652,0.3535533845424652,0.3535533845424652,0.3535533845424652,0.3535533845424652,0.3535533845424652,0.3535533845424652,0.3535533845424652,0.5,0.5,0.5,0.5,0.28867512941360474,0.28867512941360474,0.7071067690849304,0.7071067690849304,0.5,0.5,0.5,0.5,0.3535533845424652,0.5,0.5,0.866025447845459,0.5,0.5,0.5,0.5,0.5,0.5,0.3535533845424652,0.3535533845424652,0.5,0.5,0.3535533845424652,0.3535533845424652,0.5,0.5,0.3535533845424652,0.3535533845424652,0.3535533845424652,0.3535533845424652,0.5,0.5,0.5,0.5773502588272095,0.3535533845424652,0.3535533845424652,0.3535533845424652,0.5773502588272095,0.5773502588272095,0.3535533845424652,0.5,0.28867512941360474,0.3535533845424652,0.3535533845424652,0.3535533845424652,0.3535533845424652,0.3535533845424652,0.5,0.5773502588272095,0.3535533845424652,0.3535533845424652,0.3535533845424652,0.3535533845424652,0.3535533845424652,0.3535533845424652,0.3535533845424652,0.3535533845424652,0.5773502588272095,0.3535533845424652,0.5,0.3535533845424652,0.3535533845424652,0.3535533845424652,0.3535533845424652,0.5773502588272095,0.5773502588272095,0.5773502588272095,0.5773502588272095,0.7071067690849304,0.5,0.5,0.5,0.5,0.5,0.5,0.5,0.7071067690849304,0.7071067690849304,0.5773502588272095,0.5,0.5,0.5,0.5,0.5,0.5,0.5,0.5,0.5,0.5,0.5,0.3535533845424652,0.3535533845424652,0.3535533845424652,0.3535533845424652,0.3535533845424652,0.3535533845424652,0.3535533845424652,0.3535533845424652,0.3535533845424652,0.5773502588272095,0.5773502588272095,0.866025447845459,0.866025447845459,0.7071067690849304,0.7071067690849304,0.5,0.5,0.5,0.5
PVPR,0.0,0.0,0.0,0.0,0.0,0.0,0.0,0.0,0.0,0.0,0.0,0.0,0.0,0.0,0.0,0.0,0.0,0.0,0.0,0.0,0.5,0.5,0.3535533845424652,0.3535533845424652,0.5,0.5,0.5,0.5,0.5,0.5,0.5,0.5,0.5,0.5,0.5,0.5,0.5,0.5,0.5,0.5,0.5,0.5,0.5,0.5,0.3535533845424652,0.3535533845424652,0.3535533845424652,0.3535533845424652,0.3535533845424652,0.3535533845424652,0.3535533845424652,0.3535533845424652,0.3535533845424652,0.3535533845424652,0.3535533845424652,0.3535533845424652,0.3535533845424652,0.3535533845424652,0.3535533845424652,0.3535533845424652,0.5,0.5,0.866025447845459,0.5,0.3535533845424652,0.3535533845424652,0.3535533845424652,0.3535533845424652,0.6123723983764648,0.6123723983764648,0.5,0.5,0.28867512941360474,0.28867512941360474,0.3535533845424652,0.3535533845424652,0.3535533845424652,0.3535533845424652,0.3535533845424652,0.3535533845424652,0.3535533845424652,0.3535533845424652,0.5773502588272095,0.7071067690849304,0.3535533845424652,0.3535533845424652,0.5,0.5,0.5,0.5,0.5,0.5,0.3535533845424652,0.3535533845424652,0.3535533845424652,0.3535533845424652,0.3535533845424652,0.3535533845424652,1.0,0.5,0.5,0.7071067690849304,0.7071067690849304,0.5773502588272095,0.5773502588272095,0.7071067690849304,0.7071067690849304,0.5773502588272095,0.5773502588272095,0.3535533845424652,0.3535533845424652,0.5,0.5,0.7071067690849304,0.7071067690849304,0.22360679507255554,0.5,0.5,0.0,0.0,0.28867512941360474,0.28867512941360474,0.7071067690849304,0.7071067690849304,0.5773502588272095,0.5773502588272095,0.5773502588272095,0.5773502588272095,0.7071067690849304,0.7071067690849304,0.7071067690849304,0.7071067690849304,0.5,0.5,0.7071067690849304,0.5773502588272095,0.5773502588272095,1.0,1.0,0.866025447845459,1.0,1.0,1.0,1.0,1.0,1.0,0.866025447845459,0.7071067690849304,1.0,1.0,1.0,1.0,1.0,1.0,1.0,0.6666666865348816,1.0,0.7071067690849304,0.7071067690849304,0.5,1.0,1.0,0.866025447845459,0.866025447845459,0.75,0.75,0.866025447845459,0.866025447845459,0.866025447845459,0.866025447845459,0.5,0.5,0.3535533845424652,0.3535533845424652,0.4472135901451111,0.4472135901451111,0.25,0.28867512941360474,0.28867512941360474,0.5773502588272095,0.5773502588272095,0.3535533845424652,0.3535533845424652,0.3535533845424652,0.3535533845424652,0.3535533845424652,0.3535533845424652,0.3535533845424652,0.3535533845424652,0.5,0.5,0.5,0.5,0.28867512941360474,0.28867512941360474,0.7071067690849304,0.7071067690849304,0.5,0.5,0.5,0.5,0.3535533845424652,0.5,0.5,0.866025447845459,0.5,0.5,0.5,0.5,0.5,0.5,0.3535533845424652,0.3535533845424652,0.5,0.5,0.3535533845424652,0.3535533845424652,0.5,0.5,0.3535533845424652,0.3535533845424652,0.3535533845424652,0.3535533845424652,0.5,0.5,0.5,0.5773502588272095,0.3535533845424652,0.3535533845424652,0.3535533845424652,0.5773502588272095,0.5773502588272095,0.3535533845424652,0.5,0.28867512941360474,0.3535533845424652,0.3535533845424652,0.3535533845424652,0.3535533845424652,0.3535533845424652,0.5,0.5773502588272095,0.3535533845424652,0.3535533845424652,0.3535533845424652,0.3535533845424652,0.3535533845424652,0.3535533845424652,0.3535533845424652,0.3535533845424652,0.5773502588272095,0.3535533845424652,0.5,0.3535533845424652,0.3535533845424652,0.3535533845424652,0.3535533845424652,0.5773502588272095,0.5773502588272095,0.5773502588272095,0.5773502588272095,0.7071067690849304,0.5,0.5,0.5,0.5,0.5,0.5,0.5,0.7071067690849304,0.7071067690849304,0.5773502588272095,0.5,0.5,0.5,0.5,0.5,0.5,0.5,0.5,0.5,0.5,0.5,0.3535533845424652,0.3535533845424652,0.3535533845424652,0.3535533845424652,0.3535533845424652,0.3535533845424652,0.3535533845424652,0.3535533845424652,0.3535533845424652,0.5773502588272095,0.5773502588272095,0.866025447845459,0.866025447845459,0.7071067690849304,0.7071067690849304,0.5,0.5,0.5,0.5
PVQL,0.0,0.0,0.0,0.0,0.0,0.0,0.0,0.0,0.0,0.0,0.0,0.0,0.0,0.0,0.0,0.0,0.0,0.0,0.0,0.0,0.5,0.5,0.3535533845424652,0.3535533845424652,0.5,0.5,0.5,0.5,0.5,0.5,0.5,0.5,0.5,0.5,0.5,0.5,0.5,0.5,0.5,0.5,0.5,0.5,0.5,0.5,0.3535533845424652,0.3535533845424652,0.3535533845424652,0.3535533845424652,0.3535533845424652,0.3535533845424652,0.3535533845424652,0.3535533845424652,0.3535533845424652,0.3535533845424652,0.3535533845424652,0.3535533845424652,0.3535533845424652,0.3535533845424652,0.3535533845424652,0.3535533845424652,0.5,0.5,0.866025447845459,0.5,0.3535533845424652,0.3535533845424652,0.3535533845424652,0.3535533845424652,0.6123723983764648,0.6123723983764648,0.5,0.5,0.28867512941360474,0.28867512941360474,0.3535533845424652,0.3535533845424652,0.3535533845424652,0.3535533845424652,0.3535533845424652,0.3535533845424652,0.3535533845424652,0.3535533845424652,0.5773502588272095,0.7071067690849304,0.3535533845424652,0.3535533845424652,0.5,0.5,0.5,0.5,0.5,0.5,0.3535533845424652,0.3535533845424652,0.3535533845424652,0.3535533845424652,0.3535533845424652,0.3535533845424652,1.0,0.5,0.5,0.7071067690849304,0.7071067690849304,0.5773502588272095,0.5773502588272095,0.7071067690849304,0.7071067690849304,0.5773502588272095,0.5773502588272095,0.3535533845424652,0.3535533845424652,0.5,0.5,0.7071067690849304,0.7071067690849304,0.22360679507255554,0.5,0.5,0.0,0.0,0.28867512941360474,0.28867512941360474,0.7071067690849304,0.7071067690849304,0.5773502588272095,0.5773502588272095,0.5773502588272095,0.5773502588272095,0.7071067690849304,0.7071067690849304,0.7071067690849304,0.7071067690849304,0.5,0.5,0.7071067690849304,0.5773502588272095,0.5773502588272095,1.0,1.0,0.866025447845459,1.0,1.0,1.0,1.0,1.0,1.0,0.866025447845459,0.7071067690849304,1.0,1.0,1.0,1.0,1.0,1.0,1.0,0.6666666865348816,1.0,0.7071067690849304,0.7071067690849304,0.5,1.0,1.0,0.866025447845459,0.866025447845459,0.75,0.75,0.866025447845459,0.866025447845459,0.866025447845459,0.866025447845459,0.5,0.5,0.3535533845424652,0.3535533845424652,0.4472135901451111,0.4472135901451111,0.25,0.28867512941360474,0.28867512941360474,0.5773502588272095,0.5773502588272095,0.3535533845424652,0.3535533845424652,0.3535533845424652,0.3535533845424652,0.3535533845424652,0.3535533845424652,0.3535533845424652,0.3535533845424652,0.5,0.5,0.5,0.5,0.28867512941360474,0.28867512941360474,0.7071067690849304,0.7071067690849304,0.5,0.5,0.5,0.5,0.3535533845424652,0.5,0.5,0.866025447845459,0.5,0.5,0.5,0.5,0.5,0.5,0.3535533845424652,0.3535533845424652,0.5,0.5,0.3535533845424652,0.3535533845424652,0.5,0.5,0.3535533845424652,0.3535533845424652,0.3535533845424652,0.3535533845424652,0.5,0.5,0.5,0.5773502588272095,0.3535533845424652,0.3535533845424652,0.3535533845424652,0.5773502588272095,0.5773502588272095,0.3535533845424652,0.5,0.28867512941360474,0.3535533845424652,0.3535533845424652,0.3535533845424652,0.3535533845424652,0.3535533845424652,0.5,0.5773502588272095,0.3535533845424652,0.3535533845424652,0.3535533845424652,0.3535533845424652,0.3535533845424652,0.3535533845424652,0.3535533845424652,0.3535533845424652,0.5773502588272095,0.3535533845424652,0.5,0.3535533845424652,0.3535533845424652,0.3535533845424652,0.3535533845424652,0.5773502588272095,0.5773502588272095,0.5773502588272095,0.5773502588272095,0.7071067690849304,0.5,0.5,0.5,0.5,0.5,0.5,0.5,0.7071067690849304,0.7071067690849304,0.5773502588272095,0.5,0.5,0.5,0.5,0.5,0.5,0.5,0.5,0.5,0.5,0.5,0.3535533845424652,0.3535533845424652,0.3535533845424652,0.3535533845424652,0.3535533845424652,0.3535533845424652,0.3535533845424652,0.3535533845424652,0.3535533845424652,0.5773502588272095,0.5773502588272095,0.866025447845459,0.866025447845459,0.7071067690849304,0.7071067690849304,0.5,0.5,0.5,0.5
PVQR,0.0,0.0,0.0,0.0,0.0,0.0,0.0,0.0,0.0,0.0,0.0,0.0,0.0,0.0,0.0,0.0,0.0,0.0,0.0,0.0,0.5,0.5,0.3535533845424652,0.3535533845424652,0.5,0.5,0.5,0.5,0.5,0.5,0.5,0.5,0.5,0.5,0.5,0.5,0.5,0.5,0.5,0.5,0.5,0.5,0.5,0.5,0.3535533845424652,0.3535533845424652,0.3535533845424652,0.3535533845424652,0.3535533845424652,0.3535533845424652,0.3535533845424652,0.3535533845424652,0.3535533845424652,0.3535533845424652,0.3535533845424652,0.3535533845424652,0.3535533845424652,0.3535533845424652,0.3535533845424652,0.3535533845424652,0.5,0.5,0.866025447845459,0.5,0.3535533845424652,0.3535533845424652,0.3535533845424652,0.3535533845424652,0.6123723983764648,0.6123723983764648,0.5,0.5,0.28867512941360474,0.28867512941360474,0.3535533845424652,0.3535533845424652,0.3535533845424652,0.3535533845424652,0.3535533845424652,0.3535533845424652,0.3535533845424652,0.3535533845424652,0.5773502588272095,0.7071067690849304,0.3535533845424652,0.3535533845424652,0.5,0.5,0.5,0.5,0.5,0.5,0.3535533845424652,0.3535533845424652,0.3535533845424652,0.3535533845424652,0.3535533845424652,0.3535533845424652,1.0,0.5,0.5,0.7071067690849304,0.7071067690849304,0.5773502588272095,0.5773502588272095,0.7071067690849304,0.7071067690849304,0.5773502588272095,0.5773502588272095,0.3535533845424652,0.3535533845424652,0.5,0.5,0.7071067690849304,0.7071067690849304,0.22360679507255554,0.5,0.5,0.0,0.0,0.28867512941360474,0.28867512941360474,0.7071067690849304,0.7071067690849304,0.5773502588272095,0.5773502588272095,0.5773502588272095,0.5773502588272095,0.7071067690849304,0.7071067690849304,0.7071067690849304,0.7071067690849304,0.5,0.5,0.7071067690849304,0.5773502588272095,0.5773502588272095,1.0,1.0,0.866025447845459,1.0,1.0,1.0,1.0,1.0,1.0,0.866025447845459,0.7071067690849304,1.0,1.0,1.0,1.0,1.0,1.0,1.0,0.6666666865348816,1.0,0.7071067690849304,0.7071067690849304,0.5,1.0,1.0,0.866025447845459,0.866025447845459,0.75,0.75,0.866025447845459,0.866025447845459,0.866025447845459,0.866025447845459,0.5,0.5,0.3535533845424652,0.3535533845424652,0.4472135901451111,0.4472135901451111,0.25,0.28867512941360474,0.28867512941360474,0.5773502588272095,0.5773502588272095,0.3535533845424652,0.3535533845424652,0.3535533845424652,0.3535533845424652,0.3535533845424652,0.3535533845424652,0.3535533845424652,0.3535533845424652,0.5,0.5,0.5,0.5,0.28867512941360474,0.28867512941360474,0.7071067690849304,0.7071067690849304,0.5,0.5,0.5,0.5,0.3535533845424652,0.5,0.5,0.866025447845459,0.5,0.5,0.5,0.5,0.5,0.5,0.3535533845424652,0.3535533845424652,0.5,0.5,0.3535533845424652,0.3535533845424652,0.5,0.5,0.3535533845424652,0.3535533845424652,0.3535533845424652,0.3535533845424652,0.5,0.5,0.5,0.5773502588272095,0.3535533845424652,0.3535533845424652,0.3535533845424652,0.5773502588272095,0.5773502588272095,0.3535533845424652,0.5,0.28867512941360474,0.3535533845424652,0.3535533845424652,0.3535533845424652,0.3535533845424652,0.3535533845424652,0.5,0.5773502588272095,0.3535533845424652,0.3535533845424652,0.3535533845424652,0.3535533845424652,0.3535533845424652,0.3535533845424652,0.3535533845424652,0.3535533845424652,0.5773502588272095,0.3535533845424652,0.5,0.3535533845424652,0.3535533845424652,0.3535533845424652,0.3535533845424652,0.5773502588272095,0.5773502588272095,0.5773502588272095,0.5773502588272095,0.7071067690849304,0.5,0.5,0.5,0.5,0.5,0.5,0.5,0.7071067690849304,0.7071067690849304,0.5773502588272095,0.5,0.5,0.5,0.5,0.5,0.5,0.5,0.5,0.5,0.5,0.5,0.3535533845424652,0.3535533845424652,0.3535533845424652,0.3535533845424652,0.3535533845424652,0.3535533845424652,0.3535533845424652,0.3535533845424652,0.3535533845424652,0.5773502588272095,0.5773502588272095,0.866025447845459,0.866025447845459,0.7071067690849304,0.7071067690849304,0.5,0.5,0.5,0.5
PVR,0.0,0.0,0.0,0.0,0.0,0.0,0.0,0.0,0.0,0.0,0.0,0.0,0.0,0.0,0.0,0.0,0.0,0.0,0.0,0.0,0.3333333432674408,0.3333333432674408,0.2357022762298584,0.2357022762298584,0.3333333432674408,0.3333333432674408,0.3333333432674408,0.3333333432674408,0.3333333432674408,0.3333333432674408,0.3333333432674408,0.3333333432674408,0.3333333432674408,0.3333333432674408,0.3333333432674408,0.3333333432674408,0.3333333432674408,0.3333333432674408,0.3333333432674408,0.3333333432674408,0.3333333432674408,0.3333333432674408,0.3333333432674408,0.3333333432674408,0.4714045524597168,0.4714045524597168,0.2357022762298584,0.2357022762298584,0.4714045524597168,0.4714045524597168,0.4714045524597168,0.4714045524597168,0.4714045524597168,0.4714045524597168,0.2357022762298584,0.2357022762298584,0.4714045524597168,0.4714045524597168,0.4714045524597168,0.4714045524597168,0.3333333432674408,0.3333333432674408,0.5773503184318542,0.3333333432674408,0.4714045524597168,0.4714045524597168,0.4714045524597168,0.4714045524597168,0.5443310141563416,0.5443310141563416,0.3333333432674408,0.3333333432674408,0.19245009124279022,0.19245009124279022,0.2357022762298584,0.2357022762298584,0.4714045524597168,0.4714045524597168,0.4714045524597168,0.4714045524597168,0.4714045524597168,0.4714045524597168,0.38490018248558044,0.4714045524597168,0.2357022762298584,0.2357022762298584,0.3333333432674408,0.3333333432674408,0.3333333432674408,0.3333333432674408,0.3333333432674408,0.3333333432674408,0.4714045524597168,0.4714045524597168,0.2357022762298584,0.2357022762298584,0.2357022762298584,0.2357022762298584,0.6666666865348816,0.3333333432674408,0.3333333432674408,0.4714045524597168,0.4714045524597168,0.38490018248558044,0.38490018248558044,0.4714045524597168,0.4714045524597168,0.38490018248558044,0.38490018248558044,0.2357022762298584,0.2357022762298584,0.3333333432674408,0.3333333432674408,0.4714045524597168,0.4714045524597168,0.14907118678092957,0.3333333432674408,0.3333333432674408,0.0,0.0,0.19245009124279022,0.19245009124279022,0.4714045524597168,0.4714045524597168,0.38490018248558044,0.38490018248558044,0.38490018248558044,0.38490018248558044,0.4714045524597168,0.4714045524597168,0.4714045524597168,0.4714045524597168,0.3333333432674408,0.3333333432674408,0.4714045524597168,0.38490018248558044,0.38490018248558044,0.6666666865348816,0.6666666865348816,0.5773503184318542,0.6666666865348816,0.6666666865348816,0.6666666865348816,0.6666666865348816,0.6666666865348816,0.6666666865348816,0.5773503184318542,0.4714045524597168,0.6666666865348816,0.6666666865348816,0.6666666865348816,0.6666666865348816,0.6666666865348816,0.6666666865348816,0.6666666865348816,1.0,0.6666666865348816,0.4714045524597168,0.4714045524597168,0.3333333432674408,0.6666666865348816,0.6666666865348816,0.5773503184318542,0.5773503184318542,0.5,0.5,0.5773503184318542,0.5773503184318542,0.5773503184318542,0.5773503184318542,0.3333333432674408,0.3333333432674408,0.2357022762298584,0.2357022762298584,0.29814237356185913,0.29814237356185913,0.1666666716337204,0.19245009124279022,0.19245009124279022,0.38490018248558044,0.38490018248558044,0.4714045524597168,0.4714045524597168,0.2357022762298584,0.2357022762298584,0.4714045524597168,0.4714045524597168,0.2357022762298584,0.2357022762298584,0.3333333432674408,0.3333333432674408,0.3333333432674408,0.3333333432674408,0.19245009124279022,0.19245009124279022,0.4714045524597168,0.4714045524597168,0.3333333432674408,0.3333333432674408,0.3333333432674408,0.3333333432674408,0.2357022762298584,0.3333333432674408,0.3333333432674408,0.5773503184318542,0.3333333432674408,0.3333333432674408,0.3333333432674408,0.3333333432674408,0.3333333432674408,0.3333333432674408,0.2357022762298584,0.2357022762298584,0.3333333432674408,0.3333333432674408,0.2357022762298584,0.2357022762298584,0.3333333432674408,0.3333333432674408,0.4714045524597168,0.4714045524597168,0.4714045524597168,0.4714045524597168,0.3333333432674408,0.3333333432674408,0.3333333432674408,0.38490018248558044,0.2357022762298584,0.2357022762298584,0.2357022762298584,0.38490018248558044,0.38490018248558044,0.2357022762298584,0.3333333432674408,0.19245009124279022,0.2357022762298584,0.2357022762298584,0.2357022762298584,0.2357022762298584,0.2357022762298584,0.3333333432674408,0.38490018248558044,0.2357022762298584,0.2357022762298584,0.2357022762298584,0.2357022762298584,0.2357022762298584,0.2357022762298584,0.2357022762298584,0.2357022762298584,0.38490018248558044,0.2357022762298584,0.3333333432674408,0.2357022762298584,0.2357022762298584,0.2357022762298584,0.2357022762298584,0.38490018248558044,0.38490018248558044,0.38490018248558044,0.38490018248558044,0.4714045524597168,0.3333333432674408,0.3333333432674408,0.3333333432674408,0.3333333432674408,0.3333333432674408,0.3333333432674408,0.3333333432674408,0.4714045524597168,0.4714045524597168,0.38490018248558044,0.3333333432674408,0.3333333432674408,0.3333333432674408,0.3333333432674408,0.3333333432674408,0.3333333432674408,0.3333333432674408,0.3333333432674408,0.3333333432674408,0.3333333432674408,0.3333333432674408,0.2357022762298584,0.2357022762298584,0.2357022762298584,0.2357022762298584,0.2357022762298584,0.2357022762298584,0.2357022762298584,0.2357022762298584,0.2357022762298584,0.38490018248558044,0.38490018248558044,0.5773503184318542,0.5773503184318542,0.4714045524597168,0.4714045524597168,0.3333333432674408,0.3333333432674408,0.3333333432674408,0.3333333432674408
PVT,0.0,0.0,0.0,0.0,0.0,0.0,0.0,0.0,0.0,0.0,0.0,0.0,0.0,0.0,0.0,0.0,0.0,0.0,0.0,0.0,0.5,0.5,0.3535533845424652,0.3535533845424652,0.5,0.5,0.5,0.5,0.5,0.5,0.5,0.5,0.5,0.5,0.5,0.5,0.5,0.5,0.5,0.5,0.5,0.5,0.5,0.5,0.3535533845424652,0.3535533845424652,0.3535533845424652,0.3535533845424652,0.3535533845424652,0.3535533845424652,0.3535533845424652,0.3535533845424652,0.3535533845424652,0.3535533845424652,0.3535533845424652,0.3535533845424652,0.3535533845424652,0.3535533845424652,0.3535533845424652,0.3535533845424652,0.5,0.5,0.866025447845459,0.5,0.3535533845424652,0.3535533845424652,0.3535533845424652,0.3535533845424652,0.6123723983764648,0.6123723983764648,0.5,0.5,0.28867512941360474,0.28867512941360474,0.3535533845424652,0.3535533845424652,0.3535533845424652,0.3535533845424652,0.3535533845424652,0.3535533845424652,0.3535533845424652,0.3535533845424652,0.5773502588272095,0.7071067690849304,0.3535533845424652,0.3535533845424652,0.5,0.5,0.5,0.5,0.5,0.5,0.3535533845424652,0.3535533845424652,0.3535533845424652,0.3535533845424652,0.3535533845424652,0.3535533845424652,1.0,0.5,0.5,0.7071067690849304,0.7071067690849304,0.5773502588272095,0.5773502588272095,0.7071067690849304,0.7071067690849304,0.5773502588272095,0.5773502588272095,0.3535533845424652,0.3535533845424652,0.5,0.5,0.7071067690849304,0.7071067690849304,0.22360679507255554,0.5,0.5,0.0,0.0,0.28867512941360474,0.28867512941360474,0.7071067690849304,0.7071067690849304,0.5773502588272095,0.5773502588272095,0.5773502588272095,0.5773502588272095,0.7071067690849304,0.7071067690849304,0.7071067690849304,0.7071067690849304,0.5,0.5,0.7071067690849304,0.5773502588272095,0.5773502588272095,1.0,1.0,0.866025447845459,1.0,1.0,1.0,1.0,1.0,1.0,0.866025447845459,0.7071067690849304,1.0,1.0,1.0,1.0,1.0,1.0,1.0,0.6666666865348816,1.0,0.7071067690849304,0.7071067690849304,0.5,1.0,1.0,0.866025447845459,0.866025447845459,0.75,0.75,0.866025447845459,0.866025447845459,0.866025447845459,0.866025447845459,0.5,0.5,0.3535533845424652,0.3535533845424652,0.4472135901451111,0.4472135901451111,0.25,0.28867512941360474,0.28867512941360474,0.5773502588272095,0.5773502588272095,0.3535533845424652,0.3535533845424652,0.3535533845424652,0.3535533845424652,0.3535533845424652,0.3535533845424652,0.3535533845424652,0.3535533845424652,0.5,0.5,0.5,0.5,0.28867512941360474,0.28867512941360474,0.7071067690849304,0.7071067690849304,0.5,0.5,0.5,0.5,0.3535533845424652,0.5,0.5,0.866025447845459,0.5,0.5,0.5,0.5,0.5,0.5,0.3535533845424652,0.3535533845424652,0.5,0.5,0.3535533845424652,0.3535533845424652,0.5,0.5,0.3535533845424652,0.3535533845424652,0.3535533845424652,0.3535533845424652,0.5,0.5,0.5,0.5773502588272095,0.3535533845424652,0.3535533845424652,0.3535533845424652,0.5773502588272095,0.5773502588272095,0.3535533845424652,0.5,0.28867512941360474,0.3535533845424652,0.3535533845424652,0.3535533845424652,0.3535533845424652,0.3535533845424652,0.5,0.5773502588272095,0.3535533845424652,0.3535533845424652,0.3535533845424652,0.3535533845424652,0.3535533845424652,0.3535533845424652,0.3535533845424652,0.3535533845424652,0.5773502588272095,0.3535533845424652,0.5,0.3535533845424652,0.3535533845424652,0.3535533845424652,0.3535533845424652,0.5773502588272095,0.5773502588272095,0.5773502588272095,0.5773502588272095,0.7071067690849304,0.5,0.5,0.5,0.5,0.5,0.5,0.5,0.7071067690849304,0.7071067690849304,0.5773502588272095,0.5,0.5,0.5,0.5,0.5,0.5,0.5,0.5,0.5,0.5,0.5,0.3535533845424652,0.3535533845424652,0.3535533845424652,0.3535533845424652,0.3535533845424652,0.3535533845424652,0.3535533845424652,0.3535533845424652,0.3535533845424652,0.5773502588272095,0.5773502588272095,0.866025447845459,0.866025447845459,0.7071067690849304,0.7071067690849304,0.5,0.5,0.5,0.5
PVWL,0.0,0.0,0.0,0.0,0.0,0.0,0.0,0.0,0.0,0.0,0.0,0.0,0.0,0.0,0.0,0.0,0.0,0.0,0.0,0.0,0.0,0.0,0.0,0.0,0.0,0.0,0.0,0.0,0.0,0.0,0.0,0.0,0.0,0.0,0.0,0.0,0.0,0.0,0.0,0.0,0.0,0.0,0.0,0.0,0.0,0.0,0.0,0.0,0.0,0.0,0.0,0.0,0.0,0.0,0.0,0.0,0.0,0.0,0.0,0.0,0.0,0.0,0.40824830532073975,0.7071067690849304,0.5000000596046448,0.5000000596046448,0.0,0.0,0.28867512941360474,0.28867512941360474,0.0,0.0,0.40824830532073975,0.40824830532073975,0.0,0.0,0.0,0.0,0.0,0.0,0.0,0.0,0.0,1.0000001192092896,0.0,0.0,0.7071067690849304,0.7071067690849304,0.7071067690849304,0.7071067690849304,0.7071067690849304,0.7071067690849304,0.5000000596046448,0.5000000596046448,0.0,0.0,0.0,0.0,0.7071067690849304,0.0,0.0,0.0,0.0,0.0,0.0,0.0,0.0,0.0,0.0,0.0,0.0,0.0,0.0,0.0,0.0,0.0,0.0,0.0,0.0,0.0,0.0,0.0,0.0,0.0,0.0,0.0,0.0,0.0,0.0,0.0,0.0,0.0,0.0,0.0,0.0,0.0,0.0,0.7071067690849304,0.7071067690849304,0.8164966106414795,0.7071067690849304,0.7071067690849304,0.7071067690849304,0.7071067690849304,0.7071067690849304,0.7071067690849304,0.40824830532073975,1.0000001192092896,0.7071067690849304,0.7071067690849304,0.7071067690849304,0.7071067690849304,0.7071067690849304,0.7071067690849304,0.7071067690849304,0.4714045524597168,0.7071067690849304,1.0,1.0000001192092896,0.0,0.7071067690849304,0.7071067690849304,0.40824830532073975,0.40824830532073975,0.3535533845424652,0.3535533845424652,0.40824830532073975,0.40824830532073975,0.40824830532073975,0.40824830532073975,0.7071067690849304,0.7071067690849304,0.0,0.0,0.0,0.0,0.0,0.0,0.0,0.0,0.0,0.0,0.0,0.0,0.0,0.0,0.0,0.0,0.0,0.0,0.0,0.0,0.0,0.0,0.0,0.0,0.0,0.0,0.0,0.0,0.0,0.0,0.0,0.0,0.40824830532073975,0.0,0.0,0.0,0.0,0.0,0.0,0.0,0.0,0.0,0.0,0.0,0.0,0.0,0.0,0.0,0.0,0.0,0.0,0.3535533845424652,0.3535533845424652,0.3535533845424652,0.40824830532073975,0.5000000596046448,0.5000000596046448,0.5000000596046448,0.8164966106414795,0.8164966106414795,0.5000000596046448,0.3535533845424652,0.40824830532073975,0.5000000596046448,0.5000000596046448,0.5000000596046448,0.5000000596046448,0.5000000596046448,0.3535533845424652,0.40824830532073975,0.5000000596046448,0.5000000596046448,0.5000000596046448,0.5000000596046448,0.5000000596046448,0.5000000596046448,0.5000000596046448,0.5000000596046448,0.8164966106414795,0.5000000596046448,0.3535533845424652,0.5000000596046448,0.5000000596046448,0.5000000596046448,0.5000000596046448,0.8164966106414795,0.40824830532073975,0.40824830532073975,0.40824830532073975,0.5000000596046448,0.7071067690849304,0.7071067690849304,0.7071067690849304,0.7071067690849304,0.7071067690849304,0.7071067690849304,0.7071067690849304,1.0000001192092896,0.5000000596046448,0.40824830532073975,0.7071067690849304,0.7071067690849304,0.7071067690849304,0.7071067690849304,0.7071067690849304,0.7071067690849304,0.7071067690849304,0.7071067690849304,0.7071067690849304,0.3535533845424652,0.3535533845424652,0.5000000596046448,0.5000000596046448,0.5000000596046448,0.5000000596046448,0.5000000596046448,0.5000000596046448,0.5000000596046448,0.5000000596046448,0.5000000596046448,0.8164966106414795,0.8164966106414795,0.40824830532073975,0.40824830532073975,0.5000000596046448,0.5000000596046448,0.7071067690849304,0.7071067690849304,0.7071067690849304,0.7071067690849304
PVWR,0.0,0.0,0.0,0.0,0.0,0.0,0.0,0.0,0.0,0.0,0.0,0.0,0.0,0.0,0.0,0.0,0.0,0.0,0.0,0.0,0.0,0.0,0.0,0.0,0.0,0.0,0.0,0.0,0.0,0.0,0.0,0.0,0.0,0.0,0.0,0.0,0.0,0.0,0.0,0.0,0.0,0.0,0.0,0.0,0.0,0.0,0.0,0.0,0.0,0.0,0.0,0.0,0.0,0.0,0.0,0.0,0.0,0.0,0.0,0.0,0.0,0.0,0.40824830532073975,0.7071067690849304,0.5000000596046448,0.5000000596046448,0.0,0.0,0.28867512941360474,0.28867512941360474,0.0,0.0,0.40824830532073975,0.40824830532073975,0.0,0.0,0.0,0.0,0.0,0.0,0.0,0.0,0.0,1.0000001192092896,0.0,0.0,0.7071067690849304,0.7071067690849304,0.7071067690849304,0.7071067690849304,0.7071067690849304,0.7071067690849304,0.5000000596046448,0.5000000596046448,0.0,0.0,0.0,0.0,0.7071067690849304,0.0,0.0,0.0,0.0,0.0,0.0,0.0,0.0,0.0,0.0,0.0,0.0,0.0,0.0,0.0,0.0,0.0,0.0,0.0,0.0,0.0,0.0,0.0,0.0,0.0,0.0,0.0,0.0,0.0,0.0,0.0,0.0,0.0,0.0,0.0,0.0,0.0,0.0,0.7071067690849304,0.7071067690849304,0.8164966106414795,0.7071067690849304,0.7071067690849304,0.7071067690849304,0.7071067690849304,0.7071067690849304,0.7071067690849304,0.40824830532073975,1.0000001192092896,0.7071067690849304,0.7071067690849304,0.7071067690849304,0.7071067690849304,0.7071067690849304,0.7071067690849304,0.7071067690849304,0.4714045524597168,0.7071067690849304,1.0000001192092896,1.0,0.0,0.7071067690849304,0.7071067690849304,0.40824830532073975,0.40824830532073975,0.3535533845424652,0.3535533845424652,0.40824830532073975,0.40824830532073975,0.40824830532073975,0.40824830532073975,0.7071067690849304,0.7071067690849304,0.0,0.0,0.0,0.0,0.0,0.0,0.0,0.0,0.0,0.0,0.0,0.0,0.0,0.0,0.0,0.0,0.0,0.0,0.0,0.0,0.0,0.0,0.0,0.0,0.0,0.0,0.0,0.0,0.0,0.0,0.0,0.0,0.40824830532073975,0.0,0.0,0.0,0.0,0.0,0.0,0.0,0.0,0.0,0.0,0.0,0.0,0.0,0.0,0.0,0.0,0.0,0.0,0.3535533845424652,0.3535533845424652,0.3535533845424652,0.40824830532073975,0.5000000596046448,0.5000000596046448,0.5000000596046448,0.8164966106414795,0.8164966106414795,0.5000000596046448,0.3535533845424652,0.40824830532073975,0.5000000596046448,0.5000000596046448,0.5000000596046448,0.5000000596046448,0.5000000596046448,0.3535533845424652,0.40824830532073975,0.5000000596046448,0.5000000596046448,0.5000000596046448,0.5000000596046448,0.5000000596046448,0.5000000596046448,0.5000000596046448,0.5000000596046448,0.8164966106414795,0.5000000596046448,0.3535533845424652,0.5000000596046448,0.5000000596046448,0.5000000596046448,0.5000000596046448,0.8164966106414795,0.40824830532073975,0.40824830532073975,0.40824830532073975,0.5000000596046448,0.7071067690849304,0.7071067690849304,0.7071067690849304,0.7071067690849304,0.7071067690849304,0.7071067690849304,0.7071067690849304,1.0000001192092896,0.5000000596046448,0.40824830532073975,0.7071067690849304,0.7071067690849304,0.7071067690849304,0.7071067690849304,0.7071067690849304,0.7071067690849304,0.7071067690849304,0.7071067690849304,0.7071067690849304,0.3535533845424652,0.3535533845424652,0.5000000596046448,0.5000000596046448,0.5000000596046448,0.5000000596046448,0.5000000596046448,0.5000000596046448,0.5000000596046448,0.5000000596046448,0.5000000596046448,0.8164966106414795,0.8164966106414795,0.40824830532073975,0.40824830532073975,0.5000000596046448,0.5000000596046448,0.7071067690849304,0.7071067690849304,0.7071067690849304,0.7071067690849304
RID,0.0,0.0,0.0,0.0,0.0,0.0,0.0,0.0,0.0,0.0,0.0,0.0,0.0,0.0,0.0,0.0,0.0,0.0,0.0,0.0,0.75,0.5,0.3535533845424652,0.3535533845424652,0.75,0.5,0.75,0.5,0.75,0.5,0.75,0.5,0.75,0.5,0.75,0.5,0.75,0.5,0.75,0.5,0.75,0.5,0.75,0.5,0.3535533845424652,0.3535533845424652,0.3535533845424652,0.3535533845424652,0.3535533845424652,0.3535533845424652,0.3535533845424652,0.3535533845424652,0.3535533845424652,0.3535533845424652,0.3535533845424652,0.3535533845424652,0.3535533845424652,0.3535533845424652,0.3535533845424652,0.3535533845424652,0.5,0.5,0.5773502588272095,0.0,0.0,0.0,0.3535533845424652,0.3535533845424652,0.6123723983764648,0.40824827551841736,0.5,0.5,0.0,0.0,0.3535533845424652,0.3535533845424652,0.3535533845424652,0.3535533845424652,0.3535533845424652,0.3535533845424652,0.3535533845424652,0.3535533845424652,0.5773502588272095,0.0,0.3535533845424652,0.3535533845424652,0.0,0.0,0.0,0.0,0.0,0.0,0.0,0.0,0.3535533845424652,0.3535533845424652,0.3535533845424652,0.3535533845424652,0.5,0.75,0.5,0.7071067690849304,0.7071067690849304,0.866025447845459,0.5773502588272095,0.7071067690849304,0.7071067690849304,0.866025447845459,0.5773502588272095,0.3535533845424652,0.3535533845424652,0.5,0.5,0.7071067690849304,0.7071067690849304,0.4472135901451111,0.5,0.5,0.0,0.0,0.28867512941360474,0.28867512941360474,0.7071067690849304,0.7071067690849304,0.866025447845459,0.5773502588272095,0.866025447845459,0.5773502588272095,0.7071067690849304,0.7071067690849304,0.7071067690849304,0.7071067690849304,0.5,0.5,0.7071067690849304,0.5773502588272095,0.5773502588272095,0.5,0.5,0.28867512941360474,0.5,0.5,0.5,0.5,0.5,0.5,0.5773502588272095,0.0,0.5,0.5,0.5,0.5,0.5,0.5,0.5,0.3333333432674408,0.5,0.0,0.0,1.0,0.5,0.5,0.5773502588272095,0.5773502588272095,0.75,0.5,0.5773502588272095,0.5773502588272095,0.5773502588272095,0.5773502588272095,0.0,0.0,0.3535533845424652,0.3535533845424652,0.4472135901451111,0.6708203554153442,0.25,0.28867512941360474,0.5773502588272095,0.866025447845459,0.5773502588272095,0.3535533845424652,0.3535533845424652,0.3535533845424652,0.3535533845424652,0.3535533845424652,0.3535533845424652,0.3535533845424652,0.3535533845424652,0.75,0.5,0.75,0.5,0.28867512941360474,0.5773502588272095,0.7071067690849304,0.7071067690849304,0.5,0.5,0.5,0.5,0.7071067690849304,0.5,0.5,0.5773502588272095,0.5,0.5,0.5,0.5,0.5,0.5,0.3535533845424652,0.3535533845424652,0.75,0.5,0.3535533845424652,0.3535533845424652,0.5,0.75,0.3535533845424652,0.3535533845424652,0.3535533845424652,0.3535533845424652,0.5,0.5,0.5,0.5773502588272095,0.3535533845424652,0.3535533845424652,0.3535533845424652,0.28867512941360474,0.28867512941360474,0.3535533845424652,0.5,0.28867512941360474,0.3535533845424652,0.3535533845424652,0.3535533845424652,0.3535533845424652,0.3535533845424652,0.5,0.5773502588272095,0.3535533845424652,0.3535533845424652,0.3535533845424652,0.3535533845424652,0.3535533845424652,0.3535533845424652,0.3535533845424652,0.3535533845424652,0.28867512941360474,0.3535533845424652,0.5,0.3535533845424652,0.3535533845424652,0.3535533845424652,0.3535533845424652,0.28867512941360474,0.28867512941360474,0.28867512941360474,0.28867512941360474,0.3535533845424652,0.0,0.0,0.0,0.0,0.0,0.0,0.0,0.0,0.3535533845424652,0.28867512941360474,0.0,0.0,0.0,0.0,0.0,0.0,0.0,0.0,0.0,0.5,0.5,0.3535533845424652,0.3535533845424652,0.3535533845424652,0.3535533845424652,0.3535533845424652,0.3535533845424652,0.3535533845424652,0.3535533845424652,0.3535533845424652,0.28867512941360474,0.28867512941360474,0.5773502588272095,0.5773502588272095,0.3535533845424652,0.3535533845424652,0.0,0.0,0.0,0.0
PVCL,0.0,0.0,0.0,0.0,0.0,0.0,0.0,0.0,0.0,0.0,0.0,0.0,0.0,0.0,0.0,0.0,0.0,0.0,0.0,0.0,0.5,0.5,0.3535533845424652,0.3535533845424652,0.5,0.5,0.5,0.5,0.5,0.5,0.5,0.5,0.5,0.5,0.5,0.5,0.5,0.5,0.5,0.5,0.5,0.5,0.5,0.5,0.3535533845424652,0.3535533845424652,0.3535533845424652,0.3535533845424652,0.3535533845424652,0.3535533845424652,0.3535533845424652,0.3535533845424652,0.3535533845424652,0.3535533845424652,0.3535533845424652,0.3535533845424652,0.3535533845424652,0.3535533845424652,0.3535533845424652,0.3535533845424652,0.5,0.5,0.866025447845459,0.5,0.3535533845424652,0.3535533845424652,0.3535533845424652,0.3535533845424652,0.6123723983764648,0.6123723983764648,0.5,0.5,0.28867512941360474,0.28867512941360474,0.3535533845424652,0.3535533845424652,0.3535533845424652,0.3535533845424652,0.3535533845424652,0.3535533845424652,0.3535533845424652,0.3535533845424652,0.5773502588272095,0.7071067690849304,0.3535533845424652,0.3535533845424652,0.5,0.5,0.5,0.5,0.5,0.5,0.3535533845424652,0.3535533845424652,0.3535533845424652,0.3535533845424652,0.3535533845424652,0.3535533845424652,1.0,0.5,0.5,0.7071067690849304,0.7071067690849304,0.5773502588272095,0.5773502588272095,0.7071067690849304,0.7071067690849304,0.5773502588272095,0.5773502588272095,0.3535533845424652,0.3535533845424652,0.5,0.5,0.7071067690849304,0.7071067690849304,0.22360679507255554,0.5,0.5,0.0,0.0,0.28867512941360474,0.28867512941360474,0.7071067690849304,0.7071067690849304,0.5773502588272095,0.5773502588272095,0.5773502588272095,0.5773502588272095,0.7071067690849304,0.7071067690849304,0.7071067690849304,0.7071067690849304,0.5,0.5,0.7071067690849304,0.5773502588272095,0.5773502588272095,1.0,1.0,0.866025447845459,1.0,1.0,1.0,1.0,1.0,1.0,0.866025447845459,0.7071067690849304,1.0,1.0,1.0,1.0,1.0,1.0,1.0,0.6666666865348816,1.0,0.7071067690849304,0.7071067690849304,0.5,1.0,1.0,0.866025447845459,0.866025447845459,0.75,0.75,0.866025447845459,0.866025447845459,0.866025447845459,0.866025447845459,0.5,0.5,0.3535533845424652,0.3535533845424652,0.4472135901451111,0.4472135901451111,0.25,0.28867512941360474,0.28867512941360474,0.5773502588272095,0.5773502588272095,0.3535533845424652,0.3535533845424652,0.3535533845424652,0.3535533845424652,0.3535533845424652,0.3535533845424652,0.3535533845424652,0.3535533845424652,0.5,0.5,0.5,0.5,0.28867512941360474,0.28867512941360474,0.7071067690849304,0.7071067690849304,0.5,0.5,0.5,0.5,0.3535533845424652,0.5,0.5,0.866025447845459,0.5,0.5,0.5,0.5,0.5,0.5,0.3535533845424652,0.3535533845424652,0.5,0.5,0.3535533845424652,0.3535533845424652,0.5,0.5,0.3535533845424652,0.3535533845424652,0.3535533845424652,0.3535533845424652,0.5,0.5,0.5,0.5773502588272095,0.3535533845424652,0.3535533845424652,0.3535533845424652,0.5773502588272095,0.5773502588272095,0.3535533845424652,0.5,0.28867512941360474,0.3535533845424652,0.3535533845424652,0.3535533845424652,0.3535533845424652,0.3535533845424652,0.5,0.5773502588272095,0.3535533845424652,0.3535533845424652,0.3535533845424652,0.3535533845424652,0.3535533845424652,0.3535533845424652,0.3535533845424652,0.3535533845424652,0.5773502588272095,0.3535533845424652,0.5,0.3535533845424652,0.3535533845424652,0.3535533845424652,0.3535533845424652,0.5773502588272095,0.5773502588272095,0.5773502588272095,0.5773502588272095,0.7071067690849304,0.5,0.5,0.5,0.5,0.5,0.5,0.5,0.7071067690849304,0.7071067690849304,0.5773502588272095,0.5,0.5,0.5,0.5,0.5,0.5,0.5,0.5,0.5,0.5,0.5,0.3535533845424652,0.3535533845424652,0.3535533845424652,0.3535533845424652,0.3535533845424652,0.3535533845424652,0.3535533845424652,0.3535533845424652,0.3535533845424652,0.5773502588272095,0.5773502588272095,0.866025447845459,0.866025447845459,0.7071067690849304,0.7071067690849304,0.5,0.5,0.5,0.5
PVCR,0.0,0.0,0.0,0.0,0.0,0.0,0.0,0.0,0.0,0.0,0.0,0.0,0.0,0.0,0.0,0.0,0.0,0.0,0.0,0.0,0.5,0.5,0.3535533845424652,0.3535533845424652,0.5,0.5,0.5,0.5,0.5,0.5,0.5,0.5,0.5,0.5,0.5,0.5,0.5,0.5,0.5,0.5,0.5,0.5,0.5,0.5,0.3535533845424652,0.3535533845424652,0.3535533845424652,0.3535533845424652,0.3535533845424652,0.3535533845424652,0.3535533845424652,0.3535533845424652,0.3535533845424652,0.3535533845424652,0.3535533845424652,0.3535533845424652,0.3535533845424652,0.3535533845424652,0.3535533845424652,0.3535533845424652,0.5,0.5,0.866025447845459,0.5,0.3535533845424652,0.3535533845424652,0.3535533845424652,0.3535533845424652,0.6123723983764648,0.6123723983764648,0.5,0.5,0.28867512941360474,0.28867512941360474,0.3535533845424652,0.3535533845424652,0.3535533845424652,0.3535533845424652,0.3535533845424652,0.3535533845424652,0.3535533845424652,0.3535533845424652,0.5773502588272095,0.7071067690849304,0.3535533845424652,0.3535533845424652,0.5,0.5,0.5,0.5,0.5,0.5,0.3535533845424652,0.3535533845424652,0.3535533845424652,0.3535533845424652,0.3535533845424652,0.3535533845424652,1.0,0.5,0.5,0.7071067690849304,0.7071067690849304,0.5773502588272095,0.5773502588272095,0.7071067690849304,0.7071067690849304,0.5773502588272095,0.5773502588272095,0.3535533845424652,0.3535533845424652,0.5,0.5,0.7071067690849304,0.7071067690849304,0.22360679507255554,0.5,0.5,0.0,0.0,0.28867512941360474,0.28867512941360474,0.7071067690849304,0.7071067690849304,0.5773502588272095,0.5773502588272095,0.5773502588272095,0.5773502588272095,0.7071067690849304,0.7071067690849304,0.7071067690849304,0.7071067690849304,0.5,0.5,0.7071067690849304,0.5773502588272095,0.5773502588272095,1.0,1.0,0.866025447845459,1.0,1.0,1.0,1.0,1.0,1.0,0.866025447845459,0.7071067690849304,1.0,1.0,1.0,1.0,1.0,1.0,1.0,0.6666666865348816,1.0,0.7071067690849304,0.7071067690849304,0.5,1.0,1.0,0.866025447845459,0.866025447845459,0.75,0.75,0.866025447845459,0.866025447845459,0.866025447845459,0.866025447845459,0.5,0.5,0.3535533845424652,0.3535533845424652,0.4472135901451111,0.4472135901451111,0.25,0.28867512941360474,0.28867512941360474,0.5773502588272095,0.5773502588272095,0.3535533845424652,0.3535533845424652,0.3535533845424652,0.3535533845424652,0.3535533845424652,0.3535533845424652,0.3535533845424652,0.3535533845424652,0.5,0.5,0.5,0.5,0.28867512941360474,0.28867512941360474,0.7071067690849304,0.7071067690849304,0.5,0.5,0.5,0.5,0.3535533845424652,0.5,0.5,0.866025447845459,0.5,0.5,0.5,0.5,0.5,0.5,0.3535533845424652,0.3535533845424652,0.5,0.5,0.3535533845424652,0.3535533845424652,0.5,0.5,0.3535533845424652,0.3535533845424652,0.3535533845424652,0.3535533845424652,0.5,0.5,0.5,0.5773502588272095,0.3535533845424652,0.3535533845424652,0.3535533845424652,0.5773502588272095,0.5773502588272095,0.3535533845424652,0.5,0.28867512941360474,0.3535533845424652,0.3535533845424652,0.3535533845424652,0.3535533845424652,0.3535533845424652,0.5,0.5773502588272095,0.3535533845424652,0.3535533845424652,0.3535533845424652,0.3535533845424652,0.3535533845424652,0.3535533845424652,0.3535533845424652,0.3535533845424652,0.5773502588272095,0.3535533845424652,0.5,0.3535533845424652,0.3535533845424652,0.3535533845424652,0.3535533845424652,0.5773502588272095,0.5773502588272095,0.5773502588272095,0.5773502588272095,0.7071067690849304,0.5,0.5,0.5,0.5,0.5,0.5,0.5,0.7071067690849304,0.7071067690849304,0.5773502588272095,0.5,0.5,0.5,0.5,0.5,0.5,0.5,0.5,0.5,0.5,0.5,0.3535533845424652,0.3535533845424652,0.3535533845424652,0.3535533845424652,0.3535533845424652,0.3535533845424652,0.3535533845424652,0.3535533845424652,0.3535533845424652,0.5773502588272095,0.5773502588272095,0.866025447845459,0.866025447845459,0.7071067690849304,0.7071067690849304,0.5,0.5,0.5,0.5
AVAL,0.0,0.0,0.0,0.0,0.0,0.0,0.0,0.0,0.0,0.0,0.0,0.0,0.0,0.0,0.0,0.0,0.0,0.0,0.0,0.0,0.5773502588272095,0.5773502588272095,0.40824830532073975,0.40824830532073975,0.5773502588272095,0.5773502588272095,0.5773502588272095,0.5773502588272095,0.5773502588272095,0.5773502588272095,0.5773502588272095,0.5773502588272095,0.5773502588272095,0.5773502588272095,0.5773502588272095,0.5773502588272095,0.5773502588272095,0.5773502588272095,0.5773502588272095,0.5773502588272095,0.5773502588272095,0.5773502588272095,0.5773502588272095,0.5773502588272095,0.40824830532073975,0.40824830532073975,0.40824830532073975,0.40824830532073975,0.40824830532073975,0.40824830532073975,0.40824830532073975,0.40824830532073975,0.40824830532073975,0.40824830532073975,0.40824830532073975,0.40824830532073975,0.40824830532073975,0.40824830532073975,0.40824830532073975,0.40824830532073975,0.5773502588272095,0.5773502588272095,1.0,0.5773502588272095,0.40824830532073975,0.40824830532073975,0.40824830532073975,0.40824830532073975,0.7071067094802856,0.7071067094802856,0.5773502588272095,0.5773502588272095,0.3333333432674408,0.3333333432674408,0.40824830532073975,0.40824830532073975,0.40824830532073975,0.40824830532073975,0.40824830532073975,0.40824830532073975,0.40824830532073975,0.40824830532073975,0.6666666865348816,0.40824830532073975,0.40824830532073975,0.40824830532073975,0.5773502588272095,0.5773502588272095,0.0,0.0,0.0,0.0,0.0,0.0,0.40824830532073975,0.40824830532073975,0.40824830532073975,0.40824830532073975,0.866025447845459,0.5773502588272095,0.5773502588272095,0.8164966106414795,0.8164966106414795,0.6666666865348816,0.6666666865348816,0.8164966106414795,0.8164966106414795,0.6666666865348816,0.6666666865348816,0.40824830532073975,0.40824830532073975,0.5773502588272095,0.5773502588272095,0.8164966106414795,0.8164966106414795,0.25819888710975647,0.5773502588272095,0.5773502588272095,0.0,0.0,0.3333333432674408,0.3333333432674408,0.8164966106414795,0.8164966106414795,0.6666666865348816,0.6666666865348816,0.6666666865348816,0.6666666865348816,0.8164966106414795,0.8164966106414795,0.8164966106414795,0.8164966106414795,0.5773502588272095,0.5773502588272095,0.8164966106414795,0.6666666865348816,0.6666666865348816,0.866025447845459,0.866025447845459,0.6666666865348816,0.866025447845459,0.866025447845459,0.866025447845459,0.866025447845459,0.866025447845459,0.866025447845459,1.0,0.40824830532073975,0.866025447845459,0.866025447845459,0.866025447845459,0.866025447845459,0.866025447845459,0.866025447845459,0.866025447845459,0.5773503184318542,0.866025447845459,0.40824830532073975,0.40824830532073975,0.5773502588272095,0.866025447845459,0.866025447845459,1.0,1.0,0.866025447845459,0.866025447845459,1.0,1.0,1.0,1.0,0.0,0.0,0.40824830532073975,0.40824830532073975,0.5163977742195129,0.5163977742195129,0.28867512941360474,0.3333333432674408,0.3333333432674408,0.6666666865348816,0.6666666865348816,0.40824830532073975,0.40824830532073975,0.40824830532073975,0.40824830532073975,0.40824830532073975,0.40824830532073975,0.40824830532073975,0.40824830532073975,0.5773502588272095,0.5773502588272095,0.5773502588272095,0.5773502588272095,0.3333333432674408,0.3333333432674408,0.8164966106414795,0.8164966106414795,0.5773502588272095,0.5773502588272095,0.5773502588272095,0.5773502588272095,0.40824830532073975,0.5773502588272095,0.5773502588272095,1.0,0.5773502588272095,0.5773502588272095,0.5773502588272095,0.5773502588272095,0.5773502588272095,0.5773502588272095,0.40824830532073975,0.40824830532073975,0.5773502588272095,0.5773502588272095,0.40824830532073975,0.40824830532073975,0.5773502588272095,0.5773502588272095,0.40824830532073975,0.40824830532073975,0.40824830532073975,0.40824830532073975,0.5773502588272095,0.5773502588272095,0.5773502588272095,0.6666666865348816,0.40824830532073975,0.40824830532073975,0.40824830532073975,0.3333333432674408,0.3333333432674408,0.0,0.5773502588272095,0.3333333432674408,0.40824830532073975,0.40824830532073975,0.40824830532073975,0.40824830532073975,0.40824830532073975,0.5773502588272095,0.6666666865348816,0.40824830532073975,0.40824830532073975,0.40824830532073975,0.40824830532073975,0.40824830532073975,0.40824830532073975,0.40824830532073975,0.40824830532073975,0.3333333432674408,0.0,0.5773502588272095,0.40824830532073975,0.40824830532073975,0.40824830532073975,0.40824830532073975,0.3333333432674408,0.6666666865348816,0.6666666865348816,0.6666666865348816,0.8164966106414795,0.5773502588272095,0.5773502588272095,0.5773502588272095,0.5773502588272095,0.5773502588272095,0.5773502588272095,0.5773502588272095,0.40824830532073975,0.8164966106414795,0.6666666865348816,0.5773502588272095,0.5773502588272095,0.5773502588272095,0.5773502588272095,0.5773502588272095,0.5773502588272095,0.5773502588272095,0.5773502588272095,0.5773502588272095,0.5773502588272095,0.5773502588272095,0.40824830532073975,0.40824830532073975,0.40824830532073975,0.40824830532073975,0.40824830532073975,0.40824830532073975,0.40824830532073975,0.40824830532073975,0.40824830532073975,0.3333333432674408,0.3333333432674408,1.0,1.0,0.8164966106414795,0.8164966106414795,0.5773502588272095,0.5773502588272095,0.5773502588272095,0.5773502588272095
AVAR,0.0,0.0,0.0,0.0,0.0,0.0,0.0,0.0,0.0,0.0,0.0,0.0,0.0,0.0,0.0,0.0,0.0,0.0,0.0,0.0,0.5773502588272095,0.5773502588272095,0.40824830532073975,0.40824830532073975,0.5773502588272095,0.5773502588272095,0.5773502588272095,0.5773502588272095,0.5773502588272095,0.5773502588272095,0.5773502588272095,0.5773502588272095,0.5773502588272095,0.5773502588272095,0.5773502588272095,0.5773502588272095,0.5773502588272095,0.5773502588272095,0.5773502588272095,0.5773502588272095,0.5773502588272095,0.5773502588272095,0.5773502588272095,0.5773502588272095,0.40824830532073975,0.40824830532073975,0.40824830532073975,0.40824830532073975,0.40824830532073975,0.40824830532073975,0.40824830532073975,0.40824830532073975,0.40824830532073975,0.40824830532073975,0.40824830532073975,0.40824830532073975,0.40824830532073975,0.40824830532073975,0.40824830532073975,0.40824830532073975,0.5773502588272095,0.5773502588272095,1.0,0.5773502588272095,0.40824830532073975,0.40824830532073975,0.40824830532073975,0.40824830532073975,0.7071067094802856,0.7071067094802856,0.5773502588272095,0.5773502588272095,0.3333333432674408,0.3333333432674408,0.40824830532073975,0.40824830532073975,0.40824830532073975,0.40824830532073975,0.40824830532073975,0.40824830532073975,0.40824830532073975,0.40824830532073975,0.6666666865348816,0.40824830532073975,0.40824830532073975,0.40824830532073975,0.5773502588272095,0.5773502588272095,0.0,0.0,0.0,0.0,0.0,0.0,0.40824830532073975,0.40824830532073975,0.40824830532073975,0.40824830532073975,0.866025447845459,0.5773502588272095,0.5773502588272095,0.8164966106414795,0.8164966106414795,0.6666666865348816,0.6666666865348816,0.8164966106414795,0.8164966106414795,0.6666666865348816,0.6666666865348816,0.40824830532073975,0.40824830532073975,0.5773502588272095,0.5773502588272095,0.8164966106414795,0.8164966106414795,0.25819888710975647,0.5773502588272095,0.5773502588272095,0.0,0.0,0.3333333432674408,0.3333333432674408,0.8164966106414795,0.8164966106414795,0.6666666865348816,0.6666666865348816,0.6666666865348816,0.6666666865348816,0.8164966106414795,0.8164966106414795,0.8164966106414795,0.8164966106414795,0.5773502588272095,0.5773502588272095,0.8164966106414795,0.6666666865348816,0.6666666865348816,0.866025447845459,0.866025447845459,0.6666666865348816,0.866025447845459,0.866025447845459,0.866025447845459,0.866025447845459,0.866025447845459,0.866025447845459,1.0,0.40824830532073975,0.866025447845459,0.866025447845459,0.866025447845459,0.866025447845459,0.866025447845459,0.866025447845459,0.866025447845459,0.5773503184318542,0.866025447845459,0.40824830532073975,0.40824830532073975,0.5773502588272095,0.866025447845459,0.866025447845459,1.0,1.0,0.866025447845459,0.866025447845459,1.0,1.0,1.0,1.0,0.0,0.0,0.40824830532073975,0.40824830532073975,0.5163977742195129,0.5163977742195129,0.28867512941360474,0.3333333432674408,0.3333333432674408,0.6666666865348816,0.6666666865348816,0.40824830532073975,0.40824830532073975,0.40824830532073975,0.40824830532073975,0.40824830532073975,0.40824830532073975,0.40824830532073975,0.40824830532073975,0.5773502588272095,0.5773502588272095,0.5773502588272095,0.5773502588272095,0.3333333432674408,0.3333333432674408,0.8164966106414795,0.8164966106414795,0.5773502588272095,0.5773502588272095,0.5773502588272095,0.5773502588272095,0.40824830532073975,0.5773502588272095,0.5773502588272095,1.0,0.5773502588272095,0.5773502588272095,0.5773502588272095,0.5773502588272095,0.5773502588272095,0.5773502588272095,0.40824830532073975,0.40824830532073975,0.5773502588272095,0.5773502588272095,0.40824830532073975,0.40824830532073975,0.5773502588272095,0.5773502588272095,0.40824830532073975,0.40824830532073975,0.40824830532073975,0.40824830532073975,0.5773502588272095,0.5773502588272095,0.5773502588272095,0.6666666865348816,0.40824830532073975,0.40824830532073975,0.40824830532073975,0.3333333432674408,0.3333333432674408,0.0,0.5773502588272095,0.3333333432674408,0.40824830532073975,0.40824830532073975,0.40824830532073975,0.40824830532073975,0.40824830532073975,0.5773502588272095,0.6666666865348816,0.40824830532073975,0.40824830532073975,0.40824830532073975,0.40824830532073975,0.40824830532073975,0.40824830532073975,0.40824830532073975,0.40824830532073975,0.3333333432674408,0.0,0.5773502588272095,0.40824830532073975,0.40824830532073975,0.40824830532073975,0.40824830532073975,0.3333333432674408,0.6666666865348816,0.6666666865348816,0.6666666865348816,0.8164966106414795,0.5773502588272095,0.5773502588272095,0.5773502588272095,0.5773502588272095,0.5773502588272095,0.5773502588272095,0.5773502588272095,0.40824830532073975,0.8164966106414795,0.6666666865348816,0.5773502588272095,0.5773502588272095,0.5773502588272095,0.5773502588272095,0.5773502588272095,0.5773502588272095,0.5773502588272095,0.5773502588272095,0.5773502588272095,0.5773502588272095,0.5773502588272095,0.40824830532073975,0.40824830532073975,0.40824830532073975,0.40824830532073975,0.40824830532073975,0.40824830532073975,0.40824830532073975,0.40824830532073975,0.40824830532073975,0.3333333432674408,0.3333333432674408,1.0,1.0,0.8164966106414795,0.8164966106414795,0.5773502588272095,0.5773502588272095,0.5773502588272095,0.5773502588272095
AVBL,0.0,0.0,0.0,0.0,0.0,0.0,0.0,0.0,0.0,0.0,0.0,0.0,0.0,0.0,0.0,0.0,0.0,0.0,0.0,0.0,0.75,0.5,0.3535533845424652,0.3535533845424652,0.75,0.5,0.75,0.5,0.75,0.5,0.75,0.5,0.75,0.5,0.75,0.5,0.75,0.5,0.75,0.5,0.75,0.5,0.75,0.5,0.3535533845424652,0.3535533845424652,0.3535533845424652,0.3535533845424652,0.3535533845424652,0.3535533845424652,0.3535533845424652,0.3535533845424652,0.3535533845424652,0.3535533845424652,0.3535533845424652,0.3535533845424652,0.3535533845424652,0.3535533845424652,0.3535533845424652,0.3535533845424652,0.5,0.5,0.866025447845459,0.5,0.3535533845424652,0.3535533845424652,0.3535533845424652,0.3535533845424652,0.8164965510368347,0.6123723983764648,0.5,0.5,0.28867512941360474,0.28867512941360474,0.3535533845424652,0.3535533845424652,0.3535533845424652,0.3535533845424652,0.3535533845424652,0.3535533845424652,0.3535533845424652,0.3535533845424652,0.5773502588272095,0.3535533845424652,0.3535533845424652,0.3535533845424652,0.5,0.5,0.0,0.0,0.0,0.0,0.0,0.0,0.3535533845424652,0.3535533845424652,0.3535533845424652,0.3535533845424652,0.75,0.75,0.5,0.7071067690849304,0.7071067690849304,0.866025447845459,0.5773502588272095,0.7071067690849304,0.7071067690849304,0.866025447845459,0.5773502588272095,0.3535533845424652,0.3535533845424652,0.5,0.5,0.7071067690849304,0.7071067690849304,0.22360679507255554,0.5,0.5,0.0,0.0,0.28867512941360474,0.28867512941360474,0.7071067690849304,0.7071067690849304,0.866025447845459,0.5773502588272095,0.866025447845459,0.5773502588272095,0.7071067690849304,0.7071067690849304,0.7071067690849304,0.7071067690849304,0.5,0.5,0.7071067690849304,0.5773502588272095,0.5773502588272095,0.75,0.75,0.5773502588272095,0.75,0.75,0.75,0.75,0.75,0.75,0.866025447845459,0.3535533845424652,0.75,0.75,0.75,0.75,0.75,0.75,0.75,0.5,0.75,0.3535533845424652,0.3535533845424652,0.75,0.75,0.75,0.866025447845459,0.866025447845459,1.0,0.75,0.866025447845459,0.866025447845459,0.866025447845459,0.866025447845459,0.0,0.0,0.3535533845424652,0.3535533845424652,0.4472135901451111,0.6708203554153442,0.25,0.28867512941360474,0.5773502588272095,0.866025447845459,0.5773502588272095,0.3535533845424652,0.3535533845424652,0.3535533845424652,0.3535533845424652,0.3535533845424652,0.3535533845424652,0.3535533845424652,0.3535533845424652,0.75,0.5,0.75,0.5,0.28867512941360474,0.5773502588272095,0.7071067690849304,0.7071067690849304,0.5,0.5,0.5,0.5,0.3535533845424652,0.5,0.5,0.866025447845459,0.5,0.5,0.5,0.5,0.5,0.5,0.3535533845424652,0.3535533845424652,0.75,0.5,0.3535533845424652,0.3535533845424652,0.5,0.75,0.3535533845424652,0.3535533845424652,0.3535533845424652,0.3535533845424652,0.5,0.5,0.5,0.5773502588272095,0.3535533845424652,0.3535533845424652,0.3535533845424652,0.28867512941360474,0.28867512941360474,0.0,0.5,0.28867512941360474,0.3535533845424652,0.3535533845424652,0.3535533845424652,0.3535533845424652,0.3535533845424652,0.5,0.5773502588272095,0.3535533845424652,0.3535533845424652,0.3535533845424652,0.3535533845424652,0.3535533845424652,0.3535533845424652,0.3535533845424652,0.3535533845424652,0.28867512941360474,0.0,0.5,0.3535533845424652,0.3535533845424652,0.3535533845424652,0.3535533845424652,0.28867512941360474,0.5773502588272095,0.5773502588272095,0.5773502588272095,0.7071067690849304,0.5,0.5,0.5,0.5,0.5,0.5,0.5,0.3535533845424652,0.7071067690849304,0.5773502588272095,0.5,0.5,0.5,0.5,0.5,0.5,0.5,0.5,0.5,0.5,0.5,0.3535533845424652,0.3535533845424652,0.3535533845424652,0.3535533845424652,0.3535533845424652,0.3535533845424652,0.3535533845424652,0.3535533845424652,0.3535533845424652,0.28867512941360474,0.28867512941360474,0.866025447845459,0.866025447845459,0.7071067690849304,0.7071067690849304,0.5,0.5,0.5,0.5
AVBR,0.0,0.0,0.0,0.0,0.0,0.0,0.0,0.0,0.0,0.0,0.0,0.0,0.0,0.0,0.0,0.0,0.0,0.0,0.0,0.0,0.5,0.75,0.3535533845424652,0.3535533845424652,0.5,0.75,0.5,0.75,0.5,0.75,0.5,0.75,0.5,0.75,0.5,0.75,0.5,0.75,0.5,0.75,0.5,0.75,0.5,0.75,0.3535533845424652,0.3535533845424652,0.3535533845424652,0.3535533845424652,0.3535533845424652,0.3535533845424652,0.3535533845424652,0.3535533845424652,0.3535533845424652,0.3535533845424652,0.3535533845424652,0.3535533845424652,0.3535533845424652,0.3535533845424652,0.3535533845424652,0.3535533845424652,0.5,0.5,0.866025447845459,0.5,0.3535533845424652,0.3535533845424652,0.3535533845424652,0.3535533845424652,0.6123723983764648,0.8164965510368347,0.5,0.5,0.28867512941360474,0.28867512941360474,0.3535533845424652,0.3535533845424652,0.3535533845424652,0.3535533845424652,0.3535533845424652,0.3535533845424652,0.3535533845424652,0.3535533845424652,0.5773502588272095,0.3535533845424652,0.3535533845424652,0.3535533845424652,0.5,0.5,0.0,0.0,0.0,0.0,0.0,0.0,0.3535533845424652,0.3535533845424652,0.3535533845424652,0.3535533845424652,0.75,0.5,0.75,0.7071067690849304,0.7071067690849304,0.5773502588272095,0.866025447845459,0.7071067690849304,0.7071067690849304,0.5773502588272095,0.866025447845459,0.3535533845424652,0.3535533845424652,0.5,0.5,0.7071067690849304,0.7071067690849304,0.22360679507255554,0.5,0.5,0.0,0.0,0.28867512941360474,0.28867512941360474,0.7071067690849304,0.7071067690849304,0.5773502588272095,0.866025447845459,0.5773502588272095,0.866025447845459,0.7071067690849304,0.7071067690849304,0.7071067690849304,0.7071067690849304,0.5,0.5,0.7071067690849304,0.5773502588272095,0.5773502588272095,0.75,0.75,0.5773502588272095,0.75,0.75,0.75,0.75,0.75,0.75,0.866025447845459,0.3535533845424652,0.75,0.75,0.75,0.75,0.75,0.75,0.75,0.5,0.75,0.3535533845424652,0.3535533845424652,0.5,0.75,0.75,0.866025447845459,0.866025447845459,0.75,1.0,0.866025447845459,0.866025447845459,0.866025447845459,0.866025447845459,0.0,0.0,0.3535533845424652,0.3535533845424652,0.6708203554153442,0.4472135901451111,0.5,0.5773502588272095,0.28867512941360474,0.5773502588272095,0.866025447845459,0.3535533845424652,0.3535533845424652,0.3535533845424652,0.3535533845424652,0.3535533845424652,0.3535533845424652,0.3535533845424652,0.3535533845424652,0.5,0.75,0.5,0.75,0.5773502588272095,0.28867512941360474,0.7071067690849304,0.7071067690849304,0.5,0.5,0.5,0.5,0.3535533845424652,0.5,0.5,0.866025447845459,0.5,0.5,0.5,0.5,0.5,0.5,0.3535533845424652,0.3535533845424652,0.5,0.75,0.3535533845424652,0.3535533845424652,0.75,0.5,0.3535533845424652,0.3535533845424652,0.3535533845424652,0.3535533845424652,0.5,0.5,0.5,0.5773502588272095,0.3535533845424652,0.3535533845424652,0.3535533845424652,0.28867512941360474,0.28867512941360474,0.0,0.5,0.28867512941360474,0.3535533845424652,0.3535533845424652,0.3535533845424652,0.3535533845424652,0.3535533845424652,0.5,0.5773502588272095,0.3535533845424652,0.3535533845424652,0.3535533845424652,0.3535533845424652,0.3535533845424652,0.3535533845424652,0.3535533845424652,0.3535533845424652,0.28867512941360474,0.0,0.5,0.3535533845424652,0.3535533845424652,0.3535533845424652,0.3535533845424652,0.28867512941360474,0.5773502588272095,0.5773502588272095,0.5773502588272095,0.7071067690849304,0.5,0.5,0.5,0.5,0.5,0.5,0.5,0.3535533845424652,0.7071067690849304,0.5773502588272095,0.5,0.5,0.5,0.5,0.5,0.5,0.5,0.5,0.5,0.5,0.5,0.3535533845424652,0.3535533845424652,0.3535533845424652,0.3535533845424652,0.3535533845424652,0.3535533845424652,0.3535533845424652,0.3535533845424652,0.3535533845424652,0.28867512941360474,0.28867512941360474,0.866025447845459,0.866025447845459,0.7071067690849304,0.7071067690849304,0.5,0.5,0.5,0.5
AVDL,0.0,0.0,0.0,0.0,0.0,0.0,0.0,0.0,0.0,0.0,0.0,0.0,0.0,0.0,0.0,0.0,0.0,0.0,0.0,0.0,0.5773502588272095,0.5773502588272095,0.40824830532073975,0.40824830532073975,0.5773502588272095,0.5773502588272095,0.5773502588272095,0.5773502588272095,0.5773502588272095,0.5773502588272095,0.5773502588272095,0.5773502588272095,0.5773502588272095,0.5773502588272095,0.5773502588272095,0.5773502588272095,0.5773502588272095,0.5773502588272095,0.5773502588272095,0.5773502588272095,0.5773502588272095,0.5773502588272095,0.5773502588272095,0.5773502588272095,0.40824830532073975,0.40824830532073975,0.40824830532073975,0.40824830532073975,0.40824830532073975,0.40824830532073975,0.40824830532073975,0.40824830532073975,0.40824830532073975,0.40824830532073975,0.40824830532073975,0.40824830532073975,0.40824830532073975,0.40824830532073975,0.40824830532073975,0.40824830532073975,0.5773502588272095,0.5773502588272095,1.0,0.5773502588272095,0.40824830532073975,0.40824830532073975,0.40824830532073975,0.40824830532073975,0.7071067094802856,0.7071067094802856,0.5773502588272095,0.5773502588272095,0.3333333432674408,0.3333333432674408,0.40824830532073975,0.40824830532073975,0.40824830532073975,0.40824830532073975,0.40824830532073975,0.40824830532073975,0.40824830532073975,0.40824830532073975,0.6666666865348816,0.40824830532073975,0.40824830532073975,0.40824830532073975,0.5773502588272095,0.5773502588272095,0.0,0.0,0.0,0.0,0.0,0.0,0.40824830532073975,0.40824830532073975,0.40824830532073975,0.40824830532073975,0.866025447845459,0.5773502588272095,0.5773502588272095,0.8164966106414795,0.8164966106414795,0.6666666865348816,0.6666666865348816,0.8164966106414795,0.8164966106414795,0.6666666865348816,0.6666666865348816,0.40824830532073975,0.40824830532073975,0.5773502588272095,0.5773502588272095,0.8164966106414795,0.8164966106414795,0.25819888710975647,0.5773502588272095,0.5773502588272095,0.0,0.0,0.3333333432674408,0.3333333432674408,0.8164966106414795,0.8164966106414795,0.6666666865348816,0.6666666865348816,0.6666666865348816,0.6666666865348816,0.8164966106414795,0.8164966106414795,0.8164966106414795,0.8164966106414795,0.5773502588272095,0.5773502588272095,0.8164966106414795,0.6666666865348816,0.6666666865348816,0.866025447845459,0.866025447845459,0.6666666865348816,0.866025447845459,0.866025447845459,0.866025447845459,0.866025447845459,0.866025447845459,0.866025447845459,1.0,0.40824830532073975,0.866025447845459,0.866025447845459,0.866025447845459,0.866025447845459,0.866025447845459,0.866025447845459,0.866025447845459,0.5773503184318542,0.866025447845459,0.40824830532073975,0.40824830532073975,0.5773502588272095,0.866025447845459,0.866025447845459,1.0,1.0,0.866025447845459,0.866025447845459,1.0,1.0,1.0,1.0,0.0,0.0,0.40824830532073975,0.40824830532073975,0.5163977742195129,0.5163977742195129,0.28867512941360474,0.3333333432674408,0.3333333432674408,0.6666666865348816,0.6666666865348816,0.40824830532073975,0.40824830532073975,0.40824830532073975,0.40824830532073975,0.40824830532073975,0.40824830532073975,0.40824830532073975,0.40824830532073975,0.5773502588272095,0.5773502588272095,0.5773502588272095,0.5773502588272095,0.3333333432674408,0.3333333432674408,0.8164966106414795,0.8164966106414795,0.5773502588272095,0.5773502588272095,0.5773502588272095,0.5773502588272095,0.40824830532073975,0.5773502588272095,0.5773502588272095,1.0,0.5773502588272095,0.5773502588272095,0.5773502588272095,0.5773502588272095,0.5773502588272095,0.5773502588272095,0.40824830532073975,0.40824830532073975,0.5773502588272095,0.5773502588272095,0.40824830532073975,0.40824830532073975,0.5773502588272095,0.5773502588272095,0.40824830532073975,0.40824830532073975,0.40824830532073975,0.40824830532073975,0.5773502588272095,0.5773502588272095,0.5773502588272095,0.6666666865348816,0.40824830532073975,0.40824830532073975,0.40824830532073975,0.3333333432674408,0.3333333432674408,0.0,0.5773502588272095,0.3333333432674408,0.40824830532073975,0.40824830532073975,0.40824830532073975,0.40824830532073975,0.40824830532073975,0.5773502588272095,0.6666666865348816,0.40824830532073975,0.40824830532073975,0.40824830532073975,0.40824830532073975,0.40824830532073975,0.40824830532073975,0.40824830532073975,0.40824830532073975,0.3333333432674408,0.0,0.5773502588272095,0.40824830532073975,0.40824830532073975,0.40824830532073975,0.40824830532073975,0.3333333432674408,0.6666666865348816,0.6666666865348816,0.6666666865348816,0.8164966106414795,0.5773502588272095,0.5773502588272095,0.5773502588272095,0.5773502588272095,0.5773502588272095,0.5773502588272095,0.5773502588272095,0.40824830532073975,0.8164966106414795,0.6666666865348816,0.5773502588272095,0.5773502588272095,0.5773502588272095,0.5773502588272095,0.5773502588272095,0.5773502588272095,0.5773502588272095,0.5773502588272095,0.5773502588272095,0.5773502588272095,0.5773502588272095,0.40824830532073975,0.40824830532073975,0.40824830532073975,0.40824830532073975,0.40824830532073975,0.40824830532073975,0.40824830532073975,0.40824830532073975,0.40824830532073975,0.3333333432674408,0.3333333432674408,1.0,1.0,0.8164966106414795,0.8164966106414795,0.5773502588272095,0.5773502588272095,0.5773502588272095,0.5773502588272095
AVDR,0.0,0.0,0.0,0.0,0.0,0.0,0.0,0.0,0.0,0.0,0.0,0.0,0.0,0.0,0.0,0.0,0.0,0.0,0.0,0.0,0.5773502588272095,0.5773502588272095,0.40824830532073975,0.40824830532073975,0.5773502588272095,0.5773502588272095,0.5773502588272095,0.5773502588272095,0.5773502588272095,0.5773502588272095,0.5773502588272095,0.5773502588272095,0.5773502588272095,0.5773502588272095,0.5773502588272095,0.5773502588272095,0.5773502588272095,0.5773502588272095,0.5773502588272095,0.5773502588272095,0.5773502588272095,0.5773502588272095,0.5773502588272095,0.5773502588272095,0.40824830532073975,0.40824830532073975,0.40824830532073975,0.40824830532073975,0.40824830532073975,0.40824830532073975,0.40824830532073975,0.40824830532073975,0.40824830532073975,0.40824830532073975,0.40824830532073975,0.40824830532073975,0.40824830532073975,0.40824830532073975,0.40824830532073975,0.40824830532073975,0.5773502588272095,0.5773502588272095,1.0,0.5773502588272095,0.40824830532073975,0.40824830532073975,0.40824830532073975,0.40824830532073975,0.7071067094802856,0.7071067094802856,0.5773502588272095,0.5773502588272095,0.3333333432674408,0.3333333432674408,0.40824830532073975,0.40824830532073975,0.40824830532073975,0.40824830532073975,0.40824830532073975,0.40824830532073975,0.40824830532073975,0.40824830532073975,0.6666666865348816,0.40824830532073975,0.40824830532073975,0.40824830532073975,0.5773502588272095,0.5773502588272095,0.0,0.0,0.0,0.0,0.0,0.0,0.40824830532073975,0.40824830532073975,0.40824830532073975,0.40824830532073975,0.866025447845459,0.5773502588272095,0.5773502588272095,0.8164966106414795,0.8164966106414795,0.6666666865348816,0.6666666865348816,0.8164966106414795,0.8164966106414795,0.6666666865348816,0.6666666865348816,0.40824830532073975,0.40824830532073975,0.5773502588272095,0.5773502588272095,0.8164966106414795,0.8164966106414795,0.25819888710975647,0.5773502588272095,0.5773502588272095,0.0,0.0,0.3333333432674408,0.3333333432674408,0.8164966106414795,0.8164966106414795,0.6666666865348816,0.6666666865348816,0.6666666865348816,0.6666666865348816,0.8164966106414795,0.8164966106414795,0.8164966106414795,0.8164966106414795,0.5773502588272095,0.5773502588272095,0.8164966106414795,0.6666666865348816,0.6666666865348816,0.866025447845459,0.866025447845459,0.6666666865348816,0.866025447845459,0.866025447845459,0.866025447845459,0.866025447845459,0.866025447845459,0.866025447845459,1.0,0.40824830532073975,0.866025447845459,0.866025447845459,0.866025447845459,0.866025447845459,0.866025447845459,0.866025447845459,0.866025447845459,0.5773503184318542,0.866025447845459,0.40824830532073975,0.40824830532073975,0.5773502588272095,0.866025447845459,0.866025447845459,1.0,1.0,0.866025447845459,0.866025447845459,1.0,1.0,1.0,1.0,0.0,0.0,0.40824830532073975,0.40824830532073975,0.5163977742195129,0.5163977742195129,0.28867512941360474,0.3333333432674408,0.3333333432674408,0.6666666865348816,0.6666666865348816,0.40824830532073975,0.40824830532073975,0.40824830532073975,0.40824830532073975,0.40824830532073975,0.40824830532073975,0.40824830532073975,0.40824830532073975,0.5773502588272095,0.5773502588272095,0.5773502588272095,0.5773502588272095,0.3333333432674408,0.3333333432674408,0.8164966106414795,0.8164966106414795,0.5773502588272095,0.5773502588272095,0.5773502588272095,0.5773502588272095,0.40824830532073975,0.5773502588272095,0.5773502588272095,1.0,0.5773502588272095,0.5773502588272095,0.5773502588272095,0.5773502588272095,0.5773502588272095,0.5773502588272095,0.40824830532073975,0.40824830532073975,0.5773502588272095,0.5773502588272095,0.40824830532073975,0.40824830532073975,0.5773502588272095,0.5773502588272095,0.40824830532073975,0.40824830532073975,0.40824830532073975,0.40824830532073975,0.5773502588272095,0.5773502588272095,0.5773502588272095,0.6666666865348816,0.40824830532073975,0.40824830532073975,0.40824830532073975,0.3333333432674408,0.3333333432674408,0.0,0.5773502588272095,0.3333333432674408,0.40824830532073975,0.40824830532073975,0.40824830532073975,0.40824830532073975,0.40824830532073975,0.5773502588272095,0.6666666865348816,0.40824830532073975,0.40824830532073975,0.40824830532073975,0.40824830532073975,0.40824830532073975,0.40824830532073975,0.40824830532073975,0.40824830532073975,0.3333333432674408,0.0,0.5773502588272095,0.40824830532073975,0.40824830532073975,0.40824830532073975,0.40824830532073975,0.3333333432674408,0.6666666865348816,0.6666666865348816,0.6666666865348816,0.8164966106414795,0.5773502588272095,0.5773502588272095,0.5773502588272095,0.5773502588272095,0.5773502588272095,0.5773502588272095,0.5773502588272095,0.40824830532073975,0.8164966106414795,0.6666666865348816,0.5773502588272095,0.5773502588272095,0.5773502588272095,0.5773502588272095,0.5773502588272095,0.5773502588272095,0.5773502588272095,0.5773502588272095,0.5773502588272095,0.5773502588272095,0.5773502588272095,0.40824830532073975,0.40824830532073975,0.40824830532073975,0.40824830532073975,0.40824830532073975,0.40824830532073975,0.40824830532073975,0.40824830532073975,0.40824830532073975,0.3333333432674408,0.3333333432674408,1.0,1.0,0.8164966106414795,0.8164966106414795,0.5773502588272095,0.5773502588272095,0.5773502588272095,0.5773502588272095
AVEL,0.0,0.0,0.0,0.0,0.0,0.0,0.0,0.0,0.0,0.0,0.0,0.0,0.0,0.0,0.0,0.0,0.0,0.0,0.0,0.0,0.5773502588272095,0.5773502588272095,0.40824830532073975,0.40824830532073975,0.5773502588272095,0.5773502588272095,0.5773502588272095,0.5773502588272095,0.5773502588272095,0.5773502588272095,0.5773502588272095,0.5773502588272095,0.5773502588272095,0.5773502588272095,0.5773502588272095,0.5773502588272095,0.5773502588272095,0.5773502588272095,0.5773502588272095,0.5773502588272095,0.5773502588272095,0.5773502588272095,0.5773502588272095,0.5773502588272095,0.40824830532073975,0.40824830532073975,0.40824830532073975,0.40824830532073975,0.40824830532073975,0.40824830532073975,0.40824830532073975,0.40824830532073975,0.40824830532073975,0.40824830532073975,0.40824830532073975,0.40824830532073975,0.40824830532073975,0.40824830532073975,0.40824830532073975,0.40824830532073975,0.5773502588272095,0.5773502588272095,1.0,0.5773502588272095,0.40824830532073975,0.40824830532073975,0.40824830532073975,0.40824830532073975,0.7071067094802856,0.7071067094802856,0.5773502588272095,0.5773502588272095,0.3333333432674408,0.3333333432674408,0.40824830532073975,0.40824830532073975,0.40824830532073975,0.40824830532073975,0.40824830532073975,0.40824830532073975,0.40824830532073975,0.40824830532073975,0.6666666865348816,0.40824830532073975,0.40824830532073975,0.40824830532073975,0.5773502588272095,0.5773502588272095,0.0,0.0,0.0,0.0,0.0,0.0,0.40824830532073975,0.40824830532073975,0.40824830532073975,0.40824830532073975,0.866025447845459,0.5773502588272095,0.5773502588272095,0.8164966106414795,0.8164966106414795,0.6666666865348816,0.6666666865348816,0.8164966106414795,0.8164966106414795,0.6666666865348816,0.6666666865348816,0.40824830532073975,0.40824830532073975,0.5773502588272095,0.5773502588272095,0.8164966106414795,0.8164966106414795,0.25819888710975647,0.5773502588272095,0.5773502588272095,0.0,0.0,0.3333333432674408,0.3333333432674408,0.8164966106414795,0.8164966106414795,0.6666666865348816,0.6666666865348816,0.6666666865348816,0.6666666865348816,0.8164966106414795,0.8164966106414795,0.8164966106414795,0.8164966106414795,0.5773502588272095,0.5773502588272095,0.8164966106414795,0.6666666865348816,0.6666666865348816,0.866025447845459,0.866025447845459,0.6666666865348816,0.866025447845459,0.866025447845459,0.866025447845459,0.866025447845459,0.866025447845459,0.866025447845459,1.0,0.40824830532073975,0.866025447845459,0.866025447845459,0.866025447845459,0.866025447845459,0.866025447845459,0.866025447845459,0.866025447845459,0.5773503184318542,0.866025447845459,0.40824830532073975,0.40824830532073975,0.5773502588272095,0.866025447845459,0.866025447845459,1.0,1.0,0.866025447845459,0.866025447845459,1.0,1.0,1.0,1.0,0.0,0.0,0.40824830532073975,0.40824830532073975,0.5163977742195129,0.5163977742195129,0.28867512941360474,0.3333333432674408,0.3333333432674408,0.6666666865348816,0.6666666865348816,0.40824830532073975,0.40824830532073975,0.40824830532073975,0.40824830532073975,0.40824830532073975,0.40824830532073975,0.40824830532073975,0.40824830532073975,0.5773502588272095,0.5773502588272095,0.5773502588272095,0.5773502588272095,0.3333333432674408,0.3333333432674408,0.8164966106414795,0.8164966106414795,0.5773502588272095,0.5773502588272095,0.5773502588272095,0.5773502588272095,0.40824830532073975,0.5773502588272095,0.5773502588272095,1.0,0.5773502588272095,0.5773502588272095,0.5773502588272095,0.5773502588272095,0.5773502588272095,0.5773502588272095,0.40824830532073975,0.40824830532073975,0.5773502588272095,0.5773502588272095,0.40824830532073975,0.40824830532073975,0.5773502588272095,0.5773502588272095,0.40824830532073975,0.40824830532073975,0.40824830532073975,0.40824830532073975,0.5773502588272095,0.5773502588272095,0.5773502588272095,0.6666666865348816,0.40824830532073975,0.40824830532073975,0.40824830532073975,0.3333333432674408,0.3333333432674408,0.0,0.5773502588272095,0.3333333432674408,0.40824830532073975,0.40824830532073975,0.40824830532073975,0.40824830532073975,0.40824830532073975,0.5773502588272095,0.6666666865348816,0.40824830532073975,0.40824830532073975,0.40824830532073975,0.40824830532073975,0.40824830532073975,0.40824830532073975,0.40824830532073975,0.40824830532073975,0.3333333432674408,0.0,0.5773502588272095,0.40824830532073975,0.40824830532073975,0.40824830532073975,0.40824830532073975,0.3333333432674408,0.6666666865348816,0.6666666865348816,0.6666666865348816,0.8164966106414795,0.5773502588272095,0.5773502588272095,0.5773502588272095,0.5773502588272095,0.5773502588272095,0.5773502588272095,0.5773502588272095,0.40824830532073975,0.8164966106414795,0.6666666865348816,0.5773502588272095,0.5773502588272095,0.5773502588272095,0.5773502588272095,0.5773502588272095,0.5773502588272095,0.5773502588272095,0.5773502588272095,0.5773502588272095,0.5773502588272095,0.5773502588272095,0.40824830532073975,0.40824830532073975,0.40824830532073975,0.40824830532073975,0.40824830532073975,0.40824830532073975,0.40824830532073975,0.40824830532073975,0.40824830532073975,0.3333333432674408,0.3333333432674408,1.0,1.0,0.8164966106414795,0.8164966106414795,0.5773502588272095,0.5773502588272095,0.5773502588272095,0.5773502588272095
AVER,0.0,0.0,0.0,0.0,0.0,0.0,0.0,0.0,0.0,0.0,0.0,0.0,0.0,0.0,0.0,0.0,0.0,0.0,0.0,0.0,0.5773502588272095,0.5773502588272095,0.40824830532073975,0.40824830532073975,0.5773502588272095,0.5773502588272095,0.5773502588272095,0.5773502588272095,0.5773502588272095,0.5773502588272095,0.5773502588272095,0.5773502588272095,0.5773502588272095,0.5773502588272095,0.5773502588272095,0.5773502588272095,0.5773502588272095,0.5773502588272095,0.5773502588272095,0.5773502588272095,0.5773502588272095,0.5773502588272095,0.5773502588272095,0.5773502588272095,0.40824830532073975,0.40824830532073975,0.40824830532073975,0.40824830532073975,0.40824830532073975,0.40824830532073975,0.40824830532073975,0.40824830532073975,0.40824830532073975,0.40824830532073975,0.40824830532073975,0.40824830532073975,0.40824830532073975,0.40824830532073975,0.40824830532073975,0.40824830532073975,0.5773502588272095,0.5773502588272095,1.0,0.5773502588272095,0.40824830532073975,0.40824830532073975,0.40824830532073975,0.40824830532073975,0.7071067094802856,0.7071067094802856,0.5773502588272095,0.5773502588272095,0.3333333432674408,0.3333333432674408,0.40824830532073975,0.40824830532073975,0.40824830532073975,0.40824830532073975,0.40824830532073975,0.40824830532073975,0.40824830532073975,0.40824830532073975,0.6666666865348816,0.40824830532073975,0.40824830532073975,0.40824830532073975,0.5773502588272095,0.5773502588272095,0.0,0.0,0.0,0.0,0.0,0.0,0.40824830532073975,0.40824830532073975,0.40824830532073975,0.40824830532073975,0.866025447845459,0.5773502588272095,0.5773502588272095,0.8164966106414795,0.8164966106414795,0.6666666865348816,0.6666666865348816,0.8164966106414795,0.8164966106414795,0.6666666865348816,0.6666666865348816,0.40824830532073975,0.40824830532073975,0.5773502588272095,0.5773502588272095,0.8164966106414795,0.8164966106414795,0.25819888710975647,0.5773502588272095,0.5773502588272095,0.0,0.0,0.3333333432674408,0.3333333432674408,0.8164966106414795,0.8164966106414795,0.6666666865348816,0.6666666865348816,0.6666666865348816,0.6666666865348816,0.8164966106414795,0.8164966106414795,0.8164966106414795,0.8164966106414795,0.5773502588272095,0.5773502588272095,0.8164966106414795,0.6666666865348816,0.6666666865348816,0.866025447845459,0.866025447845459,0.6666666865348816,0.866025447845459,0.866025447845459,0.866025447845459,0.866025447845459,0.866025447845459,0.866025447845459,1.0,0.40824830532073975,0.866025447845459,0.866025447845459,0.866025447845459,0.866025447845459,0.866025447845459,0.866025447845459,0.866025447845459,0.5773503184318542,0.866025447845459,0.40824830532073975,0.40824830532073975,0.5773502588272095,0.866025447845459,0.866025447845459,1.0,1.0,0.866025447845459,0.866025447845459,1.0,1.0,1.0,1.0,0.0,0.0,0.40824830532073975,0.40824830532073975,0.5163977742195129,0.5163977742195129,0.28867512941360474,0.3333333432674408,0.3333333432674408,0.6666666865348816,0.6666666865348816,0.40824830532073975,0.40824830532073975,0.40824830532073975,0.40824830532073975,0.40824830532073975,0.40824830532073975,0.40824830532073975,0.40824830532073975,0.5773502588272095,0.5773502588272095,0.5773502588272095,0.5773502588272095,0.3333333432674408,0.3333333432674408,0.8164966106414795,0.8164966106414795,0.5773502588272095,0.5773502588272095,0.5773502588272095,0.5773502588272095,0.40824830532073975,0.5773502588272095,0.5773502588272095,1.0,0.5773502588272095,0.5773502588272095,0.5773502588272095,0.5773502588272095,0.5773502588272095,0.5773502588272095,0.40824830532073975,0.40824830532073975,0.5773502588272095,0.5773502588272095,0.40824830532073975,0.40824830532073975,0.5773502588272095,0.5773502588272095,0.40824830532073975,0.40824830532073975,0.40824830532073975,0.40824830532073975,0.5773502588272095,0.5773502588272095,0.5773502588272095,0.6666666865348816,0.40824830532073975,0.40824830532073975,0.40824830532073975,0.3333333432674408,0.3333333432674408,0.0,0.5773502588272095,0.3333333432674408,0.40824830532073975,0.40824830532073975,0.40824830532073975,0.40824830532073975,0.40824830532073975,0.5773502588272095,0.6666666865348816,0.40824830532073975,0.40824830532073975,0.40824830532073975,0.40824830532073975,0.40824830532073975,0.40824830532073975,0.40824830532073975,0.40824830532073975,0.3333333432674408,0.0,0.5773502588272095,0.40824830532073975,0.40824830532073975,0.40824830532073975,0.40824830532073975,0.3333333432674408,0.6666666865348816,0.6666666865348816,0.6666666865348816,0.8164966106414795,0.5773502588272095,0.5773502588272095,0.5773502588272095,0.5773502588272095,0.5773502588272095,0.5773502588272095,0.5773502588272095,0.40824830532073975,0.8164966106414795,0.6666666865348816,0.5773502588272095,0.5773502588272095,0.5773502588272095,0.5773502588272095,0.5773502588272095,0.5773502588272095,0.5773502588272095,0.5773502588272095,0.5773502588272095,0.5773502588272095,0.5773502588272095,0.40824830532073975,0.40824830532073975,0.40824830532073975,0.40824830532073975,0.40824830532073975,0.40824830532073975,0.40824830532073975,0.40824830532073975,0.40824830532073975,0.3333333432674408,0.3333333432674408,1.0,1.0,0.8164966106414795,0.8164966106414795,0.5773502588272095,0.5773502588272095,0.5773502588272095,0.5773502588272095
LUAL,0.0,0.0,0.0,0.0,0.0,0.0,0.0,0.0,0.0,0.0,0.0,0.0,0.0,0.0,0.0,0.0,0.0,0.0,0.0,0.0,0.0,0.0,0.0,0.0,0.0,0.0,0.0,0.0,0.0,0.0,0.0,0.0,0.0,0.0,0.0,0.0,0.0,0.0,0.0,0.0,0.0,0.0,0.0,0.0,0.0,0.0,0.0,0.0,0.0,0.0,0.0,0.0,0.0,0.0,0.0,0.0,0.0,0.0,0.0,0.0,0.0,0.0,0.0,0.0,0.0,0.0,0.0,0.0,0.0,0.0,0.0,0.0,0.0,0.0,0.0,0.0,0.0,0.0,0.0,0.0,0.0,0.0,0.0,0.7071067690849304,0.0,0.0,0.0,0.0,1.0,1.0,1.0,1.0,0.7071067690849304,0.7071067690849304,0.0,0.0,0.0,0.0,0.5,0.0,0.0,0.0,0.0,0.0,0.0,0.0,0.0,0.0,0.0,0.0,0.0,0.0,0.0,0.0,0.0,0.0,0.0,0.0,0.0,0.0,0.0,0.0,0.0,0.0,0.0,0.0,0.0,0.0,0.0,0.0,0.0,0.0,0.0,0.0,0.0,0.0,0.0,0.5,0.5,0.5773502588272095,0.5,0.5,0.5,0.5,0.5,0.5,0.0,0.7071067690849304,0.5,0.5,0.5,0.5,0.5,0.5,0.5,0.3333333432674408,0.5,0.7071067690849304,0.7071067690849304,0.0,0.5,0.5,0.0,0.0,0.0,0.0,0.0,0.0,0.0,0.0,1.0,1.0,0.0,0.0,0.0,0.0,0.0,0.0,0.0,0.0,0.0,0.0,0.0,0.0,0.0,0.0,0.0,0.0,0.0,0.0,0.0,0.0,0.0,0.0,0.0,0.0,0.0,0.0,0.0,0.0,0.0,0.0,0.0,0.0,0.0,0.0,0.0,0.0,0.0,0.0,0.0,0.0,0.0,0.0,0.0,0.0,0.0,0.0,0.0,0.0,0.0,0.0,0.0,0.0,0.0,0.0,0.0,0.0,0.0,0.0,0.5773502588272095,0.5773502588272095,0.7071067690849304,0.0,0.0,0.0,0.0,0.0,0.0,0.0,0.0,0.0,0.0,0.0,0.0,0.0,0.0,0.0,0.0,0.0,0.5773502588272095,0.7071067690849304,0.0,0.0,0.0,0.0,0.0,0.5773502588272095,0.0,0.0,0.0,0.0,0.0,0.0,0.0,0.0,0.0,0.0,0.0,0.7071067690849304,0.0,0.0,0.0,0.0,0.0,0.0,0.0,0.0,0.0,0.0,0.0,0.0,0.0,0.0,0.0,0.0,0.0,0.0,0.0,0.0,0.0,0.0,0.5773502588272095,0.5773502588272095,0.0,0.0,0.0,0.0,0.0,0.0,0.0,0.0
LUAR,0.0,0.0,0.0,0.0,0.0,0.0,0.0,0.0,0.0,0.0,0.0,0.0,0.0,0.0,0.0,0.0,0.0,0.0,0.0,0.0,0.0,0.0,0.0,0.0,0.0,0.0,0.0,0.0,0.0,0.0,0.0,0.0,0.0,0.0,0.0,0.0,0.0,0.0,0.0,0.0,0.0,0.0,0.0,0.0,0.0,0.0,0.0,0.0,0.0,0.0,0.0,0.0,0.0,0.0,0.0,0.0,0.0,0.0,0.0,0.0,0.0,0.0,0.0,0.0,0.0,0.0,0.0,0.0,0.0,0.0,0.0,0.0,0.0,0.0,0.0,0.0,0.0,0.0,0.0,0.0,0.0,0.0,0.0,0.7071067690849304,0.0,0.0,0.0,0.0,1.0,1.0,1.0,1.0,0.7071067690849304,0.7071067690849304,0.0,0.0,0.0,0.0,0.5,0.0,0.0,0.0,0.0,0.0,0.0,0.0,0.0,0.0,0.0,0.0,0.0,0.0,0.0,0.0,0.0,0.0,0.0,0.0,0.0,0.0,0.0,0.0,0.0,0.0,0.0,0.0,0.0,0.0,0.0,0.0,0.0,0.0,0.0,0.0,0.0,0.0,0.0,0.5,0.5,0.5773502588272095,0.5,0.5,0.5,0.5,0.5,0.5,0.0,0.7071067690849304,0.5,0.5,0.5,0.5,0.5,0.5,0.5,0.3333333432674408,0.5,0.7071067690849304,0.7071067690849304,0.0,0.5,0.5,0.0,0.0,0.0,0.0,0.0,0.0,0.0,0.0,1.0,1.0,0.0,0.0,0.0,0.0,0.0,0.0,0.0,0.0,0.0,0.0,0.0,0.0,0.0,0.0,0.0,0.0,0.0,0.0,0.0,0.0,0.0,0.0,0.0,0.0,0.0,0.0,0.0,0.0,0.0,0.0,0.0,0.0,0.0,0.0,0.0,0.0,0.0,0.0,0.0,0.0,0.0,0.0,0.0,0.0,0.0,0.0,0.0,0.0,0.0,0.0,0.0,0.0,0.0,0.0,0.0,0.0,0.0,0.0,0.5773502588272095,0.5773502588272095,0.7071067690849304,0.0,0.0,0.0,0.0,0.0,0.0,0.0,0.0,0.0,0.0,0.0,0.0,0.0,0.0,0.0,0.0,0.0,0.5773502588272095,0.7071067690849304,0.0,0.0,0.0,0.0,0.0,0.5773502588272095,0.0,0.0,0.0,0.0,0.0,0.0,0.0,0.0,0.0,0.0,0.0,0.7071067690849304,0.0,0.0,0.0,0.0,0.0,0.0,0.0,0.0,0.0,0.0,0.0,0.0,0.0,0.0,0.0,0.0,0.0,0.0,0.0,0.0,0.0,0.0,0.5773502588272095,0.5773502588272095,0.0,0.0,0.0,0.0,0.0,0.0,0.0,0.0
SAADL,0.0,0.0,0.0,0.0,0.0,0.0,0.0,0.0,0.0,0.0,0.0,0.0,0.0,0.0,0.0,0.0,0.0,0.0,0.0,0.0,0.3535533845424652,0.3535533845424652,0.5000000596046448,0.5000000596046448,0.3535533845424652,0.3535533845424652,0.3535533845424652,0.3535533845424652,0.3535533845424652,0.3535533845424652,0.3535533845424652,0.3535533845424652,0.3535533845424652,0.3535533845424652,0.3535533845424652,0.3535533845424652,0.3535533845424652,0.3535533845424652,0.3535533845424652,0.3535533845424652,0.3535533845424652,0.3535533845424652,0.3535533845424652,0.3535533845424652,0.5000000596046448,0.5000000596046448,0.5000000596046448,0.5000000596046448,0.5000000596046448,0.5000000596046448,0.5000000596046448,0.5000000596046448,0.5000000596046448,0.5000000596046448,0.5000000596046448,0.5000000596046448,0.5000000596046448,0.5000000596046448,0.5000000596046448,0.5000000596046448,0.7071067690849304,0.7071067690849304,0.40824830532073975,0.0,0.0,0.0,0.5000000596046448,0.5000000596046448,0.28867512941360474,0.28867512941360474,0.3535533845424652,0.3535533845424652,0.0,0.0,0.5000000596046448,0.5000000596046448,0.5000000596046448,0.5000000596046448,0.5000000596046448,0.5000000596046448,0.5000000596046448,0.5000000596046448,0.40824830532073975,0.0,0.5000000596046448,0.5000000596046448,0.0,0.0,0.0,0.0,0.0,0.0,0.0,0.0,0.5000000596046448,0.5000000596046448,0.5000000596046448,0.5000000596046448,0.3535533845424652,0.3535533845424652,0.3535533845424652,0.5000000596046448,0.5000000596046448,0.40824830532073975,0.40824830532073975,0.5000000596046448,0.5000000596046448,0.40824830532073975,0.40824830532073975,0.5000000596046448,0.5000000596046448,0.7071067690849304,0.7071067690849304,0.5000000596046448,0.5000000596046448,0.3162277638912201,0.3535533845424652,0.3535533845424652,0.0,0.0,0.40824830532073975,0.40824830532073975,0.5000000596046448,0.5000000596046448,0.40824830532073975,0.40824830532073975,0.40824830532073975,0.40824830532073975,0.5000000596046448,0.5000000596046448,0.5000000596046448,0.5000000596046448,0.7071067690849304,0.7071067690849304,0.5000000596046448,0.40824830532073975,0.40824830532073975,0.3535533845424652,0.3535533845424652,0.0,0.3535533845424652,0.3535533845424652,0.3535533845424652,0.3535533845424652,0.3535533845424652,0.3535533845424652,0.40824830532073975,0.0,0.3535533845424652,0.3535533845424652,0.3535533845424652,0.3535533845424652,0.3535533845424652,0.3535533845424652,0.3535533845424652,0.2357022762298584,0.3535533845424652,0.0,0.0,0.3535533845424652,0.3535533845424652,0.3535533845424652,0.40824830532073975,0.40824830532073975,0.3535533845424652,0.3535533845424652,0.40824830532073975,0.40824830532073975,0.40824830532073975,0.40824830532073975,0.0,0.0,1.0,0.5000000596046448,0.3162277638912201,0.3162277638912201,0.3535533845424652,0.0,0.0,0.40824830532073975,0.40824830532073975,0.5000000596046448,0.5000000596046448,0.5000000596046448,0.5000000596046448,0.5000000596046448,0.5000000596046448,0.5000000596046448,0.5000000596046448,0.3535533845424652,0.3535533845424652,0.3535533845424652,0.3535533845424652,0.40824830532073975,0.40824830532073975,0.5000000596046448,0.5000000596046448,0.7071067690849304,0.7071067690849304,0.7071067690849304,0.7071067690849304,0.5000000596046448,0.7071067690849304,0.7071067690849304,0.40824830532073975,0.7071067690849304,0.7071067690849304,0.7071067690849304,0.7071067690849304,0.7071067690849304,0.7071067690849304,0.5000000596046448,0.5000000596046448,0.3535533845424652,0.3535533845424652,0.5000000596046448,0.5000000596046448,0.3535533845424652,0.3535533845424652,0.5000000596046448,0.5000000596046448,0.5000000596046448,0.5000000596046448,0.0,0.0,0.0,0.0,0.0,0.0,0.0,0.0,0.0,0.0,0.0,0.0,0.0,0.0,0.0,0.0,0.0,0.0,0.0,0.0,0.0,0.0,0.0,0.0,0.0,0.0,0.0,0.0,0.0,0.0,0.0,0.0,0.0,0.0,0.0,0.0,0.0,0.0,0.0,0.0,0.0,0.0,0.0,0.0,0.0,0.0,0.0,0.0,0.0,0.0,0.0,0.0,0.0,0.0,0.0,0.0,0.0,0.0,0.0,0.0,0.0,0.0,0.0,0.0,0.0,0.0,0.0,0.0,0.0,0.0,0.0,0.40824830532073975,0.40824830532073975,0.0,0.0,0.0,0.0,0.0,0.0
SAADR,0.0,0.0,0.0,0.0,0.0,0.0,0.0,0.0,0.0,0.0,0.0,0.0,0.0,0.0,0.0,0.0,0.0,0.0,0.0,0.0,0.3535533845424652,0.3535533845424652,0.5000000596046448,0.5000000596046448,0.3535533845424652,0.3535533845424652,0.3535533845424652,0.3535533845424652,0.3535533845424652,0.3535533845424652,0.3535533845424652,0.3535533845424652,0.3535533845424652,0.3535533845424652,0.3535533845424652,0.3535533845424652,0.3535533845424652,0.3535533845424652,0.3535533845424652,0.3535533845424652,0.3535533845424652,0.3535533845424652,0.3535533845424652,0.3535533845424652,0.5000000596046448,0.5000000596046448,0.5000000596046448,0.5000000596046448,0.5000000596046448,0.5000000596046448,0.5000000596046448,0.5000000596046448,0.5000000596046448,0.5000000596046448,0.5000000596046448,0.5000000596046448,0.5000000596046448,0.5000000596046448,0.5000000596046448,0.5000000596046448,0.7071067690849304,0.7071067690849304,0.40824830532073975,0.0,0.0,0.0,0.5000000596046448,0.5000000596046448,0.28867512941360474,0.28867512941360474,0.3535533845424652,0.3535533845424652,0.0,0.0,0.5000000596046448,0.5000000596046448,0.5000000596046448,0.5000000596046448,0.5000000596046448,0.5000000596046448,0.5000000596046448,0.5000000596046448,0.40824830532073975,0.0,0.5000000596046448,0.5000000596046448,0.0,0.0,0.0,0.0,0.0,0.0,0.0,0.0,0.5000000596046448,0.5000000596046448,0.5000000596046448,0.5000000596046448,0.3535533845424652,0.3535533845424652,0.3535533845424652,0.5000000596046448,0.5000000596046448,0.40824830532073975,0.40824830532073975,0.5000000596046448,0.5000000596046448,0.40824830532073975,0.40824830532073975,0.5000000596046448,0.5000000596046448,0.7071067690849304,0.7071067690849304,0.5000000596046448,0.5000000596046448,0.3162277638912201,0.3535533845424652,0.3535533845424652,0.0,0.0,0.40824830532073975,0.40824830532073975,0.5000000596046448,0.5000000596046448,0.40824830532073975,0.40824830532073975,0.40824830532073975,0.40824830532073975,0.5000000596046448,0.5000000596046448,0.5000000596046448,0.5000000596046448,0.7071067690849304,0.7071067690849304,0.5000000596046448,0.40824830532073975,0.40824830532073975,0.3535533845424652,0.3535533845424652,0.0,0.3535533845424652,0.3535533845424652,0.3535533845424652,0.3535533845424652,0.3535533845424652,0.3535533845424652,0.40824830532073975,0.0,0.3535533845424652,0.3535533845424652,0.3535533845424652,0.3535533845424652,0.3535533845424652,0.3535533845424652,0.3535533845424652,0.2357022762298584,0.3535533845424652,0.0,0.0,0.3535533845424652,0.3535533845424652,0.3535533845424652,0.40824830532073975,0.40824830532073975,0.3535533845424652,0.3535533845424652,0.40824830532073975,0.40824830532073975,0.40824830532073975,0.40824830532073975,0.0,0.0,0.5000000596046448,1.0,0.3162277638912201,0.3162277638912201,0.3535533845424652,0.0,0.0,0.40824830532073975,0.40824830532073975,0.5000000596046448,0.5000000596046448,0.5000000596046448,0.5000000596046448,0.5000000596046448,0.5000000596046448,0.5000000596046448,0.5000000596046448,0.3535533845424652,0.3535533845424652,0.3535533845424652,0.3535533845424652,0.40824830532073975,0.40824830532073975,0.5000000596046448,0.5000000596046448,0.7071067690849304,0.7071067690849304,0.7071067690849304,0.7071067690849304,0.5000000596046448,0.7071067690849304,0.7071067690849304,0.40824830532073975,0.7071067690849304,0.7071067690849304,0.7071067690849304,0.7071067690849304,0.7071067690849304,0.7071067690849304,0.5000000596046448,0.5000000596046448,0.3535533845424652,0.3535533845424652,0.5000000596046448,0.5000000596046448,0.3535533845424652,0.3535533845424652,0.5000000596046448,0.5000000596046448,0.5000000596046448,0.5000000596046448,0.0,0.0,0.0,0.0,0.0,0.0,0.0,0.0,0.0,0.0,0.0,0.0,0.0,0.0,0.0,0.0,0.0,0.0,0.0,0.0,0.0,0.0,0.0,0.0,0.0,0.0,0.0,0.0,0.0,0.0,0.0,0.0,0.0,0.0,0.0,0.0,0.0,0.0,0.0,0.0,0.0,0.0,0.0,0.0,0.0,0.0,0.0,0.0,0.0,0.0,0.0,0.0,0.0,0.0,0.0,0.0,0.0,0.0,0.0,0.0,0.0,0.0,0.0,0.0,0.0,0.0,0.0,0.0,0.0,0.0,0.0,0.40824830532073975,0.40824830532073975,0.0,0.0,0.0,0.0,0.0,0.0
SAAVL,0.0,0.0,0.0,0.0,0.0,0.0,0.0,0.0,0.0,0.0,0.0,0.0,0.0,0.0,0.0,0.0,0.0,0.0,0.0,0.0,0.4472135901451111,0.6708203554153442,0.3162277638912201,0.3162277638912201,0.4472135901451111,0.6708203554153442,0.4472135901451111,0.6708203554153442,0.4472135901451111,0.6708203554153442,0.4472135901451111,0.6708203554153442,0.4472135901451111,0.6708203554153442,0.4472135901451111,0.6708203554153442,0.4472135901451111,0.6708203554153442,0.4472135901451111,0.6708203554153442,0.4472135901451111,0.6708203554153442,0.4472135901451111,0.6708203554153442,0.3162277638912201,0.3162277638912201,0.3162277638912201,0.3162277638912201,0.3162277638912201,0.3162277638912201,0.3162277638912201,0.3162277638912201,0.3162277638912201,0.3162277638912201,0.3162277638912201,0.3162277638912201,0.3162277638912201,0.3162277638912201,0.3162277638912201,0.3162277638912201,0.4472135901451111,0.4472135901451111,0.5163977742195129,0.0,0.0,0.0,0.3162277638912201,0.3162277638912201,0.3651483654975891,0.5477225184440613,0.4472135901451111,0.4472135901451111,0.0,0.0,0.3162277638912201,0.3162277638912201,0.3162277638912201,0.3162277638912201,0.3162277638912201,0.3162277638912201,0.3162277638912201,0.3162277638912201,0.5163977742195129,0.0,0.3162277638912201,0.3162277638912201,0.0,0.0,0.0,0.0,0.0,0.0,0.0,0.0,0.6324555277824402,0.3162277638912201,0.3162277638912201,0.3162277638912201,0.4472135901451111,0.4472135901451111,0.6708203554153442,0.6324555277824402,0.6324555277824402,0.5163977742195129,0.7745966911315918,0.6324555277824402,0.6324555277824402,0.5163977742195129,0.7745966911315918,0.3162277638912201,0.3162277638912201,0.4472135901451111,0.4472135901451111,0.6324555277824402,0.6324555277824402,0.20000000298023224,0.4472135901451111,0.4472135901451111,0.0,0.0,0.25819888710975647,0.25819888710975647,0.6324555277824402,0.6324555277824402,0.5163977742195129,0.7745966911315918,0.5163977742195129,0.7745966911315918,0.6324555277824402,0.6324555277824402,0.6324555277824402,0.6324555277824402,0.4472135901451111,0.4472135901451111,0.6324555277824402,0.5163977742195129,0.5163977742195129,0.4472135901451111,0.4472135901451111,0.25819888710975647,0.4472135901451111,0.4472135901451111,0.4472135901451111,0.4472135901451111,0.4472135901451111,0.4472135901451111,0.5163977742195129,0.0,0.4472135901451111,0.4472135901451111,0.4472135901451111,0.4472135901451111,0.4472135901451111,0.4472135901451111,0.4472135901451111,0.29814237356185913,0.4472135901451111,0.0,0.0,0.4472135901451111,0.4472135901451111,0.4472135901451111,0.5163977742195129,0.5163977742195129,0.4472135901451111,0.6708203554153442,0.5163977742195129,0.5163977742195129,0.5163977742195129,0.5163977742195129,0.0,0.0,0.3162277638912201,0.3162277638912201,1.0,0.4000000059604645,0.4472135901451111,0.7745966911315918,0.25819888710975647,0.5163977742195129,0.7745966911315918,0.3162277638912201,0.3162277638912201,0.3162277638912201,0.3162277638912201,0.3162277638912201,0.3162277638912201,0.6324555277824402,0.3162277638912201,0.4472135901451111,0.6708203554153442,0.6708203554153442,0.6708203554153442,0.5163977742195129,0.25819888710975647,0.6324555277824402,0.6324555277824402,0.4472135901451111,0.4472135901451111,0.4472135901451111,0.4472135901451111,0.3162277638912201,0.4472135901451111,0.4472135901451111,0.5163977742195129,0.4472135901451111,0.4472135901451111,0.4472135901451111,0.4472135901451111,0.4472135901451111,0.4472135901451111,0.6324555277824402,0.3162277638912201,0.4472135901451111,0.6708203554153442,0.6324555277824402,0.3162277638912201,0.6708203554153442,0.4472135901451111,0.3162277638912201,0.3162277638912201,0.3162277638912201,0.3162277638912201,0.22360679507255554,0.22360679507255554,0.22360679507255554,0.25819888710975647,0.0,0.0,0.0,0.0,0.0,0.0,0.22360679507255554,0.0,0.0,0.0,0.0,0.0,0.0,0.22360679507255554,0.25819888710975647,0.0,0.0,0.0,0.0,0.0,0.0,0.0,0.0,0.0,0.0,0.22360679507255554,0.0,0.0,0.0,0.0,0.0,0.25819888710975647,0.25819888710975647,0.25819888710975647,0.3162277638912201,0.0,0.0,0.0,0.0,0.0,0.0,0.0,0.0,0.3162277638912201,0.25819888710975647,0.0,0.0,0.0,0.0,0.0,0.0,0.0,0.0,0.0,0.22360679507255554,0.22360679507255554,0.0,0.0,0.0,0.0,0.0,0.0,0.0,0.0,0.0,0.0,0.0,0.5163977742195129,0.5163977742195129,0.3162277638912201,0.3162277638912201,0.0,0.0,0.0,0.0
SAAVR,0.0,0.0,0.0,0.0,0.0,0.0,0.0,0.0,0.0,0.0,0.0,0.0,0.0,0.0,0.0,0.0,0.0,0.0,0.0,0.0,0.6708203554153442,0.4472135901451111,0.3162277638912201,0.3162277638912201,0.6708203554153442,0.4472135901451111,0.6708203554153442,0.4472135901451111,0.6708203554153442,0.4472135901451111,0.6708203554153442,0.4472135901451111,0.6708203554153442,0.4472135901451111,0.6708203554153442,0.4472135901451111,0.6708203554153442,0.4472135901451111,0.6708203554153442,0.4472135901451111,0.6708203554153442,0.4472135901451111,0.6708203554153442,0.4472135901451111,0.3162277638912201,0.3162277638912201,0.3162277638912201,0.3162277638912201,0.3162277638912201,0.3162277638912201,0.3162277638912201,0.3162277638912201,0.3162277638912201,0.3162277638912201,0.3162277638912201,0.3162277638912201,0.3162277638912201,0.3162277638912201,0.3162277638912201,0.3162277638912201,0.4472135901451111,0.4472135901451111,0.5163977742195129,0.0,0.0,0.0,0.3162277638912201,0.3162277638912201,0.5477225184440613,0.3651483654975891,0.4472135901451111,0.4472135901451111,0.0,0.0,0.3162277638912201,0.3162277638912201,0.3162277638912201,0.3162277638912201,0.3162277638912201,0.3162277638912201,0.3162277638912201,0.3162277638912201,0.5163977742195129,0.0,0.3162277638912201,0.3162277638912201,0.0,0.0,0.0,0.0,0.0,0.0,0.0,0.0,0.3162277638912201,0.6324555277824402,0.3162277638912201,0.3162277638912201,0.4472135901451111,0.6708203554153442,0.4472135901451111,0.6324555277824402,0.6324555277824402,0.7745966911315918,0.5163977742195129,0.6324555277824402,0.6324555277824402,0.7745966911315918,0.5163977742195129,0.3162277638912201,0.3162277638912201,0.4472135901451111,0.4472135901451111,0.6324555277824402,0.6324555277824402,0.20000000298023224,0.4472135901451111,0.4472135901451111,0.0,0.0,0.25819888710975647,0.25819888710975647,0.6324555277824402,0.6324555277824402,0.7745966911315918,0.5163977742195129,0.7745966911315918,0.5163977742195129,0.6324555277824402,0.6324555277824402,0.6324555277824402,0.6324555277824402,0.4472135901451111,0.4472135901451111,0.6324555277824402,0.5163977742195129,0.5163977742195129,0.4472135901451111,0.4472135901451111,0.25819888710975647,0.4472135901451111,0.4472135901451111,0.4472135901451111,0.4472135901451111,0.4472135901451111,0.4472135901451111,0.5163977742195129,0.0,0.4472135901451111,0.4472135901451111,0.4472135901451111,0.4472135901451111,0.4472135901451111,0.4472135901451111,0.4472135901451111,0.29814237356185913,0.4472135901451111,0.0,0.0,0.6708203554153442,0.4472135901451111,0.4472135901451111,0.5163977742195129,0.5163977742195129,0.6708203554153442,0.4472135901451111,0.5163977742195129,0.5163977742195129,0.5163977742195129,0.5163977742195129,0.0,0.0,0.3162277638912201,0.3162277638912201,0.4000000059604645,1.0,0.22360679507255554,0.25819888710975647,0.7745966911315918,0.7745966911315918,0.5163977742195129,0.3162277638912201,0.3162277638912201,0.3162277638912201,0.3162277638912201,0.3162277638912201,0.3162277638912201,0.3162277638912201,0.6324555277824402,0.6708203554153442,0.4472135901451111,0.6708203554153442,0.6708203554153442,0.25819888710975647,0.5163977742195129,0.6324555277824402,0.6324555277824402,0.4472135901451111,0.4472135901451111,0.4472135901451111,0.4472135901451111,0.3162277638912201,0.4472135901451111,0.4472135901451111,0.5163977742195129,0.4472135901451111,0.4472135901451111,0.4472135901451111,0.4472135901451111,0.4472135901451111,0.4472135901451111,0.3162277638912201,0.6324555277824402,0.6708203554153442,0.4472135901451111,0.3162277638912201,0.6324555277824402,0.4472135901451111,0.6708203554153442,0.3162277638912201,0.3162277638912201,0.3162277638912201,0.3162277638912201,0.22360679507255554,0.22360679507255554,0.22360679507255554,0.25819888710975647,0.0,0.0,0.0,0.0,0.0,0.0,0.22360679507255554,0.0,0.0,0.0,0.0,0.0,0.0,0.22360679507255554,0.25819888710975647,0.0,0.0,0.0,0.0,0.0,0.0,0.0,0.0,0.0,0.0,0.22360679507255554,0.0,0.0,0.0,0.0,0.0,0.25819888710975647,0.25819888710975647,0.25819888710975647,0.3162277638912201,0.0,0.0,0.0,0.0,0.0,0.0,0.0,0.0,0.3162277638912201,0.25819888710975647,0.0,0.0,0.0,0.0,0.0,0.0,0.0,0.0,0.0,0.22360679507255554,0.22360679507255554,0.0,0.0,0.0,0.0,0.0,0.0,0.0,0.0,0.0,0.0,0.0,0.5163977742195129,0.5163977742195129,0.3162277638912201,0.3162277638912201,0.0,0.0,0.0,0.0
SABD,0.0,0.0,0.0,0.0,0.0,0.0,0.0,0.0,0.0,0.0,0.0,0.0,0.0,0.0,0.0,0.0,0.0,0.0,0.0,0.0,0.25,0.5,0.0,0.0,0.25,0.5,0.25,0.5,0.25,0.5,0.25,0.5,0.25,0.5,0.25,0.5,0.25,0.5,0.25,0.5,0.25,0.5,0.25,0.5,0.0,0.0,0.0,0.0,0.0,0.0,0.0,0.0,0.0,0.0,0.0,0.0,0.0,0.0,0.0,0.0,0.0,0.0,0.28867512941360474,0.0,0.0,0.0,0.0,0.0,0.20412413775920868,0.40824827551841736,0.25,0.25,0.0,0.0,0.0,0.0,0.0,0.0,0.0,0.0,0.0,0.0,0.28867512941360474,0.0,0.0,0.0,0.0,0.0,0.0,0.0,0.0,0.0,0.0,0.0,0.0,0.0,0.0,0.0,0.25,0.25,0.5,0.3535533845424652,0.3535533845424652,0.28867512941360474,0.5773502588272095,0.3535533845424652,0.3535533845424652,0.28867512941360474,0.5773502588272095,0.0,0.0,0.0,0.0,0.3535533845424652,0.3535533845424652,0.0,0.25,0.25,0.0,0.0,0.0,0.0,0.3535533845424652,0.3535533845424652,0.28867512941360474,0.5773502588272095,0.28867512941360474,0.5773502588272095,0.3535533845424652,0.3535533845424652,0.3535533845424652,0.3535533845424652,0.0,0.0,0.3535533845424652,0.28867512941360474,0.28867512941360474,0.25,0.25,0.28867512941360474,0.25,0.25,0.25,0.25,0.25,0.25,0.28867512941360474,0.0,0.25,0.25,0.25,0.25,0.25,0.25,0.25,0.1666666716337204,0.25,0.0,0.0,0.25,0.25,0.25,0.28867512941360474,0.28867512941360474,0.25,0.5,0.28867512941360474,0.28867512941360474,0.28867512941360474,0.28867512941360474,0.0,0.0,0.3535533845424652,0.3535533845424652,0.4472135901451111,0.22360679507255554,1.0,0.5773502588272095,0.28867512941360474,0.28867512941360474,0.5773502588272095,0.0,0.0,0.0,0.0,0.0,0.0,0.0,0.0,0.25,0.5,0.25,0.5,0.28867512941360474,0.0,0.3535533845424652,0.3535533845424652,0.0,0.0,0.0,0.0,0.0,0.0,0.0,0.28867512941360474,0.0,0.0,0.0,0.0,0.0,0.0,0.0,0.0,0.25,0.5,0.0,0.0,0.5,0.25,0.0,0.0,0.0,0.0,0.25,0.25,0.25,0.28867512941360474,0.0,0.0,0.0,0.0,0.0,0.0,0.25,0.0,0.0,0.0,0.0,0.0,0.0,0.25,0.28867512941360474,0.0,0.0,0.0,0.0,0.0,0.0,0.0,0.0,0.0,0.0,0.25,0.0,0.0,0.0,0.0,0.0,0.28867512941360474,0.28867512941360474,0.28867512941360474,0.3535533845424652,0.0,0.0,0.0,0.0,0.0,0.0,0.0,0.0,0.3535533845424652,0.28867512941360474,0.0,0.0,0.0,0.0,0.0,0.0,0.0,0.0,0.0,0.25,0.25,0.0,0.0,0.0,0.0,0.0,0.0,0.0,0.0,0.0,0.0,0.0,0.28867512941360474,0.28867512941360474,0.3535533845424652,0.3535533845424652,0.0,0.0,0.0,0.0
SABVL,0.0,0.0,0.0,0.0,0.0,0.0,0.0,0.0,0.0,0.0,0.0,0.0,0.0,0.0,0.0,0.0,0.0,0.0,0.0,0.0,0.28867512941360474,0.5773502588272095,0.0,0.0,0.28867512941360474,0.5773502588272095,0.28867512941360474,0.5773502588272095,0.28867512941360474,0.5773502588272095,0.28867512941360474,0.5773502588272095,0.28867512941360474,0.5773502588272095,0.28867512941360474,0.5773502588272095,0.28867512941360474,0.5773502588272095,0.28867512941360474,0.5773502588272095,0.28867512941360474,0.5773502588272095,0.28867512941360474,0.5773502588272095,0.0,0.0,0.0,0.0,0.0,0.0,0.0,0.0,0.0,0.0,0.0,0.0,0.0,0.0,0.0,0.0,0.0,0.0,0.3333333432674408,0.0,0.0,0.0,0.0,0.0,0.235702246427536,0.471404492855072,0.28867512941360474,0.28867512941360474,0.0,0.0,0.0,0.0,0.0,0.0,0.0,0.0,0.0,0.0,0.3333333432674408,0.0,0.0,0.0,0.0,0.0,0.0,0.0,0.0,0.0,0.0,0.0,0.0,0.0,0.0,0.0,0.28867512941360474,0.28867512941360474,0.5773502588272095,0.40824830532073975,0.40824830532073975,0.3333333432674408,0.6666666865348816,0.40824830532073975,0.40824830532073975,0.3333333432674408,0.6666666865348816,0.0,0.0,0.0,0.0,0.40824830532073975,0.40824830532073975,0.0,0.28867512941360474,0.28867512941360474,0.0,0.0,0.0,0.0,0.40824830532073975,0.40824830532073975,0.3333333432674408,0.6666666865348816,0.3333333432674408,0.6666666865348816,0.40824830532073975,0.40824830532073975,0.40824830532073975,0.40824830532073975,0.0,0.0,0.40824830532073975,0.3333333432674408,0.3333333432674408,0.28867512941360474,0.28867512941360474,0.3333333432674408,0.28867512941360474,0.28867512941360474,0.28867512941360474,0.28867512941360474,0.28867512941360474,0.28867512941360474,0.3333333432674408,0.0,0.28867512941360474,0.28867512941360474,0.28867512941360474,0.28867512941360474,0.28867512941360474,0.28867512941360474,0.28867512941360474,0.19245009124279022,0.28867512941360474,0.0,0.0,0.28867512941360474,0.28867512941360474,0.28867512941360474,0.3333333432674408,0.3333333432674408,0.28867512941360474,0.5773502588272095,0.3333333432674408,0.3333333432674408,0.3333333432674408,0.3333333432674408,0.0,0.0,0.0,0.0,0.7745966911315918,0.25819888710975647,0.5773502588272095,1.0,0.3333333432674408,0.3333333432674408,0.6666666865348816,0.0,0.0,0.0,0.0,0.0,0.0,0.0,0.0,0.28867512941360474,0.5773502588272095,0.28867512941360474,0.5773502588272095,0.3333333432674408,0.0,0.40824830532073975,0.40824830532073975,0.0,0.0,0.0,0.0,0.0,0.0,0.0,0.3333333432674408,0.0,0.0,0.0,0.0,0.0,0.0,0.0,0.0,0.28867512941360474,0.5773502588272095,0.0,0.0,0.5773502588272095,0.28867512941360474,0.0,0.0,0.0,0.0,0.28867512941360474,0.28867512941360474,0.28867512941360474,0.3333333432674408,0.0,0.0,0.0,0.0,0.0,0.0,0.28867512941360474,0.0,0.0,0.0,0.0,0.0,0.0,0.28867512941360474,0.3333333432674408,0.0,0.0,0.0,0.0,0.0,0.0,0.0,0.0,0.0,0.0,0.28867512941360474,0.0,0.0,0.0,0.0,0.0,0.3333333432674408,0.3333333432674408,0.3333333432674408,0.40824830532073975,0.0,0.0,0.0,0.0,0.0,0.0,0.0,0.0,0.40824830532073975,0.3333333432674408,0.0,0.0,0.0,0.0,0.0,0.0,0.0,0.0,0.0,0.28867512941360474,0.28867512941360474,0.0,0.0,0.0,0.0,0.0,0.0,0.0,0.0,0.0,0.0,0.0,0.3333333432674408,0.3333333432674408,0.40824830532073975,0.40824830532073975,0.0,0.0,0.0,0.0
SABVR,0.0,0.0,0.0,0.0,0.0,0.0,0.0,0.0,0.0,0.0,0.0,0.0,0.0,0.0,0.0,0.0,0.0,0.0,0.0,0.0,0.5773502588272095,0.28867512941360474,0.0,0.0,0.5773502588272095,0.28867512941360474,0.5773502588272095,0.28867512941360474,0.5773502588272095,0.28867512941360474,0.5773502588272095,0.28867512941360474,0.5773502588272095,0.28867512941360474,0.5773502588272095,0.28867512941360474,0.5773502588272095,0.28867512941360474,0.5773502588272095,0.28867512941360474,0.5773502588272095,0.28867512941360474,0.5773502588272095,0.28867512941360474,0.0,0.0,0.0,0.0,0.0,0.0,0.0,0.0,0.0,0.0,0.0,0.0,0.0,0.0,0.0,0.0,0.0,0.0,0.3333333432674408,0.0,0.0,0.0,0.0,0.0,0.471404492855072,0.235702246427536,0.28867512941360474,0.28867512941360474,0.0,0.0,0.0,0.0,0.0,0.0,0.0,0.0,0.0,0.0,0.3333333432674408,0.0,0.0,0.0,0.0,0.0,0.0,0.0,0.0,0.0,0.0,0.0,0.0,0.0,0.0,0.0,0.28867512941360474,0.5773502588272095,0.28867512941360474,0.40824830532073975,0.40824830532073975,0.6666666865348816,0.3333333432674408,0.40824830532073975,0.40824830532073975,0.6666666865348816,0.3333333432674408,0.0,0.0,0.0,0.0,0.40824830532073975,0.40824830532073975,0.0,0.28867512941360474,0.28867512941360474,0.0,0.0,0.0,0.0,0.40824830532073975,0.40824830532073975,0.6666666865348816,0.3333333432674408,0.6666666865348816,0.3333333432674408,0.40824830532073975,0.40824830532073975,0.40824830532073975,0.40824830532073975,0.0,0.0,0.40824830532073975,0.3333333432674408,0.3333333432674408,0.28867512941360474,0.28867512941360474,0.3333333432674408,0.28867512941360474,0.28867512941360474,0.28867512941360474,0.28867512941360474,0.28867512941360474,0.28867512941360474,0.3333333432674408,0.0,0.28867512941360474,0.28867512941360474,0.28867512941360474,0.28867512941360474,0.28867512941360474,0.28867512941360474,0.28867512941360474,0.19245009124279022,0.28867512941360474,0.0,0.0,0.5773502588272095,0.28867512941360474,0.28867512941360474,0.3333333432674408,0.3333333432674408,0.5773502588272095,0.28867512941360474,0.3333333432674408,0.3333333432674408,0.3333333432674408,0.3333333432674408,0.0,0.0,0.0,0.0,0.25819888710975647,0.7745966911315918,0.28867512941360474,0.3333333432674408,1.0,0.6666666865348816,0.3333333432674408,0.0,0.0,0.0,0.0,0.0,0.0,0.0,0.0,0.5773502588272095,0.28867512941360474,0.5773502588272095,0.28867512941360474,0.0,0.3333333432674408,0.40824830532073975,0.40824830532073975,0.0,0.0,0.0,0.0,0.0,0.0,0.0,0.3333333432674408,0.0,0.0,0.0,0.0,0.0,0.0,0.0,0.0,0.5773502588272095,0.28867512941360474,0.0,0.0,0.28867512941360474,0.5773502588272095,0.0,0.0,0.0,0.0,0.28867512941360474,0.28867512941360474,0.28867512941360474,0.3333333432674408,0.0,0.0,0.0,0.0,0.0,0.0,0.28867512941360474,0.0,0.0,0.0,0.0,0.0,0.0,0.28867512941360474,0.3333333432674408,0.0,0.0,0.0,0.0,0.0,0.0,0.0,0.0,0.0,0.0,0.28867512941360474,0.0,0.0,0.0,0.0,0.0,0.3333333432674408,0.3333333432674408,0.3333333432674408,0.40824830532073975,0.0,0.0,0.0,0.0,0.0,0.0,0.0,0.0,0.40824830532073975,0.3333333432674408,0.0,0.0,0.0,0.0,0.0,0.0,0.0,0.0,0.0,0.28867512941360474,0.28867512941360474,0.0,0.0,0.0,0.0,0.0,0.0,0.0,0.0,0.0,0.0,0.0,0.3333333432674408,0.3333333432674408,0.40824830532073975,0.40824830532073975,0.0,0.0,0.0,0.0
RIML,0.0,0.0,0.0,0.0,0.0,0.0,0.0,0.0,0.0,0.0,0.0,0.0,0.0,0.0,0.0,0.0,0.0,0.0,0.0,0.0,0.866025447845459,0.5773502588272095,0.40824830532073975,0.40824830532073975,0.866025447845459,0.5773502588272095,0.866025447845459,0.5773502588272095,0.866025447845459,0.5773502588272095,0.866025447845459,0.5773502588272095,0.866025447845459,0.5773502588272095,0.866025447845459,0.5773502588272095,0.866025447845459,0.5773502588272095,0.866025447845459,0.5773502588272095,0.866025447845459,0.5773502588272095,0.866025447845459,0.5773502588272095,0.40824830532073975,0.40824830532073975,0.40824830532073975,0.40824830532073975,0.40824830532073975,0.40824830532073975,0.40824830532073975,0.40824830532073975,0.40824830532073975,0.40824830532073975,0.40824830532073975,0.40824830532073975,0.40824830532073975,0.40824830532073975,0.40824830532073975,0.40824830532073975,0.5773502588272095,0.5773502588272095,0.6666666865348816,0.0,0.0,0.0,0.40824830532073975,0.40824830532073975,0.7071067094802856,0.471404492855072,0.5773502588272095,0.5773502588272095,0.0,0.0,0.40824830532073975,0.40824830532073975,0.40824830532073975,0.40824830532073975,0.40824830532073975,0.40824830532073975,0.40824830532073975,0.40824830532073975,0.6666666865348816,0.0,0.40824830532073975,0.40824830532073975,0.0,0.0,0.0,0.0,0.0,0.0,0.0,0.0,0.40824830532073975,0.40824830532073975,0.40824830532073975,0.40824830532073975,0.5773502588272095,0.866025447845459,0.5773502588272095,0.8164966106414795,0.8164966106414795,1.0,0.6666666865348816,0.8164966106414795,0.8164966106414795,1.0,0.6666666865348816,0.40824830532073975,0.40824830532073975,0.5773502588272095,0.5773502588272095,0.8164966106414795,0.8164966106414795,0.25819888710975647,0.5773502588272095,0.5773502588272095,0.0,0.0,0.3333333432674408,0.3333333432674408,0.8164966106414795,0.8164966106414795,1.0,0.6666666865348816,1.0,0.6666666865348816,0.8164966106414795,0.8164966106414795,0.8164966106414795,0.8164966106414795,0.5773502588272095,0.5773502588272095,0.8164966106414795,0.6666666865348816,0.6666666865348816,0.5773502588272095,0.5773502588272095,0.3333333432674408,0.5773502588272095,0.5773502588272095,0.5773502588272095,0.5773502588272095,0.5773502588272095,0.5773502588272095,0.6666666865348816,0.0,0.5773502588272095,0.5773502588272095,0.5773502588272095,0.5773502588272095,0.5773502588272095,0.5773502588272095,0.5773502588272095,0.38490018248558044,0.5773502588272095,0.0,0.0,0.866025447845459,0.5773502588272095,0.5773502588272095,0.6666666865348816,0.6666666865348816,0.866025447845459,0.5773502588272095,0.6666666865348816,0.6666666865348816,0.6666666865348816,0.6666666865348816,0.0,0.0,0.40824830532073975,0.40824830532073975,0.5163977742195129,0.7745966911315918,0.28867512941360474,0.3333333432674408,0.6666666865348816,1.0,0.6666666865348816,0.40824830532073975,0.40824830532073975,0.40824830532073975,0.40824830532073975,0.40824830532073975,0.40824830532073975,0.40824830532073975,0.40824830532073975,0.866025447845459,0.5773502588272095,0.866025447845459,0.5773502588272095,0.3333333432674408,0.6666666865348816,0.8164966106414795,0.8164966106414795,0.5773502588272095,0.5773502588272095,0.5773502588272095,0.5773502588272095,0.40824830532073975,0.5773502588272095,0.5773502588272095,0.6666666865348816,0.5773502588272095,0.5773502588272095,0.5773502588272095,0.5773502588272095,0.5773502588272095,0.5773502588272095,0.40824830532073975,0.40824830532073975,0.866025447845459,0.5773502588272095,0.40824830532073975,0.40824830532073975,0.5773502588272095,0.866025447845459,0.40824830532073975,0.40824830532073975,0.40824830532073975,0.40824830532073975,0.28867512941360474,0.28867512941360474,0.28867512941360474,0.3333333432674408,0.0,0.0,0.0,0.0,0.0,0.0,0.28867512941360474,0.0,0.0,0.0,0.0,0.0,0.0,0.28867512941360474,0.3333333432674408,0.0,0.0,0.0,0.0,0.0,0.0,0.0,0.0,0.0,0.0,0.28867512941360474,0.0,0.0,0.0,0.0,0.0,0.3333333432674408,0.3333333432674408,0.3333333432674408,0.40824830532073975,0.0,0.0,0.0,0.0,0.0,0.0,0.0,0.0,0.40824830532073975,0.3333333432674408,0.0,0.0,0.0,0.0,0.0,0.0,0.0,0.0,0.0,0.28867512941360474,0.28867512941360474,0.0,0.0,0.0,0.0,0.0,0.0,0.0,0.0,0.0,0.0,0.0,0.6666666865348816,0.6666666865348816,0.40824830532073975,0.40824830532073975,0.0,0.0,0.0,0.0
RIMR,0.0,0.0,0.0,0.0,0.0,0.0,0.0,0.0,0.0,0.0,0.0,0.0,0.0,0.0,0.0,0.0,0.0,0.0,0.0,0.0,0.5773502588272095,0.866025447845459,0.40824830532073975,0.40824830532073975,0.5773502588272095,0.866025447845459,0.5773502588272095,0.866025447845459,0.5773502588272095,0.866025447845459,0.5773502588272095,0.866025447845459,0.5773502588272095,0.866025447845459,0.5773502588272095,0.866025447845459,0.5773502588272095,0.866025447845459,0.5773502588272095,0.866025447845459,0.5773502588272095,0.866025447845459,0.5773502588272095,0.866025447845459,0.40824830532073975,0.40824830532073975,0.40824830532073975,0.40824830532073975,0.40824830532073975,0.40824830532073975,0.40824830532073975,0.40824830532073975,0.40824830532073975,0.40824830532073975,0.40824830532073975,0.40824830532073975,0.40824830532073975,0.40824830532073975,0.40824830532073975,0.40824830532073975,0.5773502588272095,0.5773502588272095,0.6666666865348816,0.0,0.0,0.0,0.40824830532073975,0.40824830532073975,0.471404492855072,0.7071067094802856,0.5773502588272095,0.5773502588272095,0.0,0.0,0.40824830532073975,0.40824830532073975,0.40824830532073975,0.40824830532073975,0.40824830532073975,0.40824830532073975,0.40824830532073975,0.40824830532073975,0.6666666865348816,0.0,0.40824830532073975,0.40824830532073975,0.0,0.0,0.0,0.0,0.0,0.0,0.0,0.0,0.40824830532073975,0.40824830532073975,0.40824830532073975,0.40824830532073975,0.5773502588272095,0.5773502588272095,0.866025447845459,0.8164966106414795,0.8164966106414795,0.6666666865348816,1.0,0.8164966106414795,0.8164966106414795,0.6666666865348816,1.0,0.40824830532073975,0.40824830532073975,0.5773502588272095,0.5773502588272095,0.8164966106414795,0.8164966106414795,0.25819888710975647,0.5773502588272095,0.5773502588272095,0.0,0.0,0.3333333432674408,0.3333333432674408,0.8164966106414795,0.8164966106414795,0.6666666865348816,1.0,0.6666666865348816,1.0,0.8164966106414795,0.8164966106414795,0.8164966106414795,0.8164966106414795,0.5773502588272095,0.5773502588272095,0.8164966106414795,0.6666666865348816,0.6666666865348816,0.5773502588272095,0.5773502588272095,0.3333333432674408,0.5773502588272095,0.5773502588272095,0.5773502588272095,0.5773502588272095,0.5773502588272095,0.5773502588272095,0.6666666865348816,0.0,0.5773502588272095,0.5773502588272095,0.5773502588272095,0.5773502588272095,0.5773502588272095,0.5773502588272095,0.5773502588272095,0.38490018248558044,0.5773502588272095,0.0,0.0,0.5773502588272095,0.5773502588272095,0.5773502588272095,0.6666666865348816,0.6666666865348816,0.5773502588272095,0.866025447845459,0.6666666865348816,0.6666666865348816,0.6666666865348816,0.6666666865348816,0.0,0.0,0.40824830532073975,0.40824830532073975,0.7745966911315918,0.5163977742195129,0.5773502588272095,0.6666666865348816,0.3333333432674408,0.6666666865348816,1.0,0.40824830532073975,0.40824830532073975,0.40824830532073975,0.40824830532073975,0.40824830532073975,0.40824830532073975,0.40824830532073975,0.40824830532073975,0.5773502588272095,0.866025447845459,0.5773502588272095,0.866025447845459,0.6666666865348816,0.3333333432674408,0.8164966106414795,0.8164966106414795,0.5773502588272095,0.5773502588272095,0.5773502588272095,0.5773502588272095,0.40824830532073975,0.5773502588272095,0.5773502588272095,0.6666666865348816,0.5773502588272095,0.5773502588272095,0.5773502588272095,0.5773502588272095,0.5773502588272095,0.5773502588272095,0.40824830532073975,0.40824830532073975,0.5773502588272095,0.866025447845459,0.40824830532073975,0.40824830532073975,0.866025447845459,0.5773502588272095,0.40824830532073975,0.40824830532073975,0.40824830532073975,0.40824830532073975,0.28867512941360474,0.28867512941360474,0.28867512941360474,0.3333333432674408,0.0,0.0,0.0,0.0,0.0,0.0,0.28867512941360474,0.0,0.0,0.0,0.0,0.0,0.0,0.28867512941360474,0.3333333432674408,0.0,0.0,0.0,0.0,0.0,0.0,0.0,0.0,0.0,0.0,0.28867512941360474,0.0,0.0,0.0,0.0,0.0,0.3333333432674408,0.3333333432674408,0.3333333432674408,0.40824830532073975,0.0,0.0,0.0,0.0,0.0,0.0,0.0,0.0,0.40824830532073975,0.3333333432674408,0.0,0.0,0.0,0.0,0.0,0.0,0.0,0.0,0.0,0.28867512941360474,0.28867512941360474,0.0,0.0,0.0,0.0,0.0,0.0,0.0,0.0,0.0,0.0,0.0,0.6666666865348816,0.6666666865348816,0.40824830532073975,0.40824830532073975,0.0,0.0,0.0,0.0
IL1DL,0.0,0.0,0.0,0.0,0.0,0.0,0.0,0.0,0.0,0.0,0.0,0.0,0.0,0.0,0.0,0.0,0.0,0.0,0.0,0.0,0.3535533845424652,0.3535533845424652,0.5000000596046448,0.5000000596046448,0.3535533845424652,0.3535533845424652,0.3535533845424652,0.3535533845424652,0.3535533845424652,0.3535533845424652,0.3535533845424652,0.3535533845424652,0.3535533845424652,0.3535533845424652,0.3535533845424652,0.3535533845424652,0.3535533845424652,0.3535533845424652,0.3535533845424652,0.3535533845424652,0.3535533845424652,0.3535533845424652,0.3535533845424652,0.3535533845424652,1.0000001192092896,0.5000000596046448,0.5000000596046448,0.5000000596046448,0.5000000596046448,0.5000000596046448,1.0000001192092896,0.5000000596046448,0.5000000596046448,0.5000000596046448,0.5000000596046448,0.5000000596046448,1.0000001192092896,0.5000000596046448,0.5000000596046448,0.5000000596046448,0.7071067690849304,0.7071067690849304,0.40824830532073975,0.0,0.0,0.0,0.5000000596046448,0.5000000596046448,0.28867512941360474,0.28867512941360474,0.3535533845424652,0.3535533845424652,0.0,0.0,0.5000000596046448,0.5000000596046448,1.0000001192092896,0.5000000596046448,1.0000001192092896,0.5000000596046448,0.5000000596046448,0.5000000596046448,0.40824830532073975,0.0,0.5000000596046448,0.5000000596046448,0.0,0.0,0.0,0.0,0.0,0.0,0.0,0.0,0.5000000596046448,0.5000000596046448,0.5000000596046448,0.5000000596046448,0.3535533845424652,0.3535533845424652,0.3535533845424652,0.5000000596046448,0.5000000596046448,0.40824830532073975,0.40824830532073975,0.5000000596046448,0.5000000596046448,0.40824830532073975,0.40824830532073975,0.5000000596046448,0.5000000596046448,0.7071067690849304,0.7071067690849304,0.5000000596046448,0.5000000596046448,0.3162277638912201,0.3535533845424652,0.3535533845424652,0.0,0.0,0.40824830532073975,0.40824830532073975,0.5000000596046448,0.5000000596046448,0.40824830532073975,0.40824830532073975,0.40824830532073975,0.40824830532073975,0.5000000596046448,0.5000000596046448,0.5000000596046448,0.5000000596046448,0.7071067690849304,0.7071067690849304,0.5000000596046448,0.40824830532073975,0.40824830532073975,0.3535533845424652,0.3535533845424652,0.0,0.3535533845424652,0.3535533845424652,0.3535533845424652,0.3535533845424652,0.3535533845424652,0.3535533845424652,0.40824830532073975,0.0,0.3535533845424652,0.3535533845424652,0.3535533845424652,0.3535533845424652,0.3535533845424652,0.3535533845424652,0.3535533845424652,0.4714045524597168,0.3535533845424652,0.0,0.0,0.3535533845424652,0.3535533845424652,0.3535533845424652,0.40824830532073975,0.40824830532073975,0.3535533845424652,0.3535533845424652,0.40824830532073975,0.40824830532073975,0.40824830532073975,0.40824830532073975,0.0,0.0,0.5000000596046448,0.5000000596046448,0.3162277638912201,0.3162277638912201,0.0,0.0,0.0,0.40824830532073975,0.40824830532073975,1.0,0.5000000596046448,0.5000000596046448,0.5000000596046448,0.5000000596046448,0.5000000596046448,0.5000000596046448,0.5000000596046448,0.3535533845424652,0.3535533845424652,0.3535533845424652,0.3535533845424652,0.40824830532073975,0.40824830532073975,0.5000000596046448,0.5000000596046448,0.7071067690849304,0.7071067690849304,0.7071067690849304,0.7071067690849304,0.5000000596046448,0.7071067690849304,0.7071067690849304,0.40824830532073975,0.7071067690849304,0.7071067690849304,0.7071067690849304,0.7071067690849304,0.7071067690849304,0.7071067690849304,0.5000000596046448,0.5000000596046448,0.3535533845424652,0.3535533845424652,0.5000000596046448,0.5000000596046448,0.3535533845424652,0.3535533845424652,1.0000001192092896,0.5000000596046448,0.5000000596046448,0.5000000596046448,0.0,0.0,0.0,0.0,0.0,0.0,0.0,0.0,0.0,0.0,0.0,0.0,0.0,0.0,0.0,0.0,0.0,0.0,0.0,0.0,0.0,0.0,0.0,0.0,0.0,0.0,0.0,0.0,0.0,0.0,0.0,0.0,0.0,0.0,0.0,0.0,0.0,0.0,0.0,0.0,0.0,0.0,0.0,0.0,0.0,0.0,0.0,0.0,0.0,0.0,0.0,0.0,0.0,0.0,0.0,0.0,0.0,0.0,0.0,0.0,0.0,0.0,0.0,0.0,0.0,0.0,0.0,0.0,0.0,0.0,0.0,0.40824830532073975,0.40824830532073975,0.0,0.0,0.0,0.0,0.0,0.0
IL1DR,0.0,0.0,0.0,0.0,0.0,0.0,0.0,0.0,0.0,0.0,0.0,0.0,0.0,0.0,0.0,0.0,0.0,0.0,0.0,0.0,0.3535533845424652,0.3535533845424652,0.5000000596046448,0.5000000596046448,0.3535533845424652,0.3535533845424652,0.3535533845424652,0.3535533845424652,0.3535533845424652,0.3535533845424652,0.3535533845424652,0.3535533845424652,0.3535533845424652,0.3535533845424652,0.3535533845424652,0.3535533845424652,0.3535533845424652,0.3535533845424652,0.3535533845424652,0.3535533845424652,0.3535533845424652,0.3535533845424652,0.3535533845424652,0.3535533845424652,0.5000000596046448,1.0000001192092896,0.5000000596046448,0.5000000596046448,0.5000000596046448,0.5000000596046448,0.5000000596046448,1.0000001192092896,0.5000000596046448,0.5000000596046448,0.5000000596046448,0.5000000596046448,0.5000000596046448,1.0000001192092896,0.5000000596046448,0.5000000596046448,0.7071067690849304,0.7071067690849304,0.40824830532073975,0.0,0.0,0.0,0.5000000596046448,0.5000000596046448,0.28867512941360474,0.28867512941360474,0.3535533845424652,0.3535533845424652,0.0,0.0,0.5000000596046448,0.5000000596046448,0.5000000596046448,1.0000001192092896,0.5000000596046448,1.0000001192092896,0.5000000596046448,0.5000000596046448,0.40824830532073975,0.0,0.5000000596046448,0.5000000596046448,0.0,0.0,0.0,0.0,0.0,0.0,0.0,0.0,0.5000000596046448,0.5000000596046448,0.5000000596046448,0.5000000596046448,0.3535533845424652,0.3535533845424652,0.3535533845424652,0.5000000596046448,0.5000000596046448,0.40824830532073975,0.40824830532073975,0.5000000596046448,0.5000000596046448,0.40824830532073975,0.40824830532073975,0.5000000596046448,0.5000000596046448,0.7071067690849304,0.7071067690849304,0.5000000596046448,0.5000000596046448,0.3162277638912201,0.3535533845424652,0.3535533845424652,0.0,0.0,0.40824830532073975,0.40824830532073975,0.5000000596046448,0.5000000596046448,0.40824830532073975,0.40824830532073975,0.40824830532073975,0.40824830532073975,0.5000000596046448,0.5000000596046448,0.5000000596046448,0.5000000596046448,0.7071067690849304,0.7071067690849304,0.5000000596046448,0.40824830532073975,0.40824830532073975,0.3535533845424652,0.3535533845424652,0.0,0.3535533845424652,0.3535533845424652,0.3535533845424652,0.3535533845424652,0.3535533845424652,0.3535533845424652,0.40824830532073975,0.0,0.3535533845424652,0.3535533845424652,0.3535533845424652,0.3535533845424652,0.3535533845424652,0.3535533845424652,0.3535533845424652,0.4714045524597168,0.3535533845424652,0.0,0.0,0.3535533845424652,0.3535533845424652,0.3535533845424652,0.40824830532073975,0.40824830532073975,0.3535533845424652,0.3535533845424652,0.40824830532073975,0.40824830532073975,0.40824830532073975,0.40824830532073975,0.0,0.0,0.5000000596046448,0.5000000596046448,0.3162277638912201,0.3162277638912201,0.0,0.0,0.0,0.40824830532073975,0.40824830532073975,0.5000000596046448,1.0,0.5000000596046448,0.5000000596046448,0.5000000596046448,0.5000000596046448,0.5000000596046448,0.5000000596046448,0.3535533845424652,0.3535533845424652,0.3535533845424652,0.3535533845424652,0.40824830532073975,0.40824830532073975,0.5000000596046448,0.5000000596046448,0.7071067690849304,0.7071067690849304,0.7071067690849304,0.7071067690849304,0.5000000596046448,0.7071067690849304,0.7071067690849304,0.40824830532073975,0.7071067690849304,0.7071067690849304,0.7071067690849304,0.7071067690849304,0.7071067690849304,0.7071067690849304,0.5000000596046448,0.5000000596046448,0.3535533845424652,0.3535533845424652,0.5000000596046448,0.5000000596046448,0.3535533845424652,0.3535533845424652,0.5000000596046448,1.0000001192092896,0.5000000596046448,0.5000000596046448,0.0,0.0,0.0,0.0,0.0,0.0,0.0,0.0,0.0,0.0,0.0,0.0,0.0,0.0,0.0,0.0,0.0,0.0,0.0,0.0,0.0,0.0,0.0,0.0,0.0,0.0,0.0,0.0,0.0,0.0,0.0,0.0,0.0,0.0,0.0,0.0,0.0,0.0,0.0,0.0,0.0,0.0,0.0,0.0,0.0,0.0,0.0,0.0,0.0,0.0,0.0,0.0,0.0,0.0,0.0,0.0,0.0,0.0,0.0,0.0,0.0,0.0,0.0,0.0,0.0,0.0,0.0,0.0,0.0,0.0,0.0,0.40824830532073975,0.40824830532073975,0.0,0.0,0.0,0.0,0.0,0.0
IL1L,0.0,0.0,0.0,0.0,0.0,0.0,0.0,0.0,0.0,0.0,0.0,0.0,0.0,0.0,0.0,0.0,0.0,0.0,0.0,0.0,0.7071067690849304,0.3535533845424652,1.0000001192092896,0.5000000596046448,0.7071067690849304,0.3535533845424652,0.7071067690849304,0.3535533845424652,0.7071067690849304,0.3535533845424652,0.7071067690849304,0.3535533845424652,0.7071067690849304,0.3535533845424652,0.7071067690849304,0.3535533845424652,0.7071067690849304,0.3535533845424652,0.7071067690849304,0.3535533845424652,0.7071067690849304,0.3535533845424652,0.7071067690849304,0.3535533845424652,0.5000000596046448,0.5000000596046448,1.0000001192092896,0.5000000596046448,0.5000000596046448,0.5000000596046448,0.5000000596046448,0.5000000596046448,0.5000000596046448,0.5000000596046448,1.0000001192092896,0.5000000596046448,0.5000000596046448,0.5000000596046448,0.5000000596046448,0.5000000596046448,0.7071067690849304,0.7071067690849304,0.40824830532073975,0.0,0.0,0.0,0.5000000596046448,0.5000000596046448,0.28867512941360474,0.28867512941360474,0.7071067690849304,0.3535533845424652,0.0,0.0,1.0000001192092896,0.5000000596046448,0.5000000596046448,0.5000000596046448,0.5000000596046448,0.5000000596046448,0.5000000596046448,0.5000000596046448,0.40824830532073975,0.0,0.5000000596046448,0.5000000596046448,0.0,0.0,0.0,0.0,0.0,0.0,0.0,0.0,0.5000000596046448,0.5000000596046448,1.0000001192092896,0.5000000596046448,0.3535533845424652,0.7071067690849304,0.3535533845424652,0.5000000596046448,0.5000000596046448,0.40824830532073975,0.40824830532073975,0.5000000596046448,0.5000000596046448,0.40824830532073975,0.40824830532073975,0.5000000596046448,0.5000000596046448,0.7071067690849304,0.7071067690849304,0.5000000596046448,0.5000000596046448,0.3162277638912201,0.3535533845424652,0.3535533845424652,0.0,0.0,0.8164966106414795,0.40824830532073975,0.5000000596046448,0.5000000596046448,0.40824830532073975,0.40824830532073975,0.40824830532073975,0.40824830532073975,0.5000000596046448,0.5000000596046448,0.5000000596046448,0.5000000596046448,0.7071067690849304,0.7071067690849304,0.5000000596046448,0.40824830532073975,0.40824830532073975,0.3535533845424652,0.3535533845424652,0.0,0.3535533845424652,0.3535533845424652,0.3535533845424652,0.3535533845424652,0.3535533845424652,0.3535533845424652,0.40824830532073975,0.0,0.3535533845424652,0.3535533845424652,0.3535533845424652,0.3535533845424652,0.3535533845424652,0.3535533845424652,0.3535533845424652,0.2357022762298584,0.3535533845424652,0.0,0.0,0.3535533845424652,0.3535533845424652,0.3535533845424652,0.40824830532073975,0.40824830532073975,0.3535533845424652,0.3535533845424652,0.40824830532073975,0.40824830532073975,0.40824830532073975,0.40824830532073975,0.0,0.0,0.5000000596046448,0.5000000596046448,0.3162277638912201,0.3162277638912201,0.0,0.0,0.0,0.40824830532073975,0.40824830532073975,0.5000000596046448,0.5000000596046448,1.0,0.5000000596046448,0.5000000596046448,0.5000000596046448,0.5000000596046448,0.5000000596046448,0.3535533845424652,0.3535533845424652,0.3535533845424652,0.3535533845424652,0.40824830532073975,0.40824830532073975,0.5000000596046448,0.5000000596046448,0.7071067690849304,0.7071067690849304,0.7071067690849304,0.7071067690849304,0.5000000596046448,0.7071067690849304,0.7071067690849304,0.40824830532073975,0.7071067690849304,0.7071067690849304,0.7071067690849304,0.7071067690849304,0.7071067690849304,0.7071067690849304,0.5000000596046448,0.5000000596046448,0.3535533845424652,0.3535533845424652,0.5000000596046448,0.5000000596046448,0.3535533845424652,0.3535533845424652,0.5000000596046448,0.5000000596046448,0.5000000596046448,0.5000000596046448,0.0,0.0,0.0,0.0,0.0,0.0,0.0,0.0,0.0,0.0,0.0,0.0,0.0,0.0,0.0,0.0,0.0,0.0,0.0,0.0,0.0,0.0,0.0,0.0,0.0,0.0,0.0,0.0,0.0,0.0,0.0,0.0,0.0,0.0,0.0,0.0,0.0,0.0,0.0,0.0,0.0,0.0,0.0,0.0,0.0,0.0,0.0,0.0,0.0,0.0,0.0,0.0,0.0,0.0,0.0,0.0,0.0,0.0,0.0,0.0,0.0,0.0,0.0,0.0,0.0,0.0,0.0,0.0,0.0,0.0,0.0,0.40824830532073975,0.40824830532073975,0.0,0.0,0.0,0.0,0.0,0.0
IL1R,0.0,0.0,0.0,0.0,0.0,0.0,0.0,0.0,0.0,0.0,0.0,0.0,0.0,0.0,0.0,0.0,0.0,0.0,0.0,0.0,0.3535533845424652,0.7071067690849304,0.5000000596046448,1.0000001192092896,0.3535533845424652,0.7071067690849304,0.3535533845424652,0.7071067690849304,0.3535533845424652,0.7071067690849304,0.3535533845424652,0.7071067690849304,0.3535533845424652,0.7071067690849304,0.3535533845424652,0.7071067690849304,0.3535533845424652,0.7071067690849304,0.3535533845424652,0.7071067690849304,0.3535533845424652,0.7071067690849304,0.3535533845424652,0.7071067690849304,0.5000000596046448,0.5000000596046448,0.5000000596046448,1.0000001192092896,0.5000000596046448,0.5000000596046448,0.5000000596046448,0.5000000596046448,0.5000000596046448,0.5000000596046448,0.5000000596046448,1.0000001192092896,0.5000000596046448,0.5000000596046448,0.5000000596046448,0.5000000596046448,0.7071067690849304,0.7071067690849304,0.40824830532073975,0.0,0.0,0.0,0.5000000596046448,0.5000000596046448,0.28867512941360474,0.28867512941360474,0.3535533845424652,0.7071067690849304,0.0,0.0,0.5000000596046448,1.0000001192092896,0.5000000596046448,0.5000000596046448,0.5000000596046448,0.5000000596046448,0.5000000596046448,0.5000000596046448,0.40824830532073975,0.0,0.5000000596046448,0.5000000596046448,0.0,0.0,0.0,0.0,0.0,0.0,0.0,0.0,0.5000000596046448,0.5000000596046448,0.5000000596046448,1.0000001192092896,0.3535533845424652,0.3535533845424652,0.7071067690849304,0.5000000596046448,0.5000000596046448,0.40824830532073975,0.40824830532073975,0.5000000596046448,0.5000000596046448,0.40824830532073975,0.40824830532073975,0.5000000596046448,0.5000000596046448,0.7071067690849304,0.7071067690849304,0.5000000596046448,0.5000000596046448,0.3162277638912201,0.3535533845424652,0.3535533845424652,0.0,0.0,0.40824830532073975,0.8164966106414795,0.5000000596046448,0.5000000596046448,0.40824830532073975,0.40824830532073975,0.40824830532073975,0.40824830532073975,0.5000000596046448,0.5000000596046448,0.5000000596046448,0.5000000596046448,0.7071067690849304,0.7071067690849304,0.5000000596046448,0.40824830532073975,0.40824830532073975,0.3535533845424652,0.3535533845424652,0.0,0.3535533845424652,0.3535533845424652,0.3535533845424652,0.3535533845424652,0.3535533845424652,0.3535533845424652,0.40824830532073975,0.0,0.3535533845424652,0.3535533845424652,0.3535533845424652,0.3535533845424652,0.3535533845424652,0.3535533845424652,0.3535533845424652,0.2357022762298584,0.3535533845424652,0.0,0.0,0.3535533845424652,0.3535533845424652,0.3535533845424652,0.40824830532073975,0.40824830532073975,0.3535533845424652,0.3535533845424652,0.40824830532073975,0.40824830532073975,0.40824830532073975,0.40824830532073975,0.0,0.0,0.5000000596046448,0.5000000596046448,0.3162277638912201,0.3162277638912201,0.0,0.0,0.0,0.40824830532073975,0.40824830532073975,0.5000000596046448,0.5000000596046448,0.5000000596046448,1.0,0.5000000596046448,0.5000000596046448,0.5000000596046448,0.5000000596046448,0.3535533845424652,0.3535533845424652,0.3535533845424652,0.3535533845424652,0.40824830532073975,0.40824830532073975,0.5000000596046448,0.5000000596046448,0.7071067690849304,0.7071067690849304,0.7071067690849304,0.7071067690849304,0.5000000596046448,0.7071067690849304,0.7071067690849304,0.40824830532073975,0.7071067690849304,0.7071067690849304,0.7071067690849304,0.7071067690849304,0.7071067690849304,0.7071067690849304,0.5000000596046448,0.5000000596046448,0.3535533845424652,0.3535533845424652,0.5000000596046448,0.5000000596046448,0.3535533845424652,0.3535533845424652,0.5000000596046448,0.5000000596046448,0.5000000596046448,0.5000000596046448,0.0,0.0,0.0,0.0,0.0,0.0,0.0,0.0,0.0,0.0,0.0,0.0,0.0,0.0,0.0,0.0,0.0,0.0,0.0,0.0,0.0,0.0,0.0,0.0,0.0,0.0,0.0,0.0,0.0,0.0,0.0,0.0,0.0,0.0,0.0,0.0,0.0,0.0,0.0,0.0,0.0,0.0,0.0,0.0,0.0,0.0,0.0,0.0,0.0,0.0,0.0,0.0,0.0,0.0,0.0,0.0,0.0,0.0,0.0,0.0,0.0,0.0,0.0,0.0,0.0,0.0,0.0,0.0,0.0,0.0,0.0,0.40824830532073975,0.40824830532073975,0.0,0.0,0.0,0.0,0.0,0.0
IL1VL,0.0,0.0,0.0,0.0,0.0,0.0,0.0,0.0,0.0,0.0,0.0,0.0,0.0,0.0,0.0,0.0,0.0,0.0,0.0,0.0,0.3535533845424652,0.3535533845424652,0.5000000596046448,0.5000000596046448,0.3535533845424652,0.3535533845424652,0.3535533845424652,0.3535533845424652,0.3535533845424652,0.3535533845424652,0.3535533845424652,0.3535533845424652,0.3535533845424652,0.3535533845424652,0.3535533845424652,0.3535533845424652,0.3535533845424652,0.3535533845424652,0.3535533845424652,0.3535533845424652,0.3535533845424652,0.3535533845424652,0.3535533845424652,0.3535533845424652,0.5000000596046448,0.5000000596046448,0.5000000596046448,0.5000000596046448,1.0000001192092896,0.5000000596046448,0.5000000596046448,0.5000000596046448,1.0000001192092896,0.5000000596046448,0.5000000596046448,0.5000000596046448,0.5000000596046448,0.5000000596046448,1.0000001192092896,0.5000000596046448,0.7071067690849304,0.7071067690849304,0.40824830532073975,0.0,0.0,0.0,0.5000000596046448,0.5000000596046448,0.28867512941360474,0.28867512941360474,0.3535533845424652,0.3535533845424652,0.0,0.0,0.5000000596046448,0.5000000596046448,0.5000000596046448,0.5000000596046448,0.5000000596046448,0.5000000596046448,1.0000001192092896,0.5000000596046448,0.40824830532073975,0.0,0.5000000596046448,0.5000000596046448,0.0,0.0,0.0,0.0,0.0,0.0,0.0,0.0,0.5000000596046448,0.5000000596046448,0.5000000596046448,0.5000000596046448,0.3535533845424652,0.3535533845424652,0.3535533845424652,0.5000000596046448,0.5000000596046448,0.40824830532073975,0.40824830532073975,0.5000000596046448,0.5000000596046448,0.40824830532073975,0.40824830532073975,0.5000000596046448,0.5000000596046448,0.7071067690849304,0.7071067690849304,0.5000000596046448,0.5000000596046448,0.3162277638912201,0.3535533845424652,0.3535533845424652,0.0,0.0,0.40824830532073975,0.40824830532073975,0.5000000596046448,0.5000000596046448,0.40824830532073975,0.40824830532073975,0.40824830532073975,0.40824830532073975,0.5000000596046448,0.5000000596046448,0.5000000596046448,0.5000000596046448,0.7071067690849304,0.7071067690849304,0.5000000596046448,0.40824830532073975,0.40824830532073975,0.3535533845424652,0.3535533845424652,0.0,0.3535533845424652,0.3535533845424652,0.3535533845424652,0.3535533845424652,0.3535533845424652,0.3535533845424652,0.40824830532073975,0.0,0.3535533845424652,0.3535533845424652,0.3535533845424652,0.3535533845424652,0.3535533845424652,0.3535533845424652,0.3535533845424652,0.4714045524597168,0.3535533845424652,0.0,0.0,0.3535533845424652,0.3535533845424652,0.3535533845424652,0.40824830532073975,0.40824830532073975,0.3535533845424652,0.3535533845424652,0.40824830532073975,0.40824830532073975,0.40824830532073975,0.40824830532073975,0.0,0.0,0.5000000596046448,0.5000000596046448,0.3162277638912201,0.3162277638912201,0.0,0.0,0.0,0.40824830532073975,0.40824830532073975,0.5000000596046448,0.5000000596046448,0.5000000596046448,0.5000000596046448,1.0,0.5000000596046448,0.5000000596046448,0.5000000596046448,0.3535533845424652,0.3535533845424652,0.3535533845424652,0.3535533845424652,0.40824830532073975,0.40824830532073975,0.5000000596046448,0.5000000596046448,0.7071067690849304,0.7071067690849304,0.7071067690849304,0.7071067690849304,0.5000000596046448,0.7071067690849304,0.7071067690849304,0.40824830532073975,0.7071067690849304,0.7071067690849304,0.7071067690849304,0.7071067690849304,0.7071067690849304,0.7071067690849304,0.5000000596046448,0.5000000596046448,0.3535533845424652,0.3535533845424652,0.5000000596046448,0.5000000596046448,0.3535533845424652,0.3535533845424652,0.5000000596046448,0.5000000596046448,1.0000001192092896,0.5000000596046448,0.0,0.0,0.0,0.0,0.0,0.0,0.0,0.0,0.0,0.0,0.0,0.0,0.0,0.0,0.0,0.0,0.0,0.0,0.0,0.0,0.0,0.0,0.0,0.0,0.0,0.0,0.0,0.0,0.0,0.0,0.0,0.0,0.0,0.0,0.0,0.0,0.0,0.0,0.0,0.0,0.0,0.0,0.0,0.0,0.0,0.0,0.0,0.0,0.0,0.0,0.0,0.0,0.0,0.0,0.0,0.0,0.0,0.0,0.0,0.0,0.0,0.0,0.0,0.0,0.0,0.0,0.0,0.0,0.0,0.0,0.0,0.40824830532073975,0.40824830532073975,0.0,0.0,0.0,0.0,0.0,0.0
IL1VR,0.0,0.0,0.0,0.0,0.0,0.0,0.0,0.0,0.0,0.0,0.0,0.0,0.0,0.0,0.0,0.0,0.0,0.0,0.0,0.0,0.3535533845424652,0.3535533845424652,0.5000000596046448,0.5000000596046448,0.3535533845424652,0.3535533845424652,0.3535533845424652,0.3535533845424652,0.3535533845424652,0.3535533845424652,0.3535533845424652,0.3535533845424652,0.3535533845424652,0.3535533845424652,0.3535533845424652,0.3535533845424652,0.3535533845424652,0.3535533845424652,0.3535533845424652,0.3535533845424652,0.3535533845424652,0.3535533845424652,0.3535533845424652,0.3535533845424652,0.5000000596046448,0.5000000596046448,0.5000000596046448,0.5000000596046448,0.5000000596046448,1.0000001192092896,0.5000000596046448,0.5000000596046448,0.5000000596046448,1.0000001192092896,0.5000000596046448,0.5000000596046448,0.5000000596046448,0.5000000596046448,0.5000000596046448,1.0000001192092896,0.7071067690849304,0.7071067690849304,0.40824830532073975,0.0,0.0,0.0,0.5000000596046448,0.5000000596046448,0.28867512941360474,0.28867512941360474,0.3535533845424652,0.3535533845424652,0.0,0.0,0.5000000596046448,0.5000000596046448,0.5000000596046448,0.5000000596046448,0.5000000596046448,0.5000000596046448,0.5000000596046448,1.0000001192092896,0.40824830532073975,0.0,0.5000000596046448,0.5000000596046448,0.0,0.0,0.0,0.0,0.0,0.0,0.0,0.0,0.5000000596046448,0.5000000596046448,0.5000000596046448,0.5000000596046448,0.3535533845424652,0.3535533845424652,0.3535533845424652,0.5000000596046448,0.5000000596046448,0.40824830532073975,0.40824830532073975,0.5000000596046448,0.5000000596046448,0.40824830532073975,0.40824830532073975,0.5000000596046448,0.5000000596046448,0.7071067690849304,0.7071067690849304,0.5000000596046448,0.5000000596046448,0.3162277638912201,0.3535533845424652,0.3535533845424652,0.0,0.0,0.40824830532073975,0.40824830532073975,0.5000000596046448,0.5000000596046448,0.40824830532073975,0.40824830532073975,0.40824830532073975,0.40824830532073975,0.5000000596046448,0.5000000596046448,0.5000000596046448,0.5000000596046448,0.7071067690849304,0.7071067690849304,0.5000000596046448,0.40824830532073975,0.40824830532073975,0.3535533845424652,0.3535533845424652,0.0,0.3535533845424652,0.3535533845424652,0.3535533845424652,0.3535533845424652,0.3535533845424652,0.3535533845424652,0.40824830532073975,0.0,0.3535533845424652,0.3535533845424652,0.3535533845424652,0.3535533845424652,0.3535533845424652,0.3535533845424652,0.3535533845424652,0.4714045524597168,0.3535533845424652,0.0,0.0,0.3535533845424652,0.3535533845424652,0.3535533845424652,0.40824830532073975,0.40824830532073975,0.3535533845424652,0.3535533845424652,0.40824830532073975,0.40824830532073975,0.40824830532073975,0.40824830532073975,0.0,0.0,0.5000000596046448,0.5000000596046448,0.3162277638912201,0.3162277638912201,0.0,0.0,0.0,0.40824830532073975,0.40824830532073975,0.5000000596046448,0.5000000596046448,0.5000000596046448,0.5000000596046448,0.5000000596046448,1.0,0.5000000596046448,0.5000000596046448,0.3535533845424652,0.3535533845424652,0.3535533845424652,0.3535533845424652,0.40824830532073975,0.40824830532073975,0.5000000596046448,0.5000000596046448,0.7071067690849304,0.7071067690849304,0.7071067690849304,0.7071067690849304,0.5000000596046448,0.7071067690849304,0.7071067690849304,0.40824830532073975,0.7071067690849304,0.7071067690849304,0.7071067690849304,0.7071067690849304,0.7071067690849304,0.7071067690849304,0.5000000596046448,0.5000000596046448,0.3535533845424652,0.3535533845424652,0.5000000596046448,0.5000000596046448,0.3535533845424652,0.3535533845424652,0.5000000596046448,0.5000000596046448,0.5000000596046448,1.0000001192092896,0.0,0.0,0.0,0.0,0.0,0.0,0.0,0.0,0.0,0.0,0.0,0.0,0.0,0.0,0.0,0.0,0.0,0.0,0.0,0.0,0.0,0.0,0.0,0.0,0.0,0.0,0.0,0.0,0.0,0.0,0.0,0.0,0.0,0.0,0.0,0.0,0.0,0.0,0.0,0.0,0.0,0.0,0.0,0.0,0.0,0.0,0.0,0.0,0.0,0.0,0.0,0.0,0.0,0.0,0.0,0.0,0.0,0.0,0.0,0.0,0.0,0.0,0.0,0.0,0.0,0.0,0.0,0.0,0.0,0.0,0.0,0.40824830532073975,0.40824830532073975,0.0,0.0,0.0,0.0,0.0,0.0
SIADL,0.0,0.0,0.0,0.0,0.0,0.0,0.0,0.0,0.0,0.0,0.0,0.0,0.0,0.0,0.0,0.0,0.0,0.0,0.0,0.0,0.3535533845424652,0.3535533845424652,0.5000000596046448,0.5000000596046448,0.3535533845424652,0.3535533845424652,0.3535533845424652,0.3535533845424652,0.3535533845424652,0.3535533845424652,0.3535533845424652,0.3535533845424652,0.3535533845424652,0.3535533845424652,0.3535533845424652,0.3535533845424652,0.3535533845424652,0.3535533845424652,0.3535533845424652,0.3535533845424652,0.3535533845424652,0.3535533845424652,0.3535533845424652,0.3535533845424652,0.5000000596046448,0.5000000596046448,0.5000000596046448,0.5000000596046448,0.5000000596046448,0.5000000596046448,0.5000000596046448,0.5000000596046448,0.5000000596046448,0.5000000596046448,0.5000000596046448,0.5000000596046448,0.5000000596046448,0.5000000596046448,0.5000000596046448,0.5000000596046448,0.7071067690849304,0.7071067690849304,0.40824830532073975,0.0,0.0,0.0,0.5000000596046448,0.5000000596046448,0.28867512941360474,0.28867512941360474,0.3535533845424652,0.3535533845424652,0.0,0.0,0.5000000596046448,0.5000000596046448,0.5000000596046448,0.5000000596046448,0.5000000596046448,0.5000000596046448,0.5000000596046448,0.5000000596046448,0.40824830532073975,0.0,0.5000000596046448,0.5000000596046448,0.0,0.0,0.0,0.0,0.0,0.0,0.0,0.0,1.0000001192092896,0.5000000596046448,0.5000000596046448,0.5000000596046448,0.3535533845424652,0.3535533845424652,0.3535533845424652,0.5000000596046448,0.5000000596046448,0.40824830532073975,0.40824830532073975,0.5000000596046448,0.5000000596046448,0.40824830532073975,0.40824830532073975,0.5000000596046448,0.5000000596046448,0.7071067690849304,0.7071067690849304,0.5000000596046448,0.5000000596046448,0.3162277638912201,0.3535533845424652,0.3535533845424652,0.0,0.0,0.40824830532073975,0.40824830532073975,0.5000000596046448,0.5000000596046448,0.40824830532073975,0.40824830532073975,0.40824830532073975,0.40824830532073975,0.5000000596046448,0.5000000596046448,0.5000000596046448,0.5000000596046448,0.7071067690849304,0.7071067690849304,0.5000000596046448,0.40824830532073975,0.40824830532073975,0.3535533845424652,0.3535533845424652,0.0,0.3535533845424652,0.3535533845424652,0.3535533845424652,0.3535533845424652,0.3535533845424652,0.3535533845424652,0.40824830532073975,0.0,0.3535533845424652,0.3535533845424652,0.3535533845424652,0.3535533845424652,0.3535533845424652,0.3535533845424652,0.3535533845424652,0.2357022762298584,0.3535533845424652,0.0,0.0,0.3535533845424652,0.3535533845424652,0.3535533845424652,0.40824830532073975,0.40824830532073975,0.3535533845424652,0.3535533845424652,0.40824830532073975,0.40824830532073975,0.40824830532073975,0.40824830532073975,0.0,0.0,0.5000000596046448,0.5000000596046448,0.6324555277824402,0.3162277638912201,0.0,0.0,0.0,0.40824830532073975,0.40824830532073975,0.5000000596046448,0.5000000596046448,0.5000000596046448,0.5000000596046448,0.5000000596046448,0.5000000596046448,1.0,0.5000000596046448,0.3535533845424652,0.3535533845424652,0.7071067690849304,0.3535533845424652,0.40824830532073975,0.40824830532073975,0.5000000596046448,0.5000000596046448,0.7071067690849304,0.7071067690849304,0.7071067690849304,0.7071067690849304,0.5000000596046448,0.7071067690849304,0.7071067690849304,0.40824830532073975,0.7071067690849304,0.7071067690849304,0.7071067690849304,0.7071067690849304,0.7071067690849304,0.7071067690849304,1.0000001192092896,0.5000000596046448,0.3535533845424652,0.3535533845424652,1.0000001192092896,0.5000000596046448,0.3535533845424652,0.3535533845424652,0.5000000596046448,0.5000000596046448,0.5000000596046448,0.5000000596046448,0.0,0.0,0.0,0.0,0.0,0.0,0.0,0.0,0.0,0.0,0.0,0.0,0.0,0.0,0.0,0.0,0.0,0.0,0.0,0.0,0.0,0.0,0.0,0.0,0.0,0.0,0.0,0.0,0.0,0.0,0.0,0.0,0.0,0.0,0.0,0.0,0.0,0.0,0.0,0.0,0.0,0.0,0.0,0.0,0.0,0.0,0.0,0.0,0.0,0.0,0.0,0.0,0.0,0.0,0.0,0.0,0.0,0.0,0.0,0.0,0.0,0.0,0.0,0.0,0.0,0.0,0.0,0.0,0.0,0.0,0.0,0.40824830532073975,0.40824830532073975,0.0,0.0,0.0,0.0,0.0,0.0
SIADR,0.0,0.0,0.0,0.0,0.0,0.0,0.0,0.0,0.0,0.0,0.0,0.0,0.0,0.0,0.0,0.0,0.0,0.0,0.0,0.0,0.3535533845424652,0.3535533845424652,0.5000000596046448,0.5000000596046448,0.3535533845424652,0.3535533845424652,0.3535533845424652,0.3535533845424652,0.3535533845424652,0.3535533845424652,0.3535533845424652,0.3535533845424652,0.3535533845424652,0.3535533845424652,0.3535533845424652,0.3535533845424652,0.3535533845424652,0.3535533845424652,0.3535533845424652,0.3535533845424652,0.3535533845424652,0.3535533845424652,0.3535533845424652,0.3535533845424652,0.5000000596046448,0.5000000596046448,0.5000000596046448,0.5000000596046448,0.5000000596046448,0.5000000596046448,0.5000000596046448,0.5000000596046448,0.5000000596046448,0.5000000596046448,0.5000000596046448,0.5000000596046448,0.5000000596046448,0.5000000596046448,0.5000000596046448,0.5000000596046448,0.7071067690849304,0.7071067690849304,0.40824830532073975,0.0,0.0,0.0,0.5000000596046448,0.5000000596046448,0.28867512941360474,0.28867512941360474,0.3535533845424652,0.3535533845424652,0.0,0.0,0.5000000596046448,0.5000000596046448,0.5000000596046448,0.5000000596046448,0.5000000596046448,0.5000000596046448,0.5000000596046448,0.5000000596046448,0.40824830532073975,0.0,0.5000000596046448,0.5000000596046448,0.0,0.0,0.0,0.0,0.0,0.0,0.0,0.0,0.5000000596046448,1.0000001192092896,0.5000000596046448,0.5000000596046448,0.3535533845424652,0.3535533845424652,0.3535533845424652,0.5000000596046448,0.5000000596046448,0.40824830532073975,0.40824830532073975,0.5000000596046448,0.5000000596046448,0.40824830532073975,0.40824830532073975,0.5000000596046448,0.5000000596046448,0.7071067690849304,0.7071067690849304,0.5000000596046448,0.5000000596046448,0.3162277638912201,0.3535533845424652,0.3535533845424652,0.0,0.0,0.40824830532073975,0.40824830532073975,0.5000000596046448,0.5000000596046448,0.40824830532073975,0.40824830532073975,0.40824830532073975,0.40824830532073975,0.5000000596046448,0.5000000596046448,0.5000000596046448,0.5000000596046448,0.7071067690849304,0.7071067690849304,0.5000000596046448,0.40824830532073975,0.40824830532073975,0.3535533845424652,0.3535533845424652,0.0,0.3535533845424652,0.3535533845424652,0.3535533845424652,0.3535533845424652,0.3535533845424652,0.3535533845424652,0.40824830532073975,0.0,0.3535533845424652,0.3535533845424652,0.3535533845424652,0.3535533845424652,0.3535533845424652,0.3535533845424652,0.3535533845424652,0.2357022762298584,0.3535533845424652,0.0,0.0,0.3535533845424652,0.3535533845424652,0.3535533845424652,0.40824830532073975,0.40824830532073975,0.3535533845424652,0.3535533845424652,0.40824830532073975,0.40824830532073975,0.40824830532073975,0.40824830532073975,0.0,0.0,0.5000000596046448,0.5000000596046448,0.3162277638912201,0.6324555277824402,0.0,0.0,0.0,0.40824830532073975,0.40824830532073975,0.5000000596046448,0.5000000596046448,0.5000000596046448,0.5000000596046448,0.5000000596046448,0.5000000596046448,0.5000000596046448,1.0,0.3535533845424652,0.3535533845424652,0.3535533845424652,0.7071067690849304,0.40824830532073975,0.40824830532073975,0.5000000596046448,0.5000000596046448,0.7071067690849304,0.7071067690849304,0.7071067690849304,0.7071067690849304,0.5000000596046448,0.7071067690849304,0.7071067690849304,0.40824830532073975,0.7071067690849304,0.7071067690849304,0.7071067690849304,0.7071067690849304,0.7071067690849304,0.7071067690849304,0.5000000596046448,1.0000001192092896,0.3535533845424652,0.3535533845424652,0.5000000596046448,1.0000001192092896,0.3535533845424652,0.3535533845424652,0.5000000596046448,0.5000000596046448,0.5000000596046448,0.5000000596046448,0.0,0.0,0.0,0.0,0.0,0.0,0.0,0.0,0.0,0.0,0.0,0.0,0.0,0.0,0.0,0.0,0.0,0.0,0.0,0.0,0.0,0.0,0.0,0.0,0.0,0.0,0.0,0.0,0.0,0.0,0.0,0.0,0.0,0.0,0.0,0.0,0.0,0.0,0.0,0.0,0.0,0.0,0.0,0.0,0.0,0.0,0.0,0.0,0.0,0.0,0.0,0.0,0.0,0.0,0.0,0.0,0.0,0.0,0.0,0.0,0.0,0.0,0.0,0.0,0.0,0.0,0.0,0.0,0.0,0.0,0.0,0.40824830532073975,0.40824830532073975,0.0,0.0,0.0,0.0,0.0,0.0
SIAVL,0.0,0.0,0.0,0.0,0.0,0.0,0.0,0.0,0.0,0.0,0.0,0.0,0.0,0.0,0.0,0.0,0.0,0.0,0.0,0.0,0.75,0.5,0.3535533845424652,0.3535533845424652,0.75,0.5,0.75,0.5,0.75,0.5,0.75,0.5,0.75,0.5,0.75,0.5,0.75,0.5,0.75,0.5,0.75,0.5,0.75,0.5,0.3535533845424652,0.3535533845424652,0.3535533845424652,0.3535533845424652,0.3535533845424652,0.3535533845424652,0.3535533845424652,0.3535533845424652,0.3535533845424652,0.3535533845424652,0.3535533845424652,0.3535533845424652,0.3535533845424652,0.3535533845424652,0.3535533845424652,0.3535533845424652,0.5,0.5,0.5773502588272095,0.0,0.0,0.0,0.3535533845424652,0.3535533845424652,0.8164965510368347,0.40824827551841736,0.5,0.5,0.0,0.0,0.3535533845424652,0.3535533845424652,0.3535533845424652,0.3535533845424652,0.3535533845424652,0.3535533845424652,0.3535533845424652,0.3535533845424652,0.5773502588272095,0.0,0.3535533845424652,0.3535533845424652,0.0,0.0,0.0,0.0,0.0,0.0,0.0,0.0,0.3535533845424652,0.3535533845424652,0.3535533845424652,0.3535533845424652,0.5,0.75,0.5,0.7071067690849304,0.7071067690849304,0.866025447845459,0.5773502588272095,0.7071067690849304,0.7071067690849304,0.866025447845459,0.5773502588272095,0.3535533845424652,0.3535533845424652,0.5,0.5,0.7071067690849304,0.7071067690849304,0.22360679507255554,0.5,0.5,0.0,0.0,0.28867512941360474,0.28867512941360474,0.7071067690849304,0.7071067690849304,0.866025447845459,0.5773502588272095,0.866025447845459,0.5773502588272095,0.7071067690849304,0.7071067690849304,0.7071067690849304,0.7071067690849304,0.5,0.5,0.7071067690849304,0.5773502588272095,0.5773502588272095,0.5,0.5,0.28867512941360474,0.5,0.5,0.5,0.5,0.5,0.5,0.5773502588272095,0.0,0.5,0.5,0.5,0.5,0.5,0.5,0.5,0.3333333432674408,0.5,0.0,0.0,0.75,0.5,0.5,0.5773502588272095,0.5773502588272095,0.75,0.5,0.5773502588272095,0.5773502588272095,0.5773502588272095,0.5773502588272095,0.0,0.0,0.3535533845424652,0.3535533845424652,0.4472135901451111,0.6708203554153442,0.25,0.28867512941360474,0.5773502588272095,0.866025447845459,0.5773502588272095,0.3535533845424652,0.3535533845424652,0.3535533845424652,0.3535533845424652,0.3535533845424652,0.3535533845424652,0.3535533845424652,0.3535533845424652,1.0,0.5,0.75,0.5,0.5773502588272095,0.5773502588272095,0.7071067690849304,0.7071067690849304,0.5,0.5,0.5,0.5,0.3535533845424652,0.5,0.5,0.5773502588272095,0.5,0.5,0.5,0.5,0.5,0.5,0.3535533845424652,0.3535533845424652,1.0,0.5,0.3535533845424652,0.3535533845424652,0.75,0.75,0.3535533845424652,0.3535533845424652,0.3535533845424652,0.3535533845424652,0.25,0.25,0.25,0.28867512941360474,0.0,0.0,0.0,0.0,0.0,0.0,0.25,0.0,0.0,0.0,0.0,0.0,0.0,0.25,0.28867512941360474,0.0,0.0,0.0,0.0,0.0,0.0,0.0,0.0,0.0,0.0,0.25,0.0,0.0,0.0,0.0,0.0,0.28867512941360474,0.28867512941360474,0.28867512941360474,0.3535533845424652,0.0,0.0,0.0,0.0,0.0,0.0,0.0,0.0,0.3535533845424652,0.28867512941360474,0.0,0.0,0.0,0.0,0.0,0.0,0.0,0.0,0.0,0.25,0.25,0.0,0.0,0.0,0.0,0.0,0.0,0.0,0.0,0.0,0.0,0.0,0.5773502588272095,0.5773502588272095,0.3535533845424652,0.3535533845424652,0.0,0.0,0.0,0.0
SIAVR,0.0,0.0,0.0,0.0,0.0,0.0,0.0,0.0,0.0,0.0,0.0,0.0,0.0,0.0,0.0,0.0,0.0,0.0,0.0,0.0,0.5,0.75,0.3535533845424652,0.3535533845424652,0.5,0.75,0.5,0.75,0.5,0.75,0.5,0.75,0.5,0.75,0.5,0.75,0.5,0.75,0.5,0.75,0.5,0.75,0.5,0.75,0.3535533845424652,0.3535533845424652,0.3535533845424652,0.3535533845424652,0.3535533845424652,0.3535533845424652,0.3535533845424652,0.3535533845424652,0.3535533845424652,0.3535533845424652,0.3535533845424652,0.3535533845424652,0.3535533845424652,0.3535533845424652,0.3535533845424652,0.3535533845424652,0.5,0.5,0.5773502588272095,0.0,0.0,0.0,0.3535533845424652,0.3535533845424652,0.40824827551841736,0.8164965510368347,0.5,0.5,0.0,0.0,0.3535533845424652,0.3535533845424652,0.3535533845424652,0.3535533845424652,0.3535533845424652,0.3535533845424652,0.3535533845424652,0.3535533845424652,0.5773502588272095,0.0,0.3535533845424652,0.3535533845424652,0.0,0.0,0.0,0.0,0.0,0.0,0.0,0.0,0.3535533845424652,0.3535533845424652,0.3535533845424652,0.3535533845424652,0.5,0.5,0.75,0.7071067690849304,0.7071067690849304,0.5773502588272095,0.866025447845459,0.7071067690849304,0.7071067690849304,0.5773502588272095,0.866025447845459,0.3535533845424652,0.3535533845424652,0.5,0.5,0.7071067690849304,0.7071067690849304,0.22360679507255554,0.5,0.5,0.0,0.0,0.28867512941360474,0.28867512941360474,0.7071067690849304,0.7071067690849304,0.5773502588272095,0.866025447845459,0.5773502588272095,0.866025447845459,0.7071067690849304,0.7071067690849304,0.7071067690849304,0.7071067690849304,0.5,0.5,0.7071067690849304,0.5773502588272095,0.5773502588272095,0.5,0.5,0.28867512941360474,0.5,0.5,0.5,0.5,0.5,0.5,0.5773502588272095,0.0,0.5,0.5,0.5,0.5,0.5,0.5,0.5,0.3333333432674408,0.5,0.0,0.0,0.5,0.5,0.5,0.5773502588272095,0.5773502588272095,0.5,0.75,0.5773502588272095,0.5773502588272095,0.5773502588272095,0.5773502588272095,0.0,0.0,0.3535533845424652,0.3535533845424652,0.6708203554153442,0.4472135901451111,0.5,0.5773502588272095,0.28867512941360474,0.5773502588272095,0.866025447845459,0.3535533845424652,0.3535533845424652,0.3535533845424652,0.3535533845424652,0.3535533845424652,0.3535533845424652,0.3535533845424652,0.3535533845424652,0.5,1.0,0.5,0.75,0.5773502588272095,0.5773502588272095,0.7071067690849304,0.7071067690849304,0.5,0.5,0.5,0.5,0.3535533845424652,0.5,0.5,0.5773502588272095,0.5,0.5,0.5,0.5,0.5,0.5,0.3535533845424652,0.3535533845424652,0.5,1.0,0.3535533845424652,0.3535533845424652,0.75,0.75,0.3535533845424652,0.3535533845424652,0.3535533845424652,0.3535533845424652,0.25,0.25,0.25,0.28867512941360474,0.0,0.0,0.0,0.0,0.0,0.0,0.25,0.0,0.0,0.0,0.0,0.0,0.0,0.25,0.28867512941360474,0.0,0.0,0.0,0.0,0.0,0.0,0.0,0.0,0.0,0.0,0.25,0.0,0.0,0.0,0.0,0.0,0.28867512941360474,0.28867512941360474,0.28867512941360474,0.3535533845424652,0.0,0.0,0.0,0.0,0.0,0.0,0.0,0.0,0.3535533845424652,0.28867512941360474,0.0,0.0,0.0,0.0,0.0,0.0,0.0,0.0,0.0,0.25,0.25,0.0,0.0,0.0,0.0,0.0,0.0,0.0,0.0,0.0,0.0,0.0,0.5773502588272095,0.5773502588272095,0.3535533845424652,0.3535533845424652,0.0,0.0,0.0,0.0
SIBDL,0.0,0.0,0.0,0.0,0.0,0.0,0.0,0.0,0.0,0.0,0.0,0.0,0.0,0.0,0.0,0.0,0.0,0.0,0.0,0.0,0.75,0.5,0.3535533845424652,0.3535533845424652,0.75,0.5,0.75,0.5,0.75,0.5,0.75,0.5,0.75,0.5,0.75,0.5,0.75,0.5,0.75,0.5,0.75,0.5,0.75,0.5,0.3535533845424652,0.3535533845424652,0.3535533845424652,0.3535533845424652,0.3535533845424652,0.3535533845424652,0.3535533845424652,0.3535533845424652,0.3535533845424652,0.3535533845424652,0.3535533845424652,0.3535533845424652,0.3535533845424652,0.3535533845424652,0.3535533845424652,0.3535533845424652,0.5,0.5,0.5773502588272095,0.0,0.0,0.0,0.3535533845424652,0.3535533845424652,0.6123723983764648,0.40824827551841736,0.5,0.5,0.0,0.0,0.3535533845424652,0.3535533845424652,0.3535533845424652,0.3535533845424652,0.3535533845424652,0.3535533845424652,0.3535533845424652,0.3535533845424652,0.5773502588272095,0.0,0.3535533845424652,0.3535533845424652,0.0,0.0,0.0,0.0,0.0,0.0,0.0,0.0,0.7071067690849304,0.3535533845424652,0.3535533845424652,0.3535533845424652,0.5,0.75,0.5,0.7071067690849304,0.7071067690849304,0.866025447845459,0.5773502588272095,0.7071067690849304,0.7071067690849304,0.866025447845459,0.5773502588272095,0.3535533845424652,0.3535533845424652,0.5,0.5,0.7071067690849304,0.7071067690849304,0.22360679507255554,0.5,0.5,0.0,0.0,0.28867512941360474,0.28867512941360474,0.7071067690849304,0.7071067690849304,0.866025447845459,0.5773502588272095,0.866025447845459,0.5773502588272095,0.7071067690849304,0.7071067690849304,0.7071067690849304,0.7071067690849304,0.5,0.5,0.7071067690849304,0.5773502588272095,0.5773502588272095,0.5,0.5,0.28867512941360474,0.5,0.5,0.5,0.5,0.5,0.5,0.5773502588272095,0.0,0.5,0.5,0.5,0.5,0.5,0.5,0.5,0.3333333432674408,0.5,0.0,0.0,0.75,0.5,0.5,0.5773502588272095,0.5773502588272095,0.75,0.5,0.5773502588272095,0.5773502588272095,0.5773502588272095,0.5773502588272095,0.0,0.0,0.3535533845424652,0.3535533845424652,0.6708203554153442,0.6708203554153442,0.25,0.28867512941360474,0.5773502588272095,0.866025447845459,0.5773502588272095,0.3535533845424652,0.3535533845424652,0.3535533845424652,0.3535533845424652,0.3535533845424652,0.3535533845424652,0.7071067690849304,0.3535533845424652,0.75,0.5,1.0,0.5,0.28867512941360474,0.5773502588272095,0.7071067690849304,0.7071067690849304,0.5,0.5,0.5,0.5,0.3535533845424652,0.5,0.5,0.5773502588272095,0.5,0.5,0.5,0.5,0.5,0.5,0.7071067690849304,0.3535533845424652,0.75,0.5,0.7071067690849304,0.3535533845424652,0.5,0.75,0.3535533845424652,0.3535533845424652,0.3535533845424652,0.3535533845424652,0.25,0.25,0.25,0.28867512941360474,0.0,0.0,0.0,0.0,0.0,0.0,0.25,0.0,0.0,0.0,0.0,0.0,0.0,0.25,0.28867512941360474,0.0,0.0,0.0,0.0,0.0,0.0,0.0,0.0,0.0,0.0,0.25,0.0,0.0,0.0,0.0,0.0,0.28867512941360474,0.28867512941360474,0.28867512941360474,0.3535533845424652,0.0,0.0,0.0,0.0,0.0,0.0,0.0,0.0,0.3535533845424652,0.28867512941360474,0.0,0.0,0.0,0.0,0.0,0.0,0.0,0.0,0.0,0.25,0.25,0.0,0.0,0.0,0.0,0.0,0.0,0.0,0.0,0.0,0.0,0.0,0.5773502588272095,0.5773502588272095,0.3535533845424652,0.3535533845424652,0.0,0.0,0.0,0.0
SIBDR,0.0,0.0,0.0,0.0,0.0,0.0,0.0,0.0,0.0,0.0,0.0,0.0,0.0,0.0,0.0,0.0,0.0,0.0,0.0,0.0,0.5,0.75,0.3535533845424652,0.3535533845424652,0.5,0.75,0.5,0.75,0.5,0.75,0.5,0.75,0.5,0.75,0.5,0.75,0.5,0.75,0.5,0.75,0.5,0.75,0.5,0.75,0.3535533845424652,0.3535533845424652,0.3535533845424652,0.3535533845424652,0.3535533845424652,0.3535533845424652,0.3535533845424652,0.3535533845424652,0.3535533845424652,0.3535533845424652,0.3535533845424652,0.3535533845424652,0.3535533845424652,0.3535533845424652,0.3535533845424652,0.3535533845424652,0.5,0.5,0.5773502588272095,0.0,0.0,0.0,0.3535533845424652,0.3535533845424652,0.40824827551841736,0.6123723983764648,0.5,0.5,0.0,0.0,0.3535533845424652,0.3535533845424652,0.3535533845424652,0.3535533845424652,0.3535533845424652,0.3535533845424652,0.3535533845424652,0.3535533845424652,0.5773502588272095,0.0,0.3535533845424652,0.3535533845424652,0.0,0.0,0.0,0.0,0.0,0.0,0.0,0.0,0.3535533845424652,0.7071067690849304,0.3535533845424652,0.3535533845424652,0.5,0.5,0.75,0.7071067690849304,0.7071067690849304,0.5773502588272095,0.866025447845459,0.7071067690849304,0.7071067690849304,0.5773502588272095,0.866025447845459,0.3535533845424652,0.3535533845424652,0.5,0.5,0.7071067690849304,0.7071067690849304,0.22360679507255554,0.5,0.5,0.0,0.0,0.28867512941360474,0.28867512941360474,0.7071067690849304,0.7071067690849304,0.5773502588272095,0.866025447845459,0.5773502588272095,0.866025447845459,0.7071067690849304,0.7071067690849304,0.7071067690849304,0.7071067690849304,0.5,0.5,0.7071067690849304,0.5773502588272095,0.5773502588272095,0.5,0.5,0.28867512941360474,0.5,0.5,0.5,0.5,0.5,0.5,0.5773502588272095,0.0,0.5,0.5,0.5,0.5,0.5,0.5,0.5,0.3333333432674408,0.5,0.0,0.0,0.5,0.5,0.5,0.5773502588272095,0.5773502588272095,0.5,0.75,0.5773502588272095,0.5773502588272095,0.5773502588272095,0.5773502588272095,0.0,0.0,0.3535533845424652,0.3535533845424652,0.6708203554153442,0.6708203554153442,0.5,0.5773502588272095,0.28867512941360474,0.5773502588272095,0.866025447845459,0.3535533845424652,0.3535533845424652,0.3535533845424652,0.3535533845424652,0.3535533845424652,0.3535533845424652,0.3535533845424652,0.7071067690849304,0.5,0.75,0.5,1.0,0.5773502588272095,0.28867512941360474,0.7071067690849304,0.7071067690849304,0.5,0.5,0.5,0.5,0.3535533845424652,0.5,0.5,0.5773502588272095,0.5,0.5,0.5,0.5,0.5,0.5,0.3535533845424652,0.7071067690849304,0.5,0.75,0.3535533845424652,0.7071067690849304,0.75,0.5,0.3535533845424652,0.3535533845424652,0.3535533845424652,0.3535533845424652,0.25,0.25,0.25,0.28867512941360474,0.0,0.0,0.0,0.0,0.0,0.0,0.25,0.0,0.0,0.0,0.0,0.0,0.0,0.25,0.28867512941360474,0.0,0.0,0.0,0.0,0.0,0.0,0.0,0.0,0.0,0.0,0.25,0.0,0.0,0.0,0.0,0.0,0.28867512941360474,0.28867512941360474,0.28867512941360474,0.3535533845424652,0.0,0.0,0.0,0.0,0.0,0.0,0.0,0.0,0.3535533845424652,0.28867512941360474,0.0,0.0,0.0,0.0,0.0,0.0,0.0,0.0,0.0,0.25,0.25,0.0,0.0,0.0,0.0,0.0,0.0,0.0,0.0,0.0,0.0,0.0,0.5773502588272095,0.5773502588272095,0.3535533845424652,0.3535533845424652,0.0,0.0,0.0,0.0
SIBVL,0.0,0.0,0.0,0.0,0.0,0.0,0.0,0.0,0.0,0.0,0.0,0.0,0.0,0.0,0.0,0.0,0.0,0.0,0.0,0.0,0.28867512941360474,0.5773502588272095,0.40824830532073975,0.40824830532073975,0.28867512941360474,0.5773502588272095,0.28867512941360474,0.5773502588272095,0.28867512941360474,0.5773502588272095,0.28867512941360474,0.5773502588272095,0.28867512941360474,0.5773502588272095,0.28867512941360474,0.5773502588272095,0.28867512941360474,0.5773502588272095,0.28867512941360474,0.5773502588272095,0.28867512941360474,0.5773502588272095,0.28867512941360474,0.5773502588272095,0.40824830532073975,0.40824830532073975,0.40824830532073975,0.40824830532073975,0.40824830532073975,0.40824830532073975,0.40824830532073975,0.40824830532073975,0.40824830532073975,0.40824830532073975,0.40824830532073975,0.40824830532073975,0.40824830532073975,0.40824830532073975,0.40824830532073975,0.40824830532073975,0.5773502588272095,0.5773502588272095,0.3333333432674408,0.0,0.0,0.0,0.40824830532073975,0.40824830532073975,0.471404492855072,0.471404492855072,0.28867512941360474,0.28867512941360474,0.0,0.0,0.40824830532073975,0.40824830532073975,0.40824830532073975,0.40824830532073975,0.40824830532073975,0.40824830532073975,0.40824830532073975,0.40824830532073975,0.3333333432674408,0.0,0.40824830532073975,0.40824830532073975,0.0,0.0,0.0,0.0,0.0,0.0,0.0,0.0,0.40824830532073975,0.40824830532073975,0.40824830532073975,0.40824830532073975,0.28867512941360474,0.28867512941360474,0.5773502588272095,0.40824830532073975,0.40824830532073975,0.3333333432674408,0.6666666865348816,0.40824830532073975,0.40824830532073975,0.3333333432674408,0.6666666865348816,0.40824830532073975,0.40824830532073975,0.5773502588272095,0.5773502588272095,0.40824830532073975,0.40824830532073975,0.25819888710975647,0.28867512941360474,0.28867512941360474,0.0,0.0,0.3333333432674408,0.3333333432674408,0.40824830532073975,0.40824830532073975,0.3333333432674408,0.6666666865348816,0.3333333432674408,0.6666666865348816,0.40824830532073975,0.40824830532073975,0.40824830532073975,0.40824830532073975,0.5773502588272095,0.5773502588272095,0.40824830532073975,0.3333333432674408,0.3333333432674408,0.28867512941360474,0.28867512941360474,0.0,0.28867512941360474,0.28867512941360474,0.28867512941360474,0.28867512941360474,0.28867512941360474,0.28867512941360474,0.3333333432674408,0.0,0.28867512941360474,0.28867512941360474,0.28867512941360474,0.28867512941360474,0.28867512941360474,0.28867512941360474,0.28867512941360474,0.19245009124279022,0.28867512941360474,0.0,0.0,0.28867512941360474,0.28867512941360474,0.28867512941360474,0.3333333432674408,0.3333333432674408,0.28867512941360474,0.5773502588272095,0.3333333432674408,0.3333333432674408,0.3333333432674408,0.3333333432674408,0.0,0.0,0.40824830532073975,0.40824830532073975,0.5163977742195129,0.25819888710975647,0.28867512941360474,0.3333333432674408,0.0,0.3333333432674408,0.6666666865348816,0.40824830532073975,0.40824830532073975,0.40824830532073975,0.40824830532073975,0.40824830532073975,0.40824830532073975,0.40824830532073975,0.40824830532073975,0.5773502588272095,0.5773502588272095,0.28867512941360474,0.5773502588272095,1.0,0.3333333432674408,0.40824830532073975,0.40824830532073975,0.5773502588272095,0.5773502588272095,0.5773502588272095,0.5773502588272095,0.40824830532073975,0.5773502588272095,0.5773502588272095,0.3333333432674408,0.5773502588272095,0.5773502588272095,0.5773502588272095,0.5773502588272095,0.5773502588272095,0.5773502588272095,0.40824830532073975,0.40824830532073975,0.5773502588272095,0.5773502588272095,0.40824830532073975,0.40824830532073975,0.866025447845459,0.28867512941360474,0.40824830532073975,0.40824830532073975,0.40824830532073975,0.40824830532073975,0.0,0.0,0.0,0.0,0.0,0.0,0.0,0.0,0.0,0.0,0.0,0.0,0.0,0.0,0.0,0.0,0.0,0.0,0.0,0.0,0.0,0.0,0.0,0.0,0.0,0.0,0.0,0.0,0.0,0.0,0.0,0.0,0.0,0.0,0.0,0.0,0.0,0.0,0.0,0.0,0.0,0.0,0.0,0.0,0.0,0.0,0.0,0.0,0.0,0.0,0.0,0.0,0.0,0.0,0.0,0.0,0.0,0.0,0.0,0.0,0.0,0.0,0.0,0.0,0.0,0.0,0.0,0.0,0.0,0.0,0.0,0.3333333432674408,0.3333333432674408,0.0,0.0,0.0,0.0,0.0,0.0
SIBVR,0.0,0.0,0.0,0.0,0.0,0.0,0.0,0.0,0.0,0.0,0.0,0.0,0.0,0.0,0.0,0.0,0.0,0.0,0.0,0.0,0.5773502588272095,0.28867512941360474,0.40824830532073975,0.40824830532073975,0.5773502588272095,0.28867512941360474,0.5773502588272095,0.28867512941360474,0.5773502588272095,0.28867512941360474,0.5773502588272095,0.28867512941360474,0.5773502588272095,0.28867512941360474,0.5773502588272095,0.28867512941360474,0.5773502588272095,0.28867512941360474,0.5773502588272095,0.28867512941360474,0.5773502588272095,0.28867512941360474,0.5773502588272095,0.28867512941360474,0.40824830532073975,0.40824830532073975,0.40824830532073975,0.40824830532073975,0.40824830532073975,0.40824830532073975,0.40824830532073975,0.40824830532073975,0.40824830532073975,0.40824830532073975,0.40824830532073975,0.40824830532073975,0.40824830532073975,0.40824830532073975,0.40824830532073975,0.40824830532073975,0.5773502588272095,0.5773502588272095,0.3333333432674408,0.0,0.0,0.0,0.40824830532073975,0.40824830532073975,0.471404492855072,0.471404492855072,0.28867512941360474,0.28867512941360474,0.0,0.0,0.40824830532073975,0.40824830532073975,0.40824830532073975,0.40824830532073975,0.40824830532073975,0.40824830532073975,0.40824830532073975,0.40824830532073975,0.3333333432674408,0.0,0.40824830532073975,0.40824830532073975,0.0,0.0,0.0,0.0,0.0,0.0,0.0,0.0,0.40824830532073975,0.40824830532073975,0.40824830532073975,0.40824830532073975,0.28867512941360474,0.5773502588272095,0.28867512941360474,0.40824830532073975,0.40824830532073975,0.6666666865348816,0.3333333432674408,0.40824830532073975,0.40824830532073975,0.6666666865348816,0.3333333432674408,0.40824830532073975,0.40824830532073975,0.5773502588272095,0.5773502588272095,0.40824830532073975,0.40824830532073975,0.25819888710975647,0.28867512941360474,0.28867512941360474,0.0,0.0,0.3333333432674408,0.3333333432674408,0.40824830532073975,0.40824830532073975,0.6666666865348816,0.3333333432674408,0.6666666865348816,0.3333333432674408,0.40824830532073975,0.40824830532073975,0.40824830532073975,0.40824830532073975,0.5773502588272095,0.5773502588272095,0.40824830532073975,0.3333333432674408,0.3333333432674408,0.28867512941360474,0.28867512941360474,0.0,0.28867512941360474,0.28867512941360474,0.28867512941360474,0.28867512941360474,0.28867512941360474,0.28867512941360474,0.3333333432674408,0.0,0.28867512941360474,0.28867512941360474,0.28867512941360474,0.28867512941360474,0.28867512941360474,0.28867512941360474,0.28867512941360474,0.19245009124279022,0.28867512941360474,0.0,0.0,0.5773502588272095,0.28867512941360474,0.28867512941360474,0.3333333432674408,0.3333333432674408,0.5773502588272095,0.28867512941360474,0.3333333432674408,0.3333333432674408,0.3333333432674408,0.3333333432674408,0.0,0.0,0.40824830532073975,0.40824830532073975,0.25819888710975647,0.5163977742195129,0.0,0.0,0.3333333432674408,0.6666666865348816,0.3333333432674408,0.40824830532073975,0.40824830532073975,0.40824830532073975,0.40824830532073975,0.40824830532073975,0.40824830532073975,0.40824830532073975,0.40824830532073975,0.5773502588272095,0.5773502588272095,0.5773502588272095,0.28867512941360474,0.3333333432674408,1.0,0.40824830532073975,0.40824830532073975,0.5773502588272095,0.5773502588272095,0.5773502588272095,0.5773502588272095,0.40824830532073975,0.5773502588272095,0.5773502588272095,0.3333333432674408,0.5773502588272095,0.5773502588272095,0.5773502588272095,0.5773502588272095,0.5773502588272095,0.5773502588272095,0.40824830532073975,0.40824830532073975,0.5773502588272095,0.5773502588272095,0.40824830532073975,0.40824830532073975,0.28867512941360474,0.866025447845459,0.40824830532073975,0.40824830532073975,0.40824830532073975,0.40824830532073975,0.0,0.0,0.0,0.0,0.0,0.0,0.0,0.0,0.0,0.0,0.0,0.0,0.0,0.0,0.0,0.0,0.0,0.0,0.0,0.0,0.0,0.0,0.0,0.0,0.0,0.0,0.0,0.0,0.0,0.0,0.0,0.0,0.0,0.0,0.0,0.0,0.0,0.0,0.0,0.0,0.0,0.0,0.0,0.0,0.0,0.0,0.0,0.0,0.0,0.0,0.0,0.0,0.0,0.0,0.0,0.0,0.0,0.0,0.0,0.0,0.0,0.0,0.0,0.0,0.0,0.0,0.0,0.0,0.0,0.0,0.0,0.3333333432674408,0.3333333432674408,0.0,0.0,0.0,0.0,0.0,0.0
RMDDL,0.0,0.0,0.0,0.0,0.0,0.0,0.0,0.0,0.0,0.0,0.0,0.0,0.0,0.0,0.0,0.0,0.0,0.0,0.0,0.0,0.7071067690849304,0.7071067690849304,0.5000000596046448,0.5000000596046448,0.7071067690849304,0.7071067690849304,0.7071067690849304,0.7071067690849304,0.7071067690849304,0.7071067690849304,0.7071067690849304,0.7071067690849304,0.7071067690849304,0.7071067690849304,0.7071067690849304,0.7071067690849304,0.7071067690849304,0.7071067690849304,0.7071067690849304,0.7071067690849304,0.7071067690849304,0.7071067690849304,0.7071067690849304,0.7071067690849304,0.5000000596046448,0.5000000596046448,0.5000000596046448,0.5000000596046448,0.5000000596046448,0.5000000596046448,0.5000000596046448,0.5000000596046448,0.5000000596046448,0.5000000596046448,0.5000000596046448,0.5000000596046448,0.5000000596046448,0.5000000596046448,0.5000000596046448,0.5000000596046448,0.7071067690849304,0.7071067690849304,0.8164966106414795,0.0,0.0,0.0,0.5000000596046448,0.5000000596046448,0.5773502588272095,0.5773502588272095,0.7071067690849304,0.7071067690849304,0.0,0.0,0.5000000596046448,0.5000000596046448,0.5000000596046448,0.5000000596046448,0.5000000596046448,0.5000000596046448,0.5000000596046448,0.5000000596046448,0.8164966106414795,0.0,0.5000000596046448,0.5000000596046448,0.0,0.0,0.0,0.0,0.0,0.0,0.0,0.0,0.5000000596046448,0.5000000596046448,0.5000000596046448,0.5000000596046448,0.7071067690849304,0.7071067690849304,0.7071067690849304,1.0000001192092896,1.0000001192092896,0.8164966106414795,0.8164966106414795,1.0000001192092896,1.0000001192092896,0.8164966106414795,0.8164966106414795,0.5000000596046448,0.5000000596046448,0.7071067690849304,0.7071067690849304,1.0000001192092896,1.0000001192092896,0.3162277638912201,0.7071067690849304,0.7071067690849304,0.0,0.0,0.40824830532073975,0.40824830532073975,1.0000001192092896,1.0000001192092896,0.8164966106414795,0.8164966106414795,0.8164966106414795,0.8164966106414795,1.0000001192092896,1.0000001192092896,1.0000001192092896,1.0000001192092896,0.7071067690849304,0.7071067690849304,1.0000001192092896,0.8164966106414795,0.8164966106414795,0.7071067690849304,0.7071067690849304,0.40824830532073975,0.7071067690849304,0.7071067690849304,0.7071067690849304,0.7071067690849304,0.7071067690849304,0.7071067690849304,0.8164966106414795,0.0,0.7071067690849304,0.7071067690849304,0.7071067690849304,0.7071067690849304,0.7071067690849304,0.7071067690849304,0.7071067690849304,0.4714045524597168,0.7071067690849304,0.0,0.0,0.7071067690849304,0.7071067690849304,0.7071067690849304,0.8164966106414795,0.8164966106414795,0.7071067690849304,0.7071067690849304,0.8164966106414795,0.8164966106414795,0.8164966106414795,0.8164966106414795,0.0,0.0,0.5000000596046448,0.5000000596046448,0.6324555277824402,0.6324555277824402,0.3535533845424652,0.40824830532073975,0.40824830532073975,0.8164966106414795,0.8164966106414795,0.5000000596046448,0.5000000596046448,0.5000000596046448,0.5000000596046448,0.5000000596046448,0.5000000596046448,0.5000000596046448,0.5000000596046448,0.7071067690849304,0.7071067690849304,0.7071067690849304,0.7071067690849304,0.40824830532073975,0.40824830532073975,1.0,1.0000001192092896,0.7071067690849304,0.7071067690849304,0.7071067690849304,0.7071067690849304,0.5000000596046448,0.7071067690849304,0.7071067690849304,0.8164966106414795,0.7071067690849304,0.7071067690849304,0.7071067690849304,0.7071067690849304,0.7071067690849304,0.7071067690849304,0.5000000596046448,0.5000000596046448,0.7071067690849304,0.7071067690849304,0.5000000596046448,0.5000000596046448,0.7071067690849304,0.7071067690849304,0.5000000596046448,0.5000000596046448,0.5000000596046448,0.5000000596046448,0.3535533845424652,0.3535533845424652,0.3535533845424652,0.40824830532073975,0.0,0.0,0.0,0.0,0.0,0.0,0.3535533845424652,0.0,0.0,0.0,0.0,0.0,0.0,0.3535533845424652,0.40824830532073975,0.0,0.0,0.0,0.0,0.0,0.0,0.0,0.0,0.0,0.0,0.3535533845424652,0.0,0.0,0.0,0.0,0.0,0.40824830532073975,0.40824830532073975,0.40824830532073975,0.5000000596046448,0.0,0.0,0.0,0.0,0.0,0.0,0.0,0.0,0.5000000596046448,0.40824830532073975,0.0,0.0,0.0,0.0,0.0,0.0,0.0,0.0,0.0,0.3535533845424652,0.3535533845424652,0.0,0.0,0.0,0.0,0.0,0.0,0.0,0.0,0.0,0.0,0.0,0.8164966106414795,0.8164966106414795,0.5000000596046448,0.5000000596046448,0.0,0.0,0.0,0.0
RMDDR,0.0,0.0,0.0,0.0,0.0,0.0,0.0,0.0,0.0,0.0,0.0,0.0,0.0,0.0,0.0,0.0,0.0,0.0,0.0,0.0,0.7071067690849304,0.7071067690849304,0.5000000596046448,0.5000000596046448,0.7071067690849304,0.7071067690849304,0.7071067690849304,0.7071067690849304,0.7071067690849304,0.7071067690849304,0.7071067690849304,0.7071067690849304,0.7071067690849304,0.7071067690849304,0.7071067690849304,0.7071067690849304,0.7071067690849304,0.7071067690849304,0.7071067690849304,0.7071067690849304,0.7071067690849304,0.7071067690849304,0.7071067690849304,0.7071067690849304,0.5000000596046448,0.5000000596046448,0.5000000596046448,0.5000000596046448,0.5000000596046448,0.5000000596046448,0.5000000596046448,0.5000000596046448,0.5000000596046448,0.5000000596046448,0.5000000596046448,0.5000000596046448,0.5000000596046448,0.5000000596046448,0.5000000596046448,0.5000000596046448,0.7071067690849304,0.7071067690849304,0.8164966106414795,0.0,0.0,0.0,0.5000000596046448,0.5000000596046448,0.5773502588272095,0.5773502588272095,0.7071067690849304,0.7071067690849304,0.0,0.0,0.5000000596046448,0.5000000596046448,0.5000000596046448,0.5000000596046448,0.5000000596046448,0.5000000596046448,0.5000000596046448,0.5000000596046448,0.8164966106414795,0.0,0.5000000596046448,0.5000000596046448,0.0,0.0,0.0,0.0,0.0,0.0,0.0,0.0,0.5000000596046448,0.5000000596046448,0.5000000596046448,0.5000000596046448,0.7071067690849304,0.7071067690849304,0.7071067690849304,1.0000001192092896,1.0000001192092896,0.8164966106414795,0.8164966106414795,1.0000001192092896,1.0000001192092896,0.8164966106414795,0.8164966106414795,0.5000000596046448,0.5000000596046448,0.7071067690849304,0.7071067690849304,1.0000001192092896,1.0000001192092896,0.3162277638912201,0.7071067690849304,0.7071067690849304,0.0,0.0,0.40824830532073975,0.40824830532073975,1.0000001192092896,1.0000001192092896,0.8164966106414795,0.8164966106414795,0.8164966106414795,0.8164966106414795,1.0000001192092896,1.0000001192092896,1.0000001192092896,1.0000001192092896,0.7071067690849304,0.7071067690849304,1.0000001192092896,0.8164966106414795,0.8164966106414795,0.7071067690849304,0.7071067690849304,0.40824830532073975,0.7071067690849304,0.7071067690849304,0.7071067690849304,0.7071067690849304,0.7071067690849304,0.7071067690849304,0.8164966106414795,0.0,0.7071067690849304,0.7071067690849304,0.7071067690849304,0.7071067690849304,0.7071067690849304,0.7071067690849304,0.7071067690849304,0.4714045524597168,0.7071067690849304,0.0,0.0,0.7071067690849304,0.7071067690849304,0.7071067690849304,0.8164966106414795,0.8164966106414795,0.7071067690849304,0.7071067690849304,0.8164966106414795,0.8164966106414795,0.8164966106414795,0.8164966106414795,0.0,0.0,0.5000000596046448,0.5000000596046448,0.6324555277824402,0.6324555277824402,0.3535533845424652,0.40824830532073975,0.40824830532073975,0.8164966106414795,0.8164966106414795,0.5000000596046448,0.5000000596046448,0.5000000596046448,0.5000000596046448,0.5000000596046448,0.5000000596046448,0.5000000596046448,0.5000000596046448,0.7071067690849304,0.7071067690849304,0.7071067690849304,0.7071067690849304,0.40824830532073975,0.40824830532073975,1.0000001192092896,1.0,0.7071067690849304,0.7071067690849304,0.7071067690849304,0.7071067690849304,0.5000000596046448,0.7071067690849304,0.7071067690849304,0.8164966106414795,0.7071067690849304,0.7071067690849304,0.7071067690849304,0.7071067690849304,0.7071067690849304,0.7071067690849304,0.5000000596046448,0.5000000596046448,0.7071067690849304,0.7071067690849304,0.5000000596046448,0.5000000596046448,0.7071067690849304,0.7071067690849304,0.5000000596046448,0.5000000596046448,0.5000000596046448,0.5000000596046448,0.3535533845424652,0.3535533845424652,0.3535533845424652,0.40824830532073975,0.0,0.0,0.0,0.0,0.0,0.0,0.3535533845424652,0.0,0.0,0.0,0.0,0.0,0.0,0.3535533845424652,0.40824830532073975,0.0,0.0,0.0,0.0,0.0,0.0,0.0,0.0,0.0,0.0,0.3535533845424652,0.0,0.0,0.0,0.0,0.0,0.40824830532073975,0.40824830532073975,0.40824830532073975,0.5000000596046448,0.0,0.0,0.0,0.0,0.0,0.0,0.0,0.0,0.5000000596046448,0.40824830532073975,0.0,0.0,0.0,0.0,0.0,0.0,0.0,0.0,0.0,0.3535533845424652,0.3535533845424652,0.0,0.0,0.0,0.0,0.0,0.0,0.0,0.0,0.0,0.0,0.0,0.8164966106414795,0.8164966106414795,0.5000000596046448,0.5000000596046448,0.0,0.0,0.0,0.0
RMDL,0.0,0.0,0.0,0.0,0.0,0.0,0.0,0.0,0.0,0.0,0.0,0.0,0.0,0.0,0.0,0.0,0.0,0.0,0.0,0.0,0.5,0.5,0.7071067690849304,0.7071067690849304,0.5,0.5,0.5,0.5,0.5,0.5,0.5,0.5,0.5,0.5,0.5,0.5,0.5,0.5,0.5,0.5,0.5,0.5,0.5,0.5,0.7071067690849304,0.7071067690849304,0.7071067690849304,0.7071067690849304,0.7071067690849304,0.7071067690849304,0.7071067690849304,0.7071067690849304,0.7071067690849304,0.7071067690849304,0.7071067690849304,0.7071067690849304,0.7071067690849304,0.7071067690849304,0.7071067690849304,0.7071067690849304,1.0,1.0,0.5773502588272095,0.0,0.0,0.0,0.7071067690849304,0.7071067690849304,0.40824827551841736,0.40824827551841736,0.5,0.5,0.0,0.0,0.7071067690849304,0.7071067690849304,0.7071067690849304,0.7071067690849304,0.7071067690849304,0.7071067690849304,0.7071067690849304,0.7071067690849304,0.5773502588272095,0.0,0.7071067690849304,0.7071067690849304,0.0,0.0,0.0,0.0,0.0,0.0,0.0,0.0,0.7071067690849304,0.7071067690849304,0.7071067690849304,0.7071067690849304,0.5,0.5,0.5,0.7071067690849304,0.7071067690849304,0.5773502588272095,0.5773502588272095,0.7071067690849304,0.7071067690849304,0.5773502588272095,0.5773502588272095,0.7071067690849304,0.7071067690849304,1.0,1.0,0.7071067690849304,0.7071067690849304,0.4472135901451111,0.5,0.5,0.0,0.0,0.5773502588272095,0.5773502588272095,0.7071067690849304,0.7071067690849304,0.5773502588272095,0.5773502588272095,0.5773502588272095,0.5773502588272095,0.7071067690849304,0.7071067690849304,0.7071067690849304,0.7071067690849304,1.0,1.0,0.7071067690849304,0.5773502588272095,0.5773502588272095,0.5,0.5,0.0,0.5,0.5,0.5,0.5,0.5,0.5,0.5773502588272095,0.0,0.5,0.5,0.5,0.5,0.5,0.5,0.5,0.3333333432674408,0.5,0.0,0.0,0.5,0.5,0.5,0.5773502588272095,0.5773502588272095,0.5,0.5,0.5773502588272095,0.5773502588272095,0.5773502588272095,0.5773502588272095,0.0,0.0,0.7071067690849304,0.7071067690849304,0.4472135901451111,0.4472135901451111,0.0,0.0,0.0,0.5773502588272095,0.5773502588272095,0.7071067690849304,0.7071067690849304,0.7071067690849304,0.7071067690849304,0.7071067690849304,0.7071067690849304,0.7071067690849304,0.7071067690849304,0.5,0.5,0.5,0.5,0.5773502588272095,0.5773502588272095,0.7071067690849304,0.7071067690849304,1.0,1.0,1.0,1.0,0.7071067690849304,1.0,1.0,0.5773502588272095,1.0,1.0,1.0,1.0,1.0,1.0,0.7071067690849304,0.7071067690849304,0.5,0.5,0.7071067690849304,0.7071067690849304,0.5,0.5,0.7071067690849304,0.7071067690849304,0.7071067690849304,0.7071067690849304,0.0,0.0,0.0,0.0,0.0,0.0,0.0,0.0,0.0,0.0,0.0,0.0,0.0,0.0,0.0,0.0,0.0,0.0,0.0,0.0,0.0,0.0,0.0,0.0,0.0,0.0,0.0,0.0,0.0,0.0,0.0,0.0,0.0,0.0,0.0,0.0,0.0,0.0,0.0,0.0,0.0,0.0,0.0,0.0,0.0,0.0,0.0,0.0,0.0,0.0,0.0,0.0,0.0,0.0,0.0,0.0,0.0,0.0,0.0,0.0,0.0,0.0,0.0,0.0,0.0,0.0,0.0,0.0,0.0,0.0,0.0,0.5773502588272095,0.5773502588272095,0.0,0.0,0.0,0.0,0.0,0.0
RMDR,0.0,0.0,0.0,0.0,0.0,0.0,0.0,0.0,0.0,0.0,0.0,0.0,0.0,0.0,0.0,0.0,0.0,0.0,0.0,0.0,0.5,0.5,0.7071067690849304,0.7071067690849304,0.5,0.5,0.5,0.5,0.5,0.5,0.5,0.5,0.5,0.5,0.5,0.5,0.5,0.5,0.5,0.5,0.5,0.5,0.5,0.5,0.7071067690849304,0.7071067690849304,0.7071067690849304,0.7071067690849304,0.7071067690849304,0.7071067690849304,0.7071067690849304,0.7071067690849304,0.7071067690849304,0.7071067690849304,0.7071067690849304,0.7071067690849304,0.7071067690849304,0.7071067690849304,0.7071067690849304,0.7071067690849304,1.0,1.0,0.5773502588272095,0.0,0.0,0.0,0.7071067690849304,0.7071067690849304,0.40824827551841736,0.40824827551841736,0.5,0.5,0.0,0.0,0.7071067690849304,0.7071067690849304,0.7071067690849304,0.7071067690849304,0.7071067690849304,0.7071067690849304,0.7071067690849304,0.7071067690849304,0.5773502588272095,0.0,0.7071067690849304,0.7071067690849304,0.0,0.0,0.0,0.0,0.0,0.0,0.0,0.0,0.7071067690849304,0.7071067690849304,0.7071067690849304,0.7071067690849304,0.5,0.5,0.5,0.7071067690849304,0.7071067690849304,0.5773502588272095,0.5773502588272095,0.7071067690849304,0.7071067690849304,0.5773502588272095,0.5773502588272095,0.7071067690849304,0.7071067690849304,1.0,1.0,0.7071067690849304,0.7071067690849304,0.4472135901451111,0.5,0.5,0.0,0.0,0.5773502588272095,0.5773502588272095,0.7071067690849304,0.7071067690849304,0.5773502588272095,0.5773502588272095,0.5773502588272095,0.5773502588272095,0.7071067690849304,0.7071067690849304,0.7071067690849304,0.7071067690849304,1.0,1.0,0.7071067690849304,0.5773502588272095,0.5773502588272095,0.5,0.5,0.0,0.5,0.5,0.5,0.5,0.5,0.5,0.5773502588272095,0.0,0.5,0.5,0.5,0.5,0.5,0.5,0.5,0.3333333432674408,0.5,0.0,0.0,0.5,0.5,0.5,0.5773502588272095,0.5773502588272095,0.5,0.5,0.5773502588272095,0.5773502588272095,0.5773502588272095,0.5773502588272095,0.0,0.0,0.7071067690849304,0.7071067690849304,0.4472135901451111,0.4472135901451111,0.0,0.0,0.0,0.5773502588272095,0.5773502588272095,0.7071067690849304,0.7071067690849304,0.7071067690849304,0.7071067690849304,0.7071067690849304,0.7071067690849304,0.7071067690849304,0.7071067690849304,0.5,0.5,0.5,0.5,0.5773502588272095,0.5773502588272095,0.7071067690849304,0.7071067690849304,1.0,1.0,1.0,1.0,0.7071067690849304,1.0,1.0,0.5773502588272095,1.0,1.0,1.0,1.0,1.0,1.0,0.7071067690849304,0.7071067690849304,0.5,0.5,0.7071067690849304,0.7071067690849304,0.5,0.5,0.7071067690849304,0.7071067690849304,0.7071067690849304,0.7071067690849304,0.0,0.0,0.0,0.0,0.0,0.0,0.0,0.0,0.0,0.0,0.0,0.0,0.0,0.0,0.0,0.0,0.0,0.0,0.0,0.0,0.0,0.0,0.0,0.0,0.0,0.0,0.0,0.0,0.0,0.0,0.0,0.0,0.0,0.0,0.0,0.0,0.0,0.0,0.0,0.0,0.0,0.0,0.0,0.0,0.0,0.0,0.0,0.0,0.0,0.0,0.0,0.0,0.0,0.0,0.0,0.0,0.0,0.0,0.0,0.0,0.0,0.0,0.0,0.0,0.0,0.0,0.0,0.0,0.0,0.0,0.0,0.5773502588272095,0.5773502588272095,0.0,0.0,0.0,0.0,0.0,0.0
RMDVL,0.0,0.0,0.0,0.0,0.0,0.0,0.0,0.0,0.0,0.0,0.0,0.0,0.0,0.0,0.0,0.0,0.0,0.0,0.0,0.0,0.5,0.5,0.7071067690849304,0.7071067690849304,0.5,0.5,0.5,0.5,0.5,0.5,0.5,0.5,0.5,0.5,0.5,0.5,0.5,0.5,0.5,0.5,0.5,0.5,0.5,0.5,0.7071067690849304,0.7071067690849304,0.7071067690849304,0.7071067690849304,0.7071067690849304,0.7071067690849304,0.7071067690849304,0.7071067690849304,0.7071067690849304,0.7071067690849304,0.7071067690849304,0.7071067690849304,0.7071067690849304,0.7071067690849304,0.7071067690849304,0.7071067690849304,1.0,1.0,0.5773502588272095,0.0,0.0,0.0,0.7071067690849304,0.7071067690849304,0.40824827551841736,0.40824827551841736,0.5,0.5,0.0,0.0,0.7071067690849304,0.7071067690849304,0.7071067690849304,0.7071067690849304,0.7071067690849304,0.7071067690849304,0.7071067690849304,0.7071067690849304,0.5773502588272095,0.0,0.7071067690849304,0.7071067690849304,0.0,0.0,0.0,0.0,0.0,0.0,0.0,0.0,0.7071067690849304,0.7071067690849304,0.7071067690849304,0.7071067690849304,0.5,0.5,0.5,0.7071067690849304,0.7071067690849304,0.5773502588272095,0.5773502588272095,0.7071067690849304,0.7071067690849304,0.5773502588272095,0.5773502588272095,0.7071067690849304,0.7071067690849304,1.0,1.0,0.7071067690849304,0.7071067690849304,0.4472135901451111,0.5,0.5,0.0,0.0,0.5773502588272095,0.5773502588272095,0.7071067690849304,0.7071067690849304,0.5773502588272095,0.5773502588272095,0.5773502588272095,0.5773502588272095,0.7071067690849304,0.7071067690849304,0.7071067690849304,0.7071067690849304,1.0,1.0,0.7071067690849304,0.5773502588272095,0.5773502588272095,0.5,0.5,0.0,0.5,0.5,0.5,0.5,0.5,0.5,0.5773502588272095,0.0,0.5,0.5,0.5,0.5,0.5,0.5,0.5,0.3333333432674408,0.5,0.0,0.0,0.5,0.5,0.5,0.5773502588272095,0.5773502588272095,0.5,0.5,0.5773502588272095,0.5773502588272095,0.5773502588272095,0.5773502588272095,0.0,0.0,0.7071067690849304,0.7071067690849304,0.4472135901451111,0.4472135901451111,0.0,0.0,0.0,0.5773502588272095,0.5773502588272095,0.7071067690849304,0.7071067690849304,0.7071067690849304,0.7071067690849304,0.7071067690849304,0.7071067690849304,0.7071067690849304,0.7071067690849304,0.5,0.5,0.5,0.5,0.5773502588272095,0.5773502588272095,0.7071067690849304,0.7071067690849304,1.0,1.0,1.0,1.0,0.7071067690849304,1.0,1.0,0.5773502588272095,1.0,1.0,1.0,1.0,1.0,1.0,0.7071067690849304,0.7071067690849304,0.5,0.5,0.7071067690849304,0.7071067690849304,0.5,0.5,0.7071067690849304,0.7071067690849304,0.7071067690849304,0.7071067690849304,0.0,0.0,0.0,0.0,0.0,0.0,0.0,0.0,0.0,0.0,0.0,0.0,0.0,0.0,0.0,0.0,0.0,0.0,0.0,0.0,0.0,0.0,0.0,0.0,0.0,0.0,0.0,0.0,0.0,0.0,0.0,0.0,0.0,0.0,0.0,0.0,0.0,0.0,0.0,0.0,0.0,0.0,0.0,0.0,0.0,0.0,0.0,0.0,0.0,0.0,0.0,0.0,0.0,0.0,0.0,0.0,0.0,0.0,0.0,0.0,0.0,0.0,0.0,0.0,0.0,0.0,0.0,0.0,0.0,0.0,0.0,0.5773502588272095,0.5773502588272095,0.0,0.0,0.0,0.0,0.0,0.0
RMDVR,0.0,0.0,0.0,0.0,0.0,0.0,0.0,0.0,0.0,0.0,0.0,0.0,0.0,0.0,0.0,0.0,0.0,0.0,0.0,0.0,0.5,0.5,0.7071067690849304,0.7071067690849304,0.5,0.5,0.5,0.5,0.5,0.5,0.5,0.5,0.5,0.5,0.5,0.5,0.5,0.5,0.5,0.5,0.5,0.5,0.5,0.5,0.7071067690849304,0.7071067690849304,0.7071067690849304,0.7071067690849304,0.7071067690849304,0.7071067690849304,0.7071067690849304,0.7071067690849304,0.7071067690849304,0.7071067690849304,0.7071067690849304,0.7071067690849304,0.7071067690849304,0.7071067690849304,0.7071067690849304,0.7071067690849304,1.0,1.0,0.5773502588272095,0.0,0.0,0.0,0.7071067690849304,0.7071067690849304,0.40824827551841736,0.40824827551841736,0.5,0.5,0.0,0.0,0.7071067690849304,0.7071067690849304,0.7071067690849304,0.7071067690849304,0.7071067690849304,0.7071067690849304,0.7071067690849304,0.7071067690849304,0.5773502588272095,0.0,0.7071067690849304,0.7071067690849304,0.0,0.0,0.0,0.0,0.0,0.0,0.0,0.0,0.7071067690849304,0.7071067690849304,0.7071067690849304,0.7071067690849304,0.5,0.5,0.5,0.7071067690849304,0.7071067690849304,0.5773502588272095,0.5773502588272095,0.7071067690849304,0.7071067690849304,0.5773502588272095,0.5773502588272095,0.7071067690849304,0.7071067690849304,1.0,1.0,0.7071067690849304,0.7071067690849304,0.4472135901451111,0.5,0.5,0.0,0.0,0.5773502588272095,0.5773502588272095,0.7071067690849304,0.7071067690849304,0.5773502588272095,0.5773502588272095,0.5773502588272095,0.5773502588272095,0.7071067690849304,0.7071067690849304,0.7071067690849304,0.7071067690849304,1.0,1.0,0.7071067690849304,0.5773502588272095,0.5773502588272095,0.5,0.5,0.0,0.5,0.5,0.5,0.5,0.5,0.5,0.5773502588272095,0.0,0.5,0.5,0.5,0.5,0.5,0.5,0.5,0.3333333432674408,0.5,0.0,0.0,0.5,0.5,0.5,0.5773502588272095,0.5773502588272095,0.5,0.5,0.5773502588272095,0.5773502588272095,0.5773502588272095,0.5773502588272095,0.0,0.0,0.7071067690849304,0.7071067690849304,0.4472135901451111,0.4472135901451111,0.0,0.0,0.0,0.5773502588272095,0.5773502588272095,0.7071067690849304,0.7071067690849304,0.7071067690849304,0.7071067690849304,0.7071067690849304,0.7071067690849304,0.7071067690849304,0.7071067690849304,0.5,0.5,0.5,0.5,0.5773502588272095,0.5773502588272095,0.7071067690849304,0.7071067690849304,1.0,1.0,1.0,1.0,0.7071067690849304,1.0,1.0,0.5773502588272095,1.0,1.0,1.0,1.0,1.0,1.0,0.7071067690849304,0.7071067690849304,0.5,0.5,0.7071067690849304,0.7071067690849304,0.5,0.5,0.7071067690849304,0.7071067690849304,0.7071067690849304,0.7071067690849304,0.0,0.0,0.0,0.0,0.0,0.0,0.0,0.0,0.0,0.0,0.0,0.0,0.0,0.0,0.0,0.0,0.0,0.0,0.0,0.0,0.0,0.0,0.0,0.0,0.0,0.0,0.0,0.0,0.0,0.0,0.0,0.0,0.0,0.0,0.0,0.0,0.0,0.0,0.0,0.0,0.0,0.0,0.0,0.0,0.0,0.0,0.0,0.0,0.0,0.0,0.0,0.0,0.0,0.0,0.0,0.0,0.0,0.0,0.0,0.0,0.0,0.0,0.0,0.0,0.0,0.0,0.0,0.0,0.0,0.0,0.0,0.5773502588272095,0.5773502588272095,0.0,0.0,0.0,0.0,0.0,0.0
RMED,0.0,0.0,0.0,0.0,0.0,0.0,0.0,0.0,0.0,0.0,0.0,0.0,0.0,0.0,0.0,0.0,0.0,0.0,0.0,0.0,0.3535533845424652,0.3535533845424652,0.5000000596046448,0.5000000596046448,0.3535533845424652,0.3535533845424652,0.3535533845424652,0.3535533845424652,0.3535533845424652,0.3535533845424652,0.3535533845424652,0.3535533845424652,0.3535533845424652,0.3535533845424652,0.3535533845424652,0.3535533845424652,0.3535533845424652,0.3535533845424652,0.3535533845424652,0.3535533845424652,0.3535533845424652,0.3535533845424652,0.3535533845424652,0.3535533845424652,0.5000000596046448,0.5000000596046448,0.5000000596046448,0.5000000596046448,0.5000000596046448,0.5000000596046448,0.5000000596046448,0.5000000596046448,0.5000000596046448,0.5000000596046448,0.5000000596046448,0.5000000596046448,0.5000000596046448,0.5000000596046448,0.5000000596046448,0.5000000596046448,0.7071067690849304,0.7071067690849304,0.40824830532073975,0.0,0.0,0.0,0.5000000596046448,0.5000000596046448,0.28867512941360474,0.28867512941360474,0.3535533845424652,0.3535533845424652,0.0,0.0,0.5000000596046448,0.5000000596046448,0.5000000596046448,0.5000000596046448,0.5000000596046448,0.5000000596046448,0.5000000596046448,0.5000000596046448,0.40824830532073975,0.0,0.5000000596046448,0.5000000596046448,0.0,0.0,0.0,0.0,0.0,0.0,0.0,0.0,0.5000000596046448,0.5000000596046448,0.5000000596046448,0.5000000596046448,0.3535533845424652,0.3535533845424652,0.3535533845424652,0.5000000596046448,0.5000000596046448,0.40824830532073975,0.40824830532073975,0.5000000596046448,0.5000000596046448,0.40824830532073975,0.40824830532073975,0.5000000596046448,0.5000000596046448,0.7071067690849304,0.7071067690849304,0.5000000596046448,0.5000000596046448,0.6324555277824402,0.3535533845424652,0.3535533845424652,0.0,0.0,0.40824830532073975,0.40824830532073975,0.5000000596046448,0.5000000596046448,0.40824830532073975,0.40824830532073975,0.40824830532073975,0.40824830532073975,0.5000000596046448,0.5000000596046448,0.5000000596046448,0.5000000596046448,0.7071067690849304,0.7071067690849304,0.5000000596046448,0.40824830532073975,0.40824830532073975,0.3535533845424652,0.3535533845424652,0.0,0.3535533845424652,0.3535533845424652,0.3535533845424652,0.3535533845424652,0.3535533845424652,0.3535533845424652,0.40824830532073975,0.0,0.3535533845424652,0.3535533845424652,0.3535533845424652,0.3535533845424652,0.3535533845424652,0.3535533845424652,0.3535533845424652,0.2357022762298584,0.3535533845424652,0.0,0.0,0.7071067690849304,0.3535533845424652,0.3535533845424652,0.40824830532073975,0.40824830532073975,0.3535533845424652,0.3535533845424652,0.40824830532073975,0.40824830532073975,0.40824830532073975,0.40824830532073975,0.0,0.0,0.5000000596046448,0.5000000596046448,0.3162277638912201,0.3162277638912201,0.0,0.0,0.0,0.40824830532073975,0.40824830532073975,0.5000000596046448,0.5000000596046448,0.5000000596046448,0.5000000596046448,0.5000000596046448,0.5000000596046448,0.5000000596046448,0.5000000596046448,0.3535533845424652,0.3535533845424652,0.3535533845424652,0.3535533845424652,0.40824830532073975,0.40824830532073975,0.5000000596046448,0.5000000596046448,0.7071067690849304,0.7071067690849304,0.7071067690849304,0.7071067690849304,1.0,0.7071067690849304,0.7071067690849304,0.40824830532073975,0.7071067690849304,0.7071067690849304,0.7071067690849304,0.7071067690849304,0.7071067690849304,0.7071067690849304,0.5000000596046448,0.5000000596046448,0.3535533845424652,0.3535533845424652,0.5000000596046448,0.5000000596046448,0.3535533845424652,0.3535533845424652,0.5000000596046448,0.5000000596046448,0.5000000596046448,0.5000000596046448,0.3535533845424652,0.3535533845424652,0.3535533845424652,0.40824830532073975,0.5000000596046448,0.5000000596046448,0.5000000596046448,0.40824830532073975,0.40824830532073975,0.5000000596046448,0.3535533845424652,0.40824830532073975,0.5000000596046448,0.5000000596046448,0.5000000596046448,0.5000000596046448,0.5000000596046448,0.3535533845424652,0.40824830532073975,0.5000000596046448,0.5000000596046448,0.5000000596046448,0.5000000596046448,0.5000000596046448,0.5000000596046448,0.5000000596046448,0.5000000596046448,0.40824830532073975,0.5000000596046448,0.3535533845424652,0.5000000596046448,0.5000000596046448,0.5000000596046448,0.5000000596046448,0.40824830532073975,0.0,0.0,0.0,0.0,0.0,0.0,0.0,0.0,0.0,0.0,0.0,0.0,0.0,0.0,0.0,0.0,0.0,0.0,0.0,0.0,0.0,0.0,0.0,0.3535533845424652,0.3535533845424652,0.5000000596046448,0.5000000596046448,0.5000000596046448,0.5000000596046448,0.5000000596046448,0.5000000596046448,0.5000000596046448,0.5000000596046448,0.5000000596046448,0.40824830532073975,0.40824830532073975,0.40824830532073975,0.40824830532073975,0.0,0.0,0.0,0.0,0.0,0.0
RMEL,0.0,0.0,0.0,0.0,0.0,0.0,0.0,0.0,0.0,0.0,0.0,0.0,0.0,0.0,0.0,0.0,0.0,0.0,0.0,0.0,0.5,0.5,0.7071067690849304,0.7071067690849304,0.5,0.5,0.5,0.5,0.5,0.5,0.5,0.5,0.5,0.5,0.5,0.5,0.5,0.5,0.5,0.5,0.5,0.5,0.5,0.5,0.7071067690849304,0.7071067690849304,0.7071067690849304,0.7071067690849304,0.7071067690849304,0.7071067690849304,0.7071067690849304,0.7071067690849304,0.7071067690849304,0.7071067690849304,0.7071067690849304,0.7071067690849304,0.7071067690849304,0.7071067690849304,0.7071067690849304,0.7071067690849304,1.0,1.0,0.5773502588272095,0.0,0.0,0.0,0.7071067690849304,0.7071067690849304,0.40824827551841736,0.40824827551841736,0.5,0.5,0.0,0.0,0.7071067690849304,0.7071067690849304,0.7071067690849304,0.7071067690849304,0.7071067690849304,0.7071067690849304,0.7071067690849304,0.7071067690849304,0.5773502588272095,0.0,0.7071067690849304,0.7071067690849304,0.0,0.0,0.0,0.0,0.0,0.0,0.0,0.0,0.7071067690849304,0.7071067690849304,0.7071067690849304,0.7071067690849304,0.5,0.5,0.5,0.7071067690849304,0.7071067690849304,0.5773502588272095,0.5773502588272095,0.7071067690849304,0.7071067690849304,0.5773502588272095,0.5773502588272095,0.7071067690849304,0.7071067690849304,1.0,1.0,0.7071067690849304,0.7071067690849304,0.4472135901451111,0.5,0.5,0.0,0.0,0.5773502588272095,0.5773502588272095,0.7071067690849304,0.7071067690849304,0.5773502588272095,0.5773502588272095,0.5773502588272095,0.5773502588272095,0.7071067690849304,0.7071067690849304,0.7071067690849304,0.7071067690849304,1.0,1.0,0.7071067690849304,0.5773502588272095,0.5773502588272095,0.5,0.5,0.0,0.5,0.5,0.5,0.5,0.5,0.5,0.5773502588272095,0.0,0.5,0.5,0.5,0.5,0.5,0.5,0.5,0.3333333432674408,0.5,0.0,0.0,0.5,0.5,0.5,0.5773502588272095,0.5773502588272095,0.5,0.5,0.5773502588272095,0.5773502588272095,0.5773502588272095,0.5773502588272095,0.0,0.0,0.7071067690849304,0.7071067690849304,0.4472135901451111,0.4472135901451111,0.0,0.0,0.0,0.5773502588272095,0.5773502588272095,0.7071067690849304,0.7071067690849304,0.7071067690849304,0.7071067690849304,0.7071067690849304,0.7071067690849304,0.7071067690849304,0.7071067690849304,0.5,0.5,0.5,0.5,0.5773502588272095,0.5773502588272095,0.7071067690849304,0.7071067690849304,1.0,1.0,1.0,1.0,0.7071067690849304,1.0,1.0,0.5773502588272095,1.0,1.0,1.0,1.0,1.0,1.0,0.7071067690849304,0.7071067690849304,0.5,0.5,0.7071067690849304,0.7071067690849304,0.5,0.5,0.7071067690849304,0.7071067690849304,0.7071067690849304,0.7071067690849304,0.0,0.0,0.0,0.0,0.0,0.0,0.0,0.0,0.0,0.0,0.0,0.0,0.0,0.0,0.0,0.0,0.0,0.0,0.0,0.0,0.0,0.0,0.0,0.0,0.0,0.0,0.0,0.0,0.0,0.0,0.0,0.0,0.0,0.0,0.0,0.0,0.0,0.0,0.0,0.0,0.0,0.0,0.0,0.0,0.0,0.0,0.0,0.0,0.0,0.0,0.0,0.0,0.0,0.0,0.0,0.0,0.0,0.0,0.0,0.0,0.0,0.0,0.0,0.0,0.0,0.0,0.0,0.0,0.0,0.0,0.0,0.5773502588272095,0.5773502588272095,0.0,0.0,0.0,0.0,0.0,0.0
RMER,0.0,0.0,0.0,0.0,0.0,0.0,0.0,0.0,0.0,0.0,0.0,0.0,0.0,0.0,0.0,0.0,0.0,0.0,0.0,0.0,0.5,0.5,0.7071067690849304,0.7071067690849304,0.5,0.5,0.5,0.5,0.5,0.5,0.5,0.5,0.5,0.5,0.5,0.5,0.5,0.5,0.5,0.5,0.5,0.5,0.5,0.5,0.7071067690849304,0.7071067690849304,0.7071067690849304,0.7071067690849304,0.7071067690849304,0.7071067690849304,0.7071067690849304,0.7071067690849304,0.7071067690849304,0.7071067690849304,0.7071067690849304,0.7071067690849304,0.7071067690849304,0.7071067690849304,0.7071067690849304,0.7071067690849304,1.0,1.0,0.5773502588272095,0.0,0.0,0.0,0.7071067690849304,0.7071067690849304,0.40824827551841736,0.40824827551841736,0.5,0.5,0.0,0.0,0.7071067690849304,0.7071067690849304,0.7071067690849304,0.7071067690849304,0.7071067690849304,0.7071067690849304,0.7071067690849304,0.7071067690849304,0.5773502588272095,0.0,0.7071067690849304,0.7071067690849304,0.0,0.0,0.0,0.0,0.0,0.0,0.0,0.0,0.7071067690849304,0.7071067690849304,0.7071067690849304,0.7071067690849304,0.5,0.5,0.5,0.7071067690849304,0.7071067690849304,0.5773502588272095,0.5773502588272095,0.7071067690849304,0.7071067690849304,0.5773502588272095,0.5773502588272095,0.7071067690849304,0.7071067690849304,1.0,1.0,0.7071067690849304,0.7071067690849304,0.4472135901451111,0.5,0.5,0.0,0.0,0.5773502588272095,0.5773502588272095,0.7071067690849304,0.7071067690849304,0.5773502588272095,0.5773502588272095,0.5773502588272095,0.5773502588272095,0.7071067690849304,0.7071067690849304,0.7071067690849304,0.7071067690849304,1.0,1.0,0.7071067690849304,0.5773502588272095,0.5773502588272095,0.5,0.5,0.0,0.5,0.5,0.5,0.5,0.5,0.5,0.5773502588272095,0.0,0.5,0.5,0.5,0.5,0.5,0.5,0.5,0.3333333432674408,0.5,0.0,0.0,0.5,0.5,0.5,0.5773502588272095,0.5773502588272095,0.5,0.5,0.5773502588272095,0.5773502588272095,0.5773502588272095,0.5773502588272095,0.0,0.0,0.7071067690849304,0.7071067690849304,0.4472135901451111,0.4472135901451111,0.0,0.0,0.0,0.5773502588272095,0.5773502588272095,0.7071067690849304,0.7071067690849304,0.7071067690849304,0.7071067690849304,0.7071067690849304,0.7071067690849304,0.7071067690849304,0.7071067690849304,0.5,0.5,0.5,0.5,0.5773502588272095,0.5773502588272095,0.7071067690849304,0.7071067690849304,1.0,1.0,1.0,1.0,0.7071067690849304,1.0,1.0,0.5773502588272095,1.0,1.0,1.0,1.0,1.0,1.0,0.7071067690849304,0.7071067690849304,0.5,0.5,0.7071067690849304,0.7071067690849304,0.5,0.5,0.7071067690849304,0.7071067690849304,0.7071067690849304,0.7071067690849304,0.0,0.0,0.0,0.0,0.0,0.0,0.0,0.0,0.0,0.0,0.0,0.0,0.0,0.0,0.0,0.0,0.0,0.0,0.0,0.0,0.0,0.0,0.0,0.0,0.0,0.0,0.0,0.0,0.0,0.0,0.0,0.0,0.0,0.0,0.0,0.0,0.0,0.0,0.0,0.0,0.0,0.0,0.0,0.0,0.0,0.0,0.0,0.0,0.0,0.0,0.0,0.0,0.0,0.0,0.0,0.0,0.0,0.0,0.0,0.0,0.0,0.0,0.0,0.0,0.0,0.0,0.0,0.0,0.0,0.0,0.0,0.5773502588272095,0.5773502588272095,0.0,0.0,0.0,0.0,0.0,0.0
RMEV,0.0,0.0,0.0,0.0,0.0,0.0,0.0,0.0,0.0,0.0,0.0,0.0,0.0,0.0,0.0,0.0,0.0,0.0,0.0,0.0,0.5773502588272095,0.5773502588272095,0.40824830532073975,0.40824830532073975,0.5773502588272095,0.5773502588272095,0.5773502588272095,0.5773502588272095,0.5773502588272095,0.5773502588272095,0.5773502588272095,0.5773502588272095,0.5773502588272095,0.5773502588272095,0.5773502588272095,0.5773502588272095,0.5773502588272095,0.5773502588272095,0.5773502588272095,0.5773502588272095,0.5773502588272095,0.5773502588272095,0.5773502588272095,0.5773502588272095,0.40824830532073975,0.40824830532073975,0.40824830532073975,0.40824830532073975,0.40824830532073975,0.40824830532073975,0.40824830532073975,0.40824830532073975,0.40824830532073975,0.40824830532073975,0.40824830532073975,0.40824830532073975,0.40824830532073975,0.40824830532073975,0.40824830532073975,0.40824830532073975,0.5773502588272095,0.5773502588272095,1.0,0.5773502588272095,0.40824830532073975,0.40824830532073975,0.40824830532073975,0.40824830532073975,0.7071067094802856,0.7071067094802856,0.5773502588272095,0.5773502588272095,0.3333333432674408,0.3333333432674408,0.40824830532073975,0.40824830532073975,0.40824830532073975,0.40824830532073975,0.40824830532073975,0.40824830532073975,0.40824830532073975,0.40824830532073975,0.6666666865348816,0.40824830532073975,0.40824830532073975,0.40824830532073975,0.5773502588272095,0.5773502588272095,0.0,0.0,0.0,0.0,0.0,0.0,0.40824830532073975,0.40824830532073975,0.40824830532073975,0.40824830532073975,0.866025447845459,0.5773502588272095,0.5773502588272095,0.8164966106414795,0.8164966106414795,0.6666666865348816,0.6666666865348816,0.8164966106414795,0.8164966106414795,0.6666666865348816,0.6666666865348816,0.40824830532073975,0.40824830532073975,0.5773502588272095,0.5773502588272095,0.8164966106414795,0.8164966106414795,0.25819888710975647,0.5773502588272095,0.5773502588272095,0.0,0.0,0.3333333432674408,0.3333333432674408,0.8164966106414795,0.8164966106414795,0.6666666865348816,0.6666666865348816,0.6666666865348816,0.6666666865348816,0.8164966106414795,0.8164966106414795,0.8164966106414795,0.8164966106414795,0.5773502588272095,0.5773502588272095,0.8164966106414795,0.6666666865348816,0.6666666865348816,0.866025447845459,0.866025447845459,0.6666666865348816,0.866025447845459,0.866025447845459,0.866025447845459,0.866025447845459,0.866025447845459,0.866025447845459,1.0,0.40824830532073975,0.866025447845459,0.866025447845459,0.866025447845459,0.866025447845459,0.866025447845459,0.866025447845459,0.866025447845459,0.5773503184318542,0.866025447845459,0.40824830532073975,0.40824830532073975,0.5773502588272095,0.866025447845459,0.866025447845459,1.0,1.0,0.866025447845459,0.866025447845459,1.0,1.0,1.0,1.0,0.0,0.0,0.40824830532073975,0.40824830532073975,0.5163977742195129,0.5163977742195129,0.28867512941360474,0.3333333432674408,0.3333333432674408,0.6666666865348816,0.6666666865348816,0.40824830532073975,0.40824830532073975,0.40824830532073975,0.40824830532073975,0.40824830532073975,0.40824830532073975,0.40824830532073975,0.40824830532073975,0.5773502588272095,0.5773502588272095,0.5773502588272095,0.5773502588272095,0.3333333432674408,0.3333333432674408,0.8164966106414795,0.8164966106414795,0.5773502588272095,0.5773502588272095,0.5773502588272095,0.5773502588272095,0.40824830532073975,0.5773502588272095,0.5773502588272095,1.0,0.5773502588272095,0.5773502588272095,0.5773502588272095,0.5773502588272095,0.5773502588272095,0.5773502588272095,0.40824830532073975,0.40824830532073975,0.5773502588272095,0.5773502588272095,0.40824830532073975,0.40824830532073975,0.5773502588272095,0.5773502588272095,0.40824830532073975,0.40824830532073975,0.40824830532073975,0.40824830532073975,0.5773502588272095,0.5773502588272095,0.5773502588272095,0.6666666865348816,0.40824830532073975,0.40824830532073975,0.40824830532073975,0.3333333432674408,0.3333333432674408,0.0,0.5773502588272095,0.3333333432674408,0.40824830532073975,0.40824830532073975,0.40824830532073975,0.40824830532073975,0.40824830532073975,0.5773502588272095,0.6666666865348816,0.40824830532073975,0.40824830532073975,0.40824830532073975,0.40824830532073975,0.40824830532073975,0.40824830532073975,0.40824830532073975,0.40824830532073975,0.3333333432674408,0.0,0.5773502588272095,0.40824830532073975,0.40824830532073975,0.40824830532073975,0.40824830532073975,0.3333333432674408,0.6666666865348816,0.6666666865348816,0.6666666865348816,0.8164966106414795,0.5773502588272095,0.5773502588272095,0.5773502588272095,0.5773502588272095,0.5773502588272095,0.5773502588272095,0.5773502588272095,0.40824830532073975,0.8164966106414795,0.6666666865348816,0.5773502588272095,0.5773502588272095,0.5773502588272095,0.5773502588272095,0.5773502588272095,0.5773502588272095,0.5773502588272095,0.5773502588272095,0.5773502588272095,0.5773502588272095,0.5773502588272095,0.40824830532073975,0.40824830532073975,0.40824830532073975,0.40824830532073975,0.40824830532073975,0.40824830532073975,0.40824830532073975,0.40824830532073975,0.40824830532073975,0.3333333432674408,0.3333333432674408,1.0,1.0,0.8164966106414795,0.8164966106414795,0.5773502588272095,0.5773502588272095,0.5773502588272095,0.5773502588272095
RMFL,0.0,0.0,0.0,0.0,0.0,0.0,0.0,0.0,0.0,0.0,0.0,0.0,0.0,0.0,0.0,0.0,0.0,0.0,0.0,0.0,0.5,0.5,0.7071067690849304,0.7071067690849304,0.5,0.5,0.5,0.5,0.5,0.5,0.5,0.5,0.5,0.5,0.5,0.5,0.5,0.5,0.5,0.5,0.5,0.5,0.5,0.5,0.7071067690849304,0.7071067690849304,0.7071067690849304,0.7071067690849304,0.7071067690849304,0.7071067690849304,0.7071067690849304,0.7071067690849304,0.7071067690849304,0.7071067690849304,0.7071067690849304,0.7071067690849304,0.7071067690849304,0.7071067690849304,0.7071067690849304,0.7071067690849304,1.0,1.0,0.5773502588272095,0.0,0.0,0.0,0.7071067690849304,0.7071067690849304,0.40824827551841736,0.40824827551841736,0.5,0.5,0.0,0.0,0.7071067690849304,0.7071067690849304,0.7071067690849304,0.7071067690849304,0.7071067690849304,0.7071067690849304,0.7071067690849304,0.7071067690849304,0.5773502588272095,0.0,0.7071067690849304,0.7071067690849304,0.0,0.0,0.0,0.0,0.0,0.0,0.0,0.0,0.7071067690849304,0.7071067690849304,0.7071067690849304,0.7071067690849304,0.5,0.5,0.5,0.7071067690849304,0.7071067690849304,0.5773502588272095,0.5773502588272095,0.7071067690849304,0.7071067690849304,0.5773502588272095,0.5773502588272095,0.7071067690849304,0.7071067690849304,1.0,1.0,0.7071067690849304,0.7071067690849304,0.4472135901451111,0.5,0.5,0.0,0.0,0.5773502588272095,0.5773502588272095,0.7071067690849304,0.7071067690849304,0.5773502588272095,0.5773502588272095,0.5773502588272095,0.5773502588272095,0.7071067690849304,0.7071067690849304,0.7071067690849304,0.7071067690849304,1.0,1.0,0.7071067690849304,0.5773502588272095,0.5773502588272095,0.5,0.5,0.0,0.5,0.5,0.5,0.5,0.5,0.5,0.5773502588272095,0.0,0.5,0.5,0.5,0.5,0.5,0.5,0.5,0.3333333432674408,0.5,0.0,0.0,0.5,0.5,0.5,0.5773502588272095,0.5773502588272095,0.5,0.5,0.5773502588272095,0.5773502588272095,0.5773502588272095,0.5773502588272095,0.0,0.0,0.7071067690849304,0.7071067690849304,0.4472135901451111,0.4472135901451111,0.0,0.0,0.0,0.5773502588272095,0.5773502588272095,0.7071067690849304,0.7071067690849304,0.7071067690849304,0.7071067690849304,0.7071067690849304,0.7071067690849304,0.7071067690849304,0.7071067690849304,0.5,0.5,0.5,0.5,0.5773502588272095,0.5773502588272095,0.7071067690849304,0.7071067690849304,1.0,1.0,1.0,1.0,0.7071067690849304,1.0,1.0,0.5773502588272095,1.0,1.0,1.0,1.0,1.0,1.0,0.7071067690849304,0.7071067690849304,0.5,0.5,0.7071067690849304,0.7071067690849304,0.5,0.5,0.7071067690849304,0.7071067690849304,0.7071067690849304,0.7071067690849304,0.0,0.0,0.0,0.0,0.0,0.0,0.0,0.0,0.0,0.0,0.0,0.0,0.0,0.0,0.0,0.0,0.0,0.0,0.0,0.0,0.0,0.0,0.0,0.0,0.0,0.0,0.0,0.0,0.0,0.0,0.0,0.0,0.0,0.0,0.0,0.0,0.0,0.0,0.0,0.0,0.0,0.0,0.0,0.0,0.0,0.0,0.0,0.0,0.0,0.0,0.0,0.0,0.0,0.0,0.0,0.0,0.0,0.0,0.0,0.0,0.0,0.0,0.0,0.0,0.0,0.0,0.0,0.0,0.0,0.0,0.0,0.5773502588272095,0.5773502588272095,0.0,0.0,0.0,0.0,0.0,0.0
RMFR,0.0,0.0,0.0,0.0,0.0,0.0,0.0,0.0,0.0,0.0,0.0,0.0,0.0,0.0,0.0,0.0,0.0,0.0,0.0,0.0,0.5,0.5,0.7071067690849304,0.7071067690849304,0.5,0.5,0.5,0.5,0.5,0.5,0.5,0.5,0.5,0.5,0.5,0.5,0.5,0.5,0.5,0.5,0.5,0.5,0.5,0.5,0.7071067690849304,0.7071067690849304,0.7071067690849304,0.7071067690849304,0.7071067690849304,0.7071067690849304,0.7071067690849304,0.7071067690849304,0.7071067690849304,0.7071067690849304,0.7071067690849304,0.7071067690849304,0.7071067690849304,0.7071067690849304,0.7071067690849304,0.7071067690849304,1.0,1.0,0.5773502588272095,0.0,0.0,0.0,0.7071067690849304,0.7071067690849304,0.40824827551841736,0.40824827551841736,0.5,0.5,0.0,0.0,0.7071067690849304,0.7071067690849304,0.7071067690849304,0.7071067690849304,0.7071067690849304,0.7071067690849304,0.7071067690849304,0.7071067690849304,0.5773502588272095,0.0,0.7071067690849304,0.7071067690849304,0.0,0.0,0.0,0.0,0.0,0.0,0.0,0.0,0.7071067690849304,0.7071067690849304,0.7071067690849304,0.7071067690849304,0.5,0.5,0.5,0.7071067690849304,0.7071067690849304,0.5773502588272095,0.5773502588272095,0.7071067690849304,0.7071067690849304,0.5773502588272095,0.5773502588272095,0.7071067690849304,0.7071067690849304,1.0,1.0,0.7071067690849304,0.7071067690849304,0.4472135901451111,0.5,0.5,0.0,0.0,0.5773502588272095,0.5773502588272095,0.7071067690849304,0.7071067690849304,0.5773502588272095,0.5773502588272095,0.5773502588272095,0.5773502588272095,0.7071067690849304,0.7071067690849304,0.7071067690849304,0.7071067690849304,1.0,1.0,0.7071067690849304,0.5773502588272095,0.5773502588272095,0.5,0.5,0.0,0.5,0.5,0.5,0.5,0.5,0.5,0.5773502588272095,0.0,0.5,0.5,0.5,0.5,0.5,0.5,0.5,0.3333333432674408,0.5,0.0,0.0,0.5,0.5,0.5,0.5773502588272095,0.5773502588272095,0.5,0.5,0.5773502588272095,0.5773502588272095,0.5773502588272095,0.5773502588272095,0.0,0.0,0.7071067690849304,0.7071067690849304,0.4472135901451111,0.4472135901451111,0.0,0.0,0.0,0.5773502588272095,0.5773502588272095,0.7071067690849304,0.7071067690849304,0.7071067690849304,0.7071067690849304,0.7071067690849304,0.7071067690849304,0.7071067690849304,0.7071067690849304,0.5,0.5,0.5,0.5,0.5773502588272095,0.5773502588272095,0.7071067690849304,0.7071067690849304,1.0,1.0,1.0,1.0,0.7071067690849304,1.0,1.0,0.5773502588272095,1.0,1.0,1.0,1.0,1.0,1.0,0.7071067690849304,0.7071067690849304,0.5,0.5,0.7071067690849304,0.7071067690849304,0.5,0.5,0.7071067690849304,0.7071067690849304,0.7071067690849304,0.7071067690849304,0.0,0.0,0.0,0.0,0.0,0.0,0.0,0.0,0.0,0.0,0.0,0.0,0.0,0.0,0.0,0.0,0.0,0.0,0.0,0.0,0.0,0.0,0.0,0.0,0.0,0.0,0.0,0.0,0.0,0.0,0.0,0.0,0.0,0.0,0.0,0.0,0.0,0.0,0.0,0.0,0.0,0.0,0.0,0.0,0.0,0.0,0.0,0.0,0.0,0.0,0.0,0.0,0.0,0.0,0.0,0.0,0.0,0.0,0.0,0.0,0.0,0.0,0.0,0.0,0.0,0.0,0.0,0.0,0.0,0.0,0.0,0.5773502588272095,0.5773502588272095,0.0,0.0,0.0,0.0,0.0,0.0
RMHL,0.0,0.0,0.0,0.0,0.0,0.0,0.0,0.0,0.0,0.0,0.0,0.0,0.0,0.0,0.0,0.0,0.0,0.0,0.0,0.0,0.5,0.5,0.7071067690849304,0.7071067690849304,0.5,0.5,0.5,0.5,0.5,0.5,0.5,0.5,0.5,0.5,0.5,0.5,0.5,0.5,0.5,0.5,0.5,0.5,0.5,0.5,0.7071067690849304,0.7071067690849304,0.7071067690849304,0.7071067690849304,0.7071067690849304,0.7071067690849304,0.7071067690849304,0.7071067690849304,0.7071067690849304,0.7071067690849304,0.7071067690849304,0.7071067690849304,0.7071067690849304,0.7071067690849304,0.7071067690849304,0.7071067690849304,1.0,1.0,0.5773502588272095,0.0,0.0,0.0,0.7071067690849304,0.7071067690849304,0.40824827551841736,0.40824827551841736,0.5,0.5,0.0,0.0,0.7071067690849304,0.7071067690849304,0.7071067690849304,0.7071067690849304,0.7071067690849304,0.7071067690849304,0.7071067690849304,0.7071067690849304,0.5773502588272095,0.0,0.7071067690849304,0.7071067690849304,0.0,0.0,0.0,0.0,0.0,0.0,0.0,0.0,0.7071067690849304,0.7071067690849304,0.7071067690849304,0.7071067690849304,0.5,0.5,0.5,0.7071067690849304,0.7071067690849304,0.5773502588272095,0.5773502588272095,0.7071067690849304,0.7071067690849304,0.5773502588272095,0.5773502588272095,0.7071067690849304,0.7071067690849304,1.0,1.0,0.7071067690849304,0.7071067690849304,0.4472135901451111,0.5,0.5,0.0,0.0,0.5773502588272095,0.5773502588272095,0.7071067690849304,0.7071067690849304,0.5773502588272095,0.5773502588272095,0.5773502588272095,0.5773502588272095,0.7071067690849304,0.7071067690849304,0.7071067690849304,0.7071067690849304,1.0,1.0,0.7071067690849304,0.5773502588272095,0.5773502588272095,0.5,0.5,0.0,0.5,0.5,0.5,0.5,0.5,0.5,0.5773502588272095,0.0,0.5,0.5,0.5,0.5,0.5,0.5,0.5,0.3333333432674408,0.5,0.0,0.0,0.5,0.5,0.5,0.5773502588272095,0.5773502588272095,0.5,0.5,0.5773502588272095,0.5773502588272095,0.5773502588272095,0.5773502588272095,0.0,0.0,0.7071067690849304,0.7071067690849304,0.4472135901451111,0.4472135901451111,0.0,0.0,0.0,0.5773502588272095,0.5773502588272095,0.7071067690849304,0.7071067690849304,0.7071067690849304,0.7071067690849304,0.7071067690849304,0.7071067690849304,0.7071067690849304,0.7071067690849304,0.5,0.5,0.5,0.5,0.5773502588272095,0.5773502588272095,0.7071067690849304,0.7071067690849304,1.0,1.0,1.0,1.0,0.7071067690849304,1.0,1.0,0.5773502588272095,1.0,1.0,1.0,1.0,1.0,1.0,0.7071067690849304,0.7071067690849304,0.5,0.5,0.7071067690849304,0.7071067690849304,0.5,0.5,0.7071067690849304,0.7071067690849304,0.7071067690849304,0.7071067690849304,0.0,0.0,0.0,0.0,0.0,0.0,0.0,0.0,0.0,0.0,0.0,0.0,0.0,0.0,0.0,0.0,0.0,0.0,0.0,0.0,0.0,0.0,0.0,0.0,0.0,0.0,0.0,0.0,0.0,0.0,0.0,0.0,0.0,0.0,0.0,0.0,0.0,0.0,0.0,0.0,0.0,0.0,0.0,0.0,0.0,0.0,0.0,0.0,0.0,0.0,0.0,0.0,0.0,0.0,0.0,0.0,0.0,0.0,0.0,0.0,0.0,0.0,0.0,0.0,0.0,0.0,0.0,0.0,0.0,0.0,0.0,0.5773502588272095,0.5773502588272095,0.0,0.0,0.0,0.0,0.0,0.0
RMHR,0.0,0.0,0.0,0.0,0.0,0.0,0.0,0.0,0.0,0.0,0.0,0.0,0.0,0.0,0.0,0.0,0.0,0.0,0.0,0.0,0.5,0.5,0.7071067690849304,0.7071067690849304,0.5,0.5,0.5,0.5,0.5,0.5,0.5,0.5,0.5,0.5,0.5,0.5,0.5,0.5,0.5,0.5,0.5,0.5,0.5,0.5,0.7071067690849304,0.7071067690849304,0.7071067690849304,0.7071067690849304,0.7071067690849304,0.7071067690849304,0.7071067690849304,0.7071067690849304,0.7071067690849304,0.7071067690849304,0.7071067690849304,0.7071067690849304,0.7071067690849304,0.7071067690849304,0.7071067690849304,0.7071067690849304,1.0,1.0,0.5773502588272095,0.0,0.0,0.0,0.7071067690849304,0.7071067690849304,0.40824827551841736,0.40824827551841736,0.5,0.5,0.0,0.0,0.7071067690849304,0.7071067690849304,0.7071067690849304,0.7071067690849304,0.7071067690849304,0.7071067690849304,0.7071067690849304,0.7071067690849304,0.5773502588272095,0.0,0.7071067690849304,0.7071067690849304,0.0,0.0,0.0,0.0,0.0,0.0,0.0,0.0,0.7071067690849304,0.7071067690849304,0.7071067690849304,0.7071067690849304,0.5,0.5,0.5,0.7071067690849304,0.7071067690849304,0.5773502588272095,0.5773502588272095,0.7071067690849304,0.7071067690849304,0.5773502588272095,0.5773502588272095,0.7071067690849304,0.7071067690849304,1.0,1.0,0.7071067690849304,0.7071067690849304,0.4472135901451111,0.5,0.5,0.0,0.0,0.5773502588272095,0.5773502588272095,0.7071067690849304,0.7071067690849304,0.5773502588272095,0.5773502588272095,0.5773502588272095,0.5773502588272095,0.7071067690849304,0.7071067690849304,0.7071067690849304,0.7071067690849304,1.0,1.0,0.7071067690849304,0.5773502588272095,0.5773502588272095,0.5,0.5,0.0,0.5,0.5,0.5,0.5,0.5,0.5,0.5773502588272095,0.0,0.5,0.5,0.5,0.5,0.5,0.5,0.5,0.3333333432674408,0.5,0.0,0.0,0.5,0.5,0.5,0.5773502588272095,0.5773502588272095,0.5,0.5,0.5773502588272095,0.5773502588272095,0.5773502588272095,0.5773502588272095,0.0,0.0,0.7071067690849304,0.7071067690849304,0.4472135901451111,0.4472135901451111,0.0,0.0,0.0,0.5773502588272095,0.5773502588272095,0.7071067690849304,0.7071067690849304,0.7071067690849304,0.7071067690849304,0.7071067690849304,0.7071067690849304,0.7071067690849304,0.7071067690849304,0.5,0.5,0.5,0.5,0.5773502588272095,0.5773502588272095,0.7071067690849304,0.7071067690849304,1.0,1.0,1.0,1.0,0.7071067690849304,1.0,1.0,0.5773502588272095,1.0,1.0,1.0,1.0,1.0,1.0,0.7071067690849304,0.7071067690849304,0.5,0.5,0.7071067690849304,0.7071067690849304,0.5,0.5,0.7071067690849304,0.7071067690849304,0.7071067690849304,0.7071067690849304,0.0,0.0,0.0,0.0,0.0,0.0,0.0,0.0,0.0,0.0,0.0,0.0,0.0,0.0,0.0,0.0,0.0,0.0,0.0,0.0,0.0,0.0,0.0,0.0,0.0,0.0,0.0,0.0,0.0,0.0,0.0,0.0,0.0,0.0,0.0,0.0,0.0,0.0,0.0,0.0,0.0,0.0,0.0,0.0,0.0,0.0,0.0,0.0,0.0,0.0,0.0,0.0,0.0,0.0,0.0,0.0,0.0,0.0,0.0,0.0,0.0,0.0,0.0,0.0,0.0,0.0,0.0,0.0,0.0,0.0,0.0,0.5773502588272095,0.5773502588272095,0.0,0.0,0.0,0.0,0.0,0.0
RIVL,0.0,0.0,0.0,0.0,0.0,0.0,0.0,0.0,0.0,0.0,0.0,0.0,0.0,0.0,0.0,0.0,0.0,0.0,0.0,0.0,0.5,0.5,0.7071067690849304,0.7071067690849304,0.5,0.5,0.5,0.5,0.5,0.5,0.5,0.5,0.5,0.5,0.5,0.5,0.5,0.5,0.5,0.5,0.5,0.5,0.5,0.5,0.7071067690849304,0.7071067690849304,0.7071067690849304,0.7071067690849304,0.7071067690849304,0.7071067690849304,0.7071067690849304,0.7071067690849304,0.7071067690849304,0.7071067690849304,0.7071067690849304,0.7071067690849304,0.7071067690849304,0.7071067690849304,0.7071067690849304,0.7071067690849304,1.0,1.0,0.5773502588272095,0.0,0.0,0.0,0.7071067690849304,0.7071067690849304,0.40824827551841736,0.40824827551841736,0.5,0.5,0.0,0.0,0.7071067690849304,0.7071067690849304,0.7071067690849304,0.7071067690849304,0.7071067690849304,0.7071067690849304,0.7071067690849304,0.7071067690849304,0.5773502588272095,0.0,0.7071067690849304,0.7071067690849304,0.0,0.0,0.0,0.0,0.0,0.0,0.0,0.0,0.7071067690849304,0.7071067690849304,0.7071067690849304,0.7071067690849304,0.5,0.5,0.5,0.7071067690849304,0.7071067690849304,0.5773502588272095,0.5773502588272095,0.7071067690849304,0.7071067690849304,0.5773502588272095,0.5773502588272095,0.7071067690849304,0.7071067690849304,1.0,1.0,0.7071067690849304,0.7071067690849304,0.4472135901451111,0.5,0.5,0.0,0.0,0.5773502588272095,0.5773502588272095,0.7071067690849304,0.7071067690849304,0.5773502588272095,0.5773502588272095,0.5773502588272095,0.5773502588272095,0.7071067690849304,0.7071067690849304,0.7071067690849304,0.7071067690849304,1.0,1.0,0.7071067690849304,0.5773502588272095,0.5773502588272095,0.5,0.5,0.0,0.5,0.5,0.5,0.5,0.5,0.5,0.5773502588272095,0.0,0.5,0.5,0.5,0.5,0.5,0.5,0.5,0.3333333432674408,0.5,0.0,0.0,0.5,0.5,0.5,0.5773502588272095,0.5773502588272095,0.5,0.5,0.5773502588272095,0.5773502588272095,0.5773502588272095,0.5773502588272095,0.0,0.0,0.7071067690849304,0.7071067690849304,0.4472135901451111,0.4472135901451111,0.0,0.0,0.0,0.5773502588272095,0.5773502588272095,0.7071067690849304,0.7071067690849304,0.7071067690849304,0.7071067690849304,0.7071067690849304,0.7071067690849304,0.7071067690849304,0.7071067690849304,0.5,0.5,0.5,0.5,0.5773502588272095,0.5773502588272095,0.7071067690849304,0.7071067690849304,1.0,1.0,1.0,1.0,0.7071067690849304,1.0,1.0,0.5773502588272095,1.0,1.0,1.0,1.0,1.0,1.0,0.7071067690849304,0.7071067690849304,0.5,0.5,0.7071067690849304,0.7071067690849304,0.5,0.5,0.7071067690849304,0.7071067690849304,0.7071067690849304,0.7071067690849304,0.0,0.0,0.0,0.0,0.0,0.0,0.0,0.0,0.0,0.0,0.0,0.0,0.0,0.0,0.0,0.0,0.0,0.0,0.0,0.0,0.0,0.0,0.0,0.0,0.0,0.0,0.0,0.0,0.0,0.0,0.0,0.0,0.0,0.0,0.0,0.0,0.0,0.0,0.0,0.0,0.0,0.0,0.0,0.0,0.0,0.0,0.0,0.0,0.0,0.0,0.0,0.0,0.0,0.0,0.0,0.0,0.0,0.0,0.0,0.0,0.0,0.0,0.0,0.0,0.0,0.0,0.0,0.0,0.0,0.0,0.0,0.5773502588272095,0.5773502588272095,0.0,0.0,0.0,0.0,0.0,0.0
RIVR,0.0,0.0,0.0,0.0,0.0,0.0,0.0,0.0,0.0,0.0,0.0,0.0,0.0,0.0,0.0,0.0,0.0,0.0,0.0,0.0,0.5,0.5,0.7071067690849304,0.7071067690849304,0.5,0.5,0.5,0.5,0.5,0.5,0.5,0.5,0.5,0.5,0.5,0.5,0.5,0.5,0.5,0.5,0.5,0.5,0.5,0.5,0.7071067690849304,0.7071067690849304,0.7071067690849304,0.7071067690849304,0.7071067690849304,0.7071067690849304,0.7071067690849304,0.7071067690849304,0.7071067690849304,0.7071067690849304,0.7071067690849304,0.7071067690849304,0.7071067690849304,0.7071067690849304,0.7071067690849304,0.7071067690849304,1.0,1.0,0.5773502588272095,0.0,0.0,0.0,0.7071067690849304,0.7071067690849304,0.40824827551841736,0.40824827551841736,0.5,0.5,0.0,0.0,0.7071067690849304,0.7071067690849304,0.7071067690849304,0.7071067690849304,0.7071067690849304,0.7071067690849304,0.7071067690849304,0.7071067690849304,0.5773502588272095,0.0,0.7071067690849304,0.7071067690849304,0.0,0.0,0.0,0.0,0.0,0.0,0.0,0.0,0.7071067690849304,0.7071067690849304,0.7071067690849304,0.7071067690849304,0.5,0.5,0.5,0.7071067690849304,0.7071067690849304,0.5773502588272095,0.5773502588272095,0.7071067690849304,0.7071067690849304,0.5773502588272095,0.5773502588272095,0.7071067690849304,0.7071067690849304,1.0,1.0,0.7071067690849304,0.7071067690849304,0.4472135901451111,0.5,0.5,0.0,0.0,0.5773502588272095,0.5773502588272095,0.7071067690849304,0.7071067690849304,0.5773502588272095,0.5773502588272095,0.5773502588272095,0.5773502588272095,0.7071067690849304,0.7071067690849304,0.7071067690849304,0.7071067690849304,1.0,1.0,0.7071067690849304,0.5773502588272095,0.5773502588272095,0.5,0.5,0.0,0.5,0.5,0.5,0.5,0.5,0.5,0.5773502588272095,0.0,0.5,0.5,0.5,0.5,0.5,0.5,0.5,0.3333333432674408,0.5,0.0,0.0,0.5,0.5,0.5,0.5773502588272095,0.5773502588272095,0.5,0.5,0.5773502588272095,0.5773502588272095,0.5773502588272095,0.5773502588272095,0.0,0.0,0.7071067690849304,0.7071067690849304,0.4472135901451111,0.4472135901451111,0.0,0.0,0.0,0.5773502588272095,0.5773502588272095,0.7071067690849304,0.7071067690849304,0.7071067690849304,0.7071067690849304,0.7071067690849304,0.7071067690849304,0.7071067690849304,0.7071067690849304,0.5,0.5,0.5,0.5,0.5773502588272095,0.5773502588272095,0.7071067690849304,0.7071067690849304,1.0,1.0,1.0,1.0,0.7071067690849304,1.0,1.0,0.5773502588272095,1.0,1.0,1.0,1.0,1.0,1.0,0.7071067690849304,0.7071067690849304,0.5,0.5,0.7071067690849304,0.7071067690849304,0.5,0.5,0.7071067690849304,0.7071067690849304,0.7071067690849304,0.7071067690849304,0.0,0.0,0.0,0.0,0.0,0.0,0.0,0.0,0.0,0.0,0.0,0.0,0.0,0.0,0.0,0.0,0.0,0.0,0.0,0.0,0.0,0.0,0.0,0.0,0.0,0.0,0.0,0.0,0.0,0.0,0.0,0.0,0.0,0.0,0.0,0.0,0.0,0.0,0.0,0.0,0.0,0.0,0.0,0.0,0.0,0.0,0.0,0.0,0.0,0.0,0.0,0.0,0.0,0.0,0.0,0.0,0.0,0.0,0.0,0.0,0.0,0.0,0.0,0.0,0.0,0.0,0.0,0.0,0.0,0.0,0.0,0.5773502588272095,0.5773502588272095,0.0,0.0,0.0,0.0,0.0,0.0
SMBDL,0.0,0.0,0.0,0.0,0.0,0.0,0.0,0.0,0.0,0.0,0.0,0.0,0.0,0.0,0.0,0.0,0.0,0.0,0.0,0.0,0.3535533845424652,0.3535533845424652,0.5000000596046448,0.5000000596046448,0.3535533845424652,0.3535533845424652,0.3535533845424652,0.3535533845424652,0.3535533845424652,0.3535533845424652,0.3535533845424652,0.3535533845424652,0.3535533845424652,0.3535533845424652,0.3535533845424652,0.3535533845424652,0.3535533845424652,0.3535533845424652,0.3535533845424652,0.3535533845424652,0.3535533845424652,0.3535533845424652,0.3535533845424652,0.3535533845424652,0.5000000596046448,0.5000000596046448,0.5000000596046448,0.5000000596046448,0.5000000596046448,0.5000000596046448,0.5000000596046448,0.5000000596046448,0.5000000596046448,0.5000000596046448,0.5000000596046448,0.5000000596046448,0.5000000596046448,0.5000000596046448,0.5000000596046448,0.5000000596046448,0.7071067690849304,0.7071067690849304,0.40824830532073975,0.0,0.0,0.0,0.5000000596046448,0.5000000596046448,0.28867512941360474,0.28867512941360474,0.3535533845424652,0.3535533845424652,0.0,0.0,0.5000000596046448,0.5000000596046448,0.5000000596046448,0.5000000596046448,0.5000000596046448,0.5000000596046448,0.5000000596046448,0.5000000596046448,0.40824830532073975,0.0,0.5000000596046448,0.5000000596046448,0.0,0.0,0.0,0.0,0.0,0.0,0.0,0.0,1.0000001192092896,0.5000000596046448,0.5000000596046448,0.5000000596046448,0.3535533845424652,0.3535533845424652,0.3535533845424652,0.5000000596046448,0.5000000596046448,0.40824830532073975,0.40824830532073975,0.5000000596046448,0.5000000596046448,0.40824830532073975,0.40824830532073975,0.5000000596046448,0.5000000596046448,0.7071067690849304,0.7071067690849304,0.5000000596046448,0.5000000596046448,0.3162277638912201,0.3535533845424652,0.3535533845424652,0.0,0.0,0.40824830532073975,0.40824830532073975,0.5000000596046448,0.5000000596046448,0.40824830532073975,0.40824830532073975,0.40824830532073975,0.40824830532073975,0.5000000596046448,0.5000000596046448,0.5000000596046448,0.5000000596046448,0.7071067690849304,0.7071067690849304,0.5000000596046448,0.40824830532073975,0.40824830532073975,0.3535533845424652,0.3535533845424652,0.0,0.3535533845424652,0.3535533845424652,0.3535533845424652,0.3535533845424652,0.3535533845424652,0.3535533845424652,0.40824830532073975,0.0,0.3535533845424652,0.3535533845424652,0.3535533845424652,0.3535533845424652,0.3535533845424652,0.3535533845424652,0.3535533845424652,0.2357022762298584,0.3535533845424652,0.0,0.0,0.3535533845424652,0.3535533845424652,0.3535533845424652,0.40824830532073975,0.40824830532073975,0.3535533845424652,0.3535533845424652,0.40824830532073975,0.40824830532073975,0.40824830532073975,0.40824830532073975,0.0,0.0,0.5000000596046448,0.5000000596046448,0.6324555277824402,0.3162277638912201,0.0,0.0,0.0,0.40824830532073975,0.40824830532073975,0.5000000596046448,0.5000000596046448,0.5000000596046448,0.5000000596046448,0.5000000596046448,0.5000000596046448,1.0000001192092896,0.5000000596046448,0.3535533845424652,0.3535533845424652,0.7071067690849304,0.3535533845424652,0.40824830532073975,0.40824830532073975,0.5000000596046448,0.5000000596046448,0.7071067690849304,0.7071067690849304,0.7071067690849304,0.7071067690849304,0.5000000596046448,0.7071067690849304,0.7071067690849304,0.40824830532073975,0.7071067690849304,0.7071067690849304,0.7071067690849304,0.7071067690849304,0.7071067690849304,0.7071067690849304,1.0,0.5000000596046448,0.3535533845424652,0.3535533845424652,1.0000001192092896,0.5000000596046448,0.3535533845424652,0.3535533845424652,0.5000000596046448,0.5000000596046448,0.5000000596046448,0.5000000596046448,0.0,0.0,0.0,0.0,0.0,0.0,0.0,0.0,0.0,0.0,0.0,0.0,0.0,0.0,0.0,0.0,0.0,0.0,0.0,0.0,0.0,0.0,0.0,0.0,0.0,0.0,0.0,0.0,0.0,0.0,0.0,0.0,0.0,0.0,0.0,0.0,0.0,0.0,0.0,0.0,0.0,0.0,0.0,0.0,0.0,0.0,0.0,0.0,0.0,0.0,0.0,0.0,0.0,0.0,0.0,0.0,0.0,0.0,0.0,0.0,0.0,0.0,0.0,0.0,0.0,0.0,0.0,0.0,0.0,0.0,0.0,0.40824830532073975,0.40824830532073975,0.0,0.0,0.0,0.0,0.0,0.0
SMBDR,0.0,0.0,0.0,0.0,0.0,0.0,0.0,0.0,0.0,0.0,0.0,0.0,0.0,0.0,0.0,0.0,0.0,0.0,0.0,0.0,0.3535533845424652,0.3535533845424652,0.5000000596046448,0.5000000596046448,0.3535533845424652,0.3535533845424652,0.3535533845424652,0.3535533845424652,0.3535533845424652,0.3535533845424652,0.3535533845424652,0.3535533845424652,0.3535533845424652,0.3535533845424652,0.3535533845424652,0.3535533845424652,0.3535533845424652,0.3535533845424652,0.3535533845424652,0.3535533845424652,0.3535533845424652,0.3535533845424652,0.3535533845424652,0.3535533845424652,0.5000000596046448,0.5000000596046448,0.5000000596046448,0.5000000596046448,0.5000000596046448,0.5000000596046448,0.5000000596046448,0.5000000596046448,0.5000000596046448,0.5000000596046448,0.5000000596046448,0.5000000596046448,0.5000000596046448,0.5000000596046448,0.5000000596046448,0.5000000596046448,0.7071067690849304,0.7071067690849304,0.40824830532073975,0.0,0.0,0.0,0.5000000596046448,0.5000000596046448,0.28867512941360474,0.28867512941360474,0.3535533845424652,0.3535533845424652,0.0,0.0,0.5000000596046448,0.5000000596046448,0.5000000596046448,0.5000000596046448,0.5000000596046448,0.5000000596046448,0.5000000596046448,0.5000000596046448,0.40824830532073975,0.0,0.5000000596046448,0.5000000596046448,0.0,0.0,0.0,0.0,0.0,0.0,0.0,0.0,0.5000000596046448,1.0000001192092896,0.5000000596046448,0.5000000596046448,0.3535533845424652,0.3535533845424652,0.3535533845424652,0.5000000596046448,0.5000000596046448,0.40824830532073975,0.40824830532073975,0.5000000596046448,0.5000000596046448,0.40824830532073975,0.40824830532073975,0.5000000596046448,0.5000000596046448,0.7071067690849304,0.7071067690849304,0.5000000596046448,0.5000000596046448,0.3162277638912201,0.3535533845424652,0.3535533845424652,0.0,0.0,0.40824830532073975,0.40824830532073975,0.5000000596046448,0.5000000596046448,0.40824830532073975,0.40824830532073975,0.40824830532073975,0.40824830532073975,0.5000000596046448,0.5000000596046448,0.5000000596046448,0.5000000596046448,0.7071067690849304,0.7071067690849304,0.5000000596046448,0.40824830532073975,0.40824830532073975,0.3535533845424652,0.3535533845424652,0.0,0.3535533845424652,0.3535533845424652,0.3535533845424652,0.3535533845424652,0.3535533845424652,0.3535533845424652,0.40824830532073975,0.0,0.3535533845424652,0.3535533845424652,0.3535533845424652,0.3535533845424652,0.3535533845424652,0.3535533845424652,0.3535533845424652,0.2357022762298584,0.3535533845424652,0.0,0.0,0.3535533845424652,0.3535533845424652,0.3535533845424652,0.40824830532073975,0.40824830532073975,0.3535533845424652,0.3535533845424652,0.40824830532073975,0.40824830532073975,0.40824830532073975,0.40824830532073975,0.0,0.0,0.5000000596046448,0.5000000596046448,0.3162277638912201,0.6324555277824402,0.0,0.0,0.0,0.40824830532073975,0.40824830532073975,0.5000000596046448,0.5000000596046448,0.5000000596046448,0.5000000596046448,0.5000000596046448,0.5000000596046448,0.5000000596046448,1.0000001192092896,0.3535533845424652,0.3535533845424652,0.3535533845424652,0.7071067690849304,0.40824830532073975,0.40824830532073975,0.5000000596046448,0.5000000596046448,0.7071067690849304,0.7071067690849304,0.7071067690849304,0.7071067690849304,0.5000000596046448,0.7071067690849304,0.7071067690849304,0.40824830532073975,0.7071067690849304,0.7071067690849304,0.7071067690849304,0.7071067690849304,0.7071067690849304,0.7071067690849304,0.5000000596046448,1.0,0.3535533845424652,0.3535533845424652,0.5000000596046448,1.0000001192092896,0.3535533845424652,0.3535533845424652,0.5000000596046448,0.5000000596046448,0.5000000596046448,0.5000000596046448,0.0,0.0,0.0,0.0,0.0,0.0,0.0,0.0,0.0,0.0,0.0,0.0,0.0,0.0,0.0,0.0,0.0,0.0,0.0,0.0,0.0,0.0,0.0,0.0,0.0,0.0,0.0,0.0,0.0,0.0,0.0,0.0,0.0,0.0,0.0,0.0,0.0,0.0,0.0,0.0,0.0,0.0,0.0,0.0,0.0,0.0,0.0,0.0,0.0,0.0,0.0,0.0,0.0,0.0,0.0,0.0,0.0,0.0,0.0,0.0,0.0,0.0,0.0,0.0,0.0,0.0,0.0,0.0,0.0,0.0,0.0,0.40824830532073975,0.40824830532073975,0.0,0.0,0.0,0.0,0.0,0.0
SMBVL,0.0,0.0,0.0,0.0,0.0,0.0,0.0,0.0,0.0,0.0,0.0,0.0,0.0,0.0,0.0,0.0,0.0,0.0,0.0,0.0,0.75,0.5,0.3535533845424652,0.3535533845424652,0.75,0.5,0.75,0.5,0.75,0.5,0.75,0.5,0.75,0.5,0.75,0.5,0.75,0.5,0.75,0.5,0.75,0.5,0.75,0.5,0.3535533845424652,0.3535533845424652,0.3535533845424652,0.3535533845424652,0.3535533845424652,0.3535533845424652,0.3535533845424652,0.3535533845424652,0.3535533845424652,0.3535533845424652,0.3535533845424652,0.3535533845424652,0.3535533845424652,0.3535533845424652,0.3535533845424652,0.3535533845424652,0.5,0.5,0.5773502588272095,0.0,0.0,0.0,0.3535533845424652,0.3535533845424652,0.8164965510368347,0.40824827551841736,0.5,0.5,0.0,0.0,0.3535533845424652,0.3535533845424652,0.3535533845424652,0.3535533845424652,0.3535533845424652,0.3535533845424652,0.3535533845424652,0.3535533845424652,0.5773502588272095,0.0,0.3535533845424652,0.3535533845424652,0.0,0.0,0.0,0.0,0.0,0.0,0.0,0.0,0.3535533845424652,0.3535533845424652,0.3535533845424652,0.3535533845424652,0.5,0.75,0.5,0.7071067690849304,0.7071067690849304,0.866025447845459,0.5773502588272095,0.7071067690849304,0.7071067690849304,0.866025447845459,0.5773502588272095,0.3535533845424652,0.3535533845424652,0.5,0.5,0.7071067690849304,0.7071067690849304,0.22360679507255554,0.5,0.5,0.0,0.0,0.28867512941360474,0.28867512941360474,0.7071067690849304,0.7071067690849304,0.866025447845459,0.5773502588272095,0.866025447845459,0.5773502588272095,0.7071067690849304,0.7071067690849304,0.7071067690849304,0.7071067690849304,0.5,0.5,0.7071067690849304,0.5773502588272095,0.5773502588272095,0.5,0.5,0.28867512941360474,0.5,0.5,0.5,0.5,0.5,0.5,0.5773502588272095,0.0,0.5,0.5,0.5,0.5,0.5,0.5,0.5,0.3333333432674408,0.5,0.0,0.0,0.75,0.5,0.5,0.5773502588272095,0.5773502588272095,0.75,0.5,0.5773502588272095,0.5773502588272095,0.5773502588272095,0.5773502588272095,0.0,0.0,0.3535533845424652,0.3535533845424652,0.4472135901451111,0.6708203554153442,0.25,0.28867512941360474,0.5773502588272095,0.866025447845459,0.5773502588272095,0.3535533845424652,0.3535533845424652,0.3535533845424652,0.3535533845424652,0.3535533845424652,0.3535533845424652,0.3535533845424652,0.3535533845424652,1.0,0.5,0.75,0.5,0.5773502588272095,0.5773502588272095,0.7071067690849304,0.7071067690849304,0.5,0.5,0.5,0.5,0.3535533845424652,0.5,0.5,0.5773502588272095,0.5,0.5,0.5,0.5,0.5,0.5,0.3535533845424652,0.3535533845424652,1.0,0.5,0.3535533845424652,0.3535533845424652,0.75,0.75,0.3535533845424652,0.3535533845424652,0.3535533845424652,0.3535533845424652,0.25,0.25,0.25,0.28867512941360474,0.0,0.0,0.0,0.0,0.0,0.0,0.25,0.0,0.0,0.0,0.0,0.0,0.0,0.25,0.28867512941360474,0.0,0.0,0.0,0.0,0.0,0.0,0.0,0.0,0.0,0.0,0.25,0.0,0.0,0.0,0.0,0.0,0.28867512941360474,0.28867512941360474,0.28867512941360474,0.3535533845424652,0.0,0.0,0.0,0.0,0.0,0.0,0.0,0.0,0.3535533845424652,0.28867512941360474,0.0,0.0,0.0,0.0,0.0,0.0,0.0,0.0,0.0,0.25,0.25,0.0,0.0,0.0,0.0,0.0,0.0,0.0,0.0,0.0,0.0,0.0,0.5773502588272095,0.5773502588272095,0.3535533845424652,0.3535533845424652,0.0,0.0,0.0,0.0
SMBVR,0.0,0.0,0.0,0.0,0.0,0.0,0.0,0.0,0.0,0.0,0.0,0.0,0.0,0.0,0.0,0.0,0.0,0.0,0.0,0.0,0.5,0.75,0.3535533845424652,0.3535533845424652,0.5,0.75,0.5,0.75,0.5,0.75,0.5,0.75,0.5,0.75,0.5,0.75,0.5,0.75,0.5,0.75,0.5,0.75,0.5,0.75,0.3535533845424652,0.3535533845424652,0.3535533845424652,0.3535533845424652,0.3535533845424652,0.3535533845424652,0.3535533845424652,0.3535533845424652,0.3535533845424652,0.3535533845424652,0.3535533845424652,0.3535533845424652,0.3535533845424652,0.3535533845424652,0.3535533845424652,0.3535533845424652,0.5,0.5,0.5773502588272095,0.0,0.0,0.0,0.3535533845424652,0.3535533845424652,0.40824827551841736,0.8164965510368347,0.5,0.5,0.0,0.0,0.3535533845424652,0.3535533845424652,0.3535533845424652,0.3535533845424652,0.3535533845424652,0.3535533845424652,0.3535533845424652,0.3535533845424652,0.5773502588272095,0.0,0.3535533845424652,0.3535533845424652,0.0,0.0,0.0,0.0,0.0,0.0,0.0,0.0,0.3535533845424652,0.3535533845424652,0.3535533845424652,0.3535533845424652,0.5,0.5,0.75,0.7071067690849304,0.7071067690849304,0.5773502588272095,0.866025447845459,0.7071067690849304,0.7071067690849304,0.5773502588272095,0.866025447845459,0.3535533845424652,0.3535533845424652,0.5,0.5,0.7071067690849304,0.7071067690849304,0.22360679507255554,0.5,0.5,0.0,0.0,0.28867512941360474,0.28867512941360474,0.7071067690849304,0.7071067690849304,0.5773502588272095,0.866025447845459,0.5773502588272095,0.866025447845459,0.7071067690849304,0.7071067690849304,0.7071067690849304,0.7071067690849304,0.5,0.5,0.7071067690849304,0.5773502588272095,0.5773502588272095,0.5,0.5,0.28867512941360474,0.5,0.5,0.5,0.5,0.5,0.5,0.5773502588272095,0.0,0.5,0.5,0.5,0.5,0.5,0.5,0.5,0.3333333432674408,0.5,0.0,0.0,0.5,0.5,0.5,0.5773502588272095,0.5773502588272095,0.5,0.75,0.5773502588272095,0.5773502588272095,0.5773502588272095,0.5773502588272095,0.0,0.0,0.3535533845424652,0.3535533845424652,0.6708203554153442,0.4472135901451111,0.5,0.5773502588272095,0.28867512941360474,0.5773502588272095,0.866025447845459,0.3535533845424652,0.3535533845424652,0.3535533845424652,0.3535533845424652,0.3535533845424652,0.3535533845424652,0.3535533845424652,0.3535533845424652,0.5,1.0,0.5,0.75,0.5773502588272095,0.5773502588272095,0.7071067690849304,0.7071067690849304,0.5,0.5,0.5,0.5,0.3535533845424652,0.5,0.5,0.5773502588272095,0.5,0.5,0.5,0.5,0.5,0.5,0.3535533845424652,0.3535533845424652,0.5,1.0,0.3535533845424652,0.3535533845424652,0.75,0.75,0.3535533845424652,0.3535533845424652,0.3535533845424652,0.3535533845424652,0.25,0.25,0.25,0.28867512941360474,0.0,0.0,0.0,0.0,0.0,0.0,0.25,0.0,0.0,0.0,0.0,0.0,0.0,0.25,0.28867512941360474,0.0,0.0,0.0,0.0,0.0,0.0,0.0,0.0,0.0,0.0,0.25,0.0,0.0,0.0,0.0,0.0,0.28867512941360474,0.28867512941360474,0.28867512941360474,0.3535533845424652,0.0,0.0,0.0,0.0,0.0,0.0,0.0,0.0,0.3535533845424652,0.28867512941360474,0.0,0.0,0.0,0.0,0.0,0.0,0.0,0.0,0.0,0.25,0.25,0.0,0.0,0.0,0.0,0.0,0.0,0.0,0.0,0.0,0.0,0.0,0.5773502588272095,0.5773502588272095,0.3535533845424652,0.3535533845424652,0.0,0.0,0.0,0.0
SMDDL,0.0,0.0,0.0,0.0,0.0,0.0,0.0,0.0,0.0,0.0,0.0,0.0,0.0,0.0,0.0,0.0,0.0,0.0,0.0,0.0,0.3535533845424652,0.3535533845424652,0.5000000596046448,0.5000000596046448,0.3535533845424652,0.3535533845424652,0.3535533845424652,0.3535533845424652,0.3535533845424652,0.3535533845424652,0.3535533845424652,0.3535533845424652,0.3535533845424652,0.3535533845424652,0.3535533845424652,0.3535533845424652,0.3535533845424652,0.3535533845424652,0.3535533845424652,0.3535533845424652,0.3535533845424652,0.3535533845424652,0.3535533845424652,0.3535533845424652,0.5000000596046448,0.5000000596046448,0.5000000596046448,0.5000000596046448,0.5000000596046448,0.5000000596046448,0.5000000596046448,0.5000000596046448,0.5000000596046448,0.5000000596046448,0.5000000596046448,0.5000000596046448,0.5000000596046448,0.5000000596046448,0.5000000596046448,0.5000000596046448,0.7071067690849304,0.7071067690849304,0.40824830532073975,0.0,0.0,0.0,0.5000000596046448,0.5000000596046448,0.28867512941360474,0.28867512941360474,0.3535533845424652,0.3535533845424652,0.0,0.0,0.5000000596046448,0.5000000596046448,0.5000000596046448,0.5000000596046448,0.5000000596046448,0.5000000596046448,0.5000000596046448,0.5000000596046448,0.40824830532073975,0.0,0.5000000596046448,0.5000000596046448,0.0,0.0,0.0,0.0,0.0,0.0,0.0,0.0,1.0000001192092896,0.5000000596046448,0.5000000596046448,0.5000000596046448,0.3535533845424652,0.3535533845424652,0.3535533845424652,0.5000000596046448,0.5000000596046448,0.40824830532073975,0.40824830532073975,0.5000000596046448,0.5000000596046448,0.40824830532073975,0.40824830532073975,0.5000000596046448,0.5000000596046448,0.7071067690849304,0.7071067690849304,0.5000000596046448,0.5000000596046448,0.3162277638912201,0.3535533845424652,0.3535533845424652,0.0,0.0,0.40824830532073975,0.40824830532073975,0.5000000596046448,0.5000000596046448,0.40824830532073975,0.40824830532073975,0.40824830532073975,0.40824830532073975,0.5000000596046448,0.5000000596046448,0.5000000596046448,0.5000000596046448,0.7071067690849304,0.7071067690849304,0.5000000596046448,0.40824830532073975,0.40824830532073975,0.3535533845424652,0.3535533845424652,0.0,0.3535533845424652,0.3535533845424652,0.3535533845424652,0.3535533845424652,0.3535533845424652,0.3535533845424652,0.40824830532073975,0.0,0.3535533845424652,0.3535533845424652,0.3535533845424652,0.3535533845424652,0.3535533845424652,0.3535533845424652,0.3535533845424652,0.2357022762298584,0.3535533845424652,0.0,0.0,0.3535533845424652,0.3535533845424652,0.3535533845424652,0.40824830532073975,0.40824830532073975,0.3535533845424652,0.3535533845424652,0.40824830532073975,0.40824830532073975,0.40824830532073975,0.40824830532073975,0.0,0.0,0.5000000596046448,0.5000000596046448,0.6324555277824402,0.3162277638912201,0.0,0.0,0.0,0.40824830532073975,0.40824830532073975,0.5000000596046448,0.5000000596046448,0.5000000596046448,0.5000000596046448,0.5000000596046448,0.5000000596046448,1.0000001192092896,0.5000000596046448,0.3535533845424652,0.3535533845424652,0.7071067690849304,0.3535533845424652,0.40824830532073975,0.40824830532073975,0.5000000596046448,0.5000000596046448,0.7071067690849304,0.7071067690849304,0.7071067690849304,0.7071067690849304,0.5000000596046448,0.7071067690849304,0.7071067690849304,0.40824830532073975,0.7071067690849304,0.7071067690849304,0.7071067690849304,0.7071067690849304,0.7071067690849304,0.7071067690849304,1.0000001192092896,0.5000000596046448,0.3535533845424652,0.3535533845424652,1.0,0.5000000596046448,0.3535533845424652,0.3535533845424652,0.5000000596046448,0.5000000596046448,0.5000000596046448,0.5000000596046448,0.0,0.0,0.0,0.0,0.0,0.0,0.0,0.0,0.0,0.0,0.0,0.0,0.0,0.0,0.0,0.0,0.0,0.0,0.0,0.0,0.0,0.0,0.0,0.0,0.0,0.0,0.0,0.0,0.0,0.0,0.0,0.0,0.0,0.0,0.0,0.0,0.0,0.0,0.0,0.0,0.0,0.0,0.0,0.0,0.0,0.0,0.0,0.0,0.0,0.0,0.0,0.0,0.0,0.0,0.0,0.0,0.0,0.0,0.0,0.0,0.0,0.0,0.0,0.0,0.0,0.0,0.0,0.0,0.0,0.0,0.0,0.40824830532073975,0.40824830532073975,0.0,0.0,0.0,0.0,0.0,0.0
SMDDR,0.0,0.0,0.0,0.0,0.0,0.0,0.0,0.0,0.0,0.0,0.0,0.0,0.0,0.0,0.0,0.0,0.0,0.0,0.0,0.0,0.3535533845424652,0.3535533845424652,0.5000000596046448,0.5000000596046448,0.3535533845424652,0.3535533845424652,0.3535533845424652,0.3535533845424652,0.3535533845424652,0.3535533845424652,0.3535533845424652,0.3535533845424652,0.3535533845424652,0.3535533845424652,0.3535533845424652,0.3535533845424652,0.3535533845424652,0.3535533845424652,0.3535533845424652,0.3535533845424652,0.3535533845424652,0.3535533845424652,0.3535533845424652,0.3535533845424652,0.5000000596046448,0.5000000596046448,0.5000000596046448,0.5000000596046448,0.5000000596046448,0.5000000596046448,0.5000000596046448,0.5000000596046448,0.5000000596046448,0.5000000596046448,0.5000000596046448,0.5000000596046448,0.5000000596046448,0.5000000596046448,0.5000000596046448,0.5000000596046448,0.7071067690849304,0.7071067690849304,0.40824830532073975,0.0,0.0,0.0,0.5000000596046448,0.5000000596046448,0.28867512941360474,0.28867512941360474,0.3535533845424652,0.3535533845424652,0.0,0.0,0.5000000596046448,0.5000000596046448,0.5000000596046448,0.5000000596046448,0.5000000596046448,0.5000000596046448,0.5000000596046448,0.5000000596046448,0.40824830532073975,0.0,0.5000000596046448,0.5000000596046448,0.0,0.0,0.0,0.0,0.0,0.0,0.0,0.0,0.5000000596046448,1.0000001192092896,0.5000000596046448,0.5000000596046448,0.3535533845424652,0.3535533845424652,0.3535533845424652,0.5000000596046448,0.5000000596046448,0.40824830532073975,0.40824830532073975,0.5000000596046448,0.5000000596046448,0.40824830532073975,0.40824830532073975,0.5000000596046448,0.5000000596046448,0.7071067690849304,0.7071067690849304,0.5000000596046448,0.5000000596046448,0.3162277638912201,0.3535533845424652,0.3535533845424652,0.0,0.0,0.40824830532073975,0.40824830532073975,0.5000000596046448,0.5000000596046448,0.40824830532073975,0.40824830532073975,0.40824830532073975,0.40824830532073975,0.5000000596046448,0.5000000596046448,0.5000000596046448,0.5000000596046448,0.7071067690849304,0.7071067690849304,0.5000000596046448,0.40824830532073975,0.40824830532073975,0.3535533845424652,0.3535533845424652,0.0,0.3535533845424652,0.3535533845424652,0.3535533845424652,0.3535533845424652,0.3535533845424652,0.3535533845424652,0.40824830532073975,0.0,0.3535533845424652,0.3535533845424652,0.3535533845424652,0.3535533845424652,0.3535533845424652,0.3535533845424652,0.3535533845424652,0.2357022762298584,0.3535533845424652,0.0,0.0,0.3535533845424652,0.3535533845424652,0.3535533845424652,0.40824830532073975,0.40824830532073975,0.3535533845424652,0.3535533845424652,0.40824830532073975,0.40824830532073975,0.40824830532073975,0.40824830532073975,0.0,0.0,0.5000000596046448,0.5000000596046448,0.3162277638912201,0.6324555277824402,0.0,0.0,0.0,0.40824830532073975,0.40824830532073975,0.5000000596046448,0.5000000596046448,0.5000000596046448,0.5000000596046448,0.5000000596046448,0.5000000596046448,0.5000000596046448,1.0000001192092896,0.3535533845424652,0.3535533845424652,0.3535533845424652,0.7071067690849304,0.40824830532073975,0.40824830532073975,0.5000000596046448,0.5000000596046448,0.7071067690849304,0.7071067690849304,0.7071067690849304,0.7071067690849304,0.5000000596046448,0.7071067690849304,0.7071067690849304,0.40824830532073975,0.7071067690849304,0.7071067690849304,0.7071067690849304,0.7071067690849304,0.7071067690849304,0.7071067690849304,0.5000000596046448,1.0000001192092896,0.3535533845424652,0.3535533845424652,0.5000000596046448,1.0,0.3535533845424652,0.3535533845424652,0.5000000596046448,0.5000000596046448,0.5000000596046448,0.5000000596046448,0.0,0.0,0.0,0.0,0.0,0.0,0.0,0.0,0.0,0.0,0.0,0.0,0.0,0.0,0.0,0.0,0.0,0.0,0.0,0.0,0.0,0.0,0.0,0.0,0.0,0.0,0.0,0.0,0.0,0.0,0.0,0.0,0.0,0.0,0.0,0.0,0.0,0.0,0.0,0.0,0.0,0.0,0.0,0.0,0.0,0.0,0.0,0.0,0.0,0.0,0.0,0.0,0.0,0.0,0.0,0.0,0.0,0.0,0.0,0.0,0.0,0.0,0.0,0.0,0.0,0.0,0.0,0.0,0.0,0.0,0.0,0.40824830532073975,0.40824830532073975,0.0,0.0,0.0,0.0,0.0,0.0
SMDVL,0.0,0.0,0.0,0.0,0.0,0.0,0.0,0.0,0.0,0.0,0.0,0.0,0.0,0.0,0.0,0.0,0.0,0.0,0.0,0.0,0.5,0.75,0.3535533845424652,0.3535533845424652,0.5,0.75,0.5,0.75,0.5,0.75,0.5,0.75,0.5,0.75,0.5,0.75,0.5,0.75,0.5,0.75,0.5,0.75,0.5,0.75,0.3535533845424652,0.3535533845424652,0.3535533845424652,0.3535533845424652,0.3535533845424652,0.3535533845424652,0.3535533845424652,0.3535533845424652,0.3535533845424652,0.3535533845424652,0.3535533845424652,0.3535533845424652,0.3535533845424652,0.3535533845424652,0.3535533845424652,0.3535533845424652,0.5,0.5,0.5773502588272095,0.0,0.0,0.0,0.3535533845424652,0.3535533845424652,0.6123723983764648,0.6123723983764648,0.5,0.5,0.0,0.0,0.3535533845424652,0.3535533845424652,0.3535533845424652,0.3535533845424652,0.3535533845424652,0.3535533845424652,0.3535533845424652,0.3535533845424652,0.5773502588272095,0.0,0.3535533845424652,0.3535533845424652,0.0,0.0,0.0,0.0,0.0,0.0,0.0,0.0,0.3535533845424652,0.3535533845424652,0.3535533845424652,0.3535533845424652,0.5,0.5,0.75,0.7071067690849304,0.7071067690849304,0.5773502588272095,0.866025447845459,0.7071067690849304,0.7071067690849304,0.5773502588272095,0.866025447845459,0.3535533845424652,0.3535533845424652,0.5,0.5,0.7071067690849304,0.7071067690849304,0.22360679507255554,0.5,0.5,0.0,0.0,0.28867512941360474,0.28867512941360474,0.7071067690849304,0.7071067690849304,0.5773502588272095,0.866025447845459,0.5773502588272095,0.866025447845459,0.7071067690849304,0.7071067690849304,0.7071067690849304,0.7071067690849304,0.5,0.5,0.7071067690849304,0.5773502588272095,0.5773502588272095,0.5,0.5,0.28867512941360474,0.5,0.5,0.5,0.5,0.5,0.5,0.5773502588272095,0.0,0.5,0.5,0.5,0.5,0.5,0.5,0.5,0.3333333432674408,0.5,0.0,0.0,0.5,0.5,0.5,0.5773502588272095,0.5773502588272095,0.5,0.75,0.5773502588272095,0.5773502588272095,0.5773502588272095,0.5773502588272095,0.0,0.0,0.3535533845424652,0.3535533845424652,0.6708203554153442,0.4472135901451111,0.5,0.5773502588272095,0.28867512941360474,0.5773502588272095,0.866025447845459,0.3535533845424652,0.3535533845424652,0.3535533845424652,0.3535533845424652,0.3535533845424652,0.3535533845424652,0.3535533845424652,0.3535533845424652,0.75,0.75,0.5,0.75,0.866025447845459,0.28867512941360474,0.7071067690849304,0.7071067690849304,0.5,0.5,0.5,0.5,0.3535533845424652,0.5,0.5,0.5773502588272095,0.5,0.5,0.5,0.5,0.5,0.5,0.3535533845424652,0.3535533845424652,0.75,0.75,0.3535533845424652,0.3535533845424652,1.0,0.5,0.3535533845424652,0.3535533845424652,0.3535533845424652,0.3535533845424652,0.25,0.25,0.25,0.28867512941360474,0.0,0.0,0.0,0.0,0.0,0.0,0.25,0.0,0.0,0.0,0.0,0.0,0.0,0.25,0.28867512941360474,0.0,0.0,0.0,0.0,0.0,0.0,0.0,0.0,0.0,0.0,0.25,0.0,0.0,0.0,0.0,0.0,0.28867512941360474,0.28867512941360474,0.28867512941360474,0.3535533845424652,0.0,0.0,0.0,0.0,0.0,0.0,0.0,0.0,0.3535533845424652,0.28867512941360474,0.0,0.0,0.0,0.0,0.0,0.0,0.0,0.0,0.0,0.25,0.25,0.0,0.0,0.0,0.0,0.0,0.0,0.0,0.0,0.0,0.0,0.0,0.5773502588272095,0.5773502588272095,0.3535533845424652,0.3535533845424652,0.0,0.0,0.0,0.0
SMDVR,0.0,0.0,0.0,0.0,0.0,0.0,0.0,0.0,0.0,0.0,0.0,0.0,0.0,0.0,0.0,0.0,0.0,0.0,0.0,0.0,0.75,0.5,0.3535533845424652,0.3535533845424652,0.75,0.5,0.75,0.5,0.75,0.5,0.75,0.5,0.75,0.5,0.75,0.5,0.75,0.5,0.75,0.5,0.75,0.5,0.75,0.5,0.3535533845424652,0.3535533845424652,0.3535533845424652,0.3535533845424652,0.3535533845424652,0.3535533845424652,0.3535533845424652,0.3535533845424652,0.3535533845424652,0.3535533845424652,0.3535533845424652,0.3535533845424652,0.3535533845424652,0.3535533845424652,0.3535533845424652,0.3535533845424652,0.5,0.5,0.5773502588272095,0.0,0.0,0.0,0.3535533845424652,0.3535533845424652,0.6123723983764648,0.6123723983764648,0.5,0.5,0.0,0.0,0.3535533845424652,0.3535533845424652,0.3535533845424652,0.3535533845424652,0.3535533845424652,0.3535533845424652,0.3535533845424652,0.3535533845424652,0.5773502588272095,0.0,0.3535533845424652,0.3535533845424652,0.0,0.0,0.0,0.0,0.0,0.0,0.0,0.0,0.3535533845424652,0.3535533845424652,0.3535533845424652,0.3535533845424652,0.5,0.75,0.5,0.7071067690849304,0.7071067690849304,0.866025447845459,0.5773502588272095,0.7071067690849304,0.7071067690849304,0.866025447845459,0.5773502588272095,0.3535533845424652,0.3535533845424652,0.5,0.5,0.7071067690849304,0.7071067690849304,0.22360679507255554,0.5,0.5,0.0,0.0,0.28867512941360474,0.28867512941360474,0.7071067690849304,0.7071067690849304,0.866025447845459,0.5773502588272095,0.866025447845459,0.5773502588272095,0.7071067690849304,0.7071067690849304,0.7071067690849304,0.7071067690849304,0.5,0.5,0.7071067690849304,0.5773502588272095,0.5773502588272095,0.5,0.5,0.28867512941360474,0.5,0.5,0.5,0.5,0.5,0.5,0.5773502588272095,0.0,0.5,0.5,0.5,0.5,0.5,0.5,0.5,0.3333333432674408,0.5,0.0,0.0,0.75,0.5,0.5,0.5773502588272095,0.5773502588272095,0.75,0.5,0.5773502588272095,0.5773502588272095,0.5773502588272095,0.5773502588272095,0.0,0.0,0.3535533845424652,0.3535533845424652,0.4472135901451111,0.6708203554153442,0.25,0.28867512941360474,0.5773502588272095,0.866025447845459,0.5773502588272095,0.3535533845424652,0.3535533845424652,0.3535533845424652,0.3535533845424652,0.3535533845424652,0.3535533845424652,0.3535533845424652,0.3535533845424652,0.75,0.75,0.75,0.5,0.28867512941360474,0.866025447845459,0.7071067690849304,0.7071067690849304,0.5,0.5,0.5,0.5,0.3535533845424652,0.5,0.5,0.5773502588272095,0.5,0.5,0.5,0.5,0.5,0.5,0.3535533845424652,0.3535533845424652,0.75,0.75,0.3535533845424652,0.3535533845424652,0.5,1.0,0.3535533845424652,0.3535533845424652,0.3535533845424652,0.3535533845424652,0.25,0.25,0.25,0.28867512941360474,0.0,0.0,0.0,0.0,0.0,0.0,0.25,0.0,0.0,0.0,0.0,0.0,0.0,0.25,0.28867512941360474,0.0,0.0,0.0,0.0,0.0,0.0,0.0,0.0,0.0,0.0,0.25,0.0,0.0,0.0,0.0,0.0,0.28867512941360474,0.28867512941360474,0.28867512941360474,0.3535533845424652,0.0,0.0,0.0,0.0,0.0,0.0,0.0,0.0,0.3535533845424652,0.28867512941360474,0.0,0.0,0.0,0.0,0.0,0.0,0.0,0.0,0.0,0.25,0.25,0.0,0.0,0.0,0.0,0.0,0.0,0.0,0.0,0.0,0.0,0.0,0.5773502588272095,0.5773502588272095,0.3535533845424652,0.3535533845424652,0.0,0.0,0.0,0.0
URADL,0.0,0.0,0.0,0.0,0.0,0.0,0.0,0.0,0.0,0.0,0.0,0.0,0.0,0.0,0.0,0.0,0.0,0.0,0.0,0.0,0.3535533845424652,0.3535533845424652,0.5000000596046448,0.5000000596046448,0.3535533845424652,0.3535533845424652,0.3535533845424652,0.3535533845424652,0.3535533845424652,0.3535533845424652,0.3535533845424652,0.3535533845424652,0.3535533845424652,0.3535533845424652,0.3535533845424652,0.3535533845424652,0.3535533845424652,0.3535533845424652,0.3535533845424652,0.3535533845424652,0.3535533845424652,0.3535533845424652,0.3535533845424652,0.3535533845424652,1.0000001192092896,0.5000000596046448,0.5000000596046448,0.5000000596046448,0.5000000596046448,0.5000000596046448,1.0000001192092896,0.5000000596046448,0.5000000596046448,0.5000000596046448,0.5000000596046448,0.5000000596046448,1.0000001192092896,0.5000000596046448,0.5000000596046448,0.5000000596046448,0.7071067690849304,0.7071067690849304,0.40824830532073975,0.0,0.0,0.0,0.5000000596046448,0.5000000596046448,0.28867512941360474,0.28867512941360474,0.3535533845424652,0.3535533845424652,0.0,0.0,0.5000000596046448,0.5000000596046448,1.0000001192092896,0.5000000596046448,1.0000001192092896,0.5000000596046448,0.5000000596046448,0.5000000596046448,0.40824830532073975,0.0,0.5000000596046448,0.5000000596046448,0.0,0.0,0.0,0.0,0.0,0.0,0.0,0.0,0.5000000596046448,0.5000000596046448,0.5000000596046448,0.5000000596046448,0.3535533845424652,0.3535533845424652,0.3535533845424652,0.5000000596046448,0.5000000596046448,0.40824830532073975,0.40824830532073975,0.5000000596046448,0.5000000596046448,0.40824830532073975,0.40824830532073975,0.5000000596046448,0.5000000596046448,0.7071067690849304,0.7071067690849304,0.5000000596046448,0.5000000596046448,0.3162277638912201,0.3535533845424652,0.3535533845424652,0.0,0.0,0.40824830532073975,0.40824830532073975,0.5000000596046448,0.5000000596046448,0.40824830532073975,0.40824830532073975,0.40824830532073975,0.40824830532073975,0.5000000596046448,0.5000000596046448,0.5000000596046448,0.5000000596046448,0.7071067690849304,0.7071067690849304,0.5000000596046448,0.40824830532073975,0.40824830532073975,0.3535533845424652,0.3535533845424652,0.0,0.3535533845424652,0.3535533845424652,0.3535533845424652,0.3535533845424652,0.3535533845424652,0.3535533845424652,0.40824830532073975,0.0,0.3535533845424652,0.3535533845424652,0.3535533845424652,0.3535533845424652,0.3535533845424652,0.3535533845424652,0.3535533845424652,0.4714045524597168,0.3535533845424652,0.0,0.0,0.3535533845424652,0.3535533845424652,0.3535533845424652,0.40824830532073975,0.40824830532073975,0.3535533845424652,0.3535533845424652,0.40824830532073975,0.40824830532073975,0.40824830532073975,0.40824830532073975,0.0,0.0,0.5000000596046448,0.5000000596046448,0.3162277638912201,0.3162277638912201,0.0,0.0,0.0,0.40824830532073975,0.40824830532073975,1.0000001192092896,0.5000000596046448,0.5000000596046448,0.5000000596046448,0.5000000596046448,0.5000000596046448,0.5000000596046448,0.5000000596046448,0.3535533845424652,0.3535533845424652,0.3535533845424652,0.3535533845424652,0.40824830532073975,0.40824830532073975,0.5000000596046448,0.5000000596046448,0.7071067690849304,0.7071067690849304,0.7071067690849304,0.7071067690849304,0.5000000596046448,0.7071067690849304,0.7071067690849304,0.40824830532073975,0.7071067690849304,0.7071067690849304,0.7071067690849304,0.7071067690849304,0.7071067690849304,0.7071067690849304,0.5000000596046448,0.5000000596046448,0.3535533845424652,0.3535533845424652,0.5000000596046448,0.5000000596046448,0.3535533845424652,0.3535533845424652,1.0,0.5000000596046448,0.5000000596046448,0.5000000596046448,0.0,0.0,0.0,0.0,0.0,0.0,0.0,0.0,0.0,0.0,0.0,0.0,0.0,0.0,0.0,0.0,0.0,0.0,0.0,0.0,0.0,0.0,0.0,0.0,0.0,0.0,0.0,0.0,0.0,0.0,0.0,0.0,0.0,0.0,0.0,0.0,0.0,0.0,0.0,0.0,0.0,0.0,0.0,0.0,0.0,0.0,0.0,0.0,0.0,0.0,0.0,0.0,0.0,0.0,0.0,0.0,0.0,0.0,0.0,0.0,0.0,0.0,0.0,0.0,0.0,0.0,0.0,0.0,0.0,0.0,0.0,0.40824830532073975,0.40824830532073975,0.0,0.0,0.0,0.0,0.0,0.0
URADR,0.0,0.0,0.0,0.0,0.0,0.0,0.0,0.0,0.0,0.0,0.0,0.0,0.0,0.0,0.0,0.0,0.0,0.0,0.0,0.0,0.3535533845424652,0.3535533845424652,0.5000000596046448,0.5000000596046448,0.3535533845424652,0.3535533845424652,0.3535533845424652,0.3535533845424652,0.3535533845424652,0.3535533845424652,0.3535533845424652,0.3535533845424652,0.3535533845424652,0.3535533845424652,0.3535533845424652,0.3535533845424652,0.3535533845424652,0.3535533845424652,0.3535533845424652,0.3535533845424652,0.3535533845424652,0.3535533845424652,0.3535533845424652,0.3535533845424652,0.5000000596046448,1.0000001192092896,0.5000000596046448,0.5000000596046448,0.5000000596046448,0.5000000596046448,0.5000000596046448,1.0000001192092896,0.5000000596046448,0.5000000596046448,0.5000000596046448,0.5000000596046448,0.5000000596046448,1.0000001192092896,0.5000000596046448,0.5000000596046448,0.7071067690849304,0.7071067690849304,0.40824830532073975,0.0,0.0,0.0,0.5000000596046448,0.5000000596046448,0.28867512941360474,0.28867512941360474,0.3535533845424652,0.3535533845424652,0.0,0.0,0.5000000596046448,0.5000000596046448,0.5000000596046448,1.0000001192092896,0.5000000596046448,1.0000001192092896,0.5000000596046448,0.5000000596046448,0.40824830532073975,0.0,0.5000000596046448,0.5000000596046448,0.0,0.0,0.0,0.0,0.0,0.0,0.0,0.0,0.5000000596046448,0.5000000596046448,0.5000000596046448,0.5000000596046448,0.3535533845424652,0.3535533845424652,0.3535533845424652,0.5000000596046448,0.5000000596046448,0.40824830532073975,0.40824830532073975,0.5000000596046448,0.5000000596046448,0.40824830532073975,0.40824830532073975,0.5000000596046448,0.5000000596046448,0.7071067690849304,0.7071067690849304,0.5000000596046448,0.5000000596046448,0.3162277638912201,0.3535533845424652,0.3535533845424652,0.0,0.0,0.40824830532073975,0.40824830532073975,0.5000000596046448,0.5000000596046448,0.40824830532073975,0.40824830532073975,0.40824830532073975,0.40824830532073975,0.5000000596046448,0.5000000596046448,0.5000000596046448,0.5000000596046448,0.7071067690849304,0.7071067690849304,0.5000000596046448,0.40824830532073975,0.40824830532073975,0.3535533845424652,0.3535533845424652,0.0,0.3535533845424652,0.3535533845424652,0.3535533845424652,0.3535533845424652,0.3535533845424652,0.3535533845424652,0.40824830532073975,0.0,0.3535533845424652,0.3535533845424652,0.3535533845424652,0.3535533845424652,0.3535533845424652,0.3535533845424652,0.3535533845424652,0.4714045524597168,0.3535533845424652,0.0,0.0,0.3535533845424652,0.3535533845424652,0.3535533845424652,0.40824830532073975,0.40824830532073975,0.3535533845424652,0.3535533845424652,0.40824830532073975,0.40824830532073975,0.40824830532073975,0.40824830532073975,0.0,0.0,0.5000000596046448,0.5000000596046448,0.3162277638912201,0.3162277638912201,0.0,0.0,0.0,0.40824830532073975,0.40824830532073975,0.5000000596046448,1.0000001192092896,0.5000000596046448,0.5000000596046448,0.5000000596046448,0.5000000596046448,0.5000000596046448,0.5000000596046448,0.3535533845424652,0.3535533845424652,0.3535533845424652,0.3535533845424652,0.40824830532073975,0.40824830532073975,0.5000000596046448,0.5000000596046448,0.7071067690849304,0.7071067690849304,0.7071067690849304,0.7071067690849304,0.5000000596046448,0.7071067690849304,0.7071067690849304,0.40824830532073975,0.7071067690849304,0.7071067690849304,0.7071067690849304,0.7071067690849304,0.7071067690849304,0.7071067690849304,0.5000000596046448,0.5000000596046448,0.3535533845424652,0.3535533845424652,0.5000000596046448,0.5000000596046448,0.3535533845424652,0.3535533845424652,0.5000000596046448,1.0,0.5000000596046448,0.5000000596046448,0.0,0.0,0.0,0.0,0.0,0.0,0.0,0.0,0.0,0.0,0.0,0.0,0.0,0.0,0.0,0.0,0.0,0.0,0.0,0.0,0.0,0.0,0.0,0.0,0.0,0.0,0.0,0.0,0.0,0.0,0.0,0.0,0.0,0.0,0.0,0.0,0.0,0.0,0.0,0.0,0.0,0.0,0.0,0.0,0.0,0.0,0.0,0.0,0.0,0.0,0.0,0.0,0.0,0.0,0.0,0.0,0.0,0.0,0.0,0.0,0.0,0.0,0.0,0.0,0.0,0.0,0.0,0.0,0.0,0.0,0.0,0.40824830532073975,0.40824830532073975,0.0,0.0,0.0,0.0,0.0,0.0
URAVL,0.0,0.0,0.0,0.0,0.0,0.0,0.0,0.0,0.0,0.0,0.0,0.0,0.0,0.0,0.0,0.0,0.0,0.0,0.0,0.0,0.3535533845424652,0.3535533845424652,0.5000000596046448,0.5000000596046448,0.3535533845424652,0.3535533845424652,0.3535533845424652,0.3535533845424652,0.3535533845424652,0.3535533845424652,0.3535533845424652,0.3535533845424652,0.3535533845424652,0.3535533845424652,0.3535533845424652,0.3535533845424652,0.3535533845424652,0.3535533845424652,0.3535533845424652,0.3535533845424652,0.3535533845424652,0.3535533845424652,0.3535533845424652,0.3535533845424652,0.5000000596046448,0.5000000596046448,0.5000000596046448,0.5000000596046448,1.0000001192092896,0.5000000596046448,0.5000000596046448,0.5000000596046448,1.0000001192092896,0.5000000596046448,0.5000000596046448,0.5000000596046448,0.5000000596046448,0.5000000596046448,1.0000001192092896,0.5000000596046448,0.7071067690849304,0.7071067690849304,0.40824830532073975,0.0,0.0,0.0,0.5000000596046448,0.5000000596046448,0.28867512941360474,0.28867512941360474,0.3535533845424652,0.3535533845424652,0.0,0.0,0.5000000596046448,0.5000000596046448,0.5000000596046448,0.5000000596046448,0.5000000596046448,0.5000000596046448,1.0000001192092896,0.5000000596046448,0.40824830532073975,0.0,0.5000000596046448,0.5000000596046448,0.0,0.0,0.0,0.0,0.0,0.0,0.0,0.0,0.5000000596046448,0.5000000596046448,0.5000000596046448,0.5000000596046448,0.3535533845424652,0.3535533845424652,0.3535533845424652,0.5000000596046448,0.5000000596046448,0.40824830532073975,0.40824830532073975,0.5000000596046448,0.5000000596046448,0.40824830532073975,0.40824830532073975,0.5000000596046448,0.5000000596046448,0.7071067690849304,0.7071067690849304,0.5000000596046448,0.5000000596046448,0.3162277638912201,0.3535533845424652,0.3535533845424652,0.0,0.0,0.40824830532073975,0.40824830532073975,0.5000000596046448,0.5000000596046448,0.40824830532073975,0.40824830532073975,0.40824830532073975,0.40824830532073975,0.5000000596046448,0.5000000596046448,0.5000000596046448,0.5000000596046448,0.7071067690849304,0.7071067690849304,0.5000000596046448,0.40824830532073975,0.40824830532073975,0.3535533845424652,0.3535533845424652,0.0,0.3535533845424652,0.3535533845424652,0.3535533845424652,0.3535533845424652,0.3535533845424652,0.3535533845424652,0.40824830532073975,0.0,0.3535533845424652,0.3535533845424652,0.3535533845424652,0.3535533845424652,0.3535533845424652,0.3535533845424652,0.3535533845424652,0.4714045524597168,0.3535533845424652,0.0,0.0,0.3535533845424652,0.3535533845424652,0.3535533845424652,0.40824830532073975,0.40824830532073975,0.3535533845424652,0.3535533845424652,0.40824830532073975,0.40824830532073975,0.40824830532073975,0.40824830532073975,0.0,0.0,0.5000000596046448,0.5000000596046448,0.3162277638912201,0.3162277638912201,0.0,0.0,0.0,0.40824830532073975,0.40824830532073975,0.5000000596046448,0.5000000596046448,0.5000000596046448,0.5000000596046448,1.0000001192092896,0.5000000596046448,0.5000000596046448,0.5000000596046448,0.3535533845424652,0.3535533845424652,0.3535533845424652,0.3535533845424652,0.40824830532073975,0.40824830532073975,0.5000000596046448,0.5000000596046448,0.7071067690849304,0.7071067690849304,0.7071067690849304,0.7071067690849304,0.5000000596046448,0.7071067690849304,0.7071067690849304,0.40824830532073975,0.7071067690849304,0.7071067690849304,0.7071067690849304,0.7071067690849304,0.7071067690849304,0.7071067690849304,0.5000000596046448,0.5000000596046448,0.3535533845424652,0.3535533845424652,0.5000000596046448,0.5000000596046448,0.3535533845424652,0.3535533845424652,0.5000000596046448,0.5000000596046448,1.0,0.5000000596046448,0.0,0.0,0.0,0.0,0.0,0.0,0.0,0.0,0.0,0.0,0.0,0.0,0.0,0.0,0.0,0.0,0.0,0.0,0.0,0.0,0.0,0.0,0.0,0.0,0.0,0.0,0.0,0.0,0.0,0.0,0.0,0.0,0.0,0.0,0.0,0.0,0.0,0.0,0.0,0.0,0.0,0.0,0.0,0.0,0.0,0.0,0.0,0.0,0.0,0.0,0.0,0.0,0.0,0.0,0.0,0.0,0.0,0.0,0.0,0.0,0.0,0.0,0.0,0.0,0.0,0.0,0.0,0.0,0.0,0.0,0.0,0.40824830532073975,0.40824830532073975,0.0,0.0,0.0,0.0,0.0,0.0
URAVR,0.0,0.0,0.0,0.0,0.0,0.0,0.0,0.0,0.0,0.0,0.0,0.0,0.0,0.0,0.0,0.0,0.0,0.0,0.0,0.0,0.3535533845424652,0.3535533845424652,0.5000000596046448,0.5000000596046448,0.3535533845424652,0.3535533845424652,0.3535533845424652,0.3535533845424652,0.3535533845424652,0.3535533845424652,0.3535533845424652,0.3535533845424652,0.3535533845424652,0.3535533845424652,0.3535533845424652,0.3535533845424652,0.3535533845424652,0.3535533845424652,0.3535533845424652,0.3535533845424652,0.3535533845424652,0.3535533845424652,0.3535533845424652,0.3535533845424652,0.5000000596046448,0.5000000596046448,0.5000000596046448,0.5000000596046448,0.5000000596046448,1.0000001192092896,0.5000000596046448,0.5000000596046448,0.5000000596046448,1.0000001192092896,0.5000000596046448,0.5000000596046448,0.5000000596046448,0.5000000596046448,0.5000000596046448,1.0000001192092896,0.7071067690849304,0.7071067690849304,0.40824830532073975,0.0,0.0,0.0,0.5000000596046448,0.5000000596046448,0.28867512941360474,0.28867512941360474,0.3535533845424652,0.3535533845424652,0.0,0.0,0.5000000596046448,0.5000000596046448,0.5000000596046448,0.5000000596046448,0.5000000596046448,0.5000000596046448,0.5000000596046448,1.0000001192092896,0.40824830532073975,0.0,0.5000000596046448,0.5000000596046448,0.0,0.0,0.0,0.0,0.0,0.0,0.0,0.0,0.5000000596046448,0.5000000596046448,0.5000000596046448,0.5000000596046448,0.3535533845424652,0.3535533845424652,0.3535533845424652,0.5000000596046448,0.5000000596046448,0.40824830532073975,0.40824830532073975,0.5000000596046448,0.5000000596046448,0.40824830532073975,0.40824830532073975,0.5000000596046448,0.5000000596046448,0.7071067690849304,0.7071067690849304,0.5000000596046448,0.5000000596046448,0.3162277638912201,0.3535533845424652,0.3535533845424652,0.0,0.0,0.40824830532073975,0.40824830532073975,0.5000000596046448,0.5000000596046448,0.40824830532073975,0.40824830532073975,0.40824830532073975,0.40824830532073975,0.5000000596046448,0.5000000596046448,0.5000000596046448,0.5000000596046448,0.7071067690849304,0.7071067690849304,0.5000000596046448,0.40824830532073975,0.40824830532073975,0.3535533845424652,0.3535533845424652,0.0,0.3535533845424652,0.3535533845424652,0.3535533845424652,0.3535533845424652,0.3535533845424652,0.3535533845424652,0.40824830532073975,0.0,0.3535533845424652,0.3535533845424652,0.3535533845424652,0.3535533845424652,0.3535533845424652,0.3535533845424652,0.3535533845424652,0.4714045524597168,0.3535533845424652,0.0,0.0,0.3535533845424652,0.3535533845424652,0.3535533845424652,0.40824830532073975,0.40824830532073975,0.3535533845424652,0.3535533845424652,0.40824830532073975,0.40824830532073975,0.40824830532073975,0.40824830532073975,0.0,0.0,0.5000000596046448,0.5000000596046448,0.3162277638912201,0.3162277638912201,0.0,0.0,0.0,0.40824830532073975,0.40824830532073975,0.5000000596046448,0.5000000596046448,0.5000000596046448,0.5000000596046448,0.5000000596046448,1.0000001192092896,0.5000000596046448,0.5000000596046448,0.3535533845424652,0.3535533845424652,0.3535533845424652,0.3535533845424652,0.40824830532073975,0.40824830532073975,0.5000000596046448,0.5000000596046448,0.7071067690849304,0.7071067690849304,0.7071067690849304,0.7071067690849304,0.5000000596046448,0.7071067690849304,0.7071067690849304,0.40824830532073975,0.7071067690849304,0.7071067690849304,0.7071067690849304,0.7071067690849304,0.7071067690849304,0.7071067690849304,0.5000000596046448,0.5000000596046448,0.3535533845424652,0.3535533845424652,0.5000000596046448,0.5000000596046448,0.3535533845424652,0.3535533845424652,0.5000000596046448,0.5000000596046448,0.5000000596046448,1.0,0.0,0.0,0.0,0.0,0.0,0.0,0.0,0.0,0.0,0.0,0.0,0.0,0.0,0.0,0.0,0.0,0.0,0.0,0.0,0.0,0.0,0.0,0.0,0.0,0.0,0.0,0.0,0.0,0.0,0.0,0.0,0.0,0.0,0.0,0.0,0.0,0.0,0.0,0.0,0.0,0.0,0.0,0.0,0.0,0.0,0.0,0.0,0.0,0.0,0.0,0.0,0.0,0.0,0.0,0.0,0.0,0.0,0.0,0.0,0.0,0.0,0.0,0.0,0.0,0.0,0.0,0.0,0.0,0.0,0.0,0.0,0.40824830532073975,0.40824830532073975,0.0,0.0,0.0,0.0,0.0,0.0
DA01,0.0,0.0,0.0,0.0,0.0,0.0,0.0,0.0,0.0,0.0,0.0,0.0,0.0,0.0,0.0,0.0,0.0,0.0,0.0,0.0,0.25,0.25,0.0,0.0,0.25,0.25,0.25,0.25,0.25,0.25,0.25,0.25,0.25,0.25,0.25,0.25,0.25,0.25,0.25,0.25,0.25,0.25,0.25,0.25,0.0,0.0,0.0,0.0,0.0,0.0,0.0,0.0,0.0,0.0,0.0,0.0,0.0,0.0,0.0,0.0,0.0,0.0,0.5773502588272095,0.5,0.3535533845424652,0.3535533845424652,0.0,0.0,0.40824827551841736,0.40824827551841736,0.25,0.25,0.28867512941360474,0.28867512941360474,0.0,0.0,0.0,0.0,0.0,0.0,0.0,0.0,0.28867512941360474,0.3535533845424652,0.0,0.0,0.5,0.5,0.0,0.0,0.0,0.0,0.0,0.0,0.0,0.0,0.0,0.0,0.5,0.25,0.25,0.3535533845424652,0.3535533845424652,0.28867512941360474,0.28867512941360474,0.3535533845424652,0.3535533845424652,0.28867512941360474,0.28867512941360474,0.0,0.0,0.0,0.0,0.3535533845424652,0.3535533845424652,0.22360679507255554,0.25,0.25,0.0,0.0,0.0,0.0,0.3535533845424652,0.3535533845424652,0.28867512941360474,0.28867512941360474,0.28867512941360474,0.28867512941360474,0.3535533845424652,0.3535533845424652,0.3535533845424652,0.3535533845424652,0.0,0.0,0.3535533845424652,0.28867512941360474,0.28867512941360474,0.5,0.5,0.5773502588272095,0.5,0.5,0.5,0.5,0.5,0.5,0.5773502588272095,0.3535533845424652,0.5,0.5,0.5,0.5,0.5,0.5,0.5,0.3333333432674408,0.5,0.3535533845424652,0.3535533845424652,0.5,0.5,0.5,0.5773502588272095,0.5773502588272095,0.5,0.5,0.5773502588272095,0.5773502588272095,0.5773502588272095,0.5773502588272095,0.0,0.0,0.0,0.0,0.22360679507255554,0.22360679507255554,0.25,0.28867512941360474,0.28867512941360474,0.28867512941360474,0.28867512941360474,0.0,0.0,0.0,0.0,0.0,0.0,0.0,0.0,0.25,0.25,0.25,0.25,0.0,0.0,0.3535533845424652,0.3535533845424652,0.0,0.0,0.0,0.0,0.3535533845424652,0.0,0.0,0.5773502588272095,0.0,0.0,0.0,0.0,0.0,0.0,0.0,0.0,0.25,0.25,0.0,0.0,0.25,0.25,0.0,0.0,0.0,0.0,1.0,1.0,1.0,0.866025447845459,0.7071067690849304,0.7071067690849304,0.7071067690849304,0.5773502588272095,0.5773502588272095,0.3535533845424652,1.0,0.866025447845459,0.7071067690849304,0.7071067690849304,0.7071067690849304,0.7071067690849304,0.7071067690849304,1.0,0.866025447845459,0.7071067690849304,0.7071067690849304,0.7071067690849304,0.7071067690849304,0.7071067690849304,0.7071067690849304,0.7071067690849304,0.7071067690849304,0.5773502588272095,0.3535533845424652,1.0,0.7071067690849304,0.7071067690849304,0.7071067690849304,0.7071067690849304,0.5773502588272095,0.866025447845459,0.866025447845459,0.866025447845459,0.7071067690849304,0.5,0.5,0.5,0.5,0.5,0.5,0.5,0.3535533845424652,0.7071067690849304,0.866025447845459,0.5,0.5,0.5,0.5,0.5,0.5,0.5,0.5,0.5,1.0,1.0,0.7071067690849304,0.7071067690849304,0.7071067690849304,0.7071067690849304,0.7071067690849304,0.7071067690849304,0.7071067690849304,0.7071067690849304,0.7071067690849304,0.5773502588272095,0.5773502588272095,0.5773502588272095,0.5773502588272095,0.7071067690849304,0.7071067690849304,0.5,0.5,0.5,0.5
DA02,0.0,0.0,0.0,0.0,0.0,0.0,0.0,0.0,0.0,0.0,0.0,0.0,0.0,0.0,0.0,0.0,0.0,0.0,0.0,0.0,0.25,0.25,0.0,0.0,0.25,0.25,0.25,0.25,0.25,0.25,0.25,0.25,0.25,0.25,0.25,0.25,0.25,0.25,0.25,0.25,0.25,0.25,0.25,0.25,0.0,0.0,0.0,0.0,0.0,0.0,0.0,0.0,0.0,0.0,0.0,0.0,0.0,0.0,0.0,0.0,0.0,0.0,0.5773502588272095,0.5,0.3535533845424652,0.3535533845424652,0.0,0.0,0.40824827551841736,0.40824827551841736,0.25,0.25,0.28867512941360474,0.28867512941360474,0.0,0.0,0.0,0.0,0.0,0.0,0.0,0.0,0.28867512941360474,0.3535533845424652,0.0,0.0,0.5,0.5,0.0,0.0,0.0,0.0,0.0,0.0,0.0,0.0,0.0,0.0,0.5,0.25,0.25,0.3535533845424652,0.3535533845424652,0.28867512941360474,0.28867512941360474,0.3535533845424652,0.3535533845424652,0.28867512941360474,0.28867512941360474,0.0,0.0,0.0,0.0,0.3535533845424652,0.3535533845424652,0.22360679507255554,0.25,0.25,0.0,0.0,0.0,0.0,0.3535533845424652,0.3535533845424652,0.28867512941360474,0.28867512941360474,0.28867512941360474,0.28867512941360474,0.3535533845424652,0.3535533845424652,0.3535533845424652,0.3535533845424652,0.0,0.0,0.3535533845424652,0.28867512941360474,0.28867512941360474,0.5,0.5,0.5773502588272095,0.5,0.5,0.5,0.5,0.5,0.5,0.5773502588272095,0.3535533845424652,0.5,0.5,0.5,0.5,0.5,0.5,0.5,0.3333333432674408,0.5,0.3535533845424652,0.3535533845424652,0.5,0.5,0.5,0.5773502588272095,0.5773502588272095,0.5,0.5,0.5773502588272095,0.5773502588272095,0.5773502588272095,0.5773502588272095,0.0,0.0,0.0,0.0,0.22360679507255554,0.22360679507255554,0.25,0.28867512941360474,0.28867512941360474,0.28867512941360474,0.28867512941360474,0.0,0.0,0.0,0.0,0.0,0.0,0.0,0.0,0.25,0.25,0.25,0.25,0.0,0.0,0.3535533845424652,0.3535533845424652,0.0,0.0,0.0,0.0,0.3535533845424652,0.0,0.0,0.5773502588272095,0.0,0.0,0.0,0.0,0.0,0.0,0.0,0.0,0.25,0.25,0.0,0.0,0.25,0.25,0.0,0.0,0.0,0.0,1.0,1.0,1.0,0.866025447845459,0.7071067690849304,0.7071067690849304,0.7071067690849304,0.5773502588272095,0.5773502588272095,0.3535533845424652,1.0,0.866025447845459,0.7071067690849304,0.7071067690849304,0.7071067690849304,0.7071067690849304,0.7071067690849304,1.0,0.866025447845459,0.7071067690849304,0.7071067690849304,0.7071067690849304,0.7071067690849304,0.7071067690849304,0.7071067690849304,0.7071067690849304,0.7071067690849304,0.5773502588272095,0.3535533845424652,1.0,0.7071067690849304,0.7071067690849304,0.7071067690849304,0.7071067690849304,0.5773502588272095,0.866025447845459,0.866025447845459,0.866025447845459,0.7071067690849304,0.5,0.5,0.5,0.5,0.5,0.5,0.5,0.3535533845424652,0.7071067690849304,0.866025447845459,0.5,0.5,0.5,0.5,0.5,0.5,0.5,0.5,0.5,1.0,1.0,0.7071067690849304,0.7071067690849304,0.7071067690849304,0.7071067690849304,0.7071067690849304,0.7071067690849304,0.7071067690849304,0.7071067690849304,0.7071067690849304,0.5773502588272095,0.5773502588272095,0.5773502588272095,0.5773502588272095,0.7071067690849304,0.7071067690849304,0.5,0.5,0.5,0.5
DA03,0.0,0.0,0.0,0.0,0.0,0.0,0.0,0.0,0.0,0.0,0.0,0.0,0.0,0.0,0.0,0.0,0.0,0.0,0.0,0.0,0.25,0.25,0.0,0.0,0.25,0.25,0.25,0.25,0.25,0.25,0.25,0.25,0.25,0.25,0.25,0.25,0.25,0.25,0.25,0.25,0.25,0.25,0.25,0.25,0.0,0.0,0.0,0.0,0.0,0.0,0.0,0.0,0.0,0.0,0.0,0.0,0.0,0.0,0.0,0.0,0.0,0.0,0.5773502588272095,0.5,0.3535533845424652,0.3535533845424652,0.0,0.0,0.40824827551841736,0.40824827551841736,0.25,0.25,0.28867512941360474,0.28867512941360474,0.0,0.0,0.0,0.0,0.0,0.0,0.0,0.0,0.28867512941360474,0.3535533845424652,0.0,0.0,0.5,0.5,0.0,0.0,0.0,0.0,0.0,0.0,0.0,0.0,0.0,0.0,0.5,0.25,0.25,0.3535533845424652,0.3535533845424652,0.28867512941360474,0.28867512941360474,0.3535533845424652,0.3535533845424652,0.28867512941360474,0.28867512941360474,0.0,0.0,0.0,0.0,0.3535533845424652,0.3535533845424652,0.22360679507255554,0.25,0.25,0.0,0.0,0.0,0.0,0.3535533845424652,0.3535533845424652,0.28867512941360474,0.28867512941360474,0.28867512941360474,0.28867512941360474,0.3535533845424652,0.3535533845424652,0.3535533845424652,0.3535533845424652,0.0,0.0,0.3535533845424652,0.28867512941360474,0.28867512941360474,0.5,0.5,0.5773502588272095,0.5,0.5,0.5,0.5,0.5,0.5,0.5773502588272095,0.3535533845424652,0.5,0.5,0.5,0.5,0.5,0.5,0.5,0.3333333432674408,0.5,0.3535533845424652,0.3535533845424652,0.5,0.5,0.5,0.5773502588272095,0.5773502588272095,0.5,0.5,0.5773502588272095,0.5773502588272095,0.5773502588272095,0.5773502588272095,0.0,0.0,0.0,0.0,0.22360679507255554,0.22360679507255554,0.25,0.28867512941360474,0.28867512941360474,0.28867512941360474,0.28867512941360474,0.0,0.0,0.0,0.0,0.0,0.0,0.0,0.0,0.25,0.25,0.25,0.25,0.0,0.0,0.3535533845424652,0.3535533845424652,0.0,0.0,0.0,0.0,0.3535533845424652,0.0,0.0,0.5773502588272095,0.0,0.0,0.0,0.0,0.0,0.0,0.0,0.0,0.25,0.25,0.0,0.0,0.25,0.25,0.0,0.0,0.0,0.0,1.0,1.0,1.0,0.866025447845459,0.7071067690849304,0.7071067690849304,0.7071067690849304,0.5773502588272095,0.5773502588272095,0.3535533845424652,1.0,0.866025447845459,0.7071067690849304,0.7071067690849304,0.7071067690849304,0.7071067690849304,0.7071067690849304,1.0,0.866025447845459,0.7071067690849304,0.7071067690849304,0.7071067690849304,0.7071067690849304,0.7071067690849304,0.7071067690849304,0.7071067690849304,0.7071067690849304,0.5773502588272095,0.3535533845424652,1.0,0.7071067690849304,0.7071067690849304,0.7071067690849304,0.7071067690849304,0.5773502588272095,0.866025447845459,0.866025447845459,0.866025447845459,0.7071067690849304,0.5,0.5,0.5,0.5,0.5,0.5,0.5,0.3535533845424652,0.7071067690849304,0.866025447845459,0.5,0.5,0.5,0.5,0.5,0.5,0.5,0.5,0.5,1.0,1.0,0.7071067690849304,0.7071067690849304,0.7071067690849304,0.7071067690849304,0.7071067690849304,0.7071067690849304,0.7071067690849304,0.7071067690849304,0.7071067690849304,0.5773502588272095,0.5773502588272095,0.5773502588272095,0.5773502588272095,0.7071067690849304,0.7071067690849304,0.5,0.5,0.5,0.5
DA04,0.0,0.0,0.0,0.0,0.0,0.0,0.0,0.0,0.0,0.0,0.0,0.0,0.0,0.0,0.0,0.0,0.0,0.0,0.0,0.0,0.28867512941360474,0.28867512941360474,0.0,0.0,0.28867512941360474,0.28867512941360474,0.28867512941360474,0.28867512941360474,0.28867512941360474,0.28867512941360474,0.28867512941360474,0.28867512941360474,0.28867512941360474,0.28867512941360474,0.28867512941360474,0.28867512941360474,0.28867512941360474,0.28867512941360474,0.28867512941360474,0.28867512941360474,0.28867512941360474,0.28867512941360474,0.28867512941360474,0.28867512941360474,0.0,0.0,0.0,0.0,0.0,0.0,0.0,0.0,0.0,0.0,0.0,0.0,0.0,0.0,0.0,0.0,0.0,0.0,0.6666666865348816,0.5773502588272095,0.40824830532073975,0.40824830532073975,0.0,0.0,0.471404492855072,0.471404492855072,0.28867512941360474,0.28867512941360474,0.3333333432674408,0.3333333432674408,0.0,0.0,0.0,0.0,0.0,0.0,0.0,0.0,0.3333333432674408,0.40824830532073975,0.0,0.0,0.5773502588272095,0.5773502588272095,0.0,0.0,0.0,0.0,0.0,0.0,0.0,0.0,0.0,0.0,0.5773502588272095,0.28867512941360474,0.28867512941360474,0.40824830532073975,0.40824830532073975,0.3333333432674408,0.3333333432674408,0.40824830532073975,0.40824830532073975,0.3333333432674408,0.3333333432674408,0.0,0.0,0.0,0.0,0.40824830532073975,0.40824830532073975,0.25819888710975647,0.28867512941360474,0.28867512941360474,0.0,0.0,0.0,0.0,0.40824830532073975,0.40824830532073975,0.3333333432674408,0.3333333432674408,0.3333333432674408,0.3333333432674408,0.40824830532073975,0.40824830532073975,0.40824830532073975,0.40824830532073975,0.0,0.0,0.40824830532073975,0.3333333432674408,0.3333333432674408,0.5773502588272095,0.5773502588272095,0.6666666865348816,0.5773502588272095,0.5773502588272095,0.5773502588272095,0.5773502588272095,0.5773502588272095,0.5773502588272095,0.6666666865348816,0.40824830532073975,0.5773502588272095,0.5773502588272095,0.5773502588272095,0.5773502588272095,0.5773502588272095,0.5773502588272095,0.5773502588272095,0.38490018248558044,0.5773502588272095,0.40824830532073975,0.40824830532073975,0.5773502588272095,0.5773502588272095,0.5773502588272095,0.6666666865348816,0.6666666865348816,0.5773502588272095,0.5773502588272095,0.6666666865348816,0.6666666865348816,0.6666666865348816,0.6666666865348816,0.0,0.0,0.0,0.0,0.25819888710975647,0.25819888710975647,0.28867512941360474,0.3333333432674408,0.3333333432674408,0.3333333432674408,0.3333333432674408,0.0,0.0,0.0,0.0,0.0,0.0,0.0,0.0,0.28867512941360474,0.28867512941360474,0.28867512941360474,0.28867512941360474,0.0,0.0,0.40824830532073975,0.40824830532073975,0.0,0.0,0.0,0.0,0.40824830532073975,0.0,0.0,0.6666666865348816,0.0,0.0,0.0,0.0,0.0,0.0,0.0,0.0,0.28867512941360474,0.28867512941360474,0.0,0.0,0.28867512941360474,0.28867512941360474,0.0,0.0,0.0,0.0,0.866025447845459,0.866025447845459,0.866025447845459,1.0,0.8164966106414795,0.8164966106414795,0.8164966106414795,0.6666666865348816,0.6666666865348816,0.40824830532073975,0.866025447845459,0.6666666865348816,0.8164966106414795,0.8164966106414795,0.8164966106414795,0.8164966106414795,0.8164966106414795,0.866025447845459,1.0,0.8164966106414795,0.8164966106414795,0.8164966106414795,0.8164966106414795,0.8164966106414795,0.8164966106414795,0.8164966106414795,0.8164966106414795,0.6666666865348816,0.40824830532073975,0.866025447845459,0.8164966106414795,0.8164966106414795,0.8164966106414795,0.8164966106414795,0.6666666865348816,0.6666666865348816,0.6666666865348816,0.6666666865348816,0.8164966106414795,0.5773502588272095,0.5773502588272095,0.5773502588272095,0.5773502588272095,0.5773502588272095,0.5773502588272095,0.5773502588272095,0.40824830532073975,0.8164966106414795,0.6666666865348816,0.5773502588272095,0.5773502588272095,0.5773502588272095,0.5773502588272095,0.5773502588272095,0.5773502588272095,0.5773502588272095,0.5773502588272095,0.5773502588272095,0.866025447845459,0.866025447845459,0.8164966106414795,0.8164966106414795,0.8164966106414795,0.8164966106414795,0.8164966106414795,0.8164966106414795,0.8164966106414795,0.8164966106414795,0.8164966106414795,0.6666666865348816,0.6666666865348816,0.6666666865348816,0.6666666865348816,0.8164966106414795,0.8164966106414795,0.5773502588272095,0.5773502588272095,0.5773502588272095,0.5773502588272095
DA05,0.0,0.0,0.0,0.0,0.0,0.0,0.0,0.0,0.0,0.0,0.0,0.0,0.0,0.0,0.0,0.0,0.0,0.0,0.0,0.0,0.0,0.0,0.0,0.0,0.0,0.0,0.0,0.0,0.0,0.0,0.0,0.0,0.0,0.0,0.0,0.0,0.0,0.0,0.0,0.0,0.0,0.0,0.0,0.0,0.0,0.0,0.0,0.0,0.0,0.0,0.0,0.0,0.0,0.0,0.0,0.0,0.0,0.0,0.0,0.0,0.0,0.0,0.40824830532073975,0.7071067690849304,0.5000000596046448,0.5000000596046448,0.0,0.0,0.28867512941360474,0.28867512941360474,0.0,0.0,0.40824830532073975,0.40824830532073975,0.0,0.0,0.0,0.0,0.0,0.0,0.0,0.0,0.0,0.5000000596046448,0.0,0.0,0.7071067690849304,0.7071067690849304,0.0,0.0,0.0,0.0,0.0,0.0,0.0,0.0,0.0,0.0,0.3535533845424652,0.0,0.0,0.0,0.0,0.0,0.0,0.0,0.0,0.0,0.0,0.0,0.0,0.0,0.0,0.0,0.0,0.3162277638912201,0.0,0.0,0.0,0.0,0.0,0.0,0.0,0.0,0.0,0.0,0.0,0.0,0.0,0.0,0.0,0.0,0.0,0.0,0.0,0.0,0.0,0.3535533845424652,0.3535533845424652,0.40824830532073975,0.3535533845424652,0.3535533845424652,0.3535533845424652,0.3535533845424652,0.3535533845424652,0.3535533845424652,0.40824830532073975,0.5000000596046448,0.3535533845424652,0.3535533845424652,0.3535533845424652,0.3535533845424652,0.3535533845424652,0.3535533845424652,0.3535533845424652,0.2357022762298584,0.3535533845424652,0.5000000596046448,0.5000000596046448,0.3535533845424652,0.3535533845424652,0.3535533845424652,0.40824830532073975,0.40824830532073975,0.3535533845424652,0.3535533845424652,0.40824830532073975,0.40824830532073975,0.40824830532073975,0.40824830532073975,0.0,0.0,0.0,0.0,0.0,0.0,0.0,0.0,0.0,0.0,0.0,0.0,0.0,0.0,0.0,0.0,0.0,0.0,0.0,0.0,0.0,0.0,0.0,0.0,0.0,0.0,0.0,0.0,0.0,0.0,0.0,0.5000000596046448,0.0,0.0,0.40824830532073975,0.0,0.0,0.0,0.0,0.0,0.0,0.0,0.0,0.0,0.0,0.0,0.0,0.0,0.0,0.0,0.0,0.0,0.0,0.7071067690849304,0.7071067690849304,0.7071067690849304,0.8164966106414795,1.0,1.0000001192092896,1.0000001192092896,0.8164966106414795,0.8164966106414795,0.5000000596046448,0.7071067690849304,0.8164966106414795,1.0000001192092896,1.0000001192092896,1.0000001192092896,1.0000001192092896,1.0000001192092896,0.7071067690849304,0.8164966106414795,1.0000001192092896,1.0000001192092896,1.0000001192092896,1.0000001192092896,1.0000001192092896,1.0000001192092896,1.0000001192092896,1.0000001192092896,0.8164966106414795,0.5000000596046448,0.7071067690849304,1.0000001192092896,1.0000001192092896,1.0000001192092896,1.0000001192092896,0.8164966106414795,0.40824830532073975,0.40824830532073975,0.40824830532073975,0.5000000596046448,0.7071067690849304,0.7071067690849304,0.7071067690849304,0.7071067690849304,0.7071067690849304,0.7071067690849304,0.7071067690849304,0.5000000596046448,0.5000000596046448,0.40824830532073975,0.7071067690849304,0.7071067690849304,0.7071067690849304,0.7071067690849304,0.7071067690849304,0.7071067690849304,0.7071067690849304,0.7071067690849304,0.7071067690849304,0.7071067690849304,0.7071067690849304,1.0000001192092896,1.0000001192092896,1.0000001192092896,1.0000001192092896,1.0000001192092896,1.0000001192092896,1.0000001192092896,1.0000001192092896,1.0000001192092896,0.8164966106414795,0.8164966106414795,0.40824830532073975,0.40824830532073975,0.5000000596046448,0.5000000596046448,0.7071067690849304,0.7071067690849304,0.7071067690849304,0.7071067690849304
DA06,0.0,0.0,0.0,0.0,0.0,0.0,0.0,0.0,0.0,0.0,0.0,0.0,0.0,0.0,0.0,0.0,0.0,0.0,0.0,0.0,0.0,0.0,0.0,0.0,0.0,0.0,0.0,0.0,0.0,0.0,0.0,0.0,0.0,0.0,0.0,0.0,0.0,0.0,0.0,0.0,0.0,0.0,0.0,0.0,0.0,0.0,0.0,0.0,0.0,0.0,0.0,0.0,0.0,0.0,0.0,0.0,0.0,0.0,0.0,0.0,0.0,0.0,0.40824830532073975,0.7071067690849304,0.5000000596046448,0.5000000596046448,0.0,0.0,0.28867512941360474,0.28867512941360474,0.0,0.0,0.40824830532073975,0.40824830532073975,0.0,0.0,0.0,0.0,0.0,0.0,0.0,0.0,0.0,0.5000000596046448,0.0,0.0,0.7071067690849304,0.7071067690849304,0.0,0.0,0.0,0.0,0.0,0.0,0.0,0.0,0.0,0.0,0.3535533845424652,0.0,0.0,0.0,0.0,0.0,0.0,0.0,0.0,0.0,0.0,0.0,0.0,0.0,0.0,0.0,0.0,0.3162277638912201,0.0,0.0,0.0,0.0,0.0,0.0,0.0,0.0,0.0,0.0,0.0,0.0,0.0,0.0,0.0,0.0,0.0,0.0,0.0,0.0,0.0,0.3535533845424652,0.3535533845424652,0.40824830532073975,0.3535533845424652,0.3535533845424652,0.3535533845424652,0.3535533845424652,0.3535533845424652,0.3535533845424652,0.40824830532073975,0.5000000596046448,0.3535533845424652,0.3535533845424652,0.3535533845424652,0.3535533845424652,0.3535533845424652,0.3535533845424652,0.3535533845424652,0.2357022762298584,0.3535533845424652,0.5000000596046448,0.5000000596046448,0.3535533845424652,0.3535533845424652,0.3535533845424652,0.40824830532073975,0.40824830532073975,0.3535533845424652,0.3535533845424652,0.40824830532073975,0.40824830532073975,0.40824830532073975,0.40824830532073975,0.0,0.0,0.0,0.0,0.0,0.0,0.0,0.0,0.0,0.0,0.0,0.0,0.0,0.0,0.0,0.0,0.0,0.0,0.0,0.0,0.0,0.0,0.0,0.0,0.0,0.0,0.0,0.0,0.0,0.0,0.0,0.5000000596046448,0.0,0.0,0.40824830532073975,0.0,0.0,0.0,0.0,0.0,0.0,0.0,0.0,0.0,0.0,0.0,0.0,0.0,0.0,0.0,0.0,0.0,0.0,0.7071067690849304,0.7071067690849304,0.7071067690849304,0.8164966106414795,1.0000001192092896,1.0,1.0000001192092896,0.8164966106414795,0.8164966106414795,0.5000000596046448,0.7071067690849304,0.8164966106414795,1.0000001192092896,1.0000001192092896,1.0000001192092896,1.0000001192092896,1.0000001192092896,0.7071067690849304,0.8164966106414795,1.0000001192092896,1.0000001192092896,1.0000001192092896,1.0000001192092896,1.0000001192092896,1.0000001192092896,1.0000001192092896,1.0000001192092896,0.8164966106414795,0.5000000596046448,0.7071067690849304,1.0000001192092896,1.0000001192092896,1.0000001192092896,1.0000001192092896,0.8164966106414795,0.40824830532073975,0.40824830532073975,0.40824830532073975,0.5000000596046448,0.7071067690849304,0.7071067690849304,0.7071067690849304,0.7071067690849304,0.7071067690849304,0.7071067690849304,0.7071067690849304,0.5000000596046448,0.5000000596046448,0.40824830532073975,0.7071067690849304,0.7071067690849304,0.7071067690849304,0.7071067690849304,0.7071067690849304,0.7071067690849304,0.7071067690849304,0.7071067690849304,0.7071067690849304,0.7071067690849304,0.7071067690849304,1.0000001192092896,1.0000001192092896,1.0000001192092896,1.0000001192092896,1.0000001192092896,1.0000001192092896,1.0000001192092896,1.0000001192092896,1.0000001192092896,0.8164966106414795,0.8164966106414795,0.40824830532073975,0.40824830532073975,0.5000000596046448,0.5000000596046448,0.7071067690849304,0.7071067690849304,0.7071067690849304,0.7071067690849304
DA07,0.0,0.0,0.0,0.0,0.0,0.0,0.0,0.0,0.0,0.0,0.0,0.0,0.0,0.0,0.0,0.0,0.0,0.0,0.0,0.0,0.0,0.0,0.0,0.0,0.0,0.0,0.0,0.0,0.0,0.0,0.0,0.0,0.0,0.0,0.0,0.0,0.0,0.0,0.0,0.0,0.0,0.0,0.0,0.0,0.0,0.0,0.0,0.0,0.0,0.0,0.0,0.0,0.0,0.0,0.0,0.0,0.0,0.0,0.0,0.0,0.0,0.0,0.40824830532073975,0.7071067690849304,0.5000000596046448,0.5000000596046448,0.0,0.0,0.28867512941360474,0.28867512941360474,0.0,0.0,0.40824830532073975,0.40824830532073975,0.0,0.0,0.0,0.0,0.0,0.0,0.0,0.0,0.0,0.5000000596046448,0.0,0.0,0.7071067690849304,0.7071067690849304,0.0,0.0,0.0,0.0,0.0,0.0,0.0,0.0,0.0,0.0,0.3535533845424652,0.0,0.0,0.0,0.0,0.0,0.0,0.0,0.0,0.0,0.0,0.0,0.0,0.0,0.0,0.0,0.0,0.3162277638912201,0.0,0.0,0.0,0.0,0.0,0.0,0.0,0.0,0.0,0.0,0.0,0.0,0.0,0.0,0.0,0.0,0.0,0.0,0.0,0.0,0.0,0.3535533845424652,0.3535533845424652,0.40824830532073975,0.3535533845424652,0.3535533845424652,0.3535533845424652,0.3535533845424652,0.3535533845424652,0.3535533845424652,0.40824830532073975,0.5000000596046448,0.3535533845424652,0.3535533845424652,0.3535533845424652,0.3535533845424652,0.3535533845424652,0.3535533845424652,0.3535533845424652,0.2357022762298584,0.3535533845424652,0.5000000596046448,0.5000000596046448,0.3535533845424652,0.3535533845424652,0.3535533845424652,0.40824830532073975,0.40824830532073975,0.3535533845424652,0.3535533845424652,0.40824830532073975,0.40824830532073975,0.40824830532073975,0.40824830532073975,0.0,0.0,0.0,0.0,0.0,0.0,0.0,0.0,0.0,0.0,0.0,0.0,0.0,0.0,0.0,0.0,0.0,0.0,0.0,0.0,0.0,0.0,0.0,0.0,0.0,0.0,0.0,0.0,0.0,0.0,0.0,0.5000000596046448,0.0,0.0,0.40824830532073975,0.0,0.0,0.0,0.0,0.0,0.0,0.0,0.0,0.0,0.0,0.0,0.0,0.0,0.0,0.0,0.0,0.0,0.0,0.7071067690849304,0.7071067690849304,0.7071067690849304,0.8164966106414795,1.0000001192092896,1.0000001192092896,1.0,0.8164966106414795,0.8164966106414795,0.5000000596046448,0.7071067690849304,0.8164966106414795,1.0000001192092896,1.0000001192092896,1.0000001192092896,1.0000001192092896,1.0000001192092896,0.7071067690849304,0.8164966106414795,1.0000001192092896,1.0000001192092896,1.0000001192092896,1.0000001192092896,1.0000001192092896,1.0000001192092896,1.0000001192092896,1.0000001192092896,0.8164966106414795,0.5000000596046448,0.7071067690849304,1.0000001192092896,1.0000001192092896,1.0000001192092896,1.0000001192092896,0.8164966106414795,0.40824830532073975,0.40824830532073975,0.40824830532073975,0.5000000596046448,0.7071067690849304,0.7071067690849304,0.7071067690849304,0.7071067690849304,0.7071067690849304,0.7071067690849304,0.7071067690849304,0.5000000596046448,0.5000000596046448,0.40824830532073975,0.7071067690849304,0.7071067690849304,0.7071067690849304,0.7071067690849304,0.7071067690849304,0.7071067690849304,0.7071067690849304,0.7071067690849304,0.7071067690849304,0.7071067690849304,0.7071067690849304,1.0000001192092896,1.0000001192092896,1.0000001192092896,1.0000001192092896,1.0000001192092896,1.0000001192092896,1.0000001192092896,1.0000001192092896,1.0000001192092896,0.8164966106414795,0.8164966106414795,0.40824830532073975,0.40824830532073975,0.5000000596046448,0.5000000596046448,0.7071067690849304,0.7071067690849304,0.7071067690849304,0.7071067690849304
DA08,0.0,0.0,0.0,0.0,0.0,0.0,0.0,0.0,0.0,0.0,0.0,0.0,0.0,0.0,0.0,0.0,0.0,0.0,0.0,0.0,0.0,0.0,0.0,0.0,0.0,0.0,0.0,0.0,0.0,0.0,0.0,0.0,0.0,0.0,0.0,0.0,0.0,0.0,0.0,0.0,0.0,0.0,0.0,0.0,0.0,0.0,0.0,0.0,0.0,0.0,0.0,0.0,0.0,0.0,0.0,0.0,0.0,0.0,0.0,0.0,0.0,0.0,0.3333333432674408,0.5773502588272095,0.40824830532073975,0.40824830532073975,0.0,0.0,0.235702246427536,0.235702246427536,0.0,0.0,0.3333333432674408,0.3333333432674408,0.0,0.0,0.0,0.0,0.0,0.0,0.0,0.0,0.0,0.8164966106414795,0.0,0.0,0.5773502588272095,0.5773502588272095,0.5773502588272095,0.5773502588272095,0.5773502588272095,0.5773502588272095,0.40824830532073975,0.40824830532073975,0.0,0.0,0.0,0.0,0.5773502588272095,0.0,0.0,0.0,0.0,0.0,0.0,0.0,0.0,0.0,0.0,0.0,0.0,0.0,0.0,0.0,0.0,0.25819888710975647,0.0,0.0,0.0,0.0,0.0,0.0,0.0,0.0,0.0,0.0,0.0,0.0,0.0,0.0,0.0,0.0,0.0,0.0,0.0,0.0,0.0,0.5773502588272095,0.5773502588272095,0.6666666865348816,0.5773502588272095,0.5773502588272095,0.5773502588272095,0.5773502588272095,0.5773502588272095,0.5773502588272095,0.3333333432674408,0.8164966106414795,0.5773502588272095,0.5773502588272095,0.5773502588272095,0.5773502588272095,0.5773502588272095,0.5773502588272095,0.5773502588272095,0.38490018248558044,0.5773502588272095,0.8164966106414795,0.8164966106414795,0.28867512941360474,0.5773502588272095,0.5773502588272095,0.3333333432674408,0.3333333432674408,0.28867512941360474,0.28867512941360474,0.3333333432674408,0.3333333432674408,0.3333333432674408,0.3333333432674408,0.5773502588272095,0.5773502588272095,0.0,0.0,0.0,0.0,0.0,0.0,0.0,0.0,0.0,0.0,0.0,0.0,0.0,0.0,0.0,0.0,0.0,0.0,0.0,0.0,0.0,0.0,0.0,0.0,0.0,0.0,0.0,0.0,0.0,0.40824830532073975,0.0,0.0,0.3333333432674408,0.0,0.0,0.0,0.0,0.0,0.0,0.0,0.0,0.0,0.0,0.0,0.0,0.0,0.0,0.0,0.0,0.0,0.0,0.5773502588272095,0.5773502588272095,0.5773502588272095,0.6666666865348816,0.8164966106414795,0.8164966106414795,0.8164966106414795,1.0,1.0,0.8164966106414795,0.5773502588272095,0.6666666865348816,0.8164966106414795,0.8164966106414795,0.8164966106414795,0.8164966106414795,0.8164966106414795,0.5773502588272095,0.6666666865348816,0.8164966106414795,0.8164966106414795,0.8164966106414795,0.8164966106414795,0.8164966106414795,0.8164966106414795,0.8164966106414795,0.8164966106414795,1.0,0.8164966106414795,0.5773502588272095,0.8164966106414795,0.8164966106414795,0.8164966106414795,0.8164966106414795,1.0,0.3333333432674408,0.3333333432674408,0.3333333432674408,0.40824830532073975,0.5773502588272095,0.5773502588272095,0.5773502588272095,0.5773502588272095,0.5773502588272095,0.5773502588272095,0.5773502588272095,0.8164966106414795,0.40824830532073975,0.3333333432674408,0.5773502588272095,0.5773502588272095,0.5773502588272095,0.5773502588272095,0.5773502588272095,0.5773502588272095,0.5773502588272095,0.5773502588272095,0.5773502588272095,0.5773502588272095,0.5773502588272095,0.8164966106414795,0.8164966106414795,0.8164966106414795,0.8164966106414795,0.8164966106414795,0.8164966106414795,0.8164966106414795,0.8164966106414795,0.8164966106414795,1.0,1.0,0.3333333432674408,0.3333333432674408,0.40824830532073975,0.40824830532073975,0.5773502588272095,0.5773502588272095,0.5773502588272095,0.5773502588272095
DA09,0.0,0.0,0.0,0.0,0.0,0.0,0.0,0.0,0.0,0.0,0.0,0.0,0.0,0.0,0.0,0.0,0.0,0.0,0.0,0.0,0.0,0.0,0.0,0.0,0.0,0.0,0.0,0.0,0.0,0.0,0.0,0.0,0.0,0.0,0.0,0.0,0.0,0.0,0.0,0.0,0.0,0.0,0.0,0.0,0.0,0.0,0.0,0.0,0.0,0.0,0.0,0.0,0.0,0.0,0.0,0.0,0.0,0.0,0.0,0.0,0.0,0.0,0.3333333432674408,0.5773502588272095,0.40824830532073975,0.40824830532073975,0.0,0.0,0.235702246427536,0.235702246427536,0.0,0.0,0.3333333432674408,0.3333333432674408,0.0,0.0,0.0,0.0,0.0,0.0,0.0,0.0,0.0,0.8164966106414795,0.0,0.0,0.5773502588272095,0.5773502588272095,0.5773502588272095,0.5773502588272095,0.5773502588272095,0.5773502588272095,0.40824830532073975,0.40824830532073975,0.0,0.0,0.0,0.0,0.5773502588272095,0.0,0.0,0.0,0.0,0.0,0.0,0.0,0.0,0.0,0.0,0.0,0.0,0.0,0.0,0.0,0.0,0.25819888710975647,0.0,0.0,0.0,0.0,0.0,0.0,0.0,0.0,0.0,0.0,0.0,0.0,0.0,0.0,0.0,0.0,0.0,0.0,0.0,0.0,0.0,0.5773502588272095,0.5773502588272095,0.6666666865348816,0.5773502588272095,0.5773502588272095,0.5773502588272095,0.5773502588272095,0.5773502588272095,0.5773502588272095,0.3333333432674408,0.8164966106414795,0.5773502588272095,0.5773502588272095,0.5773502588272095,0.5773502588272095,0.5773502588272095,0.5773502588272095,0.5773502588272095,0.38490018248558044,0.5773502588272095,0.8164966106414795,0.8164966106414795,0.28867512941360474,0.5773502588272095,0.5773502588272095,0.3333333432674408,0.3333333432674408,0.28867512941360474,0.28867512941360474,0.3333333432674408,0.3333333432674408,0.3333333432674408,0.3333333432674408,0.5773502588272095,0.5773502588272095,0.0,0.0,0.0,0.0,0.0,0.0,0.0,0.0,0.0,0.0,0.0,0.0,0.0,0.0,0.0,0.0,0.0,0.0,0.0,0.0,0.0,0.0,0.0,0.0,0.0,0.0,0.0,0.0,0.0,0.40824830532073975,0.0,0.0,0.3333333432674408,0.0,0.0,0.0,0.0,0.0,0.0,0.0,0.0,0.0,0.0,0.0,0.0,0.0,0.0,0.0,0.0,0.0,0.0,0.5773502588272095,0.5773502588272095,0.5773502588272095,0.6666666865348816,0.8164966106414795,0.8164966106414795,0.8164966106414795,1.0,1.0,0.8164966106414795,0.5773502588272095,0.6666666865348816,0.8164966106414795,0.8164966106414795,0.8164966106414795,0.8164966106414795,0.8164966106414795,0.5773502588272095,0.6666666865348816,0.8164966106414795,0.8164966106414795,0.8164966106414795,0.8164966106414795,0.8164966106414795,0.8164966106414795,0.8164966106414795,0.8164966106414795,1.0,0.8164966106414795,0.5773502588272095,0.8164966106414795,0.8164966106414795,0.8164966106414795,0.8164966106414795,1.0,0.3333333432674408,0.3333333432674408,0.3333333432674408,0.40824830532073975,0.5773502588272095,0.5773502588272095,0.5773502588272095,0.5773502588272095,0.5773502588272095,0.5773502588272095,0.5773502588272095,0.8164966106414795,0.40824830532073975,0.3333333432674408,0.5773502588272095,0.5773502588272095,0.5773502588272095,0.5773502588272095,0.5773502588272095,0.5773502588272095,0.5773502588272095,0.5773502588272095,0.5773502588272095,0.5773502588272095,0.5773502588272095,0.8164966106414795,0.8164966106414795,0.8164966106414795,0.8164966106414795,0.8164966106414795,0.8164966106414795,0.8164966106414795,0.8164966106414795,0.8164966106414795,1.0,1.0,0.3333333432674408,0.3333333432674408,0.40824830532073975,0.40824830532073975,0.5773502588272095,0.5773502588272095,0.5773502588272095,0.5773502588272095
PDA,0.0,0.0,0.0,0.0,0.0,0.0,0.0,0.0,0.0,0.0,0.0,0.0,0.0,0.0,0.0,0.0,0.0,0.0,0.0,0.0,0.0,0.0,0.0,0.0,0.0,0.0,0.0,0.0,0.0,0.0,0.0,0.0,0.0,0.0,0.0,0.0,0.0,0.0,0.0,0.0,0.0,0.0,0.0,0.0,0.0,0.0,0.0,0.0,0.0,0.0,0.0,0.0,0.0,0.0,0.0,0.0,0.0,0.0,0.0,0.0,0.0,0.0,0.0,0.0,0.0,0.0,0.0,0.0,0.0,0.0,0.0,0.0,0.0,0.0,0.0,0.0,0.0,0.0,0.0,0.0,0.0,0.0,0.0,0.5000000596046448,0.0,0.0,0.0,0.0,0.7071067690849304,0.7071067690849304,0.7071067690849304,0.7071067690849304,0.5000000596046448,0.5000000596046448,0.0,0.0,0.0,0.0,0.3535533845424652,0.0,0.0,0.0,0.0,0.0,0.0,0.0,0.0,0.0,0.0,0.0,0.0,0.0,0.0,0.0,0.0,0.3162277638912201,0.0,0.0,0.0,0.0,0.0,0.0,0.0,0.0,0.0,0.0,0.0,0.0,0.0,0.0,0.0,0.0,0.0,0.0,0.0,0.0,0.0,0.3535533845424652,0.3535533845424652,0.40824830532073975,0.3535533845424652,0.3535533845424652,0.3535533845424652,0.3535533845424652,0.3535533845424652,0.3535533845424652,0.0,0.5000000596046448,0.3535533845424652,0.3535533845424652,0.3535533845424652,0.3535533845424652,0.3535533845424652,0.3535533845424652,0.3535533845424652,0.2357022762298584,0.3535533845424652,0.5000000596046448,0.5000000596046448,0.3535533845424652,0.3535533845424652,0.3535533845424652,0.0,0.0,0.0,0.0,0.0,0.0,0.0,0.0,0.7071067690849304,0.7071067690849304,0.0,0.0,0.0,0.0,0.0,0.0,0.0,0.0,0.0,0.0,0.0,0.0,0.0,0.0,0.0,0.0,0.0,0.0,0.0,0.0,0.0,0.0,0.0,0.0,0.0,0.0,0.0,0.0,0.0,0.5000000596046448,0.0,0.0,0.0,0.0,0.0,0.0,0.0,0.0,0.0,0.0,0.0,0.0,0.0,0.0,0.0,0.0,0.0,0.0,0.0,0.0,0.0,0.3535533845424652,0.3535533845424652,0.3535533845424652,0.40824830532073975,0.5000000596046448,0.5000000596046448,0.5000000596046448,0.8164966106414795,0.8164966106414795,1.0,0.3535533845424652,0.40824830532073975,0.5000000596046448,0.5000000596046448,0.5000000596046448,0.5000000596046448,0.5000000596046448,0.3535533845424652,0.40824830532073975,0.5000000596046448,0.5000000596046448,0.5000000596046448,0.5000000596046448,0.5000000596046448,0.5000000596046448,0.5000000596046448,0.5000000596046448,0.8164966106414795,1.0000001192092896,0.3535533845424652,0.5000000596046448,0.5000000596046448,0.5000000596046448,0.5000000596046448,0.8164966106414795,0.0,0.0,0.0,0.0,0.0,0.0,0.0,0.0,0.0,0.0,0.0,0.5000000596046448,0.0,0.0,0.0,0.0,0.0,0.0,0.0,0.0,0.0,0.0,0.0,0.3535533845424652,0.3535533845424652,0.5000000596046448,0.5000000596046448,0.5000000596046448,0.5000000596046448,0.5000000596046448,0.5000000596046448,0.5000000596046448,0.5000000596046448,0.5000000596046448,0.8164966106414795,0.8164966106414795,0.0,0.0,0.0,0.0,0.0,0.0,0.0,0.0
DB01,0.0,0.0,0.0,0.0,0.0,0.0,0.0,0.0,0.0,0.0,0.0,0.0,0.0,0.0,0.0,0.0,0.0,0.0,0.0,0.0,0.25,0.25,0.0,0.0,0.25,0.25,0.25,0.25,0.25,0.25,0.25,0.25,0.25,0.25,0.25,0.25,0.25,0.25,0.25,0.25,0.25,0.25,0.25,0.25,0.0,0.0,0.0,0.0,0.0,0.0,0.0,0.0,0.0,0.0,0.0,0.0,0.0,0.0,0.0,0.0,0.0,0.0,0.5773502588272095,0.5,0.3535533845424652,0.3535533845424652,0.0,0.0,0.40824827551841736,0.40824827551841736,0.25,0.25,0.28867512941360474,0.28867512941360474,0.0,0.0,0.0,0.0,0.0,0.0,0.0,0.0,0.28867512941360474,0.3535533845424652,0.0,0.0,0.5,0.5,0.0,0.0,0.0,0.0,0.0,0.0,0.0,0.0,0.0,0.0,0.5,0.25,0.25,0.3535533845424652,0.3535533845424652,0.28867512941360474,0.28867512941360474,0.3535533845424652,0.3535533845424652,0.28867512941360474,0.28867512941360474,0.0,0.0,0.0,0.0,0.3535533845424652,0.3535533845424652,0.22360679507255554,0.25,0.25,0.0,0.0,0.0,0.0,0.3535533845424652,0.3535533845424652,0.28867512941360474,0.28867512941360474,0.28867512941360474,0.28867512941360474,0.3535533845424652,0.3535533845424652,0.3535533845424652,0.3535533845424652,0.0,0.0,0.3535533845424652,0.28867512941360474,0.28867512941360474,0.5,0.5,0.5773502588272095,0.5,0.5,0.5,0.5,0.5,0.5,0.5773502588272095,0.3535533845424652,0.5,0.5,0.5,0.5,0.5,0.5,0.5,0.3333333432674408,0.5,0.3535533845424652,0.3535533845424652,0.5,0.5,0.5,0.5773502588272095,0.5773502588272095,0.5,0.5,0.5773502588272095,0.5773502588272095,0.5773502588272095,0.5773502588272095,0.0,0.0,0.0,0.0,0.22360679507255554,0.22360679507255554,0.25,0.28867512941360474,0.28867512941360474,0.28867512941360474,0.28867512941360474,0.0,0.0,0.0,0.0,0.0,0.0,0.0,0.0,0.25,0.25,0.25,0.25,0.0,0.0,0.3535533845424652,0.3535533845424652,0.0,0.0,0.0,0.0,0.3535533845424652,0.0,0.0,0.5773502588272095,0.0,0.0,0.0,0.0,0.0,0.0,0.0,0.0,0.25,0.25,0.0,0.0,0.25,0.25,0.0,0.0,0.0,0.0,1.0,1.0,1.0,0.866025447845459,0.7071067690849304,0.7071067690849304,0.7071067690849304,0.5773502588272095,0.5773502588272095,0.3535533845424652,1.0,0.866025447845459,0.7071067690849304,0.7071067690849304,0.7071067690849304,0.7071067690849304,0.7071067690849304,1.0,0.866025447845459,0.7071067690849304,0.7071067690849304,0.7071067690849304,0.7071067690849304,0.7071067690849304,0.7071067690849304,0.7071067690849304,0.7071067690849304,0.5773502588272095,0.3535533845424652,1.0,0.7071067690849304,0.7071067690849304,0.7071067690849304,0.7071067690849304,0.5773502588272095,0.866025447845459,0.866025447845459,0.866025447845459,0.7071067690849304,0.5,0.5,0.5,0.5,0.5,0.5,0.5,0.3535533845424652,0.7071067690849304,0.866025447845459,0.5,0.5,0.5,0.5,0.5,0.5,0.5,0.5,0.5,1.0,1.0,0.7071067690849304,0.7071067690849304,0.7071067690849304,0.7071067690849304,0.7071067690849304,0.7071067690849304,0.7071067690849304,0.7071067690849304,0.7071067690849304,0.5773502588272095,0.5773502588272095,0.5773502588272095,0.5773502588272095,0.7071067690849304,0.7071067690849304,0.5,0.5,0.5,0.5
DB02,0.0,0.0,0.0,0.0,0.0,0.0,0.0,0.0,0.0,0.0,0.0,0.0,0.0,0.0,0.0,0.0,0.0,0.0,0.0,0.0,0.0,0.0,0.0,0.0,0.0,0.0,0.0,0.0,0.0,0.0,0.0,0.0,0.0,0.0,0.0,0.0,0.0,0.0,0.0,0.0,0.0,0.0,0.0,0.0,0.0,0.0,0.0,0.0,0.0,0.0,0.0,0.0,0.0,0.0,0.0,0.0,0.0,0.0,0.0,0.0,0.0,0.0,0.3333333432674408,0.5773502588272095,0.40824830532073975,0.40824830532073975,0.0,0.0,0.235702246427536,0.235702246427536,0.0,0.0,0.3333333432674408,0.3333333432674408,0.0,0.0,0.0,0.0,0.0,0.0,0.0,0.0,0.0,0.40824830532073975,0.0,0.0,0.5773502588272095,0.5773502588272095,0.0,0.0,0.0,0.0,0.0,0.0,0.0,0.0,0.0,0.0,0.28867512941360474,0.0,0.0,0.0,0.0,0.0,0.0,0.0,0.0,0.0,0.0,0.0,0.0,0.0,0.0,0.0,0.0,0.25819888710975647,0.0,0.0,0.0,0.0,0.0,0.0,0.0,0.0,0.0,0.0,0.0,0.0,0.0,0.0,0.0,0.0,0.0,0.0,0.0,0.0,0.0,0.28867512941360474,0.28867512941360474,0.3333333432674408,0.28867512941360474,0.28867512941360474,0.28867512941360474,0.28867512941360474,0.28867512941360474,0.28867512941360474,0.3333333432674408,0.40824830532073975,0.28867512941360474,0.28867512941360474,0.28867512941360474,0.28867512941360474,0.28867512941360474,0.28867512941360474,0.28867512941360474,0.19245009124279022,0.28867512941360474,0.40824830532073975,0.40824830532073975,0.28867512941360474,0.28867512941360474,0.28867512941360474,0.3333333432674408,0.3333333432674408,0.28867512941360474,0.28867512941360474,0.3333333432674408,0.3333333432674408,0.3333333432674408,0.3333333432674408,0.0,0.0,0.0,0.0,0.0,0.0,0.0,0.0,0.0,0.0,0.0,0.0,0.0,0.0,0.0,0.0,0.0,0.0,0.0,0.0,0.0,0.0,0.0,0.0,0.0,0.0,0.0,0.0,0.0,0.0,0.0,0.40824830532073975,0.0,0.0,0.3333333432674408,0.0,0.0,0.0,0.0,0.0,0.0,0.0,0.0,0.0,0.0,0.0,0.0,0.0,0.0,0.0,0.0,0.0,0.0,0.866025447845459,0.866025447845459,0.866025447845459,0.6666666865348816,0.8164966106414795,0.8164966106414795,0.8164966106414795,0.6666666865348816,0.6666666865348816,0.40824830532073975,0.866025447845459,1.0,0.8164966106414795,0.8164966106414795,0.8164966106414795,0.8164966106414795,0.8164966106414795,0.866025447845459,0.6666666865348816,0.8164966106414795,0.8164966106414795,0.8164966106414795,0.8164966106414795,0.8164966106414795,0.8164966106414795,0.8164966106414795,0.8164966106414795,0.6666666865348816,0.40824830532073975,0.866025447845459,0.8164966106414795,0.8164966106414795,0.8164966106414795,0.8164966106414795,0.6666666865348816,0.6666666865348816,0.6666666865348816,0.6666666865348816,0.40824830532073975,0.5773502588272095,0.5773502588272095,0.5773502588272095,0.5773502588272095,0.5773502588272095,0.5773502588272095,0.5773502588272095,0.40824830532073975,0.40824830532073975,0.6666666865348816,0.5773502588272095,0.5773502588272095,0.5773502588272095,0.5773502588272095,0.5773502588272095,0.5773502588272095,0.5773502588272095,0.5773502588272095,0.5773502588272095,0.866025447845459,0.866025447845459,0.8164966106414795,0.8164966106414795,0.8164966106414795,0.8164966106414795,0.8164966106414795,0.8164966106414795,0.8164966106414795,0.8164966106414795,0.8164966106414795,0.6666666865348816,0.6666666865348816,0.3333333432674408,0.3333333432674408,0.40824830532073975,0.40824830532073975,0.5773502588272095,0.5773502588272095,0.5773502588272095,0.5773502588272095
DB03,0.0,0.0,0.0,0.0,0.0,0.0,0.0,0.0,0.0,0.0,0.0,0.0,0.0,0.0,0.0,0.0,0.0,0.0,0.0,0.0,0.0,0.0,0.0,0.0,0.0,0.0,0.0,0.0,0.0,0.0,0.0,0.0,0.0,0.0,0.0,0.0,0.0,0.0,0.0,0.0,0.0,0.0,0.0,0.0,0.0,0.0,0.0,0.0,0.0,0.0,0.0,0.0,0.0,0.0,0.0,0.0,0.0,0.0,0.0,0.0,0.0,0.0,0.40824830532073975,0.7071067690849304,0.5000000596046448,0.5000000596046448,0.0,0.0,0.28867512941360474,0.28867512941360474,0.0,0.0,0.40824830532073975,0.40824830532073975,0.0,0.0,0.0,0.0,0.0,0.0,0.0,0.0,0.0,0.5000000596046448,0.0,0.0,0.7071067690849304,0.7071067690849304,0.0,0.0,0.0,0.0,0.0,0.0,0.0,0.0,0.0,0.0,0.3535533845424652,0.0,0.0,0.0,0.0,0.0,0.0,0.0,0.0,0.0,0.0,0.0,0.0,0.0,0.0,0.0,0.0,0.3162277638912201,0.0,0.0,0.0,0.0,0.0,0.0,0.0,0.0,0.0,0.0,0.0,0.0,0.0,0.0,0.0,0.0,0.0,0.0,0.0,0.0,0.0,0.3535533845424652,0.3535533845424652,0.40824830532073975,0.3535533845424652,0.3535533845424652,0.3535533845424652,0.3535533845424652,0.3535533845424652,0.3535533845424652,0.40824830532073975,0.5000000596046448,0.3535533845424652,0.3535533845424652,0.3535533845424652,0.3535533845424652,0.3535533845424652,0.3535533845424652,0.3535533845424652,0.2357022762298584,0.3535533845424652,0.5000000596046448,0.5000000596046448,0.3535533845424652,0.3535533845424652,0.3535533845424652,0.40824830532073975,0.40824830532073975,0.3535533845424652,0.3535533845424652,0.40824830532073975,0.40824830532073975,0.40824830532073975,0.40824830532073975,0.0,0.0,0.0,0.0,0.0,0.0,0.0,0.0,0.0,0.0,0.0,0.0,0.0,0.0,0.0,0.0,0.0,0.0,0.0,0.0,0.0,0.0,0.0,0.0,0.0,0.0,0.0,0.0,0.0,0.0,0.0,0.5000000596046448,0.0,0.0,0.40824830532073975,0.0,0.0,0.0,0.0,0.0,0.0,0.0,0.0,0.0,0.0,0.0,0.0,0.0,0.0,0.0,0.0,0.0,0.0,0.7071067690849304,0.7071067690849304,0.7071067690849304,0.8164966106414795,1.0000001192092896,1.0000001192092896,1.0000001192092896,0.8164966106414795,0.8164966106414795,0.5000000596046448,0.7071067690849304,0.8164966106414795,1.0,1.0000001192092896,1.0000001192092896,1.0000001192092896,1.0000001192092896,0.7071067690849304,0.8164966106414795,1.0000001192092896,1.0000001192092896,1.0000001192092896,1.0000001192092896,1.0000001192092896,1.0000001192092896,1.0000001192092896,1.0000001192092896,0.8164966106414795,0.5000000596046448,0.7071067690849304,1.0000001192092896,1.0000001192092896,1.0000001192092896,1.0000001192092896,0.8164966106414795,0.40824830532073975,0.40824830532073975,0.40824830532073975,0.5000000596046448,0.7071067690849304,0.7071067690849304,0.7071067690849304,0.7071067690849304,0.7071067690849304,0.7071067690849304,0.7071067690849304,0.5000000596046448,0.5000000596046448,0.40824830532073975,0.7071067690849304,0.7071067690849304,0.7071067690849304,0.7071067690849304,0.7071067690849304,0.7071067690849304,0.7071067690849304,0.7071067690849304,0.7071067690849304,0.7071067690849304,0.7071067690849304,1.0000001192092896,1.0000001192092896,1.0000001192092896,1.0000001192092896,1.0000001192092896,1.0000001192092896,1.0000001192092896,1.0000001192092896,1.0000001192092896,0.8164966106414795,0.8164966106414795,0.40824830532073975,0.40824830532073975,0.5000000596046448,0.5000000596046448,0.7071067690849304,0.7071067690849304,0.7071067690849304,0.7071067690849304
DB04,0.0,0.0,0.0,0.0,0.0,0.0,0.0,0.0,0.0,0.0,0.0,0.0,0.0,0.0,0.0,0.0,0.0,0.0,0.0,0.0,0.0,0.0,0.0,0.0,0.0,0.0,0.0,0.0,0.0,0.0,0.0,0.0,0.0,0.0,0.0,0.0,0.0,0.0,0.0,0.0,0.0,0.0,0.0,0.0,0.0,0.0,0.0,0.0,0.0,0.0,0.0,0.0,0.0,0.0,0.0,0.0,0.0,0.0,0.0,0.0,0.0,0.0,0.40824830532073975,0.7071067690849304,0.5000000596046448,0.5000000596046448,0.0,0.0,0.28867512941360474,0.28867512941360474,0.0,0.0,0.40824830532073975,0.40824830532073975,0.0,0.0,0.0,0.0,0.0,0.0,0.0,0.0,0.0,0.5000000596046448,0.0,0.0,0.7071067690849304,0.7071067690849304,0.0,0.0,0.0,0.0,0.0,0.0,0.0,0.0,0.0,0.0,0.3535533845424652,0.0,0.0,0.0,0.0,0.0,0.0,0.0,0.0,0.0,0.0,0.0,0.0,0.0,0.0,0.0,0.0,0.3162277638912201,0.0,0.0,0.0,0.0,0.0,0.0,0.0,0.0,0.0,0.0,0.0,0.0,0.0,0.0,0.0,0.0,0.0,0.0,0.0,0.0,0.0,0.3535533845424652,0.3535533845424652,0.40824830532073975,0.3535533845424652,0.3535533845424652,0.3535533845424652,0.3535533845424652,0.3535533845424652,0.3535533845424652,0.40824830532073975,0.5000000596046448,0.3535533845424652,0.3535533845424652,0.3535533845424652,0.3535533845424652,0.3535533845424652,0.3535533845424652,0.3535533845424652,0.2357022762298584,0.3535533845424652,0.5000000596046448,0.5000000596046448,0.3535533845424652,0.3535533845424652,0.3535533845424652,0.40824830532073975,0.40824830532073975,0.3535533845424652,0.3535533845424652,0.40824830532073975,0.40824830532073975,0.40824830532073975,0.40824830532073975,0.0,0.0,0.0,0.0,0.0,0.0,0.0,0.0,0.0,0.0,0.0,0.0,0.0,0.0,0.0,0.0,0.0,0.0,0.0,0.0,0.0,0.0,0.0,0.0,0.0,0.0,0.0,0.0,0.0,0.0,0.0,0.5000000596046448,0.0,0.0,0.40824830532073975,0.0,0.0,0.0,0.0,0.0,0.0,0.0,0.0,0.0,0.0,0.0,0.0,0.0,0.0,0.0,0.0,0.0,0.0,0.7071067690849304,0.7071067690849304,0.7071067690849304,0.8164966106414795,1.0000001192092896,1.0000001192092896,1.0000001192092896,0.8164966106414795,0.8164966106414795,0.5000000596046448,0.7071067690849304,0.8164966106414795,1.0000001192092896,1.0,1.0000001192092896,1.0000001192092896,1.0000001192092896,0.7071067690849304,0.8164966106414795,1.0000001192092896,1.0000001192092896,1.0000001192092896,1.0000001192092896,1.0000001192092896,1.0000001192092896,1.0000001192092896,1.0000001192092896,0.8164966106414795,0.5000000596046448,0.7071067690849304,1.0000001192092896,1.0000001192092896,1.0000001192092896,1.0000001192092896,0.8164966106414795,0.40824830532073975,0.40824830532073975,0.40824830532073975,0.5000000596046448,0.7071067690849304,0.7071067690849304,0.7071067690849304,0.7071067690849304,0.7071067690849304,0.7071067690849304,0.7071067690849304,0.5000000596046448,0.5000000596046448,0.40824830532073975,0.7071067690849304,0.7071067690849304,0.7071067690849304,0.7071067690849304,0.7071067690849304,0.7071067690849304,0.7071067690849304,0.7071067690849304,0.7071067690849304,0.7071067690849304,0.7071067690849304,1.0000001192092896,1.0000001192092896,1.0000001192092896,1.0000001192092896,1.0000001192092896,1.0000001192092896,1.0000001192092896,1.0000001192092896,1.0000001192092896,0.8164966106414795,0.8164966106414795,0.40824830532073975,0.40824830532073975,0.5000000596046448,0.5000000596046448,0.7071067690849304,0.7071067690849304,0.7071067690849304,0.7071067690849304
DB05,0.0,0.0,0.0,0.0,0.0,0.0,0.0,0.0,0.0,0.0,0.0,0.0,0.0,0.0,0.0,0.0,0.0,0.0,0.0,0.0,0.0,0.0,0.0,0.0,0.0,0.0,0.0,0.0,0.0,0.0,0.0,0.0,0.0,0.0,0.0,0.0,0.0,0.0,0.0,0.0,0.0,0.0,0.0,0.0,0.0,0.0,0.0,0.0,0.0,0.0,0.0,0.0,0.0,0.0,0.0,0.0,0.0,0.0,0.0,0.0,0.0,0.0,0.40824830532073975,0.7071067690849304,0.5000000596046448,0.5000000596046448,0.0,0.0,0.28867512941360474,0.28867512941360474,0.0,0.0,0.40824830532073975,0.40824830532073975,0.0,0.0,0.0,0.0,0.0,0.0,0.0,0.0,0.0,0.5000000596046448,0.0,0.0,0.7071067690849304,0.7071067690849304,0.0,0.0,0.0,0.0,0.0,0.0,0.0,0.0,0.0,0.0,0.3535533845424652,0.0,0.0,0.0,0.0,0.0,0.0,0.0,0.0,0.0,0.0,0.0,0.0,0.0,0.0,0.0,0.0,0.3162277638912201,0.0,0.0,0.0,0.0,0.0,0.0,0.0,0.0,0.0,0.0,0.0,0.0,0.0,0.0,0.0,0.0,0.0,0.0,0.0,0.0,0.0,0.3535533845424652,0.3535533845424652,0.40824830532073975,0.3535533845424652,0.3535533845424652,0.3535533845424652,0.3535533845424652,0.3535533845424652,0.3535533845424652,0.40824830532073975,0.5000000596046448,0.3535533845424652,0.3535533845424652,0.3535533845424652,0.3535533845424652,0.3535533845424652,0.3535533845424652,0.3535533845424652,0.2357022762298584,0.3535533845424652,0.5000000596046448,0.5000000596046448,0.3535533845424652,0.3535533845424652,0.3535533845424652,0.40824830532073975,0.40824830532073975,0.3535533845424652,0.3535533845424652,0.40824830532073975,0.40824830532073975,0.40824830532073975,0.40824830532073975,0.0,0.0,0.0,0.0,0.0,0.0,0.0,0.0,0.0,0.0,0.0,0.0,0.0,0.0,0.0,0.0,0.0,0.0,0.0,0.0,0.0,0.0,0.0,0.0,0.0,0.0,0.0,0.0,0.0,0.0,0.0,0.5000000596046448,0.0,0.0,0.40824830532073975,0.0,0.0,0.0,0.0,0.0,0.0,0.0,0.0,0.0,0.0,0.0,0.0,0.0,0.0,0.0,0.0,0.0,0.0,0.7071067690849304,0.7071067690849304,0.7071067690849304,0.8164966106414795,1.0000001192092896,1.0000001192092896,1.0000001192092896,0.8164966106414795,0.8164966106414795,0.5000000596046448,0.7071067690849304,0.8164966106414795,1.0000001192092896,1.0000001192092896,1.0,1.0000001192092896,1.0000001192092896,0.7071067690849304,0.8164966106414795,1.0000001192092896,1.0000001192092896,1.0000001192092896,1.0000001192092896,1.0000001192092896,1.0000001192092896,1.0000001192092896,1.0000001192092896,0.8164966106414795,0.5000000596046448,0.7071067690849304,1.0000001192092896,1.0000001192092896,1.0000001192092896,1.0000001192092896,0.8164966106414795,0.40824830532073975,0.40824830532073975,0.40824830532073975,0.5000000596046448,0.7071067690849304,0.7071067690849304,0.7071067690849304,0.7071067690849304,0.7071067690849304,0.7071067690849304,0.7071067690849304,0.5000000596046448,0.5000000596046448,0.40824830532073975,0.7071067690849304,0.7071067690849304,0.7071067690849304,0.7071067690849304,0.7071067690849304,0.7071067690849304,0.7071067690849304,0.7071067690849304,0.7071067690849304,0.7071067690849304,0.7071067690849304,1.0000001192092896,1.0000001192092896,1.0000001192092896,1.0000001192092896,1.0000001192092896,1.0000001192092896,1.0000001192092896,1.0000001192092896,1.0000001192092896,0.8164966106414795,0.8164966106414795,0.40824830532073975,0.40824830532073975,0.5000000596046448,0.5000000596046448,0.7071067690849304,0.7071067690849304,0.7071067690849304,0.7071067690849304
DB06,0.0,0.0,0.0,0.0,0.0,0.0,0.0,0.0,0.0,0.0,0.0,0.0,0.0,0.0,0.0,0.0,0.0,0.0,0.0,0.0,0.0,0.0,0.0,0.0,0.0,0.0,0.0,0.0,0.0,0.0,0.0,0.0,0.0,0.0,0.0,0.0,0.0,0.0,0.0,0.0,0.0,0.0,0.0,0.0,0.0,0.0,0.0,0.0,0.0,0.0,0.0,0.0,0.0,0.0,0.0,0.0,0.0,0.0,0.0,0.0,0.0,0.0,0.40824830532073975,0.7071067690849304,0.5000000596046448,0.5000000596046448,0.0,0.0,0.28867512941360474,0.28867512941360474,0.0,0.0,0.40824830532073975,0.40824830532073975,0.0,0.0,0.0,0.0,0.0,0.0,0.0,0.0,0.0,0.5000000596046448,0.0,0.0,0.7071067690849304,0.7071067690849304,0.0,0.0,0.0,0.0,0.0,0.0,0.0,0.0,0.0,0.0,0.3535533845424652,0.0,0.0,0.0,0.0,0.0,0.0,0.0,0.0,0.0,0.0,0.0,0.0,0.0,0.0,0.0,0.0,0.3162277638912201,0.0,0.0,0.0,0.0,0.0,0.0,0.0,0.0,0.0,0.0,0.0,0.0,0.0,0.0,0.0,0.0,0.0,0.0,0.0,0.0,0.0,0.3535533845424652,0.3535533845424652,0.40824830532073975,0.3535533845424652,0.3535533845424652,0.3535533845424652,0.3535533845424652,0.3535533845424652,0.3535533845424652,0.40824830532073975,0.5000000596046448,0.3535533845424652,0.3535533845424652,0.3535533845424652,0.3535533845424652,0.3535533845424652,0.3535533845424652,0.3535533845424652,0.2357022762298584,0.3535533845424652,0.5000000596046448,0.5000000596046448,0.3535533845424652,0.3535533845424652,0.3535533845424652,0.40824830532073975,0.40824830532073975,0.3535533845424652,0.3535533845424652,0.40824830532073975,0.40824830532073975,0.40824830532073975,0.40824830532073975,0.0,0.0,0.0,0.0,0.0,0.0,0.0,0.0,0.0,0.0,0.0,0.0,0.0,0.0,0.0,0.0,0.0,0.0,0.0,0.0,0.0,0.0,0.0,0.0,0.0,0.0,0.0,0.0,0.0,0.0,0.0,0.5000000596046448,0.0,0.0,0.40824830532073975,0.0,0.0,0.0,0.0,0.0,0.0,0.0,0.0,0.0,0.0,0.0,0.0,0.0,0.0,0.0,0.0,0.0,0.0,0.7071067690849304,0.7071067690849304,0.7071067690849304,0.8164966106414795,1.0000001192092896,1.0000001192092896,1.0000001192092896,0.8164966106414795,0.8164966106414795,0.5000000596046448,0.7071067690849304,0.8164966106414795,1.0000001192092896,1.0000001192092896,1.0000001192092896,1.0,1.0000001192092896,0.7071067690849304,0.8164966106414795,1.0000001192092896,1.0000001192092896,1.0000001192092896,1.0000001192092896,1.0000001192092896,1.0000001192092896,1.0000001192092896,1.0000001192092896,0.8164966106414795,0.5000000596046448,0.7071067690849304,1.0000001192092896,1.0000001192092896,1.0000001192092896,1.0000001192092896,0.8164966106414795,0.40824830532073975,0.40824830532073975,0.40824830532073975,0.5000000596046448,0.7071067690849304,0.7071067690849304,0.7071067690849304,0.7071067690849304,0.7071067690849304,0.7071067690849304,0.7071067690849304,0.5000000596046448,0.5000000596046448,0.40824830532073975,0.7071067690849304,0.7071067690849304,0.7071067690849304,0.7071067690849304,0.7071067690849304,0.7071067690849304,0.7071067690849304,0.7071067690849304,0.7071067690849304,0.7071067690849304,0.7071067690849304,1.0000001192092896,1.0000001192092896,1.0000001192092896,1.0000001192092896,1.0000001192092896,1.0000001192092896,1.0000001192092896,1.0000001192092896,1.0000001192092896,0.8164966106414795,0.8164966106414795,0.40824830532073975,0.40824830532073975,0.5000000596046448,0.5000000596046448,0.7071067690849304,0.7071067690849304,0.7071067690849304,0.7071067690849304
DB07,0.0,0.0,0.0,0.0,0.0,0.0,0.0,0.0,0.0,0.0,0.0,0.0,0.0,0.0,0.0,0.0,0.0,0.0,0.0,0.0,0.0,0.0,0.0,0.0,0.0,0.0,0.0,0.0,0.0,0.0,0.0,0.0,0.0,0.0,0.0,0.0,0.0,0.0,0.0,0.0,0.0,0.0,0.0,0.0,0.0,0.0,0.0,0.0,0.0,0.0,0.0,0.0,0.0,0.0,0.0,0.0,0.0,0.0,0.0,0.0,0.0,0.0,0.40824830532073975,0.7071067690849304,0.5000000596046448,0.5000000596046448,0.0,0.0,0.28867512941360474,0.28867512941360474,0.0,0.0,0.40824830532073975,0.40824830532073975,0.0,0.0,0.0,0.0,0.0,0.0,0.0,0.0,0.0,0.5000000596046448,0.0,0.0,0.7071067690849304,0.7071067690849304,0.0,0.0,0.0,0.0,0.0,0.0,0.0,0.0,0.0,0.0,0.3535533845424652,0.0,0.0,0.0,0.0,0.0,0.0,0.0,0.0,0.0,0.0,0.0,0.0,0.0,0.0,0.0,0.0,0.3162277638912201,0.0,0.0,0.0,0.0,0.0,0.0,0.0,0.0,0.0,0.0,0.0,0.0,0.0,0.0,0.0,0.0,0.0,0.0,0.0,0.0,0.0,0.3535533845424652,0.3535533845424652,0.40824830532073975,0.3535533845424652,0.3535533845424652,0.3535533845424652,0.3535533845424652,0.3535533845424652,0.3535533845424652,0.40824830532073975,0.5000000596046448,0.3535533845424652,0.3535533845424652,0.3535533845424652,0.3535533845424652,0.3535533845424652,0.3535533845424652,0.3535533845424652,0.2357022762298584,0.3535533845424652,0.5000000596046448,0.5000000596046448,0.3535533845424652,0.3535533845424652,0.3535533845424652,0.40824830532073975,0.40824830532073975,0.3535533845424652,0.3535533845424652,0.40824830532073975,0.40824830532073975,0.40824830532073975,0.40824830532073975,0.0,0.0,0.0,0.0,0.0,0.0,0.0,0.0,0.0,0.0,0.0,0.0,0.0,0.0,0.0,0.0,0.0,0.0,0.0,0.0,0.0,0.0,0.0,0.0,0.0,0.0,0.0,0.0,0.0,0.0,0.0,0.5000000596046448,0.0,0.0,0.40824830532073975,0.0,0.0,0.0,0.0,0.0,0.0,0.0,0.0,0.0,0.0,0.0,0.0,0.0,0.0,0.0,0.0,0.0,0.0,0.7071067690849304,0.7071067690849304,0.7071067690849304,0.8164966106414795,1.0000001192092896,1.0000001192092896,1.0000001192092896,0.8164966106414795,0.8164966106414795,0.5000000596046448,0.7071067690849304,0.8164966106414795,1.0000001192092896,1.0000001192092896,1.0000001192092896,1.0000001192092896,1.0,0.7071067690849304,0.8164966106414795,1.0000001192092896,1.0000001192092896,1.0000001192092896,1.0000001192092896,1.0000001192092896,1.0000001192092896,1.0000001192092896,1.0000001192092896,0.8164966106414795,0.5000000596046448,0.7071067690849304,1.0000001192092896,1.0000001192092896,1.0000001192092896,1.0000001192092896,0.8164966106414795,0.40824830532073975,0.40824830532073975,0.40824830532073975,0.5000000596046448,0.7071067690849304,0.7071067690849304,0.7071067690849304,0.7071067690849304,0.7071067690849304,0.7071067690849304,0.7071067690849304,0.5000000596046448,0.5000000596046448,0.40824830532073975,0.7071067690849304,0.7071067690849304,0.7071067690849304,0.7071067690849304,0.7071067690849304,0.7071067690849304,0.7071067690849304,0.7071067690849304,0.7071067690849304,0.7071067690849304,0.7071067690849304,1.0000001192092896,1.0000001192092896,1.0000001192092896,1.0000001192092896,1.0000001192092896,1.0000001192092896,1.0000001192092896,1.0000001192092896,1.0000001192092896,0.8164966106414795,0.8164966106414795,0.40824830532073975,0.40824830532073975,0.5000000596046448,0.5000000596046448,0.7071067690849304,0.7071067690849304,0.7071067690849304,0.7071067690849304
AS01,0.0,0.0,0.0,0.0,0.0,0.0,0.0,0.0,0.0,0.0,0.0,0.0,0.0,0.0,0.0,0.0,0.0,0.0,0.0,0.0,0.25,0.25,0.0,0.0,0.25,0.25,0.25,0.25,0.25,0.25,0.25,0.25,0.25,0.25,0.25,0.25,0.25,0.25,0.25,0.25,0.25,0.25,0.25,0.25,0.0,0.0,0.0,0.0,0.0,0.0,0.0,0.0,0.0,0.0,0.0,0.0,0.0,0.0,0.0,0.0,0.0,0.0,0.5773502588272095,0.5,0.3535533845424652,0.3535533845424652,0.0,0.0,0.40824827551841736,0.40824827551841736,0.25,0.25,0.28867512941360474,0.28867512941360474,0.0,0.0,0.0,0.0,0.0,0.0,0.0,0.0,0.28867512941360474,0.3535533845424652,0.0,0.0,0.5,0.5,0.0,0.0,0.0,0.0,0.0,0.0,0.0,0.0,0.0,0.0,0.5,0.25,0.25,0.3535533845424652,0.3535533845424652,0.28867512941360474,0.28867512941360474,0.3535533845424652,0.3535533845424652,0.28867512941360474,0.28867512941360474,0.0,0.0,0.0,0.0,0.3535533845424652,0.3535533845424652,0.22360679507255554,0.25,0.25,0.0,0.0,0.0,0.0,0.3535533845424652,0.3535533845424652,0.28867512941360474,0.28867512941360474,0.28867512941360474,0.28867512941360474,0.3535533845424652,0.3535533845424652,0.3535533845424652,0.3535533845424652,0.0,0.0,0.3535533845424652,0.28867512941360474,0.28867512941360474,0.5,0.5,0.5773502588272095,0.5,0.5,0.5,0.5,0.5,0.5,0.5773502588272095,0.3535533845424652,0.5,0.5,0.5,0.5,0.5,0.5,0.5,0.3333333432674408,0.5,0.3535533845424652,0.3535533845424652,0.5,0.5,0.5,0.5773502588272095,0.5773502588272095,0.5,0.5,0.5773502588272095,0.5773502588272095,0.5773502588272095,0.5773502588272095,0.0,0.0,0.0,0.0,0.22360679507255554,0.22360679507255554,0.25,0.28867512941360474,0.28867512941360474,0.28867512941360474,0.28867512941360474,0.0,0.0,0.0,0.0,0.0,0.0,0.0,0.0,0.25,0.25,0.25,0.25,0.0,0.0,0.3535533845424652,0.3535533845424652,0.0,0.0,0.0,0.0,0.3535533845424652,0.0,0.0,0.5773502588272095,0.0,0.0,0.0,0.0,0.0,0.0,0.0,0.0,0.25,0.25,0.0,0.0,0.25,0.25,0.0,0.0,0.0,0.0,1.0,1.0,1.0,0.866025447845459,0.7071067690849304,0.7071067690849304,0.7071067690849304,0.5773502588272095,0.5773502588272095,0.3535533845424652,1.0,0.866025447845459,0.7071067690849304,0.7071067690849304,0.7071067690849304,0.7071067690849304,0.7071067690849304,1.0,0.866025447845459,0.7071067690849304,0.7071067690849304,0.7071067690849304,0.7071067690849304,0.7071067690849304,0.7071067690849304,0.7071067690849304,0.7071067690849304,0.5773502588272095,0.3535533845424652,1.0,0.7071067690849304,0.7071067690849304,0.7071067690849304,0.7071067690849304,0.5773502588272095,0.866025447845459,0.866025447845459,0.866025447845459,0.7071067690849304,0.5,0.5,0.5,0.5,0.5,0.5,0.5,0.3535533845424652,0.7071067690849304,0.866025447845459,0.5,0.5,0.5,0.5,0.5,0.5,0.5,0.5,0.5,1.0,1.0,0.7071067690849304,0.7071067690849304,0.7071067690849304,0.7071067690849304,0.7071067690849304,0.7071067690849304,0.7071067690849304,0.7071067690849304,0.7071067690849304,0.5773502588272095,0.5773502588272095,0.5773502588272095,0.5773502588272095,0.7071067690849304,0.7071067690849304,0.5,0.5,0.5,0.5
AS02,0.0,0.0,0.0,0.0,0.0,0.0,0.0,0.0,0.0,0.0,0.0,0.0,0.0,0.0,0.0,0.0,0.0,0.0,0.0,0.0,0.28867512941360474,0.28867512941360474,0.0,0.0,0.28867512941360474,0.28867512941360474,0.28867512941360474,0.28867512941360474,0.28867512941360474,0.28867512941360474,0.28867512941360474,0.28867512941360474,0.28867512941360474,0.28867512941360474,0.28867512941360474,0.28867512941360474,0.28867512941360474,0.28867512941360474,0.28867512941360474,0.28867512941360474,0.28867512941360474,0.28867512941360474,0.28867512941360474,0.28867512941360474,0.0,0.0,0.0,0.0,0.0,0.0,0.0,0.0,0.0,0.0,0.0,0.0,0.0,0.0,0.0,0.0,0.0,0.0,0.6666666865348816,0.5773502588272095,0.40824830532073975,0.40824830532073975,0.0,0.0,0.471404492855072,0.471404492855072,0.28867512941360474,0.28867512941360474,0.3333333432674408,0.3333333432674408,0.0,0.0,0.0,0.0,0.0,0.0,0.0,0.0,0.3333333432674408,0.40824830532073975,0.0,0.0,0.5773502588272095,0.5773502588272095,0.0,0.0,0.0,0.0,0.0,0.0,0.0,0.0,0.0,0.0,0.5773502588272095,0.28867512941360474,0.28867512941360474,0.40824830532073975,0.40824830532073975,0.3333333432674408,0.3333333432674408,0.40824830532073975,0.40824830532073975,0.3333333432674408,0.3333333432674408,0.0,0.0,0.0,0.0,0.40824830532073975,0.40824830532073975,0.25819888710975647,0.28867512941360474,0.28867512941360474,0.0,0.0,0.0,0.0,0.40824830532073975,0.40824830532073975,0.3333333432674408,0.3333333432674408,0.3333333432674408,0.3333333432674408,0.40824830532073975,0.40824830532073975,0.40824830532073975,0.40824830532073975,0.0,0.0,0.40824830532073975,0.3333333432674408,0.3333333432674408,0.5773502588272095,0.5773502588272095,0.6666666865348816,0.5773502588272095,0.5773502588272095,0.5773502588272095,0.5773502588272095,0.5773502588272095,0.5773502588272095,0.6666666865348816,0.40824830532073975,0.5773502588272095,0.5773502588272095,0.5773502588272095,0.5773502588272095,0.5773502588272095,0.5773502588272095,0.5773502588272095,0.38490018248558044,0.5773502588272095,0.40824830532073975,0.40824830532073975,0.5773502588272095,0.5773502588272095,0.5773502588272095,0.6666666865348816,0.6666666865348816,0.5773502588272095,0.5773502588272095,0.6666666865348816,0.6666666865348816,0.6666666865348816,0.6666666865348816,0.0,0.0,0.0,0.0,0.25819888710975647,0.25819888710975647,0.28867512941360474,0.3333333432674408,0.3333333432674408,0.3333333432674408,0.3333333432674408,0.0,0.0,0.0,0.0,0.0,0.0,0.0,0.0,0.28867512941360474,0.28867512941360474,0.28867512941360474,0.28867512941360474,0.0,0.0,0.40824830532073975,0.40824830532073975,0.0,0.0,0.0,0.0,0.40824830532073975,0.0,0.0,0.6666666865348816,0.0,0.0,0.0,0.0,0.0,0.0,0.0,0.0,0.28867512941360474,0.28867512941360474,0.0,0.0,0.28867512941360474,0.28867512941360474,0.0,0.0,0.0,0.0,0.866025447845459,0.866025447845459,0.866025447845459,1.0,0.8164966106414795,0.8164966106414795,0.8164966106414795,0.6666666865348816,0.6666666865348816,0.40824830532073975,0.866025447845459,0.6666666865348816,0.8164966106414795,0.8164966106414795,0.8164966106414795,0.8164966106414795,0.8164966106414795,0.866025447845459,1.0,0.8164966106414795,0.8164966106414795,0.8164966106414795,0.8164966106414795,0.8164966106414795,0.8164966106414795,0.8164966106414795,0.8164966106414795,0.6666666865348816,0.40824830532073975,0.866025447845459,0.8164966106414795,0.8164966106414795,0.8164966106414795,0.8164966106414795,0.6666666865348816,0.6666666865348816,0.6666666865348816,0.6666666865348816,0.8164966106414795,0.5773502588272095,0.5773502588272095,0.5773502588272095,0.5773502588272095,0.5773502588272095,0.5773502588272095,0.5773502588272095,0.40824830532073975,0.8164966106414795,0.6666666865348816,0.5773502588272095,0.5773502588272095,0.5773502588272095,0.5773502588272095,0.5773502588272095,0.5773502588272095,0.5773502588272095,0.5773502588272095,0.5773502588272095,0.866025447845459,0.866025447845459,0.8164966106414795,0.8164966106414795,0.8164966106414795,0.8164966106414795,0.8164966106414795,0.8164966106414795,0.8164966106414795,0.8164966106414795,0.8164966106414795,0.6666666865348816,0.6666666865348816,0.6666666865348816,0.6666666865348816,0.8164966106414795,0.8164966106414795,0.5773502588272095,0.5773502588272095,0.5773502588272095,0.5773502588272095
AS03,0.0,0.0,0.0,0.0,0.0,0.0,0.0,0.0,0.0,0.0,0.0,0.0,0.0,0.0,0.0,0.0,0.0,0.0,0.0,0.0,0.0,0.0,0.0,0.0,0.0,0.0,0.0,0.0,0.0,0.0,0.0,0.0,0.0,0.0,0.0,0.0,0.0,0.0,0.0,0.0,0.0,0.0,0.0,0.0,0.0,0.0,0.0,0.0,0.0,0.0,0.0,0.0,0.0,0.0,0.0,0.0,0.0,0.0,0.0,0.0,0.0,0.0,0.40824830532073975,0.7071067690849304,0.5000000596046448,0.5000000596046448,0.0,0.0,0.28867512941360474,0.28867512941360474,0.0,0.0,0.40824830532073975,0.40824830532073975,0.0,0.0,0.0,0.0,0.0,0.0,0.0,0.0,0.0,0.5000000596046448,0.0,0.0,0.7071067690849304,0.7071067690849304,0.0,0.0,0.0,0.0,0.0,0.0,0.0,0.0,0.0,0.0,0.3535533845424652,0.0,0.0,0.0,0.0,0.0,0.0,0.0,0.0,0.0,0.0,0.0,0.0,0.0,0.0,0.0,0.0,0.3162277638912201,0.0,0.0,0.0,0.0,0.0,0.0,0.0,0.0,0.0,0.0,0.0,0.0,0.0,0.0,0.0,0.0,0.0,0.0,0.0,0.0,0.0,0.3535533845424652,0.3535533845424652,0.40824830532073975,0.3535533845424652,0.3535533845424652,0.3535533845424652,0.3535533845424652,0.3535533845424652,0.3535533845424652,0.40824830532073975,0.5000000596046448,0.3535533845424652,0.3535533845424652,0.3535533845424652,0.3535533845424652,0.3535533845424652,0.3535533845424652,0.3535533845424652,0.2357022762298584,0.3535533845424652,0.5000000596046448,0.5000000596046448,0.3535533845424652,0.3535533845424652,0.3535533845424652,0.40824830532073975,0.40824830532073975,0.3535533845424652,0.3535533845424652,0.40824830532073975,0.40824830532073975,0.40824830532073975,0.40824830532073975,0.0,0.0,0.0,0.0,0.0,0.0,0.0,0.0,0.0,0.0,0.0,0.0,0.0,0.0,0.0,0.0,0.0,0.0,0.0,0.0,0.0,0.0,0.0,0.0,0.0,0.0,0.0,0.0,0.0,0.0,0.0,0.5000000596046448,0.0,0.0,0.40824830532073975,0.0,0.0,0.0,0.0,0.0,0.0,0.0,0.0,0.0,0.0,0.0,0.0,0.0,0.0,0.0,0.0,0.0,0.0,0.7071067690849304,0.7071067690849304,0.7071067690849304,0.8164966106414795,1.0000001192092896,1.0000001192092896,1.0000001192092896,0.8164966106414795,0.8164966106414795,0.5000000596046448,0.7071067690849304,0.8164966106414795,1.0000001192092896,1.0000001192092896,1.0000001192092896,1.0000001192092896,1.0000001192092896,0.7071067690849304,0.8164966106414795,1.0,1.0000001192092896,1.0000001192092896,1.0000001192092896,1.0000001192092896,1.0000001192092896,1.0000001192092896,1.0000001192092896,0.8164966106414795,0.5000000596046448,0.7071067690849304,1.0000001192092896,1.0000001192092896,1.0000001192092896,1.0000001192092896,0.8164966106414795,0.40824830532073975,0.40824830532073975,0.40824830532073975,0.5000000596046448,0.7071067690849304,0.7071067690849304,0.7071067690849304,0.7071067690849304,0.7071067690849304,0.7071067690849304,0.7071067690849304,0.5000000596046448,0.5000000596046448,0.40824830532073975,0.7071067690849304,0.7071067690849304,0.7071067690849304,0.7071067690849304,0.7071067690849304,0.7071067690849304,0.7071067690849304,0.7071067690849304,0.7071067690849304,0.7071067690849304,0.7071067690849304,1.0000001192092896,1.0000001192092896,1.0000001192092896,1.0000001192092896,1.0000001192092896,1.0000001192092896,1.0000001192092896,1.0000001192092896,1.0000001192092896,0.8164966106414795,0.8164966106414795,0.40824830532073975,0.40824830532073975,0.5000000596046448,0.5000000596046448,0.7071067690849304,0.7071067690849304,0.7071067690849304,0.7071067690849304
AS04,0.0,0.0,0.0,0.0,0.0,0.0,0.0,0.0,0.0,0.0,0.0,0.0,0.0,0.0,0.0,0.0,0.0,0.0,0.0,0.0,0.0,0.0,0.0,0.0,0.0,0.0,0.0,0.0,0.0,0.0,0.0,0.0,0.0,0.0,0.0,0.0,0.0,0.0,0.0,0.0,0.0,0.0,0.0,0.0,0.0,0.0,0.0,0.0,0.0,0.0,0.0,0.0,0.0,0.0,0.0,0.0,0.0,0.0,0.0,0.0,0.0,0.0,0.40824830532073975,0.7071067690849304,0.5000000596046448,0.5000000596046448,0.0,0.0,0.28867512941360474,0.28867512941360474,0.0,0.0,0.40824830532073975,0.40824830532073975,0.0,0.0,0.0,0.0,0.0,0.0,0.0,0.0,0.0,0.5000000596046448,0.0,0.0,0.7071067690849304,0.7071067690849304,0.0,0.0,0.0,0.0,0.0,0.0,0.0,0.0,0.0,0.0,0.3535533845424652,0.0,0.0,0.0,0.0,0.0,0.0,0.0,0.0,0.0,0.0,0.0,0.0,0.0,0.0,0.0,0.0,0.3162277638912201,0.0,0.0,0.0,0.0,0.0,0.0,0.0,0.0,0.0,0.0,0.0,0.0,0.0,0.0,0.0,0.0,0.0,0.0,0.0,0.0,0.0,0.3535533845424652,0.3535533845424652,0.40824830532073975,0.3535533845424652,0.3535533845424652,0.3535533845424652,0.3535533845424652,0.3535533845424652,0.3535533845424652,0.40824830532073975,0.5000000596046448,0.3535533845424652,0.3535533845424652,0.3535533845424652,0.3535533845424652,0.3535533845424652,0.3535533845424652,0.3535533845424652,0.2357022762298584,0.3535533845424652,0.5000000596046448,0.5000000596046448,0.3535533845424652,0.3535533845424652,0.3535533845424652,0.40824830532073975,0.40824830532073975,0.3535533845424652,0.3535533845424652,0.40824830532073975,0.40824830532073975,0.40824830532073975,0.40824830532073975,0.0,0.0,0.0,0.0,0.0,0.0,0.0,0.0,0.0,0.0,0.0,0.0,0.0,0.0,0.0,0.0,0.0,0.0,0.0,0.0,0.0,0.0,0.0,0.0,0.0,0.0,0.0,0.0,0.0,0.0,0.0,0.5000000596046448,0.0,0.0,0.40824830532073975,0.0,0.0,0.0,0.0,0.0,0.0,0.0,0.0,0.0,0.0,0.0,0.0,0.0,0.0,0.0,0.0,0.0,0.0,0.7071067690849304,0.7071067690849304,0.7071067690849304,0.8164966106414795,1.0000001192092896,1.0000001192092896,1.0000001192092896,0.8164966106414795,0.8164966106414795,0.5000000596046448,0.7071067690849304,0.8164966106414795,1.0000001192092896,1.0000001192092896,1.0000001192092896,1.0000001192092896,1.0000001192092896,0.7071067690849304,0.8164966106414795,1.0000001192092896,1.0,1.0000001192092896,1.0000001192092896,1.0000001192092896,1.0000001192092896,1.0000001192092896,1.0000001192092896,0.8164966106414795,0.5000000596046448,0.7071067690849304,1.0000001192092896,1.0000001192092896,1.0000001192092896,1.0000001192092896,0.8164966106414795,0.40824830532073975,0.40824830532073975,0.40824830532073975,0.5000000596046448,0.7071067690849304,0.7071067690849304,0.7071067690849304,0.7071067690849304,0.7071067690849304,0.7071067690849304,0.7071067690849304,0.5000000596046448,0.5000000596046448,0.40824830532073975,0.7071067690849304,0.7071067690849304,0.7071067690849304,0.7071067690849304,0.7071067690849304,0.7071067690849304,0.7071067690849304,0.7071067690849304,0.7071067690849304,0.7071067690849304,0.7071067690849304,1.0000001192092896,1.0000001192092896,1.0000001192092896,1.0000001192092896,1.0000001192092896,1.0000001192092896,1.0000001192092896,1.0000001192092896,1.0000001192092896,0.8164966106414795,0.8164966106414795,0.40824830532073975,0.40824830532073975,0.5000000596046448,0.5000000596046448,0.7071067690849304,0.7071067690849304,0.7071067690849304,0.7071067690849304
AS05,0.0,0.0,0.0,0.0,0.0,0.0,0.0,0.0,0.0,0.0,0.0,0.0,0.0,0.0,0.0,0.0,0.0,0.0,0.0,0.0,0.0,0.0,0.0,0.0,0.0,0.0,0.0,0.0,0.0,0.0,0.0,0.0,0.0,0.0,0.0,0.0,0.0,0.0,0.0,0.0,0.0,0.0,0.0,0.0,0.0,0.0,0.0,0.0,0.0,0.0,0.0,0.0,0.0,0.0,0.0,0.0,0.0,0.0,0.0,0.0,0.0,0.0,0.40824830532073975,0.7071067690849304,0.5000000596046448,0.5000000596046448,0.0,0.0,0.28867512941360474,0.28867512941360474,0.0,0.0,0.40824830532073975,0.40824830532073975,0.0,0.0,0.0,0.0,0.0,0.0,0.0,0.0,0.0,0.5000000596046448,0.0,0.0,0.7071067690849304,0.7071067690849304,0.0,0.0,0.0,0.0,0.0,0.0,0.0,0.0,0.0,0.0,0.3535533845424652,0.0,0.0,0.0,0.0,0.0,0.0,0.0,0.0,0.0,0.0,0.0,0.0,0.0,0.0,0.0,0.0,0.3162277638912201,0.0,0.0,0.0,0.0,0.0,0.0,0.0,0.0,0.0,0.0,0.0,0.0,0.0,0.0,0.0,0.0,0.0,0.0,0.0,0.0,0.0,0.3535533845424652,0.3535533845424652,0.40824830532073975,0.3535533845424652,0.3535533845424652,0.3535533845424652,0.3535533845424652,0.3535533845424652,0.3535533845424652,0.40824830532073975,0.5000000596046448,0.3535533845424652,0.3535533845424652,0.3535533845424652,0.3535533845424652,0.3535533845424652,0.3535533845424652,0.3535533845424652,0.2357022762298584,0.3535533845424652,0.5000000596046448,0.5000000596046448,0.3535533845424652,0.3535533845424652,0.3535533845424652,0.40824830532073975,0.40824830532073975,0.3535533845424652,0.3535533845424652,0.40824830532073975,0.40824830532073975,0.40824830532073975,0.40824830532073975,0.0,0.0,0.0,0.0,0.0,0.0,0.0,0.0,0.0,0.0,0.0,0.0,0.0,0.0,0.0,0.0,0.0,0.0,0.0,0.0,0.0,0.0,0.0,0.0,0.0,0.0,0.0,0.0,0.0,0.0,0.0,0.5000000596046448,0.0,0.0,0.40824830532073975,0.0,0.0,0.0,0.0,0.0,0.0,0.0,0.0,0.0,0.0,0.0,0.0,0.0,0.0,0.0,0.0,0.0,0.0,0.7071067690849304,0.7071067690849304,0.7071067690849304,0.8164966106414795,1.0000001192092896,1.0000001192092896,1.0000001192092896,0.8164966106414795,0.8164966106414795,0.5000000596046448,0.7071067690849304,0.8164966106414795,1.0000001192092896,1.0000001192092896,1.0000001192092896,1.0000001192092896,1.0000001192092896,0.7071067690849304,0.8164966106414795,1.0000001192092896,1.0000001192092896,1.0,1.0000001192092896,1.0000001192092896,1.0000001192092896,1.0000001192092896,1.0000001192092896,0.8164966106414795,0.5000000596046448,0.7071067690849304,1.0000001192092896,1.0000001192092896,1.0000001192092896,1.0000001192092896,0.8164966106414795,0.40824830532073975,0.40824830532073975,0.40824830532073975,0.5000000596046448,0.7071067690849304,0.7071067690849304,0.7071067690849304,0.7071067690849304,0.7071067690849304,0.7071067690849304,0.7071067690849304,0.5000000596046448,0.5000000596046448,0.40824830532073975,0.7071067690849304,0.7071067690849304,0.7071067690849304,0.7071067690849304,0.7071067690849304,0.7071067690849304,0.7071067690849304,0.7071067690849304,0.7071067690849304,0.7071067690849304,0.7071067690849304,1.0000001192092896,1.0000001192092896,1.0000001192092896,1.0000001192092896,1.0000001192092896,1.0000001192092896,1.0000001192092896,1.0000001192092896,1.0000001192092896,0.8164966106414795,0.8164966106414795,0.40824830532073975,0.40824830532073975,0.5000000596046448,0.5000000596046448,0.7071067690849304,0.7071067690849304,0.7071067690849304,0.7071067690849304
AS06,0.0,0.0,0.0,0.0,0.0,0.0,0.0,0.0,0.0,0.0,0.0,0.0,0.0,0.0,0.0,0.0,0.0,0.0,0.0,0.0,0.0,0.0,0.0,0.0,0.0,0.0,0.0,0.0,0.0,0.0,0.0,0.0,0.0,0.0,0.0,0.0,0.0,0.0,0.0,0.0,0.0,0.0,0.0,0.0,0.0,0.0,0.0,0.0,0.0,0.0,0.0,0.0,0.0,0.0,0.0,0.0,0.0,0.0,0.0,0.0,0.0,0.0,0.40824830532073975,0.7071067690849304,0.5000000596046448,0.5000000596046448,0.0,0.0,0.28867512941360474,0.28867512941360474,0.0,0.0,0.40824830532073975,0.40824830532073975,0.0,0.0,0.0,0.0,0.0,0.0,0.0,0.0,0.0,0.5000000596046448,0.0,0.0,0.7071067690849304,0.7071067690849304,0.0,0.0,0.0,0.0,0.0,0.0,0.0,0.0,0.0,0.0,0.3535533845424652,0.0,0.0,0.0,0.0,0.0,0.0,0.0,0.0,0.0,0.0,0.0,0.0,0.0,0.0,0.0,0.0,0.3162277638912201,0.0,0.0,0.0,0.0,0.0,0.0,0.0,0.0,0.0,0.0,0.0,0.0,0.0,0.0,0.0,0.0,0.0,0.0,0.0,0.0,0.0,0.3535533845424652,0.3535533845424652,0.40824830532073975,0.3535533845424652,0.3535533845424652,0.3535533845424652,0.3535533845424652,0.3535533845424652,0.3535533845424652,0.40824830532073975,0.5000000596046448,0.3535533845424652,0.3535533845424652,0.3535533845424652,0.3535533845424652,0.3535533845424652,0.3535533845424652,0.3535533845424652,0.2357022762298584,0.3535533845424652,0.5000000596046448,0.5000000596046448,0.3535533845424652,0.3535533845424652,0.3535533845424652,0.40824830532073975,0.40824830532073975,0.3535533845424652,0.3535533845424652,0.40824830532073975,0.40824830532073975,0.40824830532073975,0.40824830532073975,0.0,0.0,0.0,0.0,0.0,0.0,0.0,0.0,0.0,0.0,0.0,0.0,0.0,0.0,0.0,0.0,0.0,0.0,0.0,0.0,0.0,0.0,0.0,0.0,0.0,0.0,0.0,0.0,0.0,0.0,0.0,0.5000000596046448,0.0,0.0,0.40824830532073975,0.0,0.0,0.0,0.0,0.0,0.0,0.0,0.0,0.0,0.0,0.0,0.0,0.0,0.0,0.0,0.0,0.0,0.0,0.7071067690849304,0.7071067690849304,0.7071067690849304,0.8164966106414795,1.0000001192092896,1.0000001192092896,1.0000001192092896,0.8164966106414795,0.8164966106414795,0.5000000596046448,0.7071067690849304,0.8164966106414795,1.0000001192092896,1.0000001192092896,1.0000001192092896,1.0000001192092896,1.0000001192092896,0.7071067690849304,0.8164966106414795,1.0000001192092896,1.0000001192092896,1.0000001192092896,1.0,1.0000001192092896,1.0000001192092896,1.0000001192092896,1.0000001192092896,0.8164966106414795,0.5000000596046448,0.7071067690849304,1.0000001192092896,1.0000001192092896,1.0000001192092896,1.0000001192092896,0.8164966106414795,0.40824830532073975,0.40824830532073975,0.40824830532073975,0.5000000596046448,0.7071067690849304,0.7071067690849304,0.7071067690849304,0.7071067690849304,0.7071067690849304,0.7071067690849304,0.7071067690849304,0.5000000596046448,0.5000000596046448,0.40824830532073975,0.7071067690849304,0.7071067690849304,0.7071067690849304,0.7071067690849304,0.7071067690849304,0.7071067690849304,0.7071067690849304,0.7071067690849304,0.7071067690849304,0.7071067690849304,0.7071067690849304,1.0000001192092896,1.0000001192092896,1.0000001192092896,1.0000001192092896,1.0000001192092896,1.0000001192092896,1.0000001192092896,1.0000001192092896,1.0000001192092896,0.8164966106414795,0.8164966106414795,0.40824830532073975,0.40824830532073975,0.5000000596046448,0.5000000596046448,0.7071067690849304,0.7071067690849304,0.7071067690849304,0.7071067690849304
AS07,0.0,0.0,0.0,0.0,0.0,0.0,0.0,0.0,0.0,0.0,0.0,0.0,0.0,0.0,0.0,0.0,0.0,0.0,0.0,0.0,0.0,0.0,0.0,0.0,0.0,0.0,0.0,0.0,0.0,0.0,0.0,0.0,0.0,0.0,0.0,0.0,0.0,0.0,0.0,0.0,0.0,0.0,0.0,0.0,0.0,0.0,0.0,0.0,0.0,0.0,0.0,0.0,0.0,0.0,0.0,0.0,0.0,0.0,0.0,0.0,0.0,0.0,0.40824830532073975,0.7071067690849304,0.5000000596046448,0.5000000596046448,0.0,0.0,0.28867512941360474,0.28867512941360474,0.0,0.0,0.40824830532073975,0.40824830532073975,0.0,0.0,0.0,0.0,0.0,0.0,0.0,0.0,0.0,0.5000000596046448,0.0,0.0,0.7071067690849304,0.7071067690849304,0.0,0.0,0.0,0.0,0.0,0.0,0.0,0.0,0.0,0.0,0.3535533845424652,0.0,0.0,0.0,0.0,0.0,0.0,0.0,0.0,0.0,0.0,0.0,0.0,0.0,0.0,0.0,0.0,0.3162277638912201,0.0,0.0,0.0,0.0,0.0,0.0,0.0,0.0,0.0,0.0,0.0,0.0,0.0,0.0,0.0,0.0,0.0,0.0,0.0,0.0,0.0,0.3535533845424652,0.3535533845424652,0.40824830532073975,0.3535533845424652,0.3535533845424652,0.3535533845424652,0.3535533845424652,0.3535533845424652,0.3535533845424652,0.40824830532073975,0.5000000596046448,0.3535533845424652,0.3535533845424652,0.3535533845424652,0.3535533845424652,0.3535533845424652,0.3535533845424652,0.3535533845424652,0.2357022762298584,0.3535533845424652,0.5000000596046448,0.5000000596046448,0.3535533845424652,0.3535533845424652,0.3535533845424652,0.40824830532073975,0.40824830532073975,0.3535533845424652,0.3535533845424652,0.40824830532073975,0.40824830532073975,0.40824830532073975,0.40824830532073975,0.0,0.0,0.0,0.0,0.0,0.0,0.0,0.0,0.0,0.0,0.0,0.0,0.0,0.0,0.0,0.0,0.0,0.0,0.0,0.0,0.0,0.0,0.0,0.0,0.0,0.0,0.0,0.0,0.0,0.0,0.0,0.5000000596046448,0.0,0.0,0.40824830532073975,0.0,0.0,0.0,0.0,0.0,0.0,0.0,0.0,0.0,0.0,0.0,0.0,0.0,0.0,0.0,0.0,0.0,0.0,0.7071067690849304,0.7071067690849304,0.7071067690849304,0.8164966106414795,1.0000001192092896,1.0000001192092896,1.0000001192092896,0.8164966106414795,0.8164966106414795,0.5000000596046448,0.7071067690849304,0.8164966106414795,1.0000001192092896,1.0000001192092896,1.0000001192092896,1.0000001192092896,1.0000001192092896,0.7071067690849304,0.8164966106414795,1.0000001192092896,1.0000001192092896,1.0000001192092896,1.0000001192092896,1.0,1.0000001192092896,1.0000001192092896,1.0000001192092896,0.8164966106414795,0.5000000596046448,0.7071067690849304,1.0000001192092896,1.0000001192092896,1.0000001192092896,1.0000001192092896,0.8164966106414795,0.40824830532073975,0.40824830532073975,0.40824830532073975,0.5000000596046448,0.7071067690849304,0.7071067690849304,0.7071067690849304,0.7071067690849304,0.7071067690849304,0.7071067690849304,0.7071067690849304,0.5000000596046448,0.5000000596046448,0.40824830532073975,0.7071067690849304,0.7071067690849304,0.7071067690849304,0.7071067690849304,0.7071067690849304,0.7071067690849304,0.7071067690849304,0.7071067690849304,0.7071067690849304,0.7071067690849304,0.7071067690849304,1.0000001192092896,1.0000001192092896,1.0000001192092896,1.0000001192092896,1.0000001192092896,1.0000001192092896,1.0000001192092896,1.0000001192092896,1.0000001192092896,0.8164966106414795,0.8164966106414795,0.40824830532073975,0.40824830532073975,0.5000000596046448,0.5000000596046448,0.7071067690849304,0.7071067690849304,0.7071067690849304,0.7071067690849304
AS08,0.0,0.0,0.0,0.0,0.0,0.0,0.0,0.0,0.0,0.0,0.0,0.0,0.0,0.0,0.0,0.0,0.0,0.0,0.0,0.0,0.0,0.0,0.0,0.0,0.0,0.0,0.0,0.0,0.0,0.0,0.0,0.0,0.0,0.0,0.0,0.0,0.0,0.0,0.0,0.0,0.0,0.0,0.0,0.0,0.0,0.0,0.0,0.0,0.0,0.0,0.0,0.0,0.0,0.0,0.0,0.0,0.0,0.0,0.0,0.0,0.0,0.0,0.40824830532073975,0.7071067690849304,0.5000000596046448,0.5000000596046448,0.0,0.0,0.28867512941360474,0.28867512941360474,0.0,0.0,0.40824830532073975,0.40824830532073975,0.0,0.0,0.0,0.0,0.0,0.0,0.0,0.0,0.0,0.5000000596046448,0.0,0.0,0.7071067690849304,0.7071067690849304,0.0,0.0,0.0,0.0,0.0,0.0,0.0,0.0,0.0,0.0,0.3535533845424652,0.0,0.0,0.0,0.0,0.0,0.0,0.0,0.0,0.0,0.0,0.0,0.0,0.0,0.0,0.0,0.0,0.3162277638912201,0.0,0.0,0.0,0.0,0.0,0.0,0.0,0.0,0.0,0.0,0.0,0.0,0.0,0.0,0.0,0.0,0.0,0.0,0.0,0.0,0.0,0.3535533845424652,0.3535533845424652,0.40824830532073975,0.3535533845424652,0.3535533845424652,0.3535533845424652,0.3535533845424652,0.3535533845424652,0.3535533845424652,0.40824830532073975,0.5000000596046448,0.3535533845424652,0.3535533845424652,0.3535533845424652,0.3535533845424652,0.3535533845424652,0.3535533845424652,0.3535533845424652,0.2357022762298584,0.3535533845424652,0.5000000596046448,0.5000000596046448,0.3535533845424652,0.3535533845424652,0.3535533845424652,0.40824830532073975,0.40824830532073975,0.3535533845424652,0.3535533845424652,0.40824830532073975,0.40824830532073975,0.40824830532073975,0.40824830532073975,0.0,0.0,0.0,0.0,0.0,0.0,0.0,0.0,0.0,0.0,0.0,0.0,0.0,0.0,0.0,0.0,0.0,0.0,0.0,0.0,0.0,0.0,0.0,0.0,0.0,0.0,0.0,0.0,0.0,0.0,0.0,0.5000000596046448,0.0,0.0,0.40824830532073975,0.0,0.0,0.0,0.0,0.0,0.0,0.0,0.0,0.0,0.0,0.0,0.0,0.0,0.0,0.0,0.0,0.0,0.0,0.7071067690849304,0.7071067690849304,0.7071067690849304,0.8164966106414795,1.0000001192092896,1.0000001192092896,1.0000001192092896,0.8164966106414795,0.8164966106414795,0.5000000596046448,0.7071067690849304,0.8164966106414795,1.0000001192092896,1.0000001192092896,1.0000001192092896,1.0000001192092896,1.0000001192092896,0.7071067690849304,0.8164966106414795,1.0000001192092896,1.0000001192092896,1.0000001192092896,1.0000001192092896,1.0000001192092896,1.0,1.0000001192092896,1.0000001192092896,0.8164966106414795,0.5000000596046448,0.7071067690849304,1.0000001192092896,1.0000001192092896,1.0000001192092896,1.0000001192092896,0.8164966106414795,0.40824830532073975,0.40824830532073975,0.40824830532073975,0.5000000596046448,0.7071067690849304,0.7071067690849304,0.7071067690849304,0.7071067690849304,0.7071067690849304,0.7071067690849304,0.7071067690849304,0.5000000596046448,0.5000000596046448,0.40824830532073975,0.7071067690849304,0.7071067690849304,0.7071067690849304,0.7071067690849304,0.7071067690849304,0.7071067690849304,0.7071067690849304,0.7071067690849304,0.7071067690849304,0.7071067690849304,0.7071067690849304,1.0000001192092896,1.0000001192092896,1.0000001192092896,1.0000001192092896,1.0000001192092896,1.0000001192092896,1.0000001192092896,1.0000001192092896,1.0000001192092896,0.8164966106414795,0.8164966106414795,0.40824830532073975,0.40824830532073975,0.5000000596046448,0.5000000596046448,0.7071067690849304,0.7071067690849304,0.7071067690849304,0.7071067690849304
AS09,0.0,0.0,0.0,0.0,0.0,0.0,0.0,0.0,0.0,0.0,0.0,0.0,0.0,0.0,0.0,0.0,0.0,0.0,0.0,0.0,0.0,0.0,0.0,0.0,0.0,0.0,0.0,0.0,0.0,0.0,0.0,0.0,0.0,0.0,0.0,0.0,0.0,0.0,0.0,0.0,0.0,0.0,0.0,0.0,0.0,0.0,0.0,0.0,0.0,0.0,0.0,0.0,0.0,0.0,0.0,0.0,0.0,0.0,0.0,0.0,0.0,0.0,0.40824830532073975,0.7071067690849304,0.5000000596046448,0.5000000596046448,0.0,0.0,0.28867512941360474,0.28867512941360474,0.0,0.0,0.40824830532073975,0.40824830532073975,0.0,0.0,0.0,0.0,0.0,0.0,0.0,0.0,0.0,0.5000000596046448,0.0,0.0,0.7071067690849304,0.7071067690849304,0.0,0.0,0.0,0.0,0.0,0.0,0.0,0.0,0.0,0.0,0.3535533845424652,0.0,0.0,0.0,0.0,0.0,0.0,0.0,0.0,0.0,0.0,0.0,0.0,0.0,0.0,0.0,0.0,0.3162277638912201,0.0,0.0,0.0,0.0,0.0,0.0,0.0,0.0,0.0,0.0,0.0,0.0,0.0,0.0,0.0,0.0,0.0,0.0,0.0,0.0,0.0,0.3535533845424652,0.3535533845424652,0.40824830532073975,0.3535533845424652,0.3535533845424652,0.3535533845424652,0.3535533845424652,0.3535533845424652,0.3535533845424652,0.40824830532073975,0.5000000596046448,0.3535533845424652,0.3535533845424652,0.3535533845424652,0.3535533845424652,0.3535533845424652,0.3535533845424652,0.3535533845424652,0.2357022762298584,0.3535533845424652,0.5000000596046448,0.5000000596046448,0.3535533845424652,0.3535533845424652,0.3535533845424652,0.40824830532073975,0.40824830532073975,0.3535533845424652,0.3535533845424652,0.40824830532073975,0.40824830532073975,0.40824830532073975,0.40824830532073975,0.0,0.0,0.0,0.0,0.0,0.0,0.0,0.0,0.0,0.0,0.0,0.0,0.0,0.0,0.0,0.0,0.0,0.0,0.0,0.0,0.0,0.0,0.0,0.0,0.0,0.0,0.0,0.0,0.0,0.0,0.0,0.5000000596046448,0.0,0.0,0.40824830532073975,0.0,0.0,0.0,0.0,0.0,0.0,0.0,0.0,0.0,0.0,0.0,0.0,0.0,0.0,0.0,0.0,0.0,0.0,0.7071067690849304,0.7071067690849304,0.7071067690849304,0.8164966106414795,1.0000001192092896,1.0000001192092896,1.0000001192092896,0.8164966106414795,0.8164966106414795,0.5000000596046448,0.7071067690849304,0.8164966106414795,1.0000001192092896,1.0000001192092896,1.0000001192092896,1.0000001192092896,1.0000001192092896,0.7071067690849304,0.8164966106414795,1.0000001192092896,1.0000001192092896,1.0000001192092896,1.0000001192092896,1.0000001192092896,1.0000001192092896,1.0,1.0000001192092896,0.8164966106414795,0.5000000596046448,0.7071067690849304,1.0000001192092896,1.0000001192092896,1.0000001192092896,1.0000001192092896,0.8164966106414795,0.40824830532073975,0.40824830532073975,0.40824830532073975,0.5000000596046448,0.7071067690849304,0.7071067690849304,0.7071067690849304,0.7071067690849304,0.7071067690849304,0.7071067690849304,0.7071067690849304,0.5000000596046448,0.5000000596046448,0.40824830532073975,0.7071067690849304,0.7071067690849304,0.7071067690849304,0.7071067690849304,0.7071067690849304,0.7071067690849304,0.7071067690849304,0.7071067690849304,0.7071067690849304,0.7071067690849304,0.7071067690849304,1.0000001192092896,1.0000001192092896,1.0000001192092896,1.0000001192092896,1.0000001192092896,1.0000001192092896,1.0000001192092896,1.0000001192092896,1.0000001192092896,0.8164966106414795,0.8164966106414795,0.40824830532073975,0.40824830532073975,0.5000000596046448,0.5000000596046448,0.7071067690849304,0.7071067690849304,0.7071067690849304,0.7071067690849304
AS10,0.0,0.0,0.0,0.0,0.0,0.0,0.0,0.0,0.0,0.0,0.0,0.0,0.0,0.0,0.0,0.0,0.0,0.0,0.0,0.0,0.0,0.0,0.0,0.0,0.0,0.0,0.0,0.0,0.0,0.0,0.0,0.0,0.0,0.0,0.0,0.0,0.0,0.0,0.0,0.0,0.0,0.0,0.0,0.0,0.0,0.0,0.0,0.0,0.0,0.0,0.0,0.0,0.0,0.0,0.0,0.0,0.0,0.0,0.0,0.0,0.0,0.0,0.40824830532073975,0.7071067690849304,0.5000000596046448,0.5000000596046448,0.0,0.0,0.28867512941360474,0.28867512941360474,0.0,0.0,0.40824830532073975,0.40824830532073975,0.0,0.0,0.0,0.0,0.0,0.0,0.0,0.0,0.0,0.5000000596046448,0.0,0.0,0.7071067690849304,0.7071067690849304,0.0,0.0,0.0,0.0,0.0,0.0,0.0,0.0,0.0,0.0,0.3535533845424652,0.0,0.0,0.0,0.0,0.0,0.0,0.0,0.0,0.0,0.0,0.0,0.0,0.0,0.0,0.0,0.0,0.3162277638912201,0.0,0.0,0.0,0.0,0.0,0.0,0.0,0.0,0.0,0.0,0.0,0.0,0.0,0.0,0.0,0.0,0.0,0.0,0.0,0.0,0.0,0.3535533845424652,0.3535533845424652,0.40824830532073975,0.3535533845424652,0.3535533845424652,0.3535533845424652,0.3535533845424652,0.3535533845424652,0.3535533845424652,0.40824830532073975,0.5000000596046448,0.3535533845424652,0.3535533845424652,0.3535533845424652,0.3535533845424652,0.3535533845424652,0.3535533845424652,0.3535533845424652,0.2357022762298584,0.3535533845424652,0.5000000596046448,0.5000000596046448,0.3535533845424652,0.3535533845424652,0.3535533845424652,0.40824830532073975,0.40824830532073975,0.3535533845424652,0.3535533845424652,0.40824830532073975,0.40824830532073975,0.40824830532073975,0.40824830532073975,0.0,0.0,0.0,0.0,0.0,0.0,0.0,0.0,0.0,0.0,0.0,0.0,0.0,0.0,0.0,0.0,0.0,0.0,0.0,0.0,0.0,0.0,0.0,0.0,0.0,0.0,0.0,0.0,0.0,0.0,0.0,0.5000000596046448,0.0,0.0,0.40824830532073975,0.0,0.0,0.0,0.0,0.0,0.0,0.0,0.0,0.0,0.0,0.0,0.0,0.0,0.0,0.0,0.0,0.0,0.0,0.7071067690849304,0.7071067690849304,0.7071067690849304,0.8164966106414795,1.0000001192092896,1.0000001192092896,1.0000001192092896,0.8164966106414795,0.8164966106414795,0.5000000596046448,0.7071067690849304,0.8164966106414795,1.0000001192092896,1.0000001192092896,1.0000001192092896,1.0000001192092896,1.0000001192092896,0.7071067690849304,0.8164966106414795,1.0000001192092896,1.0000001192092896,1.0000001192092896,1.0000001192092896,1.0000001192092896,1.0000001192092896,1.0000001192092896,1.0,0.8164966106414795,0.5000000596046448,0.7071067690849304,1.0000001192092896,1.0000001192092896,1.0000001192092896,1.0000001192092896,0.8164966106414795,0.40824830532073975,0.40824830532073975,0.40824830532073975,0.5000000596046448,0.7071067690849304,0.7071067690849304,0.7071067690849304,0.7071067690849304,0.7071067690849304,0.7071067690849304,0.7071067690849304,0.5000000596046448,0.5000000596046448,0.40824830532073975,0.7071067690849304,0.7071067690849304,0.7071067690849304,0.7071067690849304,0.7071067690849304,0.7071067690849304,0.7071067690849304,0.7071067690849304,0.7071067690849304,0.7071067690849304,0.7071067690849304,1.0000001192092896,1.0000001192092896,1.0000001192092896,1.0000001192092896,1.0000001192092896,1.0000001192092896,1.0000001192092896,1.0000001192092896,1.0000001192092896,0.8164966106414795,0.8164966106414795,0.40824830532073975,0.40824830532073975,0.5000000596046448,0.5000000596046448,0.7071067690849304,0.7071067690849304,0.7071067690849304,0.7071067690849304
AS11,0.0,0.0,0.0,0.0,0.0,0.0,0.0,0.0,0.0,0.0,0.0,0.0,0.0,0.0,0.0,0.0,0.0,0.0,0.0,0.0,0.0,0.0,0.0,0.0,0.0,0.0,0.0,0.0,0.0,0.0,0.0,0.0,0.0,0.0,0.0,0.0,0.0,0.0,0.0,0.0,0.0,0.0,0.0,0.0,0.0,0.0,0.0,0.0,0.0,0.0,0.0,0.0,0.0,0.0,0.0,0.0,0.0,0.0,0.0,0.0,0.0,0.0,0.3333333432674408,0.5773502588272095,0.40824830532073975,0.40824830532073975,0.0,0.0,0.235702246427536,0.235702246427536,0.0,0.0,0.3333333432674408,0.3333333432674408,0.0,0.0,0.0,0.0,0.0,0.0,0.0,0.0,0.0,0.8164966106414795,0.0,0.0,0.5773502588272095,0.5773502588272095,0.5773502588272095,0.5773502588272095,0.5773502588272095,0.5773502588272095,0.40824830532073975,0.40824830532073975,0.0,0.0,0.0,0.0,0.5773502588272095,0.0,0.0,0.0,0.0,0.0,0.0,0.0,0.0,0.0,0.0,0.0,0.0,0.0,0.0,0.0,0.0,0.25819888710975647,0.0,0.0,0.0,0.0,0.0,0.0,0.0,0.0,0.0,0.0,0.0,0.0,0.0,0.0,0.0,0.0,0.0,0.0,0.0,0.0,0.0,0.5773502588272095,0.5773502588272095,0.6666666865348816,0.5773502588272095,0.5773502588272095,0.5773502588272095,0.5773502588272095,0.5773502588272095,0.5773502588272095,0.3333333432674408,0.8164966106414795,0.5773502588272095,0.5773502588272095,0.5773502588272095,0.5773502588272095,0.5773502588272095,0.5773502588272095,0.5773502588272095,0.38490018248558044,0.5773502588272095,0.8164966106414795,0.8164966106414795,0.28867512941360474,0.5773502588272095,0.5773502588272095,0.3333333432674408,0.3333333432674408,0.28867512941360474,0.28867512941360474,0.3333333432674408,0.3333333432674408,0.3333333432674408,0.3333333432674408,0.5773502588272095,0.5773502588272095,0.0,0.0,0.0,0.0,0.0,0.0,0.0,0.0,0.0,0.0,0.0,0.0,0.0,0.0,0.0,0.0,0.0,0.0,0.0,0.0,0.0,0.0,0.0,0.0,0.0,0.0,0.0,0.0,0.0,0.40824830532073975,0.0,0.0,0.3333333432674408,0.0,0.0,0.0,0.0,0.0,0.0,0.0,0.0,0.0,0.0,0.0,0.0,0.0,0.0,0.0,0.0,0.0,0.0,0.5773502588272095,0.5773502588272095,0.5773502588272095,0.6666666865348816,0.8164966106414795,0.8164966106414795,0.8164966106414795,1.0,1.0,0.8164966106414795,0.5773502588272095,0.6666666865348816,0.8164966106414795,0.8164966106414795,0.8164966106414795,0.8164966106414795,0.8164966106414795,0.5773502588272095,0.6666666865348816,0.8164966106414795,0.8164966106414795,0.8164966106414795,0.8164966106414795,0.8164966106414795,0.8164966106414795,0.8164966106414795,0.8164966106414795,1.0,0.8164966106414795,0.5773502588272095,0.8164966106414795,0.8164966106414795,0.8164966106414795,0.8164966106414795,1.0,0.3333333432674408,0.3333333432674408,0.3333333432674408,0.40824830532073975,0.5773502588272095,0.5773502588272095,0.5773502588272095,0.5773502588272095,0.5773502588272095,0.5773502588272095,0.5773502588272095,0.8164966106414795,0.40824830532073975,0.3333333432674408,0.5773502588272095,0.5773502588272095,0.5773502588272095,0.5773502588272095,0.5773502588272095,0.5773502588272095,0.5773502588272095,0.5773502588272095,0.5773502588272095,0.5773502588272095,0.5773502588272095,0.8164966106414795,0.8164966106414795,0.8164966106414795,0.8164966106414795,0.8164966106414795,0.8164966106414795,0.8164966106414795,0.8164966106414795,0.8164966106414795,1.0,1.0,0.3333333432674408,0.3333333432674408,0.40824830532073975,0.40824830532073975,0.5773502588272095,0.5773502588272095,0.5773502588272095,0.5773502588272095
PDB,0.0,0.0,0.0,0.0,0.0,0.0,0.0,0.0,0.0,0.0,0.0,0.0,0.0,0.0,0.0,0.0,0.0,0.0,0.0,0.0,0.0,0.0,0.0,0.0,0.0,0.0,0.0,0.0,0.0,0.0,0.0,0.0,0.0,0.0,0.0,0.0,0.0,0.0,0.0,0.0,0.0,0.0,0.0,0.0,0.0,0.0,0.0,0.0,0.0,0.0,0.0,0.0,0.0,0.0,0.0,0.0,0.0,0.0,0.0,0.0,0.0,0.0,0.0,0.0,0.0,0.0,0.0,0.0,0.0,0.0,0.0,0.0,0.0,0.0,0.0,0.0,0.0,0.0,0.0,0.0,0.0,0.0,0.0,0.5000000596046448,0.0,0.0,0.0,0.0,0.7071067690849304,0.7071067690849304,0.7071067690849304,0.7071067690849304,0.5000000596046448,0.5000000596046448,0.0,0.0,0.0,0.0,0.3535533845424652,0.0,0.0,0.0,0.0,0.0,0.0,0.0,0.0,0.0,0.0,0.0,0.0,0.0,0.0,0.0,0.0,0.3162277638912201,0.0,0.0,0.0,0.0,0.0,0.0,0.0,0.0,0.0,0.0,0.0,0.0,0.0,0.0,0.0,0.0,0.0,0.0,0.0,0.0,0.0,0.3535533845424652,0.3535533845424652,0.40824830532073975,0.3535533845424652,0.3535533845424652,0.3535533845424652,0.3535533845424652,0.3535533845424652,0.3535533845424652,0.0,0.5000000596046448,0.3535533845424652,0.3535533845424652,0.3535533845424652,0.3535533845424652,0.3535533845424652,0.3535533845424652,0.3535533845424652,0.2357022762298584,0.3535533845424652,0.5000000596046448,0.5000000596046448,0.3535533845424652,0.3535533845424652,0.3535533845424652,0.0,0.0,0.0,0.0,0.0,0.0,0.0,0.0,0.7071067690849304,0.7071067690849304,0.0,0.0,0.0,0.0,0.0,0.0,0.0,0.0,0.0,0.0,0.0,0.0,0.0,0.0,0.0,0.0,0.0,0.0,0.0,0.0,0.0,0.0,0.0,0.0,0.0,0.0,0.0,0.0,0.0,0.5000000596046448,0.0,0.0,0.0,0.0,0.0,0.0,0.0,0.0,0.0,0.0,0.0,0.0,0.0,0.0,0.0,0.0,0.0,0.0,0.0,0.0,0.0,0.3535533845424652,0.3535533845424652,0.3535533845424652,0.40824830532073975,0.5000000596046448,0.5000000596046448,0.5000000596046448,0.8164966106414795,0.8164966106414795,1.0000001192092896,0.3535533845424652,0.40824830532073975,0.5000000596046448,0.5000000596046448,0.5000000596046448,0.5000000596046448,0.5000000596046448,0.3535533845424652,0.40824830532073975,0.5000000596046448,0.5000000596046448,0.5000000596046448,0.5000000596046448,0.5000000596046448,0.5000000596046448,0.5000000596046448,0.5000000596046448,0.8164966106414795,1.0,0.3535533845424652,0.5000000596046448,0.5000000596046448,0.5000000596046448,0.5000000596046448,0.8164966106414795,0.0,0.0,0.0,0.0,0.0,0.0,0.0,0.0,0.0,0.0,0.0,0.5000000596046448,0.0,0.0,0.0,0.0,0.0,0.0,0.0,0.0,0.0,0.0,0.0,0.3535533845424652,0.3535533845424652,0.5000000596046448,0.5000000596046448,0.5000000596046448,0.5000000596046448,0.5000000596046448,0.5000000596046448,0.5000000596046448,0.5000000596046448,0.5000000596046448,0.8164966106414795,0.8164966106414795,0.0,0.0,0.0,0.0,0.0,0.0,0.0,0.0
DD01,0.0,0.0,0.0,0.0,0.0,0.0,0.0,0.0,0.0,0.0,0.0,0.0,0.0,0.0,0.0,0.0,0.0,0.0,0.0,0.0,0.25,0.25,0.0,0.0,0.25,0.25,0.25,0.25,0.25,0.25,0.25,0.25,0.25,0.25,0.25,0.25,0.25,0.25,0.25,0.25,0.25,0.25,0.25,0.25,0.0,0.0,0.0,0.0,0.0,0.0,0.0,0.0,0.0,0.0,0.0,0.0,0.0,0.0,0.0,0.0,0.0,0.0,0.5773502588272095,0.5,0.3535533845424652,0.3535533845424652,0.0,0.0,0.40824827551841736,0.40824827551841736,0.25,0.25,0.28867512941360474,0.28867512941360474,0.0,0.0,0.0,0.0,0.0,0.0,0.0,0.0,0.28867512941360474,0.3535533845424652,0.0,0.0,0.5,0.5,0.0,0.0,0.0,0.0,0.0,0.0,0.0,0.0,0.0,0.0,0.5,0.25,0.25,0.3535533845424652,0.3535533845424652,0.28867512941360474,0.28867512941360474,0.3535533845424652,0.3535533845424652,0.28867512941360474,0.28867512941360474,0.0,0.0,0.0,0.0,0.3535533845424652,0.3535533845424652,0.22360679507255554,0.25,0.25,0.0,0.0,0.0,0.0,0.3535533845424652,0.3535533845424652,0.28867512941360474,0.28867512941360474,0.28867512941360474,0.28867512941360474,0.3535533845424652,0.3535533845424652,0.3535533845424652,0.3535533845424652,0.0,0.0,0.3535533845424652,0.28867512941360474,0.28867512941360474,0.5,0.5,0.5773502588272095,0.5,0.5,0.5,0.5,0.5,0.5,0.5773502588272095,0.3535533845424652,0.5,0.5,0.5,0.5,0.5,0.5,0.5,0.3333333432674408,0.5,0.3535533845424652,0.3535533845424652,0.5,0.5,0.5,0.5773502588272095,0.5773502588272095,0.5,0.5,0.5773502588272095,0.5773502588272095,0.5773502588272095,0.5773502588272095,0.0,0.0,0.0,0.0,0.22360679507255554,0.22360679507255554,0.25,0.28867512941360474,0.28867512941360474,0.28867512941360474,0.28867512941360474,0.0,0.0,0.0,0.0,0.0,0.0,0.0,0.0,0.25,0.25,0.25,0.25,0.0,0.0,0.3535533845424652,0.3535533845424652,0.0,0.0,0.0,0.0,0.3535533845424652,0.0,0.0,0.5773502588272095,0.0,0.0,0.0,0.0,0.0,0.0,0.0,0.0,0.25,0.25,0.0,0.0,0.25,0.25,0.0,0.0,0.0,0.0,1.0,1.0,1.0,0.866025447845459,0.7071067690849304,0.7071067690849304,0.7071067690849304,0.5773502588272095,0.5773502588272095,0.3535533845424652,1.0,0.866025447845459,0.7071067690849304,0.7071067690849304,0.7071067690849304,0.7071067690849304,0.7071067690849304,1.0,0.866025447845459,0.7071067690849304,0.7071067690849304,0.7071067690849304,0.7071067690849304,0.7071067690849304,0.7071067690849304,0.7071067690849304,0.7071067690849304,0.5773502588272095,0.3535533845424652,1.0,0.7071067690849304,0.7071067690849304,0.7071067690849304,0.7071067690849304,0.5773502588272095,0.866025447845459,0.866025447845459,0.866025447845459,0.7071067690849304,0.5,0.5,0.5,0.5,0.5,0.5,0.5,0.3535533845424652,0.7071067690849304,0.866025447845459,0.5,0.5,0.5,0.5,0.5,0.5,0.5,0.5,0.5,1.0,1.0,0.7071067690849304,0.7071067690849304,0.7071067690849304,0.7071067690849304,0.7071067690849304,0.7071067690849304,0.7071067690849304,0.7071067690849304,0.7071067690849304,0.5773502588272095,0.5773502588272095,0.5773502588272095,0.5773502588272095,0.7071067690849304,0.7071067690849304,0.5,0.5,0.5,0.5
DD02,0.0,0.0,0.0,0.0,0.0,0.0,0.0,0.0,0.0,0.0,0.0,0.0,0.0,0.0,0.0,0.0,0.0,0.0,0.0,0.0,0.0,0.0,0.0,0.0,0.0,0.0,0.0,0.0,0.0,0.0,0.0,0.0,0.0,0.0,0.0,0.0,0.0,0.0,0.0,0.0,0.0,0.0,0.0,0.0,0.0,0.0,0.0,0.0,0.0,0.0,0.0,0.0,0.0,0.0,0.0,0.0,0.0,0.0,0.0,0.0,0.0,0.0,0.40824830532073975,0.7071067690849304,0.5000000596046448,0.5000000596046448,0.0,0.0,0.28867512941360474,0.28867512941360474,0.0,0.0,0.40824830532073975,0.40824830532073975,0.0,0.0,0.0,0.0,0.0,0.0,0.0,0.0,0.0,0.5000000596046448,0.0,0.0,0.7071067690849304,0.7071067690849304,0.0,0.0,0.0,0.0,0.0,0.0,0.0,0.0,0.0,0.0,0.3535533845424652,0.0,0.0,0.0,0.0,0.0,0.0,0.0,0.0,0.0,0.0,0.0,0.0,0.0,0.0,0.0,0.0,0.3162277638912201,0.0,0.0,0.0,0.0,0.0,0.0,0.0,0.0,0.0,0.0,0.0,0.0,0.0,0.0,0.0,0.0,0.0,0.0,0.0,0.0,0.0,0.3535533845424652,0.3535533845424652,0.40824830532073975,0.3535533845424652,0.3535533845424652,0.3535533845424652,0.3535533845424652,0.3535533845424652,0.3535533845424652,0.40824830532073975,0.5000000596046448,0.3535533845424652,0.3535533845424652,0.3535533845424652,0.3535533845424652,0.3535533845424652,0.3535533845424652,0.3535533845424652,0.2357022762298584,0.3535533845424652,0.5000000596046448,0.5000000596046448,0.3535533845424652,0.3535533845424652,0.3535533845424652,0.40824830532073975,0.40824830532073975,0.3535533845424652,0.3535533845424652,0.40824830532073975,0.40824830532073975,0.40824830532073975,0.40824830532073975,0.0,0.0,0.0,0.0,0.0,0.0,0.0,0.0,0.0,0.0,0.0,0.0,0.0,0.0,0.0,0.0,0.0,0.0,0.0,0.0,0.0,0.0,0.0,0.0,0.0,0.0,0.0,0.0,0.0,0.0,0.0,0.5000000596046448,0.0,0.0,0.40824830532073975,0.0,0.0,0.0,0.0,0.0,0.0,0.0,0.0,0.0,0.0,0.0,0.0,0.0,0.0,0.0,0.0,0.0,0.0,0.7071067690849304,0.7071067690849304,0.7071067690849304,0.8164966106414795,1.0000001192092896,1.0000001192092896,1.0000001192092896,0.8164966106414795,0.8164966106414795,0.5000000596046448,0.7071067690849304,0.8164966106414795,1.0000001192092896,1.0000001192092896,1.0000001192092896,1.0000001192092896,1.0000001192092896,0.7071067690849304,0.8164966106414795,1.0000001192092896,1.0000001192092896,1.0000001192092896,1.0000001192092896,1.0000001192092896,1.0000001192092896,1.0000001192092896,1.0000001192092896,0.8164966106414795,0.5000000596046448,0.7071067690849304,1.0,1.0000001192092896,1.0000001192092896,1.0000001192092896,0.8164966106414795,0.40824830532073975,0.40824830532073975,0.40824830532073975,0.5000000596046448,0.7071067690849304,0.7071067690849304,0.7071067690849304,0.7071067690849304,0.7071067690849304,0.7071067690849304,0.7071067690849304,0.5000000596046448,0.5000000596046448,0.40824830532073975,0.7071067690849304,0.7071067690849304,0.7071067690849304,0.7071067690849304,0.7071067690849304,0.7071067690849304,0.7071067690849304,0.7071067690849304,0.7071067690849304,0.7071067690849304,0.7071067690849304,1.0000001192092896,1.0000001192092896,1.0000001192092896,1.0000001192092896,1.0000001192092896,1.0000001192092896,1.0000001192092896,1.0000001192092896,1.0000001192092896,0.8164966106414795,0.8164966106414795,0.40824830532073975,0.40824830532073975,0.5000000596046448,0.5000000596046448,0.7071067690849304,0.7071067690849304,0.7071067690849304,0.7071067690849304
DD03,0.0,0.0,0.0,0.0,0.0,0.0,0.0,0.0,0.0,0.0,0.0,0.0,0.0,0.0,0.0,0.0,0.0,0.0,0.0,0.0,0.0,0.0,0.0,0.0,0.0,0.0,0.0,0.0,0.0,0.0,0.0,0.0,0.0,0.0,0.0,0.0,0.0,0.0,0.0,0.0,0.0,0.0,0.0,0.0,0.0,0.0,0.0,0.0,0.0,0.0,0.0,0.0,0.0,0.0,0.0,0.0,0.0,0.0,0.0,0.0,0.0,0.0,0.40824830532073975,0.7071067690849304,0.5000000596046448,0.5000000596046448,0.0,0.0,0.28867512941360474,0.28867512941360474,0.0,0.0,0.40824830532073975,0.40824830532073975,0.0,0.0,0.0,0.0,0.0,0.0,0.0,0.0,0.0,0.5000000596046448,0.0,0.0,0.7071067690849304,0.7071067690849304,0.0,0.0,0.0,0.0,0.0,0.0,0.0,0.0,0.0,0.0,0.3535533845424652,0.0,0.0,0.0,0.0,0.0,0.0,0.0,0.0,0.0,0.0,0.0,0.0,0.0,0.0,0.0,0.0,0.3162277638912201,0.0,0.0,0.0,0.0,0.0,0.0,0.0,0.0,0.0,0.0,0.0,0.0,0.0,0.0,0.0,0.0,0.0,0.0,0.0,0.0,0.0,0.3535533845424652,0.3535533845424652,0.40824830532073975,0.3535533845424652,0.3535533845424652,0.3535533845424652,0.3535533845424652,0.3535533845424652,0.3535533845424652,0.40824830532073975,0.5000000596046448,0.3535533845424652,0.3535533845424652,0.3535533845424652,0.3535533845424652,0.3535533845424652,0.3535533845424652,0.3535533845424652,0.2357022762298584,0.3535533845424652,0.5000000596046448,0.5000000596046448,0.3535533845424652,0.3535533845424652,0.3535533845424652,0.40824830532073975,0.40824830532073975,0.3535533845424652,0.3535533845424652,0.40824830532073975,0.40824830532073975,0.40824830532073975,0.40824830532073975,0.0,0.0,0.0,0.0,0.0,0.0,0.0,0.0,0.0,0.0,0.0,0.0,0.0,0.0,0.0,0.0,0.0,0.0,0.0,0.0,0.0,0.0,0.0,0.0,0.0,0.0,0.0,0.0,0.0,0.0,0.0,0.5000000596046448,0.0,0.0,0.40824830532073975,0.0,0.0,0.0,0.0,0.0,0.0,0.0,0.0,0.0,0.0,0.0,0.0,0.0,0.0,0.0,0.0,0.0,0.0,0.7071067690849304,0.7071067690849304,0.7071067690849304,0.8164966106414795,1.0000001192092896,1.0000001192092896,1.0000001192092896,0.8164966106414795,0.8164966106414795,0.5000000596046448,0.7071067690849304,0.8164966106414795,1.0000001192092896,1.0000001192092896,1.0000001192092896,1.0000001192092896,1.0000001192092896,0.7071067690849304,0.8164966106414795,1.0000001192092896,1.0000001192092896,1.0000001192092896,1.0000001192092896,1.0000001192092896,1.0000001192092896,1.0000001192092896,1.0000001192092896,0.8164966106414795,0.5000000596046448,0.7071067690849304,1.0000001192092896,1.0,1.0000001192092896,1.0000001192092896,0.8164966106414795,0.40824830532073975,0.40824830532073975,0.40824830532073975,0.5000000596046448,0.7071067690849304,0.7071067690849304,0.7071067690849304,0.7071067690849304,0.7071067690849304,0.7071067690849304,0.7071067690849304,0.5000000596046448,0.5000000596046448,0.40824830532073975,0.7071067690849304,0.7071067690849304,0.7071067690849304,0.7071067690849304,0.7071067690849304,0.7071067690849304,0.7071067690849304,0.7071067690849304,0.7071067690849304,0.7071067690849304,0.7071067690849304,1.0000001192092896,1.0000001192092896,1.0000001192092896,1.0000001192092896,1.0000001192092896,1.0000001192092896,1.0000001192092896,1.0000001192092896,1.0000001192092896,0.8164966106414795,0.8164966106414795,0.40824830532073975,0.40824830532073975,0.5000000596046448,0.5000000596046448,0.7071067690849304,0.7071067690849304,0.7071067690849304,0.7071067690849304
DD04,0.0,0.0,0.0,0.0,0.0,0.0,0.0,0.0,0.0,0.0,0.0,0.0,0.0,0.0,0.0,0.0,0.0,0.0,0.0,0.0,0.0,0.0,0.0,0.0,0.0,0.0,0.0,0.0,0.0,0.0,0.0,0.0,0.0,0.0,0.0,0.0,0.0,0.0,0.0,0.0,0.0,0.0,0.0,0.0,0.0,0.0,0.0,0.0,0.0,0.0,0.0,0.0,0.0,0.0,0.0,0.0,0.0,0.0,0.0,0.0,0.0,0.0,0.40824830532073975,0.7071067690849304,0.5000000596046448,0.5000000596046448,0.0,0.0,0.28867512941360474,0.28867512941360474,0.0,0.0,0.40824830532073975,0.40824830532073975,0.0,0.0,0.0,0.0,0.0,0.0,0.0,0.0,0.0,0.5000000596046448,0.0,0.0,0.7071067690849304,0.7071067690849304,0.0,0.0,0.0,0.0,0.0,0.0,0.0,0.0,0.0,0.0,0.3535533845424652,0.0,0.0,0.0,0.0,0.0,0.0,0.0,0.0,0.0,0.0,0.0,0.0,0.0,0.0,0.0,0.0,0.3162277638912201,0.0,0.0,0.0,0.0,0.0,0.0,0.0,0.0,0.0,0.0,0.0,0.0,0.0,0.0,0.0,0.0,0.0,0.0,0.0,0.0,0.0,0.3535533845424652,0.3535533845424652,0.40824830532073975,0.3535533845424652,0.3535533845424652,0.3535533845424652,0.3535533845424652,0.3535533845424652,0.3535533845424652,0.40824830532073975,0.5000000596046448,0.3535533845424652,0.3535533845424652,0.3535533845424652,0.3535533845424652,0.3535533845424652,0.3535533845424652,0.3535533845424652,0.2357022762298584,0.3535533845424652,0.5000000596046448,0.5000000596046448,0.3535533845424652,0.3535533845424652,0.3535533845424652,0.40824830532073975,0.40824830532073975,0.3535533845424652,0.3535533845424652,0.40824830532073975,0.40824830532073975,0.40824830532073975,0.40824830532073975,0.0,0.0,0.0,0.0,0.0,0.0,0.0,0.0,0.0,0.0,0.0,0.0,0.0,0.0,0.0,0.0,0.0,0.0,0.0,0.0,0.0,0.0,0.0,0.0,0.0,0.0,0.0,0.0,0.0,0.0,0.0,0.5000000596046448,0.0,0.0,0.40824830532073975,0.0,0.0,0.0,0.0,0.0,0.0,0.0,0.0,0.0,0.0,0.0,0.0,0.0,0.0,0.0,0.0,0.0,0.0,0.7071067690849304,0.7071067690849304,0.7071067690849304,0.8164966106414795,1.0000001192092896,1.0000001192092896,1.0000001192092896,0.8164966106414795,0.8164966106414795,0.5000000596046448,0.7071067690849304,0.8164966106414795,1.0000001192092896,1.0000001192092896,1.0000001192092896,1.0000001192092896,1.0000001192092896,0.7071067690849304,0.8164966106414795,1.0000001192092896,1.0000001192092896,1.0000001192092896,1.0000001192092896,1.0000001192092896,1.0000001192092896,1.0000001192092896,1.0000001192092896,0.8164966106414795,0.5000000596046448,0.7071067690849304,1.0000001192092896,1.0000001192092896,1.0,1.0000001192092896,0.8164966106414795,0.40824830532073975,0.40824830532073975,0.40824830532073975,0.5000000596046448,0.7071067690849304,0.7071067690849304,0.7071067690849304,0.7071067690849304,0.7071067690849304,0.7071067690849304,0.7071067690849304,0.5000000596046448,0.5000000596046448,0.40824830532073975,0.7071067690849304,0.7071067690849304,0.7071067690849304,0.7071067690849304,0.7071067690849304,0.7071067690849304,0.7071067690849304,0.7071067690849304,0.7071067690849304,0.7071067690849304,0.7071067690849304,1.0000001192092896,1.0000001192092896,1.0000001192092896,1.0000001192092896,1.0000001192092896,1.0000001192092896,1.0000001192092896,1.0000001192092896,1.0000001192092896,0.8164966106414795,0.8164966106414795,0.40824830532073975,0.40824830532073975,0.5000000596046448,0.5000000596046448,0.7071067690849304,0.7071067690849304,0.7071067690849304,0.7071067690849304
DD05,0.0,0.0,0.0,0.0,0.0,0.0,0.0,0.0,0.0,0.0,0.0,0.0,0.0,0.0,0.0,0.0,0.0,0.0,0.0,0.0,0.0,0.0,0.0,0.0,0.0,0.0,0.0,0.0,0.0,0.0,0.0,0.0,0.0,0.0,0.0,0.0,0.0,0.0,0.0,0.0,0.0,0.0,0.0,0.0,0.0,0.0,0.0,0.0,0.0,0.0,0.0,0.0,0.0,0.0,0.0,0.0,0.0,0.0,0.0,0.0,0.0,0.0,0.40824830532073975,0.7071067690849304,0.5000000596046448,0.5000000596046448,0.0,0.0,0.28867512941360474,0.28867512941360474,0.0,0.0,0.40824830532073975,0.40824830532073975,0.0,0.0,0.0,0.0,0.0,0.0,0.0,0.0,0.0,0.5000000596046448,0.0,0.0,0.7071067690849304,0.7071067690849304,0.0,0.0,0.0,0.0,0.0,0.0,0.0,0.0,0.0,0.0,0.3535533845424652,0.0,0.0,0.0,0.0,0.0,0.0,0.0,0.0,0.0,0.0,0.0,0.0,0.0,0.0,0.0,0.0,0.3162277638912201,0.0,0.0,0.0,0.0,0.0,0.0,0.0,0.0,0.0,0.0,0.0,0.0,0.0,0.0,0.0,0.0,0.0,0.0,0.0,0.0,0.0,0.3535533845424652,0.3535533845424652,0.40824830532073975,0.3535533845424652,0.3535533845424652,0.3535533845424652,0.3535533845424652,0.3535533845424652,0.3535533845424652,0.40824830532073975,0.5000000596046448,0.3535533845424652,0.3535533845424652,0.3535533845424652,0.3535533845424652,0.3535533845424652,0.3535533845424652,0.3535533845424652,0.2357022762298584,0.3535533845424652,0.5000000596046448,0.5000000596046448,0.3535533845424652,0.3535533845424652,0.3535533845424652,0.40824830532073975,0.40824830532073975,0.3535533845424652,0.3535533845424652,0.40824830532073975,0.40824830532073975,0.40824830532073975,0.40824830532073975,0.0,0.0,0.0,0.0,0.0,0.0,0.0,0.0,0.0,0.0,0.0,0.0,0.0,0.0,0.0,0.0,0.0,0.0,0.0,0.0,0.0,0.0,0.0,0.0,0.0,0.0,0.0,0.0,0.0,0.0,0.0,0.5000000596046448,0.0,0.0,0.40824830532073975,0.0,0.0,0.0,0.0,0.0,0.0,0.0,0.0,0.0,0.0,0.0,0.0,0.0,0.0,0.0,0.0,0.0,0.0,0.7071067690849304,0.7071067690849304,0.7071067690849304,0.8164966106414795,1.0000001192092896,1.0000001192092896,1.0000001192092896,0.8164966106414795,0.8164966106414795,0.5000000596046448,0.7071067690849304,0.8164966106414795,1.0000001192092896,1.0000001192092896,1.0000001192092896,1.0000001192092896,1.0000001192092896,0.7071067690849304,0.8164966106414795,1.0000001192092896,1.0000001192092896,1.0000001192092896,1.0000001192092896,1.0000001192092896,1.0000001192092896,1.0000001192092896,1.0000001192092896,0.8164966106414795,0.5000000596046448,0.7071067690849304,1.0000001192092896,1.0000001192092896,1.0000001192092896,1.0,0.8164966106414795,0.40824830532073975,0.40824830532073975,0.40824830532073975,0.5000000596046448,0.7071067690849304,0.7071067690849304,0.7071067690849304,0.7071067690849304,0.7071067690849304,0.7071067690849304,0.7071067690849304,0.5000000596046448,0.5000000596046448,0.40824830532073975,0.7071067690849304,0.7071067690849304,0.7071067690849304,0.7071067690849304,0.7071067690849304,0.7071067690849304,0.7071067690849304,0.7071067690849304,0.7071067690849304,0.7071067690849304,0.7071067690849304,1.0000001192092896,1.0000001192092896,1.0000001192092896,1.0000001192092896,1.0000001192092896,1.0000001192092896,1.0000001192092896,1.0000001192092896,1.0000001192092896,0.8164966106414795,0.8164966106414795,0.40824830532073975,0.40824830532073975,0.5000000596046448,0.5000000596046448,0.7071067690849304,0.7071067690849304,0.7071067690849304,0.7071067690849304
DD06,0.0,0.0,0.0,0.0,0.0,0.0,0.0,0.0,0.0,0.0,0.0,0.0,0.0,0.0,0.0,0.0,0.0,0.0,0.0,0.0,0.0,0.0,0.0,0.0,0.0,0.0,0.0,0.0,0.0,0.0,0.0,0.0,0.0,0.0,0.0,0.0,0.0,0.0,0.0,0.0,0.0,0.0,0.0,0.0,0.0,0.0,0.0,0.0,0.0,0.0,0.0,0.0,0.0,0.0,0.0,0.0,0.0,0.0,0.0,0.0,0.0,0.0,0.3333333432674408,0.5773502588272095,0.40824830532073975,0.40824830532073975,0.0,0.0,0.235702246427536,0.235702246427536,0.0,0.0,0.3333333432674408,0.3333333432674408,0.0,0.0,0.0,0.0,0.0,0.0,0.0,0.0,0.0,0.8164966106414795,0.0,0.0,0.5773502588272095,0.5773502588272095,0.5773502588272095,0.5773502588272095,0.5773502588272095,0.5773502588272095,0.40824830532073975,0.40824830532073975,0.0,0.0,0.0,0.0,0.5773502588272095,0.0,0.0,0.0,0.0,0.0,0.0,0.0,0.0,0.0,0.0,0.0,0.0,0.0,0.0,0.0,0.0,0.25819888710975647,0.0,0.0,0.0,0.0,0.0,0.0,0.0,0.0,0.0,0.0,0.0,0.0,0.0,0.0,0.0,0.0,0.0,0.0,0.0,0.0,0.0,0.5773502588272095,0.5773502588272095,0.6666666865348816,0.5773502588272095,0.5773502588272095,0.5773502588272095,0.5773502588272095,0.5773502588272095,0.5773502588272095,0.3333333432674408,0.8164966106414795,0.5773502588272095,0.5773502588272095,0.5773502588272095,0.5773502588272095,0.5773502588272095,0.5773502588272095,0.5773502588272095,0.38490018248558044,0.5773502588272095,0.8164966106414795,0.8164966106414795,0.28867512941360474,0.5773502588272095,0.5773502588272095,0.3333333432674408,0.3333333432674408,0.28867512941360474,0.28867512941360474,0.3333333432674408,0.3333333432674408,0.3333333432674408,0.3333333432674408,0.5773502588272095,0.5773502588272095,0.0,0.0,0.0,0.0,0.0,0.0,0.0,0.0,0.0,0.0,0.0,0.0,0.0,0.0,0.0,0.0,0.0,0.0,0.0,0.0,0.0,0.0,0.0,0.0,0.0,0.0,0.0,0.0,0.0,0.40824830532073975,0.0,0.0,0.3333333432674408,0.0,0.0,0.0,0.0,0.0,0.0,0.0,0.0,0.0,0.0,0.0,0.0,0.0,0.0,0.0,0.0,0.0,0.0,0.5773502588272095,0.5773502588272095,0.5773502588272095,0.6666666865348816,0.8164966106414795,0.8164966106414795,0.8164966106414795,1.0,1.0,0.8164966106414795,0.5773502588272095,0.6666666865348816,0.8164966106414795,0.8164966106414795,0.8164966106414795,0.8164966106414795,0.8164966106414795,0.5773502588272095,0.6666666865348816,0.8164966106414795,0.8164966106414795,0.8164966106414795,0.8164966106414795,0.8164966106414795,0.8164966106414795,0.8164966106414795,0.8164966106414795,1.0,0.8164966106414795,0.5773502588272095,0.8164966106414795,0.8164966106414795,0.8164966106414795,0.8164966106414795,1.0,0.3333333432674408,0.3333333432674408,0.3333333432674408,0.40824830532073975,0.5773502588272095,0.5773502588272095,0.5773502588272095,0.5773502588272095,0.5773502588272095,0.5773502588272095,0.5773502588272095,0.8164966106414795,0.40824830532073975,0.3333333432674408,0.5773502588272095,0.5773502588272095,0.5773502588272095,0.5773502588272095,0.5773502588272095,0.5773502588272095,0.5773502588272095,0.5773502588272095,0.5773502588272095,0.5773502588272095,0.5773502588272095,0.8164966106414795,0.8164966106414795,0.8164966106414795,0.8164966106414795,0.8164966106414795,0.8164966106414795,0.8164966106414795,0.8164966106414795,0.8164966106414795,1.0,1.0,0.3333333432674408,0.3333333432674408,0.40824830532073975,0.40824830532073975,0.5773502588272095,0.5773502588272095,0.5773502588272095,0.5773502588272095
VA01,0.0,0.0,0.0,0.0,0.0,0.0,0.0,0.0,0.0,0.0,0.0,0.0,0.0,0.0,0.0,0.0,0.0,0.0,0.0,0.0,0.28867512941360474,0.28867512941360474,0.0,0.0,0.28867512941360474,0.28867512941360474,0.28867512941360474,0.28867512941360474,0.28867512941360474,0.28867512941360474,0.28867512941360474,0.28867512941360474,0.28867512941360474,0.28867512941360474,0.28867512941360474,0.28867512941360474,0.28867512941360474,0.28867512941360474,0.28867512941360474,0.28867512941360474,0.28867512941360474,0.28867512941360474,0.28867512941360474,0.28867512941360474,0.0,0.0,0.0,0.0,0.0,0.0,0.0,0.0,0.0,0.0,0.0,0.0,0.0,0.0,0.0,0.0,0.0,0.0,0.6666666865348816,0.5773502588272095,0.40824830532073975,0.40824830532073975,0.0,0.0,0.471404492855072,0.471404492855072,0.28867512941360474,0.28867512941360474,0.3333333432674408,0.3333333432674408,0.0,0.0,0.0,0.0,0.0,0.0,0.0,0.0,0.3333333432674408,0.40824830532073975,0.0,0.0,0.5773502588272095,0.5773502588272095,0.0,0.0,0.0,0.0,0.0,0.0,0.0,0.0,0.0,0.0,0.5773502588272095,0.28867512941360474,0.28867512941360474,0.40824830532073975,0.40824830532073975,0.3333333432674408,0.3333333432674408,0.40824830532073975,0.40824830532073975,0.3333333432674408,0.3333333432674408,0.0,0.0,0.0,0.0,0.40824830532073975,0.40824830532073975,0.0,0.28867512941360474,0.28867512941360474,0.0,0.0,0.0,0.0,0.40824830532073975,0.40824830532073975,0.3333333432674408,0.3333333432674408,0.3333333432674408,0.3333333432674408,0.40824830532073975,0.40824830532073975,0.40824830532073975,0.40824830532073975,0.0,0.0,0.40824830532073975,0.3333333432674408,0.3333333432674408,0.5773502588272095,0.5773502588272095,0.6666666865348816,0.5773502588272095,0.5773502588272095,0.5773502588272095,0.5773502588272095,0.5773502588272095,0.5773502588272095,0.6666666865348816,0.40824830532073975,0.5773502588272095,0.5773502588272095,0.5773502588272095,0.5773502588272095,0.5773502588272095,0.5773502588272095,0.5773502588272095,0.38490018248558044,0.5773502588272095,0.40824830532073975,0.40824830532073975,0.28867512941360474,0.5773502588272095,0.5773502588272095,0.6666666865348816,0.6666666865348816,0.5773502588272095,0.5773502588272095,0.6666666865348816,0.6666666865348816,0.6666666865348816,0.6666666865348816,0.0,0.0,0.0,0.0,0.25819888710975647,0.25819888710975647,0.28867512941360474,0.3333333432674408,0.3333333432674408,0.3333333432674408,0.3333333432674408,0.0,0.0,0.0,0.0,0.0,0.0,0.0,0.0,0.28867512941360474,0.28867512941360474,0.28867512941360474,0.28867512941360474,0.0,0.0,0.40824830532073975,0.40824830532073975,0.0,0.0,0.0,0.0,0.0,0.0,0.0,0.6666666865348816,0.0,0.0,0.0,0.0,0.0,0.0,0.0,0.0,0.28867512941360474,0.28867512941360474,0.0,0.0,0.28867512941360474,0.28867512941360474,0.0,0.0,0.0,0.0,0.866025447845459,0.866025447845459,0.866025447845459,0.6666666865348816,0.40824830532073975,0.40824830532073975,0.40824830532073975,0.3333333432674408,0.3333333432674408,0.0,0.866025447845459,0.6666666865348816,0.40824830532073975,0.40824830532073975,0.40824830532073975,0.40824830532073975,0.40824830532073975,0.866025447845459,0.6666666865348816,0.40824830532073975,0.40824830532073975,0.40824830532073975,0.40824830532073975,0.40824830532073975,0.40824830532073975,0.40824830532073975,0.40824830532073975,0.3333333432674408,0.0,0.866025447845459,0.40824830532073975,0.40824830532073975,0.40824830532073975,0.40824830532073975,0.3333333432674408,1.0,1.0,1.0,0.8164966106414795,0.5773502588272095,0.5773502588272095,0.5773502588272095,0.5773502588272095,0.5773502588272095,0.5773502588272095,0.5773502588272095,0.40824830532073975,0.8164966106414795,1.0,0.5773502588272095,0.5773502588272095,0.5773502588272095,0.5773502588272095,0.5773502588272095,0.5773502588272095,0.5773502588272095,0.5773502588272095,0.5773502588272095,0.866025447845459,0.866025447845459,0.40824830532073975,0.40824830532073975,0.40824830532073975,0.40824830532073975,0.40824830532073975,0.40824830532073975,0.40824830532073975,0.40824830532073975,0.40824830532073975,0.3333333432674408,0.3333333432674408,0.6666666865348816,0.6666666865348816,0.8164966106414795,0.8164966106414795,0.5773502588272095,0.5773502588272095,0.5773502588272095,0.5773502588272095
VA02,0.0,0.0,0.0,0.0,0.0,0.0,0.0,0.0,0.0,0.0,0.0,0.0,0.0,0.0,0.0,0.0,0.0,0.0,0.0,0.0,0.28867512941360474,0.28867512941360474,0.0,0.0,0.28867512941360474,0.28867512941360474,0.28867512941360474,0.28867512941360474,0.28867512941360474,0.28867512941360474,0.28867512941360474,0.28867512941360474,0.28867512941360474,0.28867512941360474,0.28867512941360474,0.28867512941360474,0.28867512941360474,0.28867512941360474,0.28867512941360474,0.28867512941360474,0.28867512941360474,0.28867512941360474,0.28867512941360474,0.28867512941360474,0.0,0.0,0.0,0.0,0.0,0.0,0.0,0.0,0.0,0.0,0.0,0.0,0.0,0.0,0.0,0.0,0.0,0.0,0.6666666865348816,0.5773502588272095,0.40824830532073975,0.40824830532073975,0.0,0.0,0.471404492855072,0.471404492855072,0.28867512941360474,0.28867512941360474,0.3333333432674408,0.3333333432674408,0.0,0.0,0.0,0.0,0.0,0.0,0.0,0.0,0.3333333432674408,0.40824830532073975,0.0,0.0,0.5773502588272095,0.5773502588272095,0.0,0.0,0.0,0.0,0.0,0.0,0.0,0.0,0.0,0.0,0.5773502588272095,0.28867512941360474,0.28867512941360474,0.40824830532073975,0.40824830532073975,0.3333333432674408,0.3333333432674408,0.40824830532073975,0.40824830532073975,0.3333333432674408,0.3333333432674408,0.0,0.0,0.0,0.0,0.40824830532073975,0.40824830532073975,0.0,0.28867512941360474,0.28867512941360474,0.0,0.0,0.0,0.0,0.40824830532073975,0.40824830532073975,0.3333333432674408,0.3333333432674408,0.3333333432674408,0.3333333432674408,0.40824830532073975,0.40824830532073975,0.40824830532073975,0.40824830532073975,0.0,0.0,0.40824830532073975,0.3333333432674408,0.3333333432674408,0.5773502588272095,0.5773502588272095,0.6666666865348816,0.5773502588272095,0.5773502588272095,0.5773502588272095,0.5773502588272095,0.5773502588272095,0.5773502588272095,0.6666666865348816,0.40824830532073975,0.5773502588272095,0.5773502588272095,0.5773502588272095,0.5773502588272095,0.5773502588272095,0.5773502588272095,0.5773502588272095,0.38490018248558044,0.5773502588272095,0.40824830532073975,0.40824830532073975,0.28867512941360474,0.5773502588272095,0.5773502588272095,0.6666666865348816,0.6666666865348816,0.5773502588272095,0.5773502588272095,0.6666666865348816,0.6666666865348816,0.6666666865348816,0.6666666865348816,0.0,0.0,0.0,0.0,0.25819888710975647,0.25819888710975647,0.28867512941360474,0.3333333432674408,0.3333333432674408,0.3333333432674408,0.3333333432674408,0.0,0.0,0.0,0.0,0.0,0.0,0.0,0.0,0.28867512941360474,0.28867512941360474,0.28867512941360474,0.28867512941360474,0.0,0.0,0.40824830532073975,0.40824830532073975,0.0,0.0,0.0,0.0,0.0,0.0,0.0,0.6666666865348816,0.0,0.0,0.0,0.0,0.0,0.0,0.0,0.0,0.28867512941360474,0.28867512941360474,0.0,0.0,0.28867512941360474,0.28867512941360474,0.0,0.0,0.0,0.0,0.866025447845459,0.866025447845459,0.866025447845459,0.6666666865348816,0.40824830532073975,0.40824830532073975,0.40824830532073975,0.3333333432674408,0.3333333432674408,0.0,0.866025447845459,0.6666666865348816,0.40824830532073975,0.40824830532073975,0.40824830532073975,0.40824830532073975,0.40824830532073975,0.866025447845459,0.6666666865348816,0.40824830532073975,0.40824830532073975,0.40824830532073975,0.40824830532073975,0.40824830532073975,0.40824830532073975,0.40824830532073975,0.40824830532073975,0.3333333432674408,0.0,0.866025447845459,0.40824830532073975,0.40824830532073975,0.40824830532073975,0.40824830532073975,0.3333333432674408,1.0,1.0,1.0,0.8164966106414795,0.5773502588272095,0.5773502588272095,0.5773502588272095,0.5773502588272095,0.5773502588272095,0.5773502588272095,0.5773502588272095,0.40824830532073975,0.8164966106414795,1.0,0.5773502588272095,0.5773502588272095,0.5773502588272095,0.5773502588272095,0.5773502588272095,0.5773502588272095,0.5773502588272095,0.5773502588272095,0.5773502588272095,0.866025447845459,0.866025447845459,0.40824830532073975,0.40824830532073975,0.40824830532073975,0.40824830532073975,0.40824830532073975,0.40824830532073975,0.40824830532073975,0.40824830532073975,0.40824830532073975,0.3333333432674408,0.3333333432674408,0.6666666865348816,0.6666666865348816,0.8164966106414795,0.8164966106414795,0.5773502588272095,0.5773502588272095,0.5773502588272095,0.5773502588272095
VA03,0.0,0.0,0.0,0.0,0.0,0.0,0.0,0.0,0.0,0.0,0.0,0.0,0.0,0.0,0.0,0.0,0.0,0.0,0.0,0.0,0.28867512941360474,0.28867512941360474,0.0,0.0,0.28867512941360474,0.28867512941360474,0.28867512941360474,0.28867512941360474,0.28867512941360474,0.28867512941360474,0.28867512941360474,0.28867512941360474,0.28867512941360474,0.28867512941360474,0.28867512941360474,0.28867512941360474,0.28867512941360474,0.28867512941360474,0.28867512941360474,0.28867512941360474,0.28867512941360474,0.28867512941360474,0.28867512941360474,0.28867512941360474,0.0,0.0,0.0,0.0,0.0,0.0,0.0,0.0,0.0,0.0,0.0,0.0,0.0,0.0,0.0,0.0,0.0,0.0,0.6666666865348816,0.5773502588272095,0.40824830532073975,0.40824830532073975,0.0,0.0,0.471404492855072,0.471404492855072,0.28867512941360474,0.28867512941360474,0.3333333432674408,0.3333333432674408,0.0,0.0,0.0,0.0,0.0,0.0,0.0,0.0,0.3333333432674408,0.40824830532073975,0.0,0.0,0.5773502588272095,0.5773502588272095,0.0,0.0,0.0,0.0,0.0,0.0,0.0,0.0,0.0,0.0,0.5773502588272095,0.28867512941360474,0.28867512941360474,0.40824830532073975,0.40824830532073975,0.3333333432674408,0.3333333432674408,0.40824830532073975,0.40824830532073975,0.3333333432674408,0.3333333432674408,0.0,0.0,0.0,0.0,0.40824830532073975,0.40824830532073975,0.0,0.28867512941360474,0.28867512941360474,0.0,0.0,0.0,0.0,0.40824830532073975,0.40824830532073975,0.3333333432674408,0.3333333432674408,0.3333333432674408,0.3333333432674408,0.40824830532073975,0.40824830532073975,0.40824830532073975,0.40824830532073975,0.0,0.0,0.40824830532073975,0.3333333432674408,0.3333333432674408,0.5773502588272095,0.5773502588272095,0.6666666865348816,0.5773502588272095,0.5773502588272095,0.5773502588272095,0.5773502588272095,0.5773502588272095,0.5773502588272095,0.6666666865348816,0.40824830532073975,0.5773502588272095,0.5773502588272095,0.5773502588272095,0.5773502588272095,0.5773502588272095,0.5773502588272095,0.5773502588272095,0.38490018248558044,0.5773502588272095,0.40824830532073975,0.40824830532073975,0.28867512941360474,0.5773502588272095,0.5773502588272095,0.6666666865348816,0.6666666865348816,0.5773502588272095,0.5773502588272095,0.6666666865348816,0.6666666865348816,0.6666666865348816,0.6666666865348816,0.0,0.0,0.0,0.0,0.25819888710975647,0.25819888710975647,0.28867512941360474,0.3333333432674408,0.3333333432674408,0.3333333432674408,0.3333333432674408,0.0,0.0,0.0,0.0,0.0,0.0,0.0,0.0,0.28867512941360474,0.28867512941360474,0.28867512941360474,0.28867512941360474,0.0,0.0,0.40824830532073975,0.40824830532073975,0.0,0.0,0.0,0.0,0.0,0.0,0.0,0.6666666865348816,0.0,0.0,0.0,0.0,0.0,0.0,0.0,0.0,0.28867512941360474,0.28867512941360474,0.0,0.0,0.28867512941360474,0.28867512941360474,0.0,0.0,0.0,0.0,0.866025447845459,0.866025447845459,0.866025447845459,0.6666666865348816,0.40824830532073975,0.40824830532073975,0.40824830532073975,0.3333333432674408,0.3333333432674408,0.0,0.866025447845459,0.6666666865348816,0.40824830532073975,0.40824830532073975,0.40824830532073975,0.40824830532073975,0.40824830532073975,0.866025447845459,0.6666666865348816,0.40824830532073975,0.40824830532073975,0.40824830532073975,0.40824830532073975,0.40824830532073975,0.40824830532073975,0.40824830532073975,0.40824830532073975,0.3333333432674408,0.0,0.866025447845459,0.40824830532073975,0.40824830532073975,0.40824830532073975,0.40824830532073975,0.3333333432674408,1.0,1.0,1.0,0.8164966106414795,0.5773502588272095,0.5773502588272095,0.5773502588272095,0.5773502588272095,0.5773502588272095,0.5773502588272095,0.5773502588272095,0.40824830532073975,0.8164966106414795,1.0,0.5773502588272095,0.5773502588272095,0.5773502588272095,0.5773502588272095,0.5773502588272095,0.5773502588272095,0.5773502588272095,0.5773502588272095,0.5773502588272095,0.866025447845459,0.866025447845459,0.40824830532073975,0.40824830532073975,0.40824830532073975,0.40824830532073975,0.40824830532073975,0.40824830532073975,0.40824830532073975,0.40824830532073975,0.40824830532073975,0.3333333432674408,0.3333333432674408,0.6666666865348816,0.6666666865348816,0.8164966106414795,0.8164966106414795,0.5773502588272095,0.5773502588272095,0.5773502588272095,0.5773502588272095
VA04,0.0,0.0,0.0,0.0,0.0,0.0,0.0,0.0,0.0,0.0,0.0,0.0,0.0,0.0,0.0,0.0,0.0,0.0,0.0,0.0,0.3535533845424652,0.3535533845424652,0.0,0.0,0.3535533845424652,0.3535533845424652,0.3535533845424652,0.3535533845424652,0.3535533845424652,0.3535533845424652,0.3535533845424652,0.3535533845424652,0.3535533845424652,0.3535533845424652,0.3535533845424652,0.3535533845424652,0.3535533845424652,0.3535533845424652,0.3535533845424652,0.3535533845424652,0.3535533845424652,0.3535533845424652,0.3535533845424652,0.3535533845424652,0.0,0.0,0.0,0.0,0.0,0.0,0.0,0.0,0.0,0.0,0.0,0.0,0.0,0.0,0.0,0.0,0.0,0.0,0.8164966106414795,0.7071067690849304,0.5000000596046448,0.5000000596046448,0.0,0.0,0.5773502588272095,0.5773502588272095,0.3535533845424652,0.3535533845424652,0.40824830532073975,0.40824830532073975,0.0,0.0,0.0,0.0,0.0,0.0,0.0,0.0,0.40824830532073975,0.5000000596046448,0.0,0.0,0.7071067690849304,0.7071067690849304,0.0,0.0,0.0,0.0,0.0,0.0,0.0,0.0,0.0,0.0,0.7071067690849304,0.3535533845424652,0.3535533845424652,0.5000000596046448,0.5000000596046448,0.40824830532073975,0.40824830532073975,0.5000000596046448,0.5000000596046448,0.40824830532073975,0.40824830532073975,0.0,0.0,0.0,0.0,0.5000000596046448,0.5000000596046448,0.0,0.3535533845424652,0.3535533845424652,0.0,0.0,0.0,0.0,0.5000000596046448,0.5000000596046448,0.40824830532073975,0.40824830532073975,0.40824830532073975,0.40824830532073975,0.5000000596046448,0.5000000596046448,0.5000000596046448,0.5000000596046448,0.0,0.0,0.5000000596046448,0.40824830532073975,0.40824830532073975,0.7071067690849304,0.7071067690849304,0.8164966106414795,0.7071067690849304,0.7071067690849304,0.7071067690849304,0.7071067690849304,0.7071067690849304,0.7071067690849304,0.8164966106414795,0.5000000596046448,0.7071067690849304,0.7071067690849304,0.7071067690849304,0.7071067690849304,0.7071067690849304,0.7071067690849304,0.7071067690849304,0.4714045524597168,0.7071067690849304,0.5000000596046448,0.5000000596046448,0.3535533845424652,0.7071067690849304,0.7071067690849304,0.8164966106414795,0.8164966106414795,0.7071067690849304,0.7071067690849304,0.8164966106414795,0.8164966106414795,0.8164966106414795,0.8164966106414795,0.0,0.0,0.0,0.0,0.3162277638912201,0.3162277638912201,0.3535533845424652,0.40824830532073975,0.40824830532073975,0.40824830532073975,0.40824830532073975,0.0,0.0,0.0,0.0,0.0,0.0,0.0,0.0,0.3535533845424652,0.3535533845424652,0.3535533845424652,0.3535533845424652,0.0,0.0,0.5000000596046448,0.5000000596046448,0.0,0.0,0.0,0.0,0.0,0.0,0.0,0.8164966106414795,0.0,0.0,0.0,0.0,0.0,0.0,0.0,0.0,0.3535533845424652,0.3535533845424652,0.0,0.0,0.3535533845424652,0.3535533845424652,0.0,0.0,0.0,0.0,0.7071067690849304,0.7071067690849304,0.7071067690849304,0.8164966106414795,0.5000000596046448,0.5000000596046448,0.5000000596046448,0.40824830532073975,0.40824830532073975,0.0,0.7071067690849304,0.40824830532073975,0.5000000596046448,0.5000000596046448,0.5000000596046448,0.5000000596046448,0.5000000596046448,0.7071067690849304,0.8164966106414795,0.5000000596046448,0.5000000596046448,0.5000000596046448,0.5000000596046448,0.5000000596046448,0.5000000596046448,0.5000000596046448,0.5000000596046448,0.40824830532073975,0.0,0.7071067690849304,0.5000000596046448,0.5000000596046448,0.5000000596046448,0.5000000596046448,0.40824830532073975,0.8164966106414795,0.8164966106414795,0.8164966106414795,1.0,0.7071067690849304,0.7071067690849304,0.7071067690849304,0.7071067690849304,0.7071067690849304,0.7071067690849304,0.7071067690849304,0.5000000596046448,1.0000001192092896,0.8164966106414795,0.7071067690849304,0.7071067690849304,0.7071067690849304,0.7071067690849304,0.7071067690849304,0.7071067690849304,0.7071067690849304,0.7071067690849304,0.7071067690849304,0.7071067690849304,0.7071067690849304,0.5000000596046448,0.5000000596046448,0.5000000596046448,0.5000000596046448,0.5000000596046448,0.5000000596046448,0.5000000596046448,0.5000000596046448,0.5000000596046448,0.40824830532073975,0.40824830532073975,0.8164966106414795,0.8164966106414795,1.0000001192092896,1.0000001192092896,0.7071067690849304,0.7071067690849304,0.7071067690849304,0.7071067690849304
VA05,0.0,0.0,0.0,0.0,0.0,0.0,0.0,0.0,0.0,0.0,0.0,0.0,0.0,0.0,0.0,0.0,0.0,0.0,0.0,0.0,0.0,0.0,0.0,0.0,0.0,0.0,0.0,0.0,0.0,0.0,0.0,0.0,0.0,0.0,0.0,0.0,0.0,0.0,0.0,0.0,0.0,0.0,0.0,0.0,0.0,0.0,0.0,0.0,0.0,0.0,0.0,0.0,0.0,0.0,0.0,0.0,0.0,0.0,0.0,0.0,0.0,0.0,0.5773502588272095,1.0,0.7071067690849304,0.7071067690849304,0.0,0.0,0.40824827551841736,0.40824827551841736,0.0,0.0,0.5773502588272095,0.5773502588272095,0.0,0.0,0.0,0.0,0.0,0.0,0.0,0.0,0.0,0.7071067690849304,0.0,0.0,1.0,1.0,0.0,0.0,0.0,0.0,0.0,0.0,0.0,0.0,0.0,0.0,0.5,0.0,0.0,0.0,0.0,0.0,0.0,0.0,0.0,0.0,0.0,0.0,0.0,0.0,0.0,0.0,0.0,0.0,0.0,0.0,0.0,0.0,0.0,0.0,0.0,0.0,0.0,0.0,0.0,0.0,0.0,0.0,0.0,0.0,0.0,0.0,0.0,0.0,0.0,0.5,0.5,0.5773502588272095,0.5,0.5,0.5,0.5,0.5,0.5,0.5773502588272095,0.7071067690849304,0.5,0.5,0.5,0.5,0.5,0.5,0.5,0.3333333432674408,0.5,0.7071067690849304,0.7071067690849304,0.0,0.5,0.5,0.5773502588272095,0.5773502588272095,0.5,0.5,0.5773502588272095,0.5773502588272095,0.5773502588272095,0.5773502588272095,0.0,0.0,0.0,0.0,0.0,0.0,0.0,0.0,0.0,0.0,0.0,0.0,0.0,0.0,0.0,0.0,0.0,0.0,0.0,0.0,0.0,0.0,0.0,0.0,0.0,0.0,0.0,0.0,0.0,0.0,0.0,0.0,0.0,0.0,0.5773502588272095,0.0,0.0,0.0,0.0,0.0,0.0,0.0,0.0,0.0,0.0,0.0,0.0,0.0,0.0,0.0,0.0,0.0,0.0,0.5,0.5,0.5,0.5773502588272095,0.7071067690849304,0.7071067690849304,0.7071067690849304,0.5773502588272095,0.5773502588272095,0.0,0.5,0.5773502588272095,0.7071067690849304,0.7071067690849304,0.7071067690849304,0.7071067690849304,0.7071067690849304,0.5,0.5773502588272095,0.7071067690849304,0.7071067690849304,0.7071067690849304,0.7071067690849304,0.7071067690849304,0.7071067690849304,0.7071067690849304,0.7071067690849304,0.5773502588272095,0.0,0.5,0.7071067690849304,0.7071067690849304,0.7071067690849304,0.7071067690849304,0.5773502588272095,0.5773502588272095,0.5773502588272095,0.5773502588272095,0.7071067690849304,1.0,1.0,1.0,1.0,1.0,1.0,1.0,0.7071067690849304,0.7071067690849304,0.5773502588272095,1.0,1.0,1.0,1.0,1.0,1.0,1.0,1.0,1.0,0.5,0.5,0.7071067690849304,0.7071067690849304,0.7071067690849304,0.7071067690849304,0.7071067690849304,0.7071067690849304,0.7071067690849304,0.7071067690849304,0.7071067690849304,0.5773502588272095,0.5773502588272095,0.5773502588272095,0.5773502588272095,0.7071067690849304,0.7071067690849304,1.0,1.0,1.0,1.0
VA06,0.0,0.0,0.0,0.0,0.0,0.0,0.0,0.0,0.0,0.0,0.0,0.0,0.0,0.0,0.0,0.0,0.0,0.0,0.0,0.0,0.0,0.0,0.0,0.0,0.0,0.0,0.0,0.0,0.0,0.0,0.0,0.0,0.0,0.0,0.0,0.0,0.0,0.0,0.0,0.0,0.0,0.0,0.0,0.0,0.0,0.0,0.0,0.0,0.0,0.0,0.0,0.0,0.0,0.0,0.0,0.0,0.0,0.0,0.0,0.0,0.0,0.0,0.5773502588272095,1.0,0.7071067690849304,0.7071067690849304,0.0,0.0,0.40824827551841736,0.40824827551841736,0.0,0.0,0.5773502588272095,0.5773502588272095,0.0,0.0,0.0,0.0,0.0,0.0,0.0,0.0,0.0,0.7071067690849304,0.0,0.0,1.0,1.0,0.0,0.0,0.0,0.0,0.0,0.0,0.0,0.0,0.0,0.0,0.5,0.0,0.0,0.0,0.0,0.0,0.0,0.0,0.0,0.0,0.0,0.0,0.0,0.0,0.0,0.0,0.0,0.0,0.0,0.0,0.0,0.0,0.0,0.0,0.0,0.0,0.0,0.0,0.0,0.0,0.0,0.0,0.0,0.0,0.0,0.0,0.0,0.0,0.0,0.5,0.5,0.5773502588272095,0.5,0.5,0.5,0.5,0.5,0.5,0.5773502588272095,0.7071067690849304,0.5,0.5,0.5,0.5,0.5,0.5,0.5,0.3333333432674408,0.5,0.7071067690849304,0.7071067690849304,0.0,0.5,0.5,0.5773502588272095,0.5773502588272095,0.5,0.5,0.5773502588272095,0.5773502588272095,0.5773502588272095,0.5773502588272095,0.0,0.0,0.0,0.0,0.0,0.0,0.0,0.0,0.0,0.0,0.0,0.0,0.0,0.0,0.0,0.0,0.0,0.0,0.0,0.0,0.0,0.0,0.0,0.0,0.0,0.0,0.0,0.0,0.0,0.0,0.0,0.0,0.0,0.0,0.5773502588272095,0.0,0.0,0.0,0.0,0.0,0.0,0.0,0.0,0.0,0.0,0.0,0.0,0.0,0.0,0.0,0.0,0.0,0.0,0.5,0.5,0.5,0.5773502588272095,0.7071067690849304,0.7071067690849304,0.7071067690849304,0.5773502588272095,0.5773502588272095,0.0,0.5,0.5773502588272095,0.7071067690849304,0.7071067690849304,0.7071067690849304,0.7071067690849304,0.7071067690849304,0.5,0.5773502588272095,0.7071067690849304,0.7071067690849304,0.7071067690849304,0.7071067690849304,0.7071067690849304,0.7071067690849304,0.7071067690849304,0.7071067690849304,0.5773502588272095,0.0,0.5,0.7071067690849304,0.7071067690849304,0.7071067690849304,0.7071067690849304,0.5773502588272095,0.5773502588272095,0.5773502588272095,0.5773502588272095,0.7071067690849304,1.0,1.0,1.0,1.0,1.0,1.0,1.0,0.7071067690849304,0.7071067690849304,0.5773502588272095,1.0,1.0,1.0,1.0,1.0,1.0,1.0,1.0,1.0,0.5,0.5,0.7071067690849304,0.7071067690849304,0.7071067690849304,0.7071067690849304,0.7071067690849304,0.7071067690849304,0.7071067690849304,0.7071067690849304,0.7071067690849304,0.5773502588272095,0.5773502588272095,0.5773502588272095,0.5773502588272095,0.7071067690849304,0.7071067690849304,1.0,1.0,1.0,1.0
VA07,0.0,0.0,0.0,0.0,0.0,0.0,0.0,0.0,0.0,0.0,0.0,0.0,0.0,0.0,0.0,0.0,0.0,0.0,0.0,0.0,0.0,0.0,0.0,0.0,0.0,0.0,0.0,0.0,0.0,0.0,0.0,0.0,0.0,0.0,0.0,0.0,0.0,0.0,0.0,0.0,0.0,0.0,0.0,0.0,0.0,0.0,0.0,0.0,0.0,0.0,0.0,0.0,0.0,0.0,0.0,0.0,0.0,0.0,0.0,0.0,0.0,0.0,0.5773502588272095,1.0,0.7071067690849304,0.7071067690849304,0.0,0.0,0.40824827551841736,0.40824827551841736,0.0,0.0,0.5773502588272095,0.5773502588272095,0.0,0.0,0.0,0.0,0.0,0.0,0.0,0.0,0.0,0.7071067690849304,0.0,0.0,1.0,1.0,0.0,0.0,0.0,0.0,0.0,0.0,0.0,0.0,0.0,0.0,0.5,0.0,0.0,0.0,0.0,0.0,0.0,0.0,0.0,0.0,0.0,0.0,0.0,0.0,0.0,0.0,0.0,0.0,0.0,0.0,0.0,0.0,0.0,0.0,0.0,0.0,0.0,0.0,0.0,0.0,0.0,0.0,0.0,0.0,0.0,0.0,0.0,0.0,0.0,0.5,0.5,0.5773502588272095,0.5,0.5,0.5,0.5,0.5,0.5,0.5773502588272095,0.7071067690849304,0.5,0.5,0.5,0.5,0.5,0.5,0.5,0.3333333432674408,0.5,0.7071067690849304,0.7071067690849304,0.0,0.5,0.5,0.5773502588272095,0.5773502588272095,0.5,0.5,0.5773502588272095,0.5773502588272095,0.5773502588272095,0.5773502588272095,0.0,0.0,0.0,0.0,0.0,0.0,0.0,0.0,0.0,0.0,0.0,0.0,0.0,0.0,0.0,0.0,0.0,0.0,0.0,0.0,0.0,0.0,0.0,0.0,0.0,0.0,0.0,0.0,0.0,0.0,0.0,0.0,0.0,0.0,0.5773502588272095,0.0,0.0,0.0,0.0,0.0,0.0,0.0,0.0,0.0,0.0,0.0,0.0,0.0,0.0,0.0,0.0,0.0,0.0,0.5,0.5,0.5,0.5773502588272095,0.7071067690849304,0.7071067690849304,0.7071067690849304,0.5773502588272095,0.5773502588272095,0.0,0.5,0.5773502588272095,0.7071067690849304,0.7071067690849304,0.7071067690849304,0.7071067690849304,0.7071067690849304,0.5,0.5773502588272095,0.7071067690849304,0.7071067690849304,0.7071067690849304,0.7071067690849304,0.7071067690849304,0.7071067690849304,0.7071067690849304,0.7071067690849304,0.5773502588272095,0.0,0.5,0.7071067690849304,0.7071067690849304,0.7071067690849304,0.7071067690849304,0.5773502588272095,0.5773502588272095,0.5773502588272095,0.5773502588272095,0.7071067690849304,1.0,1.0,1.0,1.0,1.0,1.0,1.0,0.7071067690849304,0.7071067690849304,0.5773502588272095,1.0,1.0,1.0,1.0,1.0,1.0,1.0,1.0,1.0,0.5,0.5,0.7071067690849304,0.7071067690849304,0.7071067690849304,0.7071067690849304,0.7071067690849304,0.7071067690849304,0.7071067690849304,0.7071067690849304,0.7071067690849304,0.5773502588272095,0.5773502588272095,0.5773502588272095,0.5773502588272095,0.7071067690849304,0.7071067690849304,1.0,1.0,1.0,1.0
VA08,0.0,0.0,0.0,0.0,0.0,0.0,0.0,0.0,0.0,0.0,0.0,0.0,0.0,0.0,0.0,0.0,0.0,0.0,0.0,0.0,0.0,0.0,0.0,0.0,0.0,0.0,0.0,0.0,0.0,0.0,0.0,0.0,0.0,0.0,0.0,0.0,0.0,0.0,0.0,0.0,0.0,0.0,0.0,0.0,0.0,0.0,0.0,0.0,0.0,0.0,0.0,0.0,0.0,0.0,0.0,0.0,0.0,0.0,0.0,0.0,0.0,0.0,0.5773502588272095,1.0,0.7071067690849304,0.7071067690849304,0.0,0.0,0.40824827551841736,0.40824827551841736,0.0,0.0,0.5773502588272095,0.5773502588272095,0.0,0.0,0.0,0.0,0.0,0.0,0.0,0.0,0.0,0.7071067690849304,0.0,0.0,1.0,1.0,0.0,0.0,0.0,0.0,0.0,0.0,0.0,0.0,0.0,0.0,0.5,0.0,0.0,0.0,0.0,0.0,0.0,0.0,0.0,0.0,0.0,0.0,0.0,0.0,0.0,0.0,0.0,0.0,0.0,0.0,0.0,0.0,0.0,0.0,0.0,0.0,0.0,0.0,0.0,0.0,0.0,0.0,0.0,0.0,0.0,0.0,0.0,0.0,0.0,0.5,0.5,0.5773502588272095,0.5,0.5,0.5,0.5,0.5,0.5,0.5773502588272095,0.7071067690849304,0.5,0.5,0.5,0.5,0.5,0.5,0.5,0.3333333432674408,0.5,0.7071067690849304,0.7071067690849304,0.0,0.5,0.5,0.5773502588272095,0.5773502588272095,0.5,0.5,0.5773502588272095,0.5773502588272095,0.5773502588272095,0.5773502588272095,0.0,0.0,0.0,0.0,0.0,0.0,0.0,0.0,0.0,0.0,0.0,0.0,0.0,0.0,0.0,0.0,0.0,0.0,0.0,0.0,0.0,0.0,0.0,0.0,0.0,0.0,0.0,0.0,0.0,0.0,0.0,0.0,0.0,0.0,0.5773502588272095,0.0,0.0,0.0,0.0,0.0,0.0,0.0,0.0,0.0,0.0,0.0,0.0,0.0,0.0,0.0,0.0,0.0,0.0,0.5,0.5,0.5,0.5773502588272095,0.7071067690849304,0.7071067690849304,0.7071067690849304,0.5773502588272095,0.5773502588272095,0.0,0.5,0.5773502588272095,0.7071067690849304,0.7071067690849304,0.7071067690849304,0.7071067690849304,0.7071067690849304,0.5,0.5773502588272095,0.7071067690849304,0.7071067690849304,0.7071067690849304,0.7071067690849304,0.7071067690849304,0.7071067690849304,0.7071067690849304,0.7071067690849304,0.5773502588272095,0.0,0.5,0.7071067690849304,0.7071067690849304,0.7071067690849304,0.7071067690849304,0.5773502588272095,0.5773502588272095,0.5773502588272095,0.5773502588272095,0.7071067690849304,1.0,1.0,1.0,1.0,1.0,1.0,1.0,0.7071067690849304,0.7071067690849304,0.5773502588272095,1.0,1.0,1.0,1.0,1.0,1.0,1.0,1.0,1.0,0.5,0.5,0.7071067690849304,0.7071067690849304,0.7071067690849304,0.7071067690849304,0.7071067690849304,0.7071067690849304,0.7071067690849304,0.7071067690849304,0.7071067690849304,0.5773502588272095,0.5773502588272095,0.5773502588272095,0.5773502588272095,0.7071067690849304,0.7071067690849304,1.0,1.0,1.0,1.0
VA09,0.0,0.0,0.0,0.0,0.0,0.0,0.0,0.0,0.0,0.0,0.0,0.0,0.0,0.0,0.0,0.0,0.0,0.0,0.0,0.0,0.0,0.0,0.0,0.0,0.0,0.0,0.0,0.0,0.0,0.0,0.0,0.0,0.0,0.0,0.0,0.0,0.0,0.0,0.0,0.0,0.0,0.0,0.0,0.0,0.0,0.0,0.0,0.0,0.0,0.0,0.0,0.0,0.0,0.0,0.0,0.0,0.0,0.0,0.0,0.0,0.0,0.0,0.5773502588272095,1.0,0.7071067690849304,0.7071067690849304,0.0,0.0,0.40824827551841736,0.40824827551841736,0.0,0.0,0.5773502588272095,0.5773502588272095,0.0,0.0,0.0,0.0,0.0,0.0,0.0,0.0,0.0,0.7071067690849304,0.0,0.0,1.0,1.0,0.0,0.0,0.0,0.0,0.0,0.0,0.0,0.0,0.0,0.0,0.5,0.0,0.0,0.0,0.0,0.0,0.0,0.0,0.0,0.0,0.0,0.0,0.0,0.0,0.0,0.0,0.0,0.0,0.0,0.0,0.0,0.0,0.0,0.0,0.0,0.0,0.0,0.0,0.0,0.0,0.0,0.0,0.0,0.0,0.0,0.0,0.0,0.0,0.0,0.5,0.5,0.5773502588272095,0.5,0.5,0.5,0.5,0.5,0.5,0.5773502588272095,0.7071067690849304,0.5,0.5,0.5,0.5,0.5,0.5,0.5,0.3333333432674408,0.5,0.7071067690849304,0.7071067690849304,0.0,0.5,0.5,0.5773502588272095,0.5773502588272095,0.5,0.5,0.5773502588272095,0.5773502588272095,0.5773502588272095,0.5773502588272095,0.0,0.0,0.0,0.0,0.0,0.0,0.0,0.0,0.0,0.0,0.0,0.0,0.0,0.0,0.0,0.0,0.0,0.0,0.0,0.0,0.0,0.0,0.0,0.0,0.0,0.0,0.0,0.0,0.0,0.0,0.0,0.0,0.0,0.0,0.5773502588272095,0.0,0.0,0.0,0.0,0.0,0.0,0.0,0.0,0.0,0.0,0.0,0.0,0.0,0.0,0.0,0.0,0.0,0.0,0.5,0.5,0.5,0.5773502588272095,0.7071067690849304,0.7071067690849304,0.7071067690849304,0.5773502588272095,0.5773502588272095,0.0,0.5,0.5773502588272095,0.7071067690849304,0.7071067690849304,0.7071067690849304,0.7071067690849304,0.7071067690849304,0.5,0.5773502588272095,0.7071067690849304,0.7071067690849304,0.7071067690849304,0.7071067690849304,0.7071067690849304,0.7071067690849304,0.7071067690849304,0.7071067690849304,0.5773502588272095,0.0,0.5,0.7071067690849304,0.7071067690849304,0.7071067690849304,0.7071067690849304,0.5773502588272095,0.5773502588272095,0.5773502588272095,0.5773502588272095,0.7071067690849304,1.0,1.0,1.0,1.0,1.0,1.0,1.0,0.7071067690849304,0.7071067690849304,0.5773502588272095,1.0,1.0,1.0,1.0,1.0,1.0,1.0,1.0,1.0,0.5,0.5,0.7071067690849304,0.7071067690849304,0.7071067690849304,0.7071067690849304,0.7071067690849304,0.7071067690849304,0.7071067690849304,0.7071067690849304,0.7071067690849304,0.5773502588272095,0.5773502588272095,0.5773502588272095,0.5773502588272095,0.7071067690849304,0.7071067690849304,1.0,1.0,1.0,1.0
VA10,0.0,0.0,0.0,0.0,0.0,0.0,0.0,0.0,0.0,0.0,0.0,0.0,0.0,0.0,0.0,0.0,0.0,0.0,0.0,0.0,0.0,0.0,0.0,0.0,0.0,0.0,0.0,0.0,0.0,0.0,0.0,0.0,0.0,0.0,0.0,0.0,0.0,0.0,0.0,0.0,0.0,0.0,0.0,0.0,0.0,0.0,0.0,0.0,0.0,0.0,0.0,0.0,0.0,0.0,0.0,0.0,0.0,0.0,0.0,0.0,0.0,0.0,0.5773502588272095,1.0,0.7071067690849304,0.7071067690849304,0.0,0.0,0.40824827551841736,0.40824827551841736,0.0,0.0,0.5773502588272095,0.5773502588272095,0.0,0.0,0.0,0.0,0.0,0.0,0.0,0.0,0.0,0.7071067690849304,0.0,0.0,1.0,1.0,0.0,0.0,0.0,0.0,0.0,0.0,0.0,0.0,0.0,0.0,0.5,0.0,0.0,0.0,0.0,0.0,0.0,0.0,0.0,0.0,0.0,0.0,0.0,0.0,0.0,0.0,0.0,0.0,0.0,0.0,0.0,0.0,0.0,0.0,0.0,0.0,0.0,0.0,0.0,0.0,0.0,0.0,0.0,0.0,0.0,0.0,0.0,0.0,0.0,0.5,0.5,0.5773502588272095,0.5,0.5,0.5,0.5,0.5,0.5,0.5773502588272095,0.7071067690849304,0.5,0.5,0.5,0.5,0.5,0.5,0.5,0.3333333432674408,0.5,0.7071067690849304,0.7071067690849304,0.0,0.5,0.5,0.5773502588272095,0.5773502588272095,0.5,0.5,0.5773502588272095,0.5773502588272095,0.5773502588272095,0.5773502588272095,0.0,0.0,0.0,0.0,0.0,0.0,0.0,0.0,0.0,0.0,0.0,0.0,0.0,0.0,0.0,0.0,0.0,0.0,0.0,0.0,0.0,0.0,0.0,0.0,0.0,0.0,0.0,0.0,0.0,0.0,0.0,0.0,0.0,0.0,0.5773502588272095,0.0,0.0,0.0,0.0,0.0,0.0,0.0,0.0,0.0,0.0,0.0,0.0,0.0,0.0,0.0,0.0,0.0,0.0,0.5,0.5,0.5,0.5773502588272095,0.7071067690849304,0.7071067690849304,0.7071067690849304,0.5773502588272095,0.5773502588272095,0.0,0.5,0.5773502588272095,0.7071067690849304,0.7071067690849304,0.7071067690849304,0.7071067690849304,0.7071067690849304,0.5,0.5773502588272095,0.7071067690849304,0.7071067690849304,0.7071067690849304,0.7071067690849304,0.7071067690849304,0.7071067690849304,0.7071067690849304,0.7071067690849304,0.5773502588272095,0.0,0.5,0.7071067690849304,0.7071067690849304,0.7071067690849304,0.7071067690849304,0.5773502588272095,0.5773502588272095,0.5773502588272095,0.5773502588272095,0.7071067690849304,1.0,1.0,1.0,1.0,1.0,1.0,1.0,0.7071067690849304,0.7071067690849304,0.5773502588272095,1.0,1.0,1.0,1.0,1.0,1.0,1.0,1.0,1.0,0.5,0.5,0.7071067690849304,0.7071067690849304,0.7071067690849304,0.7071067690849304,0.7071067690849304,0.7071067690849304,0.7071067690849304,0.7071067690849304,0.7071067690849304,0.5773502588272095,0.5773502588272095,0.5773502588272095,0.5773502588272095,0.7071067690849304,0.7071067690849304,1.0,1.0,1.0,1.0
VA11,0.0,0.0,0.0,0.0,0.0,0.0,0.0,0.0,0.0,0.0,0.0,0.0,0.0,0.0,0.0,0.0,0.0,0.0,0.0,0.0,0.0,0.0,0.0,0.0,0.0,0.0,0.0,0.0,0.0,0.0,0.0,0.0,0.0,0.0,0.0,0.0,0.0,0.0,0.0,0.0,0.0,0.0,0.0,0.0,0.0,0.0,0.0,0.0,0.0,0.0,0.0,0.0,0.0,0.0,0.0,0.0,0.0,0.0,0.0,0.0,0.0,0.0,0.5773502588272095,1.0,0.7071067690849304,0.7071067690849304,0.0,0.0,0.40824827551841736,0.40824827551841736,0.0,0.0,0.5773502588272095,0.5773502588272095,0.0,0.0,0.0,0.0,0.0,0.0,0.0,0.0,0.0,0.7071067690849304,0.0,0.0,1.0,1.0,0.0,0.0,0.0,0.0,0.0,0.0,0.0,0.0,0.0,0.0,0.5,0.0,0.0,0.0,0.0,0.0,0.0,0.0,0.0,0.0,0.0,0.0,0.0,0.0,0.0,0.0,0.0,0.0,0.0,0.0,0.0,0.0,0.0,0.0,0.0,0.0,0.0,0.0,0.0,0.0,0.0,0.0,0.0,0.0,0.0,0.0,0.0,0.0,0.0,0.5,0.5,0.5773502588272095,0.5,0.5,0.5,0.5,0.5,0.5,0.5773502588272095,0.7071067690849304,0.5,0.5,0.5,0.5,0.5,0.5,0.5,0.3333333432674408,0.5,0.7071067690849304,0.7071067690849304,0.0,0.5,0.5,0.5773502588272095,0.5773502588272095,0.5,0.5,0.5773502588272095,0.5773502588272095,0.5773502588272095,0.5773502588272095,0.0,0.0,0.0,0.0,0.0,0.0,0.0,0.0,0.0,0.0,0.0,0.0,0.0,0.0,0.0,0.0,0.0,0.0,0.0,0.0,0.0,0.0,0.0,0.0,0.0,0.0,0.0,0.0,0.0,0.0,0.0,0.0,0.0,0.0,0.5773502588272095,0.0,0.0,0.0,0.0,0.0,0.0,0.0,0.0,0.0,0.0,0.0,0.0,0.0,0.0,0.0,0.0,0.0,0.0,0.5,0.5,0.5,0.5773502588272095,0.7071067690849304,0.7071067690849304,0.7071067690849304,0.5773502588272095,0.5773502588272095,0.0,0.5,0.5773502588272095,0.7071067690849304,0.7071067690849304,0.7071067690849304,0.7071067690849304,0.7071067690849304,0.5,0.5773502588272095,0.7071067690849304,0.7071067690849304,0.7071067690849304,0.7071067690849304,0.7071067690849304,0.7071067690849304,0.7071067690849304,0.7071067690849304,0.5773502588272095,0.0,0.5,0.7071067690849304,0.7071067690849304,0.7071067690849304,0.7071067690849304,0.5773502588272095,0.5773502588272095,0.5773502588272095,0.5773502588272095,0.7071067690849304,1.0,1.0,1.0,1.0,1.0,1.0,1.0,0.7071067690849304,0.7071067690849304,0.5773502588272095,1.0,1.0,1.0,1.0,1.0,1.0,1.0,1.0,1.0,0.5,0.5,0.7071067690849304,0.7071067690849304,0.7071067690849304,0.7071067690849304,0.7071067690849304,0.7071067690849304,0.7071067690849304,0.7071067690849304,0.7071067690849304,0.5773502588272095,0.5773502588272095,0.5773502588272095,0.5773502588272095,0.7071067690849304,0.7071067690849304,1.0,1.0,1.0,1.0
VA12,0.0,0.0,0.0,0.0,0.0,0.0,0.0,0.0,0.0,0.0,0.0,0.0,0.0,0.0,0.0,0.0,0.0,0.0,0.0,0.0,0.0,0.0,0.0,0.0,0.0,0.0,0.0,0.0,0.0,0.0,0.0,0.0,0.0,0.0,0.0,0.0,0.0,0.0,0.0,0.0,0.0,0.0,0.0,0.0,0.0,0.0,0.0,0.0,0.0,0.0,0.0,0.0,0.0,0.0,0.0,0.0,0.0,0.0,0.0,0.0,0.0,0.0,0.40824830532073975,0.7071067690849304,0.5000000596046448,0.5000000596046448,0.0,0.0,0.28867512941360474,0.28867512941360474,0.0,0.0,0.40824830532073975,0.40824830532073975,0.0,0.0,0.0,0.0,0.0,0.0,0.0,0.0,0.0,1.0000001192092896,0.0,0.0,0.7071067690849304,0.7071067690849304,0.7071067690849304,0.7071067690849304,0.7071067690849304,0.7071067690849304,0.5000000596046448,0.5000000596046448,0.0,0.0,0.0,0.0,0.7071067690849304,0.0,0.0,0.0,0.0,0.0,0.0,0.0,0.0,0.0,0.0,0.0,0.0,0.0,0.0,0.0,0.0,0.0,0.0,0.0,0.0,0.0,0.0,0.0,0.0,0.0,0.0,0.0,0.0,0.0,0.0,0.0,0.0,0.0,0.0,0.0,0.0,0.0,0.0,0.7071067690849304,0.7071067690849304,0.8164966106414795,0.7071067690849304,0.7071067690849304,0.7071067690849304,0.7071067690849304,0.7071067690849304,0.7071067690849304,0.40824830532073975,1.0000001192092896,0.7071067690849304,0.7071067690849304,0.7071067690849304,0.7071067690849304,0.7071067690849304,0.7071067690849304,0.7071067690849304,0.4714045524597168,0.7071067690849304,1.0000001192092896,1.0000001192092896,0.0,0.7071067690849304,0.7071067690849304,0.40824830532073975,0.40824830532073975,0.3535533845424652,0.3535533845424652,0.40824830532073975,0.40824830532073975,0.40824830532073975,0.40824830532073975,0.7071067690849304,0.7071067690849304,0.0,0.0,0.0,0.0,0.0,0.0,0.0,0.0,0.0,0.0,0.0,0.0,0.0,0.0,0.0,0.0,0.0,0.0,0.0,0.0,0.0,0.0,0.0,0.0,0.0,0.0,0.0,0.0,0.0,0.0,0.0,0.0,0.40824830532073975,0.0,0.0,0.0,0.0,0.0,0.0,0.0,0.0,0.0,0.0,0.0,0.0,0.0,0.0,0.0,0.0,0.0,0.0,0.3535533845424652,0.3535533845424652,0.3535533845424652,0.40824830532073975,0.5000000596046448,0.5000000596046448,0.5000000596046448,0.8164966106414795,0.8164966106414795,0.5000000596046448,0.3535533845424652,0.40824830532073975,0.5000000596046448,0.5000000596046448,0.5000000596046448,0.5000000596046448,0.5000000596046448,0.3535533845424652,0.40824830532073975,0.5000000596046448,0.5000000596046448,0.5000000596046448,0.5000000596046448,0.5000000596046448,0.5000000596046448,0.5000000596046448,0.5000000596046448,0.8164966106414795,0.5000000596046448,0.3535533845424652,0.5000000596046448,0.5000000596046448,0.5000000596046448,0.5000000596046448,0.8164966106414795,0.40824830532073975,0.40824830532073975,0.40824830532073975,0.5000000596046448,0.7071067690849304,0.7071067690849304,0.7071067690849304,0.7071067690849304,0.7071067690849304,0.7071067690849304,0.7071067690849304,1.0,0.5000000596046448,0.40824830532073975,0.7071067690849304,0.7071067690849304,0.7071067690849304,0.7071067690849304,0.7071067690849304,0.7071067690849304,0.7071067690849304,0.7071067690849304,0.7071067690849304,0.3535533845424652,0.3535533845424652,0.5000000596046448,0.5000000596046448,0.5000000596046448,0.5000000596046448,0.5000000596046448,0.5000000596046448,0.5000000596046448,0.5000000596046448,0.5000000596046448,0.8164966106414795,0.8164966106414795,0.40824830532073975,0.40824830532073975,0.5000000596046448,0.5000000596046448,0.7071067690849304,0.7071067690849304,0.7071067690849304,0.7071067690849304
VB01,0.0,0.0,0.0,0.0,0.0,0.0,0.0,0.0,0.0,0.0,0.0,0.0,0.0,0.0,0.0,0.0,0.0,0.0,0.0,0.0,0.3535533845424652,0.3535533845424652,0.0,0.0,0.3535533845424652,0.3535533845424652,0.3535533845424652,0.3535533845424652,0.3535533845424652,0.3535533845424652,0.3535533845424652,0.3535533845424652,0.3535533845424652,0.3535533845424652,0.3535533845424652,0.3535533845424652,0.3535533845424652,0.3535533845424652,0.3535533845424652,0.3535533845424652,0.3535533845424652,0.3535533845424652,0.3535533845424652,0.3535533845424652,0.0,0.0,0.0,0.0,0.0,0.0,0.0,0.0,0.0,0.0,0.0,0.0,0.0,0.0,0.0,0.0,0.0,0.0,0.8164966106414795,0.7071067690849304,0.5000000596046448,0.5000000596046448,0.0,0.0,0.5773502588272095,0.5773502588272095,0.3535533845424652,0.3535533845424652,0.40824830532073975,0.40824830532073975,0.0,0.0,0.0,0.0,0.0,0.0,0.0,0.0,0.40824830532073975,0.5000000596046448,0.0,0.0,0.7071067690849304,0.7071067690849304,0.0,0.0,0.0,0.0,0.0,0.0,0.0,0.0,0.0,0.0,0.7071067690849304,0.3535533845424652,0.3535533845424652,0.5000000596046448,0.5000000596046448,0.40824830532073975,0.40824830532073975,0.5000000596046448,0.5000000596046448,0.40824830532073975,0.40824830532073975,0.0,0.0,0.0,0.0,0.5000000596046448,0.5000000596046448,0.0,0.3535533845424652,0.3535533845424652,0.0,0.0,0.0,0.0,0.5000000596046448,0.5000000596046448,0.40824830532073975,0.40824830532073975,0.40824830532073975,0.40824830532073975,0.5000000596046448,0.5000000596046448,0.5000000596046448,0.5000000596046448,0.0,0.0,0.5000000596046448,0.40824830532073975,0.40824830532073975,0.7071067690849304,0.7071067690849304,0.8164966106414795,0.7071067690849304,0.7071067690849304,0.7071067690849304,0.7071067690849304,0.7071067690849304,0.7071067690849304,0.8164966106414795,0.5000000596046448,0.7071067690849304,0.7071067690849304,0.7071067690849304,0.7071067690849304,0.7071067690849304,0.7071067690849304,0.7071067690849304,0.4714045524597168,0.7071067690849304,0.5000000596046448,0.5000000596046448,0.3535533845424652,0.7071067690849304,0.7071067690849304,0.8164966106414795,0.8164966106414795,0.7071067690849304,0.7071067690849304,0.8164966106414795,0.8164966106414795,0.8164966106414795,0.8164966106414795,0.0,0.0,0.0,0.0,0.3162277638912201,0.3162277638912201,0.3535533845424652,0.40824830532073975,0.40824830532073975,0.40824830532073975,0.40824830532073975,0.0,0.0,0.0,0.0,0.0,0.0,0.0,0.0,0.3535533845424652,0.3535533845424652,0.3535533845424652,0.3535533845424652,0.0,0.0,0.5000000596046448,0.5000000596046448,0.0,0.0,0.0,0.0,0.0,0.0,0.0,0.8164966106414795,0.0,0.0,0.0,0.0,0.0,0.0,0.0,0.0,0.3535533845424652,0.3535533845424652,0.0,0.0,0.3535533845424652,0.3535533845424652,0.0,0.0,0.0,0.0,0.7071067690849304,0.7071067690849304,0.7071067690849304,0.8164966106414795,0.5000000596046448,0.5000000596046448,0.5000000596046448,0.40824830532073975,0.40824830532073975,0.0,0.7071067690849304,0.40824830532073975,0.5000000596046448,0.5000000596046448,0.5000000596046448,0.5000000596046448,0.5000000596046448,0.7071067690849304,0.8164966106414795,0.5000000596046448,0.5000000596046448,0.5000000596046448,0.5000000596046448,0.5000000596046448,0.5000000596046448,0.5000000596046448,0.5000000596046448,0.40824830532073975,0.0,0.7071067690849304,0.5000000596046448,0.5000000596046448,0.5000000596046448,0.5000000596046448,0.40824830532073975,0.8164966106414795,0.8164966106414795,0.8164966106414795,1.0000001192092896,0.7071067690849304,0.7071067690849304,0.7071067690849304,0.7071067690849304,0.7071067690849304,0.7071067690849304,0.7071067690849304,0.5000000596046448,1.0,0.8164966106414795,0.7071067690849304,0.7071067690849304,0.7071067690849304,0.7071067690849304,0.7071067690849304,0.7071067690849304,0.7071067690849304,0.7071067690849304,0.7071067690849304,0.7071067690849304,0.7071067690849304,0.5000000596046448,0.5000000596046448,0.5000000596046448,0.5000000596046448,0.5000000596046448,0.5000000596046448,0.5000000596046448,0.5000000596046448,0.5000000596046448,0.40824830532073975,0.40824830532073975,0.8164966106414795,0.8164966106414795,1.0000001192092896,1.0000001192092896,0.7071067690849304,0.7071067690849304,0.7071067690849304,0.7071067690849304
VB02,0.0,0.0,0.0,0.0,0.0,0.0,0.0,0.0,0.0,0.0,0.0,0.0,0.0,0.0,0.0,0.0,0.0,0.0,0.0,0.0,0.28867512941360474,0.28867512941360474,0.0,0.0,0.28867512941360474,0.28867512941360474,0.28867512941360474,0.28867512941360474,0.28867512941360474,0.28867512941360474,0.28867512941360474,0.28867512941360474,0.28867512941360474,0.28867512941360474,0.28867512941360474,0.28867512941360474,0.28867512941360474,0.28867512941360474,0.28867512941360474,0.28867512941360474,0.28867512941360474,0.28867512941360474,0.28867512941360474,0.28867512941360474,0.0,0.0,0.0,0.0,0.0,0.0,0.0,0.0,0.0,0.0,0.0,0.0,0.0,0.0,0.0,0.0,0.0,0.0,0.6666666865348816,0.5773502588272095,0.40824830532073975,0.40824830532073975,0.0,0.0,0.471404492855072,0.471404492855072,0.28867512941360474,0.28867512941360474,0.3333333432674408,0.3333333432674408,0.0,0.0,0.0,0.0,0.0,0.0,0.0,0.0,0.3333333432674408,0.40824830532073975,0.0,0.0,0.5773502588272095,0.5773502588272095,0.0,0.0,0.0,0.0,0.0,0.0,0.0,0.0,0.0,0.0,0.5773502588272095,0.28867512941360474,0.28867512941360474,0.40824830532073975,0.40824830532073975,0.3333333432674408,0.3333333432674408,0.40824830532073975,0.40824830532073975,0.3333333432674408,0.3333333432674408,0.0,0.0,0.0,0.0,0.40824830532073975,0.40824830532073975,0.0,0.28867512941360474,0.28867512941360474,0.0,0.0,0.0,0.0,0.40824830532073975,0.40824830532073975,0.3333333432674408,0.3333333432674408,0.3333333432674408,0.3333333432674408,0.40824830532073975,0.40824830532073975,0.40824830532073975,0.40824830532073975,0.0,0.0,0.40824830532073975,0.3333333432674408,0.3333333432674408,0.5773502588272095,0.5773502588272095,0.6666666865348816,0.5773502588272095,0.5773502588272095,0.5773502588272095,0.5773502588272095,0.5773502588272095,0.5773502588272095,0.6666666865348816,0.40824830532073975,0.5773502588272095,0.5773502588272095,0.5773502588272095,0.5773502588272095,0.5773502588272095,0.5773502588272095,0.5773502588272095,0.38490018248558044,0.5773502588272095,0.40824830532073975,0.40824830532073975,0.28867512941360474,0.5773502588272095,0.5773502588272095,0.6666666865348816,0.6666666865348816,0.5773502588272095,0.5773502588272095,0.6666666865348816,0.6666666865348816,0.6666666865348816,0.6666666865348816,0.0,0.0,0.0,0.0,0.25819888710975647,0.25819888710975647,0.28867512941360474,0.3333333432674408,0.3333333432674408,0.3333333432674408,0.3333333432674408,0.0,0.0,0.0,0.0,0.0,0.0,0.0,0.0,0.28867512941360474,0.28867512941360474,0.28867512941360474,0.28867512941360474,0.0,0.0,0.40824830532073975,0.40824830532073975,0.0,0.0,0.0,0.0,0.0,0.0,0.0,0.6666666865348816,0.0,0.0,0.0,0.0,0.0,0.0,0.0,0.0,0.28867512941360474,0.28867512941360474,0.0,0.0,0.28867512941360474,0.28867512941360474,0.0,0.0,0.0,0.0,0.866025447845459,0.866025447845459,0.866025447845459,0.6666666865348816,0.40824830532073975,0.40824830532073975,0.40824830532073975,0.3333333432674408,0.3333333432674408,0.0,0.866025447845459,0.6666666865348816,0.40824830532073975,0.40824830532073975,0.40824830532073975,0.40824830532073975,0.40824830532073975,0.866025447845459,0.6666666865348816,0.40824830532073975,0.40824830532073975,0.40824830532073975,0.40824830532073975,0.40824830532073975,0.40824830532073975,0.40824830532073975,0.40824830532073975,0.3333333432674408,0.0,0.866025447845459,0.40824830532073975,0.40824830532073975,0.40824830532073975,0.40824830532073975,0.3333333432674408,1.0,1.0,1.0,0.8164966106414795,0.5773502588272095,0.5773502588272095,0.5773502588272095,0.5773502588272095,0.5773502588272095,0.5773502588272095,0.5773502588272095,0.40824830532073975,0.8164966106414795,1.0,0.5773502588272095,0.5773502588272095,0.5773502588272095,0.5773502588272095,0.5773502588272095,0.5773502588272095,0.5773502588272095,0.5773502588272095,0.5773502588272095,0.866025447845459,0.866025447845459,0.40824830532073975,0.40824830532073975,0.40824830532073975,0.40824830532073975,0.40824830532073975,0.40824830532073975,0.40824830532073975,0.40824830532073975,0.40824830532073975,0.3333333432674408,0.3333333432674408,0.6666666865348816,0.6666666865348816,0.8164966106414795,0.8164966106414795,0.5773502588272095,0.5773502588272095,0.5773502588272095,0.5773502588272095
VB03,0.0,0.0,0.0,0.0,0.0,0.0,0.0,0.0,0.0,0.0,0.0,0.0,0.0,0.0,0.0,0.0,0.0,0.0,0.0,0.0,0.0,0.0,0.0,0.0,0.0,0.0,0.0,0.0,0.0,0.0,0.0,0.0,0.0,0.0,0.0,0.0,0.0,0.0,0.0,0.0,0.0,0.0,0.0,0.0,0.0,0.0,0.0,0.0,0.0,0.0,0.0,0.0,0.0,0.0,0.0,0.0,0.0,0.0,0.0,0.0,0.0,0.0,0.5773502588272095,1.0,0.7071067690849304,0.7071067690849304,0.0,0.0,0.40824827551841736,0.40824827551841736,0.0,0.0,0.5773502588272095,0.5773502588272095,0.0,0.0,0.0,0.0,0.0,0.0,0.0,0.0,0.0,0.7071067690849304,0.0,0.0,1.0,1.0,0.0,0.0,0.0,0.0,0.0,0.0,0.0,0.0,0.0,0.0,0.5,0.0,0.0,0.0,0.0,0.0,0.0,0.0,0.0,0.0,0.0,0.0,0.0,0.0,0.0,0.0,0.0,0.0,0.0,0.0,0.0,0.0,0.0,0.0,0.0,0.0,0.0,0.0,0.0,0.0,0.0,0.0,0.0,0.0,0.0,0.0,0.0,0.0,0.0,0.5,0.5,0.5773502588272095,0.5,0.5,0.5,0.5,0.5,0.5,0.5773502588272095,0.7071067690849304,0.5,0.5,0.5,0.5,0.5,0.5,0.5,0.3333333432674408,0.5,0.7071067690849304,0.7071067690849304,0.0,0.5,0.5,0.5773502588272095,0.5773502588272095,0.5,0.5,0.5773502588272095,0.5773502588272095,0.5773502588272095,0.5773502588272095,0.0,0.0,0.0,0.0,0.0,0.0,0.0,0.0,0.0,0.0,0.0,0.0,0.0,0.0,0.0,0.0,0.0,0.0,0.0,0.0,0.0,0.0,0.0,0.0,0.0,0.0,0.0,0.0,0.0,0.0,0.0,0.0,0.0,0.0,0.5773502588272095,0.0,0.0,0.0,0.0,0.0,0.0,0.0,0.0,0.0,0.0,0.0,0.0,0.0,0.0,0.0,0.0,0.0,0.0,0.5,0.5,0.5,0.5773502588272095,0.7071067690849304,0.7071067690849304,0.7071067690849304,0.5773502588272095,0.5773502588272095,0.0,0.5,0.5773502588272095,0.7071067690849304,0.7071067690849304,0.7071067690849304,0.7071067690849304,0.7071067690849304,0.5,0.5773502588272095,0.7071067690849304,0.7071067690849304,0.7071067690849304,0.7071067690849304,0.7071067690849304,0.7071067690849304,0.7071067690849304,0.7071067690849304,0.5773502588272095,0.0,0.5,0.7071067690849304,0.7071067690849304,0.7071067690849304,0.7071067690849304,0.5773502588272095,0.5773502588272095,0.5773502588272095,0.5773502588272095,0.7071067690849304,1.0,1.0,1.0,1.0,1.0,1.0,1.0,0.7071067690849304,0.7071067690849304,0.5773502588272095,1.0,1.0,1.0,1.0,1.0,1.0,1.0,1.0,1.0,0.5,0.5,0.7071067690849304,0.7071067690849304,0.7071067690849304,0.7071067690849304,0.7071067690849304,0.7071067690849304,0.7071067690849304,0.7071067690849304,0.7071067690849304,0.5773502588272095,0.5773502588272095,0.5773502588272095,0.5773502588272095,0.7071067690849304,0.7071067690849304,1.0,1.0,1.0,1.0
VB04,0.0,0.0,0.0,0.0,0.0,0.0,0.0,0.0,0.0,0.0,0.0,0.0,0.0,0.0,0.0,0.0,0.0,0.0,0.0,0.0,0.0,0.0,0.0,0.0,0.0,0.0,0.0,0.0,0.0,0.0,0.0,0.0,0.0,0.0,0.0,0.0,0.0,0.0,0.0,0.0,0.0,0.0,0.0,0.0,0.0,0.0,0.0,0.0,0.0,0.0,0.0,0.0,0.0,0.0,0.0,0.0,0.0,0.0,0.0,0.0,0.0,0.0,0.5773502588272095,1.0,0.7071067690849304,0.7071067690849304,0.0,0.0,0.40824827551841736,0.40824827551841736,0.0,0.0,0.5773502588272095,0.5773502588272095,0.0,0.0,0.0,0.0,0.0,0.0,0.0,0.0,0.0,0.7071067690849304,0.0,0.0,1.0,1.0,0.0,0.0,0.0,0.0,0.0,0.0,0.0,0.0,0.0,0.0,0.5,0.0,0.0,0.0,0.0,0.0,0.0,0.0,0.0,0.0,0.0,0.0,0.0,0.0,0.0,0.0,0.0,0.0,0.0,0.0,0.0,0.0,0.0,0.0,0.0,0.0,0.0,0.0,0.0,0.0,0.0,0.0,0.0,0.0,0.0,0.0,0.0,0.0,0.0,0.5,0.5,0.5773502588272095,0.5,0.5,0.5,0.5,0.5,0.5,0.5773502588272095,0.7071067690849304,0.5,0.5,0.5,0.5,0.5,0.5,0.5,0.3333333432674408,0.5,0.7071067690849304,0.7071067690849304,0.0,0.5,0.5,0.5773502588272095,0.5773502588272095,0.5,0.5,0.5773502588272095,0.5773502588272095,0.5773502588272095,0.5773502588272095,0.0,0.0,0.0,0.0,0.0,0.0,0.0,0.0,0.0,0.0,0.0,0.0,0.0,0.0,0.0,0.0,0.0,0.0,0.0,0.0,0.0,0.0,0.0,0.0,0.0,0.0,0.0,0.0,0.0,0.0,0.0,0.0,0.0,0.0,0.5773502588272095,0.0,0.0,0.0,0.0,0.0,0.0,0.0,0.0,0.0,0.0,0.0,0.0,0.0,0.0,0.0,0.0,0.0,0.0,0.5,0.5,0.5,0.5773502588272095,0.7071067690849304,0.7071067690849304,0.7071067690849304,0.5773502588272095,0.5773502588272095,0.0,0.5,0.5773502588272095,0.7071067690849304,0.7071067690849304,0.7071067690849304,0.7071067690849304,0.7071067690849304,0.5,0.5773502588272095,0.7071067690849304,0.7071067690849304,0.7071067690849304,0.7071067690849304,0.7071067690849304,0.7071067690849304,0.7071067690849304,0.7071067690849304,0.5773502588272095,0.0,0.5,0.7071067690849304,0.7071067690849304,0.7071067690849304,0.7071067690849304,0.5773502588272095,0.5773502588272095,0.5773502588272095,0.5773502588272095,0.7071067690849304,1.0,1.0,1.0,1.0,1.0,1.0,1.0,0.7071067690849304,0.7071067690849304,0.5773502588272095,1.0,1.0,1.0,1.0,1.0,1.0,1.0,1.0,1.0,0.5,0.5,0.7071067690849304,0.7071067690849304,0.7071067690849304,0.7071067690849304,0.7071067690849304,0.7071067690849304,0.7071067690849304,0.7071067690849304,0.7071067690849304,0.5773502588272095,0.5773502588272095,0.5773502588272095,0.5773502588272095,0.7071067690849304,0.7071067690849304,1.0,1.0,1.0,1.0
VB05,0.0,0.0,0.0,0.0,0.0,0.0,0.0,0.0,0.0,0.0,0.0,0.0,0.0,0.0,0.0,0.0,0.0,0.0,0.0,0.0,0.0,0.0,0.0,0.0,0.0,0.0,0.0,0.0,0.0,0.0,0.0,0.0,0.0,0.0,0.0,0.0,0.0,0.0,0.0,0.0,0.0,0.0,0.0,0.0,0.0,0.0,0.0,0.0,0.0,0.0,0.0,0.0,0.0,0.0,0.0,0.0,0.0,0.0,0.0,0.0,0.0,0.0,0.5773502588272095,1.0,0.7071067690849304,0.7071067690849304,0.0,0.0,0.40824827551841736,0.40824827551841736,0.0,0.0,0.5773502588272095,0.5773502588272095,0.0,0.0,0.0,0.0,0.0,0.0,0.0,0.0,0.0,0.7071067690849304,0.0,0.0,1.0,1.0,0.0,0.0,0.0,0.0,0.0,0.0,0.0,0.0,0.0,0.0,0.5,0.0,0.0,0.0,0.0,0.0,0.0,0.0,0.0,0.0,0.0,0.0,0.0,0.0,0.0,0.0,0.0,0.0,0.0,0.0,0.0,0.0,0.0,0.0,0.0,0.0,0.0,0.0,0.0,0.0,0.0,0.0,0.0,0.0,0.0,0.0,0.0,0.0,0.0,0.5,0.5,0.5773502588272095,0.5,0.5,0.5,0.5,0.5,0.5,0.5773502588272095,0.7071067690849304,0.5,0.5,0.5,0.5,0.5,0.5,0.5,0.3333333432674408,0.5,0.7071067690849304,0.7071067690849304,0.0,0.5,0.5,0.5773502588272095,0.5773502588272095,0.5,0.5,0.5773502588272095,0.5773502588272095,0.5773502588272095,0.5773502588272095,0.0,0.0,0.0,0.0,0.0,0.0,0.0,0.0,0.0,0.0,0.0,0.0,0.0,0.0,0.0,0.0,0.0,0.0,0.0,0.0,0.0,0.0,0.0,0.0,0.0,0.0,0.0,0.0,0.0,0.0,0.0,0.0,0.0,0.0,0.5773502588272095,0.0,0.0,0.0,0.0,0.0,0.0,0.0,0.0,0.0,0.0,0.0,0.0,0.0,0.0,0.0,0.0,0.0,0.0,0.5,0.5,0.5,0.5773502588272095,0.7071067690849304,0.7071067690849304,0.7071067690849304,0.5773502588272095,0.5773502588272095,0.0,0.5,0.5773502588272095,0.7071067690849304,0.7071067690849304,0.7071067690849304,0.7071067690849304,0.7071067690849304,0.5,0.5773502588272095,0.7071067690849304,0.7071067690849304,0.7071067690849304,0.7071067690849304,0.7071067690849304,0.7071067690849304,0.7071067690849304,0.7071067690849304,0.5773502588272095,0.0,0.5,0.7071067690849304,0.7071067690849304,0.7071067690849304,0.7071067690849304,0.5773502588272095,0.5773502588272095,0.5773502588272095,0.5773502588272095,0.7071067690849304,1.0,1.0,1.0,1.0,1.0,1.0,1.0,0.7071067690849304,0.7071067690849304,0.5773502588272095,1.0,1.0,1.0,1.0,1.0,1.0,1.0,1.0,1.0,0.5,0.5,0.7071067690849304,0.7071067690849304,0.7071067690849304,0.7071067690849304,0.7071067690849304,0.7071067690849304,0.7071067690849304,0.7071067690849304,0.7071067690849304,0.5773502588272095,0.5773502588272095,0.5773502588272095,0.5773502588272095,0.7071067690849304,0.7071067690849304,1.0,1.0,1.0,1.0
VB06,0.0,0.0,0.0,0.0,0.0,0.0,0.0,0.0,0.0,0.0,0.0,0.0,0.0,0.0,0.0,0.0,0.0,0.0,0.0,0.0,0.0,0.0,0.0,0.0,0.0,0.0,0.0,0.0,0.0,0.0,0.0,0.0,0.0,0.0,0.0,0.0,0.0,0.0,0.0,0.0,0.0,0.0,0.0,0.0,0.0,0.0,0.0,0.0,0.0,0.0,0.0,0.0,0.0,0.0,0.0,0.0,0.0,0.0,0.0,0.0,0.0,0.0,0.5773502588272095,1.0,0.7071067690849304,0.7071067690849304,0.0,0.0,0.40824827551841736,0.40824827551841736,0.0,0.0,0.5773502588272095,0.5773502588272095,0.0,0.0,0.0,0.0,0.0,0.0,0.0,0.0,0.0,0.7071067690849304,0.0,0.0,1.0,1.0,0.0,0.0,0.0,0.0,0.0,0.0,0.0,0.0,0.0,0.0,0.5,0.0,0.0,0.0,0.0,0.0,0.0,0.0,0.0,0.0,0.0,0.0,0.0,0.0,0.0,0.0,0.0,0.0,0.0,0.0,0.0,0.0,0.0,0.0,0.0,0.0,0.0,0.0,0.0,0.0,0.0,0.0,0.0,0.0,0.0,0.0,0.0,0.0,0.0,0.5,0.5,0.5773502588272095,0.5,0.5,0.5,0.5,0.5,0.5,0.5773502588272095,0.7071067690849304,0.5,0.5,0.5,0.5,0.5,0.5,0.5,0.3333333432674408,0.5,0.7071067690849304,0.7071067690849304,0.0,0.5,0.5,0.5773502588272095,0.5773502588272095,0.5,0.5,0.5773502588272095,0.5773502588272095,0.5773502588272095,0.5773502588272095,0.0,0.0,0.0,0.0,0.0,0.0,0.0,0.0,0.0,0.0,0.0,0.0,0.0,0.0,0.0,0.0,0.0,0.0,0.0,0.0,0.0,0.0,0.0,0.0,0.0,0.0,0.0,0.0,0.0,0.0,0.0,0.0,0.0,0.0,0.5773502588272095,0.0,0.0,0.0,0.0,0.0,0.0,0.0,0.0,0.0,0.0,0.0,0.0,0.0,0.0,0.0,0.0,0.0,0.0,0.5,0.5,0.5,0.5773502588272095,0.7071067690849304,0.7071067690849304,0.7071067690849304,0.5773502588272095,0.5773502588272095,0.0,0.5,0.5773502588272095,0.7071067690849304,0.7071067690849304,0.7071067690849304,0.7071067690849304,0.7071067690849304,0.5,0.5773502588272095,0.7071067690849304,0.7071067690849304,0.7071067690849304,0.7071067690849304,0.7071067690849304,0.7071067690849304,0.7071067690849304,0.7071067690849304,0.5773502588272095,0.0,0.5,0.7071067690849304,0.7071067690849304,0.7071067690849304,0.7071067690849304,0.5773502588272095,0.5773502588272095,0.5773502588272095,0.5773502588272095,0.7071067690849304,1.0,1.0,1.0,1.0,1.0,1.0,1.0,0.7071067690849304,0.7071067690849304,0.5773502588272095,1.0,1.0,1.0,1.0,1.0,1.0,1.0,1.0,1.0,0.5,0.5,0.7071067690849304,0.7071067690849304,0.7071067690849304,0.7071067690849304,0.7071067690849304,0.7071067690849304,0.7071067690849304,0.7071067690849304,0.7071067690849304,0.5773502588272095,0.5773502588272095,0.5773502588272095,0.5773502588272095,0.7071067690849304,0.7071067690849304,1.0,1.0,1.0,1.0
VB07,0.0,0.0,0.0,0.0,0.0,0.0,0.0,0.0,0.0,0.0,0.0,0.0,0.0,0.0,0.0,0.0,0.0,0.0,0.0,0.0,0.0,0.0,0.0,0.0,0.0,0.0,0.0,0.0,0.0,0.0,0.0,0.0,0.0,0.0,0.0,0.0,0.0,0.0,0.0,0.0,0.0,0.0,0.0,0.0,0.0,0.0,0.0,0.0,0.0,0.0,0.0,0.0,0.0,0.0,0.0,0.0,0.0,0.0,0.0,0.0,0.0,0.0,0.5773502588272095,1.0,0.7071067690849304,0.7071067690849304,0.0,0.0,0.40824827551841736,0.40824827551841736,0.0,0.0,0.5773502588272095,0.5773502588272095,0.0,0.0,0.0,0.0,0.0,0.0,0.0,0.0,0.0,0.7071067690849304,0.0,0.0,1.0,1.0,0.0,0.0,0.0,0.0,0.0,0.0,0.0,0.0,0.0,0.0,0.5,0.0,0.0,0.0,0.0,0.0,0.0,0.0,0.0,0.0,0.0,0.0,0.0,0.0,0.0,0.0,0.0,0.0,0.0,0.0,0.0,0.0,0.0,0.0,0.0,0.0,0.0,0.0,0.0,0.0,0.0,0.0,0.0,0.0,0.0,0.0,0.0,0.0,0.0,0.5,0.5,0.5773502588272095,0.5,0.5,0.5,0.5,0.5,0.5,0.5773502588272095,0.7071067690849304,0.5,0.5,0.5,0.5,0.5,0.5,0.5,0.3333333432674408,0.5,0.7071067690849304,0.7071067690849304,0.0,0.5,0.5,0.5773502588272095,0.5773502588272095,0.5,0.5,0.5773502588272095,0.5773502588272095,0.5773502588272095,0.5773502588272095,0.0,0.0,0.0,0.0,0.0,0.0,0.0,0.0,0.0,0.0,0.0,0.0,0.0,0.0,0.0,0.0,0.0,0.0,0.0,0.0,0.0,0.0,0.0,0.0,0.0,0.0,0.0,0.0,0.0,0.0,0.0,0.0,0.0,0.0,0.5773502588272095,0.0,0.0,0.0,0.0,0.0,0.0,0.0,0.0,0.0,0.0,0.0,0.0,0.0,0.0,0.0,0.0,0.0,0.0,0.5,0.5,0.5,0.5773502588272095,0.7071067690849304,0.7071067690849304,0.7071067690849304,0.5773502588272095,0.5773502588272095,0.0,0.5,0.5773502588272095,0.7071067690849304,0.7071067690849304,0.7071067690849304,0.7071067690849304,0.7071067690849304,0.5,0.5773502588272095,0.7071067690849304,0.7071067690849304,0.7071067690849304,0.7071067690849304,0.7071067690849304,0.7071067690849304,0.7071067690849304,0.7071067690849304,0.5773502588272095,0.0,0.5,0.7071067690849304,0.7071067690849304,0.7071067690849304,0.7071067690849304,0.5773502588272095,0.5773502588272095,0.5773502588272095,0.5773502588272095,0.7071067690849304,1.0,1.0,1.0,1.0,1.0,1.0,1.0,0.7071067690849304,0.7071067690849304,0.5773502588272095,1.0,1.0,1.0,1.0,1.0,1.0,1.0,1.0,1.0,0.5,0.5,0.7071067690849304,0.7071067690849304,0.7071067690849304,0.7071067690849304,0.7071067690849304,0.7071067690849304,0.7071067690849304,0.7071067690849304,0.7071067690849304,0.5773502588272095,0.5773502588272095,0.5773502588272095,0.5773502588272095,0.7071067690849304,0.7071067690849304,1.0,1.0,1.0,1.0
VB08,0.0,0.0,0.0,0.0,0.0,0.0,0.0,0.0,0.0,0.0,0.0,0.0,0.0,0.0,0.0,0.0,0.0,0.0,0.0,0.0,0.0,0.0,0.0,0.0,0.0,0.0,0.0,0.0,0.0,0.0,0.0,0.0,0.0,0.0,0.0,0.0,0.0,0.0,0.0,0.0,0.0,0.0,0.0,0.0,0.0,0.0,0.0,0.0,0.0,0.0,0.0,0.0,0.0,0.0,0.0,0.0,0.0,0.0,0.0,0.0,0.0,0.0,0.5773502588272095,1.0,0.7071067690849304,0.7071067690849304,0.0,0.0,0.40824827551841736,0.40824827551841736,0.0,0.0,0.5773502588272095,0.5773502588272095,0.0,0.0,0.0,0.0,0.0,0.0,0.0,0.0,0.0,0.7071067690849304,0.0,0.0,1.0,1.0,0.0,0.0,0.0,0.0,0.0,0.0,0.0,0.0,0.0,0.0,0.5,0.0,0.0,0.0,0.0,0.0,0.0,0.0,0.0,0.0,0.0,0.0,0.0,0.0,0.0,0.0,0.0,0.0,0.0,0.0,0.0,0.0,0.0,0.0,0.0,0.0,0.0,0.0,0.0,0.0,0.0,0.0,0.0,0.0,0.0,0.0,0.0,0.0,0.0,0.5,0.5,0.5773502588272095,0.5,0.5,0.5,0.5,0.5,0.5,0.5773502588272095,0.7071067690849304,0.5,0.5,0.5,0.5,0.5,0.5,0.5,0.3333333432674408,0.5,0.7071067690849304,0.7071067690849304,0.0,0.5,0.5,0.5773502588272095,0.5773502588272095,0.5,0.5,0.5773502588272095,0.5773502588272095,0.5773502588272095,0.5773502588272095,0.0,0.0,0.0,0.0,0.0,0.0,0.0,0.0,0.0,0.0,0.0,0.0,0.0,0.0,0.0,0.0,0.0,0.0,0.0,0.0,0.0,0.0,0.0,0.0,0.0,0.0,0.0,0.0,0.0,0.0,0.0,0.0,0.0,0.0,0.5773502588272095,0.0,0.0,0.0,0.0,0.0,0.0,0.0,0.0,0.0,0.0,0.0,0.0,0.0,0.0,0.0,0.0,0.0,0.0,0.5,0.5,0.5,0.5773502588272095,0.7071067690849304,0.7071067690849304,0.7071067690849304,0.5773502588272095,0.5773502588272095,0.0,0.5,0.5773502588272095,0.7071067690849304,0.7071067690849304,0.7071067690849304,0.7071067690849304,0.7071067690849304,0.5,0.5773502588272095,0.7071067690849304,0.7071067690849304,0.7071067690849304,0.7071067690849304,0.7071067690849304,0.7071067690849304,0.7071067690849304,0.7071067690849304,0.5773502588272095,0.0,0.5,0.7071067690849304,0.7071067690849304,0.7071067690849304,0.7071067690849304,0.5773502588272095,0.5773502588272095,0.5773502588272095,0.5773502588272095,0.7071067690849304,1.0,1.0,1.0,1.0,1.0,1.0,1.0,0.7071067690849304,0.7071067690849304,0.5773502588272095,1.0,1.0,1.0,1.0,1.0,1.0,1.0,1.0,1.0,0.5,0.5,0.7071067690849304,0.7071067690849304,0.7071067690849304,0.7071067690849304,0.7071067690849304,0.7071067690849304,0.7071067690849304,0.7071067690849304,0.7071067690849304,0.5773502588272095,0.5773502588272095,0.5773502588272095,0.5773502588272095,0.7071067690849304,0.7071067690849304,1.0,1.0,1.0,1.0
VB09,0.0,0.0,0.0,0.0,0.0,0.0,0.0,0.0,0.0,0.0,0.0,0.0,0.0,0.0,0.0,0.0,0.0,0.0,0.0,0.0,0.0,0.0,0.0,0.0,0.0,0.0,0.0,0.0,0.0,0.0,0.0,0.0,0.0,0.0,0.0,0.0,0.0,0.0,0.0,0.0,0.0,0.0,0.0,0.0,0.0,0.0,0.0,0.0,0.0,0.0,0.0,0.0,0.0,0.0,0.0,0.0,0.0,0.0,0.0,0.0,0.0,0.0,0.5773502588272095,1.0,0.7071067690849304,0.7071067690849304,0.0,0.0,0.40824827551841736,0.40824827551841736,0.0,0.0,0.5773502588272095,0.5773502588272095,0.0,0.0,0.0,0.0,0.0,0.0,0.0,0.0,0.0,0.7071067690849304,0.0,0.0,1.0,1.0,0.0,0.0,0.0,0.0,0.0,0.0,0.0,0.0,0.0,0.0,0.5,0.0,0.0,0.0,0.0,0.0,0.0,0.0,0.0,0.0,0.0,0.0,0.0,0.0,0.0,0.0,0.0,0.0,0.0,0.0,0.0,0.0,0.0,0.0,0.0,0.0,0.0,0.0,0.0,0.0,0.0,0.0,0.0,0.0,0.0,0.0,0.0,0.0,0.0,0.5,0.5,0.5773502588272095,0.5,0.5,0.5,0.5,0.5,0.5,0.5773502588272095,0.7071067690849304,0.5,0.5,0.5,0.5,0.5,0.5,0.5,0.3333333432674408,0.5,0.7071067690849304,0.7071067690849304,0.0,0.5,0.5,0.5773502588272095,0.5773502588272095,0.5,0.5,0.5773502588272095,0.5773502588272095,0.5773502588272095,0.5773502588272095,0.0,0.0,0.0,0.0,0.0,0.0,0.0,0.0,0.0,0.0,0.0,0.0,0.0,0.0,0.0,0.0,0.0,0.0,0.0,0.0,0.0,0.0,0.0,0.0,0.0,0.0,0.0,0.0,0.0,0.0,0.0,0.0,0.0,0.0,0.5773502588272095,0.0,0.0,0.0,0.0,0.0,0.0,0.0,0.0,0.0,0.0,0.0,0.0,0.0,0.0,0.0,0.0,0.0,0.0,0.5,0.5,0.5,0.5773502588272095,0.7071067690849304,0.7071067690849304,0.7071067690849304,0.5773502588272095,0.5773502588272095,0.0,0.5,0.5773502588272095,0.7071067690849304,0.7071067690849304,0.7071067690849304,0.7071067690849304,0.7071067690849304,0.5,0.5773502588272095,0.7071067690849304,0.7071067690849304,0.7071067690849304,0.7071067690849304,0.7071067690849304,0.7071067690849304,0.7071067690849304,0.7071067690849304,0.5773502588272095,0.0,0.5,0.7071067690849304,0.7071067690849304,0.7071067690849304,0.7071067690849304,0.5773502588272095,0.5773502588272095,0.5773502588272095,0.5773502588272095,0.7071067690849304,1.0,1.0,1.0,1.0,1.0,1.0,1.0,0.7071067690849304,0.7071067690849304,0.5773502588272095,1.0,1.0,1.0,1.0,1.0,1.0,1.0,1.0,1.0,0.5,0.5,0.7071067690849304,0.7071067690849304,0.7071067690849304,0.7071067690849304,0.7071067690849304,0.7071067690849304,0.7071067690849304,0.7071067690849304,0.7071067690849304,0.5773502588272095,0.5773502588272095,0.5773502588272095,0.5773502588272095,0.7071067690849304,0.7071067690849304,1.0,1.0,1.0,1.0
VB10,0.0,0.0,0.0,0.0,0.0,0.0,0.0,0.0,0.0,0.0,0.0,0.0,0.0,0.0,0.0,0.0,0.0,0.0,0.0,0.0,0.0,0.0,0.0,0.0,0.0,0.0,0.0,0.0,0.0,0.0,0.0,0.0,0.0,0.0,0.0,0.0,0.0,0.0,0.0,0.0,0.0,0.0,0.0,0.0,0.0,0.0,0.0,0.0,0.0,0.0,0.0,0.0,0.0,0.0,0.0,0.0,0.0,0.0,0.0,0.0,0.0,0.0,0.5773502588272095,1.0,0.7071067690849304,0.7071067690849304,0.0,0.0,0.40824827551841736,0.40824827551841736,0.0,0.0,0.5773502588272095,0.5773502588272095,0.0,0.0,0.0,0.0,0.0,0.0,0.0,0.0,0.0,0.7071067690849304,0.0,0.0,1.0,1.0,0.0,0.0,0.0,0.0,0.0,0.0,0.0,0.0,0.0,0.0,0.5,0.0,0.0,0.0,0.0,0.0,0.0,0.0,0.0,0.0,0.0,0.0,0.0,0.0,0.0,0.0,0.0,0.0,0.0,0.0,0.0,0.0,0.0,0.0,0.0,0.0,0.0,0.0,0.0,0.0,0.0,0.0,0.0,0.0,0.0,0.0,0.0,0.0,0.0,0.5,0.5,0.5773502588272095,0.5,0.5,0.5,0.5,0.5,0.5,0.5773502588272095,0.7071067690849304,0.5,0.5,0.5,0.5,0.5,0.5,0.5,0.3333333432674408,0.5,0.7071067690849304,0.7071067690849304,0.0,0.5,0.5,0.5773502588272095,0.5773502588272095,0.5,0.5,0.5773502588272095,0.5773502588272095,0.5773502588272095,0.5773502588272095,0.0,0.0,0.0,0.0,0.0,0.0,0.0,0.0,0.0,0.0,0.0,0.0,0.0,0.0,0.0,0.0,0.0,0.0,0.0,0.0,0.0,0.0,0.0,0.0,0.0,0.0,0.0,0.0,0.0,0.0,0.0,0.0,0.0,0.0,0.5773502588272095,0.0,0.0,0.0,0.0,0.0,0.0,0.0,0.0,0.0,0.0,0.0,0.0,0.0,0.0,0.0,0.0,0.0,0.0,0.5,0.5,0.5,0.5773502588272095,0.7071067690849304,0.7071067690849304,0.7071067690849304,0.5773502588272095,0.5773502588272095,0.0,0.5,0.5773502588272095,0.7071067690849304,0.7071067690849304,0.7071067690849304,0.7071067690849304,0.7071067690849304,0.5,0.5773502588272095,0.7071067690849304,0.7071067690849304,0.7071067690849304,0.7071067690849304,0.7071067690849304,0.7071067690849304,0.7071067690849304,0.7071067690849304,0.5773502588272095,0.0,0.5,0.7071067690849304,0.7071067690849304,0.7071067690849304,0.7071067690849304,0.5773502588272095,0.5773502588272095,0.5773502588272095,0.5773502588272095,0.7071067690849304,1.0,1.0,1.0,1.0,1.0,1.0,1.0,0.7071067690849304,0.7071067690849304,0.5773502588272095,1.0,1.0,1.0,1.0,1.0,1.0,1.0,1.0,1.0,0.5,0.5,0.7071067690849304,0.7071067690849304,0.7071067690849304,0.7071067690849304,0.7071067690849304,0.7071067690849304,0.7071067690849304,0.7071067690849304,0.7071067690849304,0.5773502588272095,0.5773502588272095,0.5773502588272095,0.5773502588272095,0.7071067690849304,0.7071067690849304,1.0,1.0,1.0,1.0
VB11,0.0,0.0,0.0,0.0,0.0,0.0,0.0,0.0,0.0,0.0,0.0,0.0,0.0,0.0,0.0,0.0,0.0,0.0,0.0,0.0,0.0,0.0,0.0,0.0,0.0,0.0,0.0,0.0,0.0,0.0,0.0,0.0,0.0,0.0,0.0,0.0,0.0,0.0,0.0,0.0,0.0,0.0,0.0,0.0,0.0,0.0,0.0,0.0,0.0,0.0,0.0,0.0,0.0,0.0,0.0,0.0,0.0,0.0,0.0,0.0,0.0,0.0,0.5773502588272095,1.0,0.7071067690849304,0.7071067690849304,0.0,0.0,0.40824827551841736,0.40824827551841736,0.0,0.0,0.5773502588272095,0.5773502588272095,0.0,0.0,0.0,0.0,0.0,0.0,0.0,0.0,0.0,0.7071067690849304,0.0,0.0,1.0,1.0,0.0,0.0,0.0,0.0,0.0,0.0,0.0,0.0,0.0,0.0,0.5,0.0,0.0,0.0,0.0,0.0,0.0,0.0,0.0,0.0,0.0,0.0,0.0,0.0,0.0,0.0,0.0,0.0,0.0,0.0,0.0,0.0,0.0,0.0,0.0,0.0,0.0,0.0,0.0,0.0,0.0,0.0,0.0,0.0,0.0,0.0,0.0,0.0,0.0,0.5,0.5,0.5773502588272095,0.5,0.5,0.5,0.5,0.5,0.5,0.5773502588272095,0.7071067690849304,0.5,0.5,0.5,0.5,0.5,0.5,0.5,0.3333333432674408,0.5,0.7071067690849304,0.7071067690849304,0.0,0.5,0.5,0.5773502588272095,0.5773502588272095,0.5,0.5,0.5773502588272095,0.5773502588272095,0.5773502588272095,0.5773502588272095,0.0,0.0,0.0,0.0,0.0,0.0,0.0,0.0,0.0,0.0,0.0,0.0,0.0,0.0,0.0,0.0,0.0,0.0,0.0,0.0,0.0,0.0,0.0,0.0,0.0,0.0,0.0,0.0,0.0,0.0,0.0,0.0,0.0,0.0,0.5773502588272095,0.0,0.0,0.0,0.0,0.0,0.0,0.0,0.0,0.0,0.0,0.0,0.0,0.0,0.0,0.0,0.0,0.0,0.0,0.5,0.5,0.5,0.5773502588272095,0.7071067690849304,0.7071067690849304,0.7071067690849304,0.5773502588272095,0.5773502588272095,0.0,0.5,0.5773502588272095,0.7071067690849304,0.7071067690849304,0.7071067690849304,0.7071067690849304,0.7071067690849304,0.5,0.5773502588272095,0.7071067690849304,0.7071067690849304,0.7071067690849304,0.7071067690849304,0.7071067690849304,0.7071067690849304,0.7071067690849304,0.7071067690849304,0.5773502588272095,0.0,0.5,0.7071067690849304,0.7071067690849304,0.7071067690849304,0.7071067690849304,0.5773502588272095,0.5773502588272095,0.5773502588272095,0.5773502588272095,0.7071067690849304,1.0,1.0,1.0,1.0,1.0,1.0,1.0,0.7071067690849304,0.7071067690849304,0.5773502588272095,1.0,1.0,1.0,1.0,1.0,1.0,1.0,1.0,1.0,0.5,0.5,0.7071067690849304,0.7071067690849304,0.7071067690849304,0.7071067690849304,0.7071067690849304,0.7071067690849304,0.7071067690849304,0.7071067690849304,0.7071067690849304,0.5773502588272095,0.5773502588272095,0.5773502588272095,0.5773502588272095,0.7071067690849304,0.7071067690849304,1.0,1.0,1.0,1.0
VD01,0.0,0.0,0.0,0.0,0.0,0.0,0.0,0.0,0.0,0.0,0.0,0.0,0.0,0.0,0.0,0.0,0.0,0.0,0.0,0.0,0.25,0.25,0.0,0.0,0.25,0.25,0.25,0.25,0.25,0.25,0.25,0.25,0.25,0.25,0.25,0.25,0.25,0.25,0.25,0.25,0.25,0.25,0.25,0.25,0.0,0.0,0.0,0.0,0.0,0.0,0.0,0.0,0.0,0.0,0.0,0.0,0.0,0.0,0.0,0.0,0.0,0.0,0.5773502588272095,0.5,0.3535533845424652,0.3535533845424652,0.0,0.0,0.40824827551841736,0.40824827551841736,0.25,0.25,0.28867512941360474,0.28867512941360474,0.0,0.0,0.0,0.0,0.0,0.0,0.0,0.0,0.28867512941360474,0.3535533845424652,0.0,0.0,0.5,0.5,0.0,0.0,0.0,0.0,0.0,0.0,0.0,0.0,0.0,0.0,0.5,0.25,0.25,0.3535533845424652,0.3535533845424652,0.28867512941360474,0.28867512941360474,0.3535533845424652,0.3535533845424652,0.28867512941360474,0.28867512941360474,0.0,0.0,0.0,0.0,0.3535533845424652,0.3535533845424652,0.22360679507255554,0.25,0.25,0.0,0.0,0.0,0.0,0.3535533845424652,0.3535533845424652,0.28867512941360474,0.28867512941360474,0.28867512941360474,0.28867512941360474,0.3535533845424652,0.3535533845424652,0.3535533845424652,0.3535533845424652,0.0,0.0,0.3535533845424652,0.28867512941360474,0.28867512941360474,0.5,0.5,0.5773502588272095,0.5,0.5,0.5,0.5,0.5,0.5,0.5773502588272095,0.3535533845424652,0.5,0.5,0.5,0.5,0.5,0.5,0.5,0.3333333432674408,0.5,0.3535533845424652,0.3535533845424652,0.5,0.5,0.5,0.5773502588272095,0.5773502588272095,0.5,0.5,0.5773502588272095,0.5773502588272095,0.5773502588272095,0.5773502588272095,0.0,0.0,0.0,0.0,0.22360679507255554,0.22360679507255554,0.25,0.28867512941360474,0.28867512941360474,0.28867512941360474,0.28867512941360474,0.0,0.0,0.0,0.0,0.0,0.0,0.0,0.0,0.25,0.25,0.25,0.25,0.0,0.0,0.3535533845424652,0.3535533845424652,0.0,0.0,0.0,0.0,0.3535533845424652,0.0,0.0,0.5773502588272095,0.0,0.0,0.0,0.0,0.0,0.0,0.0,0.0,0.25,0.25,0.0,0.0,0.25,0.25,0.0,0.0,0.0,0.0,1.0,1.0,1.0,0.866025447845459,0.7071067690849304,0.7071067690849304,0.7071067690849304,0.5773502588272095,0.5773502588272095,0.3535533845424652,1.0,0.866025447845459,0.7071067690849304,0.7071067690849304,0.7071067690849304,0.7071067690849304,0.7071067690849304,1.0,0.866025447845459,0.7071067690849304,0.7071067690849304,0.7071067690849304,0.7071067690849304,0.7071067690849304,0.7071067690849304,0.7071067690849304,0.7071067690849304,0.5773502588272095,0.3535533845424652,1.0,0.7071067690849304,0.7071067690849304,0.7071067690849304,0.7071067690849304,0.5773502588272095,0.866025447845459,0.866025447845459,0.866025447845459,0.7071067690849304,0.5,0.5,0.5,0.5,0.5,0.5,0.5,0.3535533845424652,0.7071067690849304,0.866025447845459,0.5,0.5,0.5,0.5,0.5,0.5,0.5,0.5,0.5,1.0,1.0,0.7071067690849304,0.7071067690849304,0.7071067690849304,0.7071067690849304,0.7071067690849304,0.7071067690849304,0.7071067690849304,0.7071067690849304,0.7071067690849304,0.5773502588272095,0.5773502588272095,0.5773502588272095,0.5773502588272095,0.7071067690849304,0.7071067690849304,0.5,0.5,0.5,0.5
VD02,0.0,0.0,0.0,0.0,0.0,0.0,0.0,0.0,0.0,0.0,0.0,0.0,0.0,0.0,0.0,0.0,0.0,0.0,0.0,0.0,0.25,0.25,0.0,0.0,0.25,0.25,0.25,0.25,0.25,0.25,0.25,0.25,0.25,0.25,0.25,0.25,0.25,0.25,0.25,0.25,0.25,0.25,0.25,0.25,0.0,0.0,0.0,0.0,0.0,0.0,0.0,0.0,0.0,0.0,0.0,0.0,0.0,0.0,0.0,0.0,0.0,0.0,0.5773502588272095,0.5,0.3535533845424652,0.3535533845424652,0.0,0.0,0.40824827551841736,0.40824827551841736,0.25,0.25,0.28867512941360474,0.28867512941360474,0.0,0.0,0.0,0.0,0.0,0.0,0.0,0.0,0.28867512941360474,0.3535533845424652,0.0,0.0,0.5,0.5,0.0,0.0,0.0,0.0,0.0,0.0,0.0,0.0,0.0,0.0,0.5,0.25,0.25,0.3535533845424652,0.3535533845424652,0.28867512941360474,0.28867512941360474,0.3535533845424652,0.3535533845424652,0.28867512941360474,0.28867512941360474,0.0,0.0,0.0,0.0,0.3535533845424652,0.3535533845424652,0.22360679507255554,0.25,0.25,0.0,0.0,0.0,0.0,0.3535533845424652,0.3535533845424652,0.28867512941360474,0.28867512941360474,0.28867512941360474,0.28867512941360474,0.3535533845424652,0.3535533845424652,0.3535533845424652,0.3535533845424652,0.0,0.0,0.3535533845424652,0.28867512941360474,0.28867512941360474,0.5,0.5,0.5773502588272095,0.5,0.5,0.5,0.5,0.5,0.5,0.5773502588272095,0.3535533845424652,0.5,0.5,0.5,0.5,0.5,0.5,0.5,0.3333333432674408,0.5,0.3535533845424652,0.3535533845424652,0.5,0.5,0.5,0.5773502588272095,0.5773502588272095,0.5,0.5,0.5773502588272095,0.5773502588272095,0.5773502588272095,0.5773502588272095,0.0,0.0,0.0,0.0,0.22360679507255554,0.22360679507255554,0.25,0.28867512941360474,0.28867512941360474,0.28867512941360474,0.28867512941360474,0.0,0.0,0.0,0.0,0.0,0.0,0.0,0.0,0.25,0.25,0.25,0.25,0.0,0.0,0.3535533845424652,0.3535533845424652,0.0,0.0,0.0,0.0,0.3535533845424652,0.0,0.0,0.5773502588272095,0.0,0.0,0.0,0.0,0.0,0.0,0.0,0.0,0.25,0.25,0.0,0.0,0.25,0.25,0.0,0.0,0.0,0.0,1.0,1.0,1.0,0.866025447845459,0.7071067690849304,0.7071067690849304,0.7071067690849304,0.5773502588272095,0.5773502588272095,0.3535533845424652,1.0,0.866025447845459,0.7071067690849304,0.7071067690849304,0.7071067690849304,0.7071067690849304,0.7071067690849304,1.0,0.866025447845459,0.7071067690849304,0.7071067690849304,0.7071067690849304,0.7071067690849304,0.7071067690849304,0.7071067690849304,0.7071067690849304,0.7071067690849304,0.5773502588272095,0.3535533845424652,1.0,0.7071067690849304,0.7071067690849304,0.7071067690849304,0.7071067690849304,0.5773502588272095,0.866025447845459,0.866025447845459,0.866025447845459,0.7071067690849304,0.5,0.5,0.5,0.5,0.5,0.5,0.5,0.3535533845424652,0.7071067690849304,0.866025447845459,0.5,0.5,0.5,0.5,0.5,0.5,0.5,0.5,0.5,1.0,1.0,0.7071067690849304,0.7071067690849304,0.7071067690849304,0.7071067690849304,0.7071067690849304,0.7071067690849304,0.7071067690849304,0.7071067690849304,0.7071067690849304,0.5773502588272095,0.5773502588272095,0.5773502588272095,0.5773502588272095,0.7071067690849304,0.7071067690849304,0.5,0.5,0.5,0.5
VD03,0.0,0.0,0.0,0.0,0.0,0.0,0.0,0.0,0.0,0.0,0.0,0.0,0.0,0.0,0.0,0.0,0.0,0.0,0.0,0.0,0.0,0.0,0.0,0.0,0.0,0.0,0.0,0.0,0.0,0.0,0.0,0.0,0.0,0.0,0.0,0.0,0.0,0.0,0.0,0.0,0.0,0.0,0.0,0.0,0.0,0.0,0.0,0.0,0.0,0.0,0.0,0.0,0.0,0.0,0.0,0.0,0.0,0.0,0.0,0.0,0.0,0.0,0.40824830532073975,0.7071067690849304,0.5000000596046448,0.5000000596046448,0.0,0.0,0.28867512941360474,0.28867512941360474,0.0,0.0,0.40824830532073975,0.40824830532073975,0.0,0.0,0.0,0.0,0.0,0.0,0.0,0.0,0.0,0.5000000596046448,0.0,0.0,0.7071067690849304,0.7071067690849304,0.0,0.0,0.0,0.0,0.0,0.0,0.0,0.0,0.0,0.0,0.3535533845424652,0.0,0.0,0.0,0.0,0.0,0.0,0.0,0.0,0.0,0.0,0.0,0.0,0.0,0.0,0.0,0.0,0.3162277638912201,0.0,0.0,0.0,0.0,0.0,0.0,0.0,0.0,0.0,0.0,0.0,0.0,0.0,0.0,0.0,0.0,0.0,0.0,0.0,0.0,0.0,0.3535533845424652,0.3535533845424652,0.40824830532073975,0.3535533845424652,0.3535533845424652,0.3535533845424652,0.3535533845424652,0.3535533845424652,0.3535533845424652,0.40824830532073975,0.5000000596046448,0.3535533845424652,0.3535533845424652,0.3535533845424652,0.3535533845424652,0.3535533845424652,0.3535533845424652,0.3535533845424652,0.2357022762298584,0.3535533845424652,0.5000000596046448,0.5000000596046448,0.3535533845424652,0.3535533845424652,0.3535533845424652,0.40824830532073975,0.40824830532073975,0.3535533845424652,0.3535533845424652,0.40824830532073975,0.40824830532073975,0.40824830532073975,0.40824830532073975,0.0,0.0,0.0,0.0,0.0,0.0,0.0,0.0,0.0,0.0,0.0,0.0,0.0,0.0,0.0,0.0,0.0,0.0,0.0,0.0,0.0,0.0,0.0,0.0,0.0,0.0,0.0,0.0,0.0,0.0,0.0,0.5000000596046448,0.0,0.0,0.40824830532073975,0.0,0.0,0.0,0.0,0.0,0.0,0.0,0.0,0.0,0.0,0.0,0.0,0.0,0.0,0.0,0.0,0.0,0.0,0.7071067690849304,0.7071067690849304,0.7071067690849304,0.8164966106414795,1.0000001192092896,1.0000001192092896,1.0000001192092896,0.8164966106414795,0.8164966106414795,0.5000000596046448,0.7071067690849304,0.8164966106414795,1.0000001192092896,1.0000001192092896,1.0000001192092896,1.0000001192092896,1.0000001192092896,0.7071067690849304,0.8164966106414795,1.0000001192092896,1.0000001192092896,1.0000001192092896,1.0000001192092896,1.0000001192092896,1.0000001192092896,1.0000001192092896,1.0000001192092896,0.8164966106414795,0.5000000596046448,0.7071067690849304,1.0000001192092896,1.0000001192092896,1.0000001192092896,1.0000001192092896,0.8164966106414795,0.40824830532073975,0.40824830532073975,0.40824830532073975,0.5000000596046448,0.7071067690849304,0.7071067690849304,0.7071067690849304,0.7071067690849304,0.7071067690849304,0.7071067690849304,0.7071067690849304,0.5000000596046448,0.5000000596046448,0.40824830532073975,0.7071067690849304,0.7071067690849304,0.7071067690849304,0.7071067690849304,0.7071067690849304,0.7071067690849304,0.7071067690849304,0.7071067690849304,0.7071067690849304,0.7071067690849304,0.7071067690849304,1.0,1.0000001192092896,1.0000001192092896,1.0000001192092896,1.0000001192092896,1.0000001192092896,1.0000001192092896,1.0000001192092896,1.0000001192092896,0.8164966106414795,0.8164966106414795,0.40824830532073975,0.40824830532073975,0.5000000596046448,0.5000000596046448,0.7071067690849304,0.7071067690849304,0.7071067690849304,0.7071067690849304
VD04,0.0,0.0,0.0,0.0,0.0,0.0,0.0,0.0,0.0,0.0,0.0,0.0,0.0,0.0,0.0,0.0,0.0,0.0,0.0,0.0,0.0,0.0,0.0,0.0,0.0,0.0,0.0,0.0,0.0,0.0,0.0,0.0,0.0,0.0,0.0,0.0,0.0,0.0,0.0,0.0,0.0,0.0,0.0,0.0,0.0,0.0,0.0,0.0,0.0,0.0,0.0,0.0,0.0,0.0,0.0,0.0,0.0,0.0,0.0,0.0,0.0,0.0,0.40824830532073975,0.7071067690849304,0.5000000596046448,0.5000000596046448,0.0,0.0,0.28867512941360474,0.28867512941360474,0.0,0.0,0.40824830532073975,0.40824830532073975,0.0,0.0,0.0,0.0,0.0,0.0,0.0,0.0,0.0,0.5000000596046448,0.0,0.0,0.7071067690849304,0.7071067690849304,0.0,0.0,0.0,0.0,0.0,0.0,0.0,0.0,0.0,0.0,0.3535533845424652,0.0,0.0,0.0,0.0,0.0,0.0,0.0,0.0,0.0,0.0,0.0,0.0,0.0,0.0,0.0,0.0,0.3162277638912201,0.0,0.0,0.0,0.0,0.0,0.0,0.0,0.0,0.0,0.0,0.0,0.0,0.0,0.0,0.0,0.0,0.0,0.0,0.0,0.0,0.0,0.3535533845424652,0.3535533845424652,0.40824830532073975,0.3535533845424652,0.3535533845424652,0.3535533845424652,0.3535533845424652,0.3535533845424652,0.3535533845424652,0.40824830532073975,0.5000000596046448,0.3535533845424652,0.3535533845424652,0.3535533845424652,0.3535533845424652,0.3535533845424652,0.3535533845424652,0.3535533845424652,0.2357022762298584,0.3535533845424652,0.5000000596046448,0.5000000596046448,0.3535533845424652,0.3535533845424652,0.3535533845424652,0.40824830532073975,0.40824830532073975,0.3535533845424652,0.3535533845424652,0.40824830532073975,0.40824830532073975,0.40824830532073975,0.40824830532073975,0.0,0.0,0.0,0.0,0.0,0.0,0.0,0.0,0.0,0.0,0.0,0.0,0.0,0.0,0.0,0.0,0.0,0.0,0.0,0.0,0.0,0.0,0.0,0.0,0.0,0.0,0.0,0.0,0.0,0.0,0.0,0.5000000596046448,0.0,0.0,0.40824830532073975,0.0,0.0,0.0,0.0,0.0,0.0,0.0,0.0,0.0,0.0,0.0,0.0,0.0,0.0,0.0,0.0,0.0,0.0,0.7071067690849304,0.7071067690849304,0.7071067690849304,0.8164966106414795,1.0000001192092896,1.0000001192092896,1.0000001192092896,0.8164966106414795,0.8164966106414795,0.5000000596046448,0.7071067690849304,0.8164966106414795,1.0000001192092896,1.0000001192092896,1.0000001192092896,1.0000001192092896,1.0000001192092896,0.7071067690849304,0.8164966106414795,1.0000001192092896,1.0000001192092896,1.0000001192092896,1.0000001192092896,1.0000001192092896,1.0000001192092896,1.0000001192092896,1.0000001192092896,0.8164966106414795,0.5000000596046448,0.7071067690849304,1.0000001192092896,1.0000001192092896,1.0000001192092896,1.0000001192092896,0.8164966106414795,0.40824830532073975,0.40824830532073975,0.40824830532073975,0.5000000596046448,0.7071067690849304,0.7071067690849304,0.7071067690849304,0.7071067690849304,0.7071067690849304,0.7071067690849304,0.7071067690849304,0.5000000596046448,0.5000000596046448,0.40824830532073975,0.7071067690849304,0.7071067690849304,0.7071067690849304,0.7071067690849304,0.7071067690849304,0.7071067690849304,0.7071067690849304,0.7071067690849304,0.7071067690849304,0.7071067690849304,0.7071067690849304,1.0000001192092896,1.0,1.0000001192092896,1.0000001192092896,1.0000001192092896,1.0000001192092896,1.0000001192092896,1.0000001192092896,1.0000001192092896,0.8164966106414795,0.8164966106414795,0.40824830532073975,0.40824830532073975,0.5000000596046448,0.5000000596046448,0.7071067690849304,0.7071067690849304,0.7071067690849304,0.7071067690849304
VD05,0.0,0.0,0.0,0.0,0.0,0.0,0.0,0.0,0.0,0.0,0.0,0.0,0.0,0.0,0.0,0.0,0.0,0.0,0.0,0.0,0.0,0.0,0.0,0.0,0.0,0.0,0.0,0.0,0.0,0.0,0.0,0.0,0.0,0.0,0.0,0.0,0.0,0.0,0.0,0.0,0.0,0.0,0.0,0.0,0.0,0.0,0.0,0.0,0.0,0.0,0.0,0.0,0.0,0.0,0.0,0.0,0.0,0.0,0.0,0.0,0.0,0.0,0.40824830532073975,0.7071067690849304,0.5000000596046448,0.5000000596046448,0.0,0.0,0.28867512941360474,0.28867512941360474,0.0,0.0,0.40824830532073975,0.40824830532073975,0.0,0.0,0.0,0.0,0.0,0.0,0.0,0.0,0.0,0.5000000596046448,0.0,0.0,0.7071067690849304,0.7071067690849304,0.0,0.0,0.0,0.0,0.0,0.0,0.0,0.0,0.0,0.0,0.3535533845424652,0.0,0.0,0.0,0.0,0.0,0.0,0.0,0.0,0.0,0.0,0.0,0.0,0.0,0.0,0.0,0.0,0.3162277638912201,0.0,0.0,0.0,0.0,0.0,0.0,0.0,0.0,0.0,0.0,0.0,0.0,0.0,0.0,0.0,0.0,0.0,0.0,0.0,0.0,0.0,0.3535533845424652,0.3535533845424652,0.40824830532073975,0.3535533845424652,0.3535533845424652,0.3535533845424652,0.3535533845424652,0.3535533845424652,0.3535533845424652,0.40824830532073975,0.5000000596046448,0.3535533845424652,0.3535533845424652,0.3535533845424652,0.3535533845424652,0.3535533845424652,0.3535533845424652,0.3535533845424652,0.2357022762298584,0.3535533845424652,0.5000000596046448,0.5000000596046448,0.3535533845424652,0.3535533845424652,0.3535533845424652,0.40824830532073975,0.40824830532073975,0.3535533845424652,0.3535533845424652,0.40824830532073975,0.40824830532073975,0.40824830532073975,0.40824830532073975,0.0,0.0,0.0,0.0,0.0,0.0,0.0,0.0,0.0,0.0,0.0,0.0,0.0,0.0,0.0,0.0,0.0,0.0,0.0,0.0,0.0,0.0,0.0,0.0,0.0,0.0,0.0,0.0,0.0,0.0,0.0,0.5000000596046448,0.0,0.0,0.40824830532073975,0.0,0.0,0.0,0.0,0.0,0.0,0.0,0.0,0.0,0.0,0.0,0.0,0.0,0.0,0.0,0.0,0.0,0.0,0.7071067690849304,0.7071067690849304,0.7071067690849304,0.8164966106414795,1.0000001192092896,1.0000001192092896,1.0000001192092896,0.8164966106414795,0.8164966106414795,0.5000000596046448,0.7071067690849304,0.8164966106414795,1.0000001192092896,1.0000001192092896,1.0000001192092896,1.0000001192092896,1.0000001192092896,0.7071067690849304,0.8164966106414795,1.0000001192092896,1.0000001192092896,1.0000001192092896,1.0000001192092896,1.0000001192092896,1.0000001192092896,1.0000001192092896,1.0000001192092896,0.8164966106414795,0.5000000596046448,0.7071067690849304,1.0000001192092896,1.0000001192092896,1.0000001192092896,1.0000001192092896,0.8164966106414795,0.40824830532073975,0.40824830532073975,0.40824830532073975,0.5000000596046448,0.7071067690849304,0.7071067690849304,0.7071067690849304,0.7071067690849304,0.7071067690849304,0.7071067690849304,0.7071067690849304,0.5000000596046448,0.5000000596046448,0.40824830532073975,0.7071067690849304,0.7071067690849304,0.7071067690849304,0.7071067690849304,0.7071067690849304,0.7071067690849304,0.7071067690849304,0.7071067690849304,0.7071067690849304,0.7071067690849304,0.7071067690849304,1.0000001192092896,1.0000001192092896,1.0,1.0000001192092896,1.0000001192092896,1.0000001192092896,1.0000001192092896,1.0000001192092896,1.0000001192092896,0.8164966106414795,0.8164966106414795,0.40824830532073975,0.40824830532073975,0.5000000596046448,0.5000000596046448,0.7071067690849304,0.7071067690849304,0.7071067690849304,0.7071067690849304
VD06,0.0,0.0,0.0,0.0,0.0,0.0,0.0,0.0,0.0,0.0,0.0,0.0,0.0,0.0,0.0,0.0,0.0,0.0,0.0,0.0,0.0,0.0,0.0,0.0,0.0,0.0,0.0,0.0,0.0,0.0,0.0,0.0,0.0,0.0,0.0,0.0,0.0,0.0,0.0,0.0,0.0,0.0,0.0,0.0,0.0,0.0,0.0,0.0,0.0,0.0,0.0,0.0,0.0,0.0,0.0,0.0,0.0,0.0,0.0,0.0,0.0,0.0,0.40824830532073975,0.7071067690849304,0.5000000596046448,0.5000000596046448,0.0,0.0,0.28867512941360474,0.28867512941360474,0.0,0.0,0.40824830532073975,0.40824830532073975,0.0,0.0,0.0,0.0,0.0,0.0,0.0,0.0,0.0,0.5000000596046448,0.0,0.0,0.7071067690849304,0.7071067690849304,0.0,0.0,0.0,0.0,0.0,0.0,0.0,0.0,0.0,0.0,0.3535533845424652,0.0,0.0,0.0,0.0,0.0,0.0,0.0,0.0,0.0,0.0,0.0,0.0,0.0,0.0,0.0,0.0,0.3162277638912201,0.0,0.0,0.0,0.0,0.0,0.0,0.0,0.0,0.0,0.0,0.0,0.0,0.0,0.0,0.0,0.0,0.0,0.0,0.0,0.0,0.0,0.3535533845424652,0.3535533845424652,0.40824830532073975,0.3535533845424652,0.3535533845424652,0.3535533845424652,0.3535533845424652,0.3535533845424652,0.3535533845424652,0.40824830532073975,0.5000000596046448,0.3535533845424652,0.3535533845424652,0.3535533845424652,0.3535533845424652,0.3535533845424652,0.3535533845424652,0.3535533845424652,0.2357022762298584,0.3535533845424652,0.5000000596046448,0.5000000596046448,0.3535533845424652,0.3535533845424652,0.3535533845424652,0.40824830532073975,0.40824830532073975,0.3535533845424652,0.3535533845424652,0.40824830532073975,0.40824830532073975,0.40824830532073975,0.40824830532073975,0.0,0.0,0.0,0.0,0.0,0.0,0.0,0.0,0.0,0.0,0.0,0.0,0.0,0.0,0.0,0.0,0.0,0.0,0.0,0.0,0.0,0.0,0.0,0.0,0.0,0.0,0.0,0.0,0.0,0.0,0.0,0.5000000596046448,0.0,0.0,0.40824830532073975,0.0,0.0,0.0,0.0,0.0,0.0,0.0,0.0,0.0,0.0,0.0,0.0,0.0,0.0,0.0,0.0,0.0,0.0,0.7071067690849304,0.7071067690849304,0.7071067690849304,0.8164966106414795,1.0000001192092896,1.0000001192092896,1.0000001192092896,0.8164966106414795,0.8164966106414795,0.5000000596046448,0.7071067690849304,0.8164966106414795,1.0000001192092896,1.0000001192092896,1.0000001192092896,1.0000001192092896,1.0000001192092896,0.7071067690849304,0.8164966106414795,1.0000001192092896,1.0000001192092896,1.0000001192092896,1.0000001192092896,1.0000001192092896,1.0000001192092896,1.0000001192092896,1.0000001192092896,0.8164966106414795,0.5000000596046448,0.7071067690849304,1.0000001192092896,1.0000001192092896,1.0000001192092896,1.0000001192092896,0.8164966106414795,0.40824830532073975,0.40824830532073975,0.40824830532073975,0.5000000596046448,0.7071067690849304,0.7071067690849304,0.7071067690849304,0.7071067690849304,0.7071067690849304,0.7071067690849304,0.7071067690849304,0.5000000596046448,0.5000000596046448,0.40824830532073975,0.7071067690849304,0.7071067690849304,0.7071067690849304,0.7071067690849304,0.7071067690849304,0.7071067690849304,0.7071067690849304,0.7071067690849304,0.7071067690849304,0.7071067690849304,0.7071067690849304,1.0000001192092896,1.0000001192092896,1.0000001192092896,1.0,1.0000001192092896,1.0000001192092896,1.0000001192092896,1.0000001192092896,1.0000001192092896,0.8164966106414795,0.8164966106414795,0.40824830532073975,0.40824830532073975,0.5000000596046448,0.5000000596046448,0.7071067690849304,0.7071067690849304,0.7071067690849304,0.7071067690849304
VD07,0.0,0.0,0.0,0.0,0.0,0.0,0.0,0.0,0.0,0.0,0.0,0.0,0.0,0.0,0.0,0.0,0.0,0.0,0.0,0.0,0.0,0.0,0.0,0.0,0.0,0.0,0.0,0.0,0.0,0.0,0.0,0.0,0.0,0.0,0.0,0.0,0.0,0.0,0.0,0.0,0.0,0.0,0.0,0.0,0.0,0.0,0.0,0.0,0.0,0.0,0.0,0.0,0.0,0.0,0.0,0.0,0.0,0.0,0.0,0.0,0.0,0.0,0.40824830532073975,0.7071067690849304,0.5000000596046448,0.5000000596046448,0.0,0.0,0.28867512941360474,0.28867512941360474,0.0,0.0,0.40824830532073975,0.40824830532073975,0.0,0.0,0.0,0.0,0.0,0.0,0.0,0.0,0.0,0.5000000596046448,0.0,0.0,0.7071067690849304,0.7071067690849304,0.0,0.0,0.0,0.0,0.0,0.0,0.0,0.0,0.0,0.0,0.3535533845424652,0.0,0.0,0.0,0.0,0.0,0.0,0.0,0.0,0.0,0.0,0.0,0.0,0.0,0.0,0.0,0.0,0.3162277638912201,0.0,0.0,0.0,0.0,0.0,0.0,0.0,0.0,0.0,0.0,0.0,0.0,0.0,0.0,0.0,0.0,0.0,0.0,0.0,0.0,0.0,0.3535533845424652,0.3535533845424652,0.40824830532073975,0.3535533845424652,0.3535533845424652,0.3535533845424652,0.3535533845424652,0.3535533845424652,0.3535533845424652,0.40824830532073975,0.5000000596046448,0.3535533845424652,0.3535533845424652,0.3535533845424652,0.3535533845424652,0.3535533845424652,0.3535533845424652,0.3535533845424652,0.2357022762298584,0.3535533845424652,0.5000000596046448,0.5000000596046448,0.3535533845424652,0.3535533845424652,0.3535533845424652,0.40824830532073975,0.40824830532073975,0.3535533845424652,0.3535533845424652,0.40824830532073975,0.40824830532073975,0.40824830532073975,0.40824830532073975,0.0,0.0,0.0,0.0,0.0,0.0,0.0,0.0,0.0,0.0,0.0,0.0,0.0,0.0,0.0,0.0,0.0,0.0,0.0,0.0,0.0,0.0,0.0,0.0,0.0,0.0,0.0,0.0,0.0,0.0,0.0,0.5000000596046448,0.0,0.0,0.40824830532073975,0.0,0.0,0.0,0.0,0.0,0.0,0.0,0.0,0.0,0.0,0.0,0.0,0.0,0.0,0.0,0.0,0.0,0.0,0.7071067690849304,0.7071067690849304,0.7071067690849304,0.8164966106414795,1.0000001192092896,1.0000001192092896,1.0000001192092896,0.8164966106414795,0.8164966106414795,0.5000000596046448,0.7071067690849304,0.8164966106414795,1.0000001192092896,1.0000001192092896,1.0000001192092896,1.0000001192092896,1.0000001192092896,0.7071067690849304,0.8164966106414795,1.0000001192092896,1.0000001192092896,1.0000001192092896,1.0000001192092896,1.0000001192092896,1.0000001192092896,1.0000001192092896,1.0000001192092896,0.8164966106414795,0.5000000596046448,0.7071067690849304,1.0000001192092896,1.0000001192092896,1.0000001192092896,1.0000001192092896,0.8164966106414795,0.40824830532073975,0.40824830532073975,0.40824830532073975,0.5000000596046448,0.7071067690849304,0.7071067690849304,0.7071067690849304,0.7071067690849304,0.7071067690849304,0.7071067690849304,0.7071067690849304,0.5000000596046448,0.5000000596046448,0.40824830532073975,0.7071067690849304,0.7071067690849304,0.7071067690849304,0.7071067690849304,0.7071067690849304,0.7071067690849304,0.7071067690849304,0.7071067690849304,0.7071067690849304,0.7071067690849304,0.7071067690849304,1.0000001192092896,1.0000001192092896,1.0000001192092896,1.0000001192092896,1.0,1.0000001192092896,1.0000001192092896,1.0000001192092896,1.0000001192092896,0.8164966106414795,0.8164966106414795,0.40824830532073975,0.40824830532073975,0.5000000596046448,0.5000000596046448,0.7071067690849304,0.7071067690849304,0.7071067690849304,0.7071067690849304
VD08,0.0,0.0,0.0,0.0,0.0,0.0,0.0,0.0,0.0,0.0,0.0,0.0,0.0,0.0,0.0,0.0,0.0,0.0,0.0,0.0,0.0,0.0,0.0,0.0,0.0,0.0,0.0,0.0,0.0,0.0,0.0,0.0,0.0,0.0,0.0,0.0,0.0,0.0,0.0,0.0,0.0,0.0,0.0,0.0,0.0,0.0,0.0,0.0,0.0,0.0,0.0,0.0,0.0,0.0,0.0,0.0,0.0,0.0,0.0,0.0,0.0,0.0,0.40824830532073975,0.7071067690849304,0.5000000596046448,0.5000000596046448,0.0,0.0,0.28867512941360474,0.28867512941360474,0.0,0.0,0.40824830532073975,0.40824830532073975,0.0,0.0,0.0,0.0,0.0,0.0,0.0,0.0,0.0,0.5000000596046448,0.0,0.0,0.7071067690849304,0.7071067690849304,0.0,0.0,0.0,0.0,0.0,0.0,0.0,0.0,0.0,0.0,0.3535533845424652,0.0,0.0,0.0,0.0,0.0,0.0,0.0,0.0,0.0,0.0,0.0,0.0,0.0,0.0,0.0,0.0,0.3162277638912201,0.0,0.0,0.0,0.0,0.0,0.0,0.0,0.0,0.0,0.0,0.0,0.0,0.0,0.0,0.0,0.0,0.0,0.0,0.0,0.0,0.0,0.3535533845424652,0.3535533845424652,0.40824830532073975,0.3535533845424652,0.3535533845424652,0.3535533845424652,0.3535533845424652,0.3535533845424652,0.3535533845424652,0.40824830532073975,0.5000000596046448,0.3535533845424652,0.3535533845424652,0.3535533845424652,0.3535533845424652,0.3535533845424652,0.3535533845424652,0.3535533845424652,0.2357022762298584,0.3535533845424652,0.5000000596046448,0.5000000596046448,0.3535533845424652,0.3535533845424652,0.3535533845424652,0.40824830532073975,0.40824830532073975,0.3535533845424652,0.3535533845424652,0.40824830532073975,0.40824830532073975,0.40824830532073975,0.40824830532073975,0.0,0.0,0.0,0.0,0.0,0.0,0.0,0.0,0.0,0.0,0.0,0.0,0.0,0.0,0.0,0.0,0.0,0.0,0.0,0.0,0.0,0.0,0.0,0.0,0.0,0.0,0.0,0.0,0.0,0.0,0.0,0.5000000596046448,0.0,0.0,0.40824830532073975,0.0,0.0,0.0,0.0,0.0,0.0,0.0,0.0,0.0,0.0,0.0,0.0,0.0,0.0,0.0,0.0,0.0,0.0,0.7071067690849304,0.7071067690849304,0.7071067690849304,0.8164966106414795,1.0000001192092896,1.0000001192092896,1.0000001192092896,0.8164966106414795,0.8164966106414795,0.5000000596046448,0.7071067690849304,0.8164966106414795,1.0000001192092896,1.0000001192092896,1.0000001192092896,1.0000001192092896,1.0000001192092896,0.7071067690849304,0.8164966106414795,1.0000001192092896,1.0000001192092896,1.0000001192092896,1.0000001192092896,1.0000001192092896,1.0000001192092896,1.0000001192092896,1.0000001192092896,0.8164966106414795,0.5000000596046448,0.7071067690849304,1.0000001192092896,1.0000001192092896,1.0000001192092896,1.0000001192092896,0.8164966106414795,0.40824830532073975,0.40824830532073975,0.40824830532073975,0.5000000596046448,0.7071067690849304,0.7071067690849304,0.7071067690849304,0.7071067690849304,0.7071067690849304,0.7071067690849304,0.7071067690849304,0.5000000596046448,0.5000000596046448,0.40824830532073975,0.7071067690849304,0.7071067690849304,0.7071067690849304,0.7071067690849304,0.7071067690849304,0.7071067690849304,0.7071067690849304,0.7071067690849304,0.7071067690849304,0.7071067690849304,0.7071067690849304,1.0000001192092896,1.0000001192092896,1.0000001192092896,1.0000001192092896,1.0000001192092896,1.0,1.0000001192092896,1.0000001192092896,1.0000001192092896,0.8164966106414795,0.8164966106414795,0.40824830532073975,0.40824830532073975,0.5000000596046448,0.5000000596046448,0.7071067690849304,0.7071067690849304,0.7071067690849304,0.7071067690849304
VD09,0.0,0.0,0.0,0.0,0.0,0.0,0.0,0.0,0.0,0.0,0.0,0.0,0.0,0.0,0.0,0.0,0.0,0.0,0.0,0.0,0.0,0.0,0.0,0.0,0.0,0.0,0.0,0.0,0.0,0.0,0.0,0.0,0.0,0.0,0.0,0.0,0.0,0.0,0.0,0.0,0.0,0.0,0.0,0.0,0.0,0.0,0.0,0.0,0.0,0.0,0.0,0.0,0.0,0.0,0.0,0.0,0.0,0.0,0.0,0.0,0.0,0.0,0.40824830532073975,0.7071067690849304,0.5000000596046448,0.5000000596046448,0.0,0.0,0.28867512941360474,0.28867512941360474,0.0,0.0,0.40824830532073975,0.40824830532073975,0.0,0.0,0.0,0.0,0.0,0.0,0.0,0.0,0.0,0.5000000596046448,0.0,0.0,0.7071067690849304,0.7071067690849304,0.0,0.0,0.0,0.0,0.0,0.0,0.0,0.0,0.0,0.0,0.3535533845424652,0.0,0.0,0.0,0.0,0.0,0.0,0.0,0.0,0.0,0.0,0.0,0.0,0.0,0.0,0.0,0.0,0.3162277638912201,0.0,0.0,0.0,0.0,0.0,0.0,0.0,0.0,0.0,0.0,0.0,0.0,0.0,0.0,0.0,0.0,0.0,0.0,0.0,0.0,0.0,0.3535533845424652,0.3535533845424652,0.40824830532073975,0.3535533845424652,0.3535533845424652,0.3535533845424652,0.3535533845424652,0.3535533845424652,0.3535533845424652,0.40824830532073975,0.5000000596046448,0.3535533845424652,0.3535533845424652,0.3535533845424652,0.3535533845424652,0.3535533845424652,0.3535533845424652,0.3535533845424652,0.2357022762298584,0.3535533845424652,0.5000000596046448,0.5000000596046448,0.3535533845424652,0.3535533845424652,0.3535533845424652,0.40824830532073975,0.40824830532073975,0.3535533845424652,0.3535533845424652,0.40824830532073975,0.40824830532073975,0.40824830532073975,0.40824830532073975,0.0,0.0,0.0,0.0,0.0,0.0,0.0,0.0,0.0,0.0,0.0,0.0,0.0,0.0,0.0,0.0,0.0,0.0,0.0,0.0,0.0,0.0,0.0,0.0,0.0,0.0,0.0,0.0,0.0,0.0,0.0,0.5000000596046448,0.0,0.0,0.40824830532073975,0.0,0.0,0.0,0.0,0.0,0.0,0.0,0.0,0.0,0.0,0.0,0.0,0.0,0.0,0.0,0.0,0.0,0.0,0.7071067690849304,0.7071067690849304,0.7071067690849304,0.8164966106414795,1.0000001192092896,1.0000001192092896,1.0000001192092896,0.8164966106414795,0.8164966106414795,0.5000000596046448,0.7071067690849304,0.8164966106414795,1.0000001192092896,1.0000001192092896,1.0000001192092896,1.0000001192092896,1.0000001192092896,0.7071067690849304,0.8164966106414795,1.0000001192092896,1.0000001192092896,1.0000001192092896,1.0000001192092896,1.0000001192092896,1.0000001192092896,1.0000001192092896,1.0000001192092896,0.8164966106414795,0.5000000596046448,0.7071067690849304,1.0000001192092896,1.0000001192092896,1.0000001192092896,1.0000001192092896,0.8164966106414795,0.40824830532073975,0.40824830532073975,0.40824830532073975,0.5000000596046448,0.7071067690849304,0.7071067690849304,0.7071067690849304,0.7071067690849304,0.7071067690849304,0.7071067690849304,0.7071067690849304,0.5000000596046448,0.5000000596046448,0.40824830532073975,0.7071067690849304,0.7071067690849304,0.7071067690849304,0.7071067690849304,0.7071067690849304,0.7071067690849304,0.7071067690849304,0.7071067690849304,0.7071067690849304,0.7071067690849304,0.7071067690849304,1.0000001192092896,1.0000001192092896,1.0000001192092896,1.0000001192092896,1.0000001192092896,1.0000001192092896,1.0,1.0000001192092896,1.0000001192092896,0.8164966106414795,0.8164966106414795,0.40824830532073975,0.40824830532073975,0.5000000596046448,0.5000000596046448,0.7071067690849304,0.7071067690849304,0.7071067690849304,0.7071067690849304
VD10,0.0,0.0,0.0,0.0,0.0,0.0,0.0,0.0,0.0,0.0,0.0,0.0,0.0,0.0,0.0,0.0,0.0,0.0,0.0,0.0,0.0,0.0,0.0,0.0,0.0,0.0,0.0,0.0,0.0,0.0,0.0,0.0,0.0,0.0,0.0,0.0,0.0,0.0,0.0,0.0,0.0,0.0,0.0,0.0,0.0,0.0,0.0,0.0,0.0,0.0,0.0,0.0,0.0,0.0,0.0,0.0,0.0,0.0,0.0,0.0,0.0,0.0,0.40824830532073975,0.7071067690849304,0.5000000596046448,0.5000000596046448,0.0,0.0,0.28867512941360474,0.28867512941360474,0.0,0.0,0.40824830532073975,0.40824830532073975,0.0,0.0,0.0,0.0,0.0,0.0,0.0,0.0,0.0,0.5000000596046448,0.0,0.0,0.7071067690849304,0.7071067690849304,0.0,0.0,0.0,0.0,0.0,0.0,0.0,0.0,0.0,0.0,0.3535533845424652,0.0,0.0,0.0,0.0,0.0,0.0,0.0,0.0,0.0,0.0,0.0,0.0,0.0,0.0,0.0,0.0,0.3162277638912201,0.0,0.0,0.0,0.0,0.0,0.0,0.0,0.0,0.0,0.0,0.0,0.0,0.0,0.0,0.0,0.0,0.0,0.0,0.0,0.0,0.0,0.3535533845424652,0.3535533845424652,0.40824830532073975,0.3535533845424652,0.3535533845424652,0.3535533845424652,0.3535533845424652,0.3535533845424652,0.3535533845424652,0.40824830532073975,0.5000000596046448,0.3535533845424652,0.3535533845424652,0.3535533845424652,0.3535533845424652,0.3535533845424652,0.3535533845424652,0.3535533845424652,0.2357022762298584,0.3535533845424652,0.5000000596046448,0.5000000596046448,0.3535533845424652,0.3535533845424652,0.3535533845424652,0.40824830532073975,0.40824830532073975,0.3535533845424652,0.3535533845424652,0.40824830532073975,0.40824830532073975,0.40824830532073975,0.40824830532073975,0.0,0.0,0.0,0.0,0.0,0.0,0.0,0.0,0.0,0.0,0.0,0.0,0.0,0.0,0.0,0.0,0.0,0.0,0.0,0.0,0.0,0.0,0.0,0.0,0.0,0.0,0.0,0.0,0.0,0.0,0.0,0.5000000596046448,0.0,0.0,0.40824830532073975,0.0,0.0,0.0,0.0,0.0,0.0,0.0,0.0,0.0,0.0,0.0,0.0,0.0,0.0,0.0,0.0,0.0,0.0,0.7071067690849304,0.7071067690849304,0.7071067690849304,0.8164966106414795,1.0000001192092896,1.0000001192092896,1.0000001192092896,0.8164966106414795,0.8164966106414795,0.5000000596046448,0.7071067690849304,0.8164966106414795,1.0000001192092896,1.0000001192092896,1.0000001192092896,1.0000001192092896,1.0000001192092896,0.7071067690849304,0.8164966106414795,1.0000001192092896,1.0000001192092896,1.0000001192092896,1.0000001192092896,1.0000001192092896,1.0000001192092896,1.0000001192092896,1.0000001192092896,0.8164966106414795,0.5000000596046448,0.7071067690849304,1.0000001192092896,1.0000001192092896,1.0000001192092896,1.0000001192092896,0.8164966106414795,0.40824830532073975,0.40824830532073975,0.40824830532073975,0.5000000596046448,0.7071067690849304,0.7071067690849304,0.7071067690849304,0.7071067690849304,0.7071067690849304,0.7071067690849304,0.7071067690849304,0.5000000596046448,0.5000000596046448,0.40824830532073975,0.7071067690849304,0.7071067690849304,0.7071067690849304,0.7071067690849304,0.7071067690849304,0.7071067690849304,0.7071067690849304,0.7071067690849304,0.7071067690849304,0.7071067690849304,0.7071067690849304,1.0000001192092896,1.0000001192092896,1.0000001192092896,1.0000001192092896,1.0000001192092896,1.0000001192092896,1.0000001192092896,1.0,1.0000001192092896,0.8164966106414795,0.8164966106414795,0.40824830532073975,0.40824830532073975,0.5000000596046448,0.5000000596046448,0.7071067690849304,0.7071067690849304,0.7071067690849304,0.7071067690849304
VD11,0.0,0.0,0.0,0.0,0.0,0.0,0.0,0.0,0.0,0.0,0.0,0.0,0.0,0.0,0.0,0.0,0.0,0.0,0.0,0.0,0.0,0.0,0.0,0.0,0.0,0.0,0.0,0.0,0.0,0.0,0.0,0.0,0.0,0.0,0.0,0.0,0.0,0.0,0.0,0.0,0.0,0.0,0.0,0.0,0.0,0.0,0.0,0.0,0.0,0.0,0.0,0.0,0.0,0.0,0.0,0.0,0.0,0.0,0.0,0.0,0.0,0.0,0.40824830532073975,0.7071067690849304,0.5000000596046448,0.5000000596046448,0.0,0.0,0.28867512941360474,0.28867512941360474,0.0,0.0,0.40824830532073975,0.40824830532073975,0.0,0.0,0.0,0.0,0.0,0.0,0.0,0.0,0.0,0.5000000596046448,0.0,0.0,0.7071067690849304,0.7071067690849304,0.0,0.0,0.0,0.0,0.0,0.0,0.0,0.0,0.0,0.0,0.3535533845424652,0.0,0.0,0.0,0.0,0.0,0.0,0.0,0.0,0.0,0.0,0.0,0.0,0.0,0.0,0.0,0.0,0.3162277638912201,0.0,0.0,0.0,0.0,0.0,0.0,0.0,0.0,0.0,0.0,0.0,0.0,0.0,0.0,0.0,0.0,0.0,0.0,0.0,0.0,0.0,0.3535533845424652,0.3535533845424652,0.40824830532073975,0.3535533845424652,0.3535533845424652,0.3535533845424652,0.3535533845424652,0.3535533845424652,0.3535533845424652,0.40824830532073975,0.5000000596046448,0.3535533845424652,0.3535533845424652,0.3535533845424652,0.3535533845424652,0.3535533845424652,0.3535533845424652,0.3535533845424652,0.2357022762298584,0.3535533845424652,0.5000000596046448,0.5000000596046448,0.3535533845424652,0.3535533845424652,0.3535533845424652,0.40824830532073975,0.40824830532073975,0.3535533845424652,0.3535533845424652,0.40824830532073975,0.40824830532073975,0.40824830532073975,0.40824830532073975,0.0,0.0,0.0,0.0,0.0,0.0,0.0,0.0,0.0,0.0,0.0,0.0,0.0,0.0,0.0,0.0,0.0,0.0,0.0,0.0,0.0,0.0,0.0,0.0,0.0,0.0,0.0,0.0,0.0,0.0,0.0,0.5000000596046448,0.0,0.0,0.40824830532073975,0.0,0.0,0.0,0.0,0.0,0.0,0.0,0.0,0.0,0.0,0.0,0.0,0.0,0.0,0.0,0.0,0.0,0.0,0.7071067690849304,0.7071067690849304,0.7071067690849304,0.8164966106414795,1.0000001192092896,1.0000001192092896,1.0000001192092896,0.8164966106414795,0.8164966106414795,0.5000000596046448,0.7071067690849304,0.8164966106414795,1.0000001192092896,1.0000001192092896,1.0000001192092896,1.0000001192092896,1.0000001192092896,0.7071067690849304,0.8164966106414795,1.0000001192092896,1.0000001192092896,1.0000001192092896,1.0000001192092896,1.0000001192092896,1.0000001192092896,1.0000001192092896,1.0000001192092896,0.8164966106414795,0.5000000596046448,0.7071067690849304,1.0000001192092896,1.0000001192092896,1.0000001192092896,1.0000001192092896,0.8164966106414795,0.40824830532073975,0.40824830532073975,0.40824830532073975,0.5000000596046448,0.7071067690849304,0.7071067690849304,0.7071067690849304,0.7071067690849304,0.7071067690849304,0.7071067690849304,0.7071067690849304,0.5000000596046448,0.5000000596046448,0.40824830532073975,0.7071067690849304,0.7071067690849304,0.7071067690849304,0.7071067690849304,0.7071067690849304,0.7071067690849304,0.7071067690849304,0.7071067690849304,0.7071067690849304,0.7071067690849304,0.7071067690849304,1.0000001192092896,1.0000001192092896,1.0000001192092896,1.0000001192092896,1.0000001192092896,1.0000001192092896,1.0000001192092896,1.0000001192092896,1.0,0.8164966106414795,0.8164966106414795,0.40824830532073975,0.40824830532073975,0.5000000596046448,0.5000000596046448,0.7071067690849304,0.7071067690849304,0.7071067690849304,0.7071067690849304
VD12,0.0,0.0,0.0,0.0,0.0,0.0,0.0,0.0,0.0,0.0,0.0,0.0,0.0,0.0,0.0,0.0,0.0,0.0,0.0,0.0,0.0,0.0,0.0,0.0,0.0,0.0,0.0,0.0,0.0,0.0,0.0,0.0,0.0,0.0,0.0,0.0,0.0,0.0,0.0,0.0,0.0,0.0,0.0,0.0,0.0,0.0,0.0,0.0,0.0,0.0,0.0,0.0,0.0,0.0,0.0,0.0,0.0,0.0,0.0,0.0,0.0,0.0,0.3333333432674408,0.5773502588272095,0.40824830532073975,0.40824830532073975,0.0,0.0,0.235702246427536,0.235702246427536,0.0,0.0,0.3333333432674408,0.3333333432674408,0.0,0.0,0.0,0.0,0.0,0.0,0.0,0.0,0.0,0.8164966106414795,0.0,0.0,0.5773502588272095,0.5773502588272095,0.5773502588272095,0.5773502588272095,0.5773502588272095,0.5773502588272095,0.40824830532073975,0.40824830532073975,0.0,0.0,0.0,0.0,0.5773502588272095,0.0,0.0,0.0,0.0,0.0,0.0,0.0,0.0,0.0,0.0,0.0,0.0,0.0,0.0,0.0,0.0,0.25819888710975647,0.0,0.0,0.0,0.0,0.0,0.0,0.0,0.0,0.0,0.0,0.0,0.0,0.0,0.0,0.0,0.0,0.0,0.0,0.0,0.0,0.0,0.5773502588272095,0.5773502588272095,0.6666666865348816,0.5773502588272095,0.5773502588272095,0.5773502588272095,0.5773502588272095,0.5773502588272095,0.5773502588272095,0.3333333432674408,0.8164966106414795,0.5773502588272095,0.5773502588272095,0.5773502588272095,0.5773502588272095,0.5773502588272095,0.5773502588272095,0.5773502588272095,0.38490018248558044,0.5773502588272095,0.8164966106414795,0.8164966106414795,0.28867512941360474,0.5773502588272095,0.5773502588272095,0.3333333432674408,0.3333333432674408,0.28867512941360474,0.28867512941360474,0.3333333432674408,0.3333333432674408,0.3333333432674408,0.3333333432674408,0.5773502588272095,0.5773502588272095,0.0,0.0,0.0,0.0,0.0,0.0,0.0,0.0,0.0,0.0,0.0,0.0,0.0,0.0,0.0,0.0,0.0,0.0,0.0,0.0,0.0,0.0,0.0,0.0,0.0,0.0,0.0,0.0,0.0,0.40824830532073975,0.0,0.0,0.3333333432674408,0.0,0.0,0.0,0.0,0.0,0.0,0.0,0.0,0.0,0.0,0.0,0.0,0.0,0.0,0.0,0.0,0.0,0.0,0.5773502588272095,0.5773502588272095,0.5773502588272095,0.6666666865348816,0.8164966106414795,0.8164966106414795,0.8164966106414795,1.0,1.0,0.8164966106414795,0.5773502588272095,0.6666666865348816,0.8164966106414795,0.8164966106414795,0.8164966106414795,0.8164966106414795,0.8164966106414795,0.5773502588272095,0.6666666865348816,0.8164966106414795,0.8164966106414795,0.8164966106414795,0.8164966106414795,0.8164966106414795,0.8164966106414795,0.8164966106414795,0.8164966106414795,1.0,0.8164966106414795,0.5773502588272095,0.8164966106414795,0.8164966106414795,0.8164966106414795,0.8164966106414795,1.0,0.3333333432674408,0.3333333432674408,0.3333333432674408,0.40824830532073975,0.5773502588272095,0.5773502588272095,0.5773502588272095,0.5773502588272095,0.5773502588272095,0.5773502588272095,0.5773502588272095,0.8164966106414795,0.40824830532073975,0.3333333432674408,0.5773502588272095,0.5773502588272095,0.5773502588272095,0.5773502588272095,0.5773502588272095,0.5773502588272095,0.5773502588272095,0.5773502588272095,0.5773502588272095,0.5773502588272095,0.5773502588272095,0.8164966106414795,0.8164966106414795,0.8164966106414795,0.8164966106414795,0.8164966106414795,0.8164966106414795,0.8164966106414795,0.8164966106414795,0.8164966106414795,1.0,1.0,0.3333333432674408,0.3333333432674408,0.40824830532073975,0.40824830532073975,0.5773502588272095,0.5773502588272095,0.5773502588272095,0.5773502588272095
VD13,0.0,0.0,0.0,0.0,0.0,0.0,0.0,0.0,0.0,0.0,0.0,0.0,0.0,0.0,0.0,0.0,0.0,0.0,0.0,0.0,0.0,0.0,0.0,0.0,0.0,0.0,0.0,0.0,0.0,0.0,0.0,0.0,0.0,0.0,0.0,0.0,0.0,0.0,0.0,0.0,0.0,0.0,0.0,0.0,0.0,0.0,0.0,0.0,0.0,0.0,0.0,0.0,0.0,0.0,0.0,0.0,0.0,0.0,0.0,0.0,0.0,0.0,0.3333333432674408,0.5773502588272095,0.40824830532073975,0.40824830532073975,0.0,0.0,0.235702246427536,0.235702246427536,0.0,0.0,0.3333333432674408,0.3333333432674408,0.0,0.0,0.0,0.0,0.0,0.0,0.0,0.0,0.0,0.8164966106414795,0.0,0.0,0.5773502588272095,0.5773502588272095,0.5773502588272095,0.5773502588272095,0.5773502588272095,0.5773502588272095,0.40824830532073975,0.40824830532073975,0.0,0.0,0.0,0.0,0.5773502588272095,0.0,0.0,0.0,0.0,0.0,0.0,0.0,0.0,0.0,0.0,0.0,0.0,0.0,0.0,0.0,0.0,0.25819888710975647,0.0,0.0,0.0,0.0,0.0,0.0,0.0,0.0,0.0,0.0,0.0,0.0,0.0,0.0,0.0,0.0,0.0,0.0,0.0,0.0,0.0,0.5773502588272095,0.5773502588272095,0.6666666865348816,0.5773502588272095,0.5773502588272095,0.5773502588272095,0.5773502588272095,0.5773502588272095,0.5773502588272095,0.3333333432674408,0.8164966106414795,0.5773502588272095,0.5773502588272095,0.5773502588272095,0.5773502588272095,0.5773502588272095,0.5773502588272095,0.5773502588272095,0.38490018248558044,0.5773502588272095,0.8164966106414795,0.8164966106414795,0.28867512941360474,0.5773502588272095,0.5773502588272095,0.3333333432674408,0.3333333432674408,0.28867512941360474,0.28867512941360474,0.3333333432674408,0.3333333432674408,0.3333333432674408,0.3333333432674408,0.5773502588272095,0.5773502588272095,0.0,0.0,0.0,0.0,0.0,0.0,0.0,0.0,0.0,0.0,0.0,0.0,0.0,0.0,0.0,0.0,0.0,0.0,0.0,0.0,0.0,0.0,0.0,0.0,0.0,0.0,0.0,0.0,0.0,0.40824830532073975,0.0,0.0,0.3333333432674408,0.0,0.0,0.0,0.0,0.0,0.0,0.0,0.0,0.0,0.0,0.0,0.0,0.0,0.0,0.0,0.0,0.0,0.0,0.5773502588272095,0.5773502588272095,0.5773502588272095,0.6666666865348816,0.8164966106414795,0.8164966106414795,0.8164966106414795,1.0,1.0,0.8164966106414795,0.5773502588272095,0.6666666865348816,0.8164966106414795,0.8164966106414795,0.8164966106414795,0.8164966106414795,0.8164966106414795,0.5773502588272095,0.6666666865348816,0.8164966106414795,0.8164966106414795,0.8164966106414795,0.8164966106414795,0.8164966106414795,0.8164966106414795,0.8164966106414795,0.8164966106414795,1.0,0.8164966106414795,0.5773502588272095,0.8164966106414795,0.8164966106414795,0.8164966106414795,0.8164966106414795,1.0,0.3333333432674408,0.3333333432674408,0.3333333432674408,0.40824830532073975,0.5773502588272095,0.5773502588272095,0.5773502588272095,0.5773502588272095,0.5773502588272095,0.5773502588272095,0.5773502588272095,0.8164966106414795,0.40824830532073975,0.3333333432674408,0.5773502588272095,0.5773502588272095,0.5773502588272095,0.5773502588272095,0.5773502588272095,0.5773502588272095,0.5773502588272095,0.5773502588272095,0.5773502588272095,0.5773502588272095,0.5773502588272095,0.8164966106414795,0.8164966106414795,0.8164966106414795,0.8164966106414795,0.8164966106414795,0.8164966106414795,0.8164966106414795,0.8164966106414795,0.8164966106414795,1.0,1.0,0.3333333432674408,0.3333333432674408,0.40824830532073975,0.40824830532073975,0.5773502588272095,0.5773502588272095,0.5773502588272095,0.5773502588272095
HSNL,0.0,0.0,0.0,0.0,0.0,0.0,0.0,0.0,0.0,0.0,0.0,0.0,0.0,0.0,0.0,0.0,0.0,0.0,0.0,0.0,0.5773502588272095,0.5773502588272095,0.40824830532073975,0.40824830532073975,0.5773502588272095,0.5773502588272095,0.5773502588272095,0.5773502588272095,0.5773502588272095,0.5773502588272095,0.5773502588272095,0.5773502588272095,0.5773502588272095,0.5773502588272095,0.5773502588272095,0.5773502588272095,0.5773502588272095,0.5773502588272095,0.5773502588272095,0.5773502588272095,0.5773502588272095,0.5773502588272095,0.5773502588272095,0.5773502588272095,0.40824830532073975,0.40824830532073975,0.40824830532073975,0.40824830532073975,0.40824830532073975,0.40824830532073975,0.40824830532073975,0.40824830532073975,0.40824830532073975,0.40824830532073975,0.40824830532073975,0.40824830532073975,0.40824830532073975,0.40824830532073975,0.40824830532073975,0.40824830532073975,0.5773502588272095,0.5773502588272095,1.0,0.5773502588272095,0.40824830532073975,0.40824830532073975,0.40824830532073975,0.40824830532073975,0.7071067094802856,0.7071067094802856,0.5773502588272095,0.5773502588272095,0.3333333432674408,0.3333333432674408,0.40824830532073975,0.40824830532073975,0.40824830532073975,0.40824830532073975,0.40824830532073975,0.40824830532073975,0.40824830532073975,0.40824830532073975,0.6666666865348816,0.40824830532073975,0.40824830532073975,0.40824830532073975,0.5773502588272095,0.5773502588272095,0.0,0.0,0.0,0.0,0.0,0.0,0.40824830532073975,0.40824830532073975,0.40824830532073975,0.40824830532073975,0.866025447845459,0.5773502588272095,0.5773502588272095,0.8164966106414795,0.8164966106414795,0.6666666865348816,0.6666666865348816,0.8164966106414795,0.8164966106414795,0.6666666865348816,0.6666666865348816,0.40824830532073975,0.40824830532073975,0.5773502588272095,0.5773502588272095,0.8164966106414795,0.8164966106414795,0.25819888710975647,0.5773502588272095,0.5773502588272095,0.0,0.0,0.3333333432674408,0.3333333432674408,0.8164966106414795,0.8164966106414795,0.6666666865348816,0.6666666865348816,0.6666666865348816,0.6666666865348816,0.8164966106414795,0.8164966106414795,0.8164966106414795,0.8164966106414795,0.5773502588272095,0.5773502588272095,0.8164966106414795,0.6666666865348816,0.6666666865348816,0.866025447845459,0.866025447845459,0.6666666865348816,0.866025447845459,0.866025447845459,0.866025447845459,0.866025447845459,0.866025447845459,0.866025447845459,1.0,0.40824830532073975,0.866025447845459,0.866025447845459,0.866025447845459,0.866025447845459,0.866025447845459,0.866025447845459,0.866025447845459,0.5773503184318542,0.866025447845459,0.40824830532073975,0.40824830532073975,0.5773502588272095,0.866025447845459,0.866025447845459,1.0,1.0,0.866025447845459,0.866025447845459,1.0,1.0,1.0,1.0,0.0,0.0,0.40824830532073975,0.40824830532073975,0.5163977742195129,0.5163977742195129,0.28867512941360474,0.3333333432674408,0.3333333432674408,0.6666666865348816,0.6666666865348816,0.40824830532073975,0.40824830532073975,0.40824830532073975,0.40824830532073975,0.40824830532073975,0.40824830532073975,0.40824830532073975,0.40824830532073975,0.5773502588272095,0.5773502588272095,0.5773502588272095,0.5773502588272095,0.3333333432674408,0.3333333432674408,0.8164966106414795,0.8164966106414795,0.5773502588272095,0.5773502588272095,0.5773502588272095,0.5773502588272095,0.40824830532073975,0.5773502588272095,0.5773502588272095,1.0,0.5773502588272095,0.5773502588272095,0.5773502588272095,0.5773502588272095,0.5773502588272095,0.5773502588272095,0.40824830532073975,0.40824830532073975,0.5773502588272095,0.5773502588272095,0.40824830532073975,0.40824830532073975,0.5773502588272095,0.5773502588272095,0.40824830532073975,0.40824830532073975,0.40824830532073975,0.40824830532073975,0.5773502588272095,0.5773502588272095,0.5773502588272095,0.6666666865348816,0.40824830532073975,0.40824830532073975,0.40824830532073975,0.3333333432674408,0.3333333432674408,0.0,0.5773502588272095,0.3333333432674408,0.40824830532073975,0.40824830532073975,0.40824830532073975,0.40824830532073975,0.40824830532073975,0.5773502588272095,0.6666666865348816,0.40824830532073975,0.40824830532073975,0.40824830532073975,0.40824830532073975,0.40824830532073975,0.40824830532073975,0.40824830532073975,0.40824830532073975,0.3333333432674408,0.0,0.5773502588272095,0.40824830532073975,0.40824830532073975,0.40824830532073975,0.40824830532073975,0.3333333432674408,0.6666666865348816,0.6666666865348816,0.6666666865348816,0.8164966106414795,0.5773502588272095,0.5773502588272095,0.5773502588272095,0.5773502588272095,0.5773502588272095,0.5773502588272095,0.5773502588272095,0.40824830532073975,0.8164966106414795,0.6666666865348816,0.5773502588272095,0.5773502588272095,0.5773502588272095,0.5773502588272095,0.5773502588272095,0.5773502588272095,0.5773502588272095,0.5773502588272095,0.5773502588272095,0.5773502588272095,0.5773502588272095,0.40824830532073975,0.40824830532073975,0.40824830532073975,0.40824830532073975,0.40824830532073975,0.40824830532073975,0.40824830532073975,0.40824830532073975,0.40824830532073975,0.3333333432674408,0.3333333432674408,1.0,1.0,0.8164966106414795,0.8164966106414795,0.5773502588272095,0.5773502588272095,0.5773502588272095,0.5773502588272095
HSNR,0.0,0.0,0.0,0.0,0.0,0.0,0.0,0.0,0.0,0.0,0.0,0.0,0.0,0.0,0.0,0.0,0.0,0.0,0.0,0.0,0.5773502588272095,0.5773502588272095,0.40824830532073975,0.40824830532073975,0.5773502588272095,0.5773502588272095,0.5773502588272095,0.5773502588272095,0.5773502588272095,0.5773502588272095,0.5773502588272095,0.5773502588272095,0.5773502588272095,0.5773502588272095,0.5773502588272095,0.5773502588272095,0.5773502588272095,0.5773502588272095,0.5773502588272095,0.5773502588272095,0.5773502588272095,0.5773502588272095,0.5773502588272095,0.5773502588272095,0.40824830532073975,0.40824830532073975,0.40824830532073975,0.40824830532073975,0.40824830532073975,0.40824830532073975,0.40824830532073975,0.40824830532073975,0.40824830532073975,0.40824830532073975,0.40824830532073975,0.40824830532073975,0.40824830532073975,0.40824830532073975,0.40824830532073975,0.40824830532073975,0.5773502588272095,0.5773502588272095,1.0,0.5773502588272095,0.40824830532073975,0.40824830532073975,0.40824830532073975,0.40824830532073975,0.7071067094802856,0.7071067094802856,0.5773502588272095,0.5773502588272095,0.3333333432674408,0.3333333432674408,0.40824830532073975,0.40824830532073975,0.40824830532073975,0.40824830532073975,0.40824830532073975,0.40824830532073975,0.40824830532073975,0.40824830532073975,0.6666666865348816,0.40824830532073975,0.40824830532073975,0.40824830532073975,0.5773502588272095,0.5773502588272095,0.0,0.0,0.0,0.0,0.0,0.0,0.40824830532073975,0.40824830532073975,0.40824830532073975,0.40824830532073975,0.866025447845459,0.5773502588272095,0.5773502588272095,0.8164966106414795,0.8164966106414795,0.6666666865348816,0.6666666865348816,0.8164966106414795,0.8164966106414795,0.6666666865348816,0.6666666865348816,0.40824830532073975,0.40824830532073975,0.5773502588272095,0.5773502588272095,0.8164966106414795,0.8164966106414795,0.25819888710975647,0.5773502588272095,0.5773502588272095,0.0,0.0,0.3333333432674408,0.3333333432674408,0.8164966106414795,0.8164966106414795,0.6666666865348816,0.6666666865348816,0.6666666865348816,0.6666666865348816,0.8164966106414795,0.8164966106414795,0.8164966106414795,0.8164966106414795,0.5773502588272095,0.5773502588272095,0.8164966106414795,0.6666666865348816,0.6666666865348816,0.866025447845459,0.866025447845459,0.6666666865348816,0.866025447845459,0.866025447845459,0.866025447845459,0.866025447845459,0.866025447845459,0.866025447845459,1.0,0.40824830532073975,0.866025447845459,0.866025447845459,0.866025447845459,0.866025447845459,0.866025447845459,0.866025447845459,0.866025447845459,0.5773503184318542,0.866025447845459,0.40824830532073975,0.40824830532073975,0.5773502588272095,0.866025447845459,0.866025447845459,1.0,1.0,0.866025447845459,0.866025447845459,1.0,1.0,1.0,1.0,0.0,0.0,0.40824830532073975,0.40824830532073975,0.5163977742195129,0.5163977742195129,0.28867512941360474,0.3333333432674408,0.3333333432674408,0.6666666865348816,0.6666666865348816,0.40824830532073975,0.40824830532073975,0.40824830532073975,0.40824830532073975,0.40824830532073975,0.40824830532073975,0.40824830532073975,0.40824830532073975,0.5773502588272095,0.5773502588272095,0.5773502588272095,0.5773502588272095,0.3333333432674408,0.3333333432674408,0.8164966106414795,0.8164966106414795,0.5773502588272095,0.5773502588272095,0.5773502588272095,0.5773502588272095,0.40824830532073975,0.5773502588272095,0.5773502588272095,1.0,0.5773502588272095,0.5773502588272095,0.5773502588272095,0.5773502588272095,0.5773502588272095,0.5773502588272095,0.40824830532073975,0.40824830532073975,0.5773502588272095,0.5773502588272095,0.40824830532073975,0.40824830532073975,0.5773502588272095,0.5773502588272095,0.40824830532073975,0.40824830532073975,0.40824830532073975,0.40824830532073975,0.5773502588272095,0.5773502588272095,0.5773502588272095,0.6666666865348816,0.40824830532073975,0.40824830532073975,0.40824830532073975,0.3333333432674408,0.3333333432674408,0.0,0.5773502588272095,0.3333333432674408,0.40824830532073975,0.40824830532073975,0.40824830532073975,0.40824830532073975,0.40824830532073975,0.5773502588272095,0.6666666865348816,0.40824830532073975,0.40824830532073975,0.40824830532073975,0.40824830532073975,0.40824830532073975,0.40824830532073975,0.40824830532073975,0.40824830532073975,0.3333333432674408,0.0,0.5773502588272095,0.40824830532073975,0.40824830532073975,0.40824830532073975,0.40824830532073975,0.3333333432674408,0.6666666865348816,0.6666666865348816,0.6666666865348816,0.8164966106414795,0.5773502588272095,0.5773502588272095,0.5773502588272095,0.5773502588272095,0.5773502588272095,0.5773502588272095,0.5773502588272095,0.40824830532073975,0.8164966106414795,0.6666666865348816,0.5773502588272095,0.5773502588272095,0.5773502588272095,0.5773502588272095,0.5773502588272095,0.5773502588272095,0.5773502588272095,0.5773502588272095,0.5773502588272095,0.5773502588272095,0.5773502588272095,0.40824830532073975,0.40824830532073975,0.40824830532073975,0.40824830532073975,0.40824830532073975,0.40824830532073975,0.40824830532073975,0.40824830532073975,0.40824830532073975,0.3333333432674408,0.3333333432674408,1.0,1.0,0.8164966106414795,0.8164966106414795,0.5773502588272095,0.5773502588272095,0.5773502588272095,0.5773502588272095
VC01,0.0,0.0,0.0,0.0,0.0,0.0,0.0,0.0,0.0,0.0,0.0,0.0,0.0,0.0,0.0,0.0,0.0,0.0,0.0,0.0,0.3535533845424652,0.3535533845424652,0.0,0.0,0.3535533845424652,0.3535533845424652,0.3535533845424652,0.3535533845424652,0.3535533845424652,0.3535533845424652,0.3535533845424652,0.3535533845424652,0.3535533845424652,0.3535533845424652,0.3535533845424652,0.3535533845424652,0.3535533845424652,0.3535533845424652,0.3535533845424652,0.3535533845424652,0.3535533845424652,0.3535533845424652,0.3535533845424652,0.3535533845424652,0.0,0.0,0.0,0.0,0.0,0.0,0.0,0.0,0.0,0.0,0.0,0.0,0.0,0.0,0.0,0.0,0.0,0.0,0.8164966106414795,0.7071067690849304,0.5000000596046448,0.5000000596046448,0.0,0.0,0.5773502588272095,0.5773502588272095,0.3535533845424652,0.3535533845424652,0.40824830532073975,0.40824830532073975,0.0,0.0,0.0,0.0,0.0,0.0,0.0,0.0,0.40824830532073975,0.5000000596046448,0.0,0.0,0.7071067690849304,0.7071067690849304,0.0,0.0,0.0,0.0,0.0,0.0,0.0,0.0,0.0,0.0,0.7071067690849304,0.3535533845424652,0.3535533845424652,0.5000000596046448,0.5000000596046448,0.40824830532073975,0.40824830532073975,0.5000000596046448,0.5000000596046448,0.40824830532073975,0.40824830532073975,0.0,0.0,0.0,0.0,0.5000000596046448,0.5000000596046448,0.0,0.3535533845424652,0.3535533845424652,0.0,0.0,0.0,0.0,0.5000000596046448,0.5000000596046448,0.40824830532073975,0.40824830532073975,0.40824830532073975,0.40824830532073975,0.5000000596046448,0.5000000596046448,0.5000000596046448,0.5000000596046448,0.0,0.0,0.5000000596046448,0.40824830532073975,0.40824830532073975,0.7071067690849304,0.7071067690849304,0.8164966106414795,0.7071067690849304,0.7071067690849304,0.7071067690849304,0.7071067690849304,0.7071067690849304,0.7071067690849304,0.8164966106414795,0.5000000596046448,0.7071067690849304,0.7071067690849304,0.7071067690849304,0.7071067690849304,0.7071067690849304,0.7071067690849304,0.7071067690849304,0.4714045524597168,0.7071067690849304,0.5000000596046448,0.5000000596046448,0.3535533845424652,0.7071067690849304,0.7071067690849304,0.8164966106414795,0.8164966106414795,0.7071067690849304,0.7071067690849304,0.8164966106414795,0.8164966106414795,0.8164966106414795,0.8164966106414795,0.0,0.0,0.0,0.0,0.3162277638912201,0.3162277638912201,0.3535533845424652,0.40824830532073975,0.40824830532073975,0.40824830532073975,0.40824830532073975,0.0,0.0,0.0,0.0,0.0,0.0,0.0,0.0,0.3535533845424652,0.3535533845424652,0.3535533845424652,0.3535533845424652,0.0,0.0,0.5000000596046448,0.5000000596046448,0.0,0.0,0.0,0.0,0.0,0.0,0.0,0.8164966106414795,0.0,0.0,0.0,0.0,0.0,0.0,0.0,0.0,0.3535533845424652,0.3535533845424652,0.0,0.0,0.3535533845424652,0.3535533845424652,0.0,0.0,0.0,0.0,0.7071067690849304,0.7071067690849304,0.7071067690849304,0.8164966106414795,0.5000000596046448,0.5000000596046448,0.5000000596046448,0.40824830532073975,0.40824830532073975,0.0,0.7071067690849304,0.40824830532073975,0.5000000596046448,0.5000000596046448,0.5000000596046448,0.5000000596046448,0.5000000596046448,0.7071067690849304,0.8164966106414795,0.5000000596046448,0.5000000596046448,0.5000000596046448,0.5000000596046448,0.5000000596046448,0.5000000596046448,0.5000000596046448,0.5000000596046448,0.40824830532073975,0.0,0.7071067690849304,0.5000000596046448,0.5000000596046448,0.5000000596046448,0.5000000596046448,0.40824830532073975,0.8164966106414795,0.8164966106414795,0.8164966106414795,1.0000001192092896,0.7071067690849304,0.7071067690849304,0.7071067690849304,0.7071067690849304,0.7071067690849304,0.7071067690849304,0.7071067690849304,0.5000000596046448,1.0000001192092896,0.8164966106414795,0.7071067690849304,0.7071067690849304,0.7071067690849304,0.7071067690849304,0.7071067690849304,0.7071067690849304,0.7071067690849304,0.7071067690849304,0.7071067690849304,0.7071067690849304,0.7071067690849304,0.5000000596046448,0.5000000596046448,0.5000000596046448,0.5000000596046448,0.5000000596046448,0.5000000596046448,0.5000000596046448,0.5000000596046448,0.5000000596046448,0.40824830532073975,0.40824830532073975,0.8164966106414795,0.8164966106414795,1.0,1.0000001192092896,0.7071067690849304,0.7071067690849304,0.7071067690849304,0.7071067690849304
VC02,0.0,0.0,0.0,0.0,0.0,0.0,0.0,0.0,0.0,0.0,0.0,0.0,0.0,0.0,0.0,0.0,0.0,0.0,0.0,0.0,0.3535533845424652,0.3535533845424652,0.0,0.0,0.3535533845424652,0.3535533845424652,0.3535533845424652,0.3535533845424652,0.3535533845424652,0.3535533845424652,0.3535533845424652,0.3535533845424652,0.3535533845424652,0.3535533845424652,0.3535533845424652,0.3535533845424652,0.3535533845424652,0.3535533845424652,0.3535533845424652,0.3535533845424652,0.3535533845424652,0.3535533845424652,0.3535533845424652,0.3535533845424652,0.0,0.0,0.0,0.0,0.0,0.0,0.0,0.0,0.0,0.0,0.0,0.0,0.0,0.0,0.0,0.0,0.0,0.0,0.8164966106414795,0.7071067690849304,0.5000000596046448,0.5000000596046448,0.0,0.0,0.5773502588272095,0.5773502588272095,0.3535533845424652,0.3535533845424652,0.40824830532073975,0.40824830532073975,0.0,0.0,0.0,0.0,0.0,0.0,0.0,0.0,0.40824830532073975,0.5000000596046448,0.0,0.0,0.7071067690849304,0.7071067690849304,0.0,0.0,0.0,0.0,0.0,0.0,0.0,0.0,0.0,0.0,0.7071067690849304,0.3535533845424652,0.3535533845424652,0.5000000596046448,0.5000000596046448,0.40824830532073975,0.40824830532073975,0.5000000596046448,0.5000000596046448,0.40824830532073975,0.40824830532073975,0.0,0.0,0.0,0.0,0.5000000596046448,0.5000000596046448,0.0,0.3535533845424652,0.3535533845424652,0.0,0.0,0.0,0.0,0.5000000596046448,0.5000000596046448,0.40824830532073975,0.40824830532073975,0.40824830532073975,0.40824830532073975,0.5000000596046448,0.5000000596046448,0.5000000596046448,0.5000000596046448,0.0,0.0,0.5000000596046448,0.40824830532073975,0.40824830532073975,0.7071067690849304,0.7071067690849304,0.8164966106414795,0.7071067690849304,0.7071067690849304,0.7071067690849304,0.7071067690849304,0.7071067690849304,0.7071067690849304,0.8164966106414795,0.5000000596046448,0.7071067690849304,0.7071067690849304,0.7071067690849304,0.7071067690849304,0.7071067690849304,0.7071067690849304,0.7071067690849304,0.4714045524597168,0.7071067690849304,0.5000000596046448,0.5000000596046448,0.3535533845424652,0.7071067690849304,0.7071067690849304,0.8164966106414795,0.8164966106414795,0.7071067690849304,0.7071067690849304,0.8164966106414795,0.8164966106414795,0.8164966106414795,0.8164966106414795,0.0,0.0,0.0,0.0,0.3162277638912201,0.3162277638912201,0.3535533845424652,0.40824830532073975,0.40824830532073975,0.40824830532073975,0.40824830532073975,0.0,0.0,0.0,0.0,0.0,0.0,0.0,0.0,0.3535533845424652,0.3535533845424652,0.3535533845424652,0.3535533845424652,0.0,0.0,0.5000000596046448,0.5000000596046448,0.0,0.0,0.0,0.0,0.0,0.0,0.0,0.8164966106414795,0.0,0.0,0.0,0.0,0.0,0.0,0.0,0.0,0.3535533845424652,0.3535533845424652,0.0,0.0,0.3535533845424652,0.3535533845424652,0.0,0.0,0.0,0.0,0.7071067690849304,0.7071067690849304,0.7071067690849304,0.8164966106414795,0.5000000596046448,0.5000000596046448,0.5000000596046448,0.40824830532073975,0.40824830532073975,0.0,0.7071067690849304,0.40824830532073975,0.5000000596046448,0.5000000596046448,0.5000000596046448,0.5000000596046448,0.5000000596046448,0.7071067690849304,0.8164966106414795,0.5000000596046448,0.5000000596046448,0.5000000596046448,0.5000000596046448,0.5000000596046448,0.5000000596046448,0.5000000596046448,0.5000000596046448,0.40824830532073975,0.0,0.7071067690849304,0.5000000596046448,0.5000000596046448,0.5000000596046448,0.5000000596046448,0.40824830532073975,0.8164966106414795,0.8164966106414795,0.8164966106414795,1.0000001192092896,0.7071067690849304,0.7071067690849304,0.7071067690849304,0.7071067690849304,0.7071067690849304,0.7071067690849304,0.7071067690849304,0.5000000596046448,1.0000001192092896,0.8164966106414795,0.7071067690849304,0.7071067690849304,0.7071067690849304,0.7071067690849304,0.7071067690849304,0.7071067690849304,0.7071067690849304,0.7071067690849304,0.7071067690849304,0.7071067690849304,0.7071067690849304,0.5000000596046448,0.5000000596046448,0.5000000596046448,0.5000000596046448,0.5000000596046448,0.5000000596046448,0.5000000596046448,0.5000000596046448,0.5000000596046448,0.40824830532073975,0.40824830532073975,0.8164966106414795,0.8164966106414795,1.0000001192092896,1.0,0.7071067690849304,0.7071067690849304,0.7071067690849304,0.7071067690849304
VC03,0.0,0.0,0.0,0.0,0.0,0.0,0.0,0.0,0.0,0.0,0.0,0.0,0.0,0.0,0.0,0.0,0.0,0.0,0.0,0.0,0.0,0.0,0.0,0.0,0.0,0.0,0.0,0.0,0.0,0.0,0.0,0.0,0.0,0.0,0.0,0.0,0.0,0.0,0.0,0.0,0.0,0.0,0.0,0.0,0.0,0.0,0.0,0.0,0.0,0.0,0.0,0.0,0.0,0.0,0.0,0.0,0.0,0.0,0.0,0.0,0.0,0.0,0.5773502588272095,1.0,0.7071067690849304,0.7071067690849304,0.0,0.0,0.40824827551841736,0.40824827551841736,0.0,0.0,0.5773502588272095,0.5773502588272095,0.0,0.0,0.0,0.0,0.0,0.0,0.0,0.0,0.0,0.7071067690849304,0.0,0.0,1.0,1.0,0.0,0.0,0.0,0.0,0.0,0.0,0.0,0.0,0.0,0.0,0.5,0.0,0.0,0.0,0.0,0.0,0.0,0.0,0.0,0.0,0.0,0.0,0.0,0.0,0.0,0.0,0.0,0.0,0.0,0.0,0.0,0.0,0.0,0.0,0.0,0.0,0.0,0.0,0.0,0.0,0.0,0.0,0.0,0.0,0.0,0.0,0.0,0.0,0.0,0.5,0.5,0.5773502588272095,0.5,0.5,0.5,0.5,0.5,0.5,0.5773502588272095,0.7071067690849304,0.5,0.5,0.5,0.5,0.5,0.5,0.5,0.3333333432674408,0.5,0.7071067690849304,0.7071067690849304,0.0,0.5,0.5,0.5773502588272095,0.5773502588272095,0.5,0.5,0.5773502588272095,0.5773502588272095,0.5773502588272095,0.5773502588272095,0.0,0.0,0.0,0.0,0.0,0.0,0.0,0.0,0.0,0.0,0.0,0.0,0.0,0.0,0.0,0.0,0.0,0.0,0.0,0.0,0.0,0.0,0.0,0.0,0.0,0.0,0.0,0.0,0.0,0.0,0.0,0.0,0.0,0.0,0.5773502588272095,0.0,0.0,0.0,0.0,0.0,0.0,0.0,0.0,0.0,0.0,0.0,0.0,0.0,0.0,0.0,0.0,0.0,0.0,0.5,0.5,0.5,0.5773502588272095,0.7071067690849304,0.7071067690849304,0.7071067690849304,0.5773502588272095,0.5773502588272095,0.0,0.5,0.5773502588272095,0.7071067690849304,0.7071067690849304,0.7071067690849304,0.7071067690849304,0.7071067690849304,0.5,0.5773502588272095,0.7071067690849304,0.7071067690849304,0.7071067690849304,0.7071067690849304,0.7071067690849304,0.7071067690849304,0.7071067690849304,0.7071067690849304,0.5773502588272095,0.0,0.5,0.7071067690849304,0.7071067690849304,0.7071067690849304,0.7071067690849304,0.5773502588272095,0.5773502588272095,0.5773502588272095,0.5773502588272095,0.7071067690849304,1.0,1.0,1.0,1.0,1.0,1.0,1.0,0.7071067690849304,0.7071067690849304,0.5773502588272095,1.0,1.0,1.0,1.0,1.0,1.0,1.0,1.0,1.0,0.5,0.5,0.7071067690849304,0.7071067690849304,0.7071067690849304,0.7071067690849304,0.7071067690849304,0.7071067690849304,0.7071067690849304,0.7071067690849304,0.7071067690849304,0.5773502588272095,0.5773502588272095,0.5773502588272095,0.5773502588272095,0.7071067690849304,0.7071067690849304,1.0,1.0,1.0,1.0
VC04,0.0,0.0,0.0,0.0,0.0,0.0,0.0,0.0,0.0,0.0,0.0,0.0,0.0,0.0,0.0,0.0,0.0,0.0,0.0,0.0,0.0,0.0,0.0,0.0,0.0,0.0,0.0,0.0,0.0,0.0,0.0,0.0,0.0,0.0,0.0,0.0,0.0,0.0,0.0,0.0,0.0,0.0,0.0,0.0,0.0,0.0,0.0,0.0,0.0,0.0,0.0,0.0,0.0,0.0,0.0,0.0,0.0,0.0,0.0,0.0,0.0,0.0,0.5773502588272095,1.0,0.7071067690849304,0.7071067690849304,0.0,0.0,0.40824827551841736,0.40824827551841736,0.0,0.0,0.5773502588272095,0.5773502588272095,0.0,0.0,0.0,0.0,0.0,0.0,0.0,0.0,0.0,0.7071067690849304,0.0,0.0,1.0,1.0,0.0,0.0,0.0,0.0,0.0,0.0,0.0,0.0,0.0,0.0,0.5,0.0,0.0,0.0,0.0,0.0,0.0,0.0,0.0,0.0,0.0,0.0,0.0,0.0,0.0,0.0,0.0,0.0,0.0,0.0,0.0,0.0,0.0,0.0,0.0,0.0,0.0,0.0,0.0,0.0,0.0,0.0,0.0,0.0,0.0,0.0,0.0,0.0,0.0,0.5,0.5,0.5773502588272095,0.5,0.5,0.5,0.5,0.5,0.5,0.5773502588272095,0.7071067690849304,0.5,0.5,0.5,0.5,0.5,0.5,0.5,0.3333333432674408,0.5,0.7071067690849304,0.7071067690849304,0.0,0.5,0.5,0.5773502588272095,0.5773502588272095,0.5,0.5,0.5773502588272095,0.5773502588272095,0.5773502588272095,0.5773502588272095,0.0,0.0,0.0,0.0,0.0,0.0,0.0,0.0,0.0,0.0,0.0,0.0,0.0,0.0,0.0,0.0,0.0,0.0,0.0,0.0,0.0,0.0,0.0,0.0,0.0,0.0,0.0,0.0,0.0,0.0,0.0,0.0,0.0,0.0,0.5773502588272095,0.0,0.0,0.0,0.0,0.0,0.0,0.0,0.0,0.0,0.0,0.0,0.0,0.0,0.0,0.0,0.0,0.0,0.0,0.5,0.5,0.5,0.5773502588272095,0.7071067690849304,0.7071067690849304,0.7071067690849304,0.5773502588272095,0.5773502588272095,0.0,0.5,0.5773502588272095,0.7071067690849304,0.7071067690849304,0.7071067690849304,0.7071067690849304,0.7071067690849304,0.5,0.5773502588272095,0.7071067690849304,0.7071067690849304,0.7071067690849304,0.7071067690849304,0.7071067690849304,0.7071067690849304,0.7071067690849304,0.7071067690849304,0.5773502588272095,0.0,0.5,0.7071067690849304,0.7071067690849304,0.7071067690849304,0.7071067690849304,0.5773502588272095,0.5773502588272095,0.5773502588272095,0.5773502588272095,0.7071067690849304,1.0,1.0,1.0,1.0,1.0,1.0,1.0,0.7071067690849304,0.7071067690849304,0.5773502588272095,1.0,1.0,1.0,1.0,1.0,1.0,1.0,1.0,1.0,0.5,0.5,0.7071067690849304,0.7071067690849304,0.7071067690849304,0.7071067690849304,0.7071067690849304,0.7071067690849304,0.7071067690849304,0.7071067690849304,0.7071067690849304,0.5773502588272095,0.5773502588272095,0.5773502588272095,0.5773502588272095,0.7071067690849304,0.7071067690849304,1.0,1.0,1.0,1.0
VC05,0.0,0.0,0.0,0.0,0.0,0.0,0.0,0.0,0.0,0.0,0.0,0.0,0.0,0.0,0.0,0.0,0.0,0.0,0.0,0.0,0.0,0.0,0.0,0.0,0.0,0.0,0.0,0.0,0.0,0.0,0.0,0.0,0.0,0.0,0.0,0.0,0.0,0.0,0.0,0.0,0.0,0.0,0.0,0.0,0.0,0.0,0.0,0.0,0.0,0.0,0.0,0.0,0.0,0.0,0.0,0.0,0.0,0.0,0.0,0.0,0.0,0.0,0.5773502588272095,1.0,0.7071067690849304,0.7071067690849304,0.0,0.0,0.40824827551841736,0.40824827551841736,0.0,0.0,0.5773502588272095,0.5773502588272095,0.0,0.0,0.0,0.0,0.0,0.0,0.0,0.0,0.0,0.7071067690849304,0.0,0.0,1.0,1.0,0.0,0.0,0.0,0.0,0.0,0.0,0.0,0.0,0.0,0.0,0.5,0.0,0.0,0.0,0.0,0.0,0.0,0.0,0.0,0.0,0.0,0.0,0.0,0.0,0.0,0.0,0.0,0.0,0.0,0.0,0.0,0.0,0.0,0.0,0.0,0.0,0.0,0.0,0.0,0.0,0.0,0.0,0.0,0.0,0.0,0.0,0.0,0.0,0.0,0.5,0.5,0.5773502588272095,0.5,0.5,0.5,0.5,0.5,0.5,0.5773502588272095,0.7071067690849304,0.5,0.5,0.5,0.5,0.5,0.5,0.5,0.3333333432674408,0.5,0.7071067690849304,0.7071067690849304,0.0,0.5,0.5,0.5773502588272095,0.5773502588272095,0.5,0.5,0.5773502588272095,0.5773502588272095,0.5773502588272095,0.5773502588272095,0.0,0.0,0.0,0.0,0.0,0.0,0.0,0.0,0.0,0.0,0.0,0.0,0.0,0.0,0.0,0.0,0.0,0.0,0.0,0.0,0.0,0.0,0.0,0.0,0.0,0.0,0.0,0.0,0.0,0.0,0.0,0.0,0.0,0.0,0.5773502588272095,0.0,0.0,0.0,0.0,0.0,0.0,0.0,0.0,0.0,0.0,0.0,0.0,0.0,0.0,0.0,0.0,0.0,0.0,0.5,0.5,0.5,0.5773502588272095,0.7071067690849304,0.7071067690849304,0.7071067690849304,0.5773502588272095,0.5773502588272095,0.0,0.5,0.5773502588272095,0.7071067690849304,0.7071067690849304,0.7071067690849304,0.7071067690849304,0.7071067690849304,0.5,0.5773502588272095,0.7071067690849304,0.7071067690849304,0.7071067690849304,0.7071067690849304,0.7071067690849304,0.7071067690849304,0.7071067690849304,0.7071067690849304,0.5773502588272095,0.0,0.5,0.7071067690849304,0.7071067690849304,0.7071067690849304,0.7071067690849304,0.5773502588272095,0.5773502588272095,0.5773502588272095,0.5773502588272095,0.7071067690849304,1.0,1.0,1.0,1.0,1.0,1.0,1.0,0.7071067690849304,0.7071067690849304,0.5773502588272095,1.0,1.0,1.0,1.0,1.0,1.0,1.0,1.0,1.0,0.5,0.5,0.7071067690849304,0.7071067690849304,0.7071067690849304,0.7071067690849304,0.7071067690849304,0.7071067690849304,0.7071067690849304,0.7071067690849304,0.7071067690849304,0.5773502588272095,0.5773502588272095,0.5773502588272095,0.5773502588272095,0.7071067690849304,0.7071067690849304,1.0,1.0,1.0,1.0
VC06,0.0,0.0,0.0,0.0,0.0,0.0,0.0,0.0,0.0,0.0,0.0,0.0,0.0,0.0,0.0,0.0,0.0,0.0,0.0,0.0,0.0,0.0,0.0,0.0,0.0,0.0,0.0,0.0,0.0,0.0,0.0,0.0,0.0,0.0,0.0,0.0,0.0,0.0,0.0,0.0,0.0,0.0,0.0,0.0,0.0,0.0,0.0,0.0,0.0,0.0,0.0,0.0,0.0,0.0,0.0,0.0,0.0,0.0,0.0,0.0,0.0,0.0,0.5773502588272095,1.0,0.7071067690849304,0.7071067690849304,0.0,0.0,0.40824827551841736,0.40824827551841736,0.0,0.0,0.5773502588272095,0.5773502588272095,0.0,0.0,0.0,0.0,0.0,0.0,0.0,0.0,0.0,0.7071067690849304,0.0,0.0,1.0,1.0,0.0,0.0,0.0,0.0,0.0,0.0,0.0,0.0,0.0,0.0,0.5,0.0,0.0,0.0,0.0,0.0,0.0,0.0,0.0,0.0,0.0,0.0,0.0,0.0,0.0,0.0,0.0,0.0,0.0,0.0,0.0,0.0,0.0,0.0,0.0,0.0,0.0,0.0,0.0,0.0,0.0,0.0,0.0,0.0,0.0,0.0,0.0,0.0,0.0,0.5,0.5,0.5773502588272095,0.5,0.5,0.5,0.5,0.5,0.5,0.5773502588272095,0.7071067690849304,0.5,0.5,0.5,0.5,0.5,0.5,0.5,0.3333333432674408,0.5,0.7071067690849304,0.7071067690849304,0.0,0.5,0.5,0.5773502588272095,0.5773502588272095,0.5,0.5,0.5773502588272095,0.5773502588272095,0.5773502588272095,0.5773502588272095,0.0,0.0,0.0,0.0,0.0,0.0,0.0,0.0,0.0,0.0,0.0,0.0,0.0,0.0,0.0,0.0,0.0,0.0,0.0,0.0,0.0,0.0,0.0,0.0,0.0,0.0,0.0,0.0,0.0,0.0,0.0,0.0,0.0,0.0,0.5773502588272095,0.0,0.0,0.0,0.0,0.0,0.0,0.0,0.0,0.0,0.0,0.0,0.0,0.0,0.0,0.0,0.0,0.0,0.0,0.5,0.5,0.5,0.5773502588272095,0.7071067690849304,0.7071067690849304,0.7071067690849304,0.5773502588272095,0.5773502588272095,0.0,0.5,0.5773502588272095,0.7071067690849304,0.7071067690849304,0.7071067690849304,0.7071067690849304,0.7071067690849304,0.5,0.5773502588272095,0.7071067690849304,0.7071067690849304,0.7071067690849304,0.7071067690849304,0.7071067690849304,0.7071067690849304,0.7071067690849304,0.7071067690849304,0.5773502588272095,0.0,0.5,0.7071067690849304,0.7071067690849304,0.7071067690849304,0.7071067690849304,0.5773502588272095,0.5773502588272095,0.5773502588272095,0.5773502588272095,0.7071067690849304,1.0,1.0,1.0,1.0,1.0,1.0,1.0,0.7071067690849304,0.7071067690849304,0.5773502588272095,1.0,1.0,1.0,1.0,1.0,1.0,1.0,1.0,1.0,0.5,0.5,0.7071067690849304,0.7071067690849304,0.7071067690849304,0.7071067690849304,0.7071067690849304,0.7071067690849304,0.7071067690849304,0.7071067690849304,0.7071067690849304,0.5773502588272095,0.5773502588272095,0.5773502588272095,0.5773502588272095,0.7071067690849304,0.7071067690849304,1.0,1.0,1.0,1.0
