,I1L,I1R,I2L,I2R,I3,I4,I5,I6,M1,M2L,M2R,M3L,M3R,M4,M5,MCL,MCR,MI,NSML,NSMR,ADFL,ADFR,ADLL,ADLR,ASEL,ASER,ASGL,ASGR,ASHL,ASHR,ASIL,ASIR,ASJL,ASJR,ASKL,ASKR,AWAL,AWAR,AWBL,AWBR,AWCL,AWCR,AFDL,AFDR,IL2DL,IL2DR,IL2L,IL2R,IL2VL,IL2VR,OLQDL,OLQDR,OLQVL,OLQVR,OLLL,OLLR,CEPDL,CEPDR,CEPVL,CEPVR,ALML,ALMR,AVM,PVM,PLML,PLMR,ALNL,ALNR,PLNL,PLNR,FLPL,FLPR,PVDL,PVDR,BAGL,BAGR,URXL,URXR,URYDL,URYDR,URYVL,URYVR,AQR,PQR,ADEL,ADER,PDEL,PDER,PHAL,PHAR,PHBL,PHBR,PHCL,PHCR,SDQL,SDQR,URBL,URBR,DVA,AUAL,AUAR,AIAL,AIAR,AIBL,AIBR,AIYL,AIYR,AIZL,AIZR,ADAL,ADAR,AIML,AIMR,AINL,AINR,ALA,BDUL,BDUR,CANL,CANR,RIPL,RIPR,RIAL,RIAR,RIBL,RIBR,RICL,RICR,RIFL,RIFR,RIGL,RIGR,RIH,RIR,RIS,RMGL,RMGR,AVFL,AVFR,AVG,AVHL,AVHR,AVJL,AVJR,AVKL,AVKR,AVL,DVB,DVC,PVNL,PVNR,PVPL,PVPR,PVQL,PVQR,PVR,PVT,PVWL,PVWR,RID,PVCL,PVCR,AVAL,AVAR,AVBL,AVBR,AVDL,AVDR,AVEL,AVER,LUAL,LUAR,SAADL,SAADR,SAAVL,SAAVR,SABD,SABVL,SABVR,RIML,RIMR,IL1DL,IL1DR,IL1L,IL1R,IL1VL,IL1VR,SIADL,SIADR,SIAVL,SIAVR,SIBDL,SIBDR,SIBVL,SIBVR,RMDDL,RMDDR,RMDL,RMDR,RMDVL,RMDVR,RMED,RMEL,RMER,RMEV,RMFL,RMFR,RMHL,RMHR,RIVL,RIVR,SMBDL,SMBDR,SMBVL,SMBVR,SMDDL,SMDDR,SMDVL,SMDVR,URADL,URADR,URAVL,URAVR,DA01,DA02,DA03,DA04,DA05,DA06,DA07,DA08,DA09,PDA,DB01,DB02,DB03,DB04,DB05,DB06,DB07,AS01,AS02,AS03,AS04,AS05,AS06,AS07,AS08,AS09,AS10,AS11,PDB,DD01,DD02,DD03,DD04,DD05,DD06,VA01,VA02,VA03,VA04,VA05,VA06,VA07,VA08,VA09,VA10,VA11,VA12,VB01,VB02,VB03,VB04,VB05,VB06,VB07,VB08,VB09,VB10,VB11,VD01,VD02,VD03,VD04,VD05,VD06,VD07,VD08,VD09,VD10,VD11,VD12,VD13,HSNL,HSNR,VC01,VC02,VC03,VC04,VC05,VC06
I1L,1.0,0.9999999999999998,0.4999999999999999,0.4999999999999999,0.7071067811865475,0.0,0.31622776601683794,0.7071067811865475,0.7071067811865475,0.9999999999999998,0.9999999999999998,0.31622776601683794,0.31622776601683794,0.9999999999999998,0.4999999999999999,0.7071067811865475,0.7071067811865475,0.4999999999999999,0.2886751345948129,0.2886751345948129,0.2886751345948129,0.2886751345948129,0.0,0.0,0.0,0.0,0.0,0.0,0.0,0.0,0.0,0.0,0.7071067811865475,0.7071067811865475,0.0,0.0,0.7071067811865475,0.7071067811865475,0.7071067811865475,0.7071067811865475,0.0,0.0,0.4999999999999999,0.4999999999999999,0.7071067811865475,0.7071067811865475,0.7071067811865475,0.7071067811865475,0.7071067811865475,0.7071067811865475,0.0,0.0,0.0,0.0,0.4999999999999999,0.4999999999999999,0.1543033499620919,0.1543033499620919,0.1543033499620919,0.1543033499620919,0.0,0.0,0.0,0.0,0.4999999999999999,0.4999999999999999,0.9999999999999998,0.9999999999999998,0.9999999999999998,0.7071067811865475,0.0,0.0,0.0,0.0,0.0,0.0,0.9999999999999998,0.9999999999999998,0.0,0.0,0.0,0.0,0.0,0.0,0.0,0.0,0.0,0.0,0.0,0.0,0.0,0.0,0.0,0.0,0.9999999999999998,0.9999999999999998,0.7071067811865475,0.7071067811865475,0.8164965809277259,0.0,0.0,0.7071067811865475,0.7071067811865475,0.0,0.0,0.9999999999999998,0.9999999999999998,0.0,0.0,0.0,0.0,0.0,0.0,0.9999999999999998,0.9999999999999998,0.7071067811865475,0.0,0.0,0.0,0.0,0.7071067811865475,0.7071067811865475,0.0,0.0,0.7071067811865475,0.7071067811865475,0.0,0.0,0.9999999999999998,0.9999999999999998,0.0,0.0,0.2886751345948129,0.2886751345948129,0.7071067811865475,0.0,0.0,0.0,0.0,0.9486832980505138,0.0,0.0,0.7071067811865475,0.7071067811865475,0.7071067811865475,0.7071067811865475,0.4714045207910316,0.7071067811865475,0.0,0.4999999999999999,0.4999999999999999,0.7071067811865475,0.7071067811865475,0.0,0.0,0.0,0.7071067811865475,0.0,0.0,0.7071067811865475,0.7071067811865475,0.7071067811865475,0.7071067811865475,0.7071067811865475,0.7071067811865475,0.7071067811865475,0.7071067811865475,0.7071067811865475,0.7071067811865475,0.7071067811865475,0.0,0.0,0.7071067811865475,0.7071067811865475,0.7071067811865475,0.7071067811865475,0.7071067811865475,0.7071067811865475,0.7071067811865475,0.0,0.0,0.4999999999999999,0.4999999999999999,0.4999999999999999,0.4999999999999999,0.4999999999999999,0.4999999999999999,0.9999999999999998,0.9999999999999998,0.9999999999999998,0.9999999999999998,0.7071067811865475,0.7071067811865475,0.7071067811865475,0.7071067811865475,0.7071067811865475,0.7071067811865475,0.7071067811865475,0.7071067811865475,0.7071067811865475,0.7071067811865475,0.7071067811865475,0.7071067811865475,0.7071067811865475,0.7071067811865475,0.7071067811865475,0.7071067811865475,0.9999999999999998,0.9999999999999998,0.9999999999999998,0.9999999999999998,0.7071067811865475,0.7071067811865475,0.7071067811865475,0.7071067811865475,0.9999999999999998,0.9999999999999998,0.9999999999999998,0.9999999999999998,0.7071067811865475,0.7071067811865475,0.7071067811865475,0.7071067811865475,0.7071067811865475,0.7071067811865475,0.7071067811865475,0.7071067811865475,0.7071067811865475,0.7071067811865475,0.7071067811865475,0.7071067811865475,0.7071067811865475,0.7071067811865475,0.7071067811865475,0.7071067811865475,0.7071067811865475,0.7071067811865475,0.7071067811865475,0.7071067811865475,0.7071067811865475,0.7071067811865475,0.7071067811865475,0.7071067811865475,0.7071067811865475,0.7071067811865475,0.7071067811865475,0.7071067811865475,0.7071067811865475,0.7071067811865475,0.7071067811865475,0.7071067811865475,0.7071067811865475,0.7071067811865475,0.7071067811865475,0.7071067811865475,0.7071067811865475,0.7071067811865475,0.7071067811865475,0.7071067811865475,0.9999999999999998,0.9999999999999998,0.9999999999999998,0.9999999999999998,0.9999999999999998,0.7071067811865475,0.7071067811865475,0.7071067811865475,0.7071067811865475,0.7071067811865475,0.7071067811865475,0.7071067811865475,0.7071067811865475,0.7071067811865475,0.7071067811865475,0.7071067811865475,0.7071067811865475,0.7071067811865475,0.7071067811865475,0.7071067811865475,0.7071067811865475,0.7071067811865475,0.7071067811865475,0.7071067811865475,0.7071067811865475,0.7071067811865475,0.7071067811865475,0.7071067811865475,0.7071067811865475,0.7071067811865475,0.7071067811865475,0.7071067811865475,0.7071067811865475,0.7071067811865475,0.7071067811865475,0.2886751345948129,0.2886751345948129,0.7071067811865475,0.7071067811865475,0.7071067811865475,0.2886751345948129,0.2886751345948129,0.7071067811865475
I1R,0.9999999999999998,1.0,0.4999999999999999,0.4999999999999999,0.7071067811865475,0.0,0.31622776601683794,0.7071067811865475,0.7071067811865475,0.9999999999999998,0.9999999999999998,0.31622776601683794,0.31622776601683794,0.9999999999999998,0.4999999999999999,0.7071067811865475,0.7071067811865475,0.4999999999999999,0.2886751345948129,0.2886751345948129,0.2886751345948129,0.2886751345948129,0.0,0.0,0.0,0.0,0.0,0.0,0.0,0.0,0.0,0.0,0.7071067811865475,0.7071067811865475,0.0,0.0,0.7071067811865475,0.7071067811865475,0.7071067811865475,0.7071067811865475,0.0,0.0,0.4999999999999999,0.4999999999999999,0.7071067811865475,0.7071067811865475,0.7071067811865475,0.7071067811865475,0.7071067811865475,0.7071067811865475,0.0,0.0,0.0,0.0,0.4999999999999999,0.4999999999999999,0.1543033499620919,0.1543033499620919,0.1543033499620919,0.1543033499620919,0.0,0.0,0.0,0.0,0.4999999999999999,0.4999999999999999,0.9999999999999998,0.9999999999999998,0.9999999999999998,0.7071067811865475,0.0,0.0,0.0,0.0,0.0,0.0,0.9999999999999998,0.9999999999999998,0.0,0.0,0.0,0.0,0.0,0.0,0.0,0.0,0.0,0.0,0.0,0.0,0.0,0.0,0.0,0.0,0.9999999999999998,0.9999999999999998,0.7071067811865475,0.7071067811865475,0.8164965809277259,0.0,0.0,0.7071067811865475,0.7071067811865475,0.0,0.0,0.9999999999999998,0.9999999999999998,0.0,0.0,0.0,0.0,0.0,0.0,0.9999999999999998,0.9999999999999998,0.7071067811865475,0.0,0.0,0.0,0.0,0.7071067811865475,0.7071067811865475,0.0,0.0,0.7071067811865475,0.7071067811865475,0.0,0.0,0.9999999999999998,0.9999999999999998,0.0,0.0,0.2886751345948129,0.2886751345948129,0.7071067811865475,0.0,0.0,0.0,0.0,0.9486832980505138,0.0,0.0,0.7071067811865475,0.7071067811865475,0.7071067811865475,0.7071067811865475,0.4714045207910316,0.7071067811865475,0.0,0.4999999999999999,0.4999999999999999,0.7071067811865475,0.7071067811865475,0.0,0.0,0.0,0.7071067811865475,0.0,0.0,0.7071067811865475,0.7071067811865475,0.7071067811865475,0.7071067811865475,0.7071067811865475,0.7071067811865475,0.7071067811865475,0.7071067811865475,0.7071067811865475,0.7071067811865475,0.7071067811865475,0.0,0.0,0.7071067811865475,0.7071067811865475,0.7071067811865475,0.7071067811865475,0.7071067811865475,0.7071067811865475,0.7071067811865475,0.0,0.0,0.4999999999999999,0.4999999999999999,0.4999999999999999,0.4999999999999999,0.4999999999999999,0.4999999999999999,0.9999999999999998,0.9999999999999998,0.9999999999999998,0.9999999999999998,0.7071067811865475,0.7071067811865475,0.7071067811865475,0.7071067811865475,0.7071067811865475,0.7071067811865475,0.7071067811865475,0.7071067811865475,0.7071067811865475,0.7071067811865475,0.7071067811865475,0.7071067811865475,0.7071067811865475,0.7071067811865475,0.7071067811865475,0.7071067811865475,0.9999999999999998,0.9999999999999998,0.9999999999999998,0.9999999999999998,0.7071067811865475,0.7071067811865475,0.7071067811865475,0.7071067811865475,0.9999999999999998,0.9999999999999998,0.9999999999999998,0.9999999999999998,0.7071067811865475,0.7071067811865475,0.7071067811865475,0.7071067811865475,0.7071067811865475,0.7071067811865475,0.7071067811865475,0.7071067811865475,0.7071067811865475,0.7071067811865475,0.7071067811865475,0.7071067811865475,0.7071067811865475,0.7071067811865475,0.7071067811865475,0.7071067811865475,0.7071067811865475,0.7071067811865475,0.7071067811865475,0.7071067811865475,0.7071067811865475,0.7071067811865475,0.7071067811865475,0.7071067811865475,0.7071067811865475,0.7071067811865475,0.7071067811865475,0.7071067811865475,0.7071067811865475,0.7071067811865475,0.7071067811865475,0.7071067811865475,0.7071067811865475,0.7071067811865475,0.7071067811865475,0.7071067811865475,0.7071067811865475,0.7071067811865475,0.7071067811865475,0.7071067811865475,0.9999999999999998,0.9999999999999998,0.9999999999999998,0.9999999999999998,0.9999999999999998,0.7071067811865475,0.7071067811865475,0.7071067811865475,0.7071067811865475,0.7071067811865475,0.7071067811865475,0.7071067811865475,0.7071067811865475,0.7071067811865475,0.7071067811865475,0.7071067811865475,0.7071067811865475,0.7071067811865475,0.7071067811865475,0.7071067811865475,0.7071067811865475,0.7071067811865475,0.7071067811865475,0.7071067811865475,0.7071067811865475,0.7071067811865475,0.7071067811865475,0.7071067811865475,0.7071067811865475,0.7071067811865475,0.7071067811865475,0.7071067811865475,0.7071067811865475,0.7071067811865475,0.7071067811865475,0.2886751345948129,0.2886751345948129,0.7071067811865475,0.7071067811865475,0.7071067811865475,0.2886751345948129,0.2886751345948129,0.7071067811865475
I2L,0.4999999999999999,0.4999999999999999,1.0,0.9999999999999998,0.0,0.7071067811865475,0.9486832980505138,0.7071067811865475,0.0,0.4999999999999999,0.4999999999999999,0.9486832980505138,0.9486832980505138,0.4999999999999999,0.4999999999999999,0.0,0.0,0.9999999999999998,0.2886751345948129,0.2886751345948129,0.0,0.0,0.7071067811865475,0.7071067811865475,0.7071067811865475,0.7071067811865475,0.7071067811865475,0.7071067811865475,0.7071067811865475,0.7071067811865475,0.0,0.0,0.0,0.0,0.7071067811865475,0.7071067811865475,0.0,0.0,0.0,0.0,0.7071067811865475,0.7071067811865475,0.4999999999999999,0.4999999999999999,0.0,0.0,0.0,0.0,0.0,0.0,0.7071067811865475,0.7071067811865475,0.7071067811865475,0.7071067811865475,0.9999999999999998,0.9999999999999998,0.1543033499620919,0.1543033499620919,0.1543033499620919,0.1543033499620919,0.7071067811865475,0.7071067811865475,0.7071067811865475,0.0,0.9999999999999998,0.9999999999999998,0.4999999999999999,0.4999999999999999,0.4999999999999999,0.0,0.7071067811865475,0.7071067811865475,0.7071067811865475,0.7071067811865475,0.7071067811865475,0.7071067811865475,0.4999999999999999,0.4999999999999999,0.7071067811865475,0.7071067811865475,0.7071067811865475,0.7071067811865475,0.7071067811865475,0.7071067811865475,0.0,0.0,0.2886751345948129,0.2886751345948129,0.7071067811865475,0.7071067811865475,0.7071067811865475,0.7071067811865475,0.7071067811865475,0.7071067811865475,0.4999999999999999,0.4999999999999999,0.0,0.0,0.8164965809277259,0.2886751345948129,0.2886751345948129,0.0,0.0,0.7071067811865475,0.7071067811865475,0.4999999999999999,0.4999999999999999,0.7071067811865475,0.7071067811865475,0.7071067811865475,0.7071067811865475,0.7071067811865475,0.7071067811865475,0.4999999999999999,0.4999999999999999,0.7071067811865475,0.0,0.0,0.0,0.0,0.0,0.0,0.7071067811865475,0.7071067811865475,0.7071067811865475,0.7071067811865475,0.2886751345948129,0.2886751345948129,0.4999999999999999,0.4999999999999999,0.7071067811865475,0.7071067811865475,0.0,0.0,0.7071067811865475,0.0,0.0,0.0,0.0,0.6324555320336759,0.0,0.0,0.7071067811865475,0.7071067811865475,0.7071067811865475,0.7071067811865475,0.4714045207910316,0.7071067811865475,0.7071067811865475,0.4999999999999999,0.4999999999999999,0.0,0.0,0.0,0.0,0.7071067811865475,0.7071067811865475,0.0,0.0,0.7071067811865475,0.0,0.0,0.0,0.0,0.0,0.0,0.0,0.0,0.0,0.0,0.7071067811865475,0.7071067811865475,0.0,0.0,0.0,0.0,0.0,0.0,0.0,0.2886751345948129,0.2886751345948129,0.9999999999999998,0.9999999999999998,0.9999999999999998,0.9999999999999998,0.9999999999999998,0.9999999999999998,0.4999999999999999,0.4999999999999999,0.4999999999999999,0.4999999999999999,0.0,0.0,0.0,0.0,0.0,0.0,0.0,0.0,0.0,0.0,0.7071067811865475,0.7071067811865475,0.7071067811865475,0.7071067811865475,0.0,0.0,0.4999999999999999,0.4999999999999999,0.4999999999999999,0.4999999999999999,0.0,0.0,0.0,0.0,0.4999999999999999,0.4999999999999999,0.4999999999999999,0.4999999999999999,0.0,0.0,0.0,0.0,0.0,0.0,0.0,0.0,0.0,0.0,0.0,0.0,0.0,0.0,0.0,0.0,0.0,0.0,0.0,0.0,0.0,0.0,0.0,0.0,0.0,0.0,0.0,0.0,0.0,0.0,0.0,0.0,0.0,0.7071067811865475,0.7071067811865475,0.7071067811865475,0.7071067811865475,0.7071067811865475,0.7071067811865475,0.0,0.4999999999999999,0.4999999999999999,0.4999999999999999,0.4999999999999999,0.4999999999999999,0.0,0.0,0.0,0.0,0.0,0.0,0.0,0.0,0.0,0.0,0.0,0.0,0.0,0.0,0.0,0.0,0.0,0.7071067811865475,0.7071067811865475,0.7071067811865475,0.7071067811865475,0.7071067811865475,0.7071067811865475,0.7071067811865475,0.7071067811865475,0.7071067811865475,0.7071067811865475,0.7071067811865475,0.7071067811865475,0.7071067811865475,0.0,0.0,0.0,0.0,0.0,0.0,0.0,0.0
I2R,0.4999999999999999,0.4999999999999999,0.9999999999999998,1.0,0.0,0.7071067811865475,0.9486832980505138,0.7071067811865475,0.0,0.4999999999999999,0.4999999999999999,0.9486832980505138,0.9486832980505138,0.4999999999999999,0.4999999999999999,0.0,0.0,0.9999999999999998,0.2886751345948129,0.2886751345948129,0.0,0.0,0.7071067811865475,0.7071067811865475,0.7071067811865475,0.7071067811865475,0.7071067811865475,0.7071067811865475,0.7071067811865475,0.7071067811865475,0.0,0.0,0.0,0.0,0.7071067811865475,0.7071067811865475,0.0,0.0,0.0,0.0,0.7071067811865475,0.7071067811865475,0.4999999999999999,0.4999999999999999,0.0,0.0,0.0,0.0,0.0,0.0,0.7071067811865475,0.7071067811865475,0.7071067811865475,0.7071067811865475,0.9999999999999998,0.9999999999999998,0.1543033499620919,0.1543033499620919,0.1543033499620919,0.1543033499620919,0.7071067811865475,0.7071067811865475,0.7071067811865475,0.0,0.9999999999999998,0.9999999999999998,0.4999999999999999,0.4999999999999999,0.4999999999999999,0.0,0.7071067811865475,0.7071067811865475,0.7071067811865475,0.7071067811865475,0.7071067811865475,0.7071067811865475,0.4999999999999999,0.4999999999999999,0.7071067811865475,0.7071067811865475,0.7071067811865475,0.7071067811865475,0.7071067811865475,0.7071067811865475,0.0,0.0,0.2886751345948129,0.2886751345948129,0.7071067811865475,0.7071067811865475,0.7071067811865475,0.7071067811865475,0.7071067811865475,0.7071067811865475,0.4999999999999999,0.4999999999999999,0.0,0.0,0.8164965809277259,0.2886751345948129,0.2886751345948129,0.0,0.0,0.7071067811865475,0.7071067811865475,0.4999999999999999,0.4999999999999999,0.7071067811865475,0.7071067811865475,0.7071067811865475,0.7071067811865475,0.7071067811865475,0.7071067811865475,0.4999999999999999,0.4999999999999999,0.7071067811865475,0.0,0.0,0.0,0.0,0.0,0.0,0.7071067811865475,0.7071067811865475,0.7071067811865475,0.7071067811865475,0.2886751345948129,0.2886751345948129,0.4999999999999999,0.4999999999999999,0.7071067811865475,0.7071067811865475,0.0,0.0,0.7071067811865475,0.0,0.0,0.0,0.0,0.6324555320336759,0.0,0.0,0.7071067811865475,0.7071067811865475,0.7071067811865475,0.7071067811865475,0.4714045207910316,0.7071067811865475,0.7071067811865475,0.4999999999999999,0.4999999999999999,0.0,0.0,0.0,0.0,0.7071067811865475,0.7071067811865475,0.0,0.0,0.7071067811865475,0.0,0.0,0.0,0.0,0.0,0.0,0.0,0.0,0.0,0.0,0.7071067811865475,0.7071067811865475,0.0,0.0,0.0,0.0,0.0,0.0,0.0,0.2886751345948129,0.2886751345948129,0.9999999999999998,0.9999999999999998,0.9999999999999998,0.9999999999999998,0.9999999999999998,0.9999999999999998,0.4999999999999999,0.4999999999999999,0.4999999999999999,0.4999999999999999,0.0,0.0,0.0,0.0,0.0,0.0,0.0,0.0,0.0,0.0,0.7071067811865475,0.7071067811865475,0.7071067811865475,0.7071067811865475,0.0,0.0,0.4999999999999999,0.4999999999999999,0.4999999999999999,0.4999999999999999,0.0,0.0,0.0,0.0,0.4999999999999999,0.4999999999999999,0.4999999999999999,0.4999999999999999,0.0,0.0,0.0,0.0,0.0,0.0,0.0,0.0,0.0,0.0,0.0,0.0,0.0,0.0,0.0,0.0,0.0,0.0,0.0,0.0,0.0,0.0,0.0,0.0,0.0,0.0,0.0,0.0,0.0,0.0,0.0,0.0,0.0,0.7071067811865475,0.7071067811865475,0.7071067811865475,0.7071067811865475,0.7071067811865475,0.7071067811865475,0.0,0.4999999999999999,0.4999999999999999,0.4999999999999999,0.4999999999999999,0.4999999999999999,0.0,0.0,0.0,0.0,0.0,0.0,0.0,0.0,0.0,0.0,0.0,0.0,0.0,0.0,0.0,0.0,0.0,0.7071067811865475,0.7071067811865475,0.7071067811865475,0.7071067811865475,0.7071067811865475,0.7071067811865475,0.7071067811865475,0.7071067811865475,0.7071067811865475,0.7071067811865475,0.7071067811865475,0.7071067811865475,0.7071067811865475,0.0,0.0,0.0,0.0,0.0,0.0,0.0,0.0
I3,0.7071067811865475,0.7071067811865475,0.0,0.0,1.0,0.0,0.0,0.0,1.0,0.7071067811865475,0.7071067811865475,0.0,0.0,0.7071067811865475,0.7071067811865475,1.0,1.0,0.0,0.0,0.0,0.4082482904638631,0.4082482904638631,0.0,0.0,0.0,0.0,0.0,0.0,0.0,0.0,0.0,0.0,1.0,1.0,0.0,0.0,1.0,1.0,1.0,1.0,0.0,0.0,0.7071067811865475,0.7071067811865475,1.0,1.0,1.0,1.0,1.0,1.0,0.0,0.0,0.0,0.0,0.0,0.0,0.0,0.0,0.0,0.0,0.0,0.0,0.0,0.0,0.0,0.0,0.7071067811865475,0.7071067811865475,0.7071067811865475,1.0,0.0,0.0,0.0,0.0,0.0,0.0,0.7071067811865475,0.7071067811865475,0.0,0.0,0.0,0.0,0.0,0.0,0.0,0.0,0.0,0.0,0.0,0.0,0.0,0.0,0.0,0.0,0.7071067811865475,0.7071067811865475,1.0,1.0,0.5773502691896258,0.0,0.0,1.0,1.0,0.0,0.0,0.7071067811865475,0.7071067811865475,0.0,0.0,0.0,0.0,0.0,0.0,0.7071067811865475,0.7071067811865475,0.0,0.0,0.0,0.0,0.0,1.0,1.0,0.0,0.0,0.0,0.0,0.0,0.0,0.7071067811865475,0.7071067811865475,0.0,0.0,0.4082482904638631,0.4082482904638631,0.0,0.0,0.0,0.0,0.0,0.4472135954999579,0.0,0.0,0.0,0.0,0.0,0.0,0.0,0.0,0.0,0.7071067811865475,0.7071067811865475,1.0,1.0,0.0,0.0,0.0,0.0,0.0,0.0,0.0,1.0,1.0,1.0,1.0,1.0,1.0,1.0,1.0,1.0,1.0,0.0,0.0,1.0,1.0,1.0,1.0,1.0,1.0,1.0,0.0,0.0,0.0,0.0,0.0,0.0,0.0,0.0,0.7071067811865475,0.7071067811865475,0.7071067811865475,0.7071067811865475,1.0,1.0,1.0,1.0,1.0,1.0,1.0,1.0,1.0,1.0,0.0,0.0,0.0,0.0,1.0,1.0,0.7071067811865475,0.7071067811865475,0.7071067811865475,0.7071067811865475,1.0,1.0,1.0,1.0,0.7071067811865475,0.7071067811865475,0.7071067811865475,0.7071067811865475,1.0,1.0,1.0,1.0,1.0,1.0,1.0,1.0,1.0,1.0,1.0,1.0,1.0,1.0,1.0,1.0,1.0,1.0,1.0,1.0,1.0,1.0,1.0,1.0,1.0,1.0,1.0,1.0,1.0,1.0,1.0,1.0,1.0,0.0,0.0,0.0,0.0,0.0,0.0,1.0,0.7071067811865475,0.7071067811865475,0.7071067811865475,0.7071067811865475,0.7071067811865475,1.0,1.0,1.0,1.0,1.0,1.0,1.0,1.0,1.0,1.0,1.0,1.0,1.0,1.0,1.0,1.0,1.0,0.0,0.0,0.0,0.0,0.0,0.0,0.0,0.0,0.0,0.0,0.0,0.0,0.0,0.4082482904638631,0.4082482904638631,1.0,1.0,1.0,0.4082482904638631,0.4082482904638631,1.0
I4,0.0,0.0,0.7071067811865475,0.7071067811865475,0.0,1.0,0.8944271909999159,0.0,0.0,0.0,0.0,0.8944271909999159,0.8944271909999159,0.0,0.7071067811865475,0.0,0.0,0.7071067811865475,0.0,0.0,0.0,0.0,1.0,1.0,1.0,1.0,1.0,1.0,1.0,1.0,0.0,0.0,0.0,0.0,1.0,1.0,0.0,0.0,0.0,0.0,1.0,1.0,0.7071067811865475,0.7071067811865475,0.0,0.0,0.0,0.0,0.0,0.0,1.0,1.0,1.0,1.0,0.7071067811865475,0.7071067811865475,0.0,0.0,0.0,0.0,1.0,1.0,1.0,0.0,0.7071067811865475,0.7071067811865475,0.0,0.0,0.0,0.0,1.0,1.0,1.0,1.0,1.0,1.0,0.0,0.0,1.0,1.0,1.0,1.0,1.0,1.0,0.0,0.0,0.4082482904638631,0.4082482904638631,1.0,1.0,1.0,1.0,1.0,1.0,0.0,0.0,0.0,0.0,0.5773502691896258,0.4082482904638631,0.4082482904638631,0.0,0.0,1.0,1.0,0.0,0.0,1.0,1.0,1.0,1.0,1.0,1.0,0.0,0.0,0.0,0.0,0.0,0.0,0.0,0.0,0.0,1.0,1.0,0.0,0.0,0.4082482904638631,0.4082482904638631,0.0,0.0,1.0,1.0,0.0,0.0,0.0,0.0,0.0,0.0,0.0,0.0,0.0,0.0,0.0,0.0,0.0,0.0,0.0,0.0,1.0,0.7071067811865475,0.7071067811865475,0.0,0.0,0.0,0.0,1.0,0.0,0.0,0.0,0.0,0.0,0.0,0.0,0.0,0.0,0.0,0.0,0.0,0.0,0.0,1.0,1.0,0.0,0.0,0.0,0.0,0.0,0.0,0.0,0.4082482904638631,0.4082482904638631,0.7071067811865475,0.7071067811865475,0.7071067811865475,0.7071067811865475,0.7071067811865475,0.7071067811865475,0.0,0.0,0.0,0.0,0.0,0.0,0.0,0.0,0.0,0.0,0.0,0.0,0.0,0.0,0.0,0.0,0.0,0.0,0.0,0.0,0.0,0.0,0.0,0.0,0.0,0.0,0.0,0.0,0.0,0.0,0.0,0.0,0.0,0.0,0.0,0.0,0.0,0.0,0.0,0.0,0.0,0.0,0.0,0.0,0.0,0.0,0.0,0.0,0.0,0.0,0.0,0.0,0.0,0.0,0.0,0.0,0.0,0.0,0.0,0.0,0.0,0.0,0.0,0.0,0.0,0.0,0.0,0.0,0.0,0.0,0.0,0.0,0.0,0.0,0.0,0.0,0.0,0.0,0.0,0.0,0.0,0.0,0.0,0.0,0.0,0.0,0.0,0.0,0.0,0.0,0.0,0.0,0.0,0.0,0.0,0.0,0.0,0.0,0.0,0.0,0.0,0.0,0.0,0.0,0.0,0.0,0.0,0.0,0.0,0.0,0.0,0.0,0.0,0.0,0.0
I5,0.31622776601683794,0.31622776601683794,0.9486832980505138,0.9486832980505138,0.0,0.8944271909999159,1.0,0.4472135954999579,0.0,0.31622776601683794,0.31622776601683794,0.9999999999999998,0.9999999999999998,0.31622776601683794,0.6324555320336759,0.0,0.0,0.9486832980505138,0.18257418583505536,0.18257418583505536,0.0,0.0,0.8944271909999159,0.8944271909999159,0.8944271909999159,0.8944271909999159,0.8944271909999159,0.8944271909999159,0.8944271909999159,0.8944271909999159,0.0,0.0,0.0,0.0,0.8944271909999159,0.8944271909999159,0.0,0.0,0.0,0.0,0.8944271909999159,0.8944271909999159,0.6324555320336759,0.6324555320336759,0.0,0.0,0.0,0.0,0.0,0.0,0.8944271909999159,0.8944271909999159,0.8944271909999159,0.8944271909999159,0.9486832980505138,0.9486832980505138,0.09759000729485333,0.09759000729485333,0.09759000729485333,0.09759000729485333,0.8944271909999159,0.8944271909999159,0.8944271909999159,0.0,0.9486832980505138,0.9486832980505138,0.31622776601683794,0.31622776601683794,0.31622776601683794,0.0,0.8944271909999159,0.8944271909999159,0.8944271909999159,0.8944271909999159,0.8944271909999159,0.8944271909999159,0.31622776601683794,0.31622776601683794,0.8944271909999159,0.8944271909999159,0.8944271909999159,0.8944271909999159,0.8944271909999159,0.8944271909999159,0.0,0.0,0.3651483716701107,0.3651483716701107,0.8944271909999159,0.8944271909999159,0.8944271909999159,0.8944271909999159,0.8944271909999159,0.8944271909999159,0.31622776601683794,0.31622776601683794,0.0,0.0,0.7745966692414834,0.3651483716701107,0.3651483716701107,0.0,0.0,0.8944271909999159,0.8944271909999159,0.31622776601683794,0.31622776601683794,0.8944271909999159,0.8944271909999159,0.8944271909999159,0.8944271909999159,0.8944271909999159,0.8944271909999159,0.31622776601683794,0.31622776601683794,0.4472135954999579,0.0,0.0,0.0,0.0,0.0,0.0,0.8944271909999159,0.8944271909999159,0.4472135954999579,0.4472135954999579,0.3651483716701107,0.3651483716701107,0.31622776601683794,0.31622776601683794,0.8944271909999159,0.8944271909999159,0.0,0.0,0.4472135954999579,0.0,0.0,0.0,0.0,0.3999999999999999,0.0,0.0,0.4472135954999579,0.4472135954999579,0.4472135954999579,0.4472135954999579,0.29814239699997197,0.4472135954999579,0.8944271909999159,0.6324555320336759,0.6324555320336759,0.0,0.0,0.0,0.0,0.8944271909999159,0.4472135954999579,0.0,0.0,0.4472135954999579,0.0,0.0,0.0,0.0,0.0,0.0,0.0,0.0,0.0,0.0,0.8944271909999159,0.8944271909999159,0.0,0.0,0.0,0.0,0.0,0.0,0.0,0.3651483716701107,0.3651483716701107,0.9486832980505138,0.9486832980505138,0.9486832980505138,0.9486832980505138,0.9486832980505138,0.9486832980505138,0.31622776601683794,0.31622776601683794,0.31622776601683794,0.31622776601683794,0.0,0.0,0.0,0.0,0.0,0.0,0.0,0.0,0.0,0.0,0.4472135954999579,0.4472135954999579,0.4472135954999579,0.4472135954999579,0.0,0.0,0.31622776601683794,0.31622776601683794,0.31622776601683794,0.31622776601683794,0.0,0.0,0.0,0.0,0.31622776601683794,0.31622776601683794,0.31622776601683794,0.31622776601683794,0.0,0.0,0.0,0.0,0.0,0.0,0.0,0.0,0.0,0.0,0.0,0.0,0.0,0.0,0.0,0.0,0.0,0.0,0.0,0.0,0.0,0.0,0.0,0.0,0.0,0.0,0.0,0.0,0.0,0.0,0.0,0.0,0.0,0.4472135954999579,0.4472135954999579,0.4472135954999579,0.4472135954999579,0.4472135954999579,0.4472135954999579,0.0,0.31622776601683794,0.31622776601683794,0.31622776601683794,0.31622776601683794,0.31622776601683794,0.0,0.0,0.0,0.0,0.0,0.0,0.0,0.0,0.0,0.0,0.0,0.0,0.0,0.0,0.0,0.0,0.0,0.4472135954999579,0.4472135954999579,0.4472135954999579,0.4472135954999579,0.4472135954999579,0.4472135954999579,0.4472135954999579,0.4472135954999579,0.4472135954999579,0.4472135954999579,0.4472135954999579,0.4472135954999579,0.4472135954999579,0.0,0.0,0.0,0.0,0.0,0.0,0.0,0.0
I6,0.7071067811865475,0.7071067811865475,0.7071067811865475,0.7071067811865475,0.0,0.0,0.4472135954999579,1.0,0.0,0.7071067811865475,0.7071067811865475,0.4472135954999579,0.4472135954999579,0.7071067811865475,0.0,0.0,0.0,0.7071067811865475,0.4082482904638631,0.4082482904638631,0.0,0.0,0.0,0.0,0.0,0.0,0.0,0.0,0.0,0.0,0.0,0.0,0.0,0.0,0.0,0.0,0.0,0.0,0.0,0.0,0.0,0.0,0.0,0.0,0.0,0.0,0.0,0.0,0.0,0.0,0.0,0.0,0.0,0.0,0.7071067811865475,0.7071067811865475,0.2182178902359924,0.2182178902359924,0.2182178902359924,0.2182178902359924,0.0,0.0,0.0,0.0,0.7071067811865475,0.7071067811865475,0.7071067811865475,0.7071067811865475,0.7071067811865475,0.0,0.0,0.0,0.0,0.0,0.0,0.0,0.7071067811865475,0.7071067811865475,0.0,0.0,0.0,0.0,0.0,0.0,0.0,0.0,0.0,0.0,0.0,0.0,0.0,0.0,0.0,0.0,0.7071067811865475,0.7071067811865475,0.0,0.0,0.5773502691896258,0.0,0.0,0.0,0.0,0.0,0.0,0.7071067811865475,0.7071067811865475,0.0,0.0,0.0,0.0,0.0,0.0,0.7071067811865475,0.7071067811865475,1.0,0.0,0.0,0.0,0.0,0.0,0.0,0.0,0.0,1.0,1.0,0.0,0.0,0.7071067811865475,0.7071067811865475,0.0,0.0,0.0,0.0,1.0,0.0,0.0,0.0,0.0,0.8944271909999159,0.0,0.0,1.0,1.0,1.0,1.0,0.6666666666666666,1.0,0.0,0.0,0.0,0.0,0.0,0.0,0.0,0.0,1.0,0.0,0.0,1.0,0.0,0.0,0.0,0.0,0.0,0.0,0.0,0.0,0.0,0.0,0.0,0.0,0.0,0.0,0.0,0.0,0.0,0.0,0.0,0.0,0.0,0.7071067811865475,0.7071067811865475,0.7071067811865475,0.7071067811865475,0.7071067811865475,0.7071067811865475,0.7071067811865475,0.7071067811865475,0.7071067811865475,0.7071067811865475,0.0,0.0,0.0,0.0,0.0,0.0,0.0,0.0,0.0,0.0,1.0,1.0,1.0,1.0,0.0,0.0,0.7071067811865475,0.7071067811865475,0.7071067811865475,0.7071067811865475,0.0,0.0,0.0,0.0,0.7071067811865475,0.7071067811865475,0.7071067811865475,0.7071067811865475,0.0,0.0,0.0,0.0,0.0,0.0,0.0,0.0,0.0,0.0,0.0,0.0,0.0,0.0,0.0,0.0,0.0,0.0,0.0,0.0,0.0,0.0,0.0,0.0,0.0,0.0,0.0,0.0,0.0,0.0,0.0,0.0,0.0,1.0,1.0,1.0,1.0,1.0,1.0,0.0,0.7071067811865475,0.7071067811865475,0.7071067811865475,0.7071067811865475,0.7071067811865475,0.0,0.0,0.0,0.0,0.0,0.0,0.0,0.0,0.0,0.0,0.0,0.0,0.0,0.0,0.0,0.0,0.0,1.0,1.0,1.0,1.0,1.0,1.0,1.0,1.0,1.0,1.0,1.0,1.0,1.0,0.0,0.0,0.0,0.0,0.0,0.0,0.0,0.0
M1,0.7071067811865475,0.7071067811865475,0.0,0.0,1.0,0.0,0.0,0.0,1.0,0.7071067811865475,0.7071067811865475,0.0,0.0,0.7071067811865475,0.7071067811865475,1.0,1.0,0.0,0.0,0.0,0.4082482904638631,0.4082482904638631,0.0,0.0,0.0,0.0,0.0,0.0,0.0,0.0,0.0,0.0,1.0,1.0,0.0,0.0,1.0,1.0,1.0,1.0,0.0,0.0,0.7071067811865475,0.7071067811865475,1.0,1.0,1.0,1.0,1.0,1.0,0.0,0.0,0.0,0.0,0.0,0.0,0.0,0.0,0.0,0.0,0.0,0.0,0.0,0.0,0.0,0.0,0.7071067811865475,0.7071067811865475,0.7071067811865475,1.0,0.0,0.0,0.0,0.0,0.0,0.0,0.7071067811865475,0.7071067811865475,0.0,0.0,0.0,0.0,0.0,0.0,0.0,0.0,0.0,0.0,0.0,0.0,0.0,0.0,0.0,0.0,0.7071067811865475,0.7071067811865475,1.0,1.0,0.5773502691896258,0.0,0.0,1.0,1.0,0.0,0.0,0.7071067811865475,0.7071067811865475,0.0,0.0,0.0,0.0,0.0,0.0,0.7071067811865475,0.7071067811865475,0.0,0.0,0.0,0.0,0.0,1.0,1.0,0.0,0.0,0.0,0.0,0.0,0.0,0.7071067811865475,0.7071067811865475,0.0,0.0,0.4082482904638631,0.4082482904638631,0.0,0.0,0.0,0.0,0.0,0.4472135954999579,0.0,0.0,0.0,0.0,0.0,0.0,0.0,0.0,0.0,0.7071067811865475,0.7071067811865475,1.0,1.0,0.0,0.0,0.0,0.0,0.0,0.0,0.0,1.0,1.0,1.0,1.0,1.0,1.0,1.0,1.0,1.0,1.0,0.0,0.0,1.0,1.0,1.0,1.0,1.0,1.0,1.0,0.0,0.0,0.0,0.0,0.0,0.0,0.0,0.0,0.7071067811865475,0.7071067811865475,0.7071067811865475,0.7071067811865475,1.0,1.0,1.0,1.0,1.0,1.0,1.0,1.0,1.0,1.0,0.0,0.0,0.0,0.0,1.0,1.0,0.7071067811865475,0.7071067811865475,0.7071067811865475,0.7071067811865475,1.0,1.0,1.0,1.0,0.7071067811865475,0.7071067811865475,0.7071067811865475,0.7071067811865475,1.0,1.0,1.0,1.0,1.0,1.0,1.0,1.0,1.0,1.0,1.0,1.0,1.0,1.0,1.0,1.0,1.0,1.0,1.0,1.0,1.0,1.0,1.0,1.0,1.0,1.0,1.0,1.0,1.0,1.0,1.0,1.0,1.0,0.0,0.0,0.0,0.0,0.0,0.0,1.0,0.7071067811865475,0.7071067811865475,0.7071067811865475,0.7071067811865475,0.7071067811865475,1.0,1.0,1.0,1.0,1.0,1.0,1.0,1.0,1.0,1.0,1.0,1.0,1.0,1.0,1.0,1.0,1.0,0.0,0.0,0.0,0.0,0.0,0.0,0.0,0.0,0.0,0.0,0.0,0.0,0.0,0.4082482904638631,0.4082482904638631,1.0,1.0,1.0,0.4082482904638631,0.4082482904638631,1.0
M2L,0.9999999999999998,0.9999999999999998,0.4999999999999999,0.4999999999999999,0.7071067811865475,0.0,0.31622776601683794,0.7071067811865475,0.7071067811865475,1.0,0.9999999999999998,0.31622776601683794,0.31622776601683794,0.9999999999999998,0.4999999999999999,0.7071067811865475,0.7071067811865475,0.4999999999999999,0.2886751345948129,0.2886751345948129,0.2886751345948129,0.2886751345948129,0.0,0.0,0.0,0.0,0.0,0.0,0.0,0.0,0.0,0.0,0.7071067811865475,0.7071067811865475,0.0,0.0,0.7071067811865475,0.7071067811865475,0.7071067811865475,0.7071067811865475,0.0,0.0,0.4999999999999999,0.4999999999999999,0.7071067811865475,0.7071067811865475,0.7071067811865475,0.7071067811865475,0.7071067811865475,0.7071067811865475,0.0,0.0,0.0,0.0,0.4999999999999999,0.4999999999999999,0.1543033499620919,0.1543033499620919,0.1543033499620919,0.1543033499620919,0.0,0.0,0.0,0.0,0.4999999999999999,0.4999999999999999,0.9999999999999998,0.9999999999999998,0.9999999999999998,0.7071067811865475,0.0,0.0,0.0,0.0,0.0,0.0,0.9999999999999998,0.9999999999999998,0.0,0.0,0.0,0.0,0.0,0.0,0.0,0.0,0.0,0.0,0.0,0.0,0.0,0.0,0.0,0.0,0.9999999999999998,0.9999999999999998,0.7071067811865475,0.7071067811865475,0.8164965809277259,0.0,0.0,0.7071067811865475,0.7071067811865475,0.0,0.0,0.9999999999999998,0.9999999999999998,0.0,0.0,0.0,0.0,0.0,0.0,0.9999999999999998,0.9999999999999998,0.7071067811865475,0.0,0.0,0.0,0.0,0.7071067811865475,0.7071067811865475,0.0,0.0,0.7071067811865475,0.7071067811865475,0.0,0.0,0.9999999999999998,0.9999999999999998,0.0,0.0,0.2886751345948129,0.2886751345948129,0.7071067811865475,0.0,0.0,0.0,0.0,0.9486832980505138,0.0,0.0,0.7071067811865475,0.7071067811865475,0.7071067811865475,0.7071067811865475,0.4714045207910316,0.7071067811865475,0.0,0.4999999999999999,0.4999999999999999,0.7071067811865475,0.7071067811865475,0.0,0.0,0.0,0.7071067811865475,0.0,0.0,0.7071067811865475,0.7071067811865475,0.7071067811865475,0.7071067811865475,0.7071067811865475,0.7071067811865475,0.7071067811865475,0.7071067811865475,0.7071067811865475,0.7071067811865475,0.7071067811865475,0.0,0.0,0.7071067811865475,0.7071067811865475,0.7071067811865475,0.7071067811865475,0.7071067811865475,0.7071067811865475,0.7071067811865475,0.0,0.0,0.4999999999999999,0.4999999999999999,0.4999999999999999,0.4999999999999999,0.4999999999999999,0.4999999999999999,0.9999999999999998,0.9999999999999998,0.9999999999999998,0.9999999999999998,0.7071067811865475,0.7071067811865475,0.7071067811865475,0.7071067811865475,0.7071067811865475,0.7071067811865475,0.7071067811865475,0.7071067811865475,0.7071067811865475,0.7071067811865475,0.7071067811865475,0.7071067811865475,0.7071067811865475,0.7071067811865475,0.7071067811865475,0.7071067811865475,0.9999999999999998,0.9999999999999998,0.9999999999999998,0.9999999999999998,0.7071067811865475,0.7071067811865475,0.7071067811865475,0.7071067811865475,0.9999999999999998,0.9999999999999998,0.9999999999999998,0.9999999999999998,0.7071067811865475,0.7071067811865475,0.7071067811865475,0.7071067811865475,0.7071067811865475,0.7071067811865475,0.7071067811865475,0.7071067811865475,0.7071067811865475,0.7071067811865475,0.7071067811865475,0.7071067811865475,0.7071067811865475,0.7071067811865475,0.7071067811865475,0.7071067811865475,0.7071067811865475,0.7071067811865475,0.7071067811865475,0.7071067811865475,0.7071067811865475,0.7071067811865475,0.7071067811865475,0.7071067811865475,0.7071067811865475,0.7071067811865475,0.7071067811865475,0.7071067811865475,0.7071067811865475,0.7071067811865475,0.7071067811865475,0.7071067811865475,0.7071067811865475,0.7071067811865475,0.7071067811865475,0.7071067811865475,0.7071067811865475,0.7071067811865475,0.7071067811865475,0.7071067811865475,0.9999999999999998,0.9999999999999998,0.9999999999999998,0.9999999999999998,0.9999999999999998,0.7071067811865475,0.7071067811865475,0.7071067811865475,0.7071067811865475,0.7071067811865475,0.7071067811865475,0.7071067811865475,0.7071067811865475,0.7071067811865475,0.7071067811865475,0.7071067811865475,0.7071067811865475,0.7071067811865475,0.7071067811865475,0.7071067811865475,0.7071067811865475,0.7071067811865475,0.7071067811865475,0.7071067811865475,0.7071067811865475,0.7071067811865475,0.7071067811865475,0.7071067811865475,0.7071067811865475,0.7071067811865475,0.7071067811865475,0.7071067811865475,0.7071067811865475,0.7071067811865475,0.7071067811865475,0.2886751345948129,0.2886751345948129,0.7071067811865475,0.7071067811865475,0.7071067811865475,0.2886751345948129,0.2886751345948129,0.7071067811865475
M2R,0.9999999999999998,0.9999999999999998,0.4999999999999999,0.4999999999999999,0.7071067811865475,0.0,0.31622776601683794,0.7071067811865475,0.7071067811865475,0.9999999999999998,1.0,0.31622776601683794,0.31622776601683794,0.9999999999999998,0.4999999999999999,0.7071067811865475,0.7071067811865475,0.4999999999999999,0.2886751345948129,0.2886751345948129,0.2886751345948129,0.2886751345948129,0.0,0.0,0.0,0.0,0.0,0.0,0.0,0.0,0.0,0.0,0.7071067811865475,0.7071067811865475,0.0,0.0,0.7071067811865475,0.7071067811865475,0.7071067811865475,0.7071067811865475,0.0,0.0,0.4999999999999999,0.4999999999999999,0.7071067811865475,0.7071067811865475,0.7071067811865475,0.7071067811865475,0.7071067811865475,0.7071067811865475,0.0,0.0,0.0,0.0,0.4999999999999999,0.4999999999999999,0.1543033499620919,0.1543033499620919,0.1543033499620919,0.1543033499620919,0.0,0.0,0.0,0.0,0.4999999999999999,0.4999999999999999,0.9999999999999998,0.9999999999999998,0.9999999999999998,0.7071067811865475,0.0,0.0,0.0,0.0,0.0,0.0,0.9999999999999998,0.9999999999999998,0.0,0.0,0.0,0.0,0.0,0.0,0.0,0.0,0.0,0.0,0.0,0.0,0.0,0.0,0.0,0.0,0.9999999999999998,0.9999999999999998,0.7071067811865475,0.7071067811865475,0.8164965809277259,0.0,0.0,0.7071067811865475,0.7071067811865475,0.0,0.0,0.9999999999999998,0.9999999999999998,0.0,0.0,0.0,0.0,0.0,0.0,0.9999999999999998,0.9999999999999998,0.7071067811865475,0.0,0.0,0.0,0.0,0.7071067811865475,0.7071067811865475,0.0,0.0,0.7071067811865475,0.7071067811865475,0.0,0.0,0.9999999999999998,0.9999999999999998,0.0,0.0,0.2886751345948129,0.2886751345948129,0.7071067811865475,0.0,0.0,0.0,0.0,0.9486832980505138,0.0,0.0,0.7071067811865475,0.7071067811865475,0.7071067811865475,0.7071067811865475,0.4714045207910316,0.7071067811865475,0.0,0.4999999999999999,0.4999999999999999,0.7071067811865475,0.7071067811865475,0.0,0.0,0.0,0.7071067811865475,0.0,0.0,0.7071067811865475,0.7071067811865475,0.7071067811865475,0.7071067811865475,0.7071067811865475,0.7071067811865475,0.7071067811865475,0.7071067811865475,0.7071067811865475,0.7071067811865475,0.7071067811865475,0.0,0.0,0.7071067811865475,0.7071067811865475,0.7071067811865475,0.7071067811865475,0.7071067811865475,0.7071067811865475,0.7071067811865475,0.0,0.0,0.4999999999999999,0.4999999999999999,0.4999999999999999,0.4999999999999999,0.4999999999999999,0.4999999999999999,0.9999999999999998,0.9999999999999998,0.9999999999999998,0.9999999999999998,0.7071067811865475,0.7071067811865475,0.7071067811865475,0.7071067811865475,0.7071067811865475,0.7071067811865475,0.7071067811865475,0.7071067811865475,0.7071067811865475,0.7071067811865475,0.7071067811865475,0.7071067811865475,0.7071067811865475,0.7071067811865475,0.7071067811865475,0.7071067811865475,0.9999999999999998,0.9999999999999998,0.9999999999999998,0.9999999999999998,0.7071067811865475,0.7071067811865475,0.7071067811865475,0.7071067811865475,0.9999999999999998,0.9999999999999998,0.9999999999999998,0.9999999999999998,0.7071067811865475,0.7071067811865475,0.7071067811865475,0.7071067811865475,0.7071067811865475,0.7071067811865475,0.7071067811865475,0.7071067811865475,0.7071067811865475,0.7071067811865475,0.7071067811865475,0.7071067811865475,0.7071067811865475,0.7071067811865475,0.7071067811865475,0.7071067811865475,0.7071067811865475,0.7071067811865475,0.7071067811865475,0.7071067811865475,0.7071067811865475,0.7071067811865475,0.7071067811865475,0.7071067811865475,0.7071067811865475,0.7071067811865475,0.7071067811865475,0.7071067811865475,0.7071067811865475,0.7071067811865475,0.7071067811865475,0.7071067811865475,0.7071067811865475,0.7071067811865475,0.7071067811865475,0.7071067811865475,0.7071067811865475,0.7071067811865475,0.7071067811865475,0.7071067811865475,0.9999999999999998,0.9999999999999998,0.9999999999999998,0.9999999999999998,0.9999999999999998,0.7071067811865475,0.7071067811865475,0.7071067811865475,0.7071067811865475,0.7071067811865475,0.7071067811865475,0.7071067811865475,0.7071067811865475,0.7071067811865475,0.7071067811865475,0.7071067811865475,0.7071067811865475,0.7071067811865475,0.7071067811865475,0.7071067811865475,0.7071067811865475,0.7071067811865475,0.7071067811865475,0.7071067811865475,0.7071067811865475,0.7071067811865475,0.7071067811865475,0.7071067811865475,0.7071067811865475,0.7071067811865475,0.7071067811865475,0.7071067811865475,0.7071067811865475,0.7071067811865475,0.7071067811865475,0.2886751345948129,0.2886751345948129,0.7071067811865475,0.7071067811865475,0.7071067811865475,0.2886751345948129,0.2886751345948129,0.7071067811865475
M3L,0.31622776601683794,0.31622776601683794,0.9486832980505138,0.9486832980505138,0.0,0.8944271909999159,0.9999999999999998,0.4472135954999579,0.0,0.31622776601683794,0.31622776601683794,1.0,0.9999999999999998,0.31622776601683794,0.6324555320336759,0.0,0.0,0.9486832980505138,0.18257418583505536,0.18257418583505536,0.0,0.0,0.8944271909999159,0.8944271909999159,0.8944271909999159,0.8944271909999159,0.8944271909999159,0.8944271909999159,0.8944271909999159,0.8944271909999159,0.0,0.0,0.0,0.0,0.8944271909999159,0.8944271909999159,0.0,0.0,0.0,0.0,0.8944271909999159,0.8944271909999159,0.6324555320336759,0.6324555320336759,0.0,0.0,0.0,0.0,0.0,0.0,0.8944271909999159,0.8944271909999159,0.8944271909999159,0.8944271909999159,0.9486832980505138,0.9486832980505138,0.09759000729485333,0.09759000729485333,0.09759000729485333,0.09759000729485333,0.8944271909999159,0.8944271909999159,0.8944271909999159,0.0,0.9486832980505138,0.9486832980505138,0.31622776601683794,0.31622776601683794,0.31622776601683794,0.0,0.8944271909999159,0.8944271909999159,0.8944271909999159,0.8944271909999159,0.8944271909999159,0.8944271909999159,0.31622776601683794,0.31622776601683794,0.8944271909999159,0.8944271909999159,0.8944271909999159,0.8944271909999159,0.8944271909999159,0.8944271909999159,0.0,0.0,0.3651483716701107,0.3651483716701107,0.8944271909999159,0.8944271909999159,0.8944271909999159,0.8944271909999159,0.8944271909999159,0.8944271909999159,0.31622776601683794,0.31622776601683794,0.0,0.0,0.7745966692414834,0.3651483716701107,0.3651483716701107,0.0,0.0,0.8944271909999159,0.8944271909999159,0.31622776601683794,0.31622776601683794,0.8944271909999159,0.8944271909999159,0.8944271909999159,0.8944271909999159,0.8944271909999159,0.8944271909999159,0.31622776601683794,0.31622776601683794,0.4472135954999579,0.0,0.0,0.0,0.0,0.0,0.0,0.8944271909999159,0.8944271909999159,0.4472135954999579,0.4472135954999579,0.3651483716701107,0.3651483716701107,0.31622776601683794,0.31622776601683794,0.8944271909999159,0.8944271909999159,0.0,0.0,0.4472135954999579,0.0,0.0,0.0,0.0,0.3999999999999999,0.0,0.0,0.4472135954999579,0.4472135954999579,0.4472135954999579,0.4472135954999579,0.29814239699997197,0.4472135954999579,0.8944271909999159,0.6324555320336759,0.6324555320336759,0.0,0.0,0.0,0.0,0.8944271909999159,0.4472135954999579,0.0,0.0,0.4472135954999579,0.0,0.0,0.0,0.0,0.0,0.0,0.0,0.0,0.0,0.0,0.8944271909999159,0.8944271909999159,0.0,0.0,0.0,0.0,0.0,0.0,0.0,0.3651483716701107,0.3651483716701107,0.9486832980505138,0.9486832980505138,0.9486832980505138,0.9486832980505138,0.9486832980505138,0.9486832980505138,0.31622776601683794,0.31622776601683794,0.31622776601683794,0.31622776601683794,0.0,0.0,0.0,0.0,0.0,0.0,0.0,0.0,0.0,0.0,0.4472135954999579,0.4472135954999579,0.4472135954999579,0.4472135954999579,0.0,0.0,0.31622776601683794,0.31622776601683794,0.31622776601683794,0.31622776601683794,0.0,0.0,0.0,0.0,0.31622776601683794,0.31622776601683794,0.31622776601683794,0.31622776601683794,0.0,0.0,0.0,0.0,0.0,0.0,0.0,0.0,0.0,0.0,0.0,0.0,0.0,0.0,0.0,0.0,0.0,0.0,0.0,0.0,0.0,0.0,0.0,0.0,0.0,0.0,0.0,0.0,0.0,0.0,0.0,0.0,0.0,0.4472135954999579,0.4472135954999579,0.4472135954999579,0.4472135954999579,0.4472135954999579,0.4472135954999579,0.0,0.31622776601683794,0.31622776601683794,0.31622776601683794,0.31622776601683794,0.31622776601683794,0.0,0.0,0.0,0.0,0.0,0.0,0.0,0.0,0.0,0.0,0.0,0.0,0.0,0.0,0.0,0.0,0.0,0.4472135954999579,0.4472135954999579,0.4472135954999579,0.4472135954999579,0.4472135954999579,0.4472135954999579,0.4472135954999579,0.4472135954999579,0.4472135954999579,0.4472135954999579,0.4472135954999579,0.4472135954999579,0.4472135954999579,0.0,0.0,0.0,0.0,0.0,0.0,0.0,0.0
M3R,0.31622776601683794,0.31622776601683794,0.9486832980505138,0.9486832980505138,0.0,0.8944271909999159,0.9999999999999998,0.4472135954999579,0.0,0.31622776601683794,0.31622776601683794,0.9999999999999998,1.0,0.31622776601683794,0.6324555320336759,0.0,0.0,0.9486832980505138,0.18257418583505536,0.18257418583505536,0.0,0.0,0.8944271909999159,0.8944271909999159,0.8944271909999159,0.8944271909999159,0.8944271909999159,0.8944271909999159,0.8944271909999159,0.8944271909999159,0.0,0.0,0.0,0.0,0.8944271909999159,0.8944271909999159,0.0,0.0,0.0,0.0,0.8944271909999159,0.8944271909999159,0.6324555320336759,0.6324555320336759,0.0,0.0,0.0,0.0,0.0,0.0,0.8944271909999159,0.8944271909999159,0.8944271909999159,0.8944271909999159,0.9486832980505138,0.9486832980505138,0.09759000729485333,0.09759000729485333,0.09759000729485333,0.09759000729485333,0.8944271909999159,0.8944271909999159,0.8944271909999159,0.0,0.9486832980505138,0.9486832980505138,0.31622776601683794,0.31622776601683794,0.31622776601683794,0.0,0.8944271909999159,0.8944271909999159,0.8944271909999159,0.8944271909999159,0.8944271909999159,0.8944271909999159,0.31622776601683794,0.31622776601683794,0.8944271909999159,0.8944271909999159,0.8944271909999159,0.8944271909999159,0.8944271909999159,0.8944271909999159,0.0,0.0,0.3651483716701107,0.3651483716701107,0.8944271909999159,0.8944271909999159,0.8944271909999159,0.8944271909999159,0.8944271909999159,0.8944271909999159,0.31622776601683794,0.31622776601683794,0.0,0.0,0.7745966692414834,0.3651483716701107,0.3651483716701107,0.0,0.0,0.8944271909999159,0.8944271909999159,0.31622776601683794,0.31622776601683794,0.8944271909999159,0.8944271909999159,0.8944271909999159,0.8944271909999159,0.8944271909999159,0.8944271909999159,0.31622776601683794,0.31622776601683794,0.4472135954999579,0.0,0.0,0.0,0.0,0.0,0.0,0.8944271909999159,0.8944271909999159,0.4472135954999579,0.4472135954999579,0.3651483716701107,0.3651483716701107,0.31622776601683794,0.31622776601683794,0.8944271909999159,0.8944271909999159,0.0,0.0,0.4472135954999579,0.0,0.0,0.0,0.0,0.3999999999999999,0.0,0.0,0.4472135954999579,0.4472135954999579,0.4472135954999579,0.4472135954999579,0.29814239699997197,0.4472135954999579,0.8944271909999159,0.6324555320336759,0.6324555320336759,0.0,0.0,0.0,0.0,0.8944271909999159,0.4472135954999579,0.0,0.0,0.4472135954999579,0.0,0.0,0.0,0.0,0.0,0.0,0.0,0.0,0.0,0.0,0.8944271909999159,0.8944271909999159,0.0,0.0,0.0,0.0,0.0,0.0,0.0,0.3651483716701107,0.3651483716701107,0.9486832980505138,0.9486832980505138,0.9486832980505138,0.9486832980505138,0.9486832980505138,0.9486832980505138,0.31622776601683794,0.31622776601683794,0.31622776601683794,0.31622776601683794,0.0,0.0,0.0,0.0,0.0,0.0,0.0,0.0,0.0,0.0,0.4472135954999579,0.4472135954999579,0.4472135954999579,0.4472135954999579,0.0,0.0,0.31622776601683794,0.31622776601683794,0.31622776601683794,0.31622776601683794,0.0,0.0,0.0,0.0,0.31622776601683794,0.31622776601683794,0.31622776601683794,0.31622776601683794,0.0,0.0,0.0,0.0,0.0,0.0,0.0,0.0,0.0,0.0,0.0,0.0,0.0,0.0,0.0,0.0,0.0,0.0,0.0,0.0,0.0,0.0,0.0,0.0,0.0,0.0,0.0,0.0,0.0,0.0,0.0,0.0,0.0,0.4472135954999579,0.4472135954999579,0.4472135954999579,0.4472135954999579,0.4472135954999579,0.4472135954999579,0.0,0.31622776601683794,0.31622776601683794,0.31622776601683794,0.31622776601683794,0.31622776601683794,0.0,0.0,0.0,0.0,0.0,0.0,0.0,0.0,0.0,0.0,0.0,0.0,0.0,0.0,0.0,0.0,0.0,0.4472135954999579,0.4472135954999579,0.4472135954999579,0.4472135954999579,0.4472135954999579,0.4472135954999579,0.4472135954999579,0.4472135954999579,0.4472135954999579,0.4472135954999579,0.4472135954999579,0.4472135954999579,0.4472135954999579,0.0,0.0,0.0,0.0,0.0,0.0,0.0,0.0
M4,0.9999999999999998,0.9999999999999998,0.4999999999999999,0.4999999999999999,0.7071067811865475,0.0,0.31622776601683794,0.7071067811865475,0.7071067811865475,0.9999999999999998,0.9999999999999998,0.31622776601683794,0.31622776601683794,1.0,0.4999999999999999,0.7071067811865475,0.7071067811865475,0.4999999999999999,0.2886751345948129,0.2886751345948129,0.2886751345948129,0.2886751345948129,0.0,0.0,0.0,0.0,0.0,0.0,0.0,0.0,0.0,0.0,0.7071067811865475,0.7071067811865475,0.0,0.0,0.7071067811865475,0.7071067811865475,0.7071067811865475,0.7071067811865475,0.0,0.0,0.4999999999999999,0.4999999999999999,0.7071067811865475,0.7071067811865475,0.7071067811865475,0.7071067811865475,0.7071067811865475,0.7071067811865475,0.0,0.0,0.0,0.0,0.4999999999999999,0.4999999999999999,0.1543033499620919,0.1543033499620919,0.1543033499620919,0.1543033499620919,0.0,0.0,0.0,0.0,0.4999999999999999,0.4999999999999999,0.9999999999999998,0.9999999999999998,0.9999999999999998,0.7071067811865475,0.0,0.0,0.0,0.0,0.0,0.0,0.9999999999999998,0.9999999999999998,0.0,0.0,0.0,0.0,0.0,0.0,0.0,0.0,0.0,0.0,0.0,0.0,0.0,0.0,0.0,0.0,0.9999999999999998,0.9999999999999998,0.7071067811865475,0.7071067811865475,0.8164965809277259,0.0,0.0,0.7071067811865475,0.7071067811865475,0.0,0.0,0.9999999999999998,0.9999999999999998,0.0,0.0,0.0,0.0,0.0,0.0,0.9999999999999998,0.9999999999999998,0.7071067811865475,0.0,0.0,0.0,0.0,0.7071067811865475,0.7071067811865475,0.0,0.0,0.7071067811865475,0.7071067811865475,0.0,0.0,0.9999999999999998,0.9999999999999998,0.0,0.0,0.2886751345948129,0.2886751345948129,0.7071067811865475,0.0,0.0,0.0,0.0,0.9486832980505138,0.0,0.0,0.7071067811865475,0.7071067811865475,0.7071067811865475,0.7071067811865475,0.4714045207910316,0.7071067811865475,0.0,0.4999999999999999,0.4999999999999999,0.7071067811865475,0.7071067811865475,0.0,0.0,0.0,0.7071067811865475,0.0,0.0,0.7071067811865475,0.7071067811865475,0.7071067811865475,0.7071067811865475,0.7071067811865475,0.7071067811865475,0.7071067811865475,0.7071067811865475,0.7071067811865475,0.7071067811865475,0.7071067811865475,0.0,0.0,0.7071067811865475,0.7071067811865475,0.7071067811865475,0.7071067811865475,0.7071067811865475,0.7071067811865475,0.7071067811865475,0.0,0.0,0.4999999999999999,0.4999999999999999,0.4999999999999999,0.4999999999999999,0.4999999999999999,0.4999999999999999,0.9999999999999998,0.9999999999999998,0.9999999999999998,0.9999999999999998,0.7071067811865475,0.7071067811865475,0.7071067811865475,0.7071067811865475,0.7071067811865475,0.7071067811865475,0.7071067811865475,0.7071067811865475,0.7071067811865475,0.7071067811865475,0.7071067811865475,0.7071067811865475,0.7071067811865475,0.7071067811865475,0.7071067811865475,0.7071067811865475,0.9999999999999998,0.9999999999999998,0.9999999999999998,0.9999999999999998,0.7071067811865475,0.7071067811865475,0.7071067811865475,0.7071067811865475,0.9999999999999998,0.9999999999999998,0.9999999999999998,0.9999999999999998,0.7071067811865475,0.7071067811865475,0.7071067811865475,0.7071067811865475,0.7071067811865475,0.7071067811865475,0.7071067811865475,0.7071067811865475,0.7071067811865475,0.7071067811865475,0.7071067811865475,0.7071067811865475,0.7071067811865475,0.7071067811865475,0.7071067811865475,0.7071067811865475,0.7071067811865475,0.7071067811865475,0.7071067811865475,0.7071067811865475,0.7071067811865475,0.7071067811865475,0.7071067811865475,0.7071067811865475,0.7071067811865475,0.7071067811865475,0.7071067811865475,0.7071067811865475,0.7071067811865475,0.7071067811865475,0.7071067811865475,0.7071067811865475,0.7071067811865475,0.7071067811865475,0.7071067811865475,0.7071067811865475,0.7071067811865475,0.7071067811865475,0.7071067811865475,0.7071067811865475,0.9999999999999998,0.9999999999999998,0.9999999999999998,0.9999999999999998,0.9999999999999998,0.7071067811865475,0.7071067811865475,0.7071067811865475,0.7071067811865475,0.7071067811865475,0.7071067811865475,0.7071067811865475,0.7071067811865475,0.7071067811865475,0.7071067811865475,0.7071067811865475,0.7071067811865475,0.7071067811865475,0.7071067811865475,0.7071067811865475,0.7071067811865475,0.7071067811865475,0.7071067811865475,0.7071067811865475,0.7071067811865475,0.7071067811865475,0.7071067811865475,0.7071067811865475,0.7071067811865475,0.7071067811865475,0.7071067811865475,0.7071067811865475,0.7071067811865475,0.7071067811865475,0.7071067811865475,0.2886751345948129,0.2886751345948129,0.7071067811865475,0.7071067811865475,0.7071067811865475,0.2886751345948129,0.2886751345948129,0.7071067811865475
M5,0.4999999999999999,0.4999999999999999,0.4999999999999999,0.4999999999999999,0.7071067811865475,0.7071067811865475,0.6324555320336759,0.0,0.7071067811865475,0.4999999999999999,0.4999999999999999,0.6324555320336759,0.6324555320336759,0.4999999999999999,1.0,0.7071067811865475,0.7071067811865475,0.4999999999999999,0.0,0.0,0.2886751345948129,0.2886751345948129,0.7071067811865475,0.7071067811865475,0.7071067811865475,0.7071067811865475,0.7071067811865475,0.7071067811865475,0.7071067811865475,0.7071067811865475,0.0,0.0,0.7071067811865475,0.7071067811865475,0.7071067811865475,0.7071067811865475,0.7071067811865475,0.7071067811865475,0.7071067811865475,0.7071067811865475,0.7071067811865475,0.7071067811865475,0.9999999999999998,0.9999999999999998,0.7071067811865475,0.7071067811865475,0.7071067811865475,0.7071067811865475,0.7071067811865475,0.7071067811865475,0.7071067811865475,0.7071067811865475,0.7071067811865475,0.7071067811865475,0.4999999999999999,0.4999999999999999,0.0,0.0,0.0,0.0,0.7071067811865475,0.7071067811865475,0.7071067811865475,0.0,0.4999999999999999,0.4999999999999999,0.4999999999999999,0.4999999999999999,0.4999999999999999,0.7071067811865475,0.7071067811865475,0.7071067811865475,0.7071067811865475,0.7071067811865475,0.7071067811865475,0.7071067811865475,0.4999999999999999,0.4999999999999999,0.7071067811865475,0.7071067811865475,0.7071067811865475,0.7071067811865475,0.7071067811865475,0.7071067811865475,0.0,0.0,0.2886751345948129,0.2886751345948129,0.7071067811865475,0.7071067811865475,0.7071067811865475,0.7071067811865475,0.7071067811865475,0.7071067811865475,0.4999999999999999,0.4999999999999999,0.7071067811865475,0.7071067811865475,0.8164965809277259,0.2886751345948129,0.2886751345948129,0.7071067811865475,0.7071067811865475,0.7071067811865475,0.7071067811865475,0.4999999999999999,0.4999999999999999,0.7071067811865475,0.7071067811865475,0.7071067811865475,0.7071067811865475,0.7071067811865475,0.7071067811865475,0.4999999999999999,0.4999999999999999,0.0,0.0,0.0,0.0,0.0,0.7071067811865475,0.7071067811865475,0.7071067811865475,0.7071067811865475,0.0,0.0,0.2886751345948129,0.2886751345948129,0.4999999999999999,0.4999999999999999,0.7071067811865475,0.7071067811865475,0.2886751345948129,0.2886751345948129,0.0,0.0,0.0,0.0,0.0,0.31622776601683794,0.0,0.0,0.0,0.0,0.0,0.0,0.0,0.0,0.7071067811865475,0.9999999999999998,0.9999999999999998,0.7071067811865475,0.7071067811865475,0.0,0.0,0.7071067811865475,0.0,0.0,0.0,0.0,0.7071067811865475,0.7071067811865475,0.7071067811865475,0.7071067811865475,0.7071067811865475,0.7071067811865475,0.7071067811865475,0.7071067811865475,0.7071067811865475,0.7071067811865475,0.7071067811865475,0.7071067811865475,0.7071067811865475,0.7071067811865475,0.7071067811865475,0.7071067811865475,0.7071067811865475,0.7071067811865475,0.7071067811865475,0.2886751345948129,0.2886751345948129,0.4999999999999999,0.4999999999999999,0.4999999999999999,0.4999999999999999,0.4999999999999999,0.4999999999999999,0.4999999999999999,0.4999999999999999,0.4999999999999999,0.4999999999999999,0.7071067811865475,0.7071067811865475,0.7071067811865475,0.7071067811865475,0.7071067811865475,0.7071067811865475,0.7071067811865475,0.7071067811865475,0.7071067811865475,0.7071067811865475,0.0,0.0,0.0,0.0,0.7071067811865475,0.7071067811865475,0.4999999999999999,0.4999999999999999,0.4999999999999999,0.4999999999999999,0.7071067811865475,0.7071067811865475,0.7071067811865475,0.7071067811865475,0.4999999999999999,0.4999999999999999,0.4999999999999999,0.4999999999999999,0.7071067811865475,0.7071067811865475,0.7071067811865475,0.7071067811865475,0.7071067811865475,0.7071067811865475,0.7071067811865475,0.7071067811865475,0.7071067811865475,0.7071067811865475,0.7071067811865475,0.7071067811865475,0.7071067811865475,0.7071067811865475,0.7071067811865475,0.7071067811865475,0.7071067811865475,0.7071067811865475,0.7071067811865475,0.7071067811865475,0.7071067811865475,0.7071067811865475,0.7071067811865475,0.7071067811865475,0.7071067811865475,0.7071067811865475,0.7071067811865475,0.7071067811865475,0.7071067811865475,0.7071067811865475,0.7071067811865475,0.7071067811865475,0.7071067811865475,0.0,0.0,0.0,0.0,0.0,0.0,0.7071067811865475,0.4999999999999999,0.4999999999999999,0.4999999999999999,0.4999999999999999,0.4999999999999999,0.7071067811865475,0.7071067811865475,0.7071067811865475,0.7071067811865475,0.7071067811865475,0.7071067811865475,0.7071067811865475,0.7071067811865475,0.7071067811865475,0.7071067811865475,0.7071067811865475,0.7071067811865475,0.7071067811865475,0.7071067811865475,0.7071067811865475,0.7071067811865475,0.7071067811865475,0.0,0.0,0.0,0.0,0.0,0.0,0.0,0.0,0.0,0.0,0.0,0.0,0.0,0.2886751345948129,0.2886751345948129,0.7071067811865475,0.7071067811865475,0.7071067811865475,0.2886751345948129,0.2886751345948129,0.7071067811865475
MCL,0.7071067811865475,0.7071067811865475,0.0,0.0,1.0,0.0,0.0,0.0,1.0,0.7071067811865475,0.7071067811865475,0.0,0.0,0.7071067811865475,0.7071067811865475,1.0,1.0,0.0,0.0,0.0,0.4082482904638631,0.4082482904638631,0.0,0.0,0.0,0.0,0.0,0.0,0.0,0.0,0.0,0.0,1.0,1.0,0.0,0.0,1.0,1.0,1.0,1.0,0.0,0.0,0.7071067811865475,0.7071067811865475,1.0,1.0,1.0,1.0,1.0,1.0,0.0,0.0,0.0,0.0,0.0,0.0,0.0,0.0,0.0,0.0,0.0,0.0,0.0,0.0,0.0,0.0,0.7071067811865475,0.7071067811865475,0.7071067811865475,1.0,0.0,0.0,0.0,0.0,0.0,0.0,0.7071067811865475,0.7071067811865475,0.0,0.0,0.0,0.0,0.0,0.0,0.0,0.0,0.0,0.0,0.0,0.0,0.0,0.0,0.0,0.0,0.7071067811865475,0.7071067811865475,1.0,1.0,0.5773502691896258,0.0,0.0,1.0,1.0,0.0,0.0,0.7071067811865475,0.7071067811865475,0.0,0.0,0.0,0.0,0.0,0.0,0.7071067811865475,0.7071067811865475,0.0,0.0,0.0,0.0,0.0,1.0,1.0,0.0,0.0,0.0,0.0,0.0,0.0,0.7071067811865475,0.7071067811865475,0.0,0.0,0.4082482904638631,0.4082482904638631,0.0,0.0,0.0,0.0,0.0,0.4472135954999579,0.0,0.0,0.0,0.0,0.0,0.0,0.0,0.0,0.0,0.7071067811865475,0.7071067811865475,1.0,1.0,0.0,0.0,0.0,0.0,0.0,0.0,0.0,1.0,1.0,1.0,1.0,1.0,1.0,1.0,1.0,1.0,1.0,0.0,0.0,1.0,1.0,1.0,1.0,1.0,1.0,1.0,0.0,0.0,0.0,0.0,0.0,0.0,0.0,0.0,0.7071067811865475,0.7071067811865475,0.7071067811865475,0.7071067811865475,1.0,1.0,1.0,1.0,1.0,1.0,1.0,1.0,1.0,1.0,0.0,0.0,0.0,0.0,1.0,1.0,0.7071067811865475,0.7071067811865475,0.7071067811865475,0.7071067811865475,1.0,1.0,1.0,1.0,0.7071067811865475,0.7071067811865475,0.7071067811865475,0.7071067811865475,1.0,1.0,1.0,1.0,1.0,1.0,1.0,1.0,1.0,1.0,1.0,1.0,1.0,1.0,1.0,1.0,1.0,1.0,1.0,1.0,1.0,1.0,1.0,1.0,1.0,1.0,1.0,1.0,1.0,1.0,1.0,1.0,1.0,0.0,0.0,0.0,0.0,0.0,0.0,1.0,0.7071067811865475,0.7071067811865475,0.7071067811865475,0.7071067811865475,0.7071067811865475,1.0,1.0,1.0,1.0,1.0,1.0,1.0,1.0,1.0,1.0,1.0,1.0,1.0,1.0,1.0,1.0,1.0,0.0,0.0,0.0,0.0,0.0,0.0,0.0,0.0,0.0,0.0,0.0,0.0,0.0,0.4082482904638631,0.4082482904638631,1.0,1.0,1.0,0.4082482904638631,0.4082482904638631,1.0
MCR,0.7071067811865475,0.7071067811865475,0.0,0.0,1.0,0.0,0.0,0.0,1.0,0.7071067811865475,0.7071067811865475,0.0,0.0,0.7071067811865475,0.7071067811865475,1.0,1.0,0.0,0.0,0.0,0.4082482904638631,0.4082482904638631,0.0,0.0,0.0,0.0,0.0,0.0,0.0,0.0,0.0,0.0,1.0,1.0,0.0,0.0,1.0,1.0,1.0,1.0,0.0,0.0,0.7071067811865475,0.7071067811865475,1.0,1.0,1.0,1.0,1.0,1.0,0.0,0.0,0.0,0.0,0.0,0.0,0.0,0.0,0.0,0.0,0.0,0.0,0.0,0.0,0.0,0.0,0.7071067811865475,0.7071067811865475,0.7071067811865475,1.0,0.0,0.0,0.0,0.0,0.0,0.0,0.7071067811865475,0.7071067811865475,0.0,0.0,0.0,0.0,0.0,0.0,0.0,0.0,0.0,0.0,0.0,0.0,0.0,0.0,0.0,0.0,0.7071067811865475,0.7071067811865475,1.0,1.0,0.5773502691896258,0.0,0.0,1.0,1.0,0.0,0.0,0.7071067811865475,0.7071067811865475,0.0,0.0,0.0,0.0,0.0,0.0,0.7071067811865475,0.7071067811865475,0.0,0.0,0.0,0.0,0.0,1.0,1.0,0.0,0.0,0.0,0.0,0.0,0.0,0.7071067811865475,0.7071067811865475,0.0,0.0,0.4082482904638631,0.4082482904638631,0.0,0.0,0.0,0.0,0.0,0.4472135954999579,0.0,0.0,0.0,0.0,0.0,0.0,0.0,0.0,0.0,0.7071067811865475,0.7071067811865475,1.0,1.0,0.0,0.0,0.0,0.0,0.0,0.0,0.0,1.0,1.0,1.0,1.0,1.0,1.0,1.0,1.0,1.0,1.0,0.0,0.0,1.0,1.0,1.0,1.0,1.0,1.0,1.0,0.0,0.0,0.0,0.0,0.0,0.0,0.0,0.0,0.7071067811865475,0.7071067811865475,0.7071067811865475,0.7071067811865475,1.0,1.0,1.0,1.0,1.0,1.0,1.0,1.0,1.0,1.0,0.0,0.0,0.0,0.0,1.0,1.0,0.7071067811865475,0.7071067811865475,0.7071067811865475,0.7071067811865475,1.0,1.0,1.0,1.0,0.7071067811865475,0.7071067811865475,0.7071067811865475,0.7071067811865475,1.0,1.0,1.0,1.0,1.0,1.0,1.0,1.0,1.0,1.0,1.0,1.0,1.0,1.0,1.0,1.0,1.0,1.0,1.0,1.0,1.0,1.0,1.0,1.0,1.0,1.0,1.0,1.0,1.0,1.0,1.0,1.0,1.0,0.0,0.0,0.0,0.0,0.0,0.0,1.0,0.7071067811865475,0.7071067811865475,0.7071067811865475,0.7071067811865475,0.7071067811865475,1.0,1.0,1.0,1.0,1.0,1.0,1.0,1.0,1.0,1.0,1.0,1.0,1.0,1.0,1.0,1.0,1.0,0.0,0.0,0.0,0.0,0.0,0.0,0.0,0.0,0.0,0.0,0.0,0.0,0.0,0.4082482904638631,0.4082482904638631,1.0,1.0,1.0,0.4082482904638631,0.4082482904638631,1.0
MI,0.4999999999999999,0.4999999999999999,0.9999999999999998,0.9999999999999998,0.0,0.7071067811865475,0.9486832980505138,0.7071067811865475,0.0,0.4999999999999999,0.4999999999999999,0.9486832980505138,0.9486832980505138,0.4999999999999999,0.4999999999999999,0.0,0.0,1.0,0.2886751345948129,0.2886751345948129,0.0,0.0,0.7071067811865475,0.7071067811865475,0.7071067811865475,0.7071067811865475,0.7071067811865475,0.7071067811865475,0.7071067811865475,0.7071067811865475,0.0,0.0,0.0,0.0,0.7071067811865475,0.7071067811865475,0.0,0.0,0.0,0.0,0.7071067811865475,0.7071067811865475,0.4999999999999999,0.4999999999999999,0.0,0.0,0.0,0.0,0.0,0.0,0.7071067811865475,0.7071067811865475,0.7071067811865475,0.7071067811865475,0.9999999999999998,0.9999999999999998,0.1543033499620919,0.1543033499620919,0.1543033499620919,0.1543033499620919,0.7071067811865475,0.7071067811865475,0.7071067811865475,0.0,0.9999999999999998,0.9999999999999998,0.4999999999999999,0.4999999999999999,0.4999999999999999,0.0,0.7071067811865475,0.7071067811865475,0.7071067811865475,0.7071067811865475,0.7071067811865475,0.7071067811865475,0.4999999999999999,0.4999999999999999,0.7071067811865475,0.7071067811865475,0.7071067811865475,0.7071067811865475,0.7071067811865475,0.7071067811865475,0.0,0.0,0.2886751345948129,0.2886751345948129,0.7071067811865475,0.7071067811865475,0.7071067811865475,0.7071067811865475,0.7071067811865475,0.7071067811865475,0.4999999999999999,0.4999999999999999,0.0,0.0,0.8164965809277259,0.2886751345948129,0.2886751345948129,0.0,0.0,0.7071067811865475,0.7071067811865475,0.4999999999999999,0.4999999999999999,0.7071067811865475,0.7071067811865475,0.7071067811865475,0.7071067811865475,0.7071067811865475,0.7071067811865475,0.4999999999999999,0.4999999999999999,0.7071067811865475,0.0,0.0,0.0,0.0,0.0,0.0,0.7071067811865475,0.7071067811865475,0.7071067811865475,0.7071067811865475,0.2886751345948129,0.2886751345948129,0.4999999999999999,0.4999999999999999,0.7071067811865475,0.7071067811865475,0.0,0.0,0.7071067811865475,0.0,0.0,0.0,0.0,0.6324555320336759,0.0,0.0,0.7071067811865475,0.7071067811865475,0.7071067811865475,0.7071067811865475,0.4714045207910316,0.7071067811865475,0.7071067811865475,0.4999999999999999,0.4999999999999999,0.0,0.0,0.0,0.0,0.7071067811865475,0.7071067811865475,0.0,0.0,0.7071067811865475,0.0,0.0,0.0,0.0,0.0,0.0,0.0,0.0,0.0,0.0,0.7071067811865475,0.7071067811865475,0.0,0.0,0.0,0.0,0.0,0.0,0.0,0.2886751345948129,0.2886751345948129,0.9999999999999998,0.9999999999999998,0.9999999999999998,0.9999999999999998,0.9999999999999998,0.9999999999999998,0.4999999999999999,0.4999999999999999,0.4999999999999999,0.4999999999999999,0.0,0.0,0.0,0.0,0.0,0.0,0.0,0.0,0.0,0.0,0.7071067811865475,0.7071067811865475,0.7071067811865475,0.7071067811865475,0.0,0.0,0.4999999999999999,0.4999999999999999,0.4999999999999999,0.4999999999999999,0.0,0.0,0.0,0.0,0.4999999999999999,0.4999999999999999,0.4999999999999999,0.4999999999999999,0.0,0.0,0.0,0.0,0.0,0.0,0.0,0.0,0.0,0.0,0.0,0.0,0.0,0.0,0.0,0.0,0.0,0.0,0.0,0.0,0.0,0.0,0.0,0.0,0.0,0.0,0.0,0.0,0.0,0.0,0.0,0.0,0.0,0.7071067811865475,0.7071067811865475,0.7071067811865475,0.7071067811865475,0.7071067811865475,0.7071067811865475,0.0,0.4999999999999999,0.4999999999999999,0.4999999999999999,0.4999999999999999,0.4999999999999999,0.0,0.0,0.0,0.0,0.0,0.0,0.0,0.0,0.0,0.0,0.0,0.0,0.0,0.0,0.0,0.0,0.0,0.7071067811865475,0.7071067811865475,0.7071067811865475,0.7071067811865475,0.7071067811865475,0.7071067811865475,0.7071067811865475,0.7071067811865475,0.7071067811865475,0.7071067811865475,0.7071067811865475,0.7071067811865475,0.7071067811865475,0.0,0.0,0.0,0.0,0.0,0.0,0.0,0.0
NSML,0.2886751345948129,0.2886751345948129,0.2886751345948129,0.2886751345948129,0.0,0.0,0.18257418583505536,0.4082482904638631,0.0,0.2886751345948129,0.2886751345948129,0.18257418583505536,0.18257418583505536,0.2886751345948129,0.0,0.0,0.0,0.2886751345948129,1.0,1.0000000000000002,0.8333333333333335,0.8333333333333335,0.0,0.0,0.0,0.0,0.0,0.0,0.0,0.0,0.9128709291752769,0.9128709291752769,0.0,0.0,0.0,0.0,0.0,0.0,0.0,0.0,0.0,0.0,0.0,0.0,0.0,0.0,0.0,0.0,0.0,0.0,0.0,0.0,0.0,0.0,0.2886751345948129,0.2886751345948129,0.9799578870122229,0.9799578870122229,0.9799578870122229,0.9799578870122229,0.0,0.0,0.0,0.0,0.2886751345948129,0.2886751345948129,0.2886751345948129,0.2886751345948129,0.2886751345948129,0.0,0.0,0.0,0.0,0.0,0.0,0.0,0.2886751345948129,0.2886751345948129,0.0,0.0,0.0,0.0,0.0,0.0,0.9128709291752769,0.9128709291752769,0.8333333333333335,0.8333333333333335,0.0,0.0,0.0,0.0,0.0,0.0,0.2886751345948129,0.2886751345948129,0.0,0.0,0.23570226039551587,0.8333333333333335,0.8333333333333335,0.0,0.0,0.0,0.0,0.2886751345948129,0.2886751345948129,0.0,0.0,0.0,0.0,0.0,0.0,0.2886751345948129,0.2886751345948129,0.4082482904638631,0.0,0.0,0.9128709291752769,0.9128709291752769,0.0,0.0,0.0,0.0,0.4082482904638631,0.4082482904638631,0.8333333333333335,0.8333333333333335,0.2886751345948129,0.2886751345948129,0.0,0.0,0.8333333333333335,0.8333333333333335,0.4082482904638631,0.0,0.0,0.0,0.0,0.3651483716701107,0.0,0.0,0.4082482904638631,0.4082482904638631,0.4082482904638631,0.4082482904638631,0.9525793444156805,0.4082482904638631,0.0,0.0,0.0,0.0,0.0,0.0,0.0,0.0,0.4082482904638631,0.0,0.0,0.4082482904638631,0.0,0.0,0.0,0.0,0.0,0.0,0.0,0.0,0.0,0.0,0.0,0.0,0.0,0.0,0.0,0.0,0.0,0.0,0.0,0.8333333333333335,0.8333333333333335,0.2886751345948129,0.2886751345948129,0.2886751345948129,0.2886751345948129,0.2886751345948129,0.2886751345948129,0.2886751345948129,0.2886751345948129,0.2886751345948129,0.2886751345948129,0.0,0.0,0.0,0.0,0.0,0.0,0.0,0.0,0.0,0.0,0.4082482904638631,0.4082482904638631,0.4082482904638631,0.4082482904638631,0.0,0.0,0.2886751345948129,0.2886751345948129,0.2886751345948129,0.2886751345948129,0.0,0.0,0.0,0.0,0.2886751345948129,0.2886751345948129,0.2886751345948129,0.2886751345948129,0.0,0.0,0.0,0.0,0.0,0.0,0.0,0.0,0.0,0.0,0.0,0.0,0.0,0.0,0.0,0.0,0.0,0.0,0.0,0.0,0.0,0.0,0.0,0.0,0.0,0.0,0.0,0.0,0.0,0.0,0.0,0.0,0.0,0.4082482904638631,0.4082482904638631,0.4082482904638631,0.4082482904638631,0.4082482904638631,0.4082482904638631,0.0,0.2886751345948129,0.2886751345948129,0.2886751345948129,0.2886751345948129,0.2886751345948129,0.0,0.0,0.0,0.0,0.0,0.0,0.0,0.0,0.0,0.0,0.0,0.0,0.0,0.0,0.0,0.0,0.0,0.4082482904638631,0.4082482904638631,0.4082482904638631,0.4082482904638631,0.4082482904638631,0.4082482904638631,0.4082482904638631,0.4082482904638631,0.4082482904638631,0.4082482904638631,0.4082482904638631,0.4082482904638631,0.4082482904638631,0.8333333333333335,0.8333333333333335,0.0,0.0,0.0,0.8333333333333335,0.8333333333333335,0.0
NSMR,0.2886751345948129,0.2886751345948129,0.2886751345948129,0.2886751345948129,0.0,0.0,0.18257418583505536,0.4082482904638631,0.0,0.2886751345948129,0.2886751345948129,0.18257418583505536,0.18257418583505536,0.2886751345948129,0.0,0.0,0.0,0.2886751345948129,1.0000000000000002,1.0,0.8333333333333335,0.8333333333333335,0.0,0.0,0.0,0.0,0.0,0.0,0.0,0.0,0.9128709291752769,0.9128709291752769,0.0,0.0,0.0,0.0,0.0,0.0,0.0,0.0,0.0,0.0,0.0,0.0,0.0,0.0,0.0,0.0,0.0,0.0,0.0,0.0,0.0,0.0,0.2886751345948129,0.2886751345948129,0.9799578870122229,0.9799578870122229,0.9799578870122229,0.9799578870122229,0.0,0.0,0.0,0.0,0.2886751345948129,0.2886751345948129,0.2886751345948129,0.2886751345948129,0.2886751345948129,0.0,0.0,0.0,0.0,0.0,0.0,0.0,0.2886751345948129,0.2886751345948129,0.0,0.0,0.0,0.0,0.0,0.0,0.9128709291752769,0.9128709291752769,0.8333333333333335,0.8333333333333335,0.0,0.0,0.0,0.0,0.0,0.0,0.2886751345948129,0.2886751345948129,0.0,0.0,0.23570226039551587,0.8333333333333335,0.8333333333333335,0.0,0.0,0.0,0.0,0.2886751345948129,0.2886751345948129,0.0,0.0,0.0,0.0,0.0,0.0,0.2886751345948129,0.2886751345948129,0.4082482904638631,0.0,0.0,0.9128709291752769,0.9128709291752769,0.0,0.0,0.0,0.0,0.4082482904638631,0.4082482904638631,0.8333333333333335,0.8333333333333335,0.2886751345948129,0.2886751345948129,0.0,0.0,0.8333333333333335,0.8333333333333335,0.4082482904638631,0.0,0.0,0.0,0.0,0.3651483716701107,0.0,0.0,0.4082482904638631,0.4082482904638631,0.4082482904638631,0.4082482904638631,0.9525793444156805,0.4082482904638631,0.0,0.0,0.0,0.0,0.0,0.0,0.0,0.0,0.4082482904638631,0.0,0.0,0.4082482904638631,0.0,0.0,0.0,0.0,0.0,0.0,0.0,0.0,0.0,0.0,0.0,0.0,0.0,0.0,0.0,0.0,0.0,0.0,0.0,0.8333333333333335,0.8333333333333335,0.2886751345948129,0.2886751345948129,0.2886751345948129,0.2886751345948129,0.2886751345948129,0.2886751345948129,0.2886751345948129,0.2886751345948129,0.2886751345948129,0.2886751345948129,0.0,0.0,0.0,0.0,0.0,0.0,0.0,0.0,0.0,0.0,0.4082482904638631,0.4082482904638631,0.4082482904638631,0.4082482904638631,0.0,0.0,0.2886751345948129,0.2886751345948129,0.2886751345948129,0.2886751345948129,0.0,0.0,0.0,0.0,0.2886751345948129,0.2886751345948129,0.2886751345948129,0.2886751345948129,0.0,0.0,0.0,0.0,0.0,0.0,0.0,0.0,0.0,0.0,0.0,0.0,0.0,0.0,0.0,0.0,0.0,0.0,0.0,0.0,0.0,0.0,0.0,0.0,0.0,0.0,0.0,0.0,0.0,0.0,0.0,0.0,0.0,0.4082482904638631,0.4082482904638631,0.4082482904638631,0.4082482904638631,0.4082482904638631,0.4082482904638631,0.0,0.2886751345948129,0.2886751345948129,0.2886751345948129,0.2886751345948129,0.2886751345948129,0.0,0.0,0.0,0.0,0.0,0.0,0.0,0.0,0.0,0.0,0.0,0.0,0.0,0.0,0.0,0.0,0.0,0.4082482904638631,0.4082482904638631,0.4082482904638631,0.4082482904638631,0.4082482904638631,0.4082482904638631,0.4082482904638631,0.4082482904638631,0.4082482904638631,0.4082482904638631,0.4082482904638631,0.4082482904638631,0.4082482904638631,0.8333333333333335,0.8333333333333335,0.0,0.0,0.0,0.8333333333333335,0.8333333333333335,0.0
ADFL,0.2886751345948129,0.2886751345948129,0.0,0.0,0.4082482904638631,0.0,0.0,0.0,0.4082482904638631,0.2886751345948129,0.2886751345948129,0.0,0.0,0.2886751345948129,0.2886751345948129,0.4082482904638631,0.4082482904638631,0.0,0.8333333333333335,0.8333333333333335,1.0,1.0000000000000002,0.0,0.0,0.0,0.0,0.0,0.0,0.0,0.0,0.9128709291752769,0.9128709291752769,0.4082482904638631,0.4082482904638631,0.0,0.0,0.4082482904638631,0.4082482904638631,0.4082482904638631,0.4082482904638631,0.0,0.0,0.2886751345948129,0.2886751345948129,0.4082482904638631,0.4082482904638631,0.4082482904638631,0.4082482904638631,0.4082482904638631,0.4082482904638631,0.0,0.0,0.0,0.0,0.0,0.0,0.890870806374748,0.890870806374748,0.890870806374748,0.890870806374748,0.0,0.0,0.0,0.0,0.0,0.0,0.2886751345948129,0.2886751345948129,0.2886751345948129,0.4082482904638631,0.0,0.0,0.0,0.0,0.0,0.0,0.2886751345948129,0.2886751345948129,0.0,0.0,0.0,0.0,0.0,0.0,0.9128709291752769,0.9128709291752769,0.8333333333333335,0.8333333333333335,0.0,0.0,0.0,0.0,0.0,0.0,0.2886751345948129,0.2886751345948129,0.4082482904638631,0.4082482904638631,0.23570226039551587,0.8333333333333335,0.8333333333333335,0.4082482904638631,0.4082482904638631,0.0,0.0,0.2886751345948129,0.2886751345948129,0.0,0.0,0.0,0.0,0.0,0.0,0.2886751345948129,0.2886751345948129,0.0,0.0,0.0,0.9128709291752769,0.9128709291752769,0.4082482904638631,0.4082482904638631,0.0,0.0,0.0,0.0,0.8333333333333335,0.8333333333333335,0.2886751345948129,0.2886751345948129,0.0,0.0,1.0000000000000002,1.0000000000000002,0.0,0.0,0.0,0.0,0.0,0.18257418583505536,0.0,0.0,0.0,0.0,0.0,0.0,0.6804138174397718,0.0,0.0,0.2886751345948129,0.2886751345948129,0.4082482904638631,0.4082482904638631,0.0,0.0,0.0,0.0,0.0,0.0,0.0,0.4082482904638631,0.4082482904638631,0.4082482904638631,0.4082482904638631,0.4082482904638631,0.4082482904638631,0.4082482904638631,0.4082482904638631,0.4082482904638631,0.4082482904638631,0.0,0.0,0.4082482904638631,0.4082482904638631,0.4082482904638631,0.4082482904638631,0.4082482904638631,0.4082482904638631,0.4082482904638631,0.8333333333333335,0.8333333333333335,0.0,0.0,0.0,0.0,0.0,0.0,0.2886751345948129,0.2886751345948129,0.2886751345948129,0.2886751345948129,0.4082482904638631,0.4082482904638631,0.4082482904638631,0.4082482904638631,0.4082482904638631,0.4082482904638631,0.4082482904638631,0.4082482904638631,0.4082482904638631,0.4082482904638631,0.0,0.0,0.0,0.0,0.4082482904638631,0.4082482904638631,0.2886751345948129,0.2886751345948129,0.2886751345948129,0.2886751345948129,0.4082482904638631,0.4082482904638631,0.4082482904638631,0.4082482904638631,0.2886751345948129,0.2886751345948129,0.2886751345948129,0.2886751345948129,0.4082482904638631,0.4082482904638631,0.4082482904638631,0.4082482904638631,0.4082482904638631,0.4082482904638631,0.4082482904638631,0.4082482904638631,0.4082482904638631,0.4082482904638631,0.4082482904638631,0.4082482904638631,0.4082482904638631,0.4082482904638631,0.4082482904638631,0.4082482904638631,0.4082482904638631,0.4082482904638631,0.4082482904638631,0.4082482904638631,0.4082482904638631,0.4082482904638631,0.4082482904638631,0.4082482904638631,0.4082482904638631,0.4082482904638631,0.4082482904638631,0.4082482904638631,0.4082482904638631,0.4082482904638631,0.4082482904638631,0.4082482904638631,0.4082482904638631,0.0,0.0,0.0,0.0,0.0,0.0,0.4082482904638631,0.2886751345948129,0.2886751345948129,0.2886751345948129,0.2886751345948129,0.2886751345948129,0.4082482904638631,0.4082482904638631,0.4082482904638631,0.4082482904638631,0.4082482904638631,0.4082482904638631,0.4082482904638631,0.4082482904638631,0.4082482904638631,0.4082482904638631,0.4082482904638631,0.4082482904638631,0.4082482904638631,0.4082482904638631,0.4082482904638631,0.4082482904638631,0.4082482904638631,0.0,0.0,0.0,0.0,0.0,0.0,0.0,0.0,0.0,0.0,0.0,0.0,0.0,1.0000000000000002,1.0000000000000002,0.4082482904638631,0.4082482904638631,0.4082482904638631,1.0000000000000002,1.0000000000000002,0.4082482904638631
ADFR,0.2886751345948129,0.2886751345948129,0.0,0.0,0.4082482904638631,0.0,0.0,0.0,0.4082482904638631,0.2886751345948129,0.2886751345948129,0.0,0.0,0.2886751345948129,0.2886751345948129,0.4082482904638631,0.4082482904638631,0.0,0.8333333333333335,0.8333333333333335,1.0000000000000002,1.0,0.0,0.0,0.0,0.0,0.0,0.0,0.0,0.0,0.9128709291752769,0.9128709291752769,0.4082482904638631,0.4082482904638631,0.0,0.0,0.4082482904638631,0.4082482904638631,0.4082482904638631,0.4082482904638631,0.0,0.0,0.2886751345948129,0.2886751345948129,0.4082482904638631,0.4082482904638631,0.4082482904638631,0.4082482904638631,0.4082482904638631,0.4082482904638631,0.0,0.0,0.0,0.0,0.0,0.0,0.890870806374748,0.890870806374748,0.890870806374748,0.890870806374748,0.0,0.0,0.0,0.0,0.0,0.0,0.2886751345948129,0.2886751345948129,0.2886751345948129,0.4082482904638631,0.0,0.0,0.0,0.0,0.0,0.0,0.2886751345948129,0.2886751345948129,0.0,0.0,0.0,0.0,0.0,0.0,0.9128709291752769,0.9128709291752769,0.8333333333333335,0.8333333333333335,0.0,0.0,0.0,0.0,0.0,0.0,0.2886751345948129,0.2886751345948129,0.4082482904638631,0.4082482904638631,0.23570226039551587,0.8333333333333335,0.8333333333333335,0.4082482904638631,0.4082482904638631,0.0,0.0,0.2886751345948129,0.2886751345948129,0.0,0.0,0.0,0.0,0.0,0.0,0.2886751345948129,0.2886751345948129,0.0,0.0,0.0,0.9128709291752769,0.9128709291752769,0.4082482904638631,0.4082482904638631,0.0,0.0,0.0,0.0,0.8333333333333335,0.8333333333333335,0.2886751345948129,0.2886751345948129,0.0,0.0,1.0000000000000002,1.0000000000000002,0.0,0.0,0.0,0.0,0.0,0.18257418583505536,0.0,0.0,0.0,0.0,0.0,0.0,0.6804138174397718,0.0,0.0,0.2886751345948129,0.2886751345948129,0.4082482904638631,0.4082482904638631,0.0,0.0,0.0,0.0,0.0,0.0,0.0,0.4082482904638631,0.4082482904638631,0.4082482904638631,0.4082482904638631,0.4082482904638631,0.4082482904638631,0.4082482904638631,0.4082482904638631,0.4082482904638631,0.4082482904638631,0.0,0.0,0.4082482904638631,0.4082482904638631,0.4082482904638631,0.4082482904638631,0.4082482904638631,0.4082482904638631,0.4082482904638631,0.8333333333333335,0.8333333333333335,0.0,0.0,0.0,0.0,0.0,0.0,0.2886751345948129,0.2886751345948129,0.2886751345948129,0.2886751345948129,0.4082482904638631,0.4082482904638631,0.4082482904638631,0.4082482904638631,0.4082482904638631,0.4082482904638631,0.4082482904638631,0.4082482904638631,0.4082482904638631,0.4082482904638631,0.0,0.0,0.0,0.0,0.4082482904638631,0.4082482904638631,0.2886751345948129,0.2886751345948129,0.2886751345948129,0.2886751345948129,0.4082482904638631,0.4082482904638631,0.4082482904638631,0.4082482904638631,0.2886751345948129,0.2886751345948129,0.2886751345948129,0.2886751345948129,0.4082482904638631,0.4082482904638631,0.4082482904638631,0.4082482904638631,0.4082482904638631,0.4082482904638631,0.4082482904638631,0.4082482904638631,0.4082482904638631,0.4082482904638631,0.4082482904638631,0.4082482904638631,0.4082482904638631,0.4082482904638631,0.4082482904638631,0.4082482904638631,0.4082482904638631,0.4082482904638631,0.4082482904638631,0.4082482904638631,0.4082482904638631,0.4082482904638631,0.4082482904638631,0.4082482904638631,0.4082482904638631,0.4082482904638631,0.4082482904638631,0.4082482904638631,0.4082482904638631,0.4082482904638631,0.4082482904638631,0.4082482904638631,0.4082482904638631,0.0,0.0,0.0,0.0,0.0,0.0,0.4082482904638631,0.2886751345948129,0.2886751345948129,0.2886751345948129,0.2886751345948129,0.2886751345948129,0.4082482904638631,0.4082482904638631,0.4082482904638631,0.4082482904638631,0.4082482904638631,0.4082482904638631,0.4082482904638631,0.4082482904638631,0.4082482904638631,0.4082482904638631,0.4082482904638631,0.4082482904638631,0.4082482904638631,0.4082482904638631,0.4082482904638631,0.4082482904638631,0.4082482904638631,0.0,0.0,0.0,0.0,0.0,0.0,0.0,0.0,0.0,0.0,0.0,0.0,0.0,1.0000000000000002,1.0000000000000002,0.4082482904638631,0.4082482904638631,0.4082482904638631,1.0000000000000002,1.0000000000000002,0.4082482904638631
ADLL,0.0,0.0,0.7071067811865475,0.7071067811865475,0.0,1.0,0.8944271909999159,0.0,0.0,0.0,0.0,0.8944271909999159,0.8944271909999159,0.0,0.7071067811865475,0.0,0.0,0.7071067811865475,0.0,0.0,0.0,0.0,1.0,1.0,1.0,1.0,1.0,1.0,1.0,1.0,0.0,0.0,0.0,0.0,1.0,1.0,0.0,0.0,0.0,0.0,1.0,1.0,0.7071067811865475,0.7071067811865475,0.0,0.0,0.0,0.0,0.0,0.0,1.0,1.0,1.0,1.0,0.7071067811865475,0.7071067811865475,0.0,0.0,0.0,0.0,1.0,1.0,1.0,0.0,0.7071067811865475,0.7071067811865475,0.0,0.0,0.0,0.0,1.0,1.0,1.0,1.0,1.0,1.0,0.0,0.0,1.0,1.0,1.0,1.0,1.0,1.0,0.0,0.0,0.4082482904638631,0.4082482904638631,1.0,1.0,1.0,1.0,1.0,1.0,0.0,0.0,0.0,0.0,0.5773502691896258,0.4082482904638631,0.4082482904638631,0.0,0.0,1.0,1.0,0.0,0.0,1.0,1.0,1.0,1.0,1.0,1.0,0.0,0.0,0.0,0.0,0.0,0.0,0.0,0.0,0.0,1.0,1.0,0.0,0.0,0.4082482904638631,0.4082482904638631,0.0,0.0,1.0,1.0,0.0,0.0,0.0,0.0,0.0,0.0,0.0,0.0,0.0,0.0,0.0,0.0,0.0,0.0,0.0,0.0,1.0,0.7071067811865475,0.7071067811865475,0.0,0.0,0.0,0.0,1.0,0.0,0.0,0.0,0.0,0.0,0.0,0.0,0.0,0.0,0.0,0.0,0.0,0.0,0.0,1.0,1.0,0.0,0.0,0.0,0.0,0.0,0.0,0.0,0.4082482904638631,0.4082482904638631,0.7071067811865475,0.7071067811865475,0.7071067811865475,0.7071067811865475,0.7071067811865475,0.7071067811865475,0.0,0.0,0.0,0.0,0.0,0.0,0.0,0.0,0.0,0.0,0.0,0.0,0.0,0.0,0.0,0.0,0.0,0.0,0.0,0.0,0.0,0.0,0.0,0.0,0.0,0.0,0.0,0.0,0.0,0.0,0.0,0.0,0.0,0.0,0.0,0.0,0.0,0.0,0.0,0.0,0.0,0.0,0.0,0.0,0.0,0.0,0.0,0.0,0.0,0.0,0.0,0.0,0.0,0.0,0.0,0.0,0.0,0.0,0.0,0.0,0.0,0.0,0.0,0.0,0.0,0.0,0.0,0.0,0.0,0.0,0.0,0.0,0.0,0.0,0.0,0.0,0.0,0.0,0.0,0.0,0.0,0.0,0.0,0.0,0.0,0.0,0.0,0.0,0.0,0.0,0.0,0.0,0.0,0.0,0.0,0.0,0.0,0.0,0.0,0.0,0.0,0.0,0.0,0.0,0.0,0.0,0.0,0.0,0.0,0.0,0.0,0.0,0.0,0.0,0.0
ADLR,0.0,0.0,0.7071067811865475,0.7071067811865475,0.0,1.0,0.8944271909999159,0.0,0.0,0.0,0.0,0.8944271909999159,0.8944271909999159,0.0,0.7071067811865475,0.0,0.0,0.7071067811865475,0.0,0.0,0.0,0.0,1.0,1.0,1.0,1.0,1.0,1.0,1.0,1.0,0.0,0.0,0.0,0.0,1.0,1.0,0.0,0.0,0.0,0.0,1.0,1.0,0.7071067811865475,0.7071067811865475,0.0,0.0,0.0,0.0,0.0,0.0,1.0,1.0,1.0,1.0,0.7071067811865475,0.7071067811865475,0.0,0.0,0.0,0.0,1.0,1.0,1.0,0.0,0.7071067811865475,0.7071067811865475,0.0,0.0,0.0,0.0,1.0,1.0,1.0,1.0,1.0,1.0,0.0,0.0,1.0,1.0,1.0,1.0,1.0,1.0,0.0,0.0,0.4082482904638631,0.4082482904638631,1.0,1.0,1.0,1.0,1.0,1.0,0.0,0.0,0.0,0.0,0.5773502691896258,0.4082482904638631,0.4082482904638631,0.0,0.0,1.0,1.0,0.0,0.0,1.0,1.0,1.0,1.0,1.0,1.0,0.0,0.0,0.0,0.0,0.0,0.0,0.0,0.0,0.0,1.0,1.0,0.0,0.0,0.4082482904638631,0.4082482904638631,0.0,0.0,1.0,1.0,0.0,0.0,0.0,0.0,0.0,0.0,0.0,0.0,0.0,0.0,0.0,0.0,0.0,0.0,0.0,0.0,1.0,0.7071067811865475,0.7071067811865475,0.0,0.0,0.0,0.0,1.0,0.0,0.0,0.0,0.0,0.0,0.0,0.0,0.0,0.0,0.0,0.0,0.0,0.0,0.0,1.0,1.0,0.0,0.0,0.0,0.0,0.0,0.0,0.0,0.4082482904638631,0.4082482904638631,0.7071067811865475,0.7071067811865475,0.7071067811865475,0.7071067811865475,0.7071067811865475,0.7071067811865475,0.0,0.0,0.0,0.0,0.0,0.0,0.0,0.0,0.0,0.0,0.0,0.0,0.0,0.0,0.0,0.0,0.0,0.0,0.0,0.0,0.0,0.0,0.0,0.0,0.0,0.0,0.0,0.0,0.0,0.0,0.0,0.0,0.0,0.0,0.0,0.0,0.0,0.0,0.0,0.0,0.0,0.0,0.0,0.0,0.0,0.0,0.0,0.0,0.0,0.0,0.0,0.0,0.0,0.0,0.0,0.0,0.0,0.0,0.0,0.0,0.0,0.0,0.0,0.0,0.0,0.0,0.0,0.0,0.0,0.0,0.0,0.0,0.0,0.0,0.0,0.0,0.0,0.0,0.0,0.0,0.0,0.0,0.0,0.0,0.0,0.0,0.0,0.0,0.0,0.0,0.0,0.0,0.0,0.0,0.0,0.0,0.0,0.0,0.0,0.0,0.0,0.0,0.0,0.0,0.0,0.0,0.0,0.0,0.0,0.0,0.0,0.0,0.0,0.0,0.0
ASEL,0.0,0.0,0.7071067811865475,0.7071067811865475,0.0,1.0,0.8944271909999159,0.0,0.0,0.0,0.0,0.8944271909999159,0.8944271909999159,0.0,0.7071067811865475,0.0,0.0,0.7071067811865475,0.0,0.0,0.0,0.0,1.0,1.0,1.0,1.0,1.0,1.0,1.0,1.0,0.0,0.0,0.0,0.0,1.0,1.0,0.0,0.0,0.0,0.0,1.0,1.0,0.7071067811865475,0.7071067811865475,0.0,0.0,0.0,0.0,0.0,0.0,1.0,1.0,1.0,1.0,0.7071067811865475,0.7071067811865475,0.0,0.0,0.0,0.0,1.0,1.0,1.0,0.0,0.7071067811865475,0.7071067811865475,0.0,0.0,0.0,0.0,1.0,1.0,1.0,1.0,1.0,1.0,0.0,0.0,1.0,1.0,1.0,1.0,1.0,1.0,0.0,0.0,0.4082482904638631,0.4082482904638631,1.0,1.0,1.0,1.0,1.0,1.0,0.0,0.0,0.0,0.0,0.5773502691896258,0.4082482904638631,0.4082482904638631,0.0,0.0,1.0,1.0,0.0,0.0,1.0,1.0,1.0,1.0,1.0,1.0,0.0,0.0,0.0,0.0,0.0,0.0,0.0,0.0,0.0,1.0,1.0,0.0,0.0,0.4082482904638631,0.4082482904638631,0.0,0.0,1.0,1.0,0.0,0.0,0.0,0.0,0.0,0.0,0.0,0.0,0.0,0.0,0.0,0.0,0.0,0.0,0.0,0.0,1.0,0.7071067811865475,0.7071067811865475,0.0,0.0,0.0,0.0,1.0,0.0,0.0,0.0,0.0,0.0,0.0,0.0,0.0,0.0,0.0,0.0,0.0,0.0,0.0,1.0,1.0,0.0,0.0,0.0,0.0,0.0,0.0,0.0,0.4082482904638631,0.4082482904638631,0.7071067811865475,0.7071067811865475,0.7071067811865475,0.7071067811865475,0.7071067811865475,0.7071067811865475,0.0,0.0,0.0,0.0,0.0,0.0,0.0,0.0,0.0,0.0,0.0,0.0,0.0,0.0,0.0,0.0,0.0,0.0,0.0,0.0,0.0,0.0,0.0,0.0,0.0,0.0,0.0,0.0,0.0,0.0,0.0,0.0,0.0,0.0,0.0,0.0,0.0,0.0,0.0,0.0,0.0,0.0,0.0,0.0,0.0,0.0,0.0,0.0,0.0,0.0,0.0,0.0,0.0,0.0,0.0,0.0,0.0,0.0,0.0,0.0,0.0,0.0,0.0,0.0,0.0,0.0,0.0,0.0,0.0,0.0,0.0,0.0,0.0,0.0,0.0,0.0,0.0,0.0,0.0,0.0,0.0,0.0,0.0,0.0,0.0,0.0,0.0,0.0,0.0,0.0,0.0,0.0,0.0,0.0,0.0,0.0,0.0,0.0,0.0,0.0,0.0,0.0,0.0,0.0,0.0,0.0,0.0,0.0,0.0,0.0,0.0,0.0,0.0,0.0,0.0
ASER,0.0,0.0,0.7071067811865475,0.7071067811865475,0.0,1.0,0.8944271909999159,0.0,0.0,0.0,0.0,0.8944271909999159,0.8944271909999159,0.0,0.7071067811865475,0.0,0.0,0.7071067811865475,0.0,0.0,0.0,0.0,1.0,1.0,1.0,1.0,1.0,1.0,1.0,1.0,0.0,0.0,0.0,0.0,1.0,1.0,0.0,0.0,0.0,0.0,1.0,1.0,0.7071067811865475,0.7071067811865475,0.0,0.0,0.0,0.0,0.0,0.0,1.0,1.0,1.0,1.0,0.7071067811865475,0.7071067811865475,0.0,0.0,0.0,0.0,1.0,1.0,1.0,0.0,0.7071067811865475,0.7071067811865475,0.0,0.0,0.0,0.0,1.0,1.0,1.0,1.0,1.0,1.0,0.0,0.0,1.0,1.0,1.0,1.0,1.0,1.0,0.0,0.0,0.4082482904638631,0.4082482904638631,1.0,1.0,1.0,1.0,1.0,1.0,0.0,0.0,0.0,0.0,0.5773502691896258,0.4082482904638631,0.4082482904638631,0.0,0.0,1.0,1.0,0.0,0.0,1.0,1.0,1.0,1.0,1.0,1.0,0.0,0.0,0.0,0.0,0.0,0.0,0.0,0.0,0.0,1.0,1.0,0.0,0.0,0.4082482904638631,0.4082482904638631,0.0,0.0,1.0,1.0,0.0,0.0,0.0,0.0,0.0,0.0,0.0,0.0,0.0,0.0,0.0,0.0,0.0,0.0,0.0,0.0,1.0,0.7071067811865475,0.7071067811865475,0.0,0.0,0.0,0.0,1.0,0.0,0.0,0.0,0.0,0.0,0.0,0.0,0.0,0.0,0.0,0.0,0.0,0.0,0.0,1.0,1.0,0.0,0.0,0.0,0.0,0.0,0.0,0.0,0.4082482904638631,0.4082482904638631,0.7071067811865475,0.7071067811865475,0.7071067811865475,0.7071067811865475,0.7071067811865475,0.7071067811865475,0.0,0.0,0.0,0.0,0.0,0.0,0.0,0.0,0.0,0.0,0.0,0.0,0.0,0.0,0.0,0.0,0.0,0.0,0.0,0.0,0.0,0.0,0.0,0.0,0.0,0.0,0.0,0.0,0.0,0.0,0.0,0.0,0.0,0.0,0.0,0.0,0.0,0.0,0.0,0.0,0.0,0.0,0.0,0.0,0.0,0.0,0.0,0.0,0.0,0.0,0.0,0.0,0.0,0.0,0.0,0.0,0.0,0.0,0.0,0.0,0.0,0.0,0.0,0.0,0.0,0.0,0.0,0.0,0.0,0.0,0.0,0.0,0.0,0.0,0.0,0.0,0.0,0.0,0.0,0.0,0.0,0.0,0.0,0.0,0.0,0.0,0.0,0.0,0.0,0.0,0.0,0.0,0.0,0.0,0.0,0.0,0.0,0.0,0.0,0.0,0.0,0.0,0.0,0.0,0.0,0.0,0.0,0.0,0.0,0.0,0.0,0.0,0.0,0.0,0.0
ASGL,0.0,0.0,0.7071067811865475,0.7071067811865475,0.0,1.0,0.8944271909999159,0.0,0.0,0.0,0.0,0.8944271909999159,0.8944271909999159,0.0,0.7071067811865475,0.0,0.0,0.7071067811865475,0.0,0.0,0.0,0.0,1.0,1.0,1.0,1.0,1.0,1.0,1.0,1.0,0.0,0.0,0.0,0.0,1.0,1.0,0.0,0.0,0.0,0.0,1.0,1.0,0.7071067811865475,0.7071067811865475,0.0,0.0,0.0,0.0,0.0,0.0,1.0,1.0,1.0,1.0,0.7071067811865475,0.7071067811865475,0.0,0.0,0.0,0.0,1.0,1.0,1.0,0.0,0.7071067811865475,0.7071067811865475,0.0,0.0,0.0,0.0,1.0,1.0,1.0,1.0,1.0,1.0,0.0,0.0,1.0,1.0,1.0,1.0,1.0,1.0,0.0,0.0,0.4082482904638631,0.4082482904638631,1.0,1.0,1.0,1.0,1.0,1.0,0.0,0.0,0.0,0.0,0.5773502691896258,0.4082482904638631,0.4082482904638631,0.0,0.0,1.0,1.0,0.0,0.0,1.0,1.0,1.0,1.0,1.0,1.0,0.0,0.0,0.0,0.0,0.0,0.0,0.0,0.0,0.0,1.0,1.0,0.0,0.0,0.4082482904638631,0.4082482904638631,0.0,0.0,1.0,1.0,0.0,0.0,0.0,0.0,0.0,0.0,0.0,0.0,0.0,0.0,0.0,0.0,0.0,0.0,0.0,0.0,1.0,0.7071067811865475,0.7071067811865475,0.0,0.0,0.0,0.0,1.0,0.0,0.0,0.0,0.0,0.0,0.0,0.0,0.0,0.0,0.0,0.0,0.0,0.0,0.0,1.0,1.0,0.0,0.0,0.0,0.0,0.0,0.0,0.0,0.4082482904638631,0.4082482904638631,0.7071067811865475,0.7071067811865475,0.7071067811865475,0.7071067811865475,0.7071067811865475,0.7071067811865475,0.0,0.0,0.0,0.0,0.0,0.0,0.0,0.0,0.0,0.0,0.0,0.0,0.0,0.0,0.0,0.0,0.0,0.0,0.0,0.0,0.0,0.0,0.0,0.0,0.0,0.0,0.0,0.0,0.0,0.0,0.0,0.0,0.0,0.0,0.0,0.0,0.0,0.0,0.0,0.0,0.0,0.0,0.0,0.0,0.0,0.0,0.0,0.0,0.0,0.0,0.0,0.0,0.0,0.0,0.0,0.0,0.0,0.0,0.0,0.0,0.0,0.0,0.0,0.0,0.0,0.0,0.0,0.0,0.0,0.0,0.0,0.0,0.0,0.0,0.0,0.0,0.0,0.0,0.0,0.0,0.0,0.0,0.0,0.0,0.0,0.0,0.0,0.0,0.0,0.0,0.0,0.0,0.0,0.0,0.0,0.0,0.0,0.0,0.0,0.0,0.0,0.0,0.0,0.0,0.0,0.0,0.0,0.0,0.0,0.0,0.0,0.0,0.0,0.0,0.0
ASGR,0.0,0.0,0.7071067811865475,0.7071067811865475,0.0,1.0,0.8944271909999159,0.0,0.0,0.0,0.0,0.8944271909999159,0.8944271909999159,0.0,0.7071067811865475,0.0,0.0,0.7071067811865475,0.0,0.0,0.0,0.0,1.0,1.0,1.0,1.0,1.0,1.0,1.0,1.0,0.0,0.0,0.0,0.0,1.0,1.0,0.0,0.0,0.0,0.0,1.0,1.0,0.7071067811865475,0.7071067811865475,0.0,0.0,0.0,0.0,0.0,0.0,1.0,1.0,1.0,1.0,0.7071067811865475,0.7071067811865475,0.0,0.0,0.0,0.0,1.0,1.0,1.0,0.0,0.7071067811865475,0.7071067811865475,0.0,0.0,0.0,0.0,1.0,1.0,1.0,1.0,1.0,1.0,0.0,0.0,1.0,1.0,1.0,1.0,1.0,1.0,0.0,0.0,0.4082482904638631,0.4082482904638631,1.0,1.0,1.0,1.0,1.0,1.0,0.0,0.0,0.0,0.0,0.5773502691896258,0.4082482904638631,0.4082482904638631,0.0,0.0,1.0,1.0,0.0,0.0,1.0,1.0,1.0,1.0,1.0,1.0,0.0,0.0,0.0,0.0,0.0,0.0,0.0,0.0,0.0,1.0,1.0,0.0,0.0,0.4082482904638631,0.4082482904638631,0.0,0.0,1.0,1.0,0.0,0.0,0.0,0.0,0.0,0.0,0.0,0.0,0.0,0.0,0.0,0.0,0.0,0.0,0.0,0.0,1.0,0.7071067811865475,0.7071067811865475,0.0,0.0,0.0,0.0,1.0,0.0,0.0,0.0,0.0,0.0,0.0,0.0,0.0,0.0,0.0,0.0,0.0,0.0,0.0,1.0,1.0,0.0,0.0,0.0,0.0,0.0,0.0,0.0,0.4082482904638631,0.4082482904638631,0.7071067811865475,0.7071067811865475,0.7071067811865475,0.7071067811865475,0.7071067811865475,0.7071067811865475,0.0,0.0,0.0,0.0,0.0,0.0,0.0,0.0,0.0,0.0,0.0,0.0,0.0,0.0,0.0,0.0,0.0,0.0,0.0,0.0,0.0,0.0,0.0,0.0,0.0,0.0,0.0,0.0,0.0,0.0,0.0,0.0,0.0,0.0,0.0,0.0,0.0,0.0,0.0,0.0,0.0,0.0,0.0,0.0,0.0,0.0,0.0,0.0,0.0,0.0,0.0,0.0,0.0,0.0,0.0,0.0,0.0,0.0,0.0,0.0,0.0,0.0,0.0,0.0,0.0,0.0,0.0,0.0,0.0,0.0,0.0,0.0,0.0,0.0,0.0,0.0,0.0,0.0,0.0,0.0,0.0,0.0,0.0,0.0,0.0,0.0,0.0,0.0,0.0,0.0,0.0,0.0,0.0,0.0,0.0,0.0,0.0,0.0,0.0,0.0,0.0,0.0,0.0,0.0,0.0,0.0,0.0,0.0,0.0,0.0,0.0,0.0,0.0,0.0,0.0
ASHL,0.0,0.0,0.7071067811865475,0.7071067811865475,0.0,1.0,0.8944271909999159,0.0,0.0,0.0,0.0,0.8944271909999159,0.8944271909999159,0.0,0.7071067811865475,0.0,0.0,0.7071067811865475,0.0,0.0,0.0,0.0,1.0,1.0,1.0,1.0,1.0,1.0,1.0,1.0,0.0,0.0,0.0,0.0,1.0,1.0,0.0,0.0,0.0,0.0,1.0,1.0,0.7071067811865475,0.7071067811865475,0.0,0.0,0.0,0.0,0.0,0.0,1.0,1.0,1.0,1.0,0.7071067811865475,0.7071067811865475,0.0,0.0,0.0,0.0,1.0,1.0,1.0,0.0,0.7071067811865475,0.7071067811865475,0.0,0.0,0.0,0.0,1.0,1.0,1.0,1.0,1.0,1.0,0.0,0.0,1.0,1.0,1.0,1.0,1.0,1.0,0.0,0.0,0.4082482904638631,0.4082482904638631,1.0,1.0,1.0,1.0,1.0,1.0,0.0,0.0,0.0,0.0,0.5773502691896258,0.4082482904638631,0.4082482904638631,0.0,0.0,1.0,1.0,0.0,0.0,1.0,1.0,1.0,1.0,1.0,1.0,0.0,0.0,0.0,0.0,0.0,0.0,0.0,0.0,0.0,1.0,1.0,0.0,0.0,0.4082482904638631,0.4082482904638631,0.0,0.0,1.0,1.0,0.0,0.0,0.0,0.0,0.0,0.0,0.0,0.0,0.0,0.0,0.0,0.0,0.0,0.0,0.0,0.0,1.0,0.7071067811865475,0.7071067811865475,0.0,0.0,0.0,0.0,1.0,0.0,0.0,0.0,0.0,0.0,0.0,0.0,0.0,0.0,0.0,0.0,0.0,0.0,0.0,1.0,1.0,0.0,0.0,0.0,0.0,0.0,0.0,0.0,0.4082482904638631,0.4082482904638631,0.7071067811865475,0.7071067811865475,0.7071067811865475,0.7071067811865475,0.7071067811865475,0.7071067811865475,0.0,0.0,0.0,0.0,0.0,0.0,0.0,0.0,0.0,0.0,0.0,0.0,0.0,0.0,0.0,0.0,0.0,0.0,0.0,0.0,0.0,0.0,0.0,0.0,0.0,0.0,0.0,0.0,0.0,0.0,0.0,0.0,0.0,0.0,0.0,0.0,0.0,0.0,0.0,0.0,0.0,0.0,0.0,0.0,0.0,0.0,0.0,0.0,0.0,0.0,0.0,0.0,0.0,0.0,0.0,0.0,0.0,0.0,0.0,0.0,0.0,0.0,0.0,0.0,0.0,0.0,0.0,0.0,0.0,0.0,0.0,0.0,0.0,0.0,0.0,0.0,0.0,0.0,0.0,0.0,0.0,0.0,0.0,0.0,0.0,0.0,0.0,0.0,0.0,0.0,0.0,0.0,0.0,0.0,0.0,0.0,0.0,0.0,0.0,0.0,0.0,0.0,0.0,0.0,0.0,0.0,0.0,0.0,0.0,0.0,0.0,0.0,0.0,0.0,0.0
ASHR,0.0,0.0,0.7071067811865475,0.7071067811865475,0.0,1.0,0.8944271909999159,0.0,0.0,0.0,0.0,0.8944271909999159,0.8944271909999159,0.0,0.7071067811865475,0.0,0.0,0.7071067811865475,0.0,0.0,0.0,0.0,1.0,1.0,1.0,1.0,1.0,1.0,1.0,1.0,0.0,0.0,0.0,0.0,1.0,1.0,0.0,0.0,0.0,0.0,1.0,1.0,0.7071067811865475,0.7071067811865475,0.0,0.0,0.0,0.0,0.0,0.0,1.0,1.0,1.0,1.0,0.7071067811865475,0.7071067811865475,0.0,0.0,0.0,0.0,1.0,1.0,1.0,0.0,0.7071067811865475,0.7071067811865475,0.0,0.0,0.0,0.0,1.0,1.0,1.0,1.0,1.0,1.0,0.0,0.0,1.0,1.0,1.0,1.0,1.0,1.0,0.0,0.0,0.4082482904638631,0.4082482904638631,1.0,1.0,1.0,1.0,1.0,1.0,0.0,0.0,0.0,0.0,0.5773502691896258,0.4082482904638631,0.4082482904638631,0.0,0.0,1.0,1.0,0.0,0.0,1.0,1.0,1.0,1.0,1.0,1.0,0.0,0.0,0.0,0.0,0.0,0.0,0.0,0.0,0.0,1.0,1.0,0.0,0.0,0.4082482904638631,0.4082482904638631,0.0,0.0,1.0,1.0,0.0,0.0,0.0,0.0,0.0,0.0,0.0,0.0,0.0,0.0,0.0,0.0,0.0,0.0,0.0,0.0,1.0,0.7071067811865475,0.7071067811865475,0.0,0.0,0.0,0.0,1.0,0.0,0.0,0.0,0.0,0.0,0.0,0.0,0.0,0.0,0.0,0.0,0.0,0.0,0.0,1.0,1.0,0.0,0.0,0.0,0.0,0.0,0.0,0.0,0.4082482904638631,0.4082482904638631,0.7071067811865475,0.7071067811865475,0.7071067811865475,0.7071067811865475,0.7071067811865475,0.7071067811865475,0.0,0.0,0.0,0.0,0.0,0.0,0.0,0.0,0.0,0.0,0.0,0.0,0.0,0.0,0.0,0.0,0.0,0.0,0.0,0.0,0.0,0.0,0.0,0.0,0.0,0.0,0.0,0.0,0.0,0.0,0.0,0.0,0.0,0.0,0.0,0.0,0.0,0.0,0.0,0.0,0.0,0.0,0.0,0.0,0.0,0.0,0.0,0.0,0.0,0.0,0.0,0.0,0.0,0.0,0.0,0.0,0.0,0.0,0.0,0.0,0.0,0.0,0.0,0.0,0.0,0.0,0.0,0.0,0.0,0.0,0.0,0.0,0.0,0.0,0.0,0.0,0.0,0.0,0.0,0.0,0.0,0.0,0.0,0.0,0.0,0.0,0.0,0.0,0.0,0.0,0.0,0.0,0.0,0.0,0.0,0.0,0.0,0.0,0.0,0.0,0.0,0.0,0.0,0.0,0.0,0.0,0.0,0.0,0.0,0.0,0.0,0.0,0.0,0.0,0.0
ASIL,0.0,0.0,0.0,0.0,0.0,0.0,0.0,0.0,0.0,0.0,0.0,0.0,0.0,0.0,0.0,0.0,0.0,0.0,0.9128709291752769,0.9128709291752769,0.9128709291752769,0.9128709291752769,0.0,0.0,0.0,0.0,0.0,0.0,0.0,0.0,1.0,0.9999999999999998,0.0,0.0,0.0,0.0,0.0,0.0,0.0,0.0,0.0,0.0,0.0,0.0,0.0,0.0,0.0,0.0,0.0,0.0,0.0,0.0,0.0,0.0,0.0,0.0,0.9759000729485332,0.9759000729485332,0.9759000729485332,0.9759000729485332,0.0,0.0,0.0,0.0,0.0,0.0,0.0,0.0,0.0,0.0,0.0,0.0,0.0,0.0,0.0,0.0,0.0,0.0,0.0,0.0,0.0,0.0,0.0,0.0,0.9999999999999998,0.9999999999999998,0.9128709291752769,0.9128709291752769,0.0,0.0,0.0,0.0,0.0,0.0,0.0,0.0,0.0,0.0,0.0,0.9128709291752769,0.9128709291752769,0.0,0.0,0.0,0.0,0.0,0.0,0.0,0.0,0.0,0.0,0.0,0.0,0.0,0.0,0.0,0.0,0.0,0.9999999999999998,0.9999999999999998,0.0,0.0,0.0,0.0,0.0,0.0,0.9128709291752769,0.9128709291752769,0.0,0.0,0.0,0.0,0.9128709291752769,0.9128709291752769,0.0,0.0,0.0,0.0,0.0,0.0,0.0,0.0,0.0,0.0,0.0,0.0,0.7453559924999299,0.0,0.0,0.0,0.0,0.0,0.0,0.0,0.0,0.0,0.0,0.0,0.0,0.0,0.0,0.0,0.0,0.0,0.0,0.0,0.0,0.0,0.0,0.0,0.0,0.0,0.0,0.0,0.0,0.0,0.0,0.0,0.0,0.9128709291752769,0.9128709291752769,0.0,0.0,0.0,0.0,0.0,0.0,0.0,0.0,0.0,0.0,0.0,0.0,0.0,0.0,0.0,0.0,0.0,0.0,0.0,0.0,0.0,0.0,0.0,0.0,0.0,0.0,0.0,0.0,0.0,0.0,0.0,0.0,0.0,0.0,0.0,0.0,0.0,0.0,0.0,0.0,0.0,0.0,0.0,0.0,0.0,0.0,0.0,0.0,0.0,0.0,0.0,0.0,0.0,0.0,0.0,0.0,0.0,0.0,0.0,0.0,0.0,0.0,0.0,0.0,0.0,0.0,0.0,0.0,0.0,0.0,0.0,0.0,0.0,0.0,0.0,0.0,0.0,0.0,0.0,0.0,0.0,0.0,0.0,0.0,0.0,0.0,0.0,0.0,0.0,0.0,0.0,0.0,0.0,0.0,0.0,0.0,0.0,0.0,0.0,0.0,0.0,0.0,0.0,0.0,0.0,0.0,0.0,0.0,0.0,0.0,0.0,0.0,0.0,0.9128709291752769,0.9128709291752769,0.0,0.0,0.0,0.9128709291752769,0.9128709291752769,0.0
ASIR,0.0,0.0,0.0,0.0,0.0,0.0,0.0,0.0,0.0,0.0,0.0,0.0,0.0,0.0,0.0,0.0,0.0,0.0,0.9128709291752769,0.9128709291752769,0.9128709291752769,0.9128709291752769,0.0,0.0,0.0,0.0,0.0,0.0,0.0,0.0,0.9999999999999998,1.0,0.0,0.0,0.0,0.0,0.0,0.0,0.0,0.0,0.0,0.0,0.0,0.0,0.0,0.0,0.0,0.0,0.0,0.0,0.0,0.0,0.0,0.0,0.0,0.0,0.9759000729485332,0.9759000729485332,0.9759000729485332,0.9759000729485332,0.0,0.0,0.0,0.0,0.0,0.0,0.0,0.0,0.0,0.0,0.0,0.0,0.0,0.0,0.0,0.0,0.0,0.0,0.0,0.0,0.0,0.0,0.0,0.0,0.9999999999999998,0.9999999999999998,0.9128709291752769,0.9128709291752769,0.0,0.0,0.0,0.0,0.0,0.0,0.0,0.0,0.0,0.0,0.0,0.9128709291752769,0.9128709291752769,0.0,0.0,0.0,0.0,0.0,0.0,0.0,0.0,0.0,0.0,0.0,0.0,0.0,0.0,0.0,0.0,0.0,0.9999999999999998,0.9999999999999998,0.0,0.0,0.0,0.0,0.0,0.0,0.9128709291752769,0.9128709291752769,0.0,0.0,0.0,0.0,0.9128709291752769,0.9128709291752769,0.0,0.0,0.0,0.0,0.0,0.0,0.0,0.0,0.0,0.0,0.0,0.0,0.7453559924999299,0.0,0.0,0.0,0.0,0.0,0.0,0.0,0.0,0.0,0.0,0.0,0.0,0.0,0.0,0.0,0.0,0.0,0.0,0.0,0.0,0.0,0.0,0.0,0.0,0.0,0.0,0.0,0.0,0.0,0.0,0.0,0.0,0.9128709291752769,0.9128709291752769,0.0,0.0,0.0,0.0,0.0,0.0,0.0,0.0,0.0,0.0,0.0,0.0,0.0,0.0,0.0,0.0,0.0,0.0,0.0,0.0,0.0,0.0,0.0,0.0,0.0,0.0,0.0,0.0,0.0,0.0,0.0,0.0,0.0,0.0,0.0,0.0,0.0,0.0,0.0,0.0,0.0,0.0,0.0,0.0,0.0,0.0,0.0,0.0,0.0,0.0,0.0,0.0,0.0,0.0,0.0,0.0,0.0,0.0,0.0,0.0,0.0,0.0,0.0,0.0,0.0,0.0,0.0,0.0,0.0,0.0,0.0,0.0,0.0,0.0,0.0,0.0,0.0,0.0,0.0,0.0,0.0,0.0,0.0,0.0,0.0,0.0,0.0,0.0,0.0,0.0,0.0,0.0,0.0,0.0,0.0,0.0,0.0,0.0,0.0,0.0,0.0,0.0,0.0,0.0,0.0,0.0,0.0,0.0,0.0,0.0,0.0,0.0,0.0,0.9128709291752769,0.9128709291752769,0.0,0.0,0.0,0.9128709291752769,0.9128709291752769,0.0
ASJL,0.7071067811865475,0.7071067811865475,0.0,0.0,1.0,0.0,0.0,0.0,1.0,0.7071067811865475,0.7071067811865475,0.0,0.0,0.7071067811865475,0.7071067811865475,1.0,1.0,0.0,0.0,0.0,0.4082482904638631,0.4082482904638631,0.0,0.0,0.0,0.0,0.0,0.0,0.0,0.0,0.0,0.0,1.0,1.0,0.0,0.0,1.0,1.0,1.0,1.0,0.0,0.0,0.7071067811865475,0.7071067811865475,1.0,1.0,1.0,1.0,1.0,1.0,0.0,0.0,0.0,0.0,0.0,0.0,0.0,0.0,0.0,0.0,0.0,0.0,0.0,0.0,0.0,0.0,0.7071067811865475,0.7071067811865475,0.7071067811865475,1.0,0.0,0.0,0.0,0.0,0.0,0.0,0.7071067811865475,0.7071067811865475,0.0,0.0,0.0,0.0,0.0,0.0,0.0,0.0,0.0,0.0,0.0,0.0,0.0,0.0,0.0,0.0,0.7071067811865475,0.7071067811865475,1.0,1.0,0.5773502691896258,0.0,0.0,1.0,1.0,0.0,0.0,0.7071067811865475,0.7071067811865475,0.0,0.0,0.0,0.0,0.0,0.0,0.7071067811865475,0.7071067811865475,0.0,0.0,0.0,0.0,0.0,1.0,1.0,0.0,0.0,0.0,0.0,0.0,0.0,0.7071067811865475,0.7071067811865475,0.0,0.0,0.4082482904638631,0.4082482904638631,0.0,0.0,0.0,0.0,0.0,0.4472135954999579,0.0,0.0,0.0,0.0,0.0,0.0,0.0,0.0,0.0,0.7071067811865475,0.7071067811865475,1.0,1.0,0.0,0.0,0.0,0.0,0.0,0.0,0.0,1.0,1.0,1.0,1.0,1.0,1.0,1.0,1.0,1.0,1.0,0.0,0.0,1.0,1.0,1.0,1.0,1.0,1.0,1.0,0.0,0.0,0.0,0.0,0.0,0.0,0.0,0.0,0.7071067811865475,0.7071067811865475,0.7071067811865475,0.7071067811865475,1.0,1.0,1.0,1.0,1.0,1.0,1.0,1.0,1.0,1.0,0.0,0.0,0.0,0.0,1.0,1.0,0.7071067811865475,0.7071067811865475,0.7071067811865475,0.7071067811865475,1.0,1.0,1.0,1.0,0.7071067811865475,0.7071067811865475,0.7071067811865475,0.7071067811865475,1.0,1.0,1.0,1.0,1.0,1.0,1.0,1.0,1.0,1.0,1.0,1.0,1.0,1.0,1.0,1.0,1.0,1.0,1.0,1.0,1.0,1.0,1.0,1.0,1.0,1.0,1.0,1.0,1.0,1.0,1.0,1.0,1.0,0.0,0.0,0.0,0.0,0.0,0.0,1.0,0.7071067811865475,0.7071067811865475,0.7071067811865475,0.7071067811865475,0.7071067811865475,1.0,1.0,1.0,1.0,1.0,1.0,1.0,1.0,1.0,1.0,1.0,1.0,1.0,1.0,1.0,1.0,1.0,0.0,0.0,0.0,0.0,0.0,0.0,0.0,0.0,0.0,0.0,0.0,0.0,0.0,0.4082482904638631,0.4082482904638631,1.0,1.0,1.0,0.4082482904638631,0.4082482904638631,1.0
ASJR,0.7071067811865475,0.7071067811865475,0.0,0.0,1.0,0.0,0.0,0.0,1.0,0.7071067811865475,0.7071067811865475,0.0,0.0,0.7071067811865475,0.7071067811865475,1.0,1.0,0.0,0.0,0.0,0.4082482904638631,0.4082482904638631,0.0,0.0,0.0,0.0,0.0,0.0,0.0,0.0,0.0,0.0,1.0,1.0,0.0,0.0,1.0,1.0,1.0,1.0,0.0,0.0,0.7071067811865475,0.7071067811865475,1.0,1.0,1.0,1.0,1.0,1.0,0.0,0.0,0.0,0.0,0.0,0.0,0.0,0.0,0.0,0.0,0.0,0.0,0.0,0.0,0.0,0.0,0.7071067811865475,0.7071067811865475,0.7071067811865475,1.0,0.0,0.0,0.0,0.0,0.0,0.0,0.7071067811865475,0.7071067811865475,0.0,0.0,0.0,0.0,0.0,0.0,0.0,0.0,0.0,0.0,0.0,0.0,0.0,0.0,0.0,0.0,0.7071067811865475,0.7071067811865475,1.0,1.0,0.5773502691896258,0.0,0.0,1.0,1.0,0.0,0.0,0.7071067811865475,0.7071067811865475,0.0,0.0,0.0,0.0,0.0,0.0,0.7071067811865475,0.7071067811865475,0.0,0.0,0.0,0.0,0.0,1.0,1.0,0.0,0.0,0.0,0.0,0.0,0.0,0.7071067811865475,0.7071067811865475,0.0,0.0,0.4082482904638631,0.4082482904638631,0.0,0.0,0.0,0.0,0.0,0.4472135954999579,0.0,0.0,0.0,0.0,0.0,0.0,0.0,0.0,0.0,0.7071067811865475,0.7071067811865475,1.0,1.0,0.0,0.0,0.0,0.0,0.0,0.0,0.0,1.0,1.0,1.0,1.0,1.0,1.0,1.0,1.0,1.0,1.0,0.0,0.0,1.0,1.0,1.0,1.0,1.0,1.0,1.0,0.0,0.0,0.0,0.0,0.0,0.0,0.0,0.0,0.7071067811865475,0.7071067811865475,0.7071067811865475,0.7071067811865475,1.0,1.0,1.0,1.0,1.0,1.0,1.0,1.0,1.0,1.0,0.0,0.0,0.0,0.0,1.0,1.0,0.7071067811865475,0.7071067811865475,0.7071067811865475,0.7071067811865475,1.0,1.0,1.0,1.0,0.7071067811865475,0.7071067811865475,0.7071067811865475,0.7071067811865475,1.0,1.0,1.0,1.0,1.0,1.0,1.0,1.0,1.0,1.0,1.0,1.0,1.0,1.0,1.0,1.0,1.0,1.0,1.0,1.0,1.0,1.0,1.0,1.0,1.0,1.0,1.0,1.0,1.0,1.0,1.0,1.0,1.0,0.0,0.0,0.0,0.0,0.0,0.0,1.0,0.7071067811865475,0.7071067811865475,0.7071067811865475,0.7071067811865475,0.7071067811865475,1.0,1.0,1.0,1.0,1.0,1.0,1.0,1.0,1.0,1.0,1.0,1.0,1.0,1.0,1.0,1.0,1.0,0.0,0.0,0.0,0.0,0.0,0.0,0.0,0.0,0.0,0.0,0.0,0.0,0.0,0.4082482904638631,0.4082482904638631,1.0,1.0,1.0,0.4082482904638631,0.4082482904638631,1.0
ASKL,0.0,0.0,0.7071067811865475,0.7071067811865475,0.0,1.0,0.8944271909999159,0.0,0.0,0.0,0.0,0.8944271909999159,0.8944271909999159,0.0,0.7071067811865475,0.0,0.0,0.7071067811865475,0.0,0.0,0.0,0.0,1.0,1.0,1.0,1.0,1.0,1.0,1.0,1.0,0.0,0.0,0.0,0.0,1.0,1.0,0.0,0.0,0.0,0.0,1.0,1.0,0.7071067811865475,0.7071067811865475,0.0,0.0,0.0,0.0,0.0,0.0,1.0,1.0,1.0,1.0,0.7071067811865475,0.7071067811865475,0.0,0.0,0.0,0.0,1.0,1.0,1.0,0.0,0.7071067811865475,0.7071067811865475,0.0,0.0,0.0,0.0,1.0,1.0,1.0,1.0,1.0,1.0,0.0,0.0,1.0,1.0,1.0,1.0,1.0,1.0,0.0,0.0,0.4082482904638631,0.4082482904638631,1.0,1.0,1.0,1.0,1.0,1.0,0.0,0.0,0.0,0.0,0.5773502691896258,0.4082482904638631,0.4082482904638631,0.0,0.0,1.0,1.0,0.0,0.0,1.0,1.0,1.0,1.0,1.0,1.0,0.0,0.0,0.0,0.0,0.0,0.0,0.0,0.0,0.0,1.0,1.0,0.0,0.0,0.4082482904638631,0.4082482904638631,0.0,0.0,1.0,1.0,0.0,0.0,0.0,0.0,0.0,0.0,0.0,0.0,0.0,0.0,0.0,0.0,0.0,0.0,0.0,0.0,1.0,0.7071067811865475,0.7071067811865475,0.0,0.0,0.0,0.0,1.0,0.0,0.0,0.0,0.0,0.0,0.0,0.0,0.0,0.0,0.0,0.0,0.0,0.0,0.0,1.0,1.0,0.0,0.0,0.0,0.0,0.0,0.0,0.0,0.4082482904638631,0.4082482904638631,0.7071067811865475,0.7071067811865475,0.7071067811865475,0.7071067811865475,0.7071067811865475,0.7071067811865475,0.0,0.0,0.0,0.0,0.0,0.0,0.0,0.0,0.0,0.0,0.0,0.0,0.0,0.0,0.0,0.0,0.0,0.0,0.0,0.0,0.0,0.0,0.0,0.0,0.0,0.0,0.0,0.0,0.0,0.0,0.0,0.0,0.0,0.0,0.0,0.0,0.0,0.0,0.0,0.0,0.0,0.0,0.0,0.0,0.0,0.0,0.0,0.0,0.0,0.0,0.0,0.0,0.0,0.0,0.0,0.0,0.0,0.0,0.0,0.0,0.0,0.0,0.0,0.0,0.0,0.0,0.0,0.0,0.0,0.0,0.0,0.0,0.0,0.0,0.0,0.0,0.0,0.0,0.0,0.0,0.0,0.0,0.0,0.0,0.0,0.0,0.0,0.0,0.0,0.0,0.0,0.0,0.0,0.0,0.0,0.0,0.0,0.0,0.0,0.0,0.0,0.0,0.0,0.0,0.0,0.0,0.0,0.0,0.0,0.0,0.0,0.0,0.0,0.0,0.0
ASKR,0.0,0.0,0.7071067811865475,0.7071067811865475,0.0,1.0,0.8944271909999159,0.0,0.0,0.0,0.0,0.8944271909999159,0.8944271909999159,0.0,0.7071067811865475,0.0,0.0,0.7071067811865475,0.0,0.0,0.0,0.0,1.0,1.0,1.0,1.0,1.0,1.0,1.0,1.0,0.0,0.0,0.0,0.0,1.0,1.0,0.0,0.0,0.0,0.0,1.0,1.0,0.7071067811865475,0.7071067811865475,0.0,0.0,0.0,0.0,0.0,0.0,1.0,1.0,1.0,1.0,0.7071067811865475,0.7071067811865475,0.0,0.0,0.0,0.0,1.0,1.0,1.0,0.0,0.7071067811865475,0.7071067811865475,0.0,0.0,0.0,0.0,1.0,1.0,1.0,1.0,1.0,1.0,0.0,0.0,1.0,1.0,1.0,1.0,1.0,1.0,0.0,0.0,0.4082482904638631,0.4082482904638631,1.0,1.0,1.0,1.0,1.0,1.0,0.0,0.0,0.0,0.0,0.5773502691896258,0.4082482904638631,0.4082482904638631,0.0,0.0,1.0,1.0,0.0,0.0,1.0,1.0,1.0,1.0,1.0,1.0,0.0,0.0,0.0,0.0,0.0,0.0,0.0,0.0,0.0,1.0,1.0,0.0,0.0,0.4082482904638631,0.4082482904638631,0.0,0.0,1.0,1.0,0.0,0.0,0.0,0.0,0.0,0.0,0.0,0.0,0.0,0.0,0.0,0.0,0.0,0.0,0.0,0.0,1.0,0.7071067811865475,0.7071067811865475,0.0,0.0,0.0,0.0,1.0,0.0,0.0,0.0,0.0,0.0,0.0,0.0,0.0,0.0,0.0,0.0,0.0,0.0,0.0,1.0,1.0,0.0,0.0,0.0,0.0,0.0,0.0,0.0,0.4082482904638631,0.4082482904638631,0.7071067811865475,0.7071067811865475,0.7071067811865475,0.7071067811865475,0.7071067811865475,0.7071067811865475,0.0,0.0,0.0,0.0,0.0,0.0,0.0,0.0,0.0,0.0,0.0,0.0,0.0,0.0,0.0,0.0,0.0,0.0,0.0,0.0,0.0,0.0,0.0,0.0,0.0,0.0,0.0,0.0,0.0,0.0,0.0,0.0,0.0,0.0,0.0,0.0,0.0,0.0,0.0,0.0,0.0,0.0,0.0,0.0,0.0,0.0,0.0,0.0,0.0,0.0,0.0,0.0,0.0,0.0,0.0,0.0,0.0,0.0,0.0,0.0,0.0,0.0,0.0,0.0,0.0,0.0,0.0,0.0,0.0,0.0,0.0,0.0,0.0,0.0,0.0,0.0,0.0,0.0,0.0,0.0,0.0,0.0,0.0,0.0,0.0,0.0,0.0,0.0,0.0,0.0,0.0,0.0,0.0,0.0,0.0,0.0,0.0,0.0,0.0,0.0,0.0,0.0,0.0,0.0,0.0,0.0,0.0,0.0,0.0,0.0,0.0,0.0,0.0,0.0,0.0
AWAL,0.7071067811865475,0.7071067811865475,0.0,0.0,1.0,0.0,0.0,0.0,1.0,0.7071067811865475,0.7071067811865475,0.0,0.0,0.7071067811865475,0.7071067811865475,1.0,1.0,0.0,0.0,0.0,0.4082482904638631,0.4082482904638631,0.0,0.0,0.0,0.0,0.0,0.0,0.0,0.0,0.0,0.0,1.0,1.0,0.0,0.0,1.0,1.0,1.0,1.0,0.0,0.0,0.7071067811865475,0.7071067811865475,1.0,1.0,1.0,1.0,1.0,1.0,0.0,0.0,0.0,0.0,0.0,0.0,0.0,0.0,0.0,0.0,0.0,0.0,0.0,0.0,0.0,0.0,0.7071067811865475,0.7071067811865475,0.7071067811865475,1.0,0.0,0.0,0.0,0.0,0.0,0.0,0.7071067811865475,0.7071067811865475,0.0,0.0,0.0,0.0,0.0,0.0,0.0,0.0,0.0,0.0,0.0,0.0,0.0,0.0,0.0,0.0,0.7071067811865475,0.7071067811865475,1.0,1.0,0.5773502691896258,0.0,0.0,1.0,1.0,0.0,0.0,0.7071067811865475,0.7071067811865475,0.0,0.0,0.0,0.0,0.0,0.0,0.7071067811865475,0.7071067811865475,0.0,0.0,0.0,0.0,0.0,1.0,1.0,0.0,0.0,0.0,0.0,0.0,0.0,0.7071067811865475,0.7071067811865475,0.0,0.0,0.4082482904638631,0.4082482904638631,0.0,0.0,0.0,0.0,0.0,0.4472135954999579,0.0,0.0,0.0,0.0,0.0,0.0,0.0,0.0,0.0,0.7071067811865475,0.7071067811865475,1.0,1.0,0.0,0.0,0.0,0.0,0.0,0.0,0.0,1.0,1.0,1.0,1.0,1.0,1.0,1.0,1.0,1.0,1.0,0.0,0.0,1.0,1.0,1.0,1.0,1.0,1.0,1.0,0.0,0.0,0.0,0.0,0.0,0.0,0.0,0.0,0.7071067811865475,0.7071067811865475,0.7071067811865475,0.7071067811865475,1.0,1.0,1.0,1.0,1.0,1.0,1.0,1.0,1.0,1.0,0.0,0.0,0.0,0.0,1.0,1.0,0.7071067811865475,0.7071067811865475,0.7071067811865475,0.7071067811865475,1.0,1.0,1.0,1.0,0.7071067811865475,0.7071067811865475,0.7071067811865475,0.7071067811865475,1.0,1.0,1.0,1.0,1.0,1.0,1.0,1.0,1.0,1.0,1.0,1.0,1.0,1.0,1.0,1.0,1.0,1.0,1.0,1.0,1.0,1.0,1.0,1.0,1.0,1.0,1.0,1.0,1.0,1.0,1.0,1.0,1.0,0.0,0.0,0.0,0.0,0.0,0.0,1.0,0.7071067811865475,0.7071067811865475,0.7071067811865475,0.7071067811865475,0.7071067811865475,1.0,1.0,1.0,1.0,1.0,1.0,1.0,1.0,1.0,1.0,1.0,1.0,1.0,1.0,1.0,1.0,1.0,0.0,0.0,0.0,0.0,0.0,0.0,0.0,0.0,0.0,0.0,0.0,0.0,0.0,0.4082482904638631,0.4082482904638631,1.0,1.0,1.0,0.4082482904638631,0.4082482904638631,1.0
AWAR,0.7071067811865475,0.7071067811865475,0.0,0.0,1.0,0.0,0.0,0.0,1.0,0.7071067811865475,0.7071067811865475,0.0,0.0,0.7071067811865475,0.7071067811865475,1.0,1.0,0.0,0.0,0.0,0.4082482904638631,0.4082482904638631,0.0,0.0,0.0,0.0,0.0,0.0,0.0,0.0,0.0,0.0,1.0,1.0,0.0,0.0,1.0,1.0,1.0,1.0,0.0,0.0,0.7071067811865475,0.7071067811865475,1.0,1.0,1.0,1.0,1.0,1.0,0.0,0.0,0.0,0.0,0.0,0.0,0.0,0.0,0.0,0.0,0.0,0.0,0.0,0.0,0.0,0.0,0.7071067811865475,0.7071067811865475,0.7071067811865475,1.0,0.0,0.0,0.0,0.0,0.0,0.0,0.7071067811865475,0.7071067811865475,0.0,0.0,0.0,0.0,0.0,0.0,0.0,0.0,0.0,0.0,0.0,0.0,0.0,0.0,0.0,0.0,0.7071067811865475,0.7071067811865475,1.0,1.0,0.5773502691896258,0.0,0.0,1.0,1.0,0.0,0.0,0.7071067811865475,0.7071067811865475,0.0,0.0,0.0,0.0,0.0,0.0,0.7071067811865475,0.7071067811865475,0.0,0.0,0.0,0.0,0.0,1.0,1.0,0.0,0.0,0.0,0.0,0.0,0.0,0.7071067811865475,0.7071067811865475,0.0,0.0,0.4082482904638631,0.4082482904638631,0.0,0.0,0.0,0.0,0.0,0.4472135954999579,0.0,0.0,0.0,0.0,0.0,0.0,0.0,0.0,0.0,0.7071067811865475,0.7071067811865475,1.0,1.0,0.0,0.0,0.0,0.0,0.0,0.0,0.0,1.0,1.0,1.0,1.0,1.0,1.0,1.0,1.0,1.0,1.0,0.0,0.0,1.0,1.0,1.0,1.0,1.0,1.0,1.0,0.0,0.0,0.0,0.0,0.0,0.0,0.0,0.0,0.7071067811865475,0.7071067811865475,0.7071067811865475,0.7071067811865475,1.0,1.0,1.0,1.0,1.0,1.0,1.0,1.0,1.0,1.0,0.0,0.0,0.0,0.0,1.0,1.0,0.7071067811865475,0.7071067811865475,0.7071067811865475,0.7071067811865475,1.0,1.0,1.0,1.0,0.7071067811865475,0.7071067811865475,0.7071067811865475,0.7071067811865475,1.0,1.0,1.0,1.0,1.0,1.0,1.0,1.0,1.0,1.0,1.0,1.0,1.0,1.0,1.0,1.0,1.0,1.0,1.0,1.0,1.0,1.0,1.0,1.0,1.0,1.0,1.0,1.0,1.0,1.0,1.0,1.0,1.0,0.0,0.0,0.0,0.0,0.0,0.0,1.0,0.7071067811865475,0.7071067811865475,0.7071067811865475,0.7071067811865475,0.7071067811865475,1.0,1.0,1.0,1.0,1.0,1.0,1.0,1.0,1.0,1.0,1.0,1.0,1.0,1.0,1.0,1.0,1.0,0.0,0.0,0.0,0.0,0.0,0.0,0.0,0.0,0.0,0.0,0.0,0.0,0.0,0.4082482904638631,0.4082482904638631,1.0,1.0,1.0,0.4082482904638631,0.4082482904638631,1.0
AWBL,0.7071067811865475,0.7071067811865475,0.0,0.0,1.0,0.0,0.0,0.0,1.0,0.7071067811865475,0.7071067811865475,0.0,0.0,0.7071067811865475,0.7071067811865475,1.0,1.0,0.0,0.0,0.0,0.4082482904638631,0.4082482904638631,0.0,0.0,0.0,0.0,0.0,0.0,0.0,0.0,0.0,0.0,1.0,1.0,0.0,0.0,1.0,1.0,1.0,1.0,0.0,0.0,0.7071067811865475,0.7071067811865475,1.0,1.0,1.0,1.0,1.0,1.0,0.0,0.0,0.0,0.0,0.0,0.0,0.0,0.0,0.0,0.0,0.0,0.0,0.0,0.0,0.0,0.0,0.7071067811865475,0.7071067811865475,0.7071067811865475,1.0,0.0,0.0,0.0,0.0,0.0,0.0,0.7071067811865475,0.7071067811865475,0.0,0.0,0.0,0.0,0.0,0.0,0.0,0.0,0.0,0.0,0.0,0.0,0.0,0.0,0.0,0.0,0.7071067811865475,0.7071067811865475,1.0,1.0,0.5773502691896258,0.0,0.0,1.0,1.0,0.0,0.0,0.7071067811865475,0.7071067811865475,0.0,0.0,0.0,0.0,0.0,0.0,0.7071067811865475,0.7071067811865475,0.0,0.0,0.0,0.0,0.0,1.0,1.0,0.0,0.0,0.0,0.0,0.0,0.0,0.7071067811865475,0.7071067811865475,0.0,0.0,0.4082482904638631,0.4082482904638631,0.0,0.0,0.0,0.0,0.0,0.4472135954999579,0.0,0.0,0.0,0.0,0.0,0.0,0.0,0.0,0.0,0.7071067811865475,0.7071067811865475,1.0,1.0,0.0,0.0,0.0,0.0,0.0,0.0,0.0,1.0,1.0,1.0,1.0,1.0,1.0,1.0,1.0,1.0,1.0,0.0,0.0,1.0,1.0,1.0,1.0,1.0,1.0,1.0,0.0,0.0,0.0,0.0,0.0,0.0,0.0,0.0,0.7071067811865475,0.7071067811865475,0.7071067811865475,0.7071067811865475,1.0,1.0,1.0,1.0,1.0,1.0,1.0,1.0,1.0,1.0,0.0,0.0,0.0,0.0,1.0,1.0,0.7071067811865475,0.7071067811865475,0.7071067811865475,0.7071067811865475,1.0,1.0,1.0,1.0,0.7071067811865475,0.7071067811865475,0.7071067811865475,0.7071067811865475,1.0,1.0,1.0,1.0,1.0,1.0,1.0,1.0,1.0,1.0,1.0,1.0,1.0,1.0,1.0,1.0,1.0,1.0,1.0,1.0,1.0,1.0,1.0,1.0,1.0,1.0,1.0,1.0,1.0,1.0,1.0,1.0,1.0,0.0,0.0,0.0,0.0,0.0,0.0,1.0,0.7071067811865475,0.7071067811865475,0.7071067811865475,0.7071067811865475,0.7071067811865475,1.0,1.0,1.0,1.0,1.0,1.0,1.0,1.0,1.0,1.0,1.0,1.0,1.0,1.0,1.0,1.0,1.0,0.0,0.0,0.0,0.0,0.0,0.0,0.0,0.0,0.0,0.0,0.0,0.0,0.0,0.4082482904638631,0.4082482904638631,1.0,1.0,1.0,0.4082482904638631,0.4082482904638631,1.0
AWBR,0.7071067811865475,0.7071067811865475,0.0,0.0,1.0,0.0,0.0,0.0,1.0,0.7071067811865475,0.7071067811865475,0.0,0.0,0.7071067811865475,0.7071067811865475,1.0,1.0,0.0,0.0,0.0,0.4082482904638631,0.4082482904638631,0.0,0.0,0.0,0.0,0.0,0.0,0.0,0.0,0.0,0.0,1.0,1.0,0.0,0.0,1.0,1.0,1.0,1.0,0.0,0.0,0.7071067811865475,0.7071067811865475,1.0,1.0,1.0,1.0,1.0,1.0,0.0,0.0,0.0,0.0,0.0,0.0,0.0,0.0,0.0,0.0,0.0,0.0,0.0,0.0,0.0,0.0,0.7071067811865475,0.7071067811865475,0.7071067811865475,1.0,0.0,0.0,0.0,0.0,0.0,0.0,0.7071067811865475,0.7071067811865475,0.0,0.0,0.0,0.0,0.0,0.0,0.0,0.0,0.0,0.0,0.0,0.0,0.0,0.0,0.0,0.0,0.7071067811865475,0.7071067811865475,1.0,1.0,0.5773502691896258,0.0,0.0,1.0,1.0,0.0,0.0,0.7071067811865475,0.7071067811865475,0.0,0.0,0.0,0.0,0.0,0.0,0.7071067811865475,0.7071067811865475,0.0,0.0,0.0,0.0,0.0,1.0,1.0,0.0,0.0,0.0,0.0,0.0,0.0,0.7071067811865475,0.7071067811865475,0.0,0.0,0.4082482904638631,0.4082482904638631,0.0,0.0,0.0,0.0,0.0,0.4472135954999579,0.0,0.0,0.0,0.0,0.0,0.0,0.0,0.0,0.0,0.7071067811865475,0.7071067811865475,1.0,1.0,0.0,0.0,0.0,0.0,0.0,0.0,0.0,1.0,1.0,1.0,1.0,1.0,1.0,1.0,1.0,1.0,1.0,0.0,0.0,1.0,1.0,1.0,1.0,1.0,1.0,1.0,0.0,0.0,0.0,0.0,0.0,0.0,0.0,0.0,0.7071067811865475,0.7071067811865475,0.7071067811865475,0.7071067811865475,1.0,1.0,1.0,1.0,1.0,1.0,1.0,1.0,1.0,1.0,0.0,0.0,0.0,0.0,1.0,1.0,0.7071067811865475,0.7071067811865475,0.7071067811865475,0.7071067811865475,1.0,1.0,1.0,1.0,0.7071067811865475,0.7071067811865475,0.7071067811865475,0.7071067811865475,1.0,1.0,1.0,1.0,1.0,1.0,1.0,1.0,1.0,1.0,1.0,1.0,1.0,1.0,1.0,1.0,1.0,1.0,1.0,1.0,1.0,1.0,1.0,1.0,1.0,1.0,1.0,1.0,1.0,1.0,1.0,1.0,1.0,0.0,0.0,0.0,0.0,0.0,0.0,1.0,0.7071067811865475,0.7071067811865475,0.7071067811865475,0.7071067811865475,0.7071067811865475,1.0,1.0,1.0,1.0,1.0,1.0,1.0,1.0,1.0,1.0,1.0,1.0,1.0,1.0,1.0,1.0,1.0,0.0,0.0,0.0,0.0,0.0,0.0,0.0,0.0,0.0,0.0,0.0,0.0,0.0,0.4082482904638631,0.4082482904638631,1.0,1.0,1.0,0.4082482904638631,0.4082482904638631,1.0
AWCL,0.0,0.0,0.7071067811865475,0.7071067811865475,0.0,1.0,0.8944271909999159,0.0,0.0,0.0,0.0,0.8944271909999159,0.8944271909999159,0.0,0.7071067811865475,0.0,0.0,0.7071067811865475,0.0,0.0,0.0,0.0,1.0,1.0,1.0,1.0,1.0,1.0,1.0,1.0,0.0,0.0,0.0,0.0,1.0,1.0,0.0,0.0,0.0,0.0,1.0,1.0,0.7071067811865475,0.7071067811865475,0.0,0.0,0.0,0.0,0.0,0.0,1.0,1.0,1.0,1.0,0.7071067811865475,0.7071067811865475,0.0,0.0,0.0,0.0,1.0,1.0,1.0,0.0,0.7071067811865475,0.7071067811865475,0.0,0.0,0.0,0.0,1.0,1.0,1.0,1.0,1.0,1.0,0.0,0.0,1.0,1.0,1.0,1.0,1.0,1.0,0.0,0.0,0.4082482904638631,0.4082482904638631,1.0,1.0,1.0,1.0,1.0,1.0,0.0,0.0,0.0,0.0,0.5773502691896258,0.4082482904638631,0.4082482904638631,0.0,0.0,1.0,1.0,0.0,0.0,1.0,1.0,1.0,1.0,1.0,1.0,0.0,0.0,0.0,0.0,0.0,0.0,0.0,0.0,0.0,1.0,1.0,0.0,0.0,0.4082482904638631,0.4082482904638631,0.0,0.0,1.0,1.0,0.0,0.0,0.0,0.0,0.0,0.0,0.0,0.0,0.0,0.0,0.0,0.0,0.0,0.0,0.0,0.0,1.0,0.7071067811865475,0.7071067811865475,0.0,0.0,0.0,0.0,1.0,0.0,0.0,0.0,0.0,0.0,0.0,0.0,0.0,0.0,0.0,0.0,0.0,0.0,0.0,1.0,1.0,0.0,0.0,0.0,0.0,0.0,0.0,0.0,0.4082482904638631,0.4082482904638631,0.7071067811865475,0.7071067811865475,0.7071067811865475,0.7071067811865475,0.7071067811865475,0.7071067811865475,0.0,0.0,0.0,0.0,0.0,0.0,0.0,0.0,0.0,0.0,0.0,0.0,0.0,0.0,0.0,0.0,0.0,0.0,0.0,0.0,0.0,0.0,0.0,0.0,0.0,0.0,0.0,0.0,0.0,0.0,0.0,0.0,0.0,0.0,0.0,0.0,0.0,0.0,0.0,0.0,0.0,0.0,0.0,0.0,0.0,0.0,0.0,0.0,0.0,0.0,0.0,0.0,0.0,0.0,0.0,0.0,0.0,0.0,0.0,0.0,0.0,0.0,0.0,0.0,0.0,0.0,0.0,0.0,0.0,0.0,0.0,0.0,0.0,0.0,0.0,0.0,0.0,0.0,0.0,0.0,0.0,0.0,0.0,0.0,0.0,0.0,0.0,0.0,0.0,0.0,0.0,0.0,0.0,0.0,0.0,0.0,0.0,0.0,0.0,0.0,0.0,0.0,0.0,0.0,0.0,0.0,0.0,0.0,0.0,0.0,0.0,0.0,0.0,0.0,0.0
AWCR,0.0,0.0,0.7071067811865475,0.7071067811865475,0.0,1.0,0.8944271909999159,0.0,0.0,0.0,0.0,0.8944271909999159,0.8944271909999159,0.0,0.7071067811865475,0.0,0.0,0.7071067811865475,0.0,0.0,0.0,0.0,1.0,1.0,1.0,1.0,1.0,1.0,1.0,1.0,0.0,0.0,0.0,0.0,1.0,1.0,0.0,0.0,0.0,0.0,1.0,1.0,0.7071067811865475,0.7071067811865475,0.0,0.0,0.0,0.0,0.0,0.0,1.0,1.0,1.0,1.0,0.7071067811865475,0.7071067811865475,0.0,0.0,0.0,0.0,1.0,1.0,1.0,0.0,0.7071067811865475,0.7071067811865475,0.0,0.0,0.0,0.0,1.0,1.0,1.0,1.0,1.0,1.0,0.0,0.0,1.0,1.0,1.0,1.0,1.0,1.0,0.0,0.0,0.4082482904638631,0.4082482904638631,1.0,1.0,1.0,1.0,1.0,1.0,0.0,0.0,0.0,0.0,0.5773502691896258,0.4082482904638631,0.4082482904638631,0.0,0.0,1.0,1.0,0.0,0.0,1.0,1.0,1.0,1.0,1.0,1.0,0.0,0.0,0.0,0.0,0.0,0.0,0.0,0.0,0.0,1.0,1.0,0.0,0.0,0.4082482904638631,0.4082482904638631,0.0,0.0,1.0,1.0,0.0,0.0,0.0,0.0,0.0,0.0,0.0,0.0,0.0,0.0,0.0,0.0,0.0,0.0,0.0,0.0,1.0,0.7071067811865475,0.7071067811865475,0.0,0.0,0.0,0.0,1.0,0.0,0.0,0.0,0.0,0.0,0.0,0.0,0.0,0.0,0.0,0.0,0.0,0.0,0.0,1.0,1.0,0.0,0.0,0.0,0.0,0.0,0.0,0.0,0.4082482904638631,0.4082482904638631,0.7071067811865475,0.7071067811865475,0.7071067811865475,0.7071067811865475,0.7071067811865475,0.7071067811865475,0.0,0.0,0.0,0.0,0.0,0.0,0.0,0.0,0.0,0.0,0.0,0.0,0.0,0.0,0.0,0.0,0.0,0.0,0.0,0.0,0.0,0.0,0.0,0.0,0.0,0.0,0.0,0.0,0.0,0.0,0.0,0.0,0.0,0.0,0.0,0.0,0.0,0.0,0.0,0.0,0.0,0.0,0.0,0.0,0.0,0.0,0.0,0.0,0.0,0.0,0.0,0.0,0.0,0.0,0.0,0.0,0.0,0.0,0.0,0.0,0.0,0.0,0.0,0.0,0.0,0.0,0.0,0.0,0.0,0.0,0.0,0.0,0.0,0.0,0.0,0.0,0.0,0.0,0.0,0.0,0.0,0.0,0.0,0.0,0.0,0.0,0.0,0.0,0.0,0.0,0.0,0.0,0.0,0.0,0.0,0.0,0.0,0.0,0.0,0.0,0.0,0.0,0.0,0.0,0.0,0.0,0.0,0.0,0.0,0.0,0.0,0.0,0.0,0.0,0.0
AFDL,0.4999999999999999,0.4999999999999999,0.4999999999999999,0.4999999999999999,0.7071067811865475,0.7071067811865475,0.6324555320336759,0.0,0.7071067811865475,0.4999999999999999,0.4999999999999999,0.6324555320336759,0.6324555320336759,0.4999999999999999,0.9999999999999998,0.7071067811865475,0.7071067811865475,0.4999999999999999,0.0,0.0,0.2886751345948129,0.2886751345948129,0.7071067811865475,0.7071067811865475,0.7071067811865475,0.7071067811865475,0.7071067811865475,0.7071067811865475,0.7071067811865475,0.7071067811865475,0.0,0.0,0.7071067811865475,0.7071067811865475,0.7071067811865475,0.7071067811865475,0.7071067811865475,0.7071067811865475,0.7071067811865475,0.7071067811865475,0.7071067811865475,0.7071067811865475,1.0,0.9999999999999998,0.7071067811865475,0.7071067811865475,0.7071067811865475,0.7071067811865475,0.7071067811865475,0.7071067811865475,0.7071067811865475,0.7071067811865475,0.7071067811865475,0.7071067811865475,0.4999999999999999,0.4999999999999999,0.0,0.0,0.0,0.0,0.7071067811865475,0.7071067811865475,0.7071067811865475,0.0,0.4999999999999999,0.4999999999999999,0.4999999999999999,0.4999999999999999,0.4999999999999999,0.7071067811865475,0.7071067811865475,0.7071067811865475,0.7071067811865475,0.7071067811865475,0.7071067811865475,0.7071067811865475,0.4999999999999999,0.4999999999999999,0.7071067811865475,0.7071067811865475,0.7071067811865475,0.7071067811865475,0.7071067811865475,0.7071067811865475,0.0,0.0,0.2886751345948129,0.2886751345948129,0.7071067811865475,0.7071067811865475,0.7071067811865475,0.7071067811865475,0.7071067811865475,0.7071067811865475,0.4999999999999999,0.4999999999999999,0.7071067811865475,0.7071067811865475,0.8164965809277259,0.2886751345948129,0.2886751345948129,0.7071067811865475,0.7071067811865475,0.7071067811865475,0.7071067811865475,0.4999999999999999,0.4999999999999999,0.7071067811865475,0.7071067811865475,0.7071067811865475,0.7071067811865475,0.7071067811865475,0.7071067811865475,0.4999999999999999,0.4999999999999999,0.0,0.0,0.0,0.0,0.0,0.7071067811865475,0.7071067811865475,0.7071067811865475,0.7071067811865475,0.0,0.0,0.2886751345948129,0.2886751345948129,0.4999999999999999,0.4999999999999999,0.7071067811865475,0.7071067811865475,0.2886751345948129,0.2886751345948129,0.0,0.0,0.0,0.0,0.0,0.31622776601683794,0.0,0.0,0.0,0.0,0.0,0.0,0.0,0.0,0.7071067811865475,0.9999999999999998,0.9999999999999998,0.7071067811865475,0.7071067811865475,0.0,0.0,0.7071067811865475,0.0,0.0,0.0,0.0,0.7071067811865475,0.7071067811865475,0.7071067811865475,0.7071067811865475,0.7071067811865475,0.7071067811865475,0.7071067811865475,0.7071067811865475,0.7071067811865475,0.7071067811865475,0.7071067811865475,0.7071067811865475,0.7071067811865475,0.7071067811865475,0.7071067811865475,0.7071067811865475,0.7071067811865475,0.7071067811865475,0.7071067811865475,0.2886751345948129,0.2886751345948129,0.4999999999999999,0.4999999999999999,0.4999999999999999,0.4999999999999999,0.4999999999999999,0.4999999999999999,0.4999999999999999,0.4999999999999999,0.4999999999999999,0.4999999999999999,0.7071067811865475,0.7071067811865475,0.7071067811865475,0.7071067811865475,0.7071067811865475,0.7071067811865475,0.7071067811865475,0.7071067811865475,0.7071067811865475,0.7071067811865475,0.0,0.0,0.0,0.0,0.7071067811865475,0.7071067811865475,0.4999999999999999,0.4999999999999999,0.4999999999999999,0.4999999999999999,0.7071067811865475,0.7071067811865475,0.7071067811865475,0.7071067811865475,0.4999999999999999,0.4999999999999999,0.4999999999999999,0.4999999999999999,0.7071067811865475,0.7071067811865475,0.7071067811865475,0.7071067811865475,0.7071067811865475,0.7071067811865475,0.7071067811865475,0.7071067811865475,0.7071067811865475,0.7071067811865475,0.7071067811865475,0.7071067811865475,0.7071067811865475,0.7071067811865475,0.7071067811865475,0.7071067811865475,0.7071067811865475,0.7071067811865475,0.7071067811865475,0.7071067811865475,0.7071067811865475,0.7071067811865475,0.7071067811865475,0.7071067811865475,0.7071067811865475,0.7071067811865475,0.7071067811865475,0.7071067811865475,0.7071067811865475,0.7071067811865475,0.7071067811865475,0.7071067811865475,0.7071067811865475,0.0,0.0,0.0,0.0,0.0,0.0,0.7071067811865475,0.4999999999999999,0.4999999999999999,0.4999999999999999,0.4999999999999999,0.4999999999999999,0.7071067811865475,0.7071067811865475,0.7071067811865475,0.7071067811865475,0.7071067811865475,0.7071067811865475,0.7071067811865475,0.7071067811865475,0.7071067811865475,0.7071067811865475,0.7071067811865475,0.7071067811865475,0.7071067811865475,0.7071067811865475,0.7071067811865475,0.7071067811865475,0.7071067811865475,0.0,0.0,0.0,0.0,0.0,0.0,0.0,0.0,0.0,0.0,0.0,0.0,0.0,0.2886751345948129,0.2886751345948129,0.7071067811865475,0.7071067811865475,0.7071067811865475,0.2886751345948129,0.2886751345948129,0.7071067811865475
AFDR,0.4999999999999999,0.4999999999999999,0.4999999999999999,0.4999999999999999,0.7071067811865475,0.7071067811865475,0.6324555320336759,0.0,0.7071067811865475,0.4999999999999999,0.4999999999999999,0.6324555320336759,0.6324555320336759,0.4999999999999999,0.9999999999999998,0.7071067811865475,0.7071067811865475,0.4999999999999999,0.0,0.0,0.2886751345948129,0.2886751345948129,0.7071067811865475,0.7071067811865475,0.7071067811865475,0.7071067811865475,0.7071067811865475,0.7071067811865475,0.7071067811865475,0.7071067811865475,0.0,0.0,0.7071067811865475,0.7071067811865475,0.7071067811865475,0.7071067811865475,0.7071067811865475,0.7071067811865475,0.7071067811865475,0.7071067811865475,0.7071067811865475,0.7071067811865475,0.9999999999999998,1.0,0.7071067811865475,0.7071067811865475,0.7071067811865475,0.7071067811865475,0.7071067811865475,0.7071067811865475,0.7071067811865475,0.7071067811865475,0.7071067811865475,0.7071067811865475,0.4999999999999999,0.4999999999999999,0.0,0.0,0.0,0.0,0.7071067811865475,0.7071067811865475,0.7071067811865475,0.0,0.4999999999999999,0.4999999999999999,0.4999999999999999,0.4999999999999999,0.4999999999999999,0.7071067811865475,0.7071067811865475,0.7071067811865475,0.7071067811865475,0.7071067811865475,0.7071067811865475,0.7071067811865475,0.4999999999999999,0.4999999999999999,0.7071067811865475,0.7071067811865475,0.7071067811865475,0.7071067811865475,0.7071067811865475,0.7071067811865475,0.0,0.0,0.2886751345948129,0.2886751345948129,0.7071067811865475,0.7071067811865475,0.7071067811865475,0.7071067811865475,0.7071067811865475,0.7071067811865475,0.4999999999999999,0.4999999999999999,0.7071067811865475,0.7071067811865475,0.8164965809277259,0.2886751345948129,0.2886751345948129,0.7071067811865475,0.7071067811865475,0.7071067811865475,0.7071067811865475,0.4999999999999999,0.4999999999999999,0.7071067811865475,0.7071067811865475,0.7071067811865475,0.7071067811865475,0.7071067811865475,0.7071067811865475,0.4999999999999999,0.4999999999999999,0.0,0.0,0.0,0.0,0.0,0.7071067811865475,0.7071067811865475,0.7071067811865475,0.7071067811865475,0.0,0.0,0.2886751345948129,0.2886751345948129,0.4999999999999999,0.4999999999999999,0.7071067811865475,0.7071067811865475,0.2886751345948129,0.2886751345948129,0.0,0.0,0.0,0.0,0.0,0.31622776601683794,0.0,0.0,0.0,0.0,0.0,0.0,0.0,0.0,0.7071067811865475,0.9999999999999998,0.9999999999999998,0.7071067811865475,0.7071067811865475,0.0,0.0,0.7071067811865475,0.0,0.0,0.0,0.0,0.7071067811865475,0.7071067811865475,0.7071067811865475,0.7071067811865475,0.7071067811865475,0.7071067811865475,0.7071067811865475,0.7071067811865475,0.7071067811865475,0.7071067811865475,0.7071067811865475,0.7071067811865475,0.7071067811865475,0.7071067811865475,0.7071067811865475,0.7071067811865475,0.7071067811865475,0.7071067811865475,0.7071067811865475,0.2886751345948129,0.2886751345948129,0.4999999999999999,0.4999999999999999,0.4999999999999999,0.4999999999999999,0.4999999999999999,0.4999999999999999,0.4999999999999999,0.4999999999999999,0.4999999999999999,0.4999999999999999,0.7071067811865475,0.7071067811865475,0.7071067811865475,0.7071067811865475,0.7071067811865475,0.7071067811865475,0.7071067811865475,0.7071067811865475,0.7071067811865475,0.7071067811865475,0.0,0.0,0.0,0.0,0.7071067811865475,0.7071067811865475,0.4999999999999999,0.4999999999999999,0.4999999999999999,0.4999999999999999,0.7071067811865475,0.7071067811865475,0.7071067811865475,0.7071067811865475,0.4999999999999999,0.4999999999999999,0.4999999999999999,0.4999999999999999,0.7071067811865475,0.7071067811865475,0.7071067811865475,0.7071067811865475,0.7071067811865475,0.7071067811865475,0.7071067811865475,0.7071067811865475,0.7071067811865475,0.7071067811865475,0.7071067811865475,0.7071067811865475,0.7071067811865475,0.7071067811865475,0.7071067811865475,0.7071067811865475,0.7071067811865475,0.7071067811865475,0.7071067811865475,0.7071067811865475,0.7071067811865475,0.7071067811865475,0.7071067811865475,0.7071067811865475,0.7071067811865475,0.7071067811865475,0.7071067811865475,0.7071067811865475,0.7071067811865475,0.7071067811865475,0.7071067811865475,0.7071067811865475,0.7071067811865475,0.0,0.0,0.0,0.0,0.0,0.0,0.7071067811865475,0.4999999999999999,0.4999999999999999,0.4999999999999999,0.4999999999999999,0.4999999999999999,0.7071067811865475,0.7071067811865475,0.7071067811865475,0.7071067811865475,0.7071067811865475,0.7071067811865475,0.7071067811865475,0.7071067811865475,0.7071067811865475,0.7071067811865475,0.7071067811865475,0.7071067811865475,0.7071067811865475,0.7071067811865475,0.7071067811865475,0.7071067811865475,0.7071067811865475,0.0,0.0,0.0,0.0,0.0,0.0,0.0,0.0,0.0,0.0,0.0,0.0,0.0,0.2886751345948129,0.2886751345948129,0.7071067811865475,0.7071067811865475,0.7071067811865475,0.2886751345948129,0.2886751345948129,0.7071067811865475
IL2DL,0.7071067811865475,0.7071067811865475,0.0,0.0,1.0,0.0,0.0,0.0,1.0,0.7071067811865475,0.7071067811865475,0.0,0.0,0.7071067811865475,0.7071067811865475,1.0,1.0,0.0,0.0,0.0,0.4082482904638631,0.4082482904638631,0.0,0.0,0.0,0.0,0.0,0.0,0.0,0.0,0.0,0.0,1.0,1.0,0.0,0.0,1.0,1.0,1.0,1.0,0.0,0.0,0.7071067811865475,0.7071067811865475,1.0,1.0,1.0,1.0,1.0,1.0,0.0,0.0,0.0,0.0,0.0,0.0,0.0,0.0,0.0,0.0,0.0,0.0,0.0,0.0,0.0,0.0,0.7071067811865475,0.7071067811865475,0.7071067811865475,1.0,0.0,0.0,0.0,0.0,0.0,0.0,0.7071067811865475,0.7071067811865475,0.0,0.0,0.0,0.0,0.0,0.0,0.0,0.0,0.0,0.0,0.0,0.0,0.0,0.0,0.0,0.0,0.7071067811865475,0.7071067811865475,1.0,1.0,0.5773502691896258,0.0,0.0,1.0,1.0,0.0,0.0,0.7071067811865475,0.7071067811865475,0.0,0.0,0.0,0.0,0.0,0.0,0.7071067811865475,0.7071067811865475,0.0,0.0,0.0,0.0,0.0,1.0,1.0,0.0,0.0,0.0,0.0,0.0,0.0,0.7071067811865475,0.7071067811865475,0.0,0.0,0.4082482904638631,0.4082482904638631,0.0,0.0,0.0,0.0,0.0,0.4472135954999579,0.0,0.0,0.0,0.0,0.0,0.0,0.0,0.0,0.0,0.7071067811865475,0.7071067811865475,1.0,1.0,0.0,0.0,0.0,0.0,0.0,0.0,0.0,1.0,1.0,1.0,1.0,1.0,1.0,1.0,1.0,1.0,1.0,0.0,0.0,1.0,1.0,1.0,1.0,1.0,1.0,1.0,0.0,0.0,0.0,0.0,0.0,0.0,0.0,0.0,0.7071067811865475,0.7071067811865475,0.7071067811865475,0.7071067811865475,1.0,1.0,1.0,1.0,1.0,1.0,1.0,1.0,1.0,1.0,0.0,0.0,0.0,0.0,1.0,1.0,0.7071067811865475,0.7071067811865475,0.7071067811865475,0.7071067811865475,1.0,1.0,1.0,1.0,0.7071067811865475,0.7071067811865475,0.7071067811865475,0.7071067811865475,1.0,1.0,1.0,1.0,1.0,1.0,1.0,1.0,1.0,1.0,1.0,1.0,1.0,1.0,1.0,1.0,1.0,1.0,1.0,1.0,1.0,1.0,1.0,1.0,1.0,1.0,1.0,1.0,1.0,1.0,1.0,1.0,1.0,0.0,0.0,0.0,0.0,0.0,0.0,1.0,0.7071067811865475,0.7071067811865475,0.7071067811865475,0.7071067811865475,0.7071067811865475,1.0,1.0,1.0,1.0,1.0,1.0,1.0,1.0,1.0,1.0,1.0,1.0,1.0,1.0,1.0,1.0,1.0,0.0,0.0,0.0,0.0,0.0,0.0,0.0,0.0,0.0,0.0,0.0,0.0,0.0,0.4082482904638631,0.4082482904638631,1.0,1.0,1.0,0.4082482904638631,0.4082482904638631,1.0
IL2DR,0.7071067811865475,0.7071067811865475,0.0,0.0,1.0,0.0,0.0,0.0,1.0,0.7071067811865475,0.7071067811865475,0.0,0.0,0.7071067811865475,0.7071067811865475,1.0,1.0,0.0,0.0,0.0,0.4082482904638631,0.4082482904638631,0.0,0.0,0.0,0.0,0.0,0.0,0.0,0.0,0.0,0.0,1.0,1.0,0.0,0.0,1.0,1.0,1.0,1.0,0.0,0.0,0.7071067811865475,0.7071067811865475,1.0,1.0,1.0,1.0,1.0,1.0,0.0,0.0,0.0,0.0,0.0,0.0,0.0,0.0,0.0,0.0,0.0,0.0,0.0,0.0,0.0,0.0,0.7071067811865475,0.7071067811865475,0.7071067811865475,1.0,0.0,0.0,0.0,0.0,0.0,0.0,0.7071067811865475,0.7071067811865475,0.0,0.0,0.0,0.0,0.0,0.0,0.0,0.0,0.0,0.0,0.0,0.0,0.0,0.0,0.0,0.0,0.7071067811865475,0.7071067811865475,1.0,1.0,0.5773502691896258,0.0,0.0,1.0,1.0,0.0,0.0,0.7071067811865475,0.7071067811865475,0.0,0.0,0.0,0.0,0.0,0.0,0.7071067811865475,0.7071067811865475,0.0,0.0,0.0,0.0,0.0,1.0,1.0,0.0,0.0,0.0,0.0,0.0,0.0,0.7071067811865475,0.7071067811865475,0.0,0.0,0.4082482904638631,0.4082482904638631,0.0,0.0,0.0,0.0,0.0,0.4472135954999579,0.0,0.0,0.0,0.0,0.0,0.0,0.0,0.0,0.0,0.7071067811865475,0.7071067811865475,1.0,1.0,0.0,0.0,0.0,0.0,0.0,0.0,0.0,1.0,1.0,1.0,1.0,1.0,1.0,1.0,1.0,1.0,1.0,0.0,0.0,1.0,1.0,1.0,1.0,1.0,1.0,1.0,0.0,0.0,0.0,0.0,0.0,0.0,0.0,0.0,0.7071067811865475,0.7071067811865475,0.7071067811865475,0.7071067811865475,1.0,1.0,1.0,1.0,1.0,1.0,1.0,1.0,1.0,1.0,0.0,0.0,0.0,0.0,1.0,1.0,0.7071067811865475,0.7071067811865475,0.7071067811865475,0.7071067811865475,1.0,1.0,1.0,1.0,0.7071067811865475,0.7071067811865475,0.7071067811865475,0.7071067811865475,1.0,1.0,1.0,1.0,1.0,1.0,1.0,1.0,1.0,1.0,1.0,1.0,1.0,1.0,1.0,1.0,1.0,1.0,1.0,1.0,1.0,1.0,1.0,1.0,1.0,1.0,1.0,1.0,1.0,1.0,1.0,1.0,1.0,0.0,0.0,0.0,0.0,0.0,0.0,1.0,0.7071067811865475,0.7071067811865475,0.7071067811865475,0.7071067811865475,0.7071067811865475,1.0,1.0,1.0,1.0,1.0,1.0,1.0,1.0,1.0,1.0,1.0,1.0,1.0,1.0,1.0,1.0,1.0,0.0,0.0,0.0,0.0,0.0,0.0,0.0,0.0,0.0,0.0,0.0,0.0,0.0,0.4082482904638631,0.4082482904638631,1.0,1.0,1.0,0.4082482904638631,0.4082482904638631,1.0
IL2L,0.7071067811865475,0.7071067811865475,0.0,0.0,1.0,0.0,0.0,0.0,1.0,0.7071067811865475,0.7071067811865475,0.0,0.0,0.7071067811865475,0.7071067811865475,1.0,1.0,0.0,0.0,0.0,0.4082482904638631,0.4082482904638631,0.0,0.0,0.0,0.0,0.0,0.0,0.0,0.0,0.0,0.0,1.0,1.0,0.0,0.0,1.0,1.0,1.0,1.0,0.0,0.0,0.7071067811865475,0.7071067811865475,1.0,1.0,1.0,1.0,1.0,1.0,0.0,0.0,0.0,0.0,0.0,0.0,0.0,0.0,0.0,0.0,0.0,0.0,0.0,0.0,0.0,0.0,0.7071067811865475,0.7071067811865475,0.7071067811865475,1.0,0.0,0.0,0.0,0.0,0.0,0.0,0.7071067811865475,0.7071067811865475,0.0,0.0,0.0,0.0,0.0,0.0,0.0,0.0,0.0,0.0,0.0,0.0,0.0,0.0,0.0,0.0,0.7071067811865475,0.7071067811865475,1.0,1.0,0.5773502691896258,0.0,0.0,1.0,1.0,0.0,0.0,0.7071067811865475,0.7071067811865475,0.0,0.0,0.0,0.0,0.0,0.0,0.7071067811865475,0.7071067811865475,0.0,0.0,0.0,0.0,0.0,1.0,1.0,0.0,0.0,0.0,0.0,0.0,0.0,0.7071067811865475,0.7071067811865475,0.0,0.0,0.4082482904638631,0.4082482904638631,0.0,0.0,0.0,0.0,0.0,0.4472135954999579,0.0,0.0,0.0,0.0,0.0,0.0,0.0,0.0,0.0,0.7071067811865475,0.7071067811865475,1.0,1.0,0.0,0.0,0.0,0.0,0.0,0.0,0.0,1.0,1.0,1.0,1.0,1.0,1.0,1.0,1.0,1.0,1.0,0.0,0.0,1.0,1.0,1.0,1.0,1.0,1.0,1.0,0.0,0.0,0.0,0.0,0.0,0.0,0.0,0.0,0.7071067811865475,0.7071067811865475,0.7071067811865475,0.7071067811865475,1.0,1.0,1.0,1.0,1.0,1.0,1.0,1.0,1.0,1.0,0.0,0.0,0.0,0.0,1.0,1.0,0.7071067811865475,0.7071067811865475,0.7071067811865475,0.7071067811865475,1.0,1.0,1.0,1.0,0.7071067811865475,0.7071067811865475,0.7071067811865475,0.7071067811865475,1.0,1.0,1.0,1.0,1.0,1.0,1.0,1.0,1.0,1.0,1.0,1.0,1.0,1.0,1.0,1.0,1.0,1.0,1.0,1.0,1.0,1.0,1.0,1.0,1.0,1.0,1.0,1.0,1.0,1.0,1.0,1.0,1.0,0.0,0.0,0.0,0.0,0.0,0.0,1.0,0.7071067811865475,0.7071067811865475,0.7071067811865475,0.7071067811865475,0.7071067811865475,1.0,1.0,1.0,1.0,1.0,1.0,1.0,1.0,1.0,1.0,1.0,1.0,1.0,1.0,1.0,1.0,1.0,0.0,0.0,0.0,0.0,0.0,0.0,0.0,0.0,0.0,0.0,0.0,0.0,0.0,0.4082482904638631,0.4082482904638631,1.0,1.0,1.0,0.4082482904638631,0.4082482904638631,1.0
IL2R,0.7071067811865475,0.7071067811865475,0.0,0.0,1.0,0.0,0.0,0.0,1.0,0.7071067811865475,0.7071067811865475,0.0,0.0,0.7071067811865475,0.7071067811865475,1.0,1.0,0.0,0.0,0.0,0.4082482904638631,0.4082482904638631,0.0,0.0,0.0,0.0,0.0,0.0,0.0,0.0,0.0,0.0,1.0,1.0,0.0,0.0,1.0,1.0,1.0,1.0,0.0,0.0,0.7071067811865475,0.7071067811865475,1.0,1.0,1.0,1.0,1.0,1.0,0.0,0.0,0.0,0.0,0.0,0.0,0.0,0.0,0.0,0.0,0.0,0.0,0.0,0.0,0.0,0.0,0.7071067811865475,0.7071067811865475,0.7071067811865475,1.0,0.0,0.0,0.0,0.0,0.0,0.0,0.7071067811865475,0.7071067811865475,0.0,0.0,0.0,0.0,0.0,0.0,0.0,0.0,0.0,0.0,0.0,0.0,0.0,0.0,0.0,0.0,0.7071067811865475,0.7071067811865475,1.0,1.0,0.5773502691896258,0.0,0.0,1.0,1.0,0.0,0.0,0.7071067811865475,0.7071067811865475,0.0,0.0,0.0,0.0,0.0,0.0,0.7071067811865475,0.7071067811865475,0.0,0.0,0.0,0.0,0.0,1.0,1.0,0.0,0.0,0.0,0.0,0.0,0.0,0.7071067811865475,0.7071067811865475,0.0,0.0,0.4082482904638631,0.4082482904638631,0.0,0.0,0.0,0.0,0.0,0.4472135954999579,0.0,0.0,0.0,0.0,0.0,0.0,0.0,0.0,0.0,0.7071067811865475,0.7071067811865475,1.0,1.0,0.0,0.0,0.0,0.0,0.0,0.0,0.0,1.0,1.0,1.0,1.0,1.0,1.0,1.0,1.0,1.0,1.0,0.0,0.0,1.0,1.0,1.0,1.0,1.0,1.0,1.0,0.0,0.0,0.0,0.0,0.0,0.0,0.0,0.0,0.7071067811865475,0.7071067811865475,0.7071067811865475,0.7071067811865475,1.0,1.0,1.0,1.0,1.0,1.0,1.0,1.0,1.0,1.0,0.0,0.0,0.0,0.0,1.0,1.0,0.7071067811865475,0.7071067811865475,0.7071067811865475,0.7071067811865475,1.0,1.0,1.0,1.0,0.7071067811865475,0.7071067811865475,0.7071067811865475,0.7071067811865475,1.0,1.0,1.0,1.0,1.0,1.0,1.0,1.0,1.0,1.0,1.0,1.0,1.0,1.0,1.0,1.0,1.0,1.0,1.0,1.0,1.0,1.0,1.0,1.0,1.0,1.0,1.0,1.0,1.0,1.0,1.0,1.0,1.0,0.0,0.0,0.0,0.0,0.0,0.0,1.0,0.7071067811865475,0.7071067811865475,0.7071067811865475,0.7071067811865475,0.7071067811865475,1.0,1.0,1.0,1.0,1.0,1.0,1.0,1.0,1.0,1.0,1.0,1.0,1.0,1.0,1.0,1.0,1.0,0.0,0.0,0.0,0.0,0.0,0.0,0.0,0.0,0.0,0.0,0.0,0.0,0.0,0.4082482904638631,0.4082482904638631,1.0,1.0,1.0,0.4082482904638631,0.4082482904638631,1.0
IL2VL,0.7071067811865475,0.7071067811865475,0.0,0.0,1.0,0.0,0.0,0.0,1.0,0.7071067811865475,0.7071067811865475,0.0,0.0,0.7071067811865475,0.7071067811865475,1.0,1.0,0.0,0.0,0.0,0.4082482904638631,0.4082482904638631,0.0,0.0,0.0,0.0,0.0,0.0,0.0,0.0,0.0,0.0,1.0,1.0,0.0,0.0,1.0,1.0,1.0,1.0,0.0,0.0,0.7071067811865475,0.7071067811865475,1.0,1.0,1.0,1.0,1.0,1.0,0.0,0.0,0.0,0.0,0.0,0.0,0.0,0.0,0.0,0.0,0.0,0.0,0.0,0.0,0.0,0.0,0.7071067811865475,0.7071067811865475,0.7071067811865475,1.0,0.0,0.0,0.0,0.0,0.0,0.0,0.7071067811865475,0.7071067811865475,0.0,0.0,0.0,0.0,0.0,0.0,0.0,0.0,0.0,0.0,0.0,0.0,0.0,0.0,0.0,0.0,0.7071067811865475,0.7071067811865475,1.0,1.0,0.5773502691896258,0.0,0.0,1.0,1.0,0.0,0.0,0.7071067811865475,0.7071067811865475,0.0,0.0,0.0,0.0,0.0,0.0,0.7071067811865475,0.7071067811865475,0.0,0.0,0.0,0.0,0.0,1.0,1.0,0.0,0.0,0.0,0.0,0.0,0.0,0.7071067811865475,0.7071067811865475,0.0,0.0,0.4082482904638631,0.4082482904638631,0.0,0.0,0.0,0.0,0.0,0.4472135954999579,0.0,0.0,0.0,0.0,0.0,0.0,0.0,0.0,0.0,0.7071067811865475,0.7071067811865475,1.0,1.0,0.0,0.0,0.0,0.0,0.0,0.0,0.0,1.0,1.0,1.0,1.0,1.0,1.0,1.0,1.0,1.0,1.0,0.0,0.0,1.0,1.0,1.0,1.0,1.0,1.0,1.0,0.0,0.0,0.0,0.0,0.0,0.0,0.0,0.0,0.7071067811865475,0.7071067811865475,0.7071067811865475,0.7071067811865475,1.0,1.0,1.0,1.0,1.0,1.0,1.0,1.0,1.0,1.0,0.0,0.0,0.0,0.0,1.0,1.0,0.7071067811865475,0.7071067811865475,0.7071067811865475,0.7071067811865475,1.0,1.0,1.0,1.0,0.7071067811865475,0.7071067811865475,0.7071067811865475,0.7071067811865475,1.0,1.0,1.0,1.0,1.0,1.0,1.0,1.0,1.0,1.0,1.0,1.0,1.0,1.0,1.0,1.0,1.0,1.0,1.0,1.0,1.0,1.0,1.0,1.0,1.0,1.0,1.0,1.0,1.0,1.0,1.0,1.0,1.0,0.0,0.0,0.0,0.0,0.0,0.0,1.0,0.7071067811865475,0.7071067811865475,0.7071067811865475,0.7071067811865475,0.7071067811865475,1.0,1.0,1.0,1.0,1.0,1.0,1.0,1.0,1.0,1.0,1.0,1.0,1.0,1.0,1.0,1.0,1.0,0.0,0.0,0.0,0.0,0.0,0.0,0.0,0.0,0.0,0.0,0.0,0.0,0.0,0.4082482904638631,0.4082482904638631,1.0,1.0,1.0,0.4082482904638631,0.4082482904638631,1.0
IL2VR,0.7071067811865475,0.7071067811865475,0.0,0.0,1.0,0.0,0.0,0.0,1.0,0.7071067811865475,0.7071067811865475,0.0,0.0,0.7071067811865475,0.7071067811865475,1.0,1.0,0.0,0.0,0.0,0.4082482904638631,0.4082482904638631,0.0,0.0,0.0,0.0,0.0,0.0,0.0,0.0,0.0,0.0,1.0,1.0,0.0,0.0,1.0,1.0,1.0,1.0,0.0,0.0,0.7071067811865475,0.7071067811865475,1.0,1.0,1.0,1.0,1.0,1.0,0.0,0.0,0.0,0.0,0.0,0.0,0.0,0.0,0.0,0.0,0.0,0.0,0.0,0.0,0.0,0.0,0.7071067811865475,0.7071067811865475,0.7071067811865475,1.0,0.0,0.0,0.0,0.0,0.0,0.0,0.7071067811865475,0.7071067811865475,0.0,0.0,0.0,0.0,0.0,0.0,0.0,0.0,0.0,0.0,0.0,0.0,0.0,0.0,0.0,0.0,0.7071067811865475,0.7071067811865475,1.0,1.0,0.5773502691896258,0.0,0.0,1.0,1.0,0.0,0.0,0.7071067811865475,0.7071067811865475,0.0,0.0,0.0,0.0,0.0,0.0,0.7071067811865475,0.7071067811865475,0.0,0.0,0.0,0.0,0.0,1.0,1.0,0.0,0.0,0.0,0.0,0.0,0.0,0.7071067811865475,0.7071067811865475,0.0,0.0,0.4082482904638631,0.4082482904638631,0.0,0.0,0.0,0.0,0.0,0.4472135954999579,0.0,0.0,0.0,0.0,0.0,0.0,0.0,0.0,0.0,0.7071067811865475,0.7071067811865475,1.0,1.0,0.0,0.0,0.0,0.0,0.0,0.0,0.0,1.0,1.0,1.0,1.0,1.0,1.0,1.0,1.0,1.0,1.0,0.0,0.0,1.0,1.0,1.0,1.0,1.0,1.0,1.0,0.0,0.0,0.0,0.0,0.0,0.0,0.0,0.0,0.7071067811865475,0.7071067811865475,0.7071067811865475,0.7071067811865475,1.0,1.0,1.0,1.0,1.0,1.0,1.0,1.0,1.0,1.0,0.0,0.0,0.0,0.0,1.0,1.0,0.7071067811865475,0.7071067811865475,0.7071067811865475,0.7071067811865475,1.0,1.0,1.0,1.0,0.7071067811865475,0.7071067811865475,0.7071067811865475,0.7071067811865475,1.0,1.0,1.0,1.0,1.0,1.0,1.0,1.0,1.0,1.0,1.0,1.0,1.0,1.0,1.0,1.0,1.0,1.0,1.0,1.0,1.0,1.0,1.0,1.0,1.0,1.0,1.0,1.0,1.0,1.0,1.0,1.0,1.0,0.0,0.0,0.0,0.0,0.0,0.0,1.0,0.7071067811865475,0.7071067811865475,0.7071067811865475,0.7071067811865475,0.7071067811865475,1.0,1.0,1.0,1.0,1.0,1.0,1.0,1.0,1.0,1.0,1.0,1.0,1.0,1.0,1.0,1.0,1.0,0.0,0.0,0.0,0.0,0.0,0.0,0.0,0.0,0.0,0.0,0.0,0.0,0.0,0.4082482904638631,0.4082482904638631,1.0,1.0,1.0,0.4082482904638631,0.4082482904638631,1.0
OLQDL,0.0,0.0,0.7071067811865475,0.7071067811865475,0.0,1.0,0.8944271909999159,0.0,0.0,0.0,0.0,0.8944271909999159,0.8944271909999159,0.0,0.7071067811865475,0.0,0.0,0.7071067811865475,0.0,0.0,0.0,0.0,1.0,1.0,1.0,1.0,1.0,1.0,1.0,1.0,0.0,0.0,0.0,0.0,1.0,1.0,0.0,0.0,0.0,0.0,1.0,1.0,0.7071067811865475,0.7071067811865475,0.0,0.0,0.0,0.0,0.0,0.0,1.0,1.0,1.0,1.0,0.7071067811865475,0.7071067811865475,0.0,0.0,0.0,0.0,1.0,1.0,1.0,0.0,0.7071067811865475,0.7071067811865475,0.0,0.0,0.0,0.0,1.0,1.0,1.0,1.0,1.0,1.0,0.0,0.0,1.0,1.0,1.0,1.0,1.0,1.0,0.0,0.0,0.4082482904638631,0.4082482904638631,1.0,1.0,1.0,1.0,1.0,1.0,0.0,0.0,0.0,0.0,0.5773502691896258,0.4082482904638631,0.4082482904638631,0.0,0.0,1.0,1.0,0.0,0.0,1.0,1.0,1.0,1.0,1.0,1.0,0.0,0.0,0.0,0.0,0.0,0.0,0.0,0.0,0.0,1.0,1.0,0.0,0.0,0.4082482904638631,0.4082482904638631,0.0,0.0,1.0,1.0,0.0,0.0,0.0,0.0,0.0,0.0,0.0,0.0,0.0,0.0,0.0,0.0,0.0,0.0,0.0,0.0,1.0,0.7071067811865475,0.7071067811865475,0.0,0.0,0.0,0.0,1.0,0.0,0.0,0.0,0.0,0.0,0.0,0.0,0.0,0.0,0.0,0.0,0.0,0.0,0.0,1.0,1.0,0.0,0.0,0.0,0.0,0.0,0.0,0.0,0.4082482904638631,0.4082482904638631,0.7071067811865475,0.7071067811865475,0.7071067811865475,0.7071067811865475,0.7071067811865475,0.7071067811865475,0.0,0.0,0.0,0.0,0.0,0.0,0.0,0.0,0.0,0.0,0.0,0.0,0.0,0.0,0.0,0.0,0.0,0.0,0.0,0.0,0.0,0.0,0.0,0.0,0.0,0.0,0.0,0.0,0.0,0.0,0.0,0.0,0.0,0.0,0.0,0.0,0.0,0.0,0.0,0.0,0.0,0.0,0.0,0.0,0.0,0.0,0.0,0.0,0.0,0.0,0.0,0.0,0.0,0.0,0.0,0.0,0.0,0.0,0.0,0.0,0.0,0.0,0.0,0.0,0.0,0.0,0.0,0.0,0.0,0.0,0.0,0.0,0.0,0.0,0.0,0.0,0.0,0.0,0.0,0.0,0.0,0.0,0.0,0.0,0.0,0.0,0.0,0.0,0.0,0.0,0.0,0.0,0.0,0.0,0.0,0.0,0.0,0.0,0.0,0.0,0.0,0.0,0.0,0.0,0.0,0.0,0.0,0.0,0.0,0.0,0.0,0.0,0.0,0.0,0.0
OLQDR,0.0,0.0,0.7071067811865475,0.7071067811865475,0.0,1.0,0.8944271909999159,0.0,0.0,0.0,0.0,0.8944271909999159,0.8944271909999159,0.0,0.7071067811865475,0.0,0.0,0.7071067811865475,0.0,0.0,0.0,0.0,1.0,1.0,1.0,1.0,1.0,1.0,1.0,1.0,0.0,0.0,0.0,0.0,1.0,1.0,0.0,0.0,0.0,0.0,1.0,1.0,0.7071067811865475,0.7071067811865475,0.0,0.0,0.0,0.0,0.0,0.0,1.0,1.0,1.0,1.0,0.7071067811865475,0.7071067811865475,0.0,0.0,0.0,0.0,1.0,1.0,1.0,0.0,0.7071067811865475,0.7071067811865475,0.0,0.0,0.0,0.0,1.0,1.0,1.0,1.0,1.0,1.0,0.0,0.0,1.0,1.0,1.0,1.0,1.0,1.0,0.0,0.0,0.4082482904638631,0.4082482904638631,1.0,1.0,1.0,1.0,1.0,1.0,0.0,0.0,0.0,0.0,0.5773502691896258,0.4082482904638631,0.4082482904638631,0.0,0.0,1.0,1.0,0.0,0.0,1.0,1.0,1.0,1.0,1.0,1.0,0.0,0.0,0.0,0.0,0.0,0.0,0.0,0.0,0.0,1.0,1.0,0.0,0.0,0.4082482904638631,0.4082482904638631,0.0,0.0,1.0,1.0,0.0,0.0,0.0,0.0,0.0,0.0,0.0,0.0,0.0,0.0,0.0,0.0,0.0,0.0,0.0,0.0,1.0,0.7071067811865475,0.7071067811865475,0.0,0.0,0.0,0.0,1.0,0.0,0.0,0.0,0.0,0.0,0.0,0.0,0.0,0.0,0.0,0.0,0.0,0.0,0.0,1.0,1.0,0.0,0.0,0.0,0.0,0.0,0.0,0.0,0.4082482904638631,0.4082482904638631,0.7071067811865475,0.7071067811865475,0.7071067811865475,0.7071067811865475,0.7071067811865475,0.7071067811865475,0.0,0.0,0.0,0.0,0.0,0.0,0.0,0.0,0.0,0.0,0.0,0.0,0.0,0.0,0.0,0.0,0.0,0.0,0.0,0.0,0.0,0.0,0.0,0.0,0.0,0.0,0.0,0.0,0.0,0.0,0.0,0.0,0.0,0.0,0.0,0.0,0.0,0.0,0.0,0.0,0.0,0.0,0.0,0.0,0.0,0.0,0.0,0.0,0.0,0.0,0.0,0.0,0.0,0.0,0.0,0.0,0.0,0.0,0.0,0.0,0.0,0.0,0.0,0.0,0.0,0.0,0.0,0.0,0.0,0.0,0.0,0.0,0.0,0.0,0.0,0.0,0.0,0.0,0.0,0.0,0.0,0.0,0.0,0.0,0.0,0.0,0.0,0.0,0.0,0.0,0.0,0.0,0.0,0.0,0.0,0.0,0.0,0.0,0.0,0.0,0.0,0.0,0.0,0.0,0.0,0.0,0.0,0.0,0.0,0.0,0.0,0.0,0.0,0.0,0.0
OLQVL,0.0,0.0,0.7071067811865475,0.7071067811865475,0.0,1.0,0.8944271909999159,0.0,0.0,0.0,0.0,0.8944271909999159,0.8944271909999159,0.0,0.7071067811865475,0.0,0.0,0.7071067811865475,0.0,0.0,0.0,0.0,1.0,1.0,1.0,1.0,1.0,1.0,1.0,1.0,0.0,0.0,0.0,0.0,1.0,1.0,0.0,0.0,0.0,0.0,1.0,1.0,0.7071067811865475,0.7071067811865475,0.0,0.0,0.0,0.0,0.0,0.0,1.0,1.0,1.0,1.0,0.7071067811865475,0.7071067811865475,0.0,0.0,0.0,0.0,1.0,1.0,1.0,0.0,0.7071067811865475,0.7071067811865475,0.0,0.0,0.0,0.0,1.0,1.0,1.0,1.0,1.0,1.0,0.0,0.0,1.0,1.0,1.0,1.0,1.0,1.0,0.0,0.0,0.4082482904638631,0.4082482904638631,1.0,1.0,1.0,1.0,1.0,1.0,0.0,0.0,0.0,0.0,0.5773502691896258,0.4082482904638631,0.4082482904638631,0.0,0.0,1.0,1.0,0.0,0.0,1.0,1.0,1.0,1.0,1.0,1.0,0.0,0.0,0.0,0.0,0.0,0.0,0.0,0.0,0.0,1.0,1.0,0.0,0.0,0.4082482904638631,0.4082482904638631,0.0,0.0,1.0,1.0,0.0,0.0,0.0,0.0,0.0,0.0,0.0,0.0,0.0,0.0,0.0,0.0,0.0,0.0,0.0,0.0,1.0,0.7071067811865475,0.7071067811865475,0.0,0.0,0.0,0.0,1.0,0.0,0.0,0.0,0.0,0.0,0.0,0.0,0.0,0.0,0.0,0.0,0.0,0.0,0.0,1.0,1.0,0.0,0.0,0.0,0.0,0.0,0.0,0.0,0.4082482904638631,0.4082482904638631,0.7071067811865475,0.7071067811865475,0.7071067811865475,0.7071067811865475,0.7071067811865475,0.7071067811865475,0.0,0.0,0.0,0.0,0.0,0.0,0.0,0.0,0.0,0.0,0.0,0.0,0.0,0.0,0.0,0.0,0.0,0.0,0.0,0.0,0.0,0.0,0.0,0.0,0.0,0.0,0.0,0.0,0.0,0.0,0.0,0.0,0.0,0.0,0.0,0.0,0.0,0.0,0.0,0.0,0.0,0.0,0.0,0.0,0.0,0.0,0.0,0.0,0.0,0.0,0.0,0.0,0.0,0.0,0.0,0.0,0.0,0.0,0.0,0.0,0.0,0.0,0.0,0.0,0.0,0.0,0.0,0.0,0.0,0.0,0.0,0.0,0.0,0.0,0.0,0.0,0.0,0.0,0.0,0.0,0.0,0.0,0.0,0.0,0.0,0.0,0.0,0.0,0.0,0.0,0.0,0.0,0.0,0.0,0.0,0.0,0.0,0.0,0.0,0.0,0.0,0.0,0.0,0.0,0.0,0.0,0.0,0.0,0.0,0.0,0.0,0.0,0.0,0.0,0.0
OLQVR,0.0,0.0,0.7071067811865475,0.7071067811865475,0.0,1.0,0.8944271909999159,0.0,0.0,0.0,0.0,0.8944271909999159,0.8944271909999159,0.0,0.7071067811865475,0.0,0.0,0.7071067811865475,0.0,0.0,0.0,0.0,1.0,1.0,1.0,1.0,1.0,1.0,1.0,1.0,0.0,0.0,0.0,0.0,1.0,1.0,0.0,0.0,0.0,0.0,1.0,1.0,0.7071067811865475,0.7071067811865475,0.0,0.0,0.0,0.0,0.0,0.0,1.0,1.0,1.0,1.0,0.7071067811865475,0.7071067811865475,0.0,0.0,0.0,0.0,1.0,1.0,1.0,0.0,0.7071067811865475,0.7071067811865475,0.0,0.0,0.0,0.0,1.0,1.0,1.0,1.0,1.0,1.0,0.0,0.0,1.0,1.0,1.0,1.0,1.0,1.0,0.0,0.0,0.4082482904638631,0.4082482904638631,1.0,1.0,1.0,1.0,1.0,1.0,0.0,0.0,0.0,0.0,0.5773502691896258,0.4082482904638631,0.4082482904638631,0.0,0.0,1.0,1.0,0.0,0.0,1.0,1.0,1.0,1.0,1.0,1.0,0.0,0.0,0.0,0.0,0.0,0.0,0.0,0.0,0.0,1.0,1.0,0.0,0.0,0.4082482904638631,0.4082482904638631,0.0,0.0,1.0,1.0,0.0,0.0,0.0,0.0,0.0,0.0,0.0,0.0,0.0,0.0,0.0,0.0,0.0,0.0,0.0,0.0,1.0,0.7071067811865475,0.7071067811865475,0.0,0.0,0.0,0.0,1.0,0.0,0.0,0.0,0.0,0.0,0.0,0.0,0.0,0.0,0.0,0.0,0.0,0.0,0.0,1.0,1.0,0.0,0.0,0.0,0.0,0.0,0.0,0.0,0.4082482904638631,0.4082482904638631,0.7071067811865475,0.7071067811865475,0.7071067811865475,0.7071067811865475,0.7071067811865475,0.7071067811865475,0.0,0.0,0.0,0.0,0.0,0.0,0.0,0.0,0.0,0.0,0.0,0.0,0.0,0.0,0.0,0.0,0.0,0.0,0.0,0.0,0.0,0.0,0.0,0.0,0.0,0.0,0.0,0.0,0.0,0.0,0.0,0.0,0.0,0.0,0.0,0.0,0.0,0.0,0.0,0.0,0.0,0.0,0.0,0.0,0.0,0.0,0.0,0.0,0.0,0.0,0.0,0.0,0.0,0.0,0.0,0.0,0.0,0.0,0.0,0.0,0.0,0.0,0.0,0.0,0.0,0.0,0.0,0.0,0.0,0.0,0.0,0.0,0.0,0.0,0.0,0.0,0.0,0.0,0.0,0.0,0.0,0.0,0.0,0.0,0.0,0.0,0.0,0.0,0.0,0.0,0.0,0.0,0.0,0.0,0.0,0.0,0.0,0.0,0.0,0.0,0.0,0.0,0.0,0.0,0.0,0.0,0.0,0.0,0.0,0.0,0.0,0.0,0.0,0.0,0.0
OLLL,0.4999999999999999,0.4999999999999999,0.9999999999999998,0.9999999999999998,0.0,0.7071067811865475,0.9486832980505138,0.7071067811865475,0.0,0.4999999999999999,0.4999999999999999,0.9486832980505138,0.9486832980505138,0.4999999999999999,0.4999999999999999,0.0,0.0,0.9999999999999998,0.2886751345948129,0.2886751345948129,0.0,0.0,0.7071067811865475,0.7071067811865475,0.7071067811865475,0.7071067811865475,0.7071067811865475,0.7071067811865475,0.7071067811865475,0.7071067811865475,0.0,0.0,0.0,0.0,0.7071067811865475,0.7071067811865475,0.0,0.0,0.0,0.0,0.7071067811865475,0.7071067811865475,0.4999999999999999,0.4999999999999999,0.0,0.0,0.0,0.0,0.0,0.0,0.7071067811865475,0.7071067811865475,0.7071067811865475,0.7071067811865475,1.0,0.9999999999999998,0.1543033499620919,0.1543033499620919,0.1543033499620919,0.1543033499620919,0.7071067811865475,0.7071067811865475,0.7071067811865475,0.0,0.9999999999999998,0.9999999999999998,0.4999999999999999,0.4999999999999999,0.4999999999999999,0.0,0.7071067811865475,0.7071067811865475,0.7071067811865475,0.7071067811865475,0.7071067811865475,0.7071067811865475,0.4999999999999999,0.4999999999999999,0.7071067811865475,0.7071067811865475,0.7071067811865475,0.7071067811865475,0.7071067811865475,0.7071067811865475,0.0,0.0,0.2886751345948129,0.2886751345948129,0.7071067811865475,0.7071067811865475,0.7071067811865475,0.7071067811865475,0.7071067811865475,0.7071067811865475,0.4999999999999999,0.4999999999999999,0.0,0.0,0.8164965809277259,0.2886751345948129,0.2886751345948129,0.0,0.0,0.7071067811865475,0.7071067811865475,0.4999999999999999,0.4999999999999999,0.7071067811865475,0.7071067811865475,0.7071067811865475,0.7071067811865475,0.7071067811865475,0.7071067811865475,0.4999999999999999,0.4999999999999999,0.7071067811865475,0.0,0.0,0.0,0.0,0.0,0.0,0.7071067811865475,0.7071067811865475,0.7071067811865475,0.7071067811865475,0.2886751345948129,0.2886751345948129,0.4999999999999999,0.4999999999999999,0.7071067811865475,0.7071067811865475,0.0,0.0,0.7071067811865475,0.0,0.0,0.0,0.0,0.6324555320336759,0.0,0.0,0.7071067811865475,0.7071067811865475,0.7071067811865475,0.7071067811865475,0.4714045207910316,0.7071067811865475,0.7071067811865475,0.4999999999999999,0.4999999999999999,0.0,0.0,0.0,0.0,0.7071067811865475,0.7071067811865475,0.0,0.0,0.7071067811865475,0.0,0.0,0.0,0.0,0.0,0.0,0.0,0.0,0.0,0.0,0.7071067811865475,0.7071067811865475,0.0,0.0,0.0,0.0,0.0,0.0,0.0,0.2886751345948129,0.2886751345948129,0.9999999999999998,0.9999999999999998,0.9999999999999998,0.9999999999999998,0.9999999999999998,0.9999999999999998,0.4999999999999999,0.4999999999999999,0.4999999999999999,0.4999999999999999,0.0,0.0,0.0,0.0,0.0,0.0,0.0,0.0,0.0,0.0,0.7071067811865475,0.7071067811865475,0.7071067811865475,0.7071067811865475,0.0,0.0,0.4999999999999999,0.4999999999999999,0.4999999999999999,0.4999999999999999,0.0,0.0,0.0,0.0,0.4999999999999999,0.4999999999999999,0.4999999999999999,0.4999999999999999,0.0,0.0,0.0,0.0,0.0,0.0,0.0,0.0,0.0,0.0,0.0,0.0,0.0,0.0,0.0,0.0,0.0,0.0,0.0,0.0,0.0,0.0,0.0,0.0,0.0,0.0,0.0,0.0,0.0,0.0,0.0,0.0,0.0,0.7071067811865475,0.7071067811865475,0.7071067811865475,0.7071067811865475,0.7071067811865475,0.7071067811865475,0.0,0.4999999999999999,0.4999999999999999,0.4999999999999999,0.4999999999999999,0.4999999999999999,0.0,0.0,0.0,0.0,0.0,0.0,0.0,0.0,0.0,0.0,0.0,0.0,0.0,0.0,0.0,0.0,0.0,0.7071067811865475,0.7071067811865475,0.7071067811865475,0.7071067811865475,0.7071067811865475,0.7071067811865475,0.7071067811865475,0.7071067811865475,0.7071067811865475,0.7071067811865475,0.7071067811865475,0.7071067811865475,0.7071067811865475,0.0,0.0,0.0,0.0,0.0,0.0,0.0,0.0
OLLR,0.4999999999999999,0.4999999999999999,0.9999999999999998,0.9999999999999998,0.0,0.7071067811865475,0.9486832980505138,0.7071067811865475,0.0,0.4999999999999999,0.4999999999999999,0.9486832980505138,0.9486832980505138,0.4999999999999999,0.4999999999999999,0.0,0.0,0.9999999999999998,0.2886751345948129,0.2886751345948129,0.0,0.0,0.7071067811865475,0.7071067811865475,0.7071067811865475,0.7071067811865475,0.7071067811865475,0.7071067811865475,0.7071067811865475,0.7071067811865475,0.0,0.0,0.0,0.0,0.7071067811865475,0.7071067811865475,0.0,0.0,0.0,0.0,0.7071067811865475,0.7071067811865475,0.4999999999999999,0.4999999999999999,0.0,0.0,0.0,0.0,0.0,0.0,0.7071067811865475,0.7071067811865475,0.7071067811865475,0.7071067811865475,0.9999999999999998,1.0,0.1543033499620919,0.1543033499620919,0.1543033499620919,0.1543033499620919,0.7071067811865475,0.7071067811865475,0.7071067811865475,0.0,0.9999999999999998,0.9999999999999998,0.4999999999999999,0.4999999999999999,0.4999999999999999,0.0,0.7071067811865475,0.7071067811865475,0.7071067811865475,0.7071067811865475,0.7071067811865475,0.7071067811865475,0.4999999999999999,0.4999999999999999,0.7071067811865475,0.7071067811865475,0.7071067811865475,0.7071067811865475,0.7071067811865475,0.7071067811865475,0.0,0.0,0.2886751345948129,0.2886751345948129,0.7071067811865475,0.7071067811865475,0.7071067811865475,0.7071067811865475,0.7071067811865475,0.7071067811865475,0.4999999999999999,0.4999999999999999,0.0,0.0,0.8164965809277259,0.2886751345948129,0.2886751345948129,0.0,0.0,0.7071067811865475,0.7071067811865475,0.4999999999999999,0.4999999999999999,0.7071067811865475,0.7071067811865475,0.7071067811865475,0.7071067811865475,0.7071067811865475,0.7071067811865475,0.4999999999999999,0.4999999999999999,0.7071067811865475,0.0,0.0,0.0,0.0,0.0,0.0,0.7071067811865475,0.7071067811865475,0.7071067811865475,0.7071067811865475,0.2886751345948129,0.2886751345948129,0.4999999999999999,0.4999999999999999,0.7071067811865475,0.7071067811865475,0.0,0.0,0.7071067811865475,0.0,0.0,0.0,0.0,0.6324555320336759,0.0,0.0,0.7071067811865475,0.7071067811865475,0.7071067811865475,0.7071067811865475,0.4714045207910316,0.7071067811865475,0.7071067811865475,0.4999999999999999,0.4999999999999999,0.0,0.0,0.0,0.0,0.7071067811865475,0.7071067811865475,0.0,0.0,0.7071067811865475,0.0,0.0,0.0,0.0,0.0,0.0,0.0,0.0,0.0,0.0,0.7071067811865475,0.7071067811865475,0.0,0.0,0.0,0.0,0.0,0.0,0.0,0.2886751345948129,0.2886751345948129,0.9999999999999998,0.9999999999999998,0.9999999999999998,0.9999999999999998,0.9999999999999998,0.9999999999999998,0.4999999999999999,0.4999999999999999,0.4999999999999999,0.4999999999999999,0.0,0.0,0.0,0.0,0.0,0.0,0.0,0.0,0.0,0.0,0.7071067811865475,0.7071067811865475,0.7071067811865475,0.7071067811865475,0.0,0.0,0.4999999999999999,0.4999999999999999,0.4999999999999999,0.4999999999999999,0.0,0.0,0.0,0.0,0.4999999999999999,0.4999999999999999,0.4999999999999999,0.4999999999999999,0.0,0.0,0.0,0.0,0.0,0.0,0.0,0.0,0.0,0.0,0.0,0.0,0.0,0.0,0.0,0.0,0.0,0.0,0.0,0.0,0.0,0.0,0.0,0.0,0.0,0.0,0.0,0.0,0.0,0.0,0.0,0.0,0.0,0.7071067811865475,0.7071067811865475,0.7071067811865475,0.7071067811865475,0.7071067811865475,0.7071067811865475,0.0,0.4999999999999999,0.4999999999999999,0.4999999999999999,0.4999999999999999,0.4999999999999999,0.0,0.0,0.0,0.0,0.0,0.0,0.0,0.0,0.0,0.0,0.0,0.0,0.0,0.0,0.0,0.0,0.0,0.7071067811865475,0.7071067811865475,0.7071067811865475,0.7071067811865475,0.7071067811865475,0.7071067811865475,0.7071067811865475,0.7071067811865475,0.7071067811865475,0.7071067811865475,0.7071067811865475,0.7071067811865475,0.7071067811865475,0.0,0.0,0.0,0.0,0.0,0.0,0.0,0.0
CEPDL,0.1543033499620919,0.1543033499620919,0.1543033499620919,0.1543033499620919,0.0,0.0,0.09759000729485333,0.2182178902359924,0.0,0.1543033499620919,0.1543033499620919,0.09759000729485333,0.09759000729485333,0.1543033499620919,0.0,0.0,0.0,0.1543033499620919,0.9799578870122229,0.9799578870122229,0.890870806374748,0.890870806374748,0.0,0.0,0.0,0.0,0.0,0.0,0.0,0.0,0.9759000729485332,0.9759000729485332,0.0,0.0,0.0,0.0,0.0,0.0,0.0,0.0,0.0,0.0,0.0,0.0,0.0,0.0,0.0,0.0,0.0,0.0,0.0,0.0,0.0,0.0,0.1543033499620919,0.1543033499620919,1.0,1.0,1.0,1.0,0.0,0.0,0.0,0.0,0.1543033499620919,0.1543033499620919,0.1543033499620919,0.1543033499620919,0.1543033499620919,0.0,0.0,0.0,0.0,0.0,0.0,0.0,0.1543033499620919,0.1543033499620919,0.0,0.0,0.0,0.0,0.0,0.0,0.9759000729485332,0.9759000729485332,0.890870806374748,0.890870806374748,0.0,0.0,0.0,0.0,0.0,0.0,0.1543033499620919,0.1543033499620919,0.0,0.0,0.12598815766974242,0.890870806374748,0.890870806374748,0.0,0.0,0.0,0.0,0.1543033499620919,0.1543033499620919,0.0,0.0,0.0,0.0,0.0,0.0,0.1543033499620919,0.1543033499620919,0.2182178902359924,0.0,0.0,0.9759000729485332,0.9759000729485332,0.0,0.0,0.0,0.0,0.2182178902359924,0.2182178902359924,0.890870806374748,0.890870806374748,0.1543033499620919,0.1543033499620919,0.0,0.0,0.890870806374748,0.890870806374748,0.2182178902359924,0.0,0.0,0.0,0.0,0.19518001458970666,0.0,0.0,0.2182178902359924,0.2182178902359924,0.2182178902359924,0.2182178902359924,0.8728715609439694,0.2182178902359924,0.0,0.0,0.0,0.0,0.0,0.0,0.0,0.0,0.2182178902359924,0.0,0.0,0.2182178902359924,0.0,0.0,0.0,0.0,0.0,0.0,0.0,0.0,0.0,0.0,0.0,0.0,0.0,0.0,0.0,0.0,0.0,0.0,0.0,0.890870806374748,0.890870806374748,0.1543033499620919,0.1543033499620919,0.1543033499620919,0.1543033499620919,0.1543033499620919,0.1543033499620919,0.1543033499620919,0.1543033499620919,0.1543033499620919,0.1543033499620919,0.0,0.0,0.0,0.0,0.0,0.0,0.0,0.0,0.0,0.0,0.2182178902359924,0.2182178902359924,0.2182178902359924,0.2182178902359924,0.0,0.0,0.1543033499620919,0.1543033499620919,0.1543033499620919,0.1543033499620919,0.0,0.0,0.0,0.0,0.1543033499620919,0.1543033499620919,0.1543033499620919,0.1543033499620919,0.0,0.0,0.0,0.0,0.0,0.0,0.0,0.0,0.0,0.0,0.0,0.0,0.0,0.0,0.0,0.0,0.0,0.0,0.0,0.0,0.0,0.0,0.0,0.0,0.0,0.0,0.0,0.0,0.0,0.0,0.0,0.0,0.0,0.2182178902359924,0.2182178902359924,0.2182178902359924,0.2182178902359924,0.2182178902359924,0.2182178902359924,0.0,0.1543033499620919,0.1543033499620919,0.1543033499620919,0.1543033499620919,0.1543033499620919,0.0,0.0,0.0,0.0,0.0,0.0,0.0,0.0,0.0,0.0,0.0,0.0,0.0,0.0,0.0,0.0,0.0,0.2182178902359924,0.2182178902359924,0.2182178902359924,0.2182178902359924,0.2182178902359924,0.2182178902359924,0.2182178902359924,0.2182178902359924,0.2182178902359924,0.2182178902359924,0.2182178902359924,0.2182178902359924,0.2182178902359924,0.890870806374748,0.890870806374748,0.0,0.0,0.0,0.890870806374748,0.890870806374748,0.0
CEPDR,0.1543033499620919,0.1543033499620919,0.1543033499620919,0.1543033499620919,0.0,0.0,0.09759000729485333,0.2182178902359924,0.0,0.1543033499620919,0.1543033499620919,0.09759000729485333,0.09759000729485333,0.1543033499620919,0.0,0.0,0.0,0.1543033499620919,0.9799578870122229,0.9799578870122229,0.890870806374748,0.890870806374748,0.0,0.0,0.0,0.0,0.0,0.0,0.0,0.0,0.9759000729485332,0.9759000729485332,0.0,0.0,0.0,0.0,0.0,0.0,0.0,0.0,0.0,0.0,0.0,0.0,0.0,0.0,0.0,0.0,0.0,0.0,0.0,0.0,0.0,0.0,0.1543033499620919,0.1543033499620919,1.0,1.0,1.0,1.0,0.0,0.0,0.0,0.0,0.1543033499620919,0.1543033499620919,0.1543033499620919,0.1543033499620919,0.1543033499620919,0.0,0.0,0.0,0.0,0.0,0.0,0.0,0.1543033499620919,0.1543033499620919,0.0,0.0,0.0,0.0,0.0,0.0,0.9759000729485332,0.9759000729485332,0.890870806374748,0.890870806374748,0.0,0.0,0.0,0.0,0.0,0.0,0.1543033499620919,0.1543033499620919,0.0,0.0,0.12598815766974242,0.890870806374748,0.890870806374748,0.0,0.0,0.0,0.0,0.1543033499620919,0.1543033499620919,0.0,0.0,0.0,0.0,0.0,0.0,0.1543033499620919,0.1543033499620919,0.2182178902359924,0.0,0.0,0.9759000729485332,0.9759000729485332,0.0,0.0,0.0,0.0,0.2182178902359924,0.2182178902359924,0.890870806374748,0.890870806374748,0.1543033499620919,0.1543033499620919,0.0,0.0,0.890870806374748,0.890870806374748,0.2182178902359924,0.0,0.0,0.0,0.0,0.19518001458970666,0.0,0.0,0.2182178902359924,0.2182178902359924,0.2182178902359924,0.2182178902359924,0.8728715609439694,0.2182178902359924,0.0,0.0,0.0,0.0,0.0,0.0,0.0,0.0,0.2182178902359924,0.0,0.0,0.2182178902359924,0.0,0.0,0.0,0.0,0.0,0.0,0.0,0.0,0.0,0.0,0.0,0.0,0.0,0.0,0.0,0.0,0.0,0.0,0.0,0.890870806374748,0.890870806374748,0.1543033499620919,0.1543033499620919,0.1543033499620919,0.1543033499620919,0.1543033499620919,0.1543033499620919,0.1543033499620919,0.1543033499620919,0.1543033499620919,0.1543033499620919,0.0,0.0,0.0,0.0,0.0,0.0,0.0,0.0,0.0,0.0,0.2182178902359924,0.2182178902359924,0.2182178902359924,0.2182178902359924,0.0,0.0,0.1543033499620919,0.1543033499620919,0.1543033499620919,0.1543033499620919,0.0,0.0,0.0,0.0,0.1543033499620919,0.1543033499620919,0.1543033499620919,0.1543033499620919,0.0,0.0,0.0,0.0,0.0,0.0,0.0,0.0,0.0,0.0,0.0,0.0,0.0,0.0,0.0,0.0,0.0,0.0,0.0,0.0,0.0,0.0,0.0,0.0,0.0,0.0,0.0,0.0,0.0,0.0,0.0,0.0,0.0,0.2182178902359924,0.2182178902359924,0.2182178902359924,0.2182178902359924,0.2182178902359924,0.2182178902359924,0.0,0.1543033499620919,0.1543033499620919,0.1543033499620919,0.1543033499620919,0.1543033499620919,0.0,0.0,0.0,0.0,0.0,0.0,0.0,0.0,0.0,0.0,0.0,0.0,0.0,0.0,0.0,0.0,0.0,0.2182178902359924,0.2182178902359924,0.2182178902359924,0.2182178902359924,0.2182178902359924,0.2182178902359924,0.2182178902359924,0.2182178902359924,0.2182178902359924,0.2182178902359924,0.2182178902359924,0.2182178902359924,0.2182178902359924,0.890870806374748,0.890870806374748,0.0,0.0,0.0,0.890870806374748,0.890870806374748,0.0
CEPVL,0.1543033499620919,0.1543033499620919,0.1543033499620919,0.1543033499620919,0.0,0.0,0.09759000729485333,0.2182178902359924,0.0,0.1543033499620919,0.1543033499620919,0.09759000729485333,0.09759000729485333,0.1543033499620919,0.0,0.0,0.0,0.1543033499620919,0.9799578870122229,0.9799578870122229,0.890870806374748,0.890870806374748,0.0,0.0,0.0,0.0,0.0,0.0,0.0,0.0,0.9759000729485332,0.9759000729485332,0.0,0.0,0.0,0.0,0.0,0.0,0.0,0.0,0.0,0.0,0.0,0.0,0.0,0.0,0.0,0.0,0.0,0.0,0.0,0.0,0.0,0.0,0.1543033499620919,0.1543033499620919,1.0,1.0,1.0,1.0,0.0,0.0,0.0,0.0,0.1543033499620919,0.1543033499620919,0.1543033499620919,0.1543033499620919,0.1543033499620919,0.0,0.0,0.0,0.0,0.0,0.0,0.0,0.1543033499620919,0.1543033499620919,0.0,0.0,0.0,0.0,0.0,0.0,0.9759000729485332,0.9759000729485332,0.890870806374748,0.890870806374748,0.0,0.0,0.0,0.0,0.0,0.0,0.1543033499620919,0.1543033499620919,0.0,0.0,0.12598815766974242,0.890870806374748,0.890870806374748,0.0,0.0,0.0,0.0,0.1543033499620919,0.1543033499620919,0.0,0.0,0.0,0.0,0.0,0.0,0.1543033499620919,0.1543033499620919,0.2182178902359924,0.0,0.0,0.9759000729485332,0.9759000729485332,0.0,0.0,0.0,0.0,0.2182178902359924,0.2182178902359924,0.890870806374748,0.890870806374748,0.1543033499620919,0.1543033499620919,0.0,0.0,0.890870806374748,0.890870806374748,0.2182178902359924,0.0,0.0,0.0,0.0,0.19518001458970666,0.0,0.0,0.2182178902359924,0.2182178902359924,0.2182178902359924,0.2182178902359924,0.8728715609439694,0.2182178902359924,0.0,0.0,0.0,0.0,0.0,0.0,0.0,0.0,0.2182178902359924,0.0,0.0,0.2182178902359924,0.0,0.0,0.0,0.0,0.0,0.0,0.0,0.0,0.0,0.0,0.0,0.0,0.0,0.0,0.0,0.0,0.0,0.0,0.0,0.890870806374748,0.890870806374748,0.1543033499620919,0.1543033499620919,0.1543033499620919,0.1543033499620919,0.1543033499620919,0.1543033499620919,0.1543033499620919,0.1543033499620919,0.1543033499620919,0.1543033499620919,0.0,0.0,0.0,0.0,0.0,0.0,0.0,0.0,0.0,0.0,0.2182178902359924,0.2182178902359924,0.2182178902359924,0.2182178902359924,0.0,0.0,0.1543033499620919,0.1543033499620919,0.1543033499620919,0.1543033499620919,0.0,0.0,0.0,0.0,0.1543033499620919,0.1543033499620919,0.1543033499620919,0.1543033499620919,0.0,0.0,0.0,0.0,0.0,0.0,0.0,0.0,0.0,0.0,0.0,0.0,0.0,0.0,0.0,0.0,0.0,0.0,0.0,0.0,0.0,0.0,0.0,0.0,0.0,0.0,0.0,0.0,0.0,0.0,0.0,0.0,0.0,0.2182178902359924,0.2182178902359924,0.2182178902359924,0.2182178902359924,0.2182178902359924,0.2182178902359924,0.0,0.1543033499620919,0.1543033499620919,0.1543033499620919,0.1543033499620919,0.1543033499620919,0.0,0.0,0.0,0.0,0.0,0.0,0.0,0.0,0.0,0.0,0.0,0.0,0.0,0.0,0.0,0.0,0.0,0.2182178902359924,0.2182178902359924,0.2182178902359924,0.2182178902359924,0.2182178902359924,0.2182178902359924,0.2182178902359924,0.2182178902359924,0.2182178902359924,0.2182178902359924,0.2182178902359924,0.2182178902359924,0.2182178902359924,0.890870806374748,0.890870806374748,0.0,0.0,0.0,0.890870806374748,0.890870806374748,0.0
CEPVR,0.1543033499620919,0.1543033499620919,0.1543033499620919,0.1543033499620919,0.0,0.0,0.09759000729485333,0.2182178902359924,0.0,0.1543033499620919,0.1543033499620919,0.09759000729485333,0.09759000729485333,0.1543033499620919,0.0,0.0,0.0,0.1543033499620919,0.9799578870122229,0.9799578870122229,0.890870806374748,0.890870806374748,0.0,0.0,0.0,0.0,0.0,0.0,0.0,0.0,0.9759000729485332,0.9759000729485332,0.0,0.0,0.0,0.0,0.0,0.0,0.0,0.0,0.0,0.0,0.0,0.0,0.0,0.0,0.0,0.0,0.0,0.0,0.0,0.0,0.0,0.0,0.1543033499620919,0.1543033499620919,1.0,1.0,1.0,1.0,0.0,0.0,0.0,0.0,0.1543033499620919,0.1543033499620919,0.1543033499620919,0.1543033499620919,0.1543033499620919,0.0,0.0,0.0,0.0,0.0,0.0,0.0,0.1543033499620919,0.1543033499620919,0.0,0.0,0.0,0.0,0.0,0.0,0.9759000729485332,0.9759000729485332,0.890870806374748,0.890870806374748,0.0,0.0,0.0,0.0,0.0,0.0,0.1543033499620919,0.1543033499620919,0.0,0.0,0.12598815766974242,0.890870806374748,0.890870806374748,0.0,0.0,0.0,0.0,0.1543033499620919,0.1543033499620919,0.0,0.0,0.0,0.0,0.0,0.0,0.1543033499620919,0.1543033499620919,0.2182178902359924,0.0,0.0,0.9759000729485332,0.9759000729485332,0.0,0.0,0.0,0.0,0.2182178902359924,0.2182178902359924,0.890870806374748,0.890870806374748,0.1543033499620919,0.1543033499620919,0.0,0.0,0.890870806374748,0.890870806374748,0.2182178902359924,0.0,0.0,0.0,0.0,0.19518001458970666,0.0,0.0,0.2182178902359924,0.2182178902359924,0.2182178902359924,0.2182178902359924,0.8728715609439694,0.2182178902359924,0.0,0.0,0.0,0.0,0.0,0.0,0.0,0.0,0.2182178902359924,0.0,0.0,0.2182178902359924,0.0,0.0,0.0,0.0,0.0,0.0,0.0,0.0,0.0,0.0,0.0,0.0,0.0,0.0,0.0,0.0,0.0,0.0,0.0,0.890870806374748,0.890870806374748,0.1543033499620919,0.1543033499620919,0.1543033499620919,0.1543033499620919,0.1543033499620919,0.1543033499620919,0.1543033499620919,0.1543033499620919,0.1543033499620919,0.1543033499620919,0.0,0.0,0.0,0.0,0.0,0.0,0.0,0.0,0.0,0.0,0.2182178902359924,0.2182178902359924,0.2182178902359924,0.2182178902359924,0.0,0.0,0.1543033499620919,0.1543033499620919,0.1543033499620919,0.1543033499620919,0.0,0.0,0.0,0.0,0.1543033499620919,0.1543033499620919,0.1543033499620919,0.1543033499620919,0.0,0.0,0.0,0.0,0.0,0.0,0.0,0.0,0.0,0.0,0.0,0.0,0.0,0.0,0.0,0.0,0.0,0.0,0.0,0.0,0.0,0.0,0.0,0.0,0.0,0.0,0.0,0.0,0.0,0.0,0.0,0.0,0.0,0.2182178902359924,0.2182178902359924,0.2182178902359924,0.2182178902359924,0.2182178902359924,0.2182178902359924,0.0,0.1543033499620919,0.1543033499620919,0.1543033499620919,0.1543033499620919,0.1543033499620919,0.0,0.0,0.0,0.0,0.0,0.0,0.0,0.0,0.0,0.0,0.0,0.0,0.0,0.0,0.0,0.0,0.0,0.2182178902359924,0.2182178902359924,0.2182178902359924,0.2182178902359924,0.2182178902359924,0.2182178902359924,0.2182178902359924,0.2182178902359924,0.2182178902359924,0.2182178902359924,0.2182178902359924,0.2182178902359924,0.2182178902359924,0.890870806374748,0.890870806374748,0.0,0.0,0.0,0.890870806374748,0.890870806374748,0.0
ALML,0.0,0.0,0.7071067811865475,0.7071067811865475,0.0,1.0,0.8944271909999159,0.0,0.0,0.0,0.0,0.8944271909999159,0.8944271909999159,0.0,0.7071067811865475,0.0,0.0,0.7071067811865475,0.0,0.0,0.0,0.0,1.0,1.0,1.0,1.0,1.0,1.0,1.0,1.0,0.0,0.0,0.0,0.0,1.0,1.0,0.0,0.0,0.0,0.0,1.0,1.0,0.7071067811865475,0.7071067811865475,0.0,0.0,0.0,0.0,0.0,0.0,1.0,1.0,1.0,1.0,0.7071067811865475,0.7071067811865475,0.0,0.0,0.0,0.0,1.0,1.0,1.0,0.0,0.7071067811865475,0.7071067811865475,0.0,0.0,0.0,0.0,1.0,1.0,1.0,1.0,1.0,1.0,0.0,0.0,1.0,1.0,1.0,1.0,1.0,1.0,0.0,0.0,0.4082482904638631,0.4082482904638631,1.0,1.0,1.0,1.0,1.0,1.0,0.0,0.0,0.0,0.0,0.5773502691896258,0.4082482904638631,0.4082482904638631,0.0,0.0,1.0,1.0,0.0,0.0,1.0,1.0,1.0,1.0,1.0,1.0,0.0,0.0,0.0,0.0,0.0,0.0,0.0,0.0,0.0,1.0,1.0,0.0,0.0,0.4082482904638631,0.4082482904638631,0.0,0.0,1.0,1.0,0.0,0.0,0.0,0.0,0.0,0.0,0.0,0.0,0.0,0.0,0.0,0.0,0.0,0.0,0.0,0.0,1.0,0.7071067811865475,0.7071067811865475,0.0,0.0,0.0,0.0,1.0,0.0,0.0,0.0,0.0,0.0,0.0,0.0,0.0,0.0,0.0,0.0,0.0,0.0,0.0,1.0,1.0,0.0,0.0,0.0,0.0,0.0,0.0,0.0,0.4082482904638631,0.4082482904638631,0.7071067811865475,0.7071067811865475,0.7071067811865475,0.7071067811865475,0.7071067811865475,0.7071067811865475,0.0,0.0,0.0,0.0,0.0,0.0,0.0,0.0,0.0,0.0,0.0,0.0,0.0,0.0,0.0,0.0,0.0,0.0,0.0,0.0,0.0,0.0,0.0,0.0,0.0,0.0,0.0,0.0,0.0,0.0,0.0,0.0,0.0,0.0,0.0,0.0,0.0,0.0,0.0,0.0,0.0,0.0,0.0,0.0,0.0,0.0,0.0,0.0,0.0,0.0,0.0,0.0,0.0,0.0,0.0,0.0,0.0,0.0,0.0,0.0,0.0,0.0,0.0,0.0,0.0,0.0,0.0,0.0,0.0,0.0,0.0,0.0,0.0,0.0,0.0,0.0,0.0,0.0,0.0,0.0,0.0,0.0,0.0,0.0,0.0,0.0,0.0,0.0,0.0,0.0,0.0,0.0,0.0,0.0,0.0,0.0,0.0,0.0,0.0,0.0,0.0,0.0,0.0,0.0,0.0,0.0,0.0,0.0,0.0,0.0,0.0,0.0,0.0,0.0,0.0
ALMR,0.0,0.0,0.7071067811865475,0.7071067811865475,0.0,1.0,0.8944271909999159,0.0,0.0,0.0,0.0,0.8944271909999159,0.8944271909999159,0.0,0.7071067811865475,0.0,0.0,0.7071067811865475,0.0,0.0,0.0,0.0,1.0,1.0,1.0,1.0,1.0,1.0,1.0,1.0,0.0,0.0,0.0,0.0,1.0,1.0,0.0,0.0,0.0,0.0,1.0,1.0,0.7071067811865475,0.7071067811865475,0.0,0.0,0.0,0.0,0.0,0.0,1.0,1.0,1.0,1.0,0.7071067811865475,0.7071067811865475,0.0,0.0,0.0,0.0,1.0,1.0,1.0,0.0,0.7071067811865475,0.7071067811865475,0.0,0.0,0.0,0.0,1.0,1.0,1.0,1.0,1.0,1.0,0.0,0.0,1.0,1.0,1.0,1.0,1.0,1.0,0.0,0.0,0.4082482904638631,0.4082482904638631,1.0,1.0,1.0,1.0,1.0,1.0,0.0,0.0,0.0,0.0,0.5773502691896258,0.4082482904638631,0.4082482904638631,0.0,0.0,1.0,1.0,0.0,0.0,1.0,1.0,1.0,1.0,1.0,1.0,0.0,0.0,0.0,0.0,0.0,0.0,0.0,0.0,0.0,1.0,1.0,0.0,0.0,0.4082482904638631,0.4082482904638631,0.0,0.0,1.0,1.0,0.0,0.0,0.0,0.0,0.0,0.0,0.0,0.0,0.0,0.0,0.0,0.0,0.0,0.0,0.0,0.0,1.0,0.7071067811865475,0.7071067811865475,0.0,0.0,0.0,0.0,1.0,0.0,0.0,0.0,0.0,0.0,0.0,0.0,0.0,0.0,0.0,0.0,0.0,0.0,0.0,1.0,1.0,0.0,0.0,0.0,0.0,0.0,0.0,0.0,0.4082482904638631,0.4082482904638631,0.7071067811865475,0.7071067811865475,0.7071067811865475,0.7071067811865475,0.7071067811865475,0.7071067811865475,0.0,0.0,0.0,0.0,0.0,0.0,0.0,0.0,0.0,0.0,0.0,0.0,0.0,0.0,0.0,0.0,0.0,0.0,0.0,0.0,0.0,0.0,0.0,0.0,0.0,0.0,0.0,0.0,0.0,0.0,0.0,0.0,0.0,0.0,0.0,0.0,0.0,0.0,0.0,0.0,0.0,0.0,0.0,0.0,0.0,0.0,0.0,0.0,0.0,0.0,0.0,0.0,0.0,0.0,0.0,0.0,0.0,0.0,0.0,0.0,0.0,0.0,0.0,0.0,0.0,0.0,0.0,0.0,0.0,0.0,0.0,0.0,0.0,0.0,0.0,0.0,0.0,0.0,0.0,0.0,0.0,0.0,0.0,0.0,0.0,0.0,0.0,0.0,0.0,0.0,0.0,0.0,0.0,0.0,0.0,0.0,0.0,0.0,0.0,0.0,0.0,0.0,0.0,0.0,0.0,0.0,0.0,0.0,0.0,0.0,0.0,0.0,0.0,0.0,0.0
AVM,0.0,0.0,0.7071067811865475,0.7071067811865475,0.0,1.0,0.8944271909999159,0.0,0.0,0.0,0.0,0.8944271909999159,0.8944271909999159,0.0,0.7071067811865475,0.0,0.0,0.7071067811865475,0.0,0.0,0.0,0.0,1.0,1.0,1.0,1.0,1.0,1.0,1.0,1.0,0.0,0.0,0.0,0.0,1.0,1.0,0.0,0.0,0.0,0.0,1.0,1.0,0.7071067811865475,0.7071067811865475,0.0,0.0,0.0,0.0,0.0,0.0,1.0,1.0,1.0,1.0,0.7071067811865475,0.7071067811865475,0.0,0.0,0.0,0.0,1.0,1.0,1.0,0.0,0.7071067811865475,0.7071067811865475,0.0,0.0,0.0,0.0,1.0,1.0,1.0,1.0,1.0,1.0,0.0,0.0,1.0,1.0,1.0,1.0,1.0,1.0,0.0,0.0,0.4082482904638631,0.4082482904638631,1.0,1.0,1.0,1.0,1.0,1.0,0.0,0.0,0.0,0.0,0.5773502691896258,0.4082482904638631,0.4082482904638631,0.0,0.0,1.0,1.0,0.0,0.0,1.0,1.0,1.0,1.0,1.0,1.0,0.0,0.0,0.0,0.0,0.0,0.0,0.0,0.0,0.0,1.0,1.0,0.0,0.0,0.4082482904638631,0.4082482904638631,0.0,0.0,1.0,1.0,0.0,0.0,0.0,0.0,0.0,0.0,0.0,0.0,0.0,0.0,0.0,0.0,0.0,0.0,0.0,0.0,1.0,0.7071067811865475,0.7071067811865475,0.0,0.0,0.0,0.0,1.0,0.0,0.0,0.0,0.0,0.0,0.0,0.0,0.0,0.0,0.0,0.0,0.0,0.0,0.0,1.0,1.0,0.0,0.0,0.0,0.0,0.0,0.0,0.0,0.4082482904638631,0.4082482904638631,0.7071067811865475,0.7071067811865475,0.7071067811865475,0.7071067811865475,0.7071067811865475,0.7071067811865475,0.0,0.0,0.0,0.0,0.0,0.0,0.0,0.0,0.0,0.0,0.0,0.0,0.0,0.0,0.0,0.0,0.0,0.0,0.0,0.0,0.0,0.0,0.0,0.0,0.0,0.0,0.0,0.0,0.0,0.0,0.0,0.0,0.0,0.0,0.0,0.0,0.0,0.0,0.0,0.0,0.0,0.0,0.0,0.0,0.0,0.0,0.0,0.0,0.0,0.0,0.0,0.0,0.0,0.0,0.0,0.0,0.0,0.0,0.0,0.0,0.0,0.0,0.0,0.0,0.0,0.0,0.0,0.0,0.0,0.0,0.0,0.0,0.0,0.0,0.0,0.0,0.0,0.0,0.0,0.0,0.0,0.0,0.0,0.0,0.0,0.0,0.0,0.0,0.0,0.0,0.0,0.0,0.0,0.0,0.0,0.0,0.0,0.0,0.0,0.0,0.0,0.0,0.0,0.0,0.0,0.0,0.0,0.0,0.0,0.0,0.0,0.0,0.0,0.0,0.0
PVM,0.0,0.0,0.0,0.0,0.0,0.0,0.0,0.0,0.0,0.0,0.0,0.0,0.0,0.0,0.0,0.0,0.0,0.0,0.0,0.0,0.0,0.0,0.0,0.0,0.0,0.0,0.0,0.0,0.0,0.0,0.0,0.0,0.0,0.0,0.0,0.0,0.0,0.0,0.0,0.0,0.0,0.0,0.0,0.0,0.0,0.0,0.0,0.0,0.0,0.0,0.0,0.0,0.0,0.0,0.0,0.0,0.0,0.0,0.0,0.0,0.0,0.0,0.0,1.0,0.0,0.0,0.0,0.0,0.0,0.0,0.0,0.0,0.0,0.0,0.0,0.0,0.0,0.0,0.0,0.0,0.0,0.0,0.0,0.0,0.0,0.0,0.0,0.0,0.0,0.0,0.0,0.0,0.0,0.0,0.0,0.0,0.0,0.0,0.0,0.0,0.0,0.0,0.0,0.0,0.0,0.0,0.0,0.0,0.0,0.0,0.0,0.0,0.0,0.0,0.0,0.0,1.0,1.0,0.0,0.0,0.0,0.0,0.0,0.0,0.0,0.0,0.0,0.0,0.0,0.0,0.0,0.0,0.0,0.0,0.0,1.0,1.0,1.0,1.0,0.0,1.0,1.0,0.0,0.0,0.0,0.0,0.0,0.0,0.0,0.0,0.0,0.0,0.0,1.0,1.0,0.0,0.0,1.0,1.0,0.0,0.0,0.0,0.0,0.0,0.0,0.0,0.0,0.0,0.0,0.0,0.0,0.0,0.0,0.0,0.0,0.0,0.0,0.0,0.0,0.0,0.0,0.0,0.0,0.0,0.0,0.0,0.0,0.0,0.0,0.0,0.0,0.0,0.0,0.0,0.0,0.0,0.0,0.0,0.0,0.0,0.0,0.0,0.0,0.0,0.0,0.0,0.0,0.0,0.0,0.0,0.0,0.0,0.0,0.0,0.0,0.0,0.0,0.0,0.0,0.0,0.0,0.0,0.0,0.0,0.0,0.0,0.0,0.0,0.0,0.0,0.0,0.0,0.0,0.0,0.0,0.0,0.0,0.0,0.0,0.0,0.0,0.0,0.0,0.0,0.0,0.0,0.0,0.0,0.0,0.0,0.0,0.0,0.0,0.0,0.0,0.0,0.0,0.0,0.0,0.0,0.0,0.0,0.0,0.0,0.0,0.0,0.0,0.0,0.0,0.0,0.0,0.0,0.0,0.0,0.0,0.0,0.0,0.0,0.0,0.0,0.0,0.0,0.0,0.0,0.0,0.0,0.0,0.0,0.0,0.0,0.0,0.0,0.0,0.0,0.0,0.0,0.0,0.0,0.0,0.0,0.0,0.0
PLML,0.4999999999999999,0.4999999999999999,0.9999999999999998,0.9999999999999998,0.0,0.7071067811865475,0.9486832980505138,0.7071067811865475,0.0,0.4999999999999999,0.4999999999999999,0.9486832980505138,0.9486832980505138,0.4999999999999999,0.4999999999999999,0.0,0.0,0.9999999999999998,0.2886751345948129,0.2886751345948129,0.0,0.0,0.7071067811865475,0.7071067811865475,0.7071067811865475,0.7071067811865475,0.7071067811865475,0.7071067811865475,0.7071067811865475,0.7071067811865475,0.0,0.0,0.0,0.0,0.7071067811865475,0.7071067811865475,0.0,0.0,0.0,0.0,0.7071067811865475,0.7071067811865475,0.4999999999999999,0.4999999999999999,0.0,0.0,0.0,0.0,0.0,0.0,0.7071067811865475,0.7071067811865475,0.7071067811865475,0.7071067811865475,0.9999999999999998,0.9999999999999998,0.1543033499620919,0.1543033499620919,0.1543033499620919,0.1543033499620919,0.7071067811865475,0.7071067811865475,0.7071067811865475,0.0,1.0,0.9999999999999998,0.4999999999999999,0.4999999999999999,0.4999999999999999,0.0,0.7071067811865475,0.7071067811865475,0.7071067811865475,0.7071067811865475,0.7071067811865475,0.7071067811865475,0.4999999999999999,0.4999999999999999,0.7071067811865475,0.7071067811865475,0.7071067811865475,0.7071067811865475,0.7071067811865475,0.7071067811865475,0.0,0.0,0.2886751345948129,0.2886751345948129,0.7071067811865475,0.7071067811865475,0.7071067811865475,0.7071067811865475,0.7071067811865475,0.7071067811865475,0.4999999999999999,0.4999999999999999,0.0,0.0,0.8164965809277259,0.2886751345948129,0.2886751345948129,0.0,0.0,0.7071067811865475,0.7071067811865475,0.4999999999999999,0.4999999999999999,0.7071067811865475,0.7071067811865475,0.7071067811865475,0.7071067811865475,0.7071067811865475,0.7071067811865475,0.4999999999999999,0.4999999999999999,0.7071067811865475,0.0,0.0,0.0,0.0,0.0,0.0,0.7071067811865475,0.7071067811865475,0.7071067811865475,0.7071067811865475,0.2886751345948129,0.2886751345948129,0.4999999999999999,0.4999999999999999,0.7071067811865475,0.7071067811865475,0.0,0.0,0.7071067811865475,0.0,0.0,0.0,0.0,0.6324555320336759,0.0,0.0,0.7071067811865475,0.7071067811865475,0.7071067811865475,0.7071067811865475,0.4714045207910316,0.7071067811865475,0.7071067811865475,0.4999999999999999,0.4999999999999999,0.0,0.0,0.0,0.0,0.7071067811865475,0.7071067811865475,0.0,0.0,0.7071067811865475,0.0,0.0,0.0,0.0,0.0,0.0,0.0,0.0,0.0,0.0,0.7071067811865475,0.7071067811865475,0.0,0.0,0.0,0.0,0.0,0.0,0.0,0.2886751345948129,0.2886751345948129,0.9999999999999998,0.9999999999999998,0.9999999999999998,0.9999999999999998,0.9999999999999998,0.9999999999999998,0.4999999999999999,0.4999999999999999,0.4999999999999999,0.4999999999999999,0.0,0.0,0.0,0.0,0.0,0.0,0.0,0.0,0.0,0.0,0.7071067811865475,0.7071067811865475,0.7071067811865475,0.7071067811865475,0.0,0.0,0.4999999999999999,0.4999999999999999,0.4999999999999999,0.4999999999999999,0.0,0.0,0.0,0.0,0.4999999999999999,0.4999999999999999,0.4999999999999999,0.4999999999999999,0.0,0.0,0.0,0.0,0.0,0.0,0.0,0.0,0.0,0.0,0.0,0.0,0.0,0.0,0.0,0.0,0.0,0.0,0.0,0.0,0.0,0.0,0.0,0.0,0.0,0.0,0.0,0.0,0.0,0.0,0.0,0.0,0.0,0.7071067811865475,0.7071067811865475,0.7071067811865475,0.7071067811865475,0.7071067811865475,0.7071067811865475,0.0,0.4999999999999999,0.4999999999999999,0.4999999999999999,0.4999999999999999,0.4999999999999999,0.0,0.0,0.0,0.0,0.0,0.0,0.0,0.0,0.0,0.0,0.0,0.0,0.0,0.0,0.0,0.0,0.0,0.7071067811865475,0.7071067811865475,0.7071067811865475,0.7071067811865475,0.7071067811865475,0.7071067811865475,0.7071067811865475,0.7071067811865475,0.7071067811865475,0.7071067811865475,0.7071067811865475,0.7071067811865475,0.7071067811865475,0.0,0.0,0.0,0.0,0.0,0.0,0.0,0.0
PLMR,0.4999999999999999,0.4999999999999999,0.9999999999999998,0.9999999999999998,0.0,0.7071067811865475,0.9486832980505138,0.7071067811865475,0.0,0.4999999999999999,0.4999999999999999,0.9486832980505138,0.9486832980505138,0.4999999999999999,0.4999999999999999,0.0,0.0,0.9999999999999998,0.2886751345948129,0.2886751345948129,0.0,0.0,0.7071067811865475,0.7071067811865475,0.7071067811865475,0.7071067811865475,0.7071067811865475,0.7071067811865475,0.7071067811865475,0.7071067811865475,0.0,0.0,0.0,0.0,0.7071067811865475,0.7071067811865475,0.0,0.0,0.0,0.0,0.7071067811865475,0.7071067811865475,0.4999999999999999,0.4999999999999999,0.0,0.0,0.0,0.0,0.0,0.0,0.7071067811865475,0.7071067811865475,0.7071067811865475,0.7071067811865475,0.9999999999999998,0.9999999999999998,0.1543033499620919,0.1543033499620919,0.1543033499620919,0.1543033499620919,0.7071067811865475,0.7071067811865475,0.7071067811865475,0.0,0.9999999999999998,1.0,0.4999999999999999,0.4999999999999999,0.4999999999999999,0.0,0.7071067811865475,0.7071067811865475,0.7071067811865475,0.7071067811865475,0.7071067811865475,0.7071067811865475,0.4999999999999999,0.4999999999999999,0.7071067811865475,0.7071067811865475,0.7071067811865475,0.7071067811865475,0.7071067811865475,0.7071067811865475,0.0,0.0,0.2886751345948129,0.2886751345948129,0.7071067811865475,0.7071067811865475,0.7071067811865475,0.7071067811865475,0.7071067811865475,0.7071067811865475,0.4999999999999999,0.4999999999999999,0.0,0.0,0.8164965809277259,0.2886751345948129,0.2886751345948129,0.0,0.0,0.7071067811865475,0.7071067811865475,0.4999999999999999,0.4999999999999999,0.7071067811865475,0.7071067811865475,0.7071067811865475,0.7071067811865475,0.7071067811865475,0.7071067811865475,0.4999999999999999,0.4999999999999999,0.7071067811865475,0.0,0.0,0.0,0.0,0.0,0.0,0.7071067811865475,0.7071067811865475,0.7071067811865475,0.7071067811865475,0.2886751345948129,0.2886751345948129,0.4999999999999999,0.4999999999999999,0.7071067811865475,0.7071067811865475,0.0,0.0,0.7071067811865475,0.0,0.0,0.0,0.0,0.6324555320336759,0.0,0.0,0.7071067811865475,0.7071067811865475,0.7071067811865475,0.7071067811865475,0.4714045207910316,0.7071067811865475,0.7071067811865475,0.4999999999999999,0.4999999999999999,0.0,0.0,0.0,0.0,0.7071067811865475,0.7071067811865475,0.0,0.0,0.7071067811865475,0.0,0.0,0.0,0.0,0.0,0.0,0.0,0.0,0.0,0.0,0.7071067811865475,0.7071067811865475,0.0,0.0,0.0,0.0,0.0,0.0,0.0,0.2886751345948129,0.2886751345948129,0.9999999999999998,0.9999999999999998,0.9999999999999998,0.9999999999999998,0.9999999999999998,0.9999999999999998,0.4999999999999999,0.4999999999999999,0.4999999999999999,0.4999999999999999,0.0,0.0,0.0,0.0,0.0,0.0,0.0,0.0,0.0,0.0,0.7071067811865475,0.7071067811865475,0.7071067811865475,0.7071067811865475,0.0,0.0,0.4999999999999999,0.4999999999999999,0.4999999999999999,0.4999999999999999,0.0,0.0,0.0,0.0,0.4999999999999999,0.4999999999999999,0.4999999999999999,0.4999999999999999,0.0,0.0,0.0,0.0,0.0,0.0,0.0,0.0,0.0,0.0,0.0,0.0,0.0,0.0,0.0,0.0,0.0,0.0,0.0,0.0,0.0,0.0,0.0,0.0,0.0,0.0,0.0,0.0,0.0,0.0,0.0,0.0,0.0,0.7071067811865475,0.7071067811865475,0.7071067811865475,0.7071067811865475,0.7071067811865475,0.7071067811865475,0.0,0.4999999999999999,0.4999999999999999,0.4999999999999999,0.4999999999999999,0.4999999999999999,0.0,0.0,0.0,0.0,0.0,0.0,0.0,0.0,0.0,0.0,0.0,0.0,0.0,0.0,0.0,0.0,0.0,0.7071067811865475,0.7071067811865475,0.7071067811865475,0.7071067811865475,0.7071067811865475,0.7071067811865475,0.7071067811865475,0.7071067811865475,0.7071067811865475,0.7071067811865475,0.7071067811865475,0.7071067811865475,0.7071067811865475,0.0,0.0,0.0,0.0,0.0,0.0,0.0,0.0
ALNL,0.9999999999999998,0.9999999999999998,0.4999999999999999,0.4999999999999999,0.7071067811865475,0.0,0.31622776601683794,0.7071067811865475,0.7071067811865475,0.9999999999999998,0.9999999999999998,0.31622776601683794,0.31622776601683794,0.9999999999999998,0.4999999999999999,0.7071067811865475,0.7071067811865475,0.4999999999999999,0.2886751345948129,0.2886751345948129,0.2886751345948129,0.2886751345948129,0.0,0.0,0.0,0.0,0.0,0.0,0.0,0.0,0.0,0.0,0.7071067811865475,0.7071067811865475,0.0,0.0,0.7071067811865475,0.7071067811865475,0.7071067811865475,0.7071067811865475,0.0,0.0,0.4999999999999999,0.4999999999999999,0.7071067811865475,0.7071067811865475,0.7071067811865475,0.7071067811865475,0.7071067811865475,0.7071067811865475,0.0,0.0,0.0,0.0,0.4999999999999999,0.4999999999999999,0.1543033499620919,0.1543033499620919,0.1543033499620919,0.1543033499620919,0.0,0.0,0.0,0.0,0.4999999999999999,0.4999999999999999,1.0,0.9999999999999998,0.9999999999999998,0.7071067811865475,0.0,0.0,0.0,0.0,0.0,0.0,0.9999999999999998,0.9999999999999998,0.0,0.0,0.0,0.0,0.0,0.0,0.0,0.0,0.0,0.0,0.0,0.0,0.0,0.0,0.0,0.0,0.9999999999999998,0.9999999999999998,0.7071067811865475,0.7071067811865475,0.8164965809277259,0.0,0.0,0.7071067811865475,0.7071067811865475,0.0,0.0,0.9999999999999998,0.9999999999999998,0.0,0.0,0.0,0.0,0.0,0.0,0.9999999999999998,0.9999999999999998,0.7071067811865475,0.0,0.0,0.0,0.0,0.7071067811865475,0.7071067811865475,0.0,0.0,0.7071067811865475,0.7071067811865475,0.0,0.0,0.9999999999999998,0.9999999999999998,0.0,0.0,0.2886751345948129,0.2886751345948129,0.7071067811865475,0.0,0.0,0.0,0.0,0.9486832980505138,0.0,0.0,0.7071067811865475,0.7071067811865475,0.7071067811865475,0.7071067811865475,0.4714045207910316,0.7071067811865475,0.0,0.4999999999999999,0.4999999999999999,0.7071067811865475,0.7071067811865475,0.0,0.0,0.0,0.7071067811865475,0.0,0.0,0.7071067811865475,0.7071067811865475,0.7071067811865475,0.7071067811865475,0.7071067811865475,0.7071067811865475,0.7071067811865475,0.7071067811865475,0.7071067811865475,0.7071067811865475,0.7071067811865475,0.0,0.0,0.7071067811865475,0.7071067811865475,0.7071067811865475,0.7071067811865475,0.7071067811865475,0.7071067811865475,0.7071067811865475,0.0,0.0,0.4999999999999999,0.4999999999999999,0.4999999999999999,0.4999999999999999,0.4999999999999999,0.4999999999999999,0.9999999999999998,0.9999999999999998,0.9999999999999998,0.9999999999999998,0.7071067811865475,0.7071067811865475,0.7071067811865475,0.7071067811865475,0.7071067811865475,0.7071067811865475,0.7071067811865475,0.7071067811865475,0.7071067811865475,0.7071067811865475,0.7071067811865475,0.7071067811865475,0.7071067811865475,0.7071067811865475,0.7071067811865475,0.7071067811865475,0.9999999999999998,0.9999999999999998,0.9999999999999998,0.9999999999999998,0.7071067811865475,0.7071067811865475,0.7071067811865475,0.7071067811865475,0.9999999999999998,0.9999999999999998,0.9999999999999998,0.9999999999999998,0.7071067811865475,0.7071067811865475,0.7071067811865475,0.7071067811865475,0.7071067811865475,0.7071067811865475,0.7071067811865475,0.7071067811865475,0.7071067811865475,0.7071067811865475,0.7071067811865475,0.7071067811865475,0.7071067811865475,0.7071067811865475,0.7071067811865475,0.7071067811865475,0.7071067811865475,0.7071067811865475,0.7071067811865475,0.7071067811865475,0.7071067811865475,0.7071067811865475,0.7071067811865475,0.7071067811865475,0.7071067811865475,0.7071067811865475,0.7071067811865475,0.7071067811865475,0.7071067811865475,0.7071067811865475,0.7071067811865475,0.7071067811865475,0.7071067811865475,0.7071067811865475,0.7071067811865475,0.7071067811865475,0.7071067811865475,0.7071067811865475,0.7071067811865475,0.7071067811865475,0.9999999999999998,0.9999999999999998,0.9999999999999998,0.9999999999999998,0.9999999999999998,0.7071067811865475,0.7071067811865475,0.7071067811865475,0.7071067811865475,0.7071067811865475,0.7071067811865475,0.7071067811865475,0.7071067811865475,0.7071067811865475,0.7071067811865475,0.7071067811865475,0.7071067811865475,0.7071067811865475,0.7071067811865475,0.7071067811865475,0.7071067811865475,0.7071067811865475,0.7071067811865475,0.7071067811865475,0.7071067811865475,0.7071067811865475,0.7071067811865475,0.7071067811865475,0.7071067811865475,0.7071067811865475,0.7071067811865475,0.7071067811865475,0.7071067811865475,0.7071067811865475,0.7071067811865475,0.2886751345948129,0.2886751345948129,0.7071067811865475,0.7071067811865475,0.7071067811865475,0.2886751345948129,0.2886751345948129,0.7071067811865475
ALNR,0.9999999999999998,0.9999999999999998,0.4999999999999999,0.4999999999999999,0.7071067811865475,0.0,0.31622776601683794,0.7071067811865475,0.7071067811865475,0.9999999999999998,0.9999999999999998,0.31622776601683794,0.31622776601683794,0.9999999999999998,0.4999999999999999,0.7071067811865475,0.7071067811865475,0.4999999999999999,0.2886751345948129,0.2886751345948129,0.2886751345948129,0.2886751345948129,0.0,0.0,0.0,0.0,0.0,0.0,0.0,0.0,0.0,0.0,0.7071067811865475,0.7071067811865475,0.0,0.0,0.7071067811865475,0.7071067811865475,0.7071067811865475,0.7071067811865475,0.0,0.0,0.4999999999999999,0.4999999999999999,0.7071067811865475,0.7071067811865475,0.7071067811865475,0.7071067811865475,0.7071067811865475,0.7071067811865475,0.0,0.0,0.0,0.0,0.4999999999999999,0.4999999999999999,0.1543033499620919,0.1543033499620919,0.1543033499620919,0.1543033499620919,0.0,0.0,0.0,0.0,0.4999999999999999,0.4999999999999999,0.9999999999999998,1.0,0.9999999999999998,0.7071067811865475,0.0,0.0,0.0,0.0,0.0,0.0,0.9999999999999998,0.9999999999999998,0.0,0.0,0.0,0.0,0.0,0.0,0.0,0.0,0.0,0.0,0.0,0.0,0.0,0.0,0.0,0.0,0.9999999999999998,0.9999999999999998,0.7071067811865475,0.7071067811865475,0.8164965809277259,0.0,0.0,0.7071067811865475,0.7071067811865475,0.0,0.0,0.9999999999999998,0.9999999999999998,0.0,0.0,0.0,0.0,0.0,0.0,0.9999999999999998,0.9999999999999998,0.7071067811865475,0.0,0.0,0.0,0.0,0.7071067811865475,0.7071067811865475,0.0,0.0,0.7071067811865475,0.7071067811865475,0.0,0.0,0.9999999999999998,0.9999999999999998,0.0,0.0,0.2886751345948129,0.2886751345948129,0.7071067811865475,0.0,0.0,0.0,0.0,0.9486832980505138,0.0,0.0,0.7071067811865475,0.7071067811865475,0.7071067811865475,0.7071067811865475,0.4714045207910316,0.7071067811865475,0.0,0.4999999999999999,0.4999999999999999,0.7071067811865475,0.7071067811865475,0.0,0.0,0.0,0.7071067811865475,0.0,0.0,0.7071067811865475,0.7071067811865475,0.7071067811865475,0.7071067811865475,0.7071067811865475,0.7071067811865475,0.7071067811865475,0.7071067811865475,0.7071067811865475,0.7071067811865475,0.7071067811865475,0.0,0.0,0.7071067811865475,0.7071067811865475,0.7071067811865475,0.7071067811865475,0.7071067811865475,0.7071067811865475,0.7071067811865475,0.0,0.0,0.4999999999999999,0.4999999999999999,0.4999999999999999,0.4999999999999999,0.4999999999999999,0.4999999999999999,0.9999999999999998,0.9999999999999998,0.9999999999999998,0.9999999999999998,0.7071067811865475,0.7071067811865475,0.7071067811865475,0.7071067811865475,0.7071067811865475,0.7071067811865475,0.7071067811865475,0.7071067811865475,0.7071067811865475,0.7071067811865475,0.7071067811865475,0.7071067811865475,0.7071067811865475,0.7071067811865475,0.7071067811865475,0.7071067811865475,0.9999999999999998,0.9999999999999998,0.9999999999999998,0.9999999999999998,0.7071067811865475,0.7071067811865475,0.7071067811865475,0.7071067811865475,0.9999999999999998,0.9999999999999998,0.9999999999999998,0.9999999999999998,0.7071067811865475,0.7071067811865475,0.7071067811865475,0.7071067811865475,0.7071067811865475,0.7071067811865475,0.7071067811865475,0.7071067811865475,0.7071067811865475,0.7071067811865475,0.7071067811865475,0.7071067811865475,0.7071067811865475,0.7071067811865475,0.7071067811865475,0.7071067811865475,0.7071067811865475,0.7071067811865475,0.7071067811865475,0.7071067811865475,0.7071067811865475,0.7071067811865475,0.7071067811865475,0.7071067811865475,0.7071067811865475,0.7071067811865475,0.7071067811865475,0.7071067811865475,0.7071067811865475,0.7071067811865475,0.7071067811865475,0.7071067811865475,0.7071067811865475,0.7071067811865475,0.7071067811865475,0.7071067811865475,0.7071067811865475,0.7071067811865475,0.7071067811865475,0.7071067811865475,0.9999999999999998,0.9999999999999998,0.9999999999999998,0.9999999999999998,0.9999999999999998,0.7071067811865475,0.7071067811865475,0.7071067811865475,0.7071067811865475,0.7071067811865475,0.7071067811865475,0.7071067811865475,0.7071067811865475,0.7071067811865475,0.7071067811865475,0.7071067811865475,0.7071067811865475,0.7071067811865475,0.7071067811865475,0.7071067811865475,0.7071067811865475,0.7071067811865475,0.7071067811865475,0.7071067811865475,0.7071067811865475,0.7071067811865475,0.7071067811865475,0.7071067811865475,0.7071067811865475,0.7071067811865475,0.7071067811865475,0.7071067811865475,0.7071067811865475,0.7071067811865475,0.7071067811865475,0.2886751345948129,0.2886751345948129,0.7071067811865475,0.7071067811865475,0.7071067811865475,0.2886751345948129,0.2886751345948129,0.7071067811865475
PLNL,0.9999999999999998,0.9999999999999998,0.4999999999999999,0.4999999999999999,0.7071067811865475,0.0,0.31622776601683794,0.7071067811865475,0.7071067811865475,0.9999999999999998,0.9999999999999998,0.31622776601683794,0.31622776601683794,0.9999999999999998,0.4999999999999999,0.7071067811865475,0.7071067811865475,0.4999999999999999,0.2886751345948129,0.2886751345948129,0.2886751345948129,0.2886751345948129,0.0,0.0,0.0,0.0,0.0,0.0,0.0,0.0,0.0,0.0,0.7071067811865475,0.7071067811865475,0.0,0.0,0.7071067811865475,0.7071067811865475,0.7071067811865475,0.7071067811865475,0.0,0.0,0.4999999999999999,0.4999999999999999,0.7071067811865475,0.7071067811865475,0.7071067811865475,0.7071067811865475,0.7071067811865475,0.7071067811865475,0.0,0.0,0.0,0.0,0.4999999999999999,0.4999999999999999,0.1543033499620919,0.1543033499620919,0.1543033499620919,0.1543033499620919,0.0,0.0,0.0,0.0,0.4999999999999999,0.4999999999999999,0.9999999999999998,0.9999999999999998,1.0,0.7071067811865475,0.0,0.0,0.0,0.0,0.0,0.0,0.9999999999999998,0.9999999999999998,0.0,0.0,0.0,0.0,0.0,0.0,0.0,0.0,0.0,0.0,0.0,0.0,0.0,0.0,0.0,0.0,0.9999999999999998,0.9999999999999998,0.7071067811865475,0.7071067811865475,0.8164965809277259,0.0,0.0,0.7071067811865475,0.7071067811865475,0.0,0.0,0.9999999999999998,0.9999999999999998,0.0,0.0,0.0,0.0,0.0,0.0,0.9999999999999998,0.9999999999999998,0.7071067811865475,0.0,0.0,0.0,0.0,0.7071067811865475,0.7071067811865475,0.0,0.0,0.7071067811865475,0.7071067811865475,0.0,0.0,0.9999999999999998,0.9999999999999998,0.0,0.0,0.2886751345948129,0.2886751345948129,0.7071067811865475,0.0,0.0,0.0,0.0,0.9486832980505138,0.0,0.0,0.7071067811865475,0.7071067811865475,0.7071067811865475,0.7071067811865475,0.4714045207910316,0.7071067811865475,0.0,0.4999999999999999,0.4999999999999999,0.7071067811865475,0.7071067811865475,0.0,0.0,0.0,0.7071067811865475,0.0,0.0,0.7071067811865475,0.7071067811865475,0.7071067811865475,0.7071067811865475,0.7071067811865475,0.7071067811865475,0.7071067811865475,0.7071067811865475,0.7071067811865475,0.7071067811865475,0.7071067811865475,0.0,0.0,0.7071067811865475,0.7071067811865475,0.7071067811865475,0.7071067811865475,0.7071067811865475,0.7071067811865475,0.7071067811865475,0.0,0.0,0.4999999999999999,0.4999999999999999,0.4999999999999999,0.4999999999999999,0.4999999999999999,0.4999999999999999,0.9999999999999998,0.9999999999999998,0.9999999999999998,0.9999999999999998,0.7071067811865475,0.7071067811865475,0.7071067811865475,0.7071067811865475,0.7071067811865475,0.7071067811865475,0.7071067811865475,0.7071067811865475,0.7071067811865475,0.7071067811865475,0.7071067811865475,0.7071067811865475,0.7071067811865475,0.7071067811865475,0.7071067811865475,0.7071067811865475,0.9999999999999998,0.9999999999999998,0.9999999999999998,0.9999999999999998,0.7071067811865475,0.7071067811865475,0.7071067811865475,0.7071067811865475,0.9999999999999998,0.9999999999999998,0.9999999999999998,0.9999999999999998,0.7071067811865475,0.7071067811865475,0.7071067811865475,0.7071067811865475,0.7071067811865475,0.7071067811865475,0.7071067811865475,0.7071067811865475,0.7071067811865475,0.7071067811865475,0.7071067811865475,0.7071067811865475,0.7071067811865475,0.7071067811865475,0.7071067811865475,0.7071067811865475,0.7071067811865475,0.7071067811865475,0.7071067811865475,0.7071067811865475,0.7071067811865475,0.7071067811865475,0.7071067811865475,0.7071067811865475,0.7071067811865475,0.7071067811865475,0.7071067811865475,0.7071067811865475,0.7071067811865475,0.7071067811865475,0.7071067811865475,0.7071067811865475,0.7071067811865475,0.7071067811865475,0.7071067811865475,0.7071067811865475,0.7071067811865475,0.7071067811865475,0.7071067811865475,0.7071067811865475,0.9999999999999998,0.9999999999999998,0.9999999999999998,0.9999999999999998,0.9999999999999998,0.7071067811865475,0.7071067811865475,0.7071067811865475,0.7071067811865475,0.7071067811865475,0.7071067811865475,0.7071067811865475,0.7071067811865475,0.7071067811865475,0.7071067811865475,0.7071067811865475,0.7071067811865475,0.7071067811865475,0.7071067811865475,0.7071067811865475,0.7071067811865475,0.7071067811865475,0.7071067811865475,0.7071067811865475,0.7071067811865475,0.7071067811865475,0.7071067811865475,0.7071067811865475,0.7071067811865475,0.7071067811865475,0.7071067811865475,0.7071067811865475,0.7071067811865475,0.7071067811865475,0.7071067811865475,0.2886751345948129,0.2886751345948129,0.7071067811865475,0.7071067811865475,0.7071067811865475,0.2886751345948129,0.2886751345948129,0.7071067811865475
PLNR,0.7071067811865475,0.7071067811865475,0.0,0.0,1.0,0.0,0.0,0.0,1.0,0.7071067811865475,0.7071067811865475,0.0,0.0,0.7071067811865475,0.7071067811865475,1.0,1.0,0.0,0.0,0.0,0.4082482904638631,0.4082482904638631,0.0,0.0,0.0,0.0,0.0,0.0,0.0,0.0,0.0,0.0,1.0,1.0,0.0,0.0,1.0,1.0,1.0,1.0,0.0,0.0,0.7071067811865475,0.7071067811865475,1.0,1.0,1.0,1.0,1.0,1.0,0.0,0.0,0.0,0.0,0.0,0.0,0.0,0.0,0.0,0.0,0.0,0.0,0.0,0.0,0.0,0.0,0.7071067811865475,0.7071067811865475,0.7071067811865475,1.0,0.0,0.0,0.0,0.0,0.0,0.0,0.7071067811865475,0.7071067811865475,0.0,0.0,0.0,0.0,0.0,0.0,0.0,0.0,0.0,0.0,0.0,0.0,0.0,0.0,0.0,0.0,0.7071067811865475,0.7071067811865475,1.0,1.0,0.5773502691896258,0.0,0.0,1.0,1.0,0.0,0.0,0.7071067811865475,0.7071067811865475,0.0,0.0,0.0,0.0,0.0,0.0,0.7071067811865475,0.7071067811865475,0.0,0.0,0.0,0.0,0.0,1.0,1.0,0.0,0.0,0.0,0.0,0.0,0.0,0.7071067811865475,0.7071067811865475,0.0,0.0,0.4082482904638631,0.4082482904638631,0.0,0.0,0.0,0.0,0.0,0.4472135954999579,0.0,0.0,0.0,0.0,0.0,0.0,0.0,0.0,0.0,0.7071067811865475,0.7071067811865475,1.0,1.0,0.0,0.0,0.0,0.0,0.0,0.0,0.0,1.0,1.0,1.0,1.0,1.0,1.0,1.0,1.0,1.0,1.0,0.0,0.0,1.0,1.0,1.0,1.0,1.0,1.0,1.0,0.0,0.0,0.0,0.0,0.0,0.0,0.0,0.0,0.7071067811865475,0.7071067811865475,0.7071067811865475,0.7071067811865475,1.0,1.0,1.0,1.0,1.0,1.0,1.0,1.0,1.0,1.0,0.0,0.0,0.0,0.0,1.0,1.0,0.7071067811865475,0.7071067811865475,0.7071067811865475,0.7071067811865475,1.0,1.0,1.0,1.0,0.7071067811865475,0.7071067811865475,0.7071067811865475,0.7071067811865475,1.0,1.0,1.0,1.0,1.0,1.0,1.0,1.0,1.0,1.0,1.0,1.0,1.0,1.0,1.0,1.0,1.0,1.0,1.0,1.0,1.0,1.0,1.0,1.0,1.0,1.0,1.0,1.0,1.0,1.0,1.0,1.0,1.0,0.0,0.0,0.0,0.0,0.0,0.0,1.0,0.7071067811865475,0.7071067811865475,0.7071067811865475,0.7071067811865475,0.7071067811865475,1.0,1.0,1.0,1.0,1.0,1.0,1.0,1.0,1.0,1.0,1.0,1.0,1.0,1.0,1.0,1.0,1.0,0.0,0.0,0.0,0.0,0.0,0.0,0.0,0.0,0.0,0.0,0.0,0.0,0.0,0.4082482904638631,0.4082482904638631,1.0,1.0,1.0,0.4082482904638631,0.4082482904638631,1.0
FLPL,0.0,0.0,0.7071067811865475,0.7071067811865475,0.0,1.0,0.8944271909999159,0.0,0.0,0.0,0.0,0.8944271909999159,0.8944271909999159,0.0,0.7071067811865475,0.0,0.0,0.7071067811865475,0.0,0.0,0.0,0.0,1.0,1.0,1.0,1.0,1.0,1.0,1.0,1.0,0.0,0.0,0.0,0.0,1.0,1.0,0.0,0.0,0.0,0.0,1.0,1.0,0.7071067811865475,0.7071067811865475,0.0,0.0,0.0,0.0,0.0,0.0,1.0,1.0,1.0,1.0,0.7071067811865475,0.7071067811865475,0.0,0.0,0.0,0.0,1.0,1.0,1.0,0.0,0.7071067811865475,0.7071067811865475,0.0,0.0,0.0,0.0,1.0,1.0,1.0,1.0,1.0,1.0,0.0,0.0,1.0,1.0,1.0,1.0,1.0,1.0,0.0,0.0,0.4082482904638631,0.4082482904638631,1.0,1.0,1.0,1.0,1.0,1.0,0.0,0.0,0.0,0.0,0.5773502691896258,0.4082482904638631,0.4082482904638631,0.0,0.0,1.0,1.0,0.0,0.0,1.0,1.0,1.0,1.0,1.0,1.0,0.0,0.0,0.0,0.0,0.0,0.0,0.0,0.0,0.0,1.0,1.0,0.0,0.0,0.4082482904638631,0.4082482904638631,0.0,0.0,1.0,1.0,0.0,0.0,0.0,0.0,0.0,0.0,0.0,0.0,0.0,0.0,0.0,0.0,0.0,0.0,0.0,0.0,1.0,0.7071067811865475,0.7071067811865475,0.0,0.0,0.0,0.0,1.0,0.0,0.0,0.0,0.0,0.0,0.0,0.0,0.0,0.0,0.0,0.0,0.0,0.0,0.0,1.0,1.0,0.0,0.0,0.0,0.0,0.0,0.0,0.0,0.4082482904638631,0.4082482904638631,0.7071067811865475,0.7071067811865475,0.7071067811865475,0.7071067811865475,0.7071067811865475,0.7071067811865475,0.0,0.0,0.0,0.0,0.0,0.0,0.0,0.0,0.0,0.0,0.0,0.0,0.0,0.0,0.0,0.0,0.0,0.0,0.0,0.0,0.0,0.0,0.0,0.0,0.0,0.0,0.0,0.0,0.0,0.0,0.0,0.0,0.0,0.0,0.0,0.0,0.0,0.0,0.0,0.0,0.0,0.0,0.0,0.0,0.0,0.0,0.0,0.0,0.0,0.0,0.0,0.0,0.0,0.0,0.0,0.0,0.0,0.0,0.0,0.0,0.0,0.0,0.0,0.0,0.0,0.0,0.0,0.0,0.0,0.0,0.0,0.0,0.0,0.0,0.0,0.0,0.0,0.0,0.0,0.0,0.0,0.0,0.0,0.0,0.0,0.0,0.0,0.0,0.0,0.0,0.0,0.0,0.0,0.0,0.0,0.0,0.0,0.0,0.0,0.0,0.0,0.0,0.0,0.0,0.0,0.0,0.0,0.0,0.0,0.0,0.0,0.0,0.0,0.0,0.0
FLPR,0.0,0.0,0.7071067811865475,0.7071067811865475,0.0,1.0,0.8944271909999159,0.0,0.0,0.0,0.0,0.8944271909999159,0.8944271909999159,0.0,0.7071067811865475,0.0,0.0,0.7071067811865475,0.0,0.0,0.0,0.0,1.0,1.0,1.0,1.0,1.0,1.0,1.0,1.0,0.0,0.0,0.0,0.0,1.0,1.0,0.0,0.0,0.0,0.0,1.0,1.0,0.7071067811865475,0.7071067811865475,0.0,0.0,0.0,0.0,0.0,0.0,1.0,1.0,1.0,1.0,0.7071067811865475,0.7071067811865475,0.0,0.0,0.0,0.0,1.0,1.0,1.0,0.0,0.7071067811865475,0.7071067811865475,0.0,0.0,0.0,0.0,1.0,1.0,1.0,1.0,1.0,1.0,0.0,0.0,1.0,1.0,1.0,1.0,1.0,1.0,0.0,0.0,0.4082482904638631,0.4082482904638631,1.0,1.0,1.0,1.0,1.0,1.0,0.0,0.0,0.0,0.0,0.5773502691896258,0.4082482904638631,0.4082482904638631,0.0,0.0,1.0,1.0,0.0,0.0,1.0,1.0,1.0,1.0,1.0,1.0,0.0,0.0,0.0,0.0,0.0,0.0,0.0,0.0,0.0,1.0,1.0,0.0,0.0,0.4082482904638631,0.4082482904638631,0.0,0.0,1.0,1.0,0.0,0.0,0.0,0.0,0.0,0.0,0.0,0.0,0.0,0.0,0.0,0.0,0.0,0.0,0.0,0.0,1.0,0.7071067811865475,0.7071067811865475,0.0,0.0,0.0,0.0,1.0,0.0,0.0,0.0,0.0,0.0,0.0,0.0,0.0,0.0,0.0,0.0,0.0,0.0,0.0,1.0,1.0,0.0,0.0,0.0,0.0,0.0,0.0,0.0,0.4082482904638631,0.4082482904638631,0.7071067811865475,0.7071067811865475,0.7071067811865475,0.7071067811865475,0.7071067811865475,0.7071067811865475,0.0,0.0,0.0,0.0,0.0,0.0,0.0,0.0,0.0,0.0,0.0,0.0,0.0,0.0,0.0,0.0,0.0,0.0,0.0,0.0,0.0,0.0,0.0,0.0,0.0,0.0,0.0,0.0,0.0,0.0,0.0,0.0,0.0,0.0,0.0,0.0,0.0,0.0,0.0,0.0,0.0,0.0,0.0,0.0,0.0,0.0,0.0,0.0,0.0,0.0,0.0,0.0,0.0,0.0,0.0,0.0,0.0,0.0,0.0,0.0,0.0,0.0,0.0,0.0,0.0,0.0,0.0,0.0,0.0,0.0,0.0,0.0,0.0,0.0,0.0,0.0,0.0,0.0,0.0,0.0,0.0,0.0,0.0,0.0,0.0,0.0,0.0,0.0,0.0,0.0,0.0,0.0,0.0,0.0,0.0,0.0,0.0,0.0,0.0,0.0,0.0,0.0,0.0,0.0,0.0,0.0,0.0,0.0,0.0,0.0,0.0,0.0,0.0,0.0,0.0
PVDL,0.0,0.0,0.7071067811865475,0.7071067811865475,0.0,1.0,0.8944271909999159,0.0,0.0,0.0,0.0,0.8944271909999159,0.8944271909999159,0.0,0.7071067811865475,0.0,0.0,0.7071067811865475,0.0,0.0,0.0,0.0,1.0,1.0,1.0,1.0,1.0,1.0,1.0,1.0,0.0,0.0,0.0,0.0,1.0,1.0,0.0,0.0,0.0,0.0,1.0,1.0,0.7071067811865475,0.7071067811865475,0.0,0.0,0.0,0.0,0.0,0.0,1.0,1.0,1.0,1.0,0.7071067811865475,0.7071067811865475,0.0,0.0,0.0,0.0,1.0,1.0,1.0,0.0,0.7071067811865475,0.7071067811865475,0.0,0.0,0.0,0.0,1.0,1.0,1.0,1.0,1.0,1.0,0.0,0.0,1.0,1.0,1.0,1.0,1.0,1.0,0.0,0.0,0.4082482904638631,0.4082482904638631,1.0,1.0,1.0,1.0,1.0,1.0,0.0,0.0,0.0,0.0,0.5773502691896258,0.4082482904638631,0.4082482904638631,0.0,0.0,1.0,1.0,0.0,0.0,1.0,1.0,1.0,1.0,1.0,1.0,0.0,0.0,0.0,0.0,0.0,0.0,0.0,0.0,0.0,1.0,1.0,0.0,0.0,0.4082482904638631,0.4082482904638631,0.0,0.0,1.0,1.0,0.0,0.0,0.0,0.0,0.0,0.0,0.0,0.0,0.0,0.0,0.0,0.0,0.0,0.0,0.0,0.0,1.0,0.7071067811865475,0.7071067811865475,0.0,0.0,0.0,0.0,1.0,0.0,0.0,0.0,0.0,0.0,0.0,0.0,0.0,0.0,0.0,0.0,0.0,0.0,0.0,1.0,1.0,0.0,0.0,0.0,0.0,0.0,0.0,0.0,0.4082482904638631,0.4082482904638631,0.7071067811865475,0.7071067811865475,0.7071067811865475,0.7071067811865475,0.7071067811865475,0.7071067811865475,0.0,0.0,0.0,0.0,0.0,0.0,0.0,0.0,0.0,0.0,0.0,0.0,0.0,0.0,0.0,0.0,0.0,0.0,0.0,0.0,0.0,0.0,0.0,0.0,0.0,0.0,0.0,0.0,0.0,0.0,0.0,0.0,0.0,0.0,0.0,0.0,0.0,0.0,0.0,0.0,0.0,0.0,0.0,0.0,0.0,0.0,0.0,0.0,0.0,0.0,0.0,0.0,0.0,0.0,0.0,0.0,0.0,0.0,0.0,0.0,0.0,0.0,0.0,0.0,0.0,0.0,0.0,0.0,0.0,0.0,0.0,0.0,0.0,0.0,0.0,0.0,0.0,0.0,0.0,0.0,0.0,0.0,0.0,0.0,0.0,0.0,0.0,0.0,0.0,0.0,0.0,0.0,0.0,0.0,0.0,0.0,0.0,0.0,0.0,0.0,0.0,0.0,0.0,0.0,0.0,0.0,0.0,0.0,0.0,0.0,0.0,0.0,0.0,0.0,0.0
PVDR,0.0,0.0,0.7071067811865475,0.7071067811865475,0.0,1.0,0.8944271909999159,0.0,0.0,0.0,0.0,0.8944271909999159,0.8944271909999159,0.0,0.7071067811865475,0.0,0.0,0.7071067811865475,0.0,0.0,0.0,0.0,1.0,1.0,1.0,1.0,1.0,1.0,1.0,1.0,0.0,0.0,0.0,0.0,1.0,1.0,0.0,0.0,0.0,0.0,1.0,1.0,0.7071067811865475,0.7071067811865475,0.0,0.0,0.0,0.0,0.0,0.0,1.0,1.0,1.0,1.0,0.7071067811865475,0.7071067811865475,0.0,0.0,0.0,0.0,1.0,1.0,1.0,0.0,0.7071067811865475,0.7071067811865475,0.0,0.0,0.0,0.0,1.0,1.0,1.0,1.0,1.0,1.0,0.0,0.0,1.0,1.0,1.0,1.0,1.0,1.0,0.0,0.0,0.4082482904638631,0.4082482904638631,1.0,1.0,1.0,1.0,1.0,1.0,0.0,0.0,0.0,0.0,0.5773502691896258,0.4082482904638631,0.4082482904638631,0.0,0.0,1.0,1.0,0.0,0.0,1.0,1.0,1.0,1.0,1.0,1.0,0.0,0.0,0.0,0.0,0.0,0.0,0.0,0.0,0.0,1.0,1.0,0.0,0.0,0.4082482904638631,0.4082482904638631,0.0,0.0,1.0,1.0,0.0,0.0,0.0,0.0,0.0,0.0,0.0,0.0,0.0,0.0,0.0,0.0,0.0,0.0,0.0,0.0,1.0,0.7071067811865475,0.7071067811865475,0.0,0.0,0.0,0.0,1.0,0.0,0.0,0.0,0.0,0.0,0.0,0.0,0.0,0.0,0.0,0.0,0.0,0.0,0.0,1.0,1.0,0.0,0.0,0.0,0.0,0.0,0.0,0.0,0.4082482904638631,0.4082482904638631,0.7071067811865475,0.7071067811865475,0.7071067811865475,0.7071067811865475,0.7071067811865475,0.7071067811865475,0.0,0.0,0.0,0.0,0.0,0.0,0.0,0.0,0.0,0.0,0.0,0.0,0.0,0.0,0.0,0.0,0.0,0.0,0.0,0.0,0.0,0.0,0.0,0.0,0.0,0.0,0.0,0.0,0.0,0.0,0.0,0.0,0.0,0.0,0.0,0.0,0.0,0.0,0.0,0.0,0.0,0.0,0.0,0.0,0.0,0.0,0.0,0.0,0.0,0.0,0.0,0.0,0.0,0.0,0.0,0.0,0.0,0.0,0.0,0.0,0.0,0.0,0.0,0.0,0.0,0.0,0.0,0.0,0.0,0.0,0.0,0.0,0.0,0.0,0.0,0.0,0.0,0.0,0.0,0.0,0.0,0.0,0.0,0.0,0.0,0.0,0.0,0.0,0.0,0.0,0.0,0.0,0.0,0.0,0.0,0.0,0.0,0.0,0.0,0.0,0.0,0.0,0.0,0.0,0.0,0.0,0.0,0.0,0.0,0.0,0.0,0.0,0.0,0.0,0.0
BAGL,0.0,0.0,0.7071067811865475,0.7071067811865475,0.0,1.0,0.8944271909999159,0.0,0.0,0.0,0.0,0.8944271909999159,0.8944271909999159,0.0,0.7071067811865475,0.0,0.0,0.7071067811865475,0.0,0.0,0.0,0.0,1.0,1.0,1.0,1.0,1.0,1.0,1.0,1.0,0.0,0.0,0.0,0.0,1.0,1.0,0.0,0.0,0.0,0.0,1.0,1.0,0.7071067811865475,0.7071067811865475,0.0,0.0,0.0,0.0,0.0,0.0,1.0,1.0,1.0,1.0,0.7071067811865475,0.7071067811865475,0.0,0.0,0.0,0.0,1.0,1.0,1.0,0.0,0.7071067811865475,0.7071067811865475,0.0,0.0,0.0,0.0,1.0,1.0,1.0,1.0,1.0,1.0,0.0,0.0,1.0,1.0,1.0,1.0,1.0,1.0,0.0,0.0,0.4082482904638631,0.4082482904638631,1.0,1.0,1.0,1.0,1.0,1.0,0.0,0.0,0.0,0.0,0.5773502691896258,0.4082482904638631,0.4082482904638631,0.0,0.0,1.0,1.0,0.0,0.0,1.0,1.0,1.0,1.0,1.0,1.0,0.0,0.0,0.0,0.0,0.0,0.0,0.0,0.0,0.0,1.0,1.0,0.0,0.0,0.4082482904638631,0.4082482904638631,0.0,0.0,1.0,1.0,0.0,0.0,0.0,0.0,0.0,0.0,0.0,0.0,0.0,0.0,0.0,0.0,0.0,0.0,0.0,0.0,1.0,0.7071067811865475,0.7071067811865475,0.0,0.0,0.0,0.0,1.0,0.0,0.0,0.0,0.0,0.0,0.0,0.0,0.0,0.0,0.0,0.0,0.0,0.0,0.0,1.0,1.0,0.0,0.0,0.0,0.0,0.0,0.0,0.0,0.4082482904638631,0.4082482904638631,0.7071067811865475,0.7071067811865475,0.7071067811865475,0.7071067811865475,0.7071067811865475,0.7071067811865475,0.0,0.0,0.0,0.0,0.0,0.0,0.0,0.0,0.0,0.0,0.0,0.0,0.0,0.0,0.0,0.0,0.0,0.0,0.0,0.0,0.0,0.0,0.0,0.0,0.0,0.0,0.0,0.0,0.0,0.0,0.0,0.0,0.0,0.0,0.0,0.0,0.0,0.0,0.0,0.0,0.0,0.0,0.0,0.0,0.0,0.0,0.0,0.0,0.0,0.0,0.0,0.0,0.0,0.0,0.0,0.0,0.0,0.0,0.0,0.0,0.0,0.0,0.0,0.0,0.0,0.0,0.0,0.0,0.0,0.0,0.0,0.0,0.0,0.0,0.0,0.0,0.0,0.0,0.0,0.0,0.0,0.0,0.0,0.0,0.0,0.0,0.0,0.0,0.0,0.0,0.0,0.0,0.0,0.0,0.0,0.0,0.0,0.0,0.0,0.0,0.0,0.0,0.0,0.0,0.0,0.0,0.0,0.0,0.0,0.0,0.0,0.0,0.0,0.0,0.0
BAGR,0.0,0.0,0.7071067811865475,0.7071067811865475,0.0,1.0,0.8944271909999159,0.0,0.0,0.0,0.0,0.8944271909999159,0.8944271909999159,0.0,0.7071067811865475,0.0,0.0,0.7071067811865475,0.0,0.0,0.0,0.0,1.0,1.0,1.0,1.0,1.0,1.0,1.0,1.0,0.0,0.0,0.0,0.0,1.0,1.0,0.0,0.0,0.0,0.0,1.0,1.0,0.7071067811865475,0.7071067811865475,0.0,0.0,0.0,0.0,0.0,0.0,1.0,1.0,1.0,1.0,0.7071067811865475,0.7071067811865475,0.0,0.0,0.0,0.0,1.0,1.0,1.0,0.0,0.7071067811865475,0.7071067811865475,0.0,0.0,0.0,0.0,1.0,1.0,1.0,1.0,1.0,1.0,0.0,0.0,1.0,1.0,1.0,1.0,1.0,1.0,0.0,0.0,0.4082482904638631,0.4082482904638631,1.0,1.0,1.0,1.0,1.0,1.0,0.0,0.0,0.0,0.0,0.5773502691896258,0.4082482904638631,0.4082482904638631,0.0,0.0,1.0,1.0,0.0,0.0,1.0,1.0,1.0,1.0,1.0,1.0,0.0,0.0,0.0,0.0,0.0,0.0,0.0,0.0,0.0,1.0,1.0,0.0,0.0,0.4082482904638631,0.4082482904638631,0.0,0.0,1.0,1.0,0.0,0.0,0.0,0.0,0.0,0.0,0.0,0.0,0.0,0.0,0.0,0.0,0.0,0.0,0.0,0.0,1.0,0.7071067811865475,0.7071067811865475,0.0,0.0,0.0,0.0,1.0,0.0,0.0,0.0,0.0,0.0,0.0,0.0,0.0,0.0,0.0,0.0,0.0,0.0,0.0,1.0,1.0,0.0,0.0,0.0,0.0,0.0,0.0,0.0,0.4082482904638631,0.4082482904638631,0.7071067811865475,0.7071067811865475,0.7071067811865475,0.7071067811865475,0.7071067811865475,0.7071067811865475,0.0,0.0,0.0,0.0,0.0,0.0,0.0,0.0,0.0,0.0,0.0,0.0,0.0,0.0,0.0,0.0,0.0,0.0,0.0,0.0,0.0,0.0,0.0,0.0,0.0,0.0,0.0,0.0,0.0,0.0,0.0,0.0,0.0,0.0,0.0,0.0,0.0,0.0,0.0,0.0,0.0,0.0,0.0,0.0,0.0,0.0,0.0,0.0,0.0,0.0,0.0,0.0,0.0,0.0,0.0,0.0,0.0,0.0,0.0,0.0,0.0,0.0,0.0,0.0,0.0,0.0,0.0,0.0,0.0,0.0,0.0,0.0,0.0,0.0,0.0,0.0,0.0,0.0,0.0,0.0,0.0,0.0,0.0,0.0,0.0,0.0,0.0,0.0,0.0,0.0,0.0,0.0,0.0,0.0,0.0,0.0,0.0,0.0,0.0,0.0,0.0,0.0,0.0,0.0,0.0,0.0,0.0,0.0,0.0,0.0,0.0,0.0,0.0,0.0,0.0
URXL,0.9999999999999998,0.9999999999999998,0.4999999999999999,0.4999999999999999,0.7071067811865475,0.0,0.31622776601683794,0.7071067811865475,0.7071067811865475,0.9999999999999998,0.9999999999999998,0.31622776601683794,0.31622776601683794,0.9999999999999998,0.4999999999999999,0.7071067811865475,0.7071067811865475,0.4999999999999999,0.2886751345948129,0.2886751345948129,0.2886751345948129,0.2886751345948129,0.0,0.0,0.0,0.0,0.0,0.0,0.0,0.0,0.0,0.0,0.7071067811865475,0.7071067811865475,0.0,0.0,0.7071067811865475,0.7071067811865475,0.7071067811865475,0.7071067811865475,0.0,0.0,0.4999999999999999,0.4999999999999999,0.7071067811865475,0.7071067811865475,0.7071067811865475,0.7071067811865475,0.7071067811865475,0.7071067811865475,0.0,0.0,0.0,0.0,0.4999999999999999,0.4999999999999999,0.1543033499620919,0.1543033499620919,0.1543033499620919,0.1543033499620919,0.0,0.0,0.0,0.0,0.4999999999999999,0.4999999999999999,0.9999999999999998,0.9999999999999998,0.9999999999999998,0.7071067811865475,0.0,0.0,0.0,0.0,0.0,0.0,1.0,0.9999999999999998,0.0,0.0,0.0,0.0,0.0,0.0,0.0,0.0,0.0,0.0,0.0,0.0,0.0,0.0,0.0,0.0,0.9999999999999998,0.9999999999999998,0.7071067811865475,0.7071067811865475,0.8164965809277259,0.0,0.0,0.7071067811865475,0.7071067811865475,0.0,0.0,0.9999999999999998,0.9999999999999998,0.0,0.0,0.0,0.0,0.0,0.0,0.9999999999999998,0.9999999999999998,0.7071067811865475,0.0,0.0,0.0,0.0,0.7071067811865475,0.7071067811865475,0.0,0.0,0.7071067811865475,0.7071067811865475,0.0,0.0,0.9999999999999998,0.9999999999999998,0.0,0.0,0.2886751345948129,0.2886751345948129,0.7071067811865475,0.0,0.0,0.0,0.0,0.9486832980505138,0.0,0.0,0.7071067811865475,0.7071067811865475,0.7071067811865475,0.7071067811865475,0.4714045207910316,0.7071067811865475,0.0,0.4999999999999999,0.4999999999999999,0.7071067811865475,0.7071067811865475,0.0,0.0,0.0,0.7071067811865475,0.0,0.0,0.7071067811865475,0.7071067811865475,0.7071067811865475,0.7071067811865475,0.7071067811865475,0.7071067811865475,0.7071067811865475,0.7071067811865475,0.7071067811865475,0.7071067811865475,0.7071067811865475,0.0,0.0,0.7071067811865475,0.7071067811865475,0.7071067811865475,0.7071067811865475,0.7071067811865475,0.7071067811865475,0.7071067811865475,0.0,0.0,0.4999999999999999,0.4999999999999999,0.4999999999999999,0.4999999999999999,0.4999999999999999,0.4999999999999999,0.9999999999999998,0.9999999999999998,0.9999999999999998,0.9999999999999998,0.7071067811865475,0.7071067811865475,0.7071067811865475,0.7071067811865475,0.7071067811865475,0.7071067811865475,0.7071067811865475,0.7071067811865475,0.7071067811865475,0.7071067811865475,0.7071067811865475,0.7071067811865475,0.7071067811865475,0.7071067811865475,0.7071067811865475,0.7071067811865475,0.9999999999999998,0.9999999999999998,0.9999999999999998,0.9999999999999998,0.7071067811865475,0.7071067811865475,0.7071067811865475,0.7071067811865475,0.9999999999999998,0.9999999999999998,0.9999999999999998,0.9999999999999998,0.7071067811865475,0.7071067811865475,0.7071067811865475,0.7071067811865475,0.7071067811865475,0.7071067811865475,0.7071067811865475,0.7071067811865475,0.7071067811865475,0.7071067811865475,0.7071067811865475,0.7071067811865475,0.7071067811865475,0.7071067811865475,0.7071067811865475,0.7071067811865475,0.7071067811865475,0.7071067811865475,0.7071067811865475,0.7071067811865475,0.7071067811865475,0.7071067811865475,0.7071067811865475,0.7071067811865475,0.7071067811865475,0.7071067811865475,0.7071067811865475,0.7071067811865475,0.7071067811865475,0.7071067811865475,0.7071067811865475,0.7071067811865475,0.7071067811865475,0.7071067811865475,0.7071067811865475,0.7071067811865475,0.7071067811865475,0.7071067811865475,0.7071067811865475,0.7071067811865475,0.9999999999999998,0.9999999999999998,0.9999999999999998,0.9999999999999998,0.9999999999999998,0.7071067811865475,0.7071067811865475,0.7071067811865475,0.7071067811865475,0.7071067811865475,0.7071067811865475,0.7071067811865475,0.7071067811865475,0.7071067811865475,0.7071067811865475,0.7071067811865475,0.7071067811865475,0.7071067811865475,0.7071067811865475,0.7071067811865475,0.7071067811865475,0.7071067811865475,0.7071067811865475,0.7071067811865475,0.7071067811865475,0.7071067811865475,0.7071067811865475,0.7071067811865475,0.7071067811865475,0.7071067811865475,0.7071067811865475,0.7071067811865475,0.7071067811865475,0.7071067811865475,0.7071067811865475,0.2886751345948129,0.2886751345948129,0.7071067811865475,0.7071067811865475,0.7071067811865475,0.2886751345948129,0.2886751345948129,0.7071067811865475
URXR,0.9999999999999998,0.9999999999999998,0.4999999999999999,0.4999999999999999,0.7071067811865475,0.0,0.31622776601683794,0.7071067811865475,0.7071067811865475,0.9999999999999998,0.9999999999999998,0.31622776601683794,0.31622776601683794,0.9999999999999998,0.4999999999999999,0.7071067811865475,0.7071067811865475,0.4999999999999999,0.2886751345948129,0.2886751345948129,0.2886751345948129,0.2886751345948129,0.0,0.0,0.0,0.0,0.0,0.0,0.0,0.0,0.0,0.0,0.7071067811865475,0.7071067811865475,0.0,0.0,0.7071067811865475,0.7071067811865475,0.7071067811865475,0.7071067811865475,0.0,0.0,0.4999999999999999,0.4999999999999999,0.7071067811865475,0.7071067811865475,0.7071067811865475,0.7071067811865475,0.7071067811865475,0.7071067811865475,0.0,0.0,0.0,0.0,0.4999999999999999,0.4999999999999999,0.1543033499620919,0.1543033499620919,0.1543033499620919,0.1543033499620919,0.0,0.0,0.0,0.0,0.4999999999999999,0.4999999999999999,0.9999999999999998,0.9999999999999998,0.9999999999999998,0.7071067811865475,0.0,0.0,0.0,0.0,0.0,0.0,0.9999999999999998,1.0,0.0,0.0,0.0,0.0,0.0,0.0,0.0,0.0,0.0,0.0,0.0,0.0,0.0,0.0,0.0,0.0,0.9999999999999998,0.9999999999999998,0.7071067811865475,0.7071067811865475,0.8164965809277259,0.0,0.0,0.7071067811865475,0.7071067811865475,0.0,0.0,0.9999999999999998,0.9999999999999998,0.0,0.0,0.0,0.0,0.0,0.0,0.9999999999999998,0.9999999999999998,0.7071067811865475,0.0,0.0,0.0,0.0,0.7071067811865475,0.7071067811865475,0.0,0.0,0.7071067811865475,0.7071067811865475,0.0,0.0,0.9999999999999998,0.9999999999999998,0.0,0.0,0.2886751345948129,0.2886751345948129,0.7071067811865475,0.0,0.0,0.0,0.0,0.9486832980505138,0.0,0.0,0.7071067811865475,0.7071067811865475,0.7071067811865475,0.7071067811865475,0.4714045207910316,0.7071067811865475,0.0,0.4999999999999999,0.4999999999999999,0.7071067811865475,0.7071067811865475,0.0,0.0,0.0,0.7071067811865475,0.0,0.0,0.7071067811865475,0.7071067811865475,0.7071067811865475,0.7071067811865475,0.7071067811865475,0.7071067811865475,0.7071067811865475,0.7071067811865475,0.7071067811865475,0.7071067811865475,0.7071067811865475,0.0,0.0,0.7071067811865475,0.7071067811865475,0.7071067811865475,0.7071067811865475,0.7071067811865475,0.7071067811865475,0.7071067811865475,0.0,0.0,0.4999999999999999,0.4999999999999999,0.4999999999999999,0.4999999999999999,0.4999999999999999,0.4999999999999999,0.9999999999999998,0.9999999999999998,0.9999999999999998,0.9999999999999998,0.7071067811865475,0.7071067811865475,0.7071067811865475,0.7071067811865475,0.7071067811865475,0.7071067811865475,0.7071067811865475,0.7071067811865475,0.7071067811865475,0.7071067811865475,0.7071067811865475,0.7071067811865475,0.7071067811865475,0.7071067811865475,0.7071067811865475,0.7071067811865475,0.9999999999999998,0.9999999999999998,0.9999999999999998,0.9999999999999998,0.7071067811865475,0.7071067811865475,0.7071067811865475,0.7071067811865475,0.9999999999999998,0.9999999999999998,0.9999999999999998,0.9999999999999998,0.7071067811865475,0.7071067811865475,0.7071067811865475,0.7071067811865475,0.7071067811865475,0.7071067811865475,0.7071067811865475,0.7071067811865475,0.7071067811865475,0.7071067811865475,0.7071067811865475,0.7071067811865475,0.7071067811865475,0.7071067811865475,0.7071067811865475,0.7071067811865475,0.7071067811865475,0.7071067811865475,0.7071067811865475,0.7071067811865475,0.7071067811865475,0.7071067811865475,0.7071067811865475,0.7071067811865475,0.7071067811865475,0.7071067811865475,0.7071067811865475,0.7071067811865475,0.7071067811865475,0.7071067811865475,0.7071067811865475,0.7071067811865475,0.7071067811865475,0.7071067811865475,0.7071067811865475,0.7071067811865475,0.7071067811865475,0.7071067811865475,0.7071067811865475,0.7071067811865475,0.9999999999999998,0.9999999999999998,0.9999999999999998,0.9999999999999998,0.9999999999999998,0.7071067811865475,0.7071067811865475,0.7071067811865475,0.7071067811865475,0.7071067811865475,0.7071067811865475,0.7071067811865475,0.7071067811865475,0.7071067811865475,0.7071067811865475,0.7071067811865475,0.7071067811865475,0.7071067811865475,0.7071067811865475,0.7071067811865475,0.7071067811865475,0.7071067811865475,0.7071067811865475,0.7071067811865475,0.7071067811865475,0.7071067811865475,0.7071067811865475,0.7071067811865475,0.7071067811865475,0.7071067811865475,0.7071067811865475,0.7071067811865475,0.7071067811865475,0.7071067811865475,0.7071067811865475,0.2886751345948129,0.2886751345948129,0.7071067811865475,0.7071067811865475,0.7071067811865475,0.2886751345948129,0.2886751345948129,0.7071067811865475
URYDL,0.0,0.0,0.7071067811865475,0.7071067811865475,0.0,1.0,0.8944271909999159,0.0,0.0,0.0,0.0,0.8944271909999159,0.8944271909999159,0.0,0.7071067811865475,0.0,0.0,0.7071067811865475,0.0,0.0,0.0,0.0,1.0,1.0,1.0,1.0,1.0,1.0,1.0,1.0,0.0,0.0,0.0,0.0,1.0,1.0,0.0,0.0,0.0,0.0,1.0,1.0,0.7071067811865475,0.7071067811865475,0.0,0.0,0.0,0.0,0.0,0.0,1.0,1.0,1.0,1.0,0.7071067811865475,0.7071067811865475,0.0,0.0,0.0,0.0,1.0,1.0,1.0,0.0,0.7071067811865475,0.7071067811865475,0.0,0.0,0.0,0.0,1.0,1.0,1.0,1.0,1.0,1.0,0.0,0.0,1.0,1.0,1.0,1.0,1.0,1.0,0.0,0.0,0.4082482904638631,0.4082482904638631,1.0,1.0,1.0,1.0,1.0,1.0,0.0,0.0,0.0,0.0,0.5773502691896258,0.4082482904638631,0.4082482904638631,0.0,0.0,1.0,1.0,0.0,0.0,1.0,1.0,1.0,1.0,1.0,1.0,0.0,0.0,0.0,0.0,0.0,0.0,0.0,0.0,0.0,1.0,1.0,0.0,0.0,0.4082482904638631,0.4082482904638631,0.0,0.0,1.0,1.0,0.0,0.0,0.0,0.0,0.0,0.0,0.0,0.0,0.0,0.0,0.0,0.0,0.0,0.0,0.0,0.0,1.0,0.7071067811865475,0.7071067811865475,0.0,0.0,0.0,0.0,1.0,0.0,0.0,0.0,0.0,0.0,0.0,0.0,0.0,0.0,0.0,0.0,0.0,0.0,0.0,1.0,1.0,0.0,0.0,0.0,0.0,0.0,0.0,0.0,0.4082482904638631,0.4082482904638631,0.7071067811865475,0.7071067811865475,0.7071067811865475,0.7071067811865475,0.7071067811865475,0.7071067811865475,0.0,0.0,0.0,0.0,0.0,0.0,0.0,0.0,0.0,0.0,0.0,0.0,0.0,0.0,0.0,0.0,0.0,0.0,0.0,0.0,0.0,0.0,0.0,0.0,0.0,0.0,0.0,0.0,0.0,0.0,0.0,0.0,0.0,0.0,0.0,0.0,0.0,0.0,0.0,0.0,0.0,0.0,0.0,0.0,0.0,0.0,0.0,0.0,0.0,0.0,0.0,0.0,0.0,0.0,0.0,0.0,0.0,0.0,0.0,0.0,0.0,0.0,0.0,0.0,0.0,0.0,0.0,0.0,0.0,0.0,0.0,0.0,0.0,0.0,0.0,0.0,0.0,0.0,0.0,0.0,0.0,0.0,0.0,0.0,0.0,0.0,0.0,0.0,0.0,0.0,0.0,0.0,0.0,0.0,0.0,0.0,0.0,0.0,0.0,0.0,0.0,0.0,0.0,0.0,0.0,0.0,0.0,0.0,0.0,0.0,0.0,0.0,0.0,0.0,0.0
URYDR,0.0,0.0,0.7071067811865475,0.7071067811865475,0.0,1.0,0.8944271909999159,0.0,0.0,0.0,0.0,0.8944271909999159,0.8944271909999159,0.0,0.7071067811865475,0.0,0.0,0.7071067811865475,0.0,0.0,0.0,0.0,1.0,1.0,1.0,1.0,1.0,1.0,1.0,1.0,0.0,0.0,0.0,0.0,1.0,1.0,0.0,0.0,0.0,0.0,1.0,1.0,0.7071067811865475,0.7071067811865475,0.0,0.0,0.0,0.0,0.0,0.0,1.0,1.0,1.0,1.0,0.7071067811865475,0.7071067811865475,0.0,0.0,0.0,0.0,1.0,1.0,1.0,0.0,0.7071067811865475,0.7071067811865475,0.0,0.0,0.0,0.0,1.0,1.0,1.0,1.0,1.0,1.0,0.0,0.0,1.0,1.0,1.0,1.0,1.0,1.0,0.0,0.0,0.4082482904638631,0.4082482904638631,1.0,1.0,1.0,1.0,1.0,1.0,0.0,0.0,0.0,0.0,0.5773502691896258,0.4082482904638631,0.4082482904638631,0.0,0.0,1.0,1.0,0.0,0.0,1.0,1.0,1.0,1.0,1.0,1.0,0.0,0.0,0.0,0.0,0.0,0.0,0.0,0.0,0.0,1.0,1.0,0.0,0.0,0.4082482904638631,0.4082482904638631,0.0,0.0,1.0,1.0,0.0,0.0,0.0,0.0,0.0,0.0,0.0,0.0,0.0,0.0,0.0,0.0,0.0,0.0,0.0,0.0,1.0,0.7071067811865475,0.7071067811865475,0.0,0.0,0.0,0.0,1.0,0.0,0.0,0.0,0.0,0.0,0.0,0.0,0.0,0.0,0.0,0.0,0.0,0.0,0.0,1.0,1.0,0.0,0.0,0.0,0.0,0.0,0.0,0.0,0.4082482904638631,0.4082482904638631,0.7071067811865475,0.7071067811865475,0.7071067811865475,0.7071067811865475,0.7071067811865475,0.7071067811865475,0.0,0.0,0.0,0.0,0.0,0.0,0.0,0.0,0.0,0.0,0.0,0.0,0.0,0.0,0.0,0.0,0.0,0.0,0.0,0.0,0.0,0.0,0.0,0.0,0.0,0.0,0.0,0.0,0.0,0.0,0.0,0.0,0.0,0.0,0.0,0.0,0.0,0.0,0.0,0.0,0.0,0.0,0.0,0.0,0.0,0.0,0.0,0.0,0.0,0.0,0.0,0.0,0.0,0.0,0.0,0.0,0.0,0.0,0.0,0.0,0.0,0.0,0.0,0.0,0.0,0.0,0.0,0.0,0.0,0.0,0.0,0.0,0.0,0.0,0.0,0.0,0.0,0.0,0.0,0.0,0.0,0.0,0.0,0.0,0.0,0.0,0.0,0.0,0.0,0.0,0.0,0.0,0.0,0.0,0.0,0.0,0.0,0.0,0.0,0.0,0.0,0.0,0.0,0.0,0.0,0.0,0.0,0.0,0.0,0.0,0.0,0.0,0.0,0.0,0.0
URYVL,0.0,0.0,0.7071067811865475,0.7071067811865475,0.0,1.0,0.8944271909999159,0.0,0.0,0.0,0.0,0.8944271909999159,0.8944271909999159,0.0,0.7071067811865475,0.0,0.0,0.7071067811865475,0.0,0.0,0.0,0.0,1.0,1.0,1.0,1.0,1.0,1.0,1.0,1.0,0.0,0.0,0.0,0.0,1.0,1.0,0.0,0.0,0.0,0.0,1.0,1.0,0.7071067811865475,0.7071067811865475,0.0,0.0,0.0,0.0,0.0,0.0,1.0,1.0,1.0,1.0,0.7071067811865475,0.7071067811865475,0.0,0.0,0.0,0.0,1.0,1.0,1.0,0.0,0.7071067811865475,0.7071067811865475,0.0,0.0,0.0,0.0,1.0,1.0,1.0,1.0,1.0,1.0,0.0,0.0,1.0,1.0,1.0,1.0,1.0,1.0,0.0,0.0,0.4082482904638631,0.4082482904638631,1.0,1.0,1.0,1.0,1.0,1.0,0.0,0.0,0.0,0.0,0.5773502691896258,0.4082482904638631,0.4082482904638631,0.0,0.0,1.0,1.0,0.0,0.0,1.0,1.0,1.0,1.0,1.0,1.0,0.0,0.0,0.0,0.0,0.0,0.0,0.0,0.0,0.0,1.0,1.0,0.0,0.0,0.4082482904638631,0.4082482904638631,0.0,0.0,1.0,1.0,0.0,0.0,0.0,0.0,0.0,0.0,0.0,0.0,0.0,0.0,0.0,0.0,0.0,0.0,0.0,0.0,1.0,0.7071067811865475,0.7071067811865475,0.0,0.0,0.0,0.0,1.0,0.0,0.0,0.0,0.0,0.0,0.0,0.0,0.0,0.0,0.0,0.0,0.0,0.0,0.0,1.0,1.0,0.0,0.0,0.0,0.0,0.0,0.0,0.0,0.4082482904638631,0.4082482904638631,0.7071067811865475,0.7071067811865475,0.7071067811865475,0.7071067811865475,0.7071067811865475,0.7071067811865475,0.0,0.0,0.0,0.0,0.0,0.0,0.0,0.0,0.0,0.0,0.0,0.0,0.0,0.0,0.0,0.0,0.0,0.0,0.0,0.0,0.0,0.0,0.0,0.0,0.0,0.0,0.0,0.0,0.0,0.0,0.0,0.0,0.0,0.0,0.0,0.0,0.0,0.0,0.0,0.0,0.0,0.0,0.0,0.0,0.0,0.0,0.0,0.0,0.0,0.0,0.0,0.0,0.0,0.0,0.0,0.0,0.0,0.0,0.0,0.0,0.0,0.0,0.0,0.0,0.0,0.0,0.0,0.0,0.0,0.0,0.0,0.0,0.0,0.0,0.0,0.0,0.0,0.0,0.0,0.0,0.0,0.0,0.0,0.0,0.0,0.0,0.0,0.0,0.0,0.0,0.0,0.0,0.0,0.0,0.0,0.0,0.0,0.0,0.0,0.0,0.0,0.0,0.0,0.0,0.0,0.0,0.0,0.0,0.0,0.0,0.0,0.0,0.0,0.0,0.0
URYVR,0.0,0.0,0.7071067811865475,0.7071067811865475,0.0,1.0,0.8944271909999159,0.0,0.0,0.0,0.0,0.8944271909999159,0.8944271909999159,0.0,0.7071067811865475,0.0,0.0,0.7071067811865475,0.0,0.0,0.0,0.0,1.0,1.0,1.0,1.0,1.0,1.0,1.0,1.0,0.0,0.0,0.0,0.0,1.0,1.0,0.0,0.0,0.0,0.0,1.0,1.0,0.7071067811865475,0.7071067811865475,0.0,0.0,0.0,0.0,0.0,0.0,1.0,1.0,1.0,1.0,0.7071067811865475,0.7071067811865475,0.0,0.0,0.0,0.0,1.0,1.0,1.0,0.0,0.7071067811865475,0.7071067811865475,0.0,0.0,0.0,0.0,1.0,1.0,1.0,1.0,1.0,1.0,0.0,0.0,1.0,1.0,1.0,1.0,1.0,1.0,0.0,0.0,0.4082482904638631,0.4082482904638631,1.0,1.0,1.0,1.0,1.0,1.0,0.0,0.0,0.0,0.0,0.5773502691896258,0.4082482904638631,0.4082482904638631,0.0,0.0,1.0,1.0,0.0,0.0,1.0,1.0,1.0,1.0,1.0,1.0,0.0,0.0,0.0,0.0,0.0,0.0,0.0,0.0,0.0,1.0,1.0,0.0,0.0,0.4082482904638631,0.4082482904638631,0.0,0.0,1.0,1.0,0.0,0.0,0.0,0.0,0.0,0.0,0.0,0.0,0.0,0.0,0.0,0.0,0.0,0.0,0.0,0.0,1.0,0.7071067811865475,0.7071067811865475,0.0,0.0,0.0,0.0,1.0,0.0,0.0,0.0,0.0,0.0,0.0,0.0,0.0,0.0,0.0,0.0,0.0,0.0,0.0,1.0,1.0,0.0,0.0,0.0,0.0,0.0,0.0,0.0,0.4082482904638631,0.4082482904638631,0.7071067811865475,0.7071067811865475,0.7071067811865475,0.7071067811865475,0.7071067811865475,0.7071067811865475,0.0,0.0,0.0,0.0,0.0,0.0,0.0,0.0,0.0,0.0,0.0,0.0,0.0,0.0,0.0,0.0,0.0,0.0,0.0,0.0,0.0,0.0,0.0,0.0,0.0,0.0,0.0,0.0,0.0,0.0,0.0,0.0,0.0,0.0,0.0,0.0,0.0,0.0,0.0,0.0,0.0,0.0,0.0,0.0,0.0,0.0,0.0,0.0,0.0,0.0,0.0,0.0,0.0,0.0,0.0,0.0,0.0,0.0,0.0,0.0,0.0,0.0,0.0,0.0,0.0,0.0,0.0,0.0,0.0,0.0,0.0,0.0,0.0,0.0,0.0,0.0,0.0,0.0,0.0,0.0,0.0,0.0,0.0,0.0,0.0,0.0,0.0,0.0,0.0,0.0,0.0,0.0,0.0,0.0,0.0,0.0,0.0,0.0,0.0,0.0,0.0,0.0,0.0,0.0,0.0,0.0,0.0,0.0,0.0,0.0,0.0,0.0,0.0,0.0,0.0
AQR,0.0,0.0,0.7071067811865475,0.7071067811865475,0.0,1.0,0.8944271909999159,0.0,0.0,0.0,0.0,0.8944271909999159,0.8944271909999159,0.0,0.7071067811865475,0.0,0.0,0.7071067811865475,0.0,0.0,0.0,0.0,1.0,1.0,1.0,1.0,1.0,1.0,1.0,1.0,0.0,0.0,0.0,0.0,1.0,1.0,0.0,0.0,0.0,0.0,1.0,1.0,0.7071067811865475,0.7071067811865475,0.0,0.0,0.0,0.0,0.0,0.0,1.0,1.0,1.0,1.0,0.7071067811865475,0.7071067811865475,0.0,0.0,0.0,0.0,1.0,1.0,1.0,0.0,0.7071067811865475,0.7071067811865475,0.0,0.0,0.0,0.0,1.0,1.0,1.0,1.0,1.0,1.0,0.0,0.0,1.0,1.0,1.0,1.0,1.0,1.0,0.0,0.0,0.4082482904638631,0.4082482904638631,1.0,1.0,1.0,1.0,1.0,1.0,0.0,0.0,0.0,0.0,0.5773502691896258,0.4082482904638631,0.4082482904638631,0.0,0.0,1.0,1.0,0.0,0.0,1.0,1.0,1.0,1.0,1.0,1.0,0.0,0.0,0.0,0.0,0.0,0.0,0.0,0.0,0.0,1.0,1.0,0.0,0.0,0.4082482904638631,0.4082482904638631,0.0,0.0,1.0,1.0,0.0,0.0,0.0,0.0,0.0,0.0,0.0,0.0,0.0,0.0,0.0,0.0,0.0,0.0,0.0,0.0,1.0,0.7071067811865475,0.7071067811865475,0.0,0.0,0.0,0.0,1.0,0.0,0.0,0.0,0.0,0.0,0.0,0.0,0.0,0.0,0.0,0.0,0.0,0.0,0.0,1.0,1.0,0.0,0.0,0.0,0.0,0.0,0.0,0.0,0.4082482904638631,0.4082482904638631,0.7071067811865475,0.7071067811865475,0.7071067811865475,0.7071067811865475,0.7071067811865475,0.7071067811865475,0.0,0.0,0.0,0.0,0.0,0.0,0.0,0.0,0.0,0.0,0.0,0.0,0.0,0.0,0.0,0.0,0.0,0.0,0.0,0.0,0.0,0.0,0.0,0.0,0.0,0.0,0.0,0.0,0.0,0.0,0.0,0.0,0.0,0.0,0.0,0.0,0.0,0.0,0.0,0.0,0.0,0.0,0.0,0.0,0.0,0.0,0.0,0.0,0.0,0.0,0.0,0.0,0.0,0.0,0.0,0.0,0.0,0.0,0.0,0.0,0.0,0.0,0.0,0.0,0.0,0.0,0.0,0.0,0.0,0.0,0.0,0.0,0.0,0.0,0.0,0.0,0.0,0.0,0.0,0.0,0.0,0.0,0.0,0.0,0.0,0.0,0.0,0.0,0.0,0.0,0.0,0.0,0.0,0.0,0.0,0.0,0.0,0.0,0.0,0.0,0.0,0.0,0.0,0.0,0.0,0.0,0.0,0.0,0.0,0.0,0.0,0.0,0.0,0.0,0.0
PQR,0.0,0.0,0.7071067811865475,0.7071067811865475,0.0,1.0,0.8944271909999159,0.0,0.0,0.0,0.0,0.8944271909999159,0.8944271909999159,0.0,0.7071067811865475,0.0,0.0,0.7071067811865475,0.0,0.0,0.0,0.0,1.0,1.0,1.0,1.0,1.0,1.0,1.0,1.0,0.0,0.0,0.0,0.0,1.0,1.0,0.0,0.0,0.0,0.0,1.0,1.0,0.7071067811865475,0.7071067811865475,0.0,0.0,0.0,0.0,0.0,0.0,1.0,1.0,1.0,1.0,0.7071067811865475,0.7071067811865475,0.0,0.0,0.0,0.0,1.0,1.0,1.0,0.0,0.7071067811865475,0.7071067811865475,0.0,0.0,0.0,0.0,1.0,1.0,1.0,1.0,1.0,1.0,0.0,0.0,1.0,1.0,1.0,1.0,1.0,1.0,0.0,0.0,0.4082482904638631,0.4082482904638631,1.0,1.0,1.0,1.0,1.0,1.0,0.0,0.0,0.0,0.0,0.5773502691896258,0.4082482904638631,0.4082482904638631,0.0,0.0,1.0,1.0,0.0,0.0,1.0,1.0,1.0,1.0,1.0,1.0,0.0,0.0,0.0,0.0,0.0,0.0,0.0,0.0,0.0,1.0,1.0,0.0,0.0,0.4082482904638631,0.4082482904638631,0.0,0.0,1.0,1.0,0.0,0.0,0.0,0.0,0.0,0.0,0.0,0.0,0.0,0.0,0.0,0.0,0.0,0.0,0.0,0.0,1.0,0.7071067811865475,0.7071067811865475,0.0,0.0,0.0,0.0,1.0,0.0,0.0,0.0,0.0,0.0,0.0,0.0,0.0,0.0,0.0,0.0,0.0,0.0,0.0,1.0,1.0,0.0,0.0,0.0,0.0,0.0,0.0,0.0,0.4082482904638631,0.4082482904638631,0.7071067811865475,0.7071067811865475,0.7071067811865475,0.7071067811865475,0.7071067811865475,0.7071067811865475,0.0,0.0,0.0,0.0,0.0,0.0,0.0,0.0,0.0,0.0,0.0,0.0,0.0,0.0,0.0,0.0,0.0,0.0,0.0,0.0,0.0,0.0,0.0,0.0,0.0,0.0,0.0,0.0,0.0,0.0,0.0,0.0,0.0,0.0,0.0,0.0,0.0,0.0,0.0,0.0,0.0,0.0,0.0,0.0,0.0,0.0,0.0,0.0,0.0,0.0,0.0,0.0,0.0,0.0,0.0,0.0,0.0,0.0,0.0,0.0,0.0,0.0,0.0,0.0,0.0,0.0,0.0,0.0,0.0,0.0,0.0,0.0,0.0,0.0,0.0,0.0,0.0,0.0,0.0,0.0,0.0,0.0,0.0,0.0,0.0,0.0,0.0,0.0,0.0,0.0,0.0,0.0,0.0,0.0,0.0,0.0,0.0,0.0,0.0,0.0,0.0,0.0,0.0,0.0,0.0,0.0,0.0,0.0,0.0,0.0,0.0,0.0,0.0,0.0,0.0
ADEL,0.0,0.0,0.0,0.0,0.0,0.0,0.0,0.0,0.0,0.0,0.0,0.0,0.0,0.0,0.0,0.0,0.0,0.0,0.9128709291752769,0.9128709291752769,0.9128709291752769,0.9128709291752769,0.0,0.0,0.0,0.0,0.0,0.0,0.0,0.0,0.9999999999999998,0.9999999999999998,0.0,0.0,0.0,0.0,0.0,0.0,0.0,0.0,0.0,0.0,0.0,0.0,0.0,0.0,0.0,0.0,0.0,0.0,0.0,0.0,0.0,0.0,0.0,0.0,0.9759000729485332,0.9759000729485332,0.9759000729485332,0.9759000729485332,0.0,0.0,0.0,0.0,0.0,0.0,0.0,0.0,0.0,0.0,0.0,0.0,0.0,0.0,0.0,0.0,0.0,0.0,0.0,0.0,0.0,0.0,0.0,0.0,1.0,0.9999999999999998,0.9128709291752769,0.9128709291752769,0.0,0.0,0.0,0.0,0.0,0.0,0.0,0.0,0.0,0.0,0.0,0.9128709291752769,0.9128709291752769,0.0,0.0,0.0,0.0,0.0,0.0,0.0,0.0,0.0,0.0,0.0,0.0,0.0,0.0,0.0,0.0,0.0,0.9999999999999998,0.9999999999999998,0.0,0.0,0.0,0.0,0.0,0.0,0.9128709291752769,0.9128709291752769,0.0,0.0,0.0,0.0,0.9128709291752769,0.9128709291752769,0.0,0.0,0.0,0.0,0.0,0.0,0.0,0.0,0.0,0.0,0.0,0.0,0.7453559924999299,0.0,0.0,0.0,0.0,0.0,0.0,0.0,0.0,0.0,0.0,0.0,0.0,0.0,0.0,0.0,0.0,0.0,0.0,0.0,0.0,0.0,0.0,0.0,0.0,0.0,0.0,0.0,0.0,0.0,0.0,0.0,0.0,0.9128709291752769,0.9128709291752769,0.0,0.0,0.0,0.0,0.0,0.0,0.0,0.0,0.0,0.0,0.0,0.0,0.0,0.0,0.0,0.0,0.0,0.0,0.0,0.0,0.0,0.0,0.0,0.0,0.0,0.0,0.0,0.0,0.0,0.0,0.0,0.0,0.0,0.0,0.0,0.0,0.0,0.0,0.0,0.0,0.0,0.0,0.0,0.0,0.0,0.0,0.0,0.0,0.0,0.0,0.0,0.0,0.0,0.0,0.0,0.0,0.0,0.0,0.0,0.0,0.0,0.0,0.0,0.0,0.0,0.0,0.0,0.0,0.0,0.0,0.0,0.0,0.0,0.0,0.0,0.0,0.0,0.0,0.0,0.0,0.0,0.0,0.0,0.0,0.0,0.0,0.0,0.0,0.0,0.0,0.0,0.0,0.0,0.0,0.0,0.0,0.0,0.0,0.0,0.0,0.0,0.0,0.0,0.0,0.0,0.0,0.0,0.0,0.0,0.0,0.0,0.0,0.0,0.9128709291752769,0.9128709291752769,0.0,0.0,0.0,0.9128709291752769,0.9128709291752769,0.0
ADER,0.0,0.0,0.0,0.0,0.0,0.0,0.0,0.0,0.0,0.0,0.0,0.0,0.0,0.0,0.0,0.0,0.0,0.0,0.9128709291752769,0.9128709291752769,0.9128709291752769,0.9128709291752769,0.0,0.0,0.0,0.0,0.0,0.0,0.0,0.0,0.9999999999999998,0.9999999999999998,0.0,0.0,0.0,0.0,0.0,0.0,0.0,0.0,0.0,0.0,0.0,0.0,0.0,0.0,0.0,0.0,0.0,0.0,0.0,0.0,0.0,0.0,0.0,0.0,0.9759000729485332,0.9759000729485332,0.9759000729485332,0.9759000729485332,0.0,0.0,0.0,0.0,0.0,0.0,0.0,0.0,0.0,0.0,0.0,0.0,0.0,0.0,0.0,0.0,0.0,0.0,0.0,0.0,0.0,0.0,0.0,0.0,0.9999999999999998,1.0,0.9128709291752769,0.9128709291752769,0.0,0.0,0.0,0.0,0.0,0.0,0.0,0.0,0.0,0.0,0.0,0.9128709291752769,0.9128709291752769,0.0,0.0,0.0,0.0,0.0,0.0,0.0,0.0,0.0,0.0,0.0,0.0,0.0,0.0,0.0,0.0,0.0,0.9999999999999998,0.9999999999999998,0.0,0.0,0.0,0.0,0.0,0.0,0.9128709291752769,0.9128709291752769,0.0,0.0,0.0,0.0,0.9128709291752769,0.9128709291752769,0.0,0.0,0.0,0.0,0.0,0.0,0.0,0.0,0.0,0.0,0.0,0.0,0.7453559924999299,0.0,0.0,0.0,0.0,0.0,0.0,0.0,0.0,0.0,0.0,0.0,0.0,0.0,0.0,0.0,0.0,0.0,0.0,0.0,0.0,0.0,0.0,0.0,0.0,0.0,0.0,0.0,0.0,0.0,0.0,0.0,0.0,0.9128709291752769,0.9128709291752769,0.0,0.0,0.0,0.0,0.0,0.0,0.0,0.0,0.0,0.0,0.0,0.0,0.0,0.0,0.0,0.0,0.0,0.0,0.0,0.0,0.0,0.0,0.0,0.0,0.0,0.0,0.0,0.0,0.0,0.0,0.0,0.0,0.0,0.0,0.0,0.0,0.0,0.0,0.0,0.0,0.0,0.0,0.0,0.0,0.0,0.0,0.0,0.0,0.0,0.0,0.0,0.0,0.0,0.0,0.0,0.0,0.0,0.0,0.0,0.0,0.0,0.0,0.0,0.0,0.0,0.0,0.0,0.0,0.0,0.0,0.0,0.0,0.0,0.0,0.0,0.0,0.0,0.0,0.0,0.0,0.0,0.0,0.0,0.0,0.0,0.0,0.0,0.0,0.0,0.0,0.0,0.0,0.0,0.0,0.0,0.0,0.0,0.0,0.0,0.0,0.0,0.0,0.0,0.0,0.0,0.0,0.0,0.0,0.0,0.0,0.0,0.0,0.0,0.9128709291752769,0.9128709291752769,0.0,0.0,0.0,0.9128709291752769,0.9128709291752769,0.0
PDEL,0.0,0.0,0.2886751345948129,0.2886751345948129,0.0,0.4082482904638631,0.3651483716701107,0.0,0.0,0.0,0.0,0.3651483716701107,0.3651483716701107,0.0,0.2886751345948129,0.0,0.0,0.2886751345948129,0.8333333333333335,0.8333333333333335,0.8333333333333335,0.8333333333333335,0.4082482904638631,0.4082482904638631,0.4082482904638631,0.4082482904638631,0.4082482904638631,0.4082482904638631,0.4082482904638631,0.4082482904638631,0.9128709291752769,0.9128709291752769,0.0,0.0,0.4082482904638631,0.4082482904638631,0.0,0.0,0.0,0.0,0.4082482904638631,0.4082482904638631,0.2886751345948129,0.2886751345948129,0.0,0.0,0.0,0.0,0.0,0.0,0.4082482904638631,0.4082482904638631,0.4082482904638631,0.4082482904638631,0.2886751345948129,0.2886751345948129,0.890870806374748,0.890870806374748,0.890870806374748,0.890870806374748,0.4082482904638631,0.4082482904638631,0.4082482904638631,0.0,0.2886751345948129,0.2886751345948129,0.0,0.0,0.0,0.0,0.4082482904638631,0.4082482904638631,0.4082482904638631,0.4082482904638631,0.4082482904638631,0.4082482904638631,0.0,0.0,0.4082482904638631,0.4082482904638631,0.4082482904638631,0.4082482904638631,0.4082482904638631,0.4082482904638631,0.9128709291752769,0.9128709291752769,1.0,1.0000000000000002,0.4082482904638631,0.4082482904638631,0.4082482904638631,0.4082482904638631,0.4082482904638631,0.4082482904638631,0.0,0.0,0.0,0.0,0.23570226039551587,1.0000000000000002,1.0000000000000002,0.0,0.0,0.4082482904638631,0.4082482904638631,0.0,0.0,0.4082482904638631,0.4082482904638631,0.4082482904638631,0.4082482904638631,0.4082482904638631,0.4082482904638631,0.0,0.0,0.0,0.0,0.0,0.9128709291752769,0.9128709291752769,0.0,0.0,0.4082482904638631,0.4082482904638631,0.0,0.0,1.0000000000000002,1.0000000000000002,0.0,0.0,0.4082482904638631,0.4082482904638631,0.8333333333333335,0.8333333333333335,0.0,0.0,0.0,0.0,0.0,0.0,0.0,0.0,0.0,0.0,0.0,0.0,0.6804138174397718,0.0,0.4082482904638631,0.2886751345948129,0.2886751345948129,0.0,0.0,0.0,0.0,0.4082482904638631,0.0,0.0,0.0,0.0,0.0,0.0,0.0,0.0,0.0,0.0,0.0,0.0,0.0,0.0,0.4082482904638631,0.4082482904638631,0.0,0.0,0.0,0.0,0.0,0.0,0.0,1.0000000000000002,1.0000000000000002,0.2886751345948129,0.2886751345948129,0.2886751345948129,0.2886751345948129,0.2886751345948129,0.2886751345948129,0.0,0.0,0.0,0.0,0.0,0.0,0.0,0.0,0.0,0.0,0.0,0.0,0.0,0.0,0.0,0.0,0.0,0.0,0.0,0.0,0.0,0.0,0.0,0.0,0.0,0.0,0.0,0.0,0.0,0.0,0.0,0.0,0.0,0.0,0.0,0.0,0.0,0.0,0.0,0.0,0.0,0.0,0.0,0.0,0.0,0.0,0.0,0.0,0.0,0.0,0.0,0.0,0.0,0.0,0.0,0.0,0.0,0.0,0.0,0.0,0.0,0.0,0.0,0.0,0.0,0.0,0.0,0.0,0.0,0.0,0.0,0.0,0.0,0.0,0.0,0.0,0.0,0.0,0.0,0.0,0.0,0.0,0.0,0.0,0.0,0.0,0.0,0.0,0.0,0.0,0.0,0.0,0.0,0.0,0.0,0.0,0.0,0.0,0.0,0.0,0.0,0.0,0.0,0.0,0.0,0.0,0.0,0.8333333333333335,0.8333333333333335,0.0,0.0,0.0,0.8333333333333335,0.8333333333333335,0.0
PDER,0.0,0.0,0.2886751345948129,0.2886751345948129,0.0,0.4082482904638631,0.3651483716701107,0.0,0.0,0.0,0.0,0.3651483716701107,0.3651483716701107,0.0,0.2886751345948129,0.0,0.0,0.2886751345948129,0.8333333333333335,0.8333333333333335,0.8333333333333335,0.8333333333333335,0.4082482904638631,0.4082482904638631,0.4082482904638631,0.4082482904638631,0.4082482904638631,0.4082482904638631,0.4082482904638631,0.4082482904638631,0.9128709291752769,0.9128709291752769,0.0,0.0,0.4082482904638631,0.4082482904638631,0.0,0.0,0.0,0.0,0.4082482904638631,0.4082482904638631,0.2886751345948129,0.2886751345948129,0.0,0.0,0.0,0.0,0.0,0.0,0.4082482904638631,0.4082482904638631,0.4082482904638631,0.4082482904638631,0.2886751345948129,0.2886751345948129,0.890870806374748,0.890870806374748,0.890870806374748,0.890870806374748,0.4082482904638631,0.4082482904638631,0.4082482904638631,0.0,0.2886751345948129,0.2886751345948129,0.0,0.0,0.0,0.0,0.4082482904638631,0.4082482904638631,0.4082482904638631,0.4082482904638631,0.4082482904638631,0.4082482904638631,0.0,0.0,0.4082482904638631,0.4082482904638631,0.4082482904638631,0.4082482904638631,0.4082482904638631,0.4082482904638631,0.9128709291752769,0.9128709291752769,1.0000000000000002,1.0,0.4082482904638631,0.4082482904638631,0.4082482904638631,0.4082482904638631,0.4082482904638631,0.4082482904638631,0.0,0.0,0.0,0.0,0.23570226039551587,1.0000000000000002,1.0000000000000002,0.0,0.0,0.4082482904638631,0.4082482904638631,0.0,0.0,0.4082482904638631,0.4082482904638631,0.4082482904638631,0.4082482904638631,0.4082482904638631,0.4082482904638631,0.0,0.0,0.0,0.0,0.0,0.9128709291752769,0.9128709291752769,0.0,0.0,0.4082482904638631,0.4082482904638631,0.0,0.0,1.0000000000000002,1.0000000000000002,0.0,0.0,0.4082482904638631,0.4082482904638631,0.8333333333333335,0.8333333333333335,0.0,0.0,0.0,0.0,0.0,0.0,0.0,0.0,0.0,0.0,0.0,0.0,0.6804138174397718,0.0,0.4082482904638631,0.2886751345948129,0.2886751345948129,0.0,0.0,0.0,0.0,0.4082482904638631,0.0,0.0,0.0,0.0,0.0,0.0,0.0,0.0,0.0,0.0,0.0,0.0,0.0,0.0,0.4082482904638631,0.4082482904638631,0.0,0.0,0.0,0.0,0.0,0.0,0.0,1.0000000000000002,1.0000000000000002,0.2886751345948129,0.2886751345948129,0.2886751345948129,0.2886751345948129,0.2886751345948129,0.2886751345948129,0.0,0.0,0.0,0.0,0.0,0.0,0.0,0.0,0.0,0.0,0.0,0.0,0.0,0.0,0.0,0.0,0.0,0.0,0.0,0.0,0.0,0.0,0.0,0.0,0.0,0.0,0.0,0.0,0.0,0.0,0.0,0.0,0.0,0.0,0.0,0.0,0.0,0.0,0.0,0.0,0.0,0.0,0.0,0.0,0.0,0.0,0.0,0.0,0.0,0.0,0.0,0.0,0.0,0.0,0.0,0.0,0.0,0.0,0.0,0.0,0.0,0.0,0.0,0.0,0.0,0.0,0.0,0.0,0.0,0.0,0.0,0.0,0.0,0.0,0.0,0.0,0.0,0.0,0.0,0.0,0.0,0.0,0.0,0.0,0.0,0.0,0.0,0.0,0.0,0.0,0.0,0.0,0.0,0.0,0.0,0.0,0.0,0.0,0.0,0.0,0.0,0.0,0.0,0.0,0.0,0.0,0.0,0.8333333333333335,0.8333333333333335,0.0,0.0,0.0,0.8333333333333335,0.8333333333333335,0.0
PHAL,0.0,0.0,0.7071067811865475,0.7071067811865475,0.0,1.0,0.8944271909999159,0.0,0.0,0.0,0.0,0.8944271909999159,0.8944271909999159,0.0,0.7071067811865475,0.0,0.0,0.7071067811865475,0.0,0.0,0.0,0.0,1.0,1.0,1.0,1.0,1.0,1.0,1.0,1.0,0.0,0.0,0.0,0.0,1.0,1.0,0.0,0.0,0.0,0.0,1.0,1.0,0.7071067811865475,0.7071067811865475,0.0,0.0,0.0,0.0,0.0,0.0,1.0,1.0,1.0,1.0,0.7071067811865475,0.7071067811865475,0.0,0.0,0.0,0.0,1.0,1.0,1.0,0.0,0.7071067811865475,0.7071067811865475,0.0,0.0,0.0,0.0,1.0,1.0,1.0,1.0,1.0,1.0,0.0,0.0,1.0,1.0,1.0,1.0,1.0,1.0,0.0,0.0,0.4082482904638631,0.4082482904638631,1.0,1.0,1.0,1.0,1.0,1.0,0.0,0.0,0.0,0.0,0.5773502691896258,0.4082482904638631,0.4082482904638631,0.0,0.0,1.0,1.0,0.0,0.0,1.0,1.0,1.0,1.0,1.0,1.0,0.0,0.0,0.0,0.0,0.0,0.0,0.0,0.0,0.0,1.0,1.0,0.0,0.0,0.4082482904638631,0.4082482904638631,0.0,0.0,1.0,1.0,0.0,0.0,0.0,0.0,0.0,0.0,0.0,0.0,0.0,0.0,0.0,0.0,0.0,0.0,0.0,0.0,1.0,0.7071067811865475,0.7071067811865475,0.0,0.0,0.0,0.0,1.0,0.0,0.0,0.0,0.0,0.0,0.0,0.0,0.0,0.0,0.0,0.0,0.0,0.0,0.0,1.0,1.0,0.0,0.0,0.0,0.0,0.0,0.0,0.0,0.4082482904638631,0.4082482904638631,0.7071067811865475,0.7071067811865475,0.7071067811865475,0.7071067811865475,0.7071067811865475,0.7071067811865475,0.0,0.0,0.0,0.0,0.0,0.0,0.0,0.0,0.0,0.0,0.0,0.0,0.0,0.0,0.0,0.0,0.0,0.0,0.0,0.0,0.0,0.0,0.0,0.0,0.0,0.0,0.0,0.0,0.0,0.0,0.0,0.0,0.0,0.0,0.0,0.0,0.0,0.0,0.0,0.0,0.0,0.0,0.0,0.0,0.0,0.0,0.0,0.0,0.0,0.0,0.0,0.0,0.0,0.0,0.0,0.0,0.0,0.0,0.0,0.0,0.0,0.0,0.0,0.0,0.0,0.0,0.0,0.0,0.0,0.0,0.0,0.0,0.0,0.0,0.0,0.0,0.0,0.0,0.0,0.0,0.0,0.0,0.0,0.0,0.0,0.0,0.0,0.0,0.0,0.0,0.0,0.0,0.0,0.0,0.0,0.0,0.0,0.0,0.0,0.0,0.0,0.0,0.0,0.0,0.0,0.0,0.0,0.0,0.0,0.0,0.0,0.0,0.0,0.0,0.0
PHAR,0.0,0.0,0.7071067811865475,0.7071067811865475,0.0,1.0,0.8944271909999159,0.0,0.0,0.0,0.0,0.8944271909999159,0.8944271909999159,0.0,0.7071067811865475,0.0,0.0,0.7071067811865475,0.0,0.0,0.0,0.0,1.0,1.0,1.0,1.0,1.0,1.0,1.0,1.0,0.0,0.0,0.0,0.0,1.0,1.0,0.0,0.0,0.0,0.0,1.0,1.0,0.7071067811865475,0.7071067811865475,0.0,0.0,0.0,0.0,0.0,0.0,1.0,1.0,1.0,1.0,0.7071067811865475,0.7071067811865475,0.0,0.0,0.0,0.0,1.0,1.0,1.0,0.0,0.7071067811865475,0.7071067811865475,0.0,0.0,0.0,0.0,1.0,1.0,1.0,1.0,1.0,1.0,0.0,0.0,1.0,1.0,1.0,1.0,1.0,1.0,0.0,0.0,0.4082482904638631,0.4082482904638631,1.0,1.0,1.0,1.0,1.0,1.0,0.0,0.0,0.0,0.0,0.5773502691896258,0.4082482904638631,0.4082482904638631,0.0,0.0,1.0,1.0,0.0,0.0,1.0,1.0,1.0,1.0,1.0,1.0,0.0,0.0,0.0,0.0,0.0,0.0,0.0,0.0,0.0,1.0,1.0,0.0,0.0,0.4082482904638631,0.4082482904638631,0.0,0.0,1.0,1.0,0.0,0.0,0.0,0.0,0.0,0.0,0.0,0.0,0.0,0.0,0.0,0.0,0.0,0.0,0.0,0.0,1.0,0.7071067811865475,0.7071067811865475,0.0,0.0,0.0,0.0,1.0,0.0,0.0,0.0,0.0,0.0,0.0,0.0,0.0,0.0,0.0,0.0,0.0,0.0,0.0,1.0,1.0,0.0,0.0,0.0,0.0,0.0,0.0,0.0,0.4082482904638631,0.4082482904638631,0.7071067811865475,0.7071067811865475,0.7071067811865475,0.7071067811865475,0.7071067811865475,0.7071067811865475,0.0,0.0,0.0,0.0,0.0,0.0,0.0,0.0,0.0,0.0,0.0,0.0,0.0,0.0,0.0,0.0,0.0,0.0,0.0,0.0,0.0,0.0,0.0,0.0,0.0,0.0,0.0,0.0,0.0,0.0,0.0,0.0,0.0,0.0,0.0,0.0,0.0,0.0,0.0,0.0,0.0,0.0,0.0,0.0,0.0,0.0,0.0,0.0,0.0,0.0,0.0,0.0,0.0,0.0,0.0,0.0,0.0,0.0,0.0,0.0,0.0,0.0,0.0,0.0,0.0,0.0,0.0,0.0,0.0,0.0,0.0,0.0,0.0,0.0,0.0,0.0,0.0,0.0,0.0,0.0,0.0,0.0,0.0,0.0,0.0,0.0,0.0,0.0,0.0,0.0,0.0,0.0,0.0,0.0,0.0,0.0,0.0,0.0,0.0,0.0,0.0,0.0,0.0,0.0,0.0,0.0,0.0,0.0,0.0,0.0,0.0,0.0,0.0,0.0,0.0
PHBL,0.0,0.0,0.7071067811865475,0.7071067811865475,0.0,1.0,0.8944271909999159,0.0,0.0,0.0,0.0,0.8944271909999159,0.8944271909999159,0.0,0.7071067811865475,0.0,0.0,0.7071067811865475,0.0,0.0,0.0,0.0,1.0,1.0,1.0,1.0,1.0,1.0,1.0,1.0,0.0,0.0,0.0,0.0,1.0,1.0,0.0,0.0,0.0,0.0,1.0,1.0,0.7071067811865475,0.7071067811865475,0.0,0.0,0.0,0.0,0.0,0.0,1.0,1.0,1.0,1.0,0.7071067811865475,0.7071067811865475,0.0,0.0,0.0,0.0,1.0,1.0,1.0,0.0,0.7071067811865475,0.7071067811865475,0.0,0.0,0.0,0.0,1.0,1.0,1.0,1.0,1.0,1.0,0.0,0.0,1.0,1.0,1.0,1.0,1.0,1.0,0.0,0.0,0.4082482904638631,0.4082482904638631,1.0,1.0,1.0,1.0,1.0,1.0,0.0,0.0,0.0,0.0,0.5773502691896258,0.4082482904638631,0.4082482904638631,0.0,0.0,1.0,1.0,0.0,0.0,1.0,1.0,1.0,1.0,1.0,1.0,0.0,0.0,0.0,0.0,0.0,0.0,0.0,0.0,0.0,1.0,1.0,0.0,0.0,0.4082482904638631,0.4082482904638631,0.0,0.0,1.0,1.0,0.0,0.0,0.0,0.0,0.0,0.0,0.0,0.0,0.0,0.0,0.0,0.0,0.0,0.0,0.0,0.0,1.0,0.7071067811865475,0.7071067811865475,0.0,0.0,0.0,0.0,1.0,0.0,0.0,0.0,0.0,0.0,0.0,0.0,0.0,0.0,0.0,0.0,0.0,0.0,0.0,1.0,1.0,0.0,0.0,0.0,0.0,0.0,0.0,0.0,0.4082482904638631,0.4082482904638631,0.7071067811865475,0.7071067811865475,0.7071067811865475,0.7071067811865475,0.7071067811865475,0.7071067811865475,0.0,0.0,0.0,0.0,0.0,0.0,0.0,0.0,0.0,0.0,0.0,0.0,0.0,0.0,0.0,0.0,0.0,0.0,0.0,0.0,0.0,0.0,0.0,0.0,0.0,0.0,0.0,0.0,0.0,0.0,0.0,0.0,0.0,0.0,0.0,0.0,0.0,0.0,0.0,0.0,0.0,0.0,0.0,0.0,0.0,0.0,0.0,0.0,0.0,0.0,0.0,0.0,0.0,0.0,0.0,0.0,0.0,0.0,0.0,0.0,0.0,0.0,0.0,0.0,0.0,0.0,0.0,0.0,0.0,0.0,0.0,0.0,0.0,0.0,0.0,0.0,0.0,0.0,0.0,0.0,0.0,0.0,0.0,0.0,0.0,0.0,0.0,0.0,0.0,0.0,0.0,0.0,0.0,0.0,0.0,0.0,0.0,0.0,0.0,0.0,0.0,0.0,0.0,0.0,0.0,0.0,0.0,0.0,0.0,0.0,0.0,0.0,0.0,0.0,0.0
PHBR,0.0,0.0,0.7071067811865475,0.7071067811865475,0.0,1.0,0.8944271909999159,0.0,0.0,0.0,0.0,0.8944271909999159,0.8944271909999159,0.0,0.7071067811865475,0.0,0.0,0.7071067811865475,0.0,0.0,0.0,0.0,1.0,1.0,1.0,1.0,1.0,1.0,1.0,1.0,0.0,0.0,0.0,0.0,1.0,1.0,0.0,0.0,0.0,0.0,1.0,1.0,0.7071067811865475,0.7071067811865475,0.0,0.0,0.0,0.0,0.0,0.0,1.0,1.0,1.0,1.0,0.7071067811865475,0.7071067811865475,0.0,0.0,0.0,0.0,1.0,1.0,1.0,0.0,0.7071067811865475,0.7071067811865475,0.0,0.0,0.0,0.0,1.0,1.0,1.0,1.0,1.0,1.0,0.0,0.0,1.0,1.0,1.0,1.0,1.0,1.0,0.0,0.0,0.4082482904638631,0.4082482904638631,1.0,1.0,1.0,1.0,1.0,1.0,0.0,0.0,0.0,0.0,0.5773502691896258,0.4082482904638631,0.4082482904638631,0.0,0.0,1.0,1.0,0.0,0.0,1.0,1.0,1.0,1.0,1.0,1.0,0.0,0.0,0.0,0.0,0.0,0.0,0.0,0.0,0.0,1.0,1.0,0.0,0.0,0.4082482904638631,0.4082482904638631,0.0,0.0,1.0,1.0,0.0,0.0,0.0,0.0,0.0,0.0,0.0,0.0,0.0,0.0,0.0,0.0,0.0,0.0,0.0,0.0,1.0,0.7071067811865475,0.7071067811865475,0.0,0.0,0.0,0.0,1.0,0.0,0.0,0.0,0.0,0.0,0.0,0.0,0.0,0.0,0.0,0.0,0.0,0.0,0.0,1.0,1.0,0.0,0.0,0.0,0.0,0.0,0.0,0.0,0.4082482904638631,0.4082482904638631,0.7071067811865475,0.7071067811865475,0.7071067811865475,0.7071067811865475,0.7071067811865475,0.7071067811865475,0.0,0.0,0.0,0.0,0.0,0.0,0.0,0.0,0.0,0.0,0.0,0.0,0.0,0.0,0.0,0.0,0.0,0.0,0.0,0.0,0.0,0.0,0.0,0.0,0.0,0.0,0.0,0.0,0.0,0.0,0.0,0.0,0.0,0.0,0.0,0.0,0.0,0.0,0.0,0.0,0.0,0.0,0.0,0.0,0.0,0.0,0.0,0.0,0.0,0.0,0.0,0.0,0.0,0.0,0.0,0.0,0.0,0.0,0.0,0.0,0.0,0.0,0.0,0.0,0.0,0.0,0.0,0.0,0.0,0.0,0.0,0.0,0.0,0.0,0.0,0.0,0.0,0.0,0.0,0.0,0.0,0.0,0.0,0.0,0.0,0.0,0.0,0.0,0.0,0.0,0.0,0.0,0.0,0.0,0.0,0.0,0.0,0.0,0.0,0.0,0.0,0.0,0.0,0.0,0.0,0.0,0.0,0.0,0.0,0.0,0.0,0.0,0.0,0.0,0.0
PHCL,0.0,0.0,0.7071067811865475,0.7071067811865475,0.0,1.0,0.8944271909999159,0.0,0.0,0.0,0.0,0.8944271909999159,0.8944271909999159,0.0,0.7071067811865475,0.0,0.0,0.7071067811865475,0.0,0.0,0.0,0.0,1.0,1.0,1.0,1.0,1.0,1.0,1.0,1.0,0.0,0.0,0.0,0.0,1.0,1.0,0.0,0.0,0.0,0.0,1.0,1.0,0.7071067811865475,0.7071067811865475,0.0,0.0,0.0,0.0,0.0,0.0,1.0,1.0,1.0,1.0,0.7071067811865475,0.7071067811865475,0.0,0.0,0.0,0.0,1.0,1.0,1.0,0.0,0.7071067811865475,0.7071067811865475,0.0,0.0,0.0,0.0,1.0,1.0,1.0,1.0,1.0,1.0,0.0,0.0,1.0,1.0,1.0,1.0,1.0,1.0,0.0,0.0,0.4082482904638631,0.4082482904638631,1.0,1.0,1.0,1.0,1.0,1.0,0.0,0.0,0.0,0.0,0.5773502691896258,0.4082482904638631,0.4082482904638631,0.0,0.0,1.0,1.0,0.0,0.0,1.0,1.0,1.0,1.0,1.0,1.0,0.0,0.0,0.0,0.0,0.0,0.0,0.0,0.0,0.0,1.0,1.0,0.0,0.0,0.4082482904638631,0.4082482904638631,0.0,0.0,1.0,1.0,0.0,0.0,0.0,0.0,0.0,0.0,0.0,0.0,0.0,0.0,0.0,0.0,0.0,0.0,0.0,0.0,1.0,0.7071067811865475,0.7071067811865475,0.0,0.0,0.0,0.0,1.0,0.0,0.0,0.0,0.0,0.0,0.0,0.0,0.0,0.0,0.0,0.0,0.0,0.0,0.0,1.0,1.0,0.0,0.0,0.0,0.0,0.0,0.0,0.0,0.4082482904638631,0.4082482904638631,0.7071067811865475,0.7071067811865475,0.7071067811865475,0.7071067811865475,0.7071067811865475,0.7071067811865475,0.0,0.0,0.0,0.0,0.0,0.0,0.0,0.0,0.0,0.0,0.0,0.0,0.0,0.0,0.0,0.0,0.0,0.0,0.0,0.0,0.0,0.0,0.0,0.0,0.0,0.0,0.0,0.0,0.0,0.0,0.0,0.0,0.0,0.0,0.0,0.0,0.0,0.0,0.0,0.0,0.0,0.0,0.0,0.0,0.0,0.0,0.0,0.0,0.0,0.0,0.0,0.0,0.0,0.0,0.0,0.0,0.0,0.0,0.0,0.0,0.0,0.0,0.0,0.0,0.0,0.0,0.0,0.0,0.0,0.0,0.0,0.0,0.0,0.0,0.0,0.0,0.0,0.0,0.0,0.0,0.0,0.0,0.0,0.0,0.0,0.0,0.0,0.0,0.0,0.0,0.0,0.0,0.0,0.0,0.0,0.0,0.0,0.0,0.0,0.0,0.0,0.0,0.0,0.0,0.0,0.0,0.0,0.0,0.0,0.0,0.0,0.0,0.0,0.0,0.0
PHCR,0.0,0.0,0.7071067811865475,0.7071067811865475,0.0,1.0,0.8944271909999159,0.0,0.0,0.0,0.0,0.8944271909999159,0.8944271909999159,0.0,0.7071067811865475,0.0,0.0,0.7071067811865475,0.0,0.0,0.0,0.0,1.0,1.0,1.0,1.0,1.0,1.0,1.0,1.0,0.0,0.0,0.0,0.0,1.0,1.0,0.0,0.0,0.0,0.0,1.0,1.0,0.7071067811865475,0.7071067811865475,0.0,0.0,0.0,0.0,0.0,0.0,1.0,1.0,1.0,1.0,0.7071067811865475,0.7071067811865475,0.0,0.0,0.0,0.0,1.0,1.0,1.0,0.0,0.7071067811865475,0.7071067811865475,0.0,0.0,0.0,0.0,1.0,1.0,1.0,1.0,1.0,1.0,0.0,0.0,1.0,1.0,1.0,1.0,1.0,1.0,0.0,0.0,0.4082482904638631,0.4082482904638631,1.0,1.0,1.0,1.0,1.0,1.0,0.0,0.0,0.0,0.0,0.5773502691896258,0.4082482904638631,0.4082482904638631,0.0,0.0,1.0,1.0,0.0,0.0,1.0,1.0,1.0,1.0,1.0,1.0,0.0,0.0,0.0,0.0,0.0,0.0,0.0,0.0,0.0,1.0,1.0,0.0,0.0,0.4082482904638631,0.4082482904638631,0.0,0.0,1.0,1.0,0.0,0.0,0.0,0.0,0.0,0.0,0.0,0.0,0.0,0.0,0.0,0.0,0.0,0.0,0.0,0.0,1.0,0.7071067811865475,0.7071067811865475,0.0,0.0,0.0,0.0,1.0,0.0,0.0,0.0,0.0,0.0,0.0,0.0,0.0,0.0,0.0,0.0,0.0,0.0,0.0,1.0,1.0,0.0,0.0,0.0,0.0,0.0,0.0,0.0,0.4082482904638631,0.4082482904638631,0.7071067811865475,0.7071067811865475,0.7071067811865475,0.7071067811865475,0.7071067811865475,0.7071067811865475,0.0,0.0,0.0,0.0,0.0,0.0,0.0,0.0,0.0,0.0,0.0,0.0,0.0,0.0,0.0,0.0,0.0,0.0,0.0,0.0,0.0,0.0,0.0,0.0,0.0,0.0,0.0,0.0,0.0,0.0,0.0,0.0,0.0,0.0,0.0,0.0,0.0,0.0,0.0,0.0,0.0,0.0,0.0,0.0,0.0,0.0,0.0,0.0,0.0,0.0,0.0,0.0,0.0,0.0,0.0,0.0,0.0,0.0,0.0,0.0,0.0,0.0,0.0,0.0,0.0,0.0,0.0,0.0,0.0,0.0,0.0,0.0,0.0,0.0,0.0,0.0,0.0,0.0,0.0,0.0,0.0,0.0,0.0,0.0,0.0,0.0,0.0,0.0,0.0,0.0,0.0,0.0,0.0,0.0,0.0,0.0,0.0,0.0,0.0,0.0,0.0,0.0,0.0,0.0,0.0,0.0,0.0,0.0,0.0,0.0,0.0,0.0,0.0,0.0,0.0
SDQL,0.9999999999999998,0.9999999999999998,0.4999999999999999,0.4999999999999999,0.7071067811865475,0.0,0.31622776601683794,0.7071067811865475,0.7071067811865475,0.9999999999999998,0.9999999999999998,0.31622776601683794,0.31622776601683794,0.9999999999999998,0.4999999999999999,0.7071067811865475,0.7071067811865475,0.4999999999999999,0.2886751345948129,0.2886751345948129,0.2886751345948129,0.2886751345948129,0.0,0.0,0.0,0.0,0.0,0.0,0.0,0.0,0.0,0.0,0.7071067811865475,0.7071067811865475,0.0,0.0,0.7071067811865475,0.7071067811865475,0.7071067811865475,0.7071067811865475,0.0,0.0,0.4999999999999999,0.4999999999999999,0.7071067811865475,0.7071067811865475,0.7071067811865475,0.7071067811865475,0.7071067811865475,0.7071067811865475,0.0,0.0,0.0,0.0,0.4999999999999999,0.4999999999999999,0.1543033499620919,0.1543033499620919,0.1543033499620919,0.1543033499620919,0.0,0.0,0.0,0.0,0.4999999999999999,0.4999999999999999,0.9999999999999998,0.9999999999999998,0.9999999999999998,0.7071067811865475,0.0,0.0,0.0,0.0,0.0,0.0,0.9999999999999998,0.9999999999999998,0.0,0.0,0.0,0.0,0.0,0.0,0.0,0.0,0.0,0.0,0.0,0.0,0.0,0.0,0.0,0.0,1.0,0.9999999999999998,0.7071067811865475,0.7071067811865475,0.8164965809277259,0.0,0.0,0.7071067811865475,0.7071067811865475,0.0,0.0,0.9999999999999998,0.9999999999999998,0.0,0.0,0.0,0.0,0.0,0.0,0.9999999999999998,0.9999999999999998,0.7071067811865475,0.0,0.0,0.0,0.0,0.7071067811865475,0.7071067811865475,0.0,0.0,0.7071067811865475,0.7071067811865475,0.0,0.0,0.9999999999999998,0.9999999999999998,0.0,0.0,0.2886751345948129,0.2886751345948129,0.7071067811865475,0.0,0.0,0.0,0.0,0.9486832980505138,0.0,0.0,0.7071067811865475,0.7071067811865475,0.7071067811865475,0.7071067811865475,0.4714045207910316,0.7071067811865475,0.0,0.4999999999999999,0.4999999999999999,0.7071067811865475,0.7071067811865475,0.0,0.0,0.0,0.7071067811865475,0.0,0.0,0.7071067811865475,0.7071067811865475,0.7071067811865475,0.7071067811865475,0.7071067811865475,0.7071067811865475,0.7071067811865475,0.7071067811865475,0.7071067811865475,0.7071067811865475,0.7071067811865475,0.0,0.0,0.7071067811865475,0.7071067811865475,0.7071067811865475,0.7071067811865475,0.7071067811865475,0.7071067811865475,0.7071067811865475,0.0,0.0,0.4999999999999999,0.4999999999999999,0.4999999999999999,0.4999999999999999,0.4999999999999999,0.4999999999999999,0.9999999999999998,0.9999999999999998,0.9999999999999998,0.9999999999999998,0.7071067811865475,0.7071067811865475,0.7071067811865475,0.7071067811865475,0.7071067811865475,0.7071067811865475,0.7071067811865475,0.7071067811865475,0.7071067811865475,0.7071067811865475,0.7071067811865475,0.7071067811865475,0.7071067811865475,0.7071067811865475,0.7071067811865475,0.7071067811865475,0.9999999999999998,0.9999999999999998,0.9999999999999998,0.9999999999999998,0.7071067811865475,0.7071067811865475,0.7071067811865475,0.7071067811865475,0.9999999999999998,0.9999999999999998,0.9999999999999998,0.9999999999999998,0.7071067811865475,0.7071067811865475,0.7071067811865475,0.7071067811865475,0.7071067811865475,0.7071067811865475,0.7071067811865475,0.7071067811865475,0.7071067811865475,0.7071067811865475,0.7071067811865475,0.7071067811865475,0.7071067811865475,0.7071067811865475,0.7071067811865475,0.7071067811865475,0.7071067811865475,0.7071067811865475,0.7071067811865475,0.7071067811865475,0.7071067811865475,0.7071067811865475,0.7071067811865475,0.7071067811865475,0.7071067811865475,0.7071067811865475,0.7071067811865475,0.7071067811865475,0.7071067811865475,0.7071067811865475,0.7071067811865475,0.7071067811865475,0.7071067811865475,0.7071067811865475,0.7071067811865475,0.7071067811865475,0.7071067811865475,0.7071067811865475,0.7071067811865475,0.7071067811865475,0.9999999999999998,0.9999999999999998,0.9999999999999998,0.9999999999999998,0.9999999999999998,0.7071067811865475,0.7071067811865475,0.7071067811865475,0.7071067811865475,0.7071067811865475,0.7071067811865475,0.7071067811865475,0.7071067811865475,0.7071067811865475,0.7071067811865475,0.7071067811865475,0.7071067811865475,0.7071067811865475,0.7071067811865475,0.7071067811865475,0.7071067811865475,0.7071067811865475,0.7071067811865475,0.7071067811865475,0.7071067811865475,0.7071067811865475,0.7071067811865475,0.7071067811865475,0.7071067811865475,0.7071067811865475,0.7071067811865475,0.7071067811865475,0.7071067811865475,0.7071067811865475,0.7071067811865475,0.2886751345948129,0.2886751345948129,0.7071067811865475,0.7071067811865475,0.7071067811865475,0.2886751345948129,0.2886751345948129,0.7071067811865475
SDQR,0.9999999999999998,0.9999999999999998,0.4999999999999999,0.4999999999999999,0.7071067811865475,0.0,0.31622776601683794,0.7071067811865475,0.7071067811865475,0.9999999999999998,0.9999999999999998,0.31622776601683794,0.31622776601683794,0.9999999999999998,0.4999999999999999,0.7071067811865475,0.7071067811865475,0.4999999999999999,0.2886751345948129,0.2886751345948129,0.2886751345948129,0.2886751345948129,0.0,0.0,0.0,0.0,0.0,0.0,0.0,0.0,0.0,0.0,0.7071067811865475,0.7071067811865475,0.0,0.0,0.7071067811865475,0.7071067811865475,0.7071067811865475,0.7071067811865475,0.0,0.0,0.4999999999999999,0.4999999999999999,0.7071067811865475,0.7071067811865475,0.7071067811865475,0.7071067811865475,0.7071067811865475,0.7071067811865475,0.0,0.0,0.0,0.0,0.4999999999999999,0.4999999999999999,0.1543033499620919,0.1543033499620919,0.1543033499620919,0.1543033499620919,0.0,0.0,0.0,0.0,0.4999999999999999,0.4999999999999999,0.9999999999999998,0.9999999999999998,0.9999999999999998,0.7071067811865475,0.0,0.0,0.0,0.0,0.0,0.0,0.9999999999999998,0.9999999999999998,0.0,0.0,0.0,0.0,0.0,0.0,0.0,0.0,0.0,0.0,0.0,0.0,0.0,0.0,0.0,0.0,0.9999999999999998,1.0,0.7071067811865475,0.7071067811865475,0.8164965809277259,0.0,0.0,0.7071067811865475,0.7071067811865475,0.0,0.0,0.9999999999999998,0.9999999999999998,0.0,0.0,0.0,0.0,0.0,0.0,0.9999999999999998,0.9999999999999998,0.7071067811865475,0.0,0.0,0.0,0.0,0.7071067811865475,0.7071067811865475,0.0,0.0,0.7071067811865475,0.7071067811865475,0.0,0.0,0.9999999999999998,0.9999999999999998,0.0,0.0,0.2886751345948129,0.2886751345948129,0.7071067811865475,0.0,0.0,0.0,0.0,0.9486832980505138,0.0,0.0,0.7071067811865475,0.7071067811865475,0.7071067811865475,0.7071067811865475,0.4714045207910316,0.7071067811865475,0.0,0.4999999999999999,0.4999999999999999,0.7071067811865475,0.7071067811865475,0.0,0.0,0.0,0.7071067811865475,0.0,0.0,0.7071067811865475,0.7071067811865475,0.7071067811865475,0.7071067811865475,0.7071067811865475,0.7071067811865475,0.7071067811865475,0.7071067811865475,0.7071067811865475,0.7071067811865475,0.7071067811865475,0.0,0.0,0.7071067811865475,0.7071067811865475,0.7071067811865475,0.7071067811865475,0.7071067811865475,0.7071067811865475,0.7071067811865475,0.0,0.0,0.4999999999999999,0.4999999999999999,0.4999999999999999,0.4999999999999999,0.4999999999999999,0.4999999999999999,0.9999999999999998,0.9999999999999998,0.9999999999999998,0.9999999999999998,0.7071067811865475,0.7071067811865475,0.7071067811865475,0.7071067811865475,0.7071067811865475,0.7071067811865475,0.7071067811865475,0.7071067811865475,0.7071067811865475,0.7071067811865475,0.7071067811865475,0.7071067811865475,0.7071067811865475,0.7071067811865475,0.7071067811865475,0.7071067811865475,0.9999999999999998,0.9999999999999998,0.9999999999999998,0.9999999999999998,0.7071067811865475,0.7071067811865475,0.7071067811865475,0.7071067811865475,0.9999999999999998,0.9999999999999998,0.9999999999999998,0.9999999999999998,0.7071067811865475,0.7071067811865475,0.7071067811865475,0.7071067811865475,0.7071067811865475,0.7071067811865475,0.7071067811865475,0.7071067811865475,0.7071067811865475,0.7071067811865475,0.7071067811865475,0.7071067811865475,0.7071067811865475,0.7071067811865475,0.7071067811865475,0.7071067811865475,0.7071067811865475,0.7071067811865475,0.7071067811865475,0.7071067811865475,0.7071067811865475,0.7071067811865475,0.7071067811865475,0.7071067811865475,0.7071067811865475,0.7071067811865475,0.7071067811865475,0.7071067811865475,0.7071067811865475,0.7071067811865475,0.7071067811865475,0.7071067811865475,0.7071067811865475,0.7071067811865475,0.7071067811865475,0.7071067811865475,0.7071067811865475,0.7071067811865475,0.7071067811865475,0.7071067811865475,0.9999999999999998,0.9999999999999998,0.9999999999999998,0.9999999999999998,0.9999999999999998,0.7071067811865475,0.7071067811865475,0.7071067811865475,0.7071067811865475,0.7071067811865475,0.7071067811865475,0.7071067811865475,0.7071067811865475,0.7071067811865475,0.7071067811865475,0.7071067811865475,0.7071067811865475,0.7071067811865475,0.7071067811865475,0.7071067811865475,0.7071067811865475,0.7071067811865475,0.7071067811865475,0.7071067811865475,0.7071067811865475,0.7071067811865475,0.7071067811865475,0.7071067811865475,0.7071067811865475,0.7071067811865475,0.7071067811865475,0.7071067811865475,0.7071067811865475,0.7071067811865475,0.7071067811865475,0.2886751345948129,0.2886751345948129,0.7071067811865475,0.7071067811865475,0.7071067811865475,0.2886751345948129,0.2886751345948129,0.7071067811865475
URBL,0.7071067811865475,0.7071067811865475,0.0,0.0,1.0,0.0,0.0,0.0,1.0,0.7071067811865475,0.7071067811865475,0.0,0.0,0.7071067811865475,0.7071067811865475,1.0,1.0,0.0,0.0,0.0,0.4082482904638631,0.4082482904638631,0.0,0.0,0.0,0.0,0.0,0.0,0.0,0.0,0.0,0.0,1.0,1.0,0.0,0.0,1.0,1.0,1.0,1.0,0.0,0.0,0.7071067811865475,0.7071067811865475,1.0,1.0,1.0,1.0,1.0,1.0,0.0,0.0,0.0,0.0,0.0,0.0,0.0,0.0,0.0,0.0,0.0,0.0,0.0,0.0,0.0,0.0,0.7071067811865475,0.7071067811865475,0.7071067811865475,1.0,0.0,0.0,0.0,0.0,0.0,0.0,0.7071067811865475,0.7071067811865475,0.0,0.0,0.0,0.0,0.0,0.0,0.0,0.0,0.0,0.0,0.0,0.0,0.0,0.0,0.0,0.0,0.7071067811865475,0.7071067811865475,1.0,1.0,0.5773502691896258,0.0,0.0,1.0,1.0,0.0,0.0,0.7071067811865475,0.7071067811865475,0.0,0.0,0.0,0.0,0.0,0.0,0.7071067811865475,0.7071067811865475,0.0,0.0,0.0,0.0,0.0,1.0,1.0,0.0,0.0,0.0,0.0,0.0,0.0,0.7071067811865475,0.7071067811865475,0.0,0.0,0.4082482904638631,0.4082482904638631,0.0,0.0,0.0,0.0,0.0,0.4472135954999579,0.0,0.0,0.0,0.0,0.0,0.0,0.0,0.0,0.0,0.7071067811865475,0.7071067811865475,1.0,1.0,0.0,0.0,0.0,0.0,0.0,0.0,0.0,1.0,1.0,1.0,1.0,1.0,1.0,1.0,1.0,1.0,1.0,0.0,0.0,1.0,1.0,1.0,1.0,1.0,1.0,1.0,0.0,0.0,0.0,0.0,0.0,0.0,0.0,0.0,0.7071067811865475,0.7071067811865475,0.7071067811865475,0.7071067811865475,1.0,1.0,1.0,1.0,1.0,1.0,1.0,1.0,1.0,1.0,0.0,0.0,0.0,0.0,1.0,1.0,0.7071067811865475,0.7071067811865475,0.7071067811865475,0.7071067811865475,1.0,1.0,1.0,1.0,0.7071067811865475,0.7071067811865475,0.7071067811865475,0.7071067811865475,1.0,1.0,1.0,1.0,1.0,1.0,1.0,1.0,1.0,1.0,1.0,1.0,1.0,1.0,1.0,1.0,1.0,1.0,1.0,1.0,1.0,1.0,1.0,1.0,1.0,1.0,1.0,1.0,1.0,1.0,1.0,1.0,1.0,0.0,0.0,0.0,0.0,0.0,0.0,1.0,0.7071067811865475,0.7071067811865475,0.7071067811865475,0.7071067811865475,0.7071067811865475,1.0,1.0,1.0,1.0,1.0,1.0,1.0,1.0,1.0,1.0,1.0,1.0,1.0,1.0,1.0,1.0,1.0,0.0,0.0,0.0,0.0,0.0,0.0,0.0,0.0,0.0,0.0,0.0,0.0,0.0,0.4082482904638631,0.4082482904638631,1.0,1.0,1.0,0.4082482904638631,0.4082482904638631,1.0
URBR,0.7071067811865475,0.7071067811865475,0.0,0.0,1.0,0.0,0.0,0.0,1.0,0.7071067811865475,0.7071067811865475,0.0,0.0,0.7071067811865475,0.7071067811865475,1.0,1.0,0.0,0.0,0.0,0.4082482904638631,0.4082482904638631,0.0,0.0,0.0,0.0,0.0,0.0,0.0,0.0,0.0,0.0,1.0,1.0,0.0,0.0,1.0,1.0,1.0,1.0,0.0,0.0,0.7071067811865475,0.7071067811865475,1.0,1.0,1.0,1.0,1.0,1.0,0.0,0.0,0.0,0.0,0.0,0.0,0.0,0.0,0.0,0.0,0.0,0.0,0.0,0.0,0.0,0.0,0.7071067811865475,0.7071067811865475,0.7071067811865475,1.0,0.0,0.0,0.0,0.0,0.0,0.0,0.7071067811865475,0.7071067811865475,0.0,0.0,0.0,0.0,0.0,0.0,0.0,0.0,0.0,0.0,0.0,0.0,0.0,0.0,0.0,0.0,0.7071067811865475,0.7071067811865475,1.0,1.0,0.5773502691896258,0.0,0.0,1.0,1.0,0.0,0.0,0.7071067811865475,0.7071067811865475,0.0,0.0,0.0,0.0,0.0,0.0,0.7071067811865475,0.7071067811865475,0.0,0.0,0.0,0.0,0.0,1.0,1.0,0.0,0.0,0.0,0.0,0.0,0.0,0.7071067811865475,0.7071067811865475,0.0,0.0,0.4082482904638631,0.4082482904638631,0.0,0.0,0.0,0.0,0.0,0.4472135954999579,0.0,0.0,0.0,0.0,0.0,0.0,0.0,0.0,0.0,0.7071067811865475,0.7071067811865475,1.0,1.0,0.0,0.0,0.0,0.0,0.0,0.0,0.0,1.0,1.0,1.0,1.0,1.0,1.0,1.0,1.0,1.0,1.0,0.0,0.0,1.0,1.0,1.0,1.0,1.0,1.0,1.0,0.0,0.0,0.0,0.0,0.0,0.0,0.0,0.0,0.7071067811865475,0.7071067811865475,0.7071067811865475,0.7071067811865475,1.0,1.0,1.0,1.0,1.0,1.0,1.0,1.0,1.0,1.0,0.0,0.0,0.0,0.0,1.0,1.0,0.7071067811865475,0.7071067811865475,0.7071067811865475,0.7071067811865475,1.0,1.0,1.0,1.0,0.7071067811865475,0.7071067811865475,0.7071067811865475,0.7071067811865475,1.0,1.0,1.0,1.0,1.0,1.0,1.0,1.0,1.0,1.0,1.0,1.0,1.0,1.0,1.0,1.0,1.0,1.0,1.0,1.0,1.0,1.0,1.0,1.0,1.0,1.0,1.0,1.0,1.0,1.0,1.0,1.0,1.0,0.0,0.0,0.0,0.0,0.0,0.0,1.0,0.7071067811865475,0.7071067811865475,0.7071067811865475,0.7071067811865475,0.7071067811865475,1.0,1.0,1.0,1.0,1.0,1.0,1.0,1.0,1.0,1.0,1.0,1.0,1.0,1.0,1.0,1.0,1.0,0.0,0.0,0.0,0.0,0.0,0.0,0.0,0.0,0.0,0.0,0.0,0.0,0.0,0.4082482904638631,0.4082482904638631,1.0,1.0,1.0,0.4082482904638631,0.4082482904638631,1.0
DVA,0.8164965809277259,0.8164965809277259,0.8164965809277259,0.8164965809277259,0.5773502691896258,0.5773502691896258,0.7745966692414834,0.5773502691896258,0.5773502691896258,0.8164965809277259,0.8164965809277259,0.7745966692414834,0.7745966692414834,0.8164965809277259,0.8164965809277259,0.5773502691896258,0.5773502691896258,0.8164965809277259,0.23570226039551587,0.23570226039551587,0.23570226039551587,0.23570226039551587,0.5773502691896258,0.5773502691896258,0.5773502691896258,0.5773502691896258,0.5773502691896258,0.5773502691896258,0.5773502691896258,0.5773502691896258,0.0,0.0,0.5773502691896258,0.5773502691896258,0.5773502691896258,0.5773502691896258,0.5773502691896258,0.5773502691896258,0.5773502691896258,0.5773502691896258,0.5773502691896258,0.5773502691896258,0.8164965809277259,0.8164965809277259,0.5773502691896258,0.5773502691896258,0.5773502691896258,0.5773502691896258,0.5773502691896258,0.5773502691896258,0.5773502691896258,0.5773502691896258,0.5773502691896258,0.5773502691896258,0.8164965809277259,0.8164965809277259,0.12598815766974242,0.12598815766974242,0.12598815766974242,0.12598815766974242,0.5773502691896258,0.5773502691896258,0.5773502691896258,0.0,0.8164965809277259,0.8164965809277259,0.8164965809277259,0.8164965809277259,0.8164965809277259,0.5773502691896258,0.5773502691896258,0.5773502691896258,0.5773502691896258,0.5773502691896258,0.5773502691896258,0.5773502691896258,0.8164965809277259,0.8164965809277259,0.5773502691896258,0.5773502691896258,0.5773502691896258,0.5773502691896258,0.5773502691896258,0.5773502691896258,0.0,0.0,0.23570226039551587,0.23570226039551587,0.5773502691896258,0.5773502691896258,0.5773502691896258,0.5773502691896258,0.5773502691896258,0.5773502691896258,0.8164965809277259,0.8164965809277259,0.5773502691896258,0.5773502691896258,1.0,0.23570226039551587,0.23570226039551587,0.5773502691896258,0.5773502691896258,0.5773502691896258,0.5773502691896258,0.8164965809277259,0.8164965809277259,0.5773502691896258,0.5773502691896258,0.5773502691896258,0.5773502691896258,0.5773502691896258,0.5773502691896258,0.8164965809277259,0.8164965809277259,0.5773502691896258,0.0,0.0,0.0,0.0,0.5773502691896258,0.5773502691896258,0.5773502691896258,0.5773502691896258,0.5773502691896258,0.5773502691896258,0.23570226039551587,0.23570226039551587,0.8164965809277259,0.8164965809277259,0.5773502691896258,0.5773502691896258,0.23570226039551587,0.23570226039551587,0.5773502691896258,0.0,0.0,0.0,0.0,0.7745966692414834,0.0,0.0,0.5773502691896258,0.5773502691896258,0.5773502691896258,0.5773502691896258,0.3849001794597505,0.5773502691896258,0.5773502691896258,0.8164965809277259,0.8164965809277259,0.5773502691896258,0.5773502691896258,0.0,0.0,0.5773502691896258,0.5773502691896258,0.0,0.0,0.5773502691896258,0.5773502691896258,0.5773502691896258,0.5773502691896258,0.5773502691896258,0.5773502691896258,0.5773502691896258,0.5773502691896258,0.5773502691896258,0.5773502691896258,0.5773502691896258,0.5773502691896258,0.5773502691896258,0.5773502691896258,0.5773502691896258,0.5773502691896258,0.5773502691896258,0.5773502691896258,0.5773502691896258,0.5773502691896258,0.23570226039551587,0.23570226039551587,0.8164965809277259,0.8164965809277259,0.8164965809277259,0.8164965809277259,0.8164965809277259,0.8164965809277259,0.8164965809277259,0.8164965809277259,0.8164965809277259,0.8164965809277259,0.5773502691896258,0.5773502691896258,0.5773502691896258,0.5773502691896258,0.5773502691896258,0.5773502691896258,0.5773502691896258,0.5773502691896258,0.5773502691896258,0.5773502691896258,0.5773502691896258,0.5773502691896258,0.5773502691896258,0.5773502691896258,0.5773502691896258,0.5773502691896258,0.8164965809277259,0.8164965809277259,0.8164965809277259,0.8164965809277259,0.5773502691896258,0.5773502691896258,0.5773502691896258,0.5773502691896258,0.8164965809277259,0.8164965809277259,0.8164965809277259,0.8164965809277259,0.5773502691896258,0.5773502691896258,0.5773502691896258,0.5773502691896258,0.5773502691896258,0.5773502691896258,0.5773502691896258,0.5773502691896258,0.5773502691896258,0.5773502691896258,0.5773502691896258,0.5773502691896258,0.5773502691896258,0.5773502691896258,0.5773502691896258,0.5773502691896258,0.5773502691896258,0.5773502691896258,0.5773502691896258,0.5773502691896258,0.5773502691896258,0.5773502691896258,0.5773502691896258,0.5773502691896258,0.5773502691896258,0.5773502691896258,0.5773502691896258,0.5773502691896258,0.5773502691896258,0.5773502691896258,0.5773502691896258,0.5773502691896258,0.5773502691896258,0.5773502691896258,0.5773502691896258,0.5773502691896258,0.5773502691896258,0.5773502691896258,0.5773502691896258,0.5773502691896258,0.8164965809277259,0.8164965809277259,0.8164965809277259,0.8164965809277259,0.8164965809277259,0.5773502691896258,0.5773502691896258,0.5773502691896258,0.5773502691896258,0.5773502691896258,0.5773502691896258,0.5773502691896258,0.5773502691896258,0.5773502691896258,0.5773502691896258,0.5773502691896258,0.5773502691896258,0.5773502691896258,0.5773502691896258,0.5773502691896258,0.5773502691896258,0.5773502691896258,0.5773502691896258,0.5773502691896258,0.5773502691896258,0.5773502691896258,0.5773502691896258,0.5773502691896258,0.5773502691896258,0.5773502691896258,0.5773502691896258,0.5773502691896258,0.5773502691896258,0.5773502691896258,0.5773502691896258,0.23570226039551587,0.23570226039551587,0.5773502691896258,0.5773502691896258,0.5773502691896258,0.23570226039551587,0.23570226039551587,0.5773502691896258
AUAL,0.0,0.0,0.2886751345948129,0.2886751345948129,0.0,0.4082482904638631,0.3651483716701107,0.0,0.0,0.0,0.0,0.3651483716701107,0.3651483716701107,0.0,0.2886751345948129,0.0,0.0,0.2886751345948129,0.8333333333333335,0.8333333333333335,0.8333333333333335,0.8333333333333335,0.4082482904638631,0.4082482904638631,0.4082482904638631,0.4082482904638631,0.4082482904638631,0.4082482904638631,0.4082482904638631,0.4082482904638631,0.9128709291752769,0.9128709291752769,0.0,0.0,0.4082482904638631,0.4082482904638631,0.0,0.0,0.0,0.0,0.4082482904638631,0.4082482904638631,0.2886751345948129,0.2886751345948129,0.0,0.0,0.0,0.0,0.0,0.0,0.4082482904638631,0.4082482904638631,0.4082482904638631,0.4082482904638631,0.2886751345948129,0.2886751345948129,0.890870806374748,0.890870806374748,0.890870806374748,0.890870806374748,0.4082482904638631,0.4082482904638631,0.4082482904638631,0.0,0.2886751345948129,0.2886751345948129,0.0,0.0,0.0,0.0,0.4082482904638631,0.4082482904638631,0.4082482904638631,0.4082482904638631,0.4082482904638631,0.4082482904638631,0.0,0.0,0.4082482904638631,0.4082482904638631,0.4082482904638631,0.4082482904638631,0.4082482904638631,0.4082482904638631,0.9128709291752769,0.9128709291752769,1.0000000000000002,1.0000000000000002,0.4082482904638631,0.4082482904638631,0.4082482904638631,0.4082482904638631,0.4082482904638631,0.4082482904638631,0.0,0.0,0.0,0.0,0.23570226039551587,1.0,1.0000000000000002,0.0,0.0,0.4082482904638631,0.4082482904638631,0.0,0.0,0.4082482904638631,0.4082482904638631,0.4082482904638631,0.4082482904638631,0.4082482904638631,0.4082482904638631,0.0,0.0,0.0,0.0,0.0,0.9128709291752769,0.9128709291752769,0.0,0.0,0.4082482904638631,0.4082482904638631,0.0,0.0,1.0000000000000002,1.0000000000000002,0.0,0.0,0.4082482904638631,0.4082482904638631,0.8333333333333335,0.8333333333333335,0.0,0.0,0.0,0.0,0.0,0.0,0.0,0.0,0.0,0.0,0.0,0.0,0.6804138174397718,0.0,0.4082482904638631,0.2886751345948129,0.2886751345948129,0.0,0.0,0.0,0.0,0.4082482904638631,0.0,0.0,0.0,0.0,0.0,0.0,0.0,0.0,0.0,0.0,0.0,0.0,0.0,0.0,0.4082482904638631,0.4082482904638631,0.0,0.0,0.0,0.0,0.0,0.0,0.0,1.0000000000000002,1.0000000000000002,0.2886751345948129,0.2886751345948129,0.2886751345948129,0.2886751345948129,0.2886751345948129,0.2886751345948129,0.0,0.0,0.0,0.0,0.0,0.0,0.0,0.0,0.0,0.0,0.0,0.0,0.0,0.0,0.0,0.0,0.0,0.0,0.0,0.0,0.0,0.0,0.0,0.0,0.0,0.0,0.0,0.0,0.0,0.0,0.0,0.0,0.0,0.0,0.0,0.0,0.0,0.0,0.0,0.0,0.0,0.0,0.0,0.0,0.0,0.0,0.0,0.0,0.0,0.0,0.0,0.0,0.0,0.0,0.0,0.0,0.0,0.0,0.0,0.0,0.0,0.0,0.0,0.0,0.0,0.0,0.0,0.0,0.0,0.0,0.0,0.0,0.0,0.0,0.0,0.0,0.0,0.0,0.0,0.0,0.0,0.0,0.0,0.0,0.0,0.0,0.0,0.0,0.0,0.0,0.0,0.0,0.0,0.0,0.0,0.0,0.0,0.0,0.0,0.0,0.0,0.0,0.0,0.0,0.0,0.0,0.0,0.8333333333333335,0.8333333333333335,0.0,0.0,0.0,0.8333333333333335,0.8333333333333335,0.0
AUAR,0.0,0.0,0.2886751345948129,0.2886751345948129,0.0,0.4082482904638631,0.3651483716701107,0.0,0.0,0.0,0.0,0.3651483716701107,0.3651483716701107,0.0,0.2886751345948129,0.0,0.0,0.2886751345948129,0.8333333333333335,0.8333333333333335,0.8333333333333335,0.8333333333333335,0.4082482904638631,0.4082482904638631,0.4082482904638631,0.4082482904638631,0.4082482904638631,0.4082482904638631,0.4082482904638631,0.4082482904638631,0.9128709291752769,0.9128709291752769,0.0,0.0,0.4082482904638631,0.4082482904638631,0.0,0.0,0.0,0.0,0.4082482904638631,0.4082482904638631,0.2886751345948129,0.2886751345948129,0.0,0.0,0.0,0.0,0.0,0.0,0.4082482904638631,0.4082482904638631,0.4082482904638631,0.4082482904638631,0.2886751345948129,0.2886751345948129,0.890870806374748,0.890870806374748,0.890870806374748,0.890870806374748,0.4082482904638631,0.4082482904638631,0.4082482904638631,0.0,0.2886751345948129,0.2886751345948129,0.0,0.0,0.0,0.0,0.4082482904638631,0.4082482904638631,0.4082482904638631,0.4082482904638631,0.4082482904638631,0.4082482904638631,0.0,0.0,0.4082482904638631,0.4082482904638631,0.4082482904638631,0.4082482904638631,0.4082482904638631,0.4082482904638631,0.9128709291752769,0.9128709291752769,1.0000000000000002,1.0000000000000002,0.4082482904638631,0.4082482904638631,0.4082482904638631,0.4082482904638631,0.4082482904638631,0.4082482904638631,0.0,0.0,0.0,0.0,0.23570226039551587,1.0000000000000002,1.0,0.0,0.0,0.4082482904638631,0.4082482904638631,0.0,0.0,0.4082482904638631,0.4082482904638631,0.4082482904638631,0.4082482904638631,0.4082482904638631,0.4082482904638631,0.0,0.0,0.0,0.0,0.0,0.9128709291752769,0.9128709291752769,0.0,0.0,0.4082482904638631,0.4082482904638631,0.0,0.0,1.0000000000000002,1.0000000000000002,0.0,0.0,0.4082482904638631,0.4082482904638631,0.8333333333333335,0.8333333333333335,0.0,0.0,0.0,0.0,0.0,0.0,0.0,0.0,0.0,0.0,0.0,0.0,0.6804138174397718,0.0,0.4082482904638631,0.2886751345948129,0.2886751345948129,0.0,0.0,0.0,0.0,0.4082482904638631,0.0,0.0,0.0,0.0,0.0,0.0,0.0,0.0,0.0,0.0,0.0,0.0,0.0,0.0,0.4082482904638631,0.4082482904638631,0.0,0.0,0.0,0.0,0.0,0.0,0.0,1.0000000000000002,1.0000000000000002,0.2886751345948129,0.2886751345948129,0.2886751345948129,0.2886751345948129,0.2886751345948129,0.2886751345948129,0.0,0.0,0.0,0.0,0.0,0.0,0.0,0.0,0.0,0.0,0.0,0.0,0.0,0.0,0.0,0.0,0.0,0.0,0.0,0.0,0.0,0.0,0.0,0.0,0.0,0.0,0.0,0.0,0.0,0.0,0.0,0.0,0.0,0.0,0.0,0.0,0.0,0.0,0.0,0.0,0.0,0.0,0.0,0.0,0.0,0.0,0.0,0.0,0.0,0.0,0.0,0.0,0.0,0.0,0.0,0.0,0.0,0.0,0.0,0.0,0.0,0.0,0.0,0.0,0.0,0.0,0.0,0.0,0.0,0.0,0.0,0.0,0.0,0.0,0.0,0.0,0.0,0.0,0.0,0.0,0.0,0.0,0.0,0.0,0.0,0.0,0.0,0.0,0.0,0.0,0.0,0.0,0.0,0.0,0.0,0.0,0.0,0.0,0.0,0.0,0.0,0.0,0.0,0.0,0.0,0.0,0.0,0.8333333333333335,0.8333333333333335,0.0,0.0,0.0,0.8333333333333335,0.8333333333333335,0.0
AIAL,0.7071067811865475,0.7071067811865475,0.0,0.0,1.0,0.0,0.0,0.0,1.0,0.7071067811865475,0.7071067811865475,0.0,0.0,0.7071067811865475,0.7071067811865475,1.0,1.0,0.0,0.0,0.0,0.4082482904638631,0.4082482904638631,0.0,0.0,0.0,0.0,0.0,0.0,0.0,0.0,0.0,0.0,1.0,1.0,0.0,0.0,1.0,1.0,1.0,1.0,0.0,0.0,0.7071067811865475,0.7071067811865475,1.0,1.0,1.0,1.0,1.0,1.0,0.0,0.0,0.0,0.0,0.0,0.0,0.0,0.0,0.0,0.0,0.0,0.0,0.0,0.0,0.0,0.0,0.7071067811865475,0.7071067811865475,0.7071067811865475,1.0,0.0,0.0,0.0,0.0,0.0,0.0,0.7071067811865475,0.7071067811865475,0.0,0.0,0.0,0.0,0.0,0.0,0.0,0.0,0.0,0.0,0.0,0.0,0.0,0.0,0.0,0.0,0.7071067811865475,0.7071067811865475,1.0,1.0,0.5773502691896258,0.0,0.0,1.0,1.0,0.0,0.0,0.7071067811865475,0.7071067811865475,0.0,0.0,0.0,0.0,0.0,0.0,0.7071067811865475,0.7071067811865475,0.0,0.0,0.0,0.0,0.0,1.0,1.0,0.0,0.0,0.0,0.0,0.0,0.0,0.7071067811865475,0.7071067811865475,0.0,0.0,0.4082482904638631,0.4082482904638631,0.0,0.0,0.0,0.0,0.0,0.4472135954999579,0.0,0.0,0.0,0.0,0.0,0.0,0.0,0.0,0.0,0.7071067811865475,0.7071067811865475,1.0,1.0,0.0,0.0,0.0,0.0,0.0,0.0,0.0,1.0,1.0,1.0,1.0,1.0,1.0,1.0,1.0,1.0,1.0,0.0,0.0,1.0,1.0,1.0,1.0,1.0,1.0,1.0,0.0,0.0,0.0,0.0,0.0,0.0,0.0,0.0,0.7071067811865475,0.7071067811865475,0.7071067811865475,0.7071067811865475,1.0,1.0,1.0,1.0,1.0,1.0,1.0,1.0,1.0,1.0,0.0,0.0,0.0,0.0,1.0,1.0,0.7071067811865475,0.7071067811865475,0.7071067811865475,0.7071067811865475,1.0,1.0,1.0,1.0,0.7071067811865475,0.7071067811865475,0.7071067811865475,0.7071067811865475,1.0,1.0,1.0,1.0,1.0,1.0,1.0,1.0,1.0,1.0,1.0,1.0,1.0,1.0,1.0,1.0,1.0,1.0,1.0,1.0,1.0,1.0,1.0,1.0,1.0,1.0,1.0,1.0,1.0,1.0,1.0,1.0,1.0,0.0,0.0,0.0,0.0,0.0,0.0,1.0,0.7071067811865475,0.7071067811865475,0.7071067811865475,0.7071067811865475,0.7071067811865475,1.0,1.0,1.0,1.0,1.0,1.0,1.0,1.0,1.0,1.0,1.0,1.0,1.0,1.0,1.0,1.0,1.0,0.0,0.0,0.0,0.0,0.0,0.0,0.0,0.0,0.0,0.0,0.0,0.0,0.0,0.4082482904638631,0.4082482904638631,1.0,1.0,1.0,0.4082482904638631,0.4082482904638631,1.0
AIAR,0.7071067811865475,0.7071067811865475,0.0,0.0,1.0,0.0,0.0,0.0,1.0,0.7071067811865475,0.7071067811865475,0.0,0.0,0.7071067811865475,0.7071067811865475,1.0,1.0,0.0,0.0,0.0,0.4082482904638631,0.4082482904638631,0.0,0.0,0.0,0.0,0.0,0.0,0.0,0.0,0.0,0.0,1.0,1.0,0.0,0.0,1.0,1.0,1.0,1.0,0.0,0.0,0.7071067811865475,0.7071067811865475,1.0,1.0,1.0,1.0,1.0,1.0,0.0,0.0,0.0,0.0,0.0,0.0,0.0,0.0,0.0,0.0,0.0,0.0,0.0,0.0,0.0,0.0,0.7071067811865475,0.7071067811865475,0.7071067811865475,1.0,0.0,0.0,0.0,0.0,0.0,0.0,0.7071067811865475,0.7071067811865475,0.0,0.0,0.0,0.0,0.0,0.0,0.0,0.0,0.0,0.0,0.0,0.0,0.0,0.0,0.0,0.0,0.7071067811865475,0.7071067811865475,1.0,1.0,0.5773502691896258,0.0,0.0,1.0,1.0,0.0,0.0,0.7071067811865475,0.7071067811865475,0.0,0.0,0.0,0.0,0.0,0.0,0.7071067811865475,0.7071067811865475,0.0,0.0,0.0,0.0,0.0,1.0,1.0,0.0,0.0,0.0,0.0,0.0,0.0,0.7071067811865475,0.7071067811865475,0.0,0.0,0.4082482904638631,0.4082482904638631,0.0,0.0,0.0,0.0,0.0,0.4472135954999579,0.0,0.0,0.0,0.0,0.0,0.0,0.0,0.0,0.0,0.7071067811865475,0.7071067811865475,1.0,1.0,0.0,0.0,0.0,0.0,0.0,0.0,0.0,1.0,1.0,1.0,1.0,1.0,1.0,1.0,1.0,1.0,1.0,0.0,0.0,1.0,1.0,1.0,1.0,1.0,1.0,1.0,0.0,0.0,0.0,0.0,0.0,0.0,0.0,0.0,0.7071067811865475,0.7071067811865475,0.7071067811865475,0.7071067811865475,1.0,1.0,1.0,1.0,1.0,1.0,1.0,1.0,1.0,1.0,0.0,0.0,0.0,0.0,1.0,1.0,0.7071067811865475,0.7071067811865475,0.7071067811865475,0.7071067811865475,1.0,1.0,1.0,1.0,0.7071067811865475,0.7071067811865475,0.7071067811865475,0.7071067811865475,1.0,1.0,1.0,1.0,1.0,1.0,1.0,1.0,1.0,1.0,1.0,1.0,1.0,1.0,1.0,1.0,1.0,1.0,1.0,1.0,1.0,1.0,1.0,1.0,1.0,1.0,1.0,1.0,1.0,1.0,1.0,1.0,1.0,0.0,0.0,0.0,0.0,0.0,0.0,1.0,0.7071067811865475,0.7071067811865475,0.7071067811865475,0.7071067811865475,0.7071067811865475,1.0,1.0,1.0,1.0,1.0,1.0,1.0,1.0,1.0,1.0,1.0,1.0,1.0,1.0,1.0,1.0,1.0,0.0,0.0,0.0,0.0,0.0,0.0,0.0,0.0,0.0,0.0,0.0,0.0,0.0,0.4082482904638631,0.4082482904638631,1.0,1.0,1.0,0.4082482904638631,0.4082482904638631,1.0
AIBL,0.0,0.0,0.7071067811865475,0.7071067811865475,0.0,1.0,0.8944271909999159,0.0,0.0,0.0,0.0,0.8944271909999159,0.8944271909999159,0.0,0.7071067811865475,0.0,0.0,0.7071067811865475,0.0,0.0,0.0,0.0,1.0,1.0,1.0,1.0,1.0,1.0,1.0,1.0,0.0,0.0,0.0,0.0,1.0,1.0,0.0,0.0,0.0,0.0,1.0,1.0,0.7071067811865475,0.7071067811865475,0.0,0.0,0.0,0.0,0.0,0.0,1.0,1.0,1.0,1.0,0.7071067811865475,0.7071067811865475,0.0,0.0,0.0,0.0,1.0,1.0,1.0,0.0,0.7071067811865475,0.7071067811865475,0.0,0.0,0.0,0.0,1.0,1.0,1.0,1.0,1.0,1.0,0.0,0.0,1.0,1.0,1.0,1.0,1.0,1.0,0.0,0.0,0.4082482904638631,0.4082482904638631,1.0,1.0,1.0,1.0,1.0,1.0,0.0,0.0,0.0,0.0,0.5773502691896258,0.4082482904638631,0.4082482904638631,0.0,0.0,1.0,1.0,0.0,0.0,1.0,1.0,1.0,1.0,1.0,1.0,0.0,0.0,0.0,0.0,0.0,0.0,0.0,0.0,0.0,1.0,1.0,0.0,0.0,0.4082482904638631,0.4082482904638631,0.0,0.0,1.0,1.0,0.0,0.0,0.0,0.0,0.0,0.0,0.0,0.0,0.0,0.0,0.0,0.0,0.0,0.0,0.0,0.0,1.0,0.7071067811865475,0.7071067811865475,0.0,0.0,0.0,0.0,1.0,0.0,0.0,0.0,0.0,0.0,0.0,0.0,0.0,0.0,0.0,0.0,0.0,0.0,0.0,1.0,1.0,0.0,0.0,0.0,0.0,0.0,0.0,0.0,0.4082482904638631,0.4082482904638631,0.7071067811865475,0.7071067811865475,0.7071067811865475,0.7071067811865475,0.7071067811865475,0.7071067811865475,0.0,0.0,0.0,0.0,0.0,0.0,0.0,0.0,0.0,0.0,0.0,0.0,0.0,0.0,0.0,0.0,0.0,0.0,0.0,0.0,0.0,0.0,0.0,0.0,0.0,0.0,0.0,0.0,0.0,0.0,0.0,0.0,0.0,0.0,0.0,0.0,0.0,0.0,0.0,0.0,0.0,0.0,0.0,0.0,0.0,0.0,0.0,0.0,0.0,0.0,0.0,0.0,0.0,0.0,0.0,0.0,0.0,0.0,0.0,0.0,0.0,0.0,0.0,0.0,0.0,0.0,0.0,0.0,0.0,0.0,0.0,0.0,0.0,0.0,0.0,0.0,0.0,0.0,0.0,0.0,0.0,0.0,0.0,0.0,0.0,0.0,0.0,0.0,0.0,0.0,0.0,0.0,0.0,0.0,0.0,0.0,0.0,0.0,0.0,0.0,0.0,0.0,0.0,0.0,0.0,0.0,0.0,0.0,0.0,0.0,0.0,0.0,0.0,0.0,0.0
AIBR,0.0,0.0,0.7071067811865475,0.7071067811865475,0.0,1.0,0.8944271909999159,0.0,0.0,0.0,0.0,0.8944271909999159,0.8944271909999159,0.0,0.7071067811865475,0.0,0.0,0.7071067811865475,0.0,0.0,0.0,0.0,1.0,1.0,1.0,1.0,1.0,1.0,1.0,1.0,0.0,0.0,0.0,0.0,1.0,1.0,0.0,0.0,0.0,0.0,1.0,1.0,0.7071067811865475,0.7071067811865475,0.0,0.0,0.0,0.0,0.0,0.0,1.0,1.0,1.0,1.0,0.7071067811865475,0.7071067811865475,0.0,0.0,0.0,0.0,1.0,1.0,1.0,0.0,0.7071067811865475,0.7071067811865475,0.0,0.0,0.0,0.0,1.0,1.0,1.0,1.0,1.0,1.0,0.0,0.0,1.0,1.0,1.0,1.0,1.0,1.0,0.0,0.0,0.4082482904638631,0.4082482904638631,1.0,1.0,1.0,1.0,1.0,1.0,0.0,0.0,0.0,0.0,0.5773502691896258,0.4082482904638631,0.4082482904638631,0.0,0.0,1.0,1.0,0.0,0.0,1.0,1.0,1.0,1.0,1.0,1.0,0.0,0.0,0.0,0.0,0.0,0.0,0.0,0.0,0.0,1.0,1.0,0.0,0.0,0.4082482904638631,0.4082482904638631,0.0,0.0,1.0,1.0,0.0,0.0,0.0,0.0,0.0,0.0,0.0,0.0,0.0,0.0,0.0,0.0,0.0,0.0,0.0,0.0,1.0,0.7071067811865475,0.7071067811865475,0.0,0.0,0.0,0.0,1.0,0.0,0.0,0.0,0.0,0.0,0.0,0.0,0.0,0.0,0.0,0.0,0.0,0.0,0.0,1.0,1.0,0.0,0.0,0.0,0.0,0.0,0.0,0.0,0.4082482904638631,0.4082482904638631,0.7071067811865475,0.7071067811865475,0.7071067811865475,0.7071067811865475,0.7071067811865475,0.7071067811865475,0.0,0.0,0.0,0.0,0.0,0.0,0.0,0.0,0.0,0.0,0.0,0.0,0.0,0.0,0.0,0.0,0.0,0.0,0.0,0.0,0.0,0.0,0.0,0.0,0.0,0.0,0.0,0.0,0.0,0.0,0.0,0.0,0.0,0.0,0.0,0.0,0.0,0.0,0.0,0.0,0.0,0.0,0.0,0.0,0.0,0.0,0.0,0.0,0.0,0.0,0.0,0.0,0.0,0.0,0.0,0.0,0.0,0.0,0.0,0.0,0.0,0.0,0.0,0.0,0.0,0.0,0.0,0.0,0.0,0.0,0.0,0.0,0.0,0.0,0.0,0.0,0.0,0.0,0.0,0.0,0.0,0.0,0.0,0.0,0.0,0.0,0.0,0.0,0.0,0.0,0.0,0.0,0.0,0.0,0.0,0.0,0.0,0.0,0.0,0.0,0.0,0.0,0.0,0.0,0.0,0.0,0.0,0.0,0.0,0.0,0.0,0.0,0.0,0.0,0.0
AIYL,0.9999999999999998,0.9999999999999998,0.4999999999999999,0.4999999999999999,0.7071067811865475,0.0,0.31622776601683794,0.7071067811865475,0.7071067811865475,0.9999999999999998,0.9999999999999998,0.31622776601683794,0.31622776601683794,0.9999999999999998,0.4999999999999999,0.7071067811865475,0.7071067811865475,0.4999999999999999,0.2886751345948129,0.2886751345948129,0.2886751345948129,0.2886751345948129,0.0,0.0,0.0,0.0,0.0,0.0,0.0,0.0,0.0,0.0,0.7071067811865475,0.7071067811865475,0.0,0.0,0.7071067811865475,0.7071067811865475,0.7071067811865475,0.7071067811865475,0.0,0.0,0.4999999999999999,0.4999999999999999,0.7071067811865475,0.7071067811865475,0.7071067811865475,0.7071067811865475,0.7071067811865475,0.7071067811865475,0.0,0.0,0.0,0.0,0.4999999999999999,0.4999999999999999,0.1543033499620919,0.1543033499620919,0.1543033499620919,0.1543033499620919,0.0,0.0,0.0,0.0,0.4999999999999999,0.4999999999999999,0.9999999999999998,0.9999999999999998,0.9999999999999998,0.7071067811865475,0.0,0.0,0.0,0.0,0.0,0.0,0.9999999999999998,0.9999999999999998,0.0,0.0,0.0,0.0,0.0,0.0,0.0,0.0,0.0,0.0,0.0,0.0,0.0,0.0,0.0,0.0,0.9999999999999998,0.9999999999999998,0.7071067811865475,0.7071067811865475,0.8164965809277259,0.0,0.0,0.7071067811865475,0.7071067811865475,0.0,0.0,1.0,0.9999999999999998,0.0,0.0,0.0,0.0,0.0,0.0,0.9999999999999998,0.9999999999999998,0.7071067811865475,0.0,0.0,0.0,0.0,0.7071067811865475,0.7071067811865475,0.0,0.0,0.7071067811865475,0.7071067811865475,0.0,0.0,0.9999999999999998,0.9999999999999998,0.0,0.0,0.2886751345948129,0.2886751345948129,0.7071067811865475,0.0,0.0,0.0,0.0,0.9486832980505138,0.0,0.0,0.7071067811865475,0.7071067811865475,0.7071067811865475,0.7071067811865475,0.4714045207910316,0.7071067811865475,0.0,0.4999999999999999,0.4999999999999999,0.7071067811865475,0.7071067811865475,0.0,0.0,0.0,0.7071067811865475,0.0,0.0,0.7071067811865475,0.7071067811865475,0.7071067811865475,0.7071067811865475,0.7071067811865475,0.7071067811865475,0.7071067811865475,0.7071067811865475,0.7071067811865475,0.7071067811865475,0.7071067811865475,0.0,0.0,0.7071067811865475,0.7071067811865475,0.7071067811865475,0.7071067811865475,0.7071067811865475,0.7071067811865475,0.7071067811865475,0.0,0.0,0.4999999999999999,0.4999999999999999,0.4999999999999999,0.4999999999999999,0.4999999999999999,0.4999999999999999,0.9999999999999998,0.9999999999999998,0.9999999999999998,0.9999999999999998,0.7071067811865475,0.7071067811865475,0.7071067811865475,0.7071067811865475,0.7071067811865475,0.7071067811865475,0.7071067811865475,0.7071067811865475,0.7071067811865475,0.7071067811865475,0.7071067811865475,0.7071067811865475,0.7071067811865475,0.7071067811865475,0.7071067811865475,0.7071067811865475,0.9999999999999998,0.9999999999999998,0.9999999999999998,0.9999999999999998,0.7071067811865475,0.7071067811865475,0.7071067811865475,0.7071067811865475,0.9999999999999998,0.9999999999999998,0.9999999999999998,0.9999999999999998,0.7071067811865475,0.7071067811865475,0.7071067811865475,0.7071067811865475,0.7071067811865475,0.7071067811865475,0.7071067811865475,0.7071067811865475,0.7071067811865475,0.7071067811865475,0.7071067811865475,0.7071067811865475,0.7071067811865475,0.7071067811865475,0.7071067811865475,0.7071067811865475,0.7071067811865475,0.7071067811865475,0.7071067811865475,0.7071067811865475,0.7071067811865475,0.7071067811865475,0.7071067811865475,0.7071067811865475,0.7071067811865475,0.7071067811865475,0.7071067811865475,0.7071067811865475,0.7071067811865475,0.7071067811865475,0.7071067811865475,0.7071067811865475,0.7071067811865475,0.7071067811865475,0.7071067811865475,0.7071067811865475,0.7071067811865475,0.7071067811865475,0.7071067811865475,0.7071067811865475,0.9999999999999998,0.9999999999999998,0.9999999999999998,0.9999999999999998,0.9999999999999998,0.7071067811865475,0.7071067811865475,0.7071067811865475,0.7071067811865475,0.7071067811865475,0.7071067811865475,0.7071067811865475,0.7071067811865475,0.7071067811865475,0.7071067811865475,0.7071067811865475,0.7071067811865475,0.7071067811865475,0.7071067811865475,0.7071067811865475,0.7071067811865475,0.7071067811865475,0.7071067811865475,0.7071067811865475,0.7071067811865475,0.7071067811865475,0.7071067811865475,0.7071067811865475,0.7071067811865475,0.7071067811865475,0.7071067811865475,0.7071067811865475,0.7071067811865475,0.7071067811865475,0.7071067811865475,0.2886751345948129,0.2886751345948129,0.7071067811865475,0.7071067811865475,0.7071067811865475,0.2886751345948129,0.2886751345948129,0.7071067811865475
AIYR,0.9999999999999998,0.9999999999999998,0.4999999999999999,0.4999999999999999,0.7071067811865475,0.0,0.31622776601683794,0.7071067811865475,0.7071067811865475,0.9999999999999998,0.9999999999999998,0.31622776601683794,0.31622776601683794,0.9999999999999998,0.4999999999999999,0.7071067811865475,0.7071067811865475,0.4999999999999999,0.2886751345948129,0.2886751345948129,0.2886751345948129,0.2886751345948129,0.0,0.0,0.0,0.0,0.0,0.0,0.0,0.0,0.0,0.0,0.7071067811865475,0.7071067811865475,0.0,0.0,0.7071067811865475,0.7071067811865475,0.7071067811865475,0.7071067811865475,0.0,0.0,0.4999999999999999,0.4999999999999999,0.7071067811865475,0.7071067811865475,0.7071067811865475,0.7071067811865475,0.7071067811865475,0.7071067811865475,0.0,0.0,0.0,0.0,0.4999999999999999,0.4999999999999999,0.1543033499620919,0.1543033499620919,0.1543033499620919,0.1543033499620919,0.0,0.0,0.0,0.0,0.4999999999999999,0.4999999999999999,0.9999999999999998,0.9999999999999998,0.9999999999999998,0.7071067811865475,0.0,0.0,0.0,0.0,0.0,0.0,0.9999999999999998,0.9999999999999998,0.0,0.0,0.0,0.0,0.0,0.0,0.0,0.0,0.0,0.0,0.0,0.0,0.0,0.0,0.0,0.0,0.9999999999999998,0.9999999999999998,0.7071067811865475,0.7071067811865475,0.8164965809277259,0.0,0.0,0.7071067811865475,0.7071067811865475,0.0,0.0,0.9999999999999998,1.0,0.0,0.0,0.0,0.0,0.0,0.0,0.9999999999999998,0.9999999999999998,0.7071067811865475,0.0,0.0,0.0,0.0,0.7071067811865475,0.7071067811865475,0.0,0.0,0.7071067811865475,0.7071067811865475,0.0,0.0,0.9999999999999998,0.9999999999999998,0.0,0.0,0.2886751345948129,0.2886751345948129,0.7071067811865475,0.0,0.0,0.0,0.0,0.9486832980505138,0.0,0.0,0.7071067811865475,0.7071067811865475,0.7071067811865475,0.7071067811865475,0.4714045207910316,0.7071067811865475,0.0,0.4999999999999999,0.4999999999999999,0.7071067811865475,0.7071067811865475,0.0,0.0,0.0,0.7071067811865475,0.0,0.0,0.7071067811865475,0.7071067811865475,0.7071067811865475,0.7071067811865475,0.7071067811865475,0.7071067811865475,0.7071067811865475,0.7071067811865475,0.7071067811865475,0.7071067811865475,0.7071067811865475,0.0,0.0,0.7071067811865475,0.7071067811865475,0.7071067811865475,0.7071067811865475,0.7071067811865475,0.7071067811865475,0.7071067811865475,0.0,0.0,0.4999999999999999,0.4999999999999999,0.4999999999999999,0.4999999999999999,0.4999999999999999,0.4999999999999999,0.9999999999999998,0.9999999999999998,0.9999999999999998,0.9999999999999998,0.7071067811865475,0.7071067811865475,0.7071067811865475,0.7071067811865475,0.7071067811865475,0.7071067811865475,0.7071067811865475,0.7071067811865475,0.7071067811865475,0.7071067811865475,0.7071067811865475,0.7071067811865475,0.7071067811865475,0.7071067811865475,0.7071067811865475,0.7071067811865475,0.9999999999999998,0.9999999999999998,0.9999999999999998,0.9999999999999998,0.7071067811865475,0.7071067811865475,0.7071067811865475,0.7071067811865475,0.9999999999999998,0.9999999999999998,0.9999999999999998,0.9999999999999998,0.7071067811865475,0.7071067811865475,0.7071067811865475,0.7071067811865475,0.7071067811865475,0.7071067811865475,0.7071067811865475,0.7071067811865475,0.7071067811865475,0.7071067811865475,0.7071067811865475,0.7071067811865475,0.7071067811865475,0.7071067811865475,0.7071067811865475,0.7071067811865475,0.7071067811865475,0.7071067811865475,0.7071067811865475,0.7071067811865475,0.7071067811865475,0.7071067811865475,0.7071067811865475,0.7071067811865475,0.7071067811865475,0.7071067811865475,0.7071067811865475,0.7071067811865475,0.7071067811865475,0.7071067811865475,0.7071067811865475,0.7071067811865475,0.7071067811865475,0.7071067811865475,0.7071067811865475,0.7071067811865475,0.7071067811865475,0.7071067811865475,0.7071067811865475,0.7071067811865475,0.9999999999999998,0.9999999999999998,0.9999999999999998,0.9999999999999998,0.9999999999999998,0.7071067811865475,0.7071067811865475,0.7071067811865475,0.7071067811865475,0.7071067811865475,0.7071067811865475,0.7071067811865475,0.7071067811865475,0.7071067811865475,0.7071067811865475,0.7071067811865475,0.7071067811865475,0.7071067811865475,0.7071067811865475,0.7071067811865475,0.7071067811865475,0.7071067811865475,0.7071067811865475,0.7071067811865475,0.7071067811865475,0.7071067811865475,0.7071067811865475,0.7071067811865475,0.7071067811865475,0.7071067811865475,0.7071067811865475,0.7071067811865475,0.7071067811865475,0.7071067811865475,0.7071067811865475,0.2886751345948129,0.2886751345948129,0.7071067811865475,0.7071067811865475,0.7071067811865475,0.2886751345948129,0.2886751345948129,0.7071067811865475
AIZL,0.0,0.0,0.7071067811865475,0.7071067811865475,0.0,1.0,0.8944271909999159,0.0,0.0,0.0,0.0,0.8944271909999159,0.8944271909999159,0.0,0.7071067811865475,0.0,0.0,0.7071067811865475,0.0,0.0,0.0,0.0,1.0,1.0,1.0,1.0,1.0,1.0,1.0,1.0,0.0,0.0,0.0,0.0,1.0,1.0,0.0,0.0,0.0,0.0,1.0,1.0,0.7071067811865475,0.7071067811865475,0.0,0.0,0.0,0.0,0.0,0.0,1.0,1.0,1.0,1.0,0.7071067811865475,0.7071067811865475,0.0,0.0,0.0,0.0,1.0,1.0,1.0,0.0,0.7071067811865475,0.7071067811865475,0.0,0.0,0.0,0.0,1.0,1.0,1.0,1.0,1.0,1.0,0.0,0.0,1.0,1.0,1.0,1.0,1.0,1.0,0.0,0.0,0.4082482904638631,0.4082482904638631,1.0,1.0,1.0,1.0,1.0,1.0,0.0,0.0,0.0,0.0,0.5773502691896258,0.4082482904638631,0.4082482904638631,0.0,0.0,1.0,1.0,0.0,0.0,1.0,1.0,1.0,1.0,1.0,1.0,0.0,0.0,0.0,0.0,0.0,0.0,0.0,0.0,0.0,1.0,1.0,0.0,0.0,0.4082482904638631,0.4082482904638631,0.0,0.0,1.0,1.0,0.0,0.0,0.0,0.0,0.0,0.0,0.0,0.0,0.0,0.0,0.0,0.0,0.0,0.0,0.0,0.0,1.0,0.7071067811865475,0.7071067811865475,0.0,0.0,0.0,0.0,1.0,0.0,0.0,0.0,0.0,0.0,0.0,0.0,0.0,0.0,0.0,0.0,0.0,0.0,0.0,1.0,1.0,0.0,0.0,0.0,0.0,0.0,0.0,0.0,0.4082482904638631,0.4082482904638631,0.7071067811865475,0.7071067811865475,0.7071067811865475,0.7071067811865475,0.7071067811865475,0.7071067811865475,0.0,0.0,0.0,0.0,0.0,0.0,0.0,0.0,0.0,0.0,0.0,0.0,0.0,0.0,0.0,0.0,0.0,0.0,0.0,0.0,0.0,0.0,0.0,0.0,0.0,0.0,0.0,0.0,0.0,0.0,0.0,0.0,0.0,0.0,0.0,0.0,0.0,0.0,0.0,0.0,0.0,0.0,0.0,0.0,0.0,0.0,0.0,0.0,0.0,0.0,0.0,0.0,0.0,0.0,0.0,0.0,0.0,0.0,0.0,0.0,0.0,0.0,0.0,0.0,0.0,0.0,0.0,0.0,0.0,0.0,0.0,0.0,0.0,0.0,0.0,0.0,0.0,0.0,0.0,0.0,0.0,0.0,0.0,0.0,0.0,0.0,0.0,0.0,0.0,0.0,0.0,0.0,0.0,0.0,0.0,0.0,0.0,0.0,0.0,0.0,0.0,0.0,0.0,0.0,0.0,0.0,0.0,0.0,0.0,0.0,0.0,0.0,0.0,0.0,0.0
AIZR,0.0,0.0,0.7071067811865475,0.7071067811865475,0.0,1.0,0.8944271909999159,0.0,0.0,0.0,0.0,0.8944271909999159,0.8944271909999159,0.0,0.7071067811865475,0.0,0.0,0.7071067811865475,0.0,0.0,0.0,0.0,1.0,1.0,1.0,1.0,1.0,1.0,1.0,1.0,0.0,0.0,0.0,0.0,1.0,1.0,0.0,0.0,0.0,0.0,1.0,1.0,0.7071067811865475,0.7071067811865475,0.0,0.0,0.0,0.0,0.0,0.0,1.0,1.0,1.0,1.0,0.7071067811865475,0.7071067811865475,0.0,0.0,0.0,0.0,1.0,1.0,1.0,0.0,0.7071067811865475,0.7071067811865475,0.0,0.0,0.0,0.0,1.0,1.0,1.0,1.0,1.0,1.0,0.0,0.0,1.0,1.0,1.0,1.0,1.0,1.0,0.0,0.0,0.4082482904638631,0.4082482904638631,1.0,1.0,1.0,1.0,1.0,1.0,0.0,0.0,0.0,0.0,0.5773502691896258,0.4082482904638631,0.4082482904638631,0.0,0.0,1.0,1.0,0.0,0.0,1.0,1.0,1.0,1.0,1.0,1.0,0.0,0.0,0.0,0.0,0.0,0.0,0.0,0.0,0.0,1.0,1.0,0.0,0.0,0.4082482904638631,0.4082482904638631,0.0,0.0,1.0,1.0,0.0,0.0,0.0,0.0,0.0,0.0,0.0,0.0,0.0,0.0,0.0,0.0,0.0,0.0,0.0,0.0,1.0,0.7071067811865475,0.7071067811865475,0.0,0.0,0.0,0.0,1.0,0.0,0.0,0.0,0.0,0.0,0.0,0.0,0.0,0.0,0.0,0.0,0.0,0.0,0.0,1.0,1.0,0.0,0.0,0.0,0.0,0.0,0.0,0.0,0.4082482904638631,0.4082482904638631,0.7071067811865475,0.7071067811865475,0.7071067811865475,0.7071067811865475,0.7071067811865475,0.7071067811865475,0.0,0.0,0.0,0.0,0.0,0.0,0.0,0.0,0.0,0.0,0.0,0.0,0.0,0.0,0.0,0.0,0.0,0.0,0.0,0.0,0.0,0.0,0.0,0.0,0.0,0.0,0.0,0.0,0.0,0.0,0.0,0.0,0.0,0.0,0.0,0.0,0.0,0.0,0.0,0.0,0.0,0.0,0.0,0.0,0.0,0.0,0.0,0.0,0.0,0.0,0.0,0.0,0.0,0.0,0.0,0.0,0.0,0.0,0.0,0.0,0.0,0.0,0.0,0.0,0.0,0.0,0.0,0.0,0.0,0.0,0.0,0.0,0.0,0.0,0.0,0.0,0.0,0.0,0.0,0.0,0.0,0.0,0.0,0.0,0.0,0.0,0.0,0.0,0.0,0.0,0.0,0.0,0.0,0.0,0.0,0.0,0.0,0.0,0.0,0.0,0.0,0.0,0.0,0.0,0.0,0.0,0.0,0.0,0.0,0.0,0.0,0.0,0.0,0.0,0.0
ADAL,0.0,0.0,0.7071067811865475,0.7071067811865475,0.0,1.0,0.8944271909999159,0.0,0.0,0.0,0.0,0.8944271909999159,0.8944271909999159,0.0,0.7071067811865475,0.0,0.0,0.7071067811865475,0.0,0.0,0.0,0.0,1.0,1.0,1.0,1.0,1.0,1.0,1.0,1.0,0.0,0.0,0.0,0.0,1.0,1.0,0.0,0.0,0.0,0.0,1.0,1.0,0.7071067811865475,0.7071067811865475,0.0,0.0,0.0,0.0,0.0,0.0,1.0,1.0,1.0,1.0,0.7071067811865475,0.7071067811865475,0.0,0.0,0.0,0.0,1.0,1.0,1.0,0.0,0.7071067811865475,0.7071067811865475,0.0,0.0,0.0,0.0,1.0,1.0,1.0,1.0,1.0,1.0,0.0,0.0,1.0,1.0,1.0,1.0,1.0,1.0,0.0,0.0,0.4082482904638631,0.4082482904638631,1.0,1.0,1.0,1.0,1.0,1.0,0.0,0.0,0.0,0.0,0.5773502691896258,0.4082482904638631,0.4082482904638631,0.0,0.0,1.0,1.0,0.0,0.0,1.0,1.0,1.0,1.0,1.0,1.0,0.0,0.0,0.0,0.0,0.0,0.0,0.0,0.0,0.0,1.0,1.0,0.0,0.0,0.4082482904638631,0.4082482904638631,0.0,0.0,1.0,1.0,0.0,0.0,0.0,0.0,0.0,0.0,0.0,0.0,0.0,0.0,0.0,0.0,0.0,0.0,0.0,0.0,1.0,0.7071067811865475,0.7071067811865475,0.0,0.0,0.0,0.0,1.0,0.0,0.0,0.0,0.0,0.0,0.0,0.0,0.0,0.0,0.0,0.0,0.0,0.0,0.0,1.0,1.0,0.0,0.0,0.0,0.0,0.0,0.0,0.0,0.4082482904638631,0.4082482904638631,0.7071067811865475,0.7071067811865475,0.7071067811865475,0.7071067811865475,0.7071067811865475,0.7071067811865475,0.0,0.0,0.0,0.0,0.0,0.0,0.0,0.0,0.0,0.0,0.0,0.0,0.0,0.0,0.0,0.0,0.0,0.0,0.0,0.0,0.0,0.0,0.0,0.0,0.0,0.0,0.0,0.0,0.0,0.0,0.0,0.0,0.0,0.0,0.0,0.0,0.0,0.0,0.0,0.0,0.0,0.0,0.0,0.0,0.0,0.0,0.0,0.0,0.0,0.0,0.0,0.0,0.0,0.0,0.0,0.0,0.0,0.0,0.0,0.0,0.0,0.0,0.0,0.0,0.0,0.0,0.0,0.0,0.0,0.0,0.0,0.0,0.0,0.0,0.0,0.0,0.0,0.0,0.0,0.0,0.0,0.0,0.0,0.0,0.0,0.0,0.0,0.0,0.0,0.0,0.0,0.0,0.0,0.0,0.0,0.0,0.0,0.0,0.0,0.0,0.0,0.0,0.0,0.0,0.0,0.0,0.0,0.0,0.0,0.0,0.0,0.0,0.0,0.0,0.0
ADAR,0.0,0.0,0.7071067811865475,0.7071067811865475,0.0,1.0,0.8944271909999159,0.0,0.0,0.0,0.0,0.8944271909999159,0.8944271909999159,0.0,0.7071067811865475,0.0,0.0,0.7071067811865475,0.0,0.0,0.0,0.0,1.0,1.0,1.0,1.0,1.0,1.0,1.0,1.0,0.0,0.0,0.0,0.0,1.0,1.0,0.0,0.0,0.0,0.0,1.0,1.0,0.7071067811865475,0.7071067811865475,0.0,0.0,0.0,0.0,0.0,0.0,1.0,1.0,1.0,1.0,0.7071067811865475,0.7071067811865475,0.0,0.0,0.0,0.0,1.0,1.0,1.0,0.0,0.7071067811865475,0.7071067811865475,0.0,0.0,0.0,0.0,1.0,1.0,1.0,1.0,1.0,1.0,0.0,0.0,1.0,1.0,1.0,1.0,1.0,1.0,0.0,0.0,0.4082482904638631,0.4082482904638631,1.0,1.0,1.0,1.0,1.0,1.0,0.0,0.0,0.0,0.0,0.5773502691896258,0.4082482904638631,0.4082482904638631,0.0,0.0,1.0,1.0,0.0,0.0,1.0,1.0,1.0,1.0,1.0,1.0,0.0,0.0,0.0,0.0,0.0,0.0,0.0,0.0,0.0,1.0,1.0,0.0,0.0,0.4082482904638631,0.4082482904638631,0.0,0.0,1.0,1.0,0.0,0.0,0.0,0.0,0.0,0.0,0.0,0.0,0.0,0.0,0.0,0.0,0.0,0.0,0.0,0.0,1.0,0.7071067811865475,0.7071067811865475,0.0,0.0,0.0,0.0,1.0,0.0,0.0,0.0,0.0,0.0,0.0,0.0,0.0,0.0,0.0,0.0,0.0,0.0,0.0,1.0,1.0,0.0,0.0,0.0,0.0,0.0,0.0,0.0,0.4082482904638631,0.4082482904638631,0.7071067811865475,0.7071067811865475,0.7071067811865475,0.7071067811865475,0.7071067811865475,0.7071067811865475,0.0,0.0,0.0,0.0,0.0,0.0,0.0,0.0,0.0,0.0,0.0,0.0,0.0,0.0,0.0,0.0,0.0,0.0,0.0,0.0,0.0,0.0,0.0,0.0,0.0,0.0,0.0,0.0,0.0,0.0,0.0,0.0,0.0,0.0,0.0,0.0,0.0,0.0,0.0,0.0,0.0,0.0,0.0,0.0,0.0,0.0,0.0,0.0,0.0,0.0,0.0,0.0,0.0,0.0,0.0,0.0,0.0,0.0,0.0,0.0,0.0,0.0,0.0,0.0,0.0,0.0,0.0,0.0,0.0,0.0,0.0,0.0,0.0,0.0,0.0,0.0,0.0,0.0,0.0,0.0,0.0,0.0,0.0,0.0,0.0,0.0,0.0,0.0,0.0,0.0,0.0,0.0,0.0,0.0,0.0,0.0,0.0,0.0,0.0,0.0,0.0,0.0,0.0,0.0,0.0,0.0,0.0,0.0,0.0,0.0,0.0,0.0,0.0,0.0,0.0
AIML,0.0,0.0,0.7071067811865475,0.7071067811865475,0.0,1.0,0.8944271909999159,0.0,0.0,0.0,0.0,0.8944271909999159,0.8944271909999159,0.0,0.7071067811865475,0.0,0.0,0.7071067811865475,0.0,0.0,0.0,0.0,1.0,1.0,1.0,1.0,1.0,1.0,1.0,1.0,0.0,0.0,0.0,0.0,1.0,1.0,0.0,0.0,0.0,0.0,1.0,1.0,0.7071067811865475,0.7071067811865475,0.0,0.0,0.0,0.0,0.0,0.0,1.0,1.0,1.0,1.0,0.7071067811865475,0.7071067811865475,0.0,0.0,0.0,0.0,1.0,1.0,1.0,0.0,0.7071067811865475,0.7071067811865475,0.0,0.0,0.0,0.0,1.0,1.0,1.0,1.0,1.0,1.0,0.0,0.0,1.0,1.0,1.0,1.0,1.0,1.0,0.0,0.0,0.4082482904638631,0.4082482904638631,1.0,1.0,1.0,1.0,1.0,1.0,0.0,0.0,0.0,0.0,0.5773502691896258,0.4082482904638631,0.4082482904638631,0.0,0.0,1.0,1.0,0.0,0.0,1.0,1.0,1.0,1.0,1.0,1.0,0.0,0.0,0.0,0.0,0.0,0.0,0.0,0.0,0.0,1.0,1.0,0.0,0.0,0.4082482904638631,0.4082482904638631,0.0,0.0,1.0,1.0,0.0,0.0,0.0,0.0,0.0,0.0,0.0,0.0,0.0,0.0,0.0,0.0,0.0,0.0,0.0,0.0,1.0,0.7071067811865475,0.7071067811865475,0.0,0.0,0.0,0.0,1.0,0.0,0.0,0.0,0.0,0.0,0.0,0.0,0.0,0.0,0.0,0.0,0.0,0.0,0.0,1.0,1.0,0.0,0.0,0.0,0.0,0.0,0.0,0.0,0.4082482904638631,0.4082482904638631,0.7071067811865475,0.7071067811865475,0.7071067811865475,0.7071067811865475,0.7071067811865475,0.7071067811865475,0.0,0.0,0.0,0.0,0.0,0.0,0.0,0.0,0.0,0.0,0.0,0.0,0.0,0.0,0.0,0.0,0.0,0.0,0.0,0.0,0.0,0.0,0.0,0.0,0.0,0.0,0.0,0.0,0.0,0.0,0.0,0.0,0.0,0.0,0.0,0.0,0.0,0.0,0.0,0.0,0.0,0.0,0.0,0.0,0.0,0.0,0.0,0.0,0.0,0.0,0.0,0.0,0.0,0.0,0.0,0.0,0.0,0.0,0.0,0.0,0.0,0.0,0.0,0.0,0.0,0.0,0.0,0.0,0.0,0.0,0.0,0.0,0.0,0.0,0.0,0.0,0.0,0.0,0.0,0.0,0.0,0.0,0.0,0.0,0.0,0.0,0.0,0.0,0.0,0.0,0.0,0.0,0.0,0.0,0.0,0.0,0.0,0.0,0.0,0.0,0.0,0.0,0.0,0.0,0.0,0.0,0.0,0.0,0.0,0.0,0.0,0.0,0.0,0.0,0.0
AIMR,0.0,0.0,0.7071067811865475,0.7071067811865475,0.0,1.0,0.8944271909999159,0.0,0.0,0.0,0.0,0.8944271909999159,0.8944271909999159,0.0,0.7071067811865475,0.0,0.0,0.7071067811865475,0.0,0.0,0.0,0.0,1.0,1.0,1.0,1.0,1.0,1.0,1.0,1.0,0.0,0.0,0.0,0.0,1.0,1.0,0.0,0.0,0.0,0.0,1.0,1.0,0.7071067811865475,0.7071067811865475,0.0,0.0,0.0,0.0,0.0,0.0,1.0,1.0,1.0,1.0,0.7071067811865475,0.7071067811865475,0.0,0.0,0.0,0.0,1.0,1.0,1.0,0.0,0.7071067811865475,0.7071067811865475,0.0,0.0,0.0,0.0,1.0,1.0,1.0,1.0,1.0,1.0,0.0,0.0,1.0,1.0,1.0,1.0,1.0,1.0,0.0,0.0,0.4082482904638631,0.4082482904638631,1.0,1.0,1.0,1.0,1.0,1.0,0.0,0.0,0.0,0.0,0.5773502691896258,0.4082482904638631,0.4082482904638631,0.0,0.0,1.0,1.0,0.0,0.0,1.0,1.0,1.0,1.0,1.0,1.0,0.0,0.0,0.0,0.0,0.0,0.0,0.0,0.0,0.0,1.0,1.0,0.0,0.0,0.4082482904638631,0.4082482904638631,0.0,0.0,1.0,1.0,0.0,0.0,0.0,0.0,0.0,0.0,0.0,0.0,0.0,0.0,0.0,0.0,0.0,0.0,0.0,0.0,1.0,0.7071067811865475,0.7071067811865475,0.0,0.0,0.0,0.0,1.0,0.0,0.0,0.0,0.0,0.0,0.0,0.0,0.0,0.0,0.0,0.0,0.0,0.0,0.0,1.0,1.0,0.0,0.0,0.0,0.0,0.0,0.0,0.0,0.4082482904638631,0.4082482904638631,0.7071067811865475,0.7071067811865475,0.7071067811865475,0.7071067811865475,0.7071067811865475,0.7071067811865475,0.0,0.0,0.0,0.0,0.0,0.0,0.0,0.0,0.0,0.0,0.0,0.0,0.0,0.0,0.0,0.0,0.0,0.0,0.0,0.0,0.0,0.0,0.0,0.0,0.0,0.0,0.0,0.0,0.0,0.0,0.0,0.0,0.0,0.0,0.0,0.0,0.0,0.0,0.0,0.0,0.0,0.0,0.0,0.0,0.0,0.0,0.0,0.0,0.0,0.0,0.0,0.0,0.0,0.0,0.0,0.0,0.0,0.0,0.0,0.0,0.0,0.0,0.0,0.0,0.0,0.0,0.0,0.0,0.0,0.0,0.0,0.0,0.0,0.0,0.0,0.0,0.0,0.0,0.0,0.0,0.0,0.0,0.0,0.0,0.0,0.0,0.0,0.0,0.0,0.0,0.0,0.0,0.0,0.0,0.0,0.0,0.0,0.0,0.0,0.0,0.0,0.0,0.0,0.0,0.0,0.0,0.0,0.0,0.0,0.0,0.0,0.0,0.0,0.0,0.0
AINL,0.9999999999999998,0.9999999999999998,0.4999999999999999,0.4999999999999999,0.7071067811865475,0.0,0.31622776601683794,0.7071067811865475,0.7071067811865475,0.9999999999999998,0.9999999999999998,0.31622776601683794,0.31622776601683794,0.9999999999999998,0.4999999999999999,0.7071067811865475,0.7071067811865475,0.4999999999999999,0.2886751345948129,0.2886751345948129,0.2886751345948129,0.2886751345948129,0.0,0.0,0.0,0.0,0.0,0.0,0.0,0.0,0.0,0.0,0.7071067811865475,0.7071067811865475,0.0,0.0,0.7071067811865475,0.7071067811865475,0.7071067811865475,0.7071067811865475,0.0,0.0,0.4999999999999999,0.4999999999999999,0.7071067811865475,0.7071067811865475,0.7071067811865475,0.7071067811865475,0.7071067811865475,0.7071067811865475,0.0,0.0,0.0,0.0,0.4999999999999999,0.4999999999999999,0.1543033499620919,0.1543033499620919,0.1543033499620919,0.1543033499620919,0.0,0.0,0.0,0.0,0.4999999999999999,0.4999999999999999,0.9999999999999998,0.9999999999999998,0.9999999999999998,0.7071067811865475,0.0,0.0,0.0,0.0,0.0,0.0,0.9999999999999998,0.9999999999999998,0.0,0.0,0.0,0.0,0.0,0.0,0.0,0.0,0.0,0.0,0.0,0.0,0.0,0.0,0.0,0.0,0.9999999999999998,0.9999999999999998,0.7071067811865475,0.7071067811865475,0.8164965809277259,0.0,0.0,0.7071067811865475,0.7071067811865475,0.0,0.0,0.9999999999999998,0.9999999999999998,0.0,0.0,0.0,0.0,0.0,0.0,1.0,0.9999999999999998,0.7071067811865475,0.0,0.0,0.0,0.0,0.7071067811865475,0.7071067811865475,0.0,0.0,0.7071067811865475,0.7071067811865475,0.0,0.0,0.9999999999999998,0.9999999999999998,0.0,0.0,0.2886751345948129,0.2886751345948129,0.7071067811865475,0.0,0.0,0.0,0.0,0.9486832980505138,0.0,0.0,0.7071067811865475,0.7071067811865475,0.7071067811865475,0.7071067811865475,0.4714045207910316,0.7071067811865475,0.0,0.4999999999999999,0.4999999999999999,0.7071067811865475,0.7071067811865475,0.0,0.0,0.0,0.7071067811865475,0.0,0.0,0.7071067811865475,0.7071067811865475,0.7071067811865475,0.7071067811865475,0.7071067811865475,0.7071067811865475,0.7071067811865475,0.7071067811865475,0.7071067811865475,0.7071067811865475,0.7071067811865475,0.0,0.0,0.7071067811865475,0.7071067811865475,0.7071067811865475,0.7071067811865475,0.7071067811865475,0.7071067811865475,0.7071067811865475,0.0,0.0,0.4999999999999999,0.4999999999999999,0.4999999999999999,0.4999999999999999,0.4999999999999999,0.4999999999999999,0.9999999999999998,0.9999999999999998,0.9999999999999998,0.9999999999999998,0.7071067811865475,0.7071067811865475,0.7071067811865475,0.7071067811865475,0.7071067811865475,0.7071067811865475,0.7071067811865475,0.7071067811865475,0.7071067811865475,0.7071067811865475,0.7071067811865475,0.7071067811865475,0.7071067811865475,0.7071067811865475,0.7071067811865475,0.7071067811865475,0.9999999999999998,0.9999999999999998,0.9999999999999998,0.9999999999999998,0.7071067811865475,0.7071067811865475,0.7071067811865475,0.7071067811865475,0.9999999999999998,0.9999999999999998,0.9999999999999998,0.9999999999999998,0.7071067811865475,0.7071067811865475,0.7071067811865475,0.7071067811865475,0.7071067811865475,0.7071067811865475,0.7071067811865475,0.7071067811865475,0.7071067811865475,0.7071067811865475,0.7071067811865475,0.7071067811865475,0.7071067811865475,0.7071067811865475,0.7071067811865475,0.7071067811865475,0.7071067811865475,0.7071067811865475,0.7071067811865475,0.7071067811865475,0.7071067811865475,0.7071067811865475,0.7071067811865475,0.7071067811865475,0.7071067811865475,0.7071067811865475,0.7071067811865475,0.7071067811865475,0.7071067811865475,0.7071067811865475,0.7071067811865475,0.7071067811865475,0.7071067811865475,0.7071067811865475,0.7071067811865475,0.7071067811865475,0.7071067811865475,0.7071067811865475,0.7071067811865475,0.7071067811865475,0.9999999999999998,0.9999999999999998,0.9999999999999998,0.9999999999999998,0.9999999999999998,0.7071067811865475,0.7071067811865475,0.7071067811865475,0.7071067811865475,0.7071067811865475,0.7071067811865475,0.7071067811865475,0.7071067811865475,0.7071067811865475,0.7071067811865475,0.7071067811865475,0.7071067811865475,0.7071067811865475,0.7071067811865475,0.7071067811865475,0.7071067811865475,0.7071067811865475,0.7071067811865475,0.7071067811865475,0.7071067811865475,0.7071067811865475,0.7071067811865475,0.7071067811865475,0.7071067811865475,0.7071067811865475,0.7071067811865475,0.7071067811865475,0.7071067811865475,0.7071067811865475,0.7071067811865475,0.2886751345948129,0.2886751345948129,0.7071067811865475,0.7071067811865475,0.7071067811865475,0.2886751345948129,0.2886751345948129,0.7071067811865475
AINR,0.9999999999999998,0.9999999999999998,0.4999999999999999,0.4999999999999999,0.7071067811865475,0.0,0.31622776601683794,0.7071067811865475,0.7071067811865475,0.9999999999999998,0.9999999999999998,0.31622776601683794,0.31622776601683794,0.9999999999999998,0.4999999999999999,0.7071067811865475,0.7071067811865475,0.4999999999999999,0.2886751345948129,0.2886751345948129,0.2886751345948129,0.2886751345948129,0.0,0.0,0.0,0.0,0.0,0.0,0.0,0.0,0.0,0.0,0.7071067811865475,0.7071067811865475,0.0,0.0,0.7071067811865475,0.7071067811865475,0.7071067811865475,0.7071067811865475,0.0,0.0,0.4999999999999999,0.4999999999999999,0.7071067811865475,0.7071067811865475,0.7071067811865475,0.7071067811865475,0.7071067811865475,0.7071067811865475,0.0,0.0,0.0,0.0,0.4999999999999999,0.4999999999999999,0.1543033499620919,0.1543033499620919,0.1543033499620919,0.1543033499620919,0.0,0.0,0.0,0.0,0.4999999999999999,0.4999999999999999,0.9999999999999998,0.9999999999999998,0.9999999999999998,0.7071067811865475,0.0,0.0,0.0,0.0,0.0,0.0,0.9999999999999998,0.9999999999999998,0.0,0.0,0.0,0.0,0.0,0.0,0.0,0.0,0.0,0.0,0.0,0.0,0.0,0.0,0.0,0.0,0.9999999999999998,0.9999999999999998,0.7071067811865475,0.7071067811865475,0.8164965809277259,0.0,0.0,0.7071067811865475,0.7071067811865475,0.0,0.0,0.9999999999999998,0.9999999999999998,0.0,0.0,0.0,0.0,0.0,0.0,0.9999999999999998,1.0,0.7071067811865475,0.0,0.0,0.0,0.0,0.7071067811865475,0.7071067811865475,0.0,0.0,0.7071067811865475,0.7071067811865475,0.0,0.0,0.9999999999999998,0.9999999999999998,0.0,0.0,0.2886751345948129,0.2886751345948129,0.7071067811865475,0.0,0.0,0.0,0.0,0.9486832980505138,0.0,0.0,0.7071067811865475,0.7071067811865475,0.7071067811865475,0.7071067811865475,0.4714045207910316,0.7071067811865475,0.0,0.4999999999999999,0.4999999999999999,0.7071067811865475,0.7071067811865475,0.0,0.0,0.0,0.7071067811865475,0.0,0.0,0.7071067811865475,0.7071067811865475,0.7071067811865475,0.7071067811865475,0.7071067811865475,0.7071067811865475,0.7071067811865475,0.7071067811865475,0.7071067811865475,0.7071067811865475,0.7071067811865475,0.0,0.0,0.7071067811865475,0.7071067811865475,0.7071067811865475,0.7071067811865475,0.7071067811865475,0.7071067811865475,0.7071067811865475,0.0,0.0,0.4999999999999999,0.4999999999999999,0.4999999999999999,0.4999999999999999,0.4999999999999999,0.4999999999999999,0.9999999999999998,0.9999999999999998,0.9999999999999998,0.9999999999999998,0.7071067811865475,0.7071067811865475,0.7071067811865475,0.7071067811865475,0.7071067811865475,0.7071067811865475,0.7071067811865475,0.7071067811865475,0.7071067811865475,0.7071067811865475,0.7071067811865475,0.7071067811865475,0.7071067811865475,0.7071067811865475,0.7071067811865475,0.7071067811865475,0.9999999999999998,0.9999999999999998,0.9999999999999998,0.9999999999999998,0.7071067811865475,0.7071067811865475,0.7071067811865475,0.7071067811865475,0.9999999999999998,0.9999999999999998,0.9999999999999998,0.9999999999999998,0.7071067811865475,0.7071067811865475,0.7071067811865475,0.7071067811865475,0.7071067811865475,0.7071067811865475,0.7071067811865475,0.7071067811865475,0.7071067811865475,0.7071067811865475,0.7071067811865475,0.7071067811865475,0.7071067811865475,0.7071067811865475,0.7071067811865475,0.7071067811865475,0.7071067811865475,0.7071067811865475,0.7071067811865475,0.7071067811865475,0.7071067811865475,0.7071067811865475,0.7071067811865475,0.7071067811865475,0.7071067811865475,0.7071067811865475,0.7071067811865475,0.7071067811865475,0.7071067811865475,0.7071067811865475,0.7071067811865475,0.7071067811865475,0.7071067811865475,0.7071067811865475,0.7071067811865475,0.7071067811865475,0.7071067811865475,0.7071067811865475,0.7071067811865475,0.7071067811865475,0.9999999999999998,0.9999999999999998,0.9999999999999998,0.9999999999999998,0.9999999999999998,0.7071067811865475,0.7071067811865475,0.7071067811865475,0.7071067811865475,0.7071067811865475,0.7071067811865475,0.7071067811865475,0.7071067811865475,0.7071067811865475,0.7071067811865475,0.7071067811865475,0.7071067811865475,0.7071067811865475,0.7071067811865475,0.7071067811865475,0.7071067811865475,0.7071067811865475,0.7071067811865475,0.7071067811865475,0.7071067811865475,0.7071067811865475,0.7071067811865475,0.7071067811865475,0.7071067811865475,0.7071067811865475,0.7071067811865475,0.7071067811865475,0.7071067811865475,0.7071067811865475,0.7071067811865475,0.2886751345948129,0.2886751345948129,0.7071067811865475,0.7071067811865475,0.7071067811865475,0.2886751345948129,0.2886751345948129,0.7071067811865475
ALA,0.7071067811865475,0.7071067811865475,0.7071067811865475,0.7071067811865475,0.0,0.0,0.4472135954999579,1.0,0.0,0.7071067811865475,0.7071067811865475,0.4472135954999579,0.4472135954999579,0.7071067811865475,0.0,0.0,0.0,0.7071067811865475,0.4082482904638631,0.4082482904638631,0.0,0.0,0.0,0.0,0.0,0.0,0.0,0.0,0.0,0.0,0.0,0.0,0.0,0.0,0.0,0.0,0.0,0.0,0.0,0.0,0.0,0.0,0.0,0.0,0.0,0.0,0.0,0.0,0.0,0.0,0.0,0.0,0.0,0.0,0.7071067811865475,0.7071067811865475,0.2182178902359924,0.2182178902359924,0.2182178902359924,0.2182178902359924,0.0,0.0,0.0,0.0,0.7071067811865475,0.7071067811865475,0.7071067811865475,0.7071067811865475,0.7071067811865475,0.0,0.0,0.0,0.0,0.0,0.0,0.0,0.7071067811865475,0.7071067811865475,0.0,0.0,0.0,0.0,0.0,0.0,0.0,0.0,0.0,0.0,0.0,0.0,0.0,0.0,0.0,0.0,0.7071067811865475,0.7071067811865475,0.0,0.0,0.5773502691896258,0.0,0.0,0.0,0.0,0.0,0.0,0.7071067811865475,0.7071067811865475,0.0,0.0,0.0,0.0,0.0,0.0,0.7071067811865475,0.7071067811865475,1.0,0.0,0.0,0.0,0.0,0.0,0.0,0.0,0.0,1.0,1.0,0.0,0.0,0.7071067811865475,0.7071067811865475,0.0,0.0,0.0,0.0,1.0,0.0,0.0,0.0,0.0,0.8944271909999159,0.0,0.0,1.0,1.0,1.0,1.0,0.6666666666666666,1.0,0.0,0.0,0.0,0.0,0.0,0.0,0.0,0.0,1.0,0.0,0.0,1.0,0.0,0.0,0.0,0.0,0.0,0.0,0.0,0.0,0.0,0.0,0.0,0.0,0.0,0.0,0.0,0.0,0.0,0.0,0.0,0.0,0.0,0.7071067811865475,0.7071067811865475,0.7071067811865475,0.7071067811865475,0.7071067811865475,0.7071067811865475,0.7071067811865475,0.7071067811865475,0.7071067811865475,0.7071067811865475,0.0,0.0,0.0,0.0,0.0,0.0,0.0,0.0,0.0,0.0,1.0,1.0,1.0,1.0,0.0,0.0,0.7071067811865475,0.7071067811865475,0.7071067811865475,0.7071067811865475,0.0,0.0,0.0,0.0,0.7071067811865475,0.7071067811865475,0.7071067811865475,0.7071067811865475,0.0,0.0,0.0,0.0,0.0,0.0,0.0,0.0,0.0,0.0,0.0,0.0,0.0,0.0,0.0,0.0,0.0,0.0,0.0,0.0,0.0,0.0,0.0,0.0,0.0,0.0,0.0,0.0,0.0,0.0,0.0,0.0,0.0,1.0,1.0,1.0,1.0,1.0,1.0,0.0,0.7071067811865475,0.7071067811865475,0.7071067811865475,0.7071067811865475,0.7071067811865475,0.0,0.0,0.0,0.0,0.0,0.0,0.0,0.0,0.0,0.0,0.0,0.0,0.0,0.0,0.0,0.0,0.0,1.0,1.0,1.0,1.0,1.0,1.0,1.0,1.0,1.0,1.0,1.0,1.0,1.0,0.0,0.0,0.0,0.0,0.0,0.0,0.0,0.0
BDUL,0.0,0.0,0.0,0.0,0.0,0.0,0.0,0.0,0.0,0.0,0.0,0.0,0.0,0.0,0.0,0.0,0.0,0.0,0.0,0.0,0.0,0.0,0.0,0.0,0.0,0.0,0.0,0.0,0.0,0.0,0.0,0.0,0.0,0.0,0.0,0.0,0.0,0.0,0.0,0.0,0.0,0.0,0.0,0.0,0.0,0.0,0.0,0.0,0.0,0.0,0.0,0.0,0.0,0.0,0.0,0.0,0.0,0.0,0.0,0.0,0.0,0.0,0.0,1.0,0.0,0.0,0.0,0.0,0.0,0.0,0.0,0.0,0.0,0.0,0.0,0.0,0.0,0.0,0.0,0.0,0.0,0.0,0.0,0.0,0.0,0.0,0.0,0.0,0.0,0.0,0.0,0.0,0.0,0.0,0.0,0.0,0.0,0.0,0.0,0.0,0.0,0.0,0.0,0.0,0.0,0.0,0.0,0.0,0.0,0.0,0.0,0.0,0.0,0.0,0.0,0.0,1.0,1.0,0.0,0.0,0.0,0.0,0.0,0.0,0.0,0.0,0.0,0.0,0.0,0.0,0.0,0.0,0.0,0.0,0.0,1.0,1.0,1.0,1.0,0.0,1.0,1.0,0.0,0.0,0.0,0.0,0.0,0.0,0.0,0.0,0.0,0.0,0.0,1.0,1.0,0.0,0.0,1.0,1.0,0.0,0.0,0.0,0.0,0.0,0.0,0.0,0.0,0.0,0.0,0.0,0.0,0.0,0.0,0.0,0.0,0.0,0.0,0.0,0.0,0.0,0.0,0.0,0.0,0.0,0.0,0.0,0.0,0.0,0.0,0.0,0.0,0.0,0.0,0.0,0.0,0.0,0.0,0.0,0.0,0.0,0.0,0.0,0.0,0.0,0.0,0.0,0.0,0.0,0.0,0.0,0.0,0.0,0.0,0.0,0.0,0.0,0.0,0.0,0.0,0.0,0.0,0.0,0.0,0.0,0.0,0.0,0.0,0.0,0.0,0.0,0.0,0.0,0.0,0.0,0.0,0.0,0.0,0.0,0.0,0.0,0.0,0.0,0.0,0.0,0.0,0.0,0.0,0.0,0.0,0.0,0.0,0.0,0.0,0.0,0.0,0.0,0.0,0.0,0.0,0.0,0.0,0.0,0.0,0.0,0.0,0.0,0.0,0.0,0.0,0.0,0.0,0.0,0.0,0.0,0.0,0.0,0.0,0.0,0.0,0.0,0.0,0.0,0.0,0.0,0.0,0.0,0.0,0.0,0.0,0.0,0.0,0.0,0.0,0.0,0.0,0.0,0.0,0.0,0.0,0.0,0.0,0.0
BDUR,0.0,0.0,0.0,0.0,0.0,0.0,0.0,0.0,0.0,0.0,0.0,0.0,0.0,0.0,0.0,0.0,0.0,0.0,0.0,0.0,0.0,0.0,0.0,0.0,0.0,0.0,0.0,0.0,0.0,0.0,0.0,0.0,0.0,0.0,0.0,0.0,0.0,0.0,0.0,0.0,0.0,0.0,0.0,0.0,0.0,0.0,0.0,0.0,0.0,0.0,0.0,0.0,0.0,0.0,0.0,0.0,0.0,0.0,0.0,0.0,0.0,0.0,0.0,1.0,0.0,0.0,0.0,0.0,0.0,0.0,0.0,0.0,0.0,0.0,0.0,0.0,0.0,0.0,0.0,0.0,0.0,0.0,0.0,0.0,0.0,0.0,0.0,0.0,0.0,0.0,0.0,0.0,0.0,0.0,0.0,0.0,0.0,0.0,0.0,0.0,0.0,0.0,0.0,0.0,0.0,0.0,0.0,0.0,0.0,0.0,0.0,0.0,0.0,0.0,0.0,0.0,1.0,1.0,0.0,0.0,0.0,0.0,0.0,0.0,0.0,0.0,0.0,0.0,0.0,0.0,0.0,0.0,0.0,0.0,0.0,1.0,1.0,1.0,1.0,0.0,1.0,1.0,0.0,0.0,0.0,0.0,0.0,0.0,0.0,0.0,0.0,0.0,0.0,1.0,1.0,0.0,0.0,1.0,1.0,0.0,0.0,0.0,0.0,0.0,0.0,0.0,0.0,0.0,0.0,0.0,0.0,0.0,0.0,0.0,0.0,0.0,0.0,0.0,0.0,0.0,0.0,0.0,0.0,0.0,0.0,0.0,0.0,0.0,0.0,0.0,0.0,0.0,0.0,0.0,0.0,0.0,0.0,0.0,0.0,0.0,0.0,0.0,0.0,0.0,0.0,0.0,0.0,0.0,0.0,0.0,0.0,0.0,0.0,0.0,0.0,0.0,0.0,0.0,0.0,0.0,0.0,0.0,0.0,0.0,0.0,0.0,0.0,0.0,0.0,0.0,0.0,0.0,0.0,0.0,0.0,0.0,0.0,0.0,0.0,0.0,0.0,0.0,0.0,0.0,0.0,0.0,0.0,0.0,0.0,0.0,0.0,0.0,0.0,0.0,0.0,0.0,0.0,0.0,0.0,0.0,0.0,0.0,0.0,0.0,0.0,0.0,0.0,0.0,0.0,0.0,0.0,0.0,0.0,0.0,0.0,0.0,0.0,0.0,0.0,0.0,0.0,0.0,0.0,0.0,0.0,0.0,0.0,0.0,0.0,0.0,0.0,0.0,0.0,0.0,0.0,0.0,0.0,0.0,0.0,0.0,0.0,0.0
CANL,0.0,0.0,0.0,0.0,0.0,0.0,0.0,0.0,0.0,0.0,0.0,0.0,0.0,0.0,0.0,0.0,0.0,0.0,0.9128709291752769,0.9128709291752769,0.9128709291752769,0.9128709291752769,0.0,0.0,0.0,0.0,0.0,0.0,0.0,0.0,0.9999999999999998,0.9999999999999998,0.0,0.0,0.0,0.0,0.0,0.0,0.0,0.0,0.0,0.0,0.0,0.0,0.0,0.0,0.0,0.0,0.0,0.0,0.0,0.0,0.0,0.0,0.0,0.0,0.9759000729485332,0.9759000729485332,0.9759000729485332,0.9759000729485332,0.0,0.0,0.0,0.0,0.0,0.0,0.0,0.0,0.0,0.0,0.0,0.0,0.0,0.0,0.0,0.0,0.0,0.0,0.0,0.0,0.0,0.0,0.0,0.0,0.9999999999999998,0.9999999999999998,0.9128709291752769,0.9128709291752769,0.0,0.0,0.0,0.0,0.0,0.0,0.0,0.0,0.0,0.0,0.0,0.9128709291752769,0.9128709291752769,0.0,0.0,0.0,0.0,0.0,0.0,0.0,0.0,0.0,0.0,0.0,0.0,0.0,0.0,0.0,0.0,0.0,1.0,0.9999999999999998,0.0,0.0,0.0,0.0,0.0,0.0,0.9128709291752769,0.9128709291752769,0.0,0.0,0.0,0.0,0.9128709291752769,0.9128709291752769,0.0,0.0,0.0,0.0,0.0,0.0,0.0,0.0,0.0,0.0,0.0,0.0,0.7453559924999299,0.0,0.0,0.0,0.0,0.0,0.0,0.0,0.0,0.0,0.0,0.0,0.0,0.0,0.0,0.0,0.0,0.0,0.0,0.0,0.0,0.0,0.0,0.0,0.0,0.0,0.0,0.0,0.0,0.0,0.0,0.0,0.0,0.9128709291752769,0.9128709291752769,0.0,0.0,0.0,0.0,0.0,0.0,0.0,0.0,0.0,0.0,0.0,0.0,0.0,0.0,0.0,0.0,0.0,0.0,0.0,0.0,0.0,0.0,0.0,0.0,0.0,0.0,0.0,0.0,0.0,0.0,0.0,0.0,0.0,0.0,0.0,0.0,0.0,0.0,0.0,0.0,0.0,0.0,0.0,0.0,0.0,0.0,0.0,0.0,0.0,0.0,0.0,0.0,0.0,0.0,0.0,0.0,0.0,0.0,0.0,0.0,0.0,0.0,0.0,0.0,0.0,0.0,0.0,0.0,0.0,0.0,0.0,0.0,0.0,0.0,0.0,0.0,0.0,0.0,0.0,0.0,0.0,0.0,0.0,0.0,0.0,0.0,0.0,0.0,0.0,0.0,0.0,0.0,0.0,0.0,0.0,0.0,0.0,0.0,0.0,0.0,0.0,0.0,0.0,0.0,0.0,0.0,0.0,0.0,0.0,0.0,0.0,0.0,0.0,0.9128709291752769,0.9128709291752769,0.0,0.0,0.0,0.9128709291752769,0.9128709291752769,0.0
CANR,0.0,0.0,0.0,0.0,0.0,0.0,0.0,0.0,0.0,0.0,0.0,0.0,0.0,0.0,0.0,0.0,0.0,0.0,0.9128709291752769,0.9128709291752769,0.9128709291752769,0.9128709291752769,0.0,0.0,0.0,0.0,0.0,0.0,0.0,0.0,0.9999999999999998,0.9999999999999998,0.0,0.0,0.0,0.0,0.0,0.0,0.0,0.0,0.0,0.0,0.0,0.0,0.0,0.0,0.0,0.0,0.0,0.0,0.0,0.0,0.0,0.0,0.0,0.0,0.9759000729485332,0.9759000729485332,0.9759000729485332,0.9759000729485332,0.0,0.0,0.0,0.0,0.0,0.0,0.0,0.0,0.0,0.0,0.0,0.0,0.0,0.0,0.0,0.0,0.0,0.0,0.0,0.0,0.0,0.0,0.0,0.0,0.9999999999999998,0.9999999999999998,0.9128709291752769,0.9128709291752769,0.0,0.0,0.0,0.0,0.0,0.0,0.0,0.0,0.0,0.0,0.0,0.9128709291752769,0.9128709291752769,0.0,0.0,0.0,0.0,0.0,0.0,0.0,0.0,0.0,0.0,0.0,0.0,0.0,0.0,0.0,0.0,0.0,0.9999999999999998,1.0,0.0,0.0,0.0,0.0,0.0,0.0,0.9128709291752769,0.9128709291752769,0.0,0.0,0.0,0.0,0.9128709291752769,0.9128709291752769,0.0,0.0,0.0,0.0,0.0,0.0,0.0,0.0,0.0,0.0,0.0,0.0,0.7453559924999299,0.0,0.0,0.0,0.0,0.0,0.0,0.0,0.0,0.0,0.0,0.0,0.0,0.0,0.0,0.0,0.0,0.0,0.0,0.0,0.0,0.0,0.0,0.0,0.0,0.0,0.0,0.0,0.0,0.0,0.0,0.0,0.0,0.9128709291752769,0.9128709291752769,0.0,0.0,0.0,0.0,0.0,0.0,0.0,0.0,0.0,0.0,0.0,0.0,0.0,0.0,0.0,0.0,0.0,0.0,0.0,0.0,0.0,0.0,0.0,0.0,0.0,0.0,0.0,0.0,0.0,0.0,0.0,0.0,0.0,0.0,0.0,0.0,0.0,0.0,0.0,0.0,0.0,0.0,0.0,0.0,0.0,0.0,0.0,0.0,0.0,0.0,0.0,0.0,0.0,0.0,0.0,0.0,0.0,0.0,0.0,0.0,0.0,0.0,0.0,0.0,0.0,0.0,0.0,0.0,0.0,0.0,0.0,0.0,0.0,0.0,0.0,0.0,0.0,0.0,0.0,0.0,0.0,0.0,0.0,0.0,0.0,0.0,0.0,0.0,0.0,0.0,0.0,0.0,0.0,0.0,0.0,0.0,0.0,0.0,0.0,0.0,0.0,0.0,0.0,0.0,0.0,0.0,0.0,0.0,0.0,0.0,0.0,0.0,0.0,0.9128709291752769,0.9128709291752769,0.0,0.0,0.0,0.9128709291752769,0.9128709291752769,0.0
RIPL,0.7071067811865475,0.7071067811865475,0.0,0.0,1.0,0.0,0.0,0.0,1.0,0.7071067811865475,0.7071067811865475,0.0,0.0,0.7071067811865475,0.7071067811865475,1.0,1.0,0.0,0.0,0.0,0.4082482904638631,0.4082482904638631,0.0,0.0,0.0,0.0,0.0,0.0,0.0,0.0,0.0,0.0,1.0,1.0,0.0,0.0,1.0,1.0,1.0,1.0,0.0,0.0,0.7071067811865475,0.7071067811865475,1.0,1.0,1.0,1.0,1.0,1.0,0.0,0.0,0.0,0.0,0.0,0.0,0.0,0.0,0.0,0.0,0.0,0.0,0.0,0.0,0.0,0.0,0.7071067811865475,0.7071067811865475,0.7071067811865475,1.0,0.0,0.0,0.0,0.0,0.0,0.0,0.7071067811865475,0.7071067811865475,0.0,0.0,0.0,0.0,0.0,0.0,0.0,0.0,0.0,0.0,0.0,0.0,0.0,0.0,0.0,0.0,0.7071067811865475,0.7071067811865475,1.0,1.0,0.5773502691896258,0.0,0.0,1.0,1.0,0.0,0.0,0.7071067811865475,0.7071067811865475,0.0,0.0,0.0,0.0,0.0,0.0,0.7071067811865475,0.7071067811865475,0.0,0.0,0.0,0.0,0.0,1.0,1.0,0.0,0.0,0.0,0.0,0.0,0.0,0.7071067811865475,0.7071067811865475,0.0,0.0,0.4082482904638631,0.4082482904638631,0.0,0.0,0.0,0.0,0.0,0.4472135954999579,0.0,0.0,0.0,0.0,0.0,0.0,0.0,0.0,0.0,0.7071067811865475,0.7071067811865475,1.0,1.0,0.0,0.0,0.0,0.0,0.0,0.0,0.0,1.0,1.0,1.0,1.0,1.0,1.0,1.0,1.0,1.0,1.0,0.0,0.0,1.0,1.0,1.0,1.0,1.0,1.0,1.0,0.0,0.0,0.0,0.0,0.0,0.0,0.0,0.0,0.7071067811865475,0.7071067811865475,0.7071067811865475,0.7071067811865475,1.0,1.0,1.0,1.0,1.0,1.0,1.0,1.0,1.0,1.0,0.0,0.0,0.0,0.0,1.0,1.0,0.7071067811865475,0.7071067811865475,0.7071067811865475,0.7071067811865475,1.0,1.0,1.0,1.0,0.7071067811865475,0.7071067811865475,0.7071067811865475,0.7071067811865475,1.0,1.0,1.0,1.0,1.0,1.0,1.0,1.0,1.0,1.0,1.0,1.0,1.0,1.0,1.0,1.0,1.0,1.0,1.0,1.0,1.0,1.0,1.0,1.0,1.0,1.0,1.0,1.0,1.0,1.0,1.0,1.0,1.0,0.0,0.0,0.0,0.0,0.0,0.0,1.0,0.7071067811865475,0.7071067811865475,0.7071067811865475,0.7071067811865475,0.7071067811865475,1.0,1.0,1.0,1.0,1.0,1.0,1.0,1.0,1.0,1.0,1.0,1.0,1.0,1.0,1.0,1.0,1.0,0.0,0.0,0.0,0.0,0.0,0.0,0.0,0.0,0.0,0.0,0.0,0.0,0.0,0.4082482904638631,0.4082482904638631,1.0,1.0,1.0,0.4082482904638631,0.4082482904638631,1.0
RIPR,0.7071067811865475,0.7071067811865475,0.0,0.0,1.0,0.0,0.0,0.0,1.0,0.7071067811865475,0.7071067811865475,0.0,0.0,0.7071067811865475,0.7071067811865475,1.0,1.0,0.0,0.0,0.0,0.4082482904638631,0.4082482904638631,0.0,0.0,0.0,0.0,0.0,0.0,0.0,0.0,0.0,0.0,1.0,1.0,0.0,0.0,1.0,1.0,1.0,1.0,0.0,0.0,0.7071067811865475,0.7071067811865475,1.0,1.0,1.0,1.0,1.0,1.0,0.0,0.0,0.0,0.0,0.0,0.0,0.0,0.0,0.0,0.0,0.0,0.0,0.0,0.0,0.0,0.0,0.7071067811865475,0.7071067811865475,0.7071067811865475,1.0,0.0,0.0,0.0,0.0,0.0,0.0,0.7071067811865475,0.7071067811865475,0.0,0.0,0.0,0.0,0.0,0.0,0.0,0.0,0.0,0.0,0.0,0.0,0.0,0.0,0.0,0.0,0.7071067811865475,0.7071067811865475,1.0,1.0,0.5773502691896258,0.0,0.0,1.0,1.0,0.0,0.0,0.7071067811865475,0.7071067811865475,0.0,0.0,0.0,0.0,0.0,0.0,0.7071067811865475,0.7071067811865475,0.0,0.0,0.0,0.0,0.0,1.0,1.0,0.0,0.0,0.0,0.0,0.0,0.0,0.7071067811865475,0.7071067811865475,0.0,0.0,0.4082482904638631,0.4082482904638631,0.0,0.0,0.0,0.0,0.0,0.4472135954999579,0.0,0.0,0.0,0.0,0.0,0.0,0.0,0.0,0.0,0.7071067811865475,0.7071067811865475,1.0,1.0,0.0,0.0,0.0,0.0,0.0,0.0,0.0,1.0,1.0,1.0,1.0,1.0,1.0,1.0,1.0,1.0,1.0,0.0,0.0,1.0,1.0,1.0,1.0,1.0,1.0,1.0,0.0,0.0,0.0,0.0,0.0,0.0,0.0,0.0,0.7071067811865475,0.7071067811865475,0.7071067811865475,0.7071067811865475,1.0,1.0,1.0,1.0,1.0,1.0,1.0,1.0,1.0,1.0,0.0,0.0,0.0,0.0,1.0,1.0,0.7071067811865475,0.7071067811865475,0.7071067811865475,0.7071067811865475,1.0,1.0,1.0,1.0,0.7071067811865475,0.7071067811865475,0.7071067811865475,0.7071067811865475,1.0,1.0,1.0,1.0,1.0,1.0,1.0,1.0,1.0,1.0,1.0,1.0,1.0,1.0,1.0,1.0,1.0,1.0,1.0,1.0,1.0,1.0,1.0,1.0,1.0,1.0,1.0,1.0,1.0,1.0,1.0,1.0,1.0,0.0,0.0,0.0,0.0,0.0,0.0,1.0,0.7071067811865475,0.7071067811865475,0.7071067811865475,0.7071067811865475,0.7071067811865475,1.0,1.0,1.0,1.0,1.0,1.0,1.0,1.0,1.0,1.0,1.0,1.0,1.0,1.0,1.0,1.0,1.0,0.0,0.0,0.0,0.0,0.0,0.0,0.0,0.0,0.0,0.0,0.0,0.0,0.0,0.4082482904638631,0.4082482904638631,1.0,1.0,1.0,0.4082482904638631,0.4082482904638631,1.0
RIAL,0.0,0.0,0.7071067811865475,0.7071067811865475,0.0,1.0,0.8944271909999159,0.0,0.0,0.0,0.0,0.8944271909999159,0.8944271909999159,0.0,0.7071067811865475,0.0,0.0,0.7071067811865475,0.0,0.0,0.0,0.0,1.0,1.0,1.0,1.0,1.0,1.0,1.0,1.0,0.0,0.0,0.0,0.0,1.0,1.0,0.0,0.0,0.0,0.0,1.0,1.0,0.7071067811865475,0.7071067811865475,0.0,0.0,0.0,0.0,0.0,0.0,1.0,1.0,1.0,1.0,0.7071067811865475,0.7071067811865475,0.0,0.0,0.0,0.0,1.0,1.0,1.0,0.0,0.7071067811865475,0.7071067811865475,0.0,0.0,0.0,0.0,1.0,1.0,1.0,1.0,1.0,1.0,0.0,0.0,1.0,1.0,1.0,1.0,1.0,1.0,0.0,0.0,0.4082482904638631,0.4082482904638631,1.0,1.0,1.0,1.0,1.0,1.0,0.0,0.0,0.0,0.0,0.5773502691896258,0.4082482904638631,0.4082482904638631,0.0,0.0,1.0,1.0,0.0,0.0,1.0,1.0,1.0,1.0,1.0,1.0,0.0,0.0,0.0,0.0,0.0,0.0,0.0,0.0,0.0,1.0,1.0,0.0,0.0,0.4082482904638631,0.4082482904638631,0.0,0.0,1.0,1.0,0.0,0.0,0.0,0.0,0.0,0.0,0.0,0.0,0.0,0.0,0.0,0.0,0.0,0.0,0.0,0.0,1.0,0.7071067811865475,0.7071067811865475,0.0,0.0,0.0,0.0,1.0,0.0,0.0,0.0,0.0,0.0,0.0,0.0,0.0,0.0,0.0,0.0,0.0,0.0,0.0,1.0,1.0,0.0,0.0,0.0,0.0,0.0,0.0,0.0,0.4082482904638631,0.4082482904638631,0.7071067811865475,0.7071067811865475,0.7071067811865475,0.7071067811865475,0.7071067811865475,0.7071067811865475,0.0,0.0,0.0,0.0,0.0,0.0,0.0,0.0,0.0,0.0,0.0,0.0,0.0,0.0,0.0,0.0,0.0,0.0,0.0,0.0,0.0,0.0,0.0,0.0,0.0,0.0,0.0,0.0,0.0,0.0,0.0,0.0,0.0,0.0,0.0,0.0,0.0,0.0,0.0,0.0,0.0,0.0,0.0,0.0,0.0,0.0,0.0,0.0,0.0,0.0,0.0,0.0,0.0,0.0,0.0,0.0,0.0,0.0,0.0,0.0,0.0,0.0,0.0,0.0,0.0,0.0,0.0,0.0,0.0,0.0,0.0,0.0,0.0,0.0,0.0,0.0,0.0,0.0,0.0,0.0,0.0,0.0,0.0,0.0,0.0,0.0,0.0,0.0,0.0,0.0,0.0,0.0,0.0,0.0,0.0,0.0,0.0,0.0,0.0,0.0,0.0,0.0,0.0,0.0,0.0,0.0,0.0,0.0,0.0,0.0,0.0,0.0,0.0,0.0,0.0
RIAR,0.0,0.0,0.7071067811865475,0.7071067811865475,0.0,1.0,0.8944271909999159,0.0,0.0,0.0,0.0,0.8944271909999159,0.8944271909999159,0.0,0.7071067811865475,0.0,0.0,0.7071067811865475,0.0,0.0,0.0,0.0,1.0,1.0,1.0,1.0,1.0,1.0,1.0,1.0,0.0,0.0,0.0,0.0,1.0,1.0,0.0,0.0,0.0,0.0,1.0,1.0,0.7071067811865475,0.7071067811865475,0.0,0.0,0.0,0.0,0.0,0.0,1.0,1.0,1.0,1.0,0.7071067811865475,0.7071067811865475,0.0,0.0,0.0,0.0,1.0,1.0,1.0,0.0,0.7071067811865475,0.7071067811865475,0.0,0.0,0.0,0.0,1.0,1.0,1.0,1.0,1.0,1.0,0.0,0.0,1.0,1.0,1.0,1.0,1.0,1.0,0.0,0.0,0.4082482904638631,0.4082482904638631,1.0,1.0,1.0,1.0,1.0,1.0,0.0,0.0,0.0,0.0,0.5773502691896258,0.4082482904638631,0.4082482904638631,0.0,0.0,1.0,1.0,0.0,0.0,1.0,1.0,1.0,1.0,1.0,1.0,0.0,0.0,0.0,0.0,0.0,0.0,0.0,0.0,0.0,1.0,1.0,0.0,0.0,0.4082482904638631,0.4082482904638631,0.0,0.0,1.0,1.0,0.0,0.0,0.0,0.0,0.0,0.0,0.0,0.0,0.0,0.0,0.0,0.0,0.0,0.0,0.0,0.0,1.0,0.7071067811865475,0.7071067811865475,0.0,0.0,0.0,0.0,1.0,0.0,0.0,0.0,0.0,0.0,0.0,0.0,0.0,0.0,0.0,0.0,0.0,0.0,0.0,1.0,1.0,0.0,0.0,0.0,0.0,0.0,0.0,0.0,0.4082482904638631,0.4082482904638631,0.7071067811865475,0.7071067811865475,0.7071067811865475,0.7071067811865475,0.7071067811865475,0.7071067811865475,0.0,0.0,0.0,0.0,0.0,0.0,0.0,0.0,0.0,0.0,0.0,0.0,0.0,0.0,0.0,0.0,0.0,0.0,0.0,0.0,0.0,0.0,0.0,0.0,0.0,0.0,0.0,0.0,0.0,0.0,0.0,0.0,0.0,0.0,0.0,0.0,0.0,0.0,0.0,0.0,0.0,0.0,0.0,0.0,0.0,0.0,0.0,0.0,0.0,0.0,0.0,0.0,0.0,0.0,0.0,0.0,0.0,0.0,0.0,0.0,0.0,0.0,0.0,0.0,0.0,0.0,0.0,0.0,0.0,0.0,0.0,0.0,0.0,0.0,0.0,0.0,0.0,0.0,0.0,0.0,0.0,0.0,0.0,0.0,0.0,0.0,0.0,0.0,0.0,0.0,0.0,0.0,0.0,0.0,0.0,0.0,0.0,0.0,0.0,0.0,0.0,0.0,0.0,0.0,0.0,0.0,0.0,0.0,0.0,0.0,0.0,0.0,0.0,0.0,0.0
RIBL,0.7071067811865475,0.7071067811865475,0.7071067811865475,0.7071067811865475,0.0,0.0,0.4472135954999579,1.0,0.0,0.7071067811865475,0.7071067811865475,0.4472135954999579,0.4472135954999579,0.7071067811865475,0.0,0.0,0.0,0.7071067811865475,0.4082482904638631,0.4082482904638631,0.0,0.0,0.0,0.0,0.0,0.0,0.0,0.0,0.0,0.0,0.0,0.0,0.0,0.0,0.0,0.0,0.0,0.0,0.0,0.0,0.0,0.0,0.0,0.0,0.0,0.0,0.0,0.0,0.0,0.0,0.0,0.0,0.0,0.0,0.7071067811865475,0.7071067811865475,0.2182178902359924,0.2182178902359924,0.2182178902359924,0.2182178902359924,0.0,0.0,0.0,0.0,0.7071067811865475,0.7071067811865475,0.7071067811865475,0.7071067811865475,0.7071067811865475,0.0,0.0,0.0,0.0,0.0,0.0,0.0,0.7071067811865475,0.7071067811865475,0.0,0.0,0.0,0.0,0.0,0.0,0.0,0.0,0.0,0.0,0.0,0.0,0.0,0.0,0.0,0.0,0.7071067811865475,0.7071067811865475,0.0,0.0,0.5773502691896258,0.0,0.0,0.0,0.0,0.0,0.0,0.7071067811865475,0.7071067811865475,0.0,0.0,0.0,0.0,0.0,0.0,0.7071067811865475,0.7071067811865475,1.0,0.0,0.0,0.0,0.0,0.0,0.0,0.0,0.0,1.0,1.0,0.0,0.0,0.7071067811865475,0.7071067811865475,0.0,0.0,0.0,0.0,1.0,0.0,0.0,0.0,0.0,0.8944271909999159,0.0,0.0,1.0,1.0,1.0,1.0,0.6666666666666666,1.0,0.0,0.0,0.0,0.0,0.0,0.0,0.0,0.0,1.0,0.0,0.0,1.0,0.0,0.0,0.0,0.0,0.0,0.0,0.0,0.0,0.0,0.0,0.0,0.0,0.0,0.0,0.0,0.0,0.0,0.0,0.0,0.0,0.0,0.7071067811865475,0.7071067811865475,0.7071067811865475,0.7071067811865475,0.7071067811865475,0.7071067811865475,0.7071067811865475,0.7071067811865475,0.7071067811865475,0.7071067811865475,0.0,0.0,0.0,0.0,0.0,0.0,0.0,0.0,0.0,0.0,1.0,1.0,1.0,1.0,0.0,0.0,0.7071067811865475,0.7071067811865475,0.7071067811865475,0.7071067811865475,0.0,0.0,0.0,0.0,0.7071067811865475,0.7071067811865475,0.7071067811865475,0.7071067811865475,0.0,0.0,0.0,0.0,0.0,0.0,0.0,0.0,0.0,0.0,0.0,0.0,0.0,0.0,0.0,0.0,0.0,0.0,0.0,0.0,0.0,0.0,0.0,0.0,0.0,0.0,0.0,0.0,0.0,0.0,0.0,0.0,0.0,1.0,1.0,1.0,1.0,1.0,1.0,0.0,0.7071067811865475,0.7071067811865475,0.7071067811865475,0.7071067811865475,0.7071067811865475,0.0,0.0,0.0,0.0,0.0,0.0,0.0,0.0,0.0,0.0,0.0,0.0,0.0,0.0,0.0,0.0,0.0,1.0,1.0,1.0,1.0,1.0,1.0,1.0,1.0,1.0,1.0,1.0,1.0,1.0,0.0,0.0,0.0,0.0,0.0,0.0,0.0,0.0
RIBR,0.7071067811865475,0.7071067811865475,0.7071067811865475,0.7071067811865475,0.0,0.0,0.4472135954999579,1.0,0.0,0.7071067811865475,0.7071067811865475,0.4472135954999579,0.4472135954999579,0.7071067811865475,0.0,0.0,0.0,0.7071067811865475,0.4082482904638631,0.4082482904638631,0.0,0.0,0.0,0.0,0.0,0.0,0.0,0.0,0.0,0.0,0.0,0.0,0.0,0.0,0.0,0.0,0.0,0.0,0.0,0.0,0.0,0.0,0.0,0.0,0.0,0.0,0.0,0.0,0.0,0.0,0.0,0.0,0.0,0.0,0.7071067811865475,0.7071067811865475,0.2182178902359924,0.2182178902359924,0.2182178902359924,0.2182178902359924,0.0,0.0,0.0,0.0,0.7071067811865475,0.7071067811865475,0.7071067811865475,0.7071067811865475,0.7071067811865475,0.0,0.0,0.0,0.0,0.0,0.0,0.0,0.7071067811865475,0.7071067811865475,0.0,0.0,0.0,0.0,0.0,0.0,0.0,0.0,0.0,0.0,0.0,0.0,0.0,0.0,0.0,0.0,0.7071067811865475,0.7071067811865475,0.0,0.0,0.5773502691896258,0.0,0.0,0.0,0.0,0.0,0.0,0.7071067811865475,0.7071067811865475,0.0,0.0,0.0,0.0,0.0,0.0,0.7071067811865475,0.7071067811865475,1.0,0.0,0.0,0.0,0.0,0.0,0.0,0.0,0.0,1.0,1.0,0.0,0.0,0.7071067811865475,0.7071067811865475,0.0,0.0,0.0,0.0,1.0,0.0,0.0,0.0,0.0,0.8944271909999159,0.0,0.0,1.0,1.0,1.0,1.0,0.6666666666666666,1.0,0.0,0.0,0.0,0.0,0.0,0.0,0.0,0.0,1.0,0.0,0.0,1.0,0.0,0.0,0.0,0.0,0.0,0.0,0.0,0.0,0.0,0.0,0.0,0.0,0.0,0.0,0.0,0.0,0.0,0.0,0.0,0.0,0.0,0.7071067811865475,0.7071067811865475,0.7071067811865475,0.7071067811865475,0.7071067811865475,0.7071067811865475,0.7071067811865475,0.7071067811865475,0.7071067811865475,0.7071067811865475,0.0,0.0,0.0,0.0,0.0,0.0,0.0,0.0,0.0,0.0,1.0,1.0,1.0,1.0,0.0,0.0,0.7071067811865475,0.7071067811865475,0.7071067811865475,0.7071067811865475,0.0,0.0,0.0,0.0,0.7071067811865475,0.7071067811865475,0.7071067811865475,0.7071067811865475,0.0,0.0,0.0,0.0,0.0,0.0,0.0,0.0,0.0,0.0,0.0,0.0,0.0,0.0,0.0,0.0,0.0,0.0,0.0,0.0,0.0,0.0,0.0,0.0,0.0,0.0,0.0,0.0,0.0,0.0,0.0,0.0,0.0,1.0,1.0,1.0,1.0,1.0,1.0,0.0,0.7071067811865475,0.7071067811865475,0.7071067811865475,0.7071067811865475,0.7071067811865475,0.0,0.0,0.0,0.0,0.0,0.0,0.0,0.0,0.0,0.0,0.0,0.0,0.0,0.0,0.0,0.0,0.0,1.0,1.0,1.0,1.0,1.0,1.0,1.0,1.0,1.0,1.0,1.0,1.0,1.0,0.0,0.0,0.0,0.0,0.0,0.0,0.0,0.0
RICL,0.0,0.0,0.2886751345948129,0.2886751345948129,0.0,0.4082482904638631,0.3651483716701107,0.0,0.0,0.0,0.0,0.3651483716701107,0.3651483716701107,0.0,0.2886751345948129,0.0,0.0,0.2886751345948129,0.8333333333333335,0.8333333333333335,0.8333333333333335,0.8333333333333335,0.4082482904638631,0.4082482904638631,0.4082482904638631,0.4082482904638631,0.4082482904638631,0.4082482904638631,0.4082482904638631,0.4082482904638631,0.9128709291752769,0.9128709291752769,0.0,0.0,0.4082482904638631,0.4082482904638631,0.0,0.0,0.0,0.0,0.4082482904638631,0.4082482904638631,0.2886751345948129,0.2886751345948129,0.0,0.0,0.0,0.0,0.0,0.0,0.4082482904638631,0.4082482904638631,0.4082482904638631,0.4082482904638631,0.2886751345948129,0.2886751345948129,0.890870806374748,0.890870806374748,0.890870806374748,0.890870806374748,0.4082482904638631,0.4082482904638631,0.4082482904638631,0.0,0.2886751345948129,0.2886751345948129,0.0,0.0,0.0,0.0,0.4082482904638631,0.4082482904638631,0.4082482904638631,0.4082482904638631,0.4082482904638631,0.4082482904638631,0.0,0.0,0.4082482904638631,0.4082482904638631,0.4082482904638631,0.4082482904638631,0.4082482904638631,0.4082482904638631,0.9128709291752769,0.9128709291752769,1.0000000000000002,1.0000000000000002,0.4082482904638631,0.4082482904638631,0.4082482904638631,0.4082482904638631,0.4082482904638631,0.4082482904638631,0.0,0.0,0.0,0.0,0.23570226039551587,1.0000000000000002,1.0000000000000002,0.0,0.0,0.4082482904638631,0.4082482904638631,0.0,0.0,0.4082482904638631,0.4082482904638631,0.4082482904638631,0.4082482904638631,0.4082482904638631,0.4082482904638631,0.0,0.0,0.0,0.0,0.0,0.9128709291752769,0.9128709291752769,0.0,0.0,0.4082482904638631,0.4082482904638631,0.0,0.0,1.0,1.0000000000000002,0.0,0.0,0.4082482904638631,0.4082482904638631,0.8333333333333335,0.8333333333333335,0.0,0.0,0.0,0.0,0.0,0.0,0.0,0.0,0.0,0.0,0.0,0.0,0.6804138174397718,0.0,0.4082482904638631,0.2886751345948129,0.2886751345948129,0.0,0.0,0.0,0.0,0.4082482904638631,0.0,0.0,0.0,0.0,0.0,0.0,0.0,0.0,0.0,0.0,0.0,0.0,0.0,0.0,0.4082482904638631,0.4082482904638631,0.0,0.0,0.0,0.0,0.0,0.0,0.0,1.0000000000000002,1.0000000000000002,0.2886751345948129,0.2886751345948129,0.2886751345948129,0.2886751345948129,0.2886751345948129,0.2886751345948129,0.0,0.0,0.0,0.0,0.0,0.0,0.0,0.0,0.0,0.0,0.0,0.0,0.0,0.0,0.0,0.0,0.0,0.0,0.0,0.0,0.0,0.0,0.0,0.0,0.0,0.0,0.0,0.0,0.0,0.0,0.0,0.0,0.0,0.0,0.0,0.0,0.0,0.0,0.0,0.0,0.0,0.0,0.0,0.0,0.0,0.0,0.0,0.0,0.0,0.0,0.0,0.0,0.0,0.0,0.0,0.0,0.0,0.0,0.0,0.0,0.0,0.0,0.0,0.0,0.0,0.0,0.0,0.0,0.0,0.0,0.0,0.0,0.0,0.0,0.0,0.0,0.0,0.0,0.0,0.0,0.0,0.0,0.0,0.0,0.0,0.0,0.0,0.0,0.0,0.0,0.0,0.0,0.0,0.0,0.0,0.0,0.0,0.0,0.0,0.0,0.0,0.0,0.0,0.0,0.0,0.0,0.0,0.8333333333333335,0.8333333333333335,0.0,0.0,0.0,0.8333333333333335,0.8333333333333335,0.0
RICR,0.0,0.0,0.2886751345948129,0.2886751345948129,0.0,0.4082482904638631,0.3651483716701107,0.0,0.0,0.0,0.0,0.3651483716701107,0.3651483716701107,0.0,0.2886751345948129,0.0,0.0,0.2886751345948129,0.8333333333333335,0.8333333333333335,0.8333333333333335,0.8333333333333335,0.4082482904638631,0.4082482904638631,0.4082482904638631,0.4082482904638631,0.4082482904638631,0.4082482904638631,0.4082482904638631,0.4082482904638631,0.9128709291752769,0.9128709291752769,0.0,0.0,0.4082482904638631,0.4082482904638631,0.0,0.0,0.0,0.0,0.4082482904638631,0.4082482904638631,0.2886751345948129,0.2886751345948129,0.0,0.0,0.0,0.0,0.0,0.0,0.4082482904638631,0.4082482904638631,0.4082482904638631,0.4082482904638631,0.2886751345948129,0.2886751345948129,0.890870806374748,0.890870806374748,0.890870806374748,0.890870806374748,0.4082482904638631,0.4082482904638631,0.4082482904638631,0.0,0.2886751345948129,0.2886751345948129,0.0,0.0,0.0,0.0,0.4082482904638631,0.4082482904638631,0.4082482904638631,0.4082482904638631,0.4082482904638631,0.4082482904638631,0.0,0.0,0.4082482904638631,0.4082482904638631,0.4082482904638631,0.4082482904638631,0.4082482904638631,0.4082482904638631,0.9128709291752769,0.9128709291752769,1.0000000000000002,1.0000000000000002,0.4082482904638631,0.4082482904638631,0.4082482904638631,0.4082482904638631,0.4082482904638631,0.4082482904638631,0.0,0.0,0.0,0.0,0.23570226039551587,1.0000000000000002,1.0000000000000002,0.0,0.0,0.4082482904638631,0.4082482904638631,0.0,0.0,0.4082482904638631,0.4082482904638631,0.4082482904638631,0.4082482904638631,0.4082482904638631,0.4082482904638631,0.0,0.0,0.0,0.0,0.0,0.9128709291752769,0.9128709291752769,0.0,0.0,0.4082482904638631,0.4082482904638631,0.0,0.0,1.0000000000000002,1.0,0.0,0.0,0.4082482904638631,0.4082482904638631,0.8333333333333335,0.8333333333333335,0.0,0.0,0.0,0.0,0.0,0.0,0.0,0.0,0.0,0.0,0.0,0.0,0.6804138174397718,0.0,0.4082482904638631,0.2886751345948129,0.2886751345948129,0.0,0.0,0.0,0.0,0.4082482904638631,0.0,0.0,0.0,0.0,0.0,0.0,0.0,0.0,0.0,0.0,0.0,0.0,0.0,0.0,0.4082482904638631,0.4082482904638631,0.0,0.0,0.0,0.0,0.0,0.0,0.0,1.0000000000000002,1.0000000000000002,0.2886751345948129,0.2886751345948129,0.2886751345948129,0.2886751345948129,0.2886751345948129,0.2886751345948129,0.0,0.0,0.0,0.0,0.0,0.0,0.0,0.0,0.0,0.0,0.0,0.0,0.0,0.0,0.0,0.0,0.0,0.0,0.0,0.0,0.0,0.0,0.0,0.0,0.0,0.0,0.0,0.0,0.0,0.0,0.0,0.0,0.0,0.0,0.0,0.0,0.0,0.0,0.0,0.0,0.0,0.0,0.0,0.0,0.0,0.0,0.0,0.0,0.0,0.0,0.0,0.0,0.0,0.0,0.0,0.0,0.0,0.0,0.0,0.0,0.0,0.0,0.0,0.0,0.0,0.0,0.0,0.0,0.0,0.0,0.0,0.0,0.0,0.0,0.0,0.0,0.0,0.0,0.0,0.0,0.0,0.0,0.0,0.0,0.0,0.0,0.0,0.0,0.0,0.0,0.0,0.0,0.0,0.0,0.0,0.0,0.0,0.0,0.0,0.0,0.0,0.0,0.0,0.0,0.0,0.0,0.0,0.8333333333333335,0.8333333333333335,0.0,0.0,0.0,0.8333333333333335,0.8333333333333335,0.0
RIFL,0.9999999999999998,0.9999999999999998,0.4999999999999999,0.4999999999999999,0.7071067811865475,0.0,0.31622776601683794,0.7071067811865475,0.7071067811865475,0.9999999999999998,0.9999999999999998,0.31622776601683794,0.31622776601683794,0.9999999999999998,0.4999999999999999,0.7071067811865475,0.7071067811865475,0.4999999999999999,0.2886751345948129,0.2886751345948129,0.2886751345948129,0.2886751345948129,0.0,0.0,0.0,0.0,0.0,0.0,0.0,0.0,0.0,0.0,0.7071067811865475,0.7071067811865475,0.0,0.0,0.7071067811865475,0.7071067811865475,0.7071067811865475,0.7071067811865475,0.0,0.0,0.4999999999999999,0.4999999999999999,0.7071067811865475,0.7071067811865475,0.7071067811865475,0.7071067811865475,0.7071067811865475,0.7071067811865475,0.0,0.0,0.0,0.0,0.4999999999999999,0.4999999999999999,0.1543033499620919,0.1543033499620919,0.1543033499620919,0.1543033499620919,0.0,0.0,0.0,0.0,0.4999999999999999,0.4999999999999999,0.9999999999999998,0.9999999999999998,0.9999999999999998,0.7071067811865475,0.0,0.0,0.0,0.0,0.0,0.0,0.9999999999999998,0.9999999999999998,0.0,0.0,0.0,0.0,0.0,0.0,0.0,0.0,0.0,0.0,0.0,0.0,0.0,0.0,0.0,0.0,0.9999999999999998,0.9999999999999998,0.7071067811865475,0.7071067811865475,0.8164965809277259,0.0,0.0,0.7071067811865475,0.7071067811865475,0.0,0.0,0.9999999999999998,0.9999999999999998,0.0,0.0,0.0,0.0,0.0,0.0,0.9999999999999998,0.9999999999999998,0.7071067811865475,0.0,0.0,0.0,0.0,0.7071067811865475,0.7071067811865475,0.0,0.0,0.7071067811865475,0.7071067811865475,0.0,0.0,1.0,0.9999999999999998,0.0,0.0,0.2886751345948129,0.2886751345948129,0.7071067811865475,0.0,0.0,0.0,0.0,0.9486832980505138,0.0,0.0,0.7071067811865475,0.7071067811865475,0.7071067811865475,0.7071067811865475,0.4714045207910316,0.7071067811865475,0.0,0.4999999999999999,0.4999999999999999,0.7071067811865475,0.7071067811865475,0.0,0.0,0.0,0.7071067811865475,0.0,0.0,0.7071067811865475,0.7071067811865475,0.7071067811865475,0.7071067811865475,0.7071067811865475,0.7071067811865475,0.7071067811865475,0.7071067811865475,0.7071067811865475,0.7071067811865475,0.7071067811865475,0.0,0.0,0.7071067811865475,0.7071067811865475,0.7071067811865475,0.7071067811865475,0.7071067811865475,0.7071067811865475,0.7071067811865475,0.0,0.0,0.4999999999999999,0.4999999999999999,0.4999999999999999,0.4999999999999999,0.4999999999999999,0.4999999999999999,0.9999999999999998,0.9999999999999998,0.9999999999999998,0.9999999999999998,0.7071067811865475,0.7071067811865475,0.7071067811865475,0.7071067811865475,0.7071067811865475,0.7071067811865475,0.7071067811865475,0.7071067811865475,0.7071067811865475,0.7071067811865475,0.7071067811865475,0.7071067811865475,0.7071067811865475,0.7071067811865475,0.7071067811865475,0.7071067811865475,0.9999999999999998,0.9999999999999998,0.9999999999999998,0.9999999999999998,0.7071067811865475,0.7071067811865475,0.7071067811865475,0.7071067811865475,0.9999999999999998,0.9999999999999998,0.9999999999999998,0.9999999999999998,0.7071067811865475,0.7071067811865475,0.7071067811865475,0.7071067811865475,0.7071067811865475,0.7071067811865475,0.7071067811865475,0.7071067811865475,0.7071067811865475,0.7071067811865475,0.7071067811865475,0.7071067811865475,0.7071067811865475,0.7071067811865475,0.7071067811865475,0.7071067811865475,0.7071067811865475,0.7071067811865475,0.7071067811865475,0.7071067811865475,0.7071067811865475,0.7071067811865475,0.7071067811865475,0.7071067811865475,0.7071067811865475,0.7071067811865475,0.7071067811865475,0.7071067811865475,0.7071067811865475,0.7071067811865475,0.7071067811865475,0.7071067811865475,0.7071067811865475,0.7071067811865475,0.7071067811865475,0.7071067811865475,0.7071067811865475,0.7071067811865475,0.7071067811865475,0.7071067811865475,0.9999999999999998,0.9999999999999998,0.9999999999999998,0.9999999999999998,0.9999999999999998,0.7071067811865475,0.7071067811865475,0.7071067811865475,0.7071067811865475,0.7071067811865475,0.7071067811865475,0.7071067811865475,0.7071067811865475,0.7071067811865475,0.7071067811865475,0.7071067811865475,0.7071067811865475,0.7071067811865475,0.7071067811865475,0.7071067811865475,0.7071067811865475,0.7071067811865475,0.7071067811865475,0.7071067811865475,0.7071067811865475,0.7071067811865475,0.7071067811865475,0.7071067811865475,0.7071067811865475,0.7071067811865475,0.7071067811865475,0.7071067811865475,0.7071067811865475,0.7071067811865475,0.7071067811865475,0.2886751345948129,0.2886751345948129,0.7071067811865475,0.7071067811865475,0.7071067811865475,0.2886751345948129,0.2886751345948129,0.7071067811865475
RIFR,0.9999999999999998,0.9999999999999998,0.4999999999999999,0.4999999999999999,0.7071067811865475,0.0,0.31622776601683794,0.7071067811865475,0.7071067811865475,0.9999999999999998,0.9999999999999998,0.31622776601683794,0.31622776601683794,0.9999999999999998,0.4999999999999999,0.7071067811865475,0.7071067811865475,0.4999999999999999,0.2886751345948129,0.2886751345948129,0.2886751345948129,0.2886751345948129,0.0,0.0,0.0,0.0,0.0,0.0,0.0,0.0,0.0,0.0,0.7071067811865475,0.7071067811865475,0.0,0.0,0.7071067811865475,0.7071067811865475,0.7071067811865475,0.7071067811865475,0.0,0.0,0.4999999999999999,0.4999999999999999,0.7071067811865475,0.7071067811865475,0.7071067811865475,0.7071067811865475,0.7071067811865475,0.7071067811865475,0.0,0.0,0.0,0.0,0.4999999999999999,0.4999999999999999,0.1543033499620919,0.1543033499620919,0.1543033499620919,0.1543033499620919,0.0,0.0,0.0,0.0,0.4999999999999999,0.4999999999999999,0.9999999999999998,0.9999999999999998,0.9999999999999998,0.7071067811865475,0.0,0.0,0.0,0.0,0.0,0.0,0.9999999999999998,0.9999999999999998,0.0,0.0,0.0,0.0,0.0,0.0,0.0,0.0,0.0,0.0,0.0,0.0,0.0,0.0,0.0,0.0,0.9999999999999998,0.9999999999999998,0.7071067811865475,0.7071067811865475,0.8164965809277259,0.0,0.0,0.7071067811865475,0.7071067811865475,0.0,0.0,0.9999999999999998,0.9999999999999998,0.0,0.0,0.0,0.0,0.0,0.0,0.9999999999999998,0.9999999999999998,0.7071067811865475,0.0,0.0,0.0,0.0,0.7071067811865475,0.7071067811865475,0.0,0.0,0.7071067811865475,0.7071067811865475,0.0,0.0,0.9999999999999998,1.0,0.0,0.0,0.2886751345948129,0.2886751345948129,0.7071067811865475,0.0,0.0,0.0,0.0,0.9486832980505138,0.0,0.0,0.7071067811865475,0.7071067811865475,0.7071067811865475,0.7071067811865475,0.4714045207910316,0.7071067811865475,0.0,0.4999999999999999,0.4999999999999999,0.7071067811865475,0.7071067811865475,0.0,0.0,0.0,0.7071067811865475,0.0,0.0,0.7071067811865475,0.7071067811865475,0.7071067811865475,0.7071067811865475,0.7071067811865475,0.7071067811865475,0.7071067811865475,0.7071067811865475,0.7071067811865475,0.7071067811865475,0.7071067811865475,0.0,0.0,0.7071067811865475,0.7071067811865475,0.7071067811865475,0.7071067811865475,0.7071067811865475,0.7071067811865475,0.7071067811865475,0.0,0.0,0.4999999999999999,0.4999999999999999,0.4999999999999999,0.4999999999999999,0.4999999999999999,0.4999999999999999,0.9999999999999998,0.9999999999999998,0.9999999999999998,0.9999999999999998,0.7071067811865475,0.7071067811865475,0.7071067811865475,0.7071067811865475,0.7071067811865475,0.7071067811865475,0.7071067811865475,0.7071067811865475,0.7071067811865475,0.7071067811865475,0.7071067811865475,0.7071067811865475,0.7071067811865475,0.7071067811865475,0.7071067811865475,0.7071067811865475,0.9999999999999998,0.9999999999999998,0.9999999999999998,0.9999999999999998,0.7071067811865475,0.7071067811865475,0.7071067811865475,0.7071067811865475,0.9999999999999998,0.9999999999999998,0.9999999999999998,0.9999999999999998,0.7071067811865475,0.7071067811865475,0.7071067811865475,0.7071067811865475,0.7071067811865475,0.7071067811865475,0.7071067811865475,0.7071067811865475,0.7071067811865475,0.7071067811865475,0.7071067811865475,0.7071067811865475,0.7071067811865475,0.7071067811865475,0.7071067811865475,0.7071067811865475,0.7071067811865475,0.7071067811865475,0.7071067811865475,0.7071067811865475,0.7071067811865475,0.7071067811865475,0.7071067811865475,0.7071067811865475,0.7071067811865475,0.7071067811865475,0.7071067811865475,0.7071067811865475,0.7071067811865475,0.7071067811865475,0.7071067811865475,0.7071067811865475,0.7071067811865475,0.7071067811865475,0.7071067811865475,0.7071067811865475,0.7071067811865475,0.7071067811865475,0.7071067811865475,0.7071067811865475,0.9999999999999998,0.9999999999999998,0.9999999999999998,0.9999999999999998,0.9999999999999998,0.7071067811865475,0.7071067811865475,0.7071067811865475,0.7071067811865475,0.7071067811865475,0.7071067811865475,0.7071067811865475,0.7071067811865475,0.7071067811865475,0.7071067811865475,0.7071067811865475,0.7071067811865475,0.7071067811865475,0.7071067811865475,0.7071067811865475,0.7071067811865475,0.7071067811865475,0.7071067811865475,0.7071067811865475,0.7071067811865475,0.7071067811865475,0.7071067811865475,0.7071067811865475,0.7071067811865475,0.7071067811865475,0.7071067811865475,0.7071067811865475,0.7071067811865475,0.7071067811865475,0.7071067811865475,0.2886751345948129,0.2886751345948129,0.7071067811865475,0.7071067811865475,0.7071067811865475,0.2886751345948129,0.2886751345948129,0.7071067811865475
RIGL,0.0,0.0,0.7071067811865475,0.7071067811865475,0.0,1.0,0.8944271909999159,0.0,0.0,0.0,0.0,0.8944271909999159,0.8944271909999159,0.0,0.7071067811865475,0.0,0.0,0.7071067811865475,0.0,0.0,0.0,0.0,1.0,1.0,1.0,1.0,1.0,1.0,1.0,1.0,0.0,0.0,0.0,0.0,1.0,1.0,0.0,0.0,0.0,0.0,1.0,1.0,0.7071067811865475,0.7071067811865475,0.0,0.0,0.0,0.0,0.0,0.0,1.0,1.0,1.0,1.0,0.7071067811865475,0.7071067811865475,0.0,0.0,0.0,0.0,1.0,1.0,1.0,0.0,0.7071067811865475,0.7071067811865475,0.0,0.0,0.0,0.0,1.0,1.0,1.0,1.0,1.0,1.0,0.0,0.0,1.0,1.0,1.0,1.0,1.0,1.0,0.0,0.0,0.4082482904638631,0.4082482904638631,1.0,1.0,1.0,1.0,1.0,1.0,0.0,0.0,0.0,0.0,0.5773502691896258,0.4082482904638631,0.4082482904638631,0.0,0.0,1.0,1.0,0.0,0.0,1.0,1.0,1.0,1.0,1.0,1.0,0.0,0.0,0.0,0.0,0.0,0.0,0.0,0.0,0.0,1.0,1.0,0.0,0.0,0.4082482904638631,0.4082482904638631,0.0,0.0,1.0,1.0,0.0,0.0,0.0,0.0,0.0,0.0,0.0,0.0,0.0,0.0,0.0,0.0,0.0,0.0,0.0,0.0,1.0,0.7071067811865475,0.7071067811865475,0.0,0.0,0.0,0.0,1.0,0.0,0.0,0.0,0.0,0.0,0.0,0.0,0.0,0.0,0.0,0.0,0.0,0.0,0.0,1.0,1.0,0.0,0.0,0.0,0.0,0.0,0.0,0.0,0.4082482904638631,0.4082482904638631,0.7071067811865475,0.7071067811865475,0.7071067811865475,0.7071067811865475,0.7071067811865475,0.7071067811865475,0.0,0.0,0.0,0.0,0.0,0.0,0.0,0.0,0.0,0.0,0.0,0.0,0.0,0.0,0.0,0.0,0.0,0.0,0.0,0.0,0.0,0.0,0.0,0.0,0.0,0.0,0.0,0.0,0.0,0.0,0.0,0.0,0.0,0.0,0.0,0.0,0.0,0.0,0.0,0.0,0.0,0.0,0.0,0.0,0.0,0.0,0.0,0.0,0.0,0.0,0.0,0.0,0.0,0.0,0.0,0.0,0.0,0.0,0.0,0.0,0.0,0.0,0.0,0.0,0.0,0.0,0.0,0.0,0.0,0.0,0.0,0.0,0.0,0.0,0.0,0.0,0.0,0.0,0.0,0.0,0.0,0.0,0.0,0.0,0.0,0.0,0.0,0.0,0.0,0.0,0.0,0.0,0.0,0.0,0.0,0.0,0.0,0.0,0.0,0.0,0.0,0.0,0.0,0.0,0.0,0.0,0.0,0.0,0.0,0.0,0.0,0.0,0.0,0.0,0.0
RIGR,0.0,0.0,0.7071067811865475,0.7071067811865475,0.0,1.0,0.8944271909999159,0.0,0.0,0.0,0.0,0.8944271909999159,0.8944271909999159,0.0,0.7071067811865475,0.0,0.0,0.7071067811865475,0.0,0.0,0.0,0.0,1.0,1.0,1.0,1.0,1.0,1.0,1.0,1.0,0.0,0.0,0.0,0.0,1.0,1.0,0.0,0.0,0.0,0.0,1.0,1.0,0.7071067811865475,0.7071067811865475,0.0,0.0,0.0,0.0,0.0,0.0,1.0,1.0,1.0,1.0,0.7071067811865475,0.7071067811865475,0.0,0.0,0.0,0.0,1.0,1.0,1.0,0.0,0.7071067811865475,0.7071067811865475,0.0,0.0,0.0,0.0,1.0,1.0,1.0,1.0,1.0,1.0,0.0,0.0,1.0,1.0,1.0,1.0,1.0,1.0,0.0,0.0,0.4082482904638631,0.4082482904638631,1.0,1.0,1.0,1.0,1.0,1.0,0.0,0.0,0.0,0.0,0.5773502691896258,0.4082482904638631,0.4082482904638631,0.0,0.0,1.0,1.0,0.0,0.0,1.0,1.0,1.0,1.0,1.0,1.0,0.0,0.0,0.0,0.0,0.0,0.0,0.0,0.0,0.0,1.0,1.0,0.0,0.0,0.4082482904638631,0.4082482904638631,0.0,0.0,1.0,1.0,0.0,0.0,0.0,0.0,0.0,0.0,0.0,0.0,0.0,0.0,0.0,0.0,0.0,0.0,0.0,0.0,1.0,0.7071067811865475,0.7071067811865475,0.0,0.0,0.0,0.0,1.0,0.0,0.0,0.0,0.0,0.0,0.0,0.0,0.0,0.0,0.0,0.0,0.0,0.0,0.0,1.0,1.0,0.0,0.0,0.0,0.0,0.0,0.0,0.0,0.4082482904638631,0.4082482904638631,0.7071067811865475,0.7071067811865475,0.7071067811865475,0.7071067811865475,0.7071067811865475,0.7071067811865475,0.0,0.0,0.0,0.0,0.0,0.0,0.0,0.0,0.0,0.0,0.0,0.0,0.0,0.0,0.0,0.0,0.0,0.0,0.0,0.0,0.0,0.0,0.0,0.0,0.0,0.0,0.0,0.0,0.0,0.0,0.0,0.0,0.0,0.0,0.0,0.0,0.0,0.0,0.0,0.0,0.0,0.0,0.0,0.0,0.0,0.0,0.0,0.0,0.0,0.0,0.0,0.0,0.0,0.0,0.0,0.0,0.0,0.0,0.0,0.0,0.0,0.0,0.0,0.0,0.0,0.0,0.0,0.0,0.0,0.0,0.0,0.0,0.0,0.0,0.0,0.0,0.0,0.0,0.0,0.0,0.0,0.0,0.0,0.0,0.0,0.0,0.0,0.0,0.0,0.0,0.0,0.0,0.0,0.0,0.0,0.0,0.0,0.0,0.0,0.0,0.0,0.0,0.0,0.0,0.0,0.0,0.0,0.0,0.0,0.0,0.0,0.0,0.0,0.0,0.0
RIH,0.2886751345948129,0.2886751345948129,0.0,0.0,0.4082482904638631,0.0,0.0,0.0,0.4082482904638631,0.2886751345948129,0.2886751345948129,0.0,0.0,0.2886751345948129,0.2886751345948129,0.4082482904638631,0.4082482904638631,0.0,0.8333333333333335,0.8333333333333335,1.0000000000000002,1.0000000000000002,0.0,0.0,0.0,0.0,0.0,0.0,0.0,0.0,0.9128709291752769,0.9128709291752769,0.4082482904638631,0.4082482904638631,0.0,0.0,0.4082482904638631,0.4082482904638631,0.4082482904638631,0.4082482904638631,0.0,0.0,0.2886751345948129,0.2886751345948129,0.4082482904638631,0.4082482904638631,0.4082482904638631,0.4082482904638631,0.4082482904638631,0.4082482904638631,0.0,0.0,0.0,0.0,0.0,0.0,0.890870806374748,0.890870806374748,0.890870806374748,0.890870806374748,0.0,0.0,0.0,0.0,0.0,0.0,0.2886751345948129,0.2886751345948129,0.2886751345948129,0.4082482904638631,0.0,0.0,0.0,0.0,0.0,0.0,0.2886751345948129,0.2886751345948129,0.0,0.0,0.0,0.0,0.0,0.0,0.9128709291752769,0.9128709291752769,0.8333333333333335,0.8333333333333335,0.0,0.0,0.0,0.0,0.0,0.0,0.2886751345948129,0.2886751345948129,0.4082482904638631,0.4082482904638631,0.23570226039551587,0.8333333333333335,0.8333333333333335,0.4082482904638631,0.4082482904638631,0.0,0.0,0.2886751345948129,0.2886751345948129,0.0,0.0,0.0,0.0,0.0,0.0,0.2886751345948129,0.2886751345948129,0.0,0.0,0.0,0.9128709291752769,0.9128709291752769,0.4082482904638631,0.4082482904638631,0.0,0.0,0.0,0.0,0.8333333333333335,0.8333333333333335,0.2886751345948129,0.2886751345948129,0.0,0.0,1.0,1.0000000000000002,0.0,0.0,0.0,0.0,0.0,0.18257418583505536,0.0,0.0,0.0,0.0,0.0,0.0,0.6804138174397718,0.0,0.0,0.2886751345948129,0.2886751345948129,0.4082482904638631,0.4082482904638631,0.0,0.0,0.0,0.0,0.0,0.0,0.0,0.4082482904638631,0.4082482904638631,0.4082482904638631,0.4082482904638631,0.4082482904638631,0.4082482904638631,0.4082482904638631,0.4082482904638631,0.4082482904638631,0.4082482904638631,0.0,0.0,0.4082482904638631,0.4082482904638631,0.4082482904638631,0.4082482904638631,0.4082482904638631,0.4082482904638631,0.4082482904638631,0.8333333333333335,0.8333333333333335,0.0,0.0,0.0,0.0,0.0,0.0,0.2886751345948129,0.2886751345948129,0.2886751345948129,0.2886751345948129,0.4082482904638631,0.4082482904638631,0.4082482904638631,0.4082482904638631,0.4082482904638631,0.4082482904638631,0.4082482904638631,0.4082482904638631,0.4082482904638631,0.4082482904638631,0.0,0.0,0.0,0.0,0.4082482904638631,0.4082482904638631,0.2886751345948129,0.2886751345948129,0.2886751345948129,0.2886751345948129,0.4082482904638631,0.4082482904638631,0.4082482904638631,0.4082482904638631,0.2886751345948129,0.2886751345948129,0.2886751345948129,0.2886751345948129,0.4082482904638631,0.4082482904638631,0.4082482904638631,0.4082482904638631,0.4082482904638631,0.4082482904638631,0.4082482904638631,0.4082482904638631,0.4082482904638631,0.4082482904638631,0.4082482904638631,0.4082482904638631,0.4082482904638631,0.4082482904638631,0.4082482904638631,0.4082482904638631,0.4082482904638631,0.4082482904638631,0.4082482904638631,0.4082482904638631,0.4082482904638631,0.4082482904638631,0.4082482904638631,0.4082482904638631,0.4082482904638631,0.4082482904638631,0.4082482904638631,0.4082482904638631,0.4082482904638631,0.4082482904638631,0.4082482904638631,0.4082482904638631,0.4082482904638631,0.0,0.0,0.0,0.0,0.0,0.0,0.4082482904638631,0.2886751345948129,0.2886751345948129,0.2886751345948129,0.2886751345948129,0.2886751345948129,0.4082482904638631,0.4082482904638631,0.4082482904638631,0.4082482904638631,0.4082482904638631,0.4082482904638631,0.4082482904638631,0.4082482904638631,0.4082482904638631,0.4082482904638631,0.4082482904638631,0.4082482904638631,0.4082482904638631,0.4082482904638631,0.4082482904638631,0.4082482904638631,0.4082482904638631,0.0,0.0,0.0,0.0,0.0,0.0,0.0,0.0,0.0,0.0,0.0,0.0,0.0,1.0000000000000002,1.0000000000000002,0.4082482904638631,0.4082482904638631,0.4082482904638631,1.0000000000000002,1.0000000000000002,0.4082482904638631
RIR,0.2886751345948129,0.2886751345948129,0.0,0.0,0.4082482904638631,0.0,0.0,0.0,0.4082482904638631,0.2886751345948129,0.2886751345948129,0.0,0.0,0.2886751345948129,0.2886751345948129,0.4082482904638631,0.4082482904638631,0.0,0.8333333333333335,0.8333333333333335,1.0000000000000002,1.0000000000000002,0.0,0.0,0.0,0.0,0.0,0.0,0.0,0.0,0.9128709291752769,0.9128709291752769,0.4082482904638631,0.4082482904638631,0.0,0.0,0.4082482904638631,0.4082482904638631,0.4082482904638631,0.4082482904638631,0.0,0.0,0.2886751345948129,0.2886751345948129,0.4082482904638631,0.4082482904638631,0.4082482904638631,0.4082482904638631,0.4082482904638631,0.4082482904638631,0.0,0.0,0.0,0.0,0.0,0.0,0.890870806374748,0.890870806374748,0.890870806374748,0.890870806374748,0.0,0.0,0.0,0.0,0.0,0.0,0.2886751345948129,0.2886751345948129,0.2886751345948129,0.4082482904638631,0.0,0.0,0.0,0.0,0.0,0.0,0.2886751345948129,0.2886751345948129,0.0,0.0,0.0,0.0,0.0,0.0,0.9128709291752769,0.9128709291752769,0.8333333333333335,0.8333333333333335,0.0,0.0,0.0,0.0,0.0,0.0,0.2886751345948129,0.2886751345948129,0.4082482904638631,0.4082482904638631,0.23570226039551587,0.8333333333333335,0.8333333333333335,0.4082482904638631,0.4082482904638631,0.0,0.0,0.2886751345948129,0.2886751345948129,0.0,0.0,0.0,0.0,0.0,0.0,0.2886751345948129,0.2886751345948129,0.0,0.0,0.0,0.9128709291752769,0.9128709291752769,0.4082482904638631,0.4082482904638631,0.0,0.0,0.0,0.0,0.8333333333333335,0.8333333333333335,0.2886751345948129,0.2886751345948129,0.0,0.0,1.0000000000000002,1.0,0.0,0.0,0.0,0.0,0.0,0.18257418583505536,0.0,0.0,0.0,0.0,0.0,0.0,0.6804138174397718,0.0,0.0,0.2886751345948129,0.2886751345948129,0.4082482904638631,0.4082482904638631,0.0,0.0,0.0,0.0,0.0,0.0,0.0,0.4082482904638631,0.4082482904638631,0.4082482904638631,0.4082482904638631,0.4082482904638631,0.4082482904638631,0.4082482904638631,0.4082482904638631,0.4082482904638631,0.4082482904638631,0.0,0.0,0.4082482904638631,0.4082482904638631,0.4082482904638631,0.4082482904638631,0.4082482904638631,0.4082482904638631,0.4082482904638631,0.8333333333333335,0.8333333333333335,0.0,0.0,0.0,0.0,0.0,0.0,0.2886751345948129,0.2886751345948129,0.2886751345948129,0.2886751345948129,0.4082482904638631,0.4082482904638631,0.4082482904638631,0.4082482904638631,0.4082482904638631,0.4082482904638631,0.4082482904638631,0.4082482904638631,0.4082482904638631,0.4082482904638631,0.0,0.0,0.0,0.0,0.4082482904638631,0.4082482904638631,0.2886751345948129,0.2886751345948129,0.2886751345948129,0.2886751345948129,0.4082482904638631,0.4082482904638631,0.4082482904638631,0.4082482904638631,0.2886751345948129,0.2886751345948129,0.2886751345948129,0.2886751345948129,0.4082482904638631,0.4082482904638631,0.4082482904638631,0.4082482904638631,0.4082482904638631,0.4082482904638631,0.4082482904638631,0.4082482904638631,0.4082482904638631,0.4082482904638631,0.4082482904638631,0.4082482904638631,0.4082482904638631,0.4082482904638631,0.4082482904638631,0.4082482904638631,0.4082482904638631,0.4082482904638631,0.4082482904638631,0.4082482904638631,0.4082482904638631,0.4082482904638631,0.4082482904638631,0.4082482904638631,0.4082482904638631,0.4082482904638631,0.4082482904638631,0.4082482904638631,0.4082482904638631,0.4082482904638631,0.4082482904638631,0.4082482904638631,0.4082482904638631,0.0,0.0,0.0,0.0,0.0,0.0,0.4082482904638631,0.2886751345948129,0.2886751345948129,0.2886751345948129,0.2886751345948129,0.2886751345948129,0.4082482904638631,0.4082482904638631,0.4082482904638631,0.4082482904638631,0.4082482904638631,0.4082482904638631,0.4082482904638631,0.4082482904638631,0.4082482904638631,0.4082482904638631,0.4082482904638631,0.4082482904638631,0.4082482904638631,0.4082482904638631,0.4082482904638631,0.4082482904638631,0.4082482904638631,0.0,0.0,0.0,0.0,0.0,0.0,0.0,0.0,0.0,0.0,0.0,0.0,0.0,1.0000000000000002,1.0000000000000002,0.4082482904638631,0.4082482904638631,0.4082482904638631,1.0000000000000002,1.0000000000000002,0.4082482904638631
RIS,0.7071067811865475,0.7071067811865475,0.7071067811865475,0.7071067811865475,0.0,0.0,0.4472135954999579,1.0,0.0,0.7071067811865475,0.7071067811865475,0.4472135954999579,0.4472135954999579,0.7071067811865475,0.0,0.0,0.0,0.7071067811865475,0.4082482904638631,0.4082482904638631,0.0,0.0,0.0,0.0,0.0,0.0,0.0,0.0,0.0,0.0,0.0,0.0,0.0,0.0,0.0,0.0,0.0,0.0,0.0,0.0,0.0,0.0,0.0,0.0,0.0,0.0,0.0,0.0,0.0,0.0,0.0,0.0,0.0,0.0,0.7071067811865475,0.7071067811865475,0.2182178902359924,0.2182178902359924,0.2182178902359924,0.2182178902359924,0.0,0.0,0.0,0.0,0.7071067811865475,0.7071067811865475,0.7071067811865475,0.7071067811865475,0.7071067811865475,0.0,0.0,0.0,0.0,0.0,0.0,0.0,0.7071067811865475,0.7071067811865475,0.0,0.0,0.0,0.0,0.0,0.0,0.0,0.0,0.0,0.0,0.0,0.0,0.0,0.0,0.0,0.0,0.7071067811865475,0.7071067811865475,0.0,0.0,0.5773502691896258,0.0,0.0,0.0,0.0,0.0,0.0,0.7071067811865475,0.7071067811865475,0.0,0.0,0.0,0.0,0.0,0.0,0.7071067811865475,0.7071067811865475,1.0,0.0,0.0,0.0,0.0,0.0,0.0,0.0,0.0,1.0,1.0,0.0,0.0,0.7071067811865475,0.7071067811865475,0.0,0.0,0.0,0.0,1.0,0.0,0.0,0.0,0.0,0.8944271909999159,0.0,0.0,1.0,1.0,1.0,1.0,0.6666666666666666,1.0,0.0,0.0,0.0,0.0,0.0,0.0,0.0,0.0,1.0,0.0,0.0,1.0,0.0,0.0,0.0,0.0,0.0,0.0,0.0,0.0,0.0,0.0,0.0,0.0,0.0,0.0,0.0,0.0,0.0,0.0,0.0,0.0,0.0,0.7071067811865475,0.7071067811865475,0.7071067811865475,0.7071067811865475,0.7071067811865475,0.7071067811865475,0.7071067811865475,0.7071067811865475,0.7071067811865475,0.7071067811865475,0.0,0.0,0.0,0.0,0.0,0.0,0.0,0.0,0.0,0.0,1.0,1.0,1.0,1.0,0.0,0.0,0.7071067811865475,0.7071067811865475,0.7071067811865475,0.7071067811865475,0.0,0.0,0.0,0.0,0.7071067811865475,0.7071067811865475,0.7071067811865475,0.7071067811865475,0.0,0.0,0.0,0.0,0.0,0.0,0.0,0.0,0.0,0.0,0.0,0.0,0.0,0.0,0.0,0.0,0.0,0.0,0.0,0.0,0.0,0.0,0.0,0.0,0.0,0.0,0.0,0.0,0.0,0.0,0.0,0.0,0.0,1.0,1.0,1.0,1.0,1.0,1.0,0.0,0.7071067811865475,0.7071067811865475,0.7071067811865475,0.7071067811865475,0.7071067811865475,0.0,0.0,0.0,0.0,0.0,0.0,0.0,0.0,0.0,0.0,0.0,0.0,0.0,0.0,0.0,0.0,0.0,1.0,1.0,1.0,1.0,1.0,1.0,1.0,1.0,1.0,1.0,1.0,1.0,1.0,0.0,0.0,0.0,0.0,0.0,0.0,0.0,0.0
RMGL,0.0,0.0,0.0,0.0,0.0,0.0,0.0,0.0,0.0,0.0,0.0,0.0,0.0,0.0,0.0,0.0,0.0,0.0,0.0,0.0,0.0,0.0,0.0,0.0,0.0,0.0,0.0,0.0,0.0,0.0,0.0,0.0,0.0,0.0,0.0,0.0,0.0,0.0,0.0,0.0,0.0,0.0,0.0,0.0,0.0,0.0,0.0,0.0,0.0,0.0,0.0,0.0,0.0,0.0,0.0,0.0,0.0,0.0,0.0,0.0,0.0,0.0,0.0,1.0,0.0,0.0,0.0,0.0,0.0,0.0,0.0,0.0,0.0,0.0,0.0,0.0,0.0,0.0,0.0,0.0,0.0,0.0,0.0,0.0,0.0,0.0,0.0,0.0,0.0,0.0,0.0,0.0,0.0,0.0,0.0,0.0,0.0,0.0,0.0,0.0,0.0,0.0,0.0,0.0,0.0,0.0,0.0,0.0,0.0,0.0,0.0,0.0,0.0,0.0,0.0,0.0,1.0,1.0,0.0,0.0,0.0,0.0,0.0,0.0,0.0,0.0,0.0,0.0,0.0,0.0,0.0,0.0,0.0,0.0,0.0,1.0,1.0,1.0,1.0,0.0,1.0,1.0,0.0,0.0,0.0,0.0,0.0,0.0,0.0,0.0,0.0,0.0,0.0,1.0,1.0,0.0,0.0,1.0,1.0,0.0,0.0,0.0,0.0,0.0,0.0,0.0,0.0,0.0,0.0,0.0,0.0,0.0,0.0,0.0,0.0,0.0,0.0,0.0,0.0,0.0,0.0,0.0,0.0,0.0,0.0,0.0,0.0,0.0,0.0,0.0,0.0,0.0,0.0,0.0,0.0,0.0,0.0,0.0,0.0,0.0,0.0,0.0,0.0,0.0,0.0,0.0,0.0,0.0,0.0,0.0,0.0,0.0,0.0,0.0,0.0,0.0,0.0,0.0,0.0,0.0,0.0,0.0,0.0,0.0,0.0,0.0,0.0,0.0,0.0,0.0,0.0,0.0,0.0,0.0,0.0,0.0,0.0,0.0,0.0,0.0,0.0,0.0,0.0,0.0,0.0,0.0,0.0,0.0,0.0,0.0,0.0,0.0,0.0,0.0,0.0,0.0,0.0,0.0,0.0,0.0,0.0,0.0,0.0,0.0,0.0,0.0,0.0,0.0,0.0,0.0,0.0,0.0,0.0,0.0,0.0,0.0,0.0,0.0,0.0,0.0,0.0,0.0,0.0,0.0,0.0,0.0,0.0,0.0,0.0,0.0,0.0,0.0,0.0,0.0,0.0,0.0,0.0,0.0,0.0,0.0,0.0,0.0
RMGR,0.0,0.0,0.0,0.0,0.0,0.0,0.0,0.0,0.0,0.0,0.0,0.0,0.0,0.0,0.0,0.0,0.0,0.0,0.0,0.0,0.0,0.0,0.0,0.0,0.0,0.0,0.0,0.0,0.0,0.0,0.0,0.0,0.0,0.0,0.0,0.0,0.0,0.0,0.0,0.0,0.0,0.0,0.0,0.0,0.0,0.0,0.0,0.0,0.0,0.0,0.0,0.0,0.0,0.0,0.0,0.0,0.0,0.0,0.0,0.0,0.0,0.0,0.0,1.0,0.0,0.0,0.0,0.0,0.0,0.0,0.0,0.0,0.0,0.0,0.0,0.0,0.0,0.0,0.0,0.0,0.0,0.0,0.0,0.0,0.0,0.0,0.0,0.0,0.0,0.0,0.0,0.0,0.0,0.0,0.0,0.0,0.0,0.0,0.0,0.0,0.0,0.0,0.0,0.0,0.0,0.0,0.0,0.0,0.0,0.0,0.0,0.0,0.0,0.0,0.0,0.0,1.0,1.0,0.0,0.0,0.0,0.0,0.0,0.0,0.0,0.0,0.0,0.0,0.0,0.0,0.0,0.0,0.0,0.0,0.0,1.0,1.0,1.0,1.0,0.0,1.0,1.0,0.0,0.0,0.0,0.0,0.0,0.0,0.0,0.0,0.0,0.0,0.0,1.0,1.0,0.0,0.0,1.0,1.0,0.0,0.0,0.0,0.0,0.0,0.0,0.0,0.0,0.0,0.0,0.0,0.0,0.0,0.0,0.0,0.0,0.0,0.0,0.0,0.0,0.0,0.0,0.0,0.0,0.0,0.0,0.0,0.0,0.0,0.0,0.0,0.0,0.0,0.0,0.0,0.0,0.0,0.0,0.0,0.0,0.0,0.0,0.0,0.0,0.0,0.0,0.0,0.0,0.0,0.0,0.0,0.0,0.0,0.0,0.0,0.0,0.0,0.0,0.0,0.0,0.0,0.0,0.0,0.0,0.0,0.0,0.0,0.0,0.0,0.0,0.0,0.0,0.0,0.0,0.0,0.0,0.0,0.0,0.0,0.0,0.0,0.0,0.0,0.0,0.0,0.0,0.0,0.0,0.0,0.0,0.0,0.0,0.0,0.0,0.0,0.0,0.0,0.0,0.0,0.0,0.0,0.0,0.0,0.0,0.0,0.0,0.0,0.0,0.0,0.0,0.0,0.0,0.0,0.0,0.0,0.0,0.0,0.0,0.0,0.0,0.0,0.0,0.0,0.0,0.0,0.0,0.0,0.0,0.0,0.0,0.0,0.0,0.0,0.0,0.0,0.0,0.0,0.0,0.0,0.0,0.0,0.0,0.0
AVFL,0.0,0.0,0.0,0.0,0.0,0.0,0.0,0.0,0.0,0.0,0.0,0.0,0.0,0.0,0.0,0.0,0.0,0.0,0.0,0.0,0.0,0.0,0.0,0.0,0.0,0.0,0.0,0.0,0.0,0.0,0.0,0.0,0.0,0.0,0.0,0.0,0.0,0.0,0.0,0.0,0.0,0.0,0.0,0.0,0.0,0.0,0.0,0.0,0.0,0.0,0.0,0.0,0.0,0.0,0.0,0.0,0.0,0.0,0.0,0.0,0.0,0.0,0.0,1.0,0.0,0.0,0.0,0.0,0.0,0.0,0.0,0.0,0.0,0.0,0.0,0.0,0.0,0.0,0.0,0.0,0.0,0.0,0.0,0.0,0.0,0.0,0.0,0.0,0.0,0.0,0.0,0.0,0.0,0.0,0.0,0.0,0.0,0.0,0.0,0.0,0.0,0.0,0.0,0.0,0.0,0.0,0.0,0.0,0.0,0.0,0.0,0.0,0.0,0.0,0.0,0.0,1.0,1.0,0.0,0.0,0.0,0.0,0.0,0.0,0.0,0.0,0.0,0.0,0.0,0.0,0.0,0.0,0.0,0.0,0.0,1.0,1.0,1.0,1.0,0.0,1.0,1.0,0.0,0.0,0.0,0.0,0.0,0.0,0.0,0.0,0.0,0.0,0.0,1.0,1.0,0.0,0.0,1.0,1.0,0.0,0.0,0.0,0.0,0.0,0.0,0.0,0.0,0.0,0.0,0.0,0.0,0.0,0.0,0.0,0.0,0.0,0.0,0.0,0.0,0.0,0.0,0.0,0.0,0.0,0.0,0.0,0.0,0.0,0.0,0.0,0.0,0.0,0.0,0.0,0.0,0.0,0.0,0.0,0.0,0.0,0.0,0.0,0.0,0.0,0.0,0.0,0.0,0.0,0.0,0.0,0.0,0.0,0.0,0.0,0.0,0.0,0.0,0.0,0.0,0.0,0.0,0.0,0.0,0.0,0.0,0.0,0.0,0.0,0.0,0.0,0.0,0.0,0.0,0.0,0.0,0.0,0.0,0.0,0.0,0.0,0.0,0.0,0.0,0.0,0.0,0.0,0.0,0.0,0.0,0.0,0.0,0.0,0.0,0.0,0.0,0.0,0.0,0.0,0.0,0.0,0.0,0.0,0.0,0.0,0.0,0.0,0.0,0.0,0.0,0.0,0.0,0.0,0.0,0.0,0.0,0.0,0.0,0.0,0.0,0.0,0.0,0.0,0.0,0.0,0.0,0.0,0.0,0.0,0.0,0.0,0.0,0.0,0.0,0.0,0.0,0.0,0.0,0.0,0.0,0.0,0.0,0.0
AVFR,0.0,0.0,0.0,0.0,0.0,0.0,0.0,0.0,0.0,0.0,0.0,0.0,0.0,0.0,0.0,0.0,0.0,0.0,0.0,0.0,0.0,0.0,0.0,0.0,0.0,0.0,0.0,0.0,0.0,0.0,0.0,0.0,0.0,0.0,0.0,0.0,0.0,0.0,0.0,0.0,0.0,0.0,0.0,0.0,0.0,0.0,0.0,0.0,0.0,0.0,0.0,0.0,0.0,0.0,0.0,0.0,0.0,0.0,0.0,0.0,0.0,0.0,0.0,1.0,0.0,0.0,0.0,0.0,0.0,0.0,0.0,0.0,0.0,0.0,0.0,0.0,0.0,0.0,0.0,0.0,0.0,0.0,0.0,0.0,0.0,0.0,0.0,0.0,0.0,0.0,0.0,0.0,0.0,0.0,0.0,0.0,0.0,0.0,0.0,0.0,0.0,0.0,0.0,0.0,0.0,0.0,0.0,0.0,0.0,0.0,0.0,0.0,0.0,0.0,0.0,0.0,1.0,1.0,0.0,0.0,0.0,0.0,0.0,0.0,0.0,0.0,0.0,0.0,0.0,0.0,0.0,0.0,0.0,0.0,0.0,1.0,1.0,1.0,1.0,0.0,1.0,1.0,0.0,0.0,0.0,0.0,0.0,0.0,0.0,0.0,0.0,0.0,0.0,1.0,1.0,0.0,0.0,1.0,1.0,0.0,0.0,0.0,0.0,0.0,0.0,0.0,0.0,0.0,0.0,0.0,0.0,0.0,0.0,0.0,0.0,0.0,0.0,0.0,0.0,0.0,0.0,0.0,0.0,0.0,0.0,0.0,0.0,0.0,0.0,0.0,0.0,0.0,0.0,0.0,0.0,0.0,0.0,0.0,0.0,0.0,0.0,0.0,0.0,0.0,0.0,0.0,0.0,0.0,0.0,0.0,0.0,0.0,0.0,0.0,0.0,0.0,0.0,0.0,0.0,0.0,0.0,0.0,0.0,0.0,0.0,0.0,0.0,0.0,0.0,0.0,0.0,0.0,0.0,0.0,0.0,0.0,0.0,0.0,0.0,0.0,0.0,0.0,0.0,0.0,0.0,0.0,0.0,0.0,0.0,0.0,0.0,0.0,0.0,0.0,0.0,0.0,0.0,0.0,0.0,0.0,0.0,0.0,0.0,0.0,0.0,0.0,0.0,0.0,0.0,0.0,0.0,0.0,0.0,0.0,0.0,0.0,0.0,0.0,0.0,0.0,0.0,0.0,0.0,0.0,0.0,0.0,0.0,0.0,0.0,0.0,0.0,0.0,0.0,0.0,0.0,0.0,0.0,0.0,0.0,0.0,0.0,0.0
AVG,0.9486832980505138,0.9486832980505138,0.6324555320336759,0.6324555320336759,0.4472135954999579,0.0,0.3999999999999999,0.8944271909999159,0.4472135954999579,0.9486832980505138,0.9486832980505138,0.3999999999999999,0.3999999999999999,0.9486832980505138,0.31622776601683794,0.4472135954999579,0.4472135954999579,0.6324555320336759,0.3651483716701107,0.3651483716701107,0.18257418583505536,0.18257418583505536,0.0,0.0,0.0,0.0,0.0,0.0,0.0,0.0,0.0,0.0,0.4472135954999579,0.4472135954999579,0.0,0.0,0.4472135954999579,0.4472135954999579,0.4472135954999579,0.4472135954999579,0.0,0.0,0.31622776601683794,0.31622776601683794,0.4472135954999579,0.4472135954999579,0.4472135954999579,0.4472135954999579,0.4472135954999579,0.4472135954999579,0.0,0.0,0.0,0.0,0.6324555320336759,0.6324555320336759,0.19518001458970666,0.19518001458970666,0.19518001458970666,0.19518001458970666,0.0,0.0,0.0,0.0,0.6324555320336759,0.6324555320336759,0.9486832980505138,0.9486832980505138,0.9486832980505138,0.4472135954999579,0.0,0.0,0.0,0.0,0.0,0.0,0.9486832980505138,0.9486832980505138,0.0,0.0,0.0,0.0,0.0,0.0,0.0,0.0,0.0,0.0,0.0,0.0,0.0,0.0,0.0,0.0,0.9486832980505138,0.9486832980505138,0.4472135954999579,0.4472135954999579,0.7745966692414834,0.0,0.0,0.4472135954999579,0.4472135954999579,0.0,0.0,0.9486832980505138,0.9486832980505138,0.0,0.0,0.0,0.0,0.0,0.0,0.9486832980505138,0.9486832980505138,0.8944271909999159,0.0,0.0,0.0,0.0,0.4472135954999579,0.4472135954999579,0.0,0.0,0.8944271909999159,0.8944271909999159,0.0,0.0,0.9486832980505138,0.9486832980505138,0.0,0.0,0.18257418583505536,0.18257418583505536,0.8944271909999159,0.0,0.0,0.0,0.0,1.0,0.0,0.0,0.8944271909999159,0.8944271909999159,0.8944271909999159,0.8944271909999159,0.5962847939999439,0.8944271909999159,0.0,0.31622776601683794,0.31622776601683794,0.4472135954999579,0.4472135954999579,0.0,0.0,0.0,0.8944271909999159,0.0,0.0,0.8944271909999159,0.4472135954999579,0.4472135954999579,0.4472135954999579,0.4472135954999579,0.4472135954999579,0.4472135954999579,0.4472135954999579,0.4472135954999579,0.4472135954999579,0.4472135954999579,0.0,0.0,0.4472135954999579,0.4472135954999579,0.4472135954999579,0.4472135954999579,0.4472135954999579,0.4472135954999579,0.4472135954999579,0.0,0.0,0.6324555320336759,0.6324555320336759,0.6324555320336759,0.6324555320336759,0.6324555320336759,0.6324555320336759,0.9486832980505138,0.9486832980505138,0.9486832980505138,0.9486832980505138,0.4472135954999579,0.4472135954999579,0.4472135954999579,0.4472135954999579,0.4472135954999579,0.4472135954999579,0.4472135954999579,0.4472135954999579,0.4472135954999579,0.4472135954999579,0.8944271909999159,0.8944271909999159,0.8944271909999159,0.8944271909999159,0.4472135954999579,0.4472135954999579,0.9486832980505138,0.9486832980505138,0.9486832980505138,0.9486832980505138,0.4472135954999579,0.4472135954999579,0.4472135954999579,0.4472135954999579,0.9486832980505138,0.9486832980505138,0.9486832980505138,0.9486832980505138,0.4472135954999579,0.4472135954999579,0.4472135954999579,0.4472135954999579,0.4472135954999579,0.4472135954999579,0.4472135954999579,0.4472135954999579,0.4472135954999579,0.4472135954999579,0.4472135954999579,0.4472135954999579,0.4472135954999579,0.4472135954999579,0.4472135954999579,0.4472135954999579,0.4472135954999579,0.4472135954999579,0.4472135954999579,0.4472135954999579,0.4472135954999579,0.4472135954999579,0.4472135954999579,0.4472135954999579,0.4472135954999579,0.4472135954999579,0.4472135954999579,0.4472135954999579,0.4472135954999579,0.4472135954999579,0.4472135954999579,0.4472135954999579,0.4472135954999579,0.8944271909999159,0.8944271909999159,0.8944271909999159,0.8944271909999159,0.8944271909999159,0.8944271909999159,0.4472135954999579,0.9486832980505138,0.9486832980505138,0.9486832980505138,0.9486832980505138,0.9486832980505138,0.4472135954999579,0.4472135954999579,0.4472135954999579,0.4472135954999579,0.4472135954999579,0.4472135954999579,0.4472135954999579,0.4472135954999579,0.4472135954999579,0.4472135954999579,0.4472135954999579,0.4472135954999579,0.4472135954999579,0.4472135954999579,0.4472135954999579,0.4472135954999579,0.4472135954999579,0.8944271909999159,0.8944271909999159,0.8944271909999159,0.8944271909999159,0.8944271909999159,0.8944271909999159,0.8944271909999159,0.8944271909999159,0.8944271909999159,0.8944271909999159,0.8944271909999159,0.8944271909999159,0.8944271909999159,0.18257418583505536,0.18257418583505536,0.4472135954999579,0.4472135954999579,0.4472135954999579,0.18257418583505536,0.18257418583505536,0.4472135954999579
AVHL,0.0,0.0,0.0,0.0,0.0,0.0,0.0,0.0,0.0,0.0,0.0,0.0,0.0,0.0,0.0,0.0,0.0,0.0,0.0,0.0,0.0,0.0,0.0,0.0,0.0,0.0,0.0,0.0,0.0,0.0,0.0,0.0,0.0,0.0,0.0,0.0,0.0,0.0,0.0,0.0,0.0,0.0,0.0,0.0,0.0,0.0,0.0,0.0,0.0,0.0,0.0,0.0,0.0,0.0,0.0,0.0,0.0,0.0,0.0,0.0,0.0,0.0,0.0,1.0,0.0,0.0,0.0,0.0,0.0,0.0,0.0,0.0,0.0,0.0,0.0,0.0,0.0,0.0,0.0,0.0,0.0,0.0,0.0,0.0,0.0,0.0,0.0,0.0,0.0,0.0,0.0,0.0,0.0,0.0,0.0,0.0,0.0,0.0,0.0,0.0,0.0,0.0,0.0,0.0,0.0,0.0,0.0,0.0,0.0,0.0,0.0,0.0,0.0,0.0,0.0,0.0,1.0,1.0,0.0,0.0,0.0,0.0,0.0,0.0,0.0,0.0,0.0,0.0,0.0,0.0,0.0,0.0,0.0,0.0,0.0,1.0,1.0,1.0,1.0,0.0,1.0,1.0,0.0,0.0,0.0,0.0,0.0,0.0,0.0,0.0,0.0,0.0,0.0,1.0,1.0,0.0,0.0,1.0,1.0,0.0,0.0,0.0,0.0,0.0,0.0,0.0,0.0,0.0,0.0,0.0,0.0,0.0,0.0,0.0,0.0,0.0,0.0,0.0,0.0,0.0,0.0,0.0,0.0,0.0,0.0,0.0,0.0,0.0,0.0,0.0,0.0,0.0,0.0,0.0,0.0,0.0,0.0,0.0,0.0,0.0,0.0,0.0,0.0,0.0,0.0,0.0,0.0,0.0,0.0,0.0,0.0,0.0,0.0,0.0,0.0,0.0,0.0,0.0,0.0,0.0,0.0,0.0,0.0,0.0,0.0,0.0,0.0,0.0,0.0,0.0,0.0,0.0,0.0,0.0,0.0,0.0,0.0,0.0,0.0,0.0,0.0,0.0,0.0,0.0,0.0,0.0,0.0,0.0,0.0,0.0,0.0,0.0,0.0,0.0,0.0,0.0,0.0,0.0,0.0,0.0,0.0,0.0,0.0,0.0,0.0,0.0,0.0,0.0,0.0,0.0,0.0,0.0,0.0,0.0,0.0,0.0,0.0,0.0,0.0,0.0,0.0,0.0,0.0,0.0,0.0,0.0,0.0,0.0,0.0,0.0,0.0,0.0,0.0,0.0,0.0,0.0,0.0,0.0,0.0,0.0,0.0,0.0
AVHR,0.0,0.0,0.0,0.0,0.0,0.0,0.0,0.0,0.0,0.0,0.0,0.0,0.0,0.0,0.0,0.0,0.0,0.0,0.0,0.0,0.0,0.0,0.0,0.0,0.0,0.0,0.0,0.0,0.0,0.0,0.0,0.0,0.0,0.0,0.0,0.0,0.0,0.0,0.0,0.0,0.0,0.0,0.0,0.0,0.0,0.0,0.0,0.0,0.0,0.0,0.0,0.0,0.0,0.0,0.0,0.0,0.0,0.0,0.0,0.0,0.0,0.0,0.0,1.0,0.0,0.0,0.0,0.0,0.0,0.0,0.0,0.0,0.0,0.0,0.0,0.0,0.0,0.0,0.0,0.0,0.0,0.0,0.0,0.0,0.0,0.0,0.0,0.0,0.0,0.0,0.0,0.0,0.0,0.0,0.0,0.0,0.0,0.0,0.0,0.0,0.0,0.0,0.0,0.0,0.0,0.0,0.0,0.0,0.0,0.0,0.0,0.0,0.0,0.0,0.0,0.0,1.0,1.0,0.0,0.0,0.0,0.0,0.0,0.0,0.0,0.0,0.0,0.0,0.0,0.0,0.0,0.0,0.0,0.0,0.0,1.0,1.0,1.0,1.0,0.0,1.0,1.0,0.0,0.0,0.0,0.0,0.0,0.0,0.0,0.0,0.0,0.0,0.0,1.0,1.0,0.0,0.0,1.0,1.0,0.0,0.0,0.0,0.0,0.0,0.0,0.0,0.0,0.0,0.0,0.0,0.0,0.0,0.0,0.0,0.0,0.0,0.0,0.0,0.0,0.0,0.0,0.0,0.0,0.0,0.0,0.0,0.0,0.0,0.0,0.0,0.0,0.0,0.0,0.0,0.0,0.0,0.0,0.0,0.0,0.0,0.0,0.0,0.0,0.0,0.0,0.0,0.0,0.0,0.0,0.0,0.0,0.0,0.0,0.0,0.0,0.0,0.0,0.0,0.0,0.0,0.0,0.0,0.0,0.0,0.0,0.0,0.0,0.0,0.0,0.0,0.0,0.0,0.0,0.0,0.0,0.0,0.0,0.0,0.0,0.0,0.0,0.0,0.0,0.0,0.0,0.0,0.0,0.0,0.0,0.0,0.0,0.0,0.0,0.0,0.0,0.0,0.0,0.0,0.0,0.0,0.0,0.0,0.0,0.0,0.0,0.0,0.0,0.0,0.0,0.0,0.0,0.0,0.0,0.0,0.0,0.0,0.0,0.0,0.0,0.0,0.0,0.0,0.0,0.0,0.0,0.0,0.0,0.0,0.0,0.0,0.0,0.0,0.0,0.0,0.0,0.0,0.0,0.0,0.0,0.0,0.0,0.0
AVJL,0.7071067811865475,0.7071067811865475,0.7071067811865475,0.7071067811865475,0.0,0.0,0.4472135954999579,1.0,0.0,0.7071067811865475,0.7071067811865475,0.4472135954999579,0.4472135954999579,0.7071067811865475,0.0,0.0,0.0,0.7071067811865475,0.4082482904638631,0.4082482904638631,0.0,0.0,0.0,0.0,0.0,0.0,0.0,0.0,0.0,0.0,0.0,0.0,0.0,0.0,0.0,0.0,0.0,0.0,0.0,0.0,0.0,0.0,0.0,0.0,0.0,0.0,0.0,0.0,0.0,0.0,0.0,0.0,0.0,0.0,0.7071067811865475,0.7071067811865475,0.2182178902359924,0.2182178902359924,0.2182178902359924,0.2182178902359924,0.0,0.0,0.0,0.0,0.7071067811865475,0.7071067811865475,0.7071067811865475,0.7071067811865475,0.7071067811865475,0.0,0.0,0.0,0.0,0.0,0.0,0.0,0.7071067811865475,0.7071067811865475,0.0,0.0,0.0,0.0,0.0,0.0,0.0,0.0,0.0,0.0,0.0,0.0,0.0,0.0,0.0,0.0,0.7071067811865475,0.7071067811865475,0.0,0.0,0.5773502691896258,0.0,0.0,0.0,0.0,0.0,0.0,0.7071067811865475,0.7071067811865475,0.0,0.0,0.0,0.0,0.0,0.0,0.7071067811865475,0.7071067811865475,1.0,0.0,0.0,0.0,0.0,0.0,0.0,0.0,0.0,1.0,1.0,0.0,0.0,0.7071067811865475,0.7071067811865475,0.0,0.0,0.0,0.0,1.0,0.0,0.0,0.0,0.0,0.8944271909999159,0.0,0.0,1.0,1.0,1.0,1.0,0.6666666666666666,1.0,0.0,0.0,0.0,0.0,0.0,0.0,0.0,0.0,1.0,0.0,0.0,1.0,0.0,0.0,0.0,0.0,0.0,0.0,0.0,0.0,0.0,0.0,0.0,0.0,0.0,0.0,0.0,0.0,0.0,0.0,0.0,0.0,0.0,0.7071067811865475,0.7071067811865475,0.7071067811865475,0.7071067811865475,0.7071067811865475,0.7071067811865475,0.7071067811865475,0.7071067811865475,0.7071067811865475,0.7071067811865475,0.0,0.0,0.0,0.0,0.0,0.0,0.0,0.0,0.0,0.0,1.0,1.0,1.0,1.0,0.0,0.0,0.7071067811865475,0.7071067811865475,0.7071067811865475,0.7071067811865475,0.0,0.0,0.0,0.0,0.7071067811865475,0.7071067811865475,0.7071067811865475,0.7071067811865475,0.0,0.0,0.0,0.0,0.0,0.0,0.0,0.0,0.0,0.0,0.0,0.0,0.0,0.0,0.0,0.0,0.0,0.0,0.0,0.0,0.0,0.0,0.0,0.0,0.0,0.0,0.0,0.0,0.0,0.0,0.0,0.0,0.0,1.0,1.0,1.0,1.0,1.0,1.0,0.0,0.7071067811865475,0.7071067811865475,0.7071067811865475,0.7071067811865475,0.7071067811865475,0.0,0.0,0.0,0.0,0.0,0.0,0.0,0.0,0.0,0.0,0.0,0.0,0.0,0.0,0.0,0.0,0.0,1.0,1.0,1.0,1.0,1.0,1.0,1.0,1.0,1.0,1.0,1.0,1.0,1.0,0.0,0.0,0.0,0.0,0.0,0.0,0.0,0.0
AVJR,0.7071067811865475,0.7071067811865475,0.7071067811865475,0.7071067811865475,0.0,0.0,0.4472135954999579,1.0,0.0,0.7071067811865475,0.7071067811865475,0.4472135954999579,0.4472135954999579,0.7071067811865475,0.0,0.0,0.0,0.7071067811865475,0.4082482904638631,0.4082482904638631,0.0,0.0,0.0,0.0,0.0,0.0,0.0,0.0,0.0,0.0,0.0,0.0,0.0,0.0,0.0,0.0,0.0,0.0,0.0,0.0,0.0,0.0,0.0,0.0,0.0,0.0,0.0,0.0,0.0,0.0,0.0,0.0,0.0,0.0,0.7071067811865475,0.7071067811865475,0.2182178902359924,0.2182178902359924,0.2182178902359924,0.2182178902359924,0.0,0.0,0.0,0.0,0.7071067811865475,0.7071067811865475,0.7071067811865475,0.7071067811865475,0.7071067811865475,0.0,0.0,0.0,0.0,0.0,0.0,0.0,0.7071067811865475,0.7071067811865475,0.0,0.0,0.0,0.0,0.0,0.0,0.0,0.0,0.0,0.0,0.0,0.0,0.0,0.0,0.0,0.0,0.7071067811865475,0.7071067811865475,0.0,0.0,0.5773502691896258,0.0,0.0,0.0,0.0,0.0,0.0,0.7071067811865475,0.7071067811865475,0.0,0.0,0.0,0.0,0.0,0.0,0.7071067811865475,0.7071067811865475,1.0,0.0,0.0,0.0,0.0,0.0,0.0,0.0,0.0,1.0,1.0,0.0,0.0,0.7071067811865475,0.7071067811865475,0.0,0.0,0.0,0.0,1.0,0.0,0.0,0.0,0.0,0.8944271909999159,0.0,0.0,1.0,1.0,1.0,1.0,0.6666666666666666,1.0,0.0,0.0,0.0,0.0,0.0,0.0,0.0,0.0,1.0,0.0,0.0,1.0,0.0,0.0,0.0,0.0,0.0,0.0,0.0,0.0,0.0,0.0,0.0,0.0,0.0,0.0,0.0,0.0,0.0,0.0,0.0,0.0,0.0,0.7071067811865475,0.7071067811865475,0.7071067811865475,0.7071067811865475,0.7071067811865475,0.7071067811865475,0.7071067811865475,0.7071067811865475,0.7071067811865475,0.7071067811865475,0.0,0.0,0.0,0.0,0.0,0.0,0.0,0.0,0.0,0.0,1.0,1.0,1.0,1.0,0.0,0.0,0.7071067811865475,0.7071067811865475,0.7071067811865475,0.7071067811865475,0.0,0.0,0.0,0.0,0.7071067811865475,0.7071067811865475,0.7071067811865475,0.7071067811865475,0.0,0.0,0.0,0.0,0.0,0.0,0.0,0.0,0.0,0.0,0.0,0.0,0.0,0.0,0.0,0.0,0.0,0.0,0.0,0.0,0.0,0.0,0.0,0.0,0.0,0.0,0.0,0.0,0.0,0.0,0.0,0.0,0.0,1.0,1.0,1.0,1.0,1.0,1.0,0.0,0.7071067811865475,0.7071067811865475,0.7071067811865475,0.7071067811865475,0.7071067811865475,0.0,0.0,0.0,0.0,0.0,0.0,0.0,0.0,0.0,0.0,0.0,0.0,0.0,0.0,0.0,0.0,0.0,1.0,1.0,1.0,1.0,1.0,1.0,1.0,1.0,1.0,1.0,1.0,1.0,1.0,0.0,0.0,0.0,0.0,0.0,0.0,0.0,0.0
AVKL,0.7071067811865475,0.7071067811865475,0.7071067811865475,0.7071067811865475,0.0,0.0,0.4472135954999579,1.0,0.0,0.7071067811865475,0.7071067811865475,0.4472135954999579,0.4472135954999579,0.7071067811865475,0.0,0.0,0.0,0.7071067811865475,0.4082482904638631,0.4082482904638631,0.0,0.0,0.0,0.0,0.0,0.0,0.0,0.0,0.0,0.0,0.0,0.0,0.0,0.0,0.0,0.0,0.0,0.0,0.0,0.0,0.0,0.0,0.0,0.0,0.0,0.0,0.0,0.0,0.0,0.0,0.0,0.0,0.0,0.0,0.7071067811865475,0.7071067811865475,0.2182178902359924,0.2182178902359924,0.2182178902359924,0.2182178902359924,0.0,0.0,0.0,0.0,0.7071067811865475,0.7071067811865475,0.7071067811865475,0.7071067811865475,0.7071067811865475,0.0,0.0,0.0,0.0,0.0,0.0,0.0,0.7071067811865475,0.7071067811865475,0.0,0.0,0.0,0.0,0.0,0.0,0.0,0.0,0.0,0.0,0.0,0.0,0.0,0.0,0.0,0.0,0.7071067811865475,0.7071067811865475,0.0,0.0,0.5773502691896258,0.0,0.0,0.0,0.0,0.0,0.0,0.7071067811865475,0.7071067811865475,0.0,0.0,0.0,0.0,0.0,0.0,0.7071067811865475,0.7071067811865475,1.0,0.0,0.0,0.0,0.0,0.0,0.0,0.0,0.0,1.0,1.0,0.0,0.0,0.7071067811865475,0.7071067811865475,0.0,0.0,0.0,0.0,1.0,0.0,0.0,0.0,0.0,0.8944271909999159,0.0,0.0,1.0,1.0,1.0,1.0,0.6666666666666666,1.0,0.0,0.0,0.0,0.0,0.0,0.0,0.0,0.0,1.0,0.0,0.0,1.0,0.0,0.0,0.0,0.0,0.0,0.0,0.0,0.0,0.0,0.0,0.0,0.0,0.0,0.0,0.0,0.0,0.0,0.0,0.0,0.0,0.0,0.7071067811865475,0.7071067811865475,0.7071067811865475,0.7071067811865475,0.7071067811865475,0.7071067811865475,0.7071067811865475,0.7071067811865475,0.7071067811865475,0.7071067811865475,0.0,0.0,0.0,0.0,0.0,0.0,0.0,0.0,0.0,0.0,1.0,1.0,1.0,1.0,0.0,0.0,0.7071067811865475,0.7071067811865475,0.7071067811865475,0.7071067811865475,0.0,0.0,0.0,0.0,0.7071067811865475,0.7071067811865475,0.7071067811865475,0.7071067811865475,0.0,0.0,0.0,0.0,0.0,0.0,0.0,0.0,0.0,0.0,0.0,0.0,0.0,0.0,0.0,0.0,0.0,0.0,0.0,0.0,0.0,0.0,0.0,0.0,0.0,0.0,0.0,0.0,0.0,0.0,0.0,0.0,0.0,1.0,1.0,1.0,1.0,1.0,1.0,0.0,0.7071067811865475,0.7071067811865475,0.7071067811865475,0.7071067811865475,0.7071067811865475,0.0,0.0,0.0,0.0,0.0,0.0,0.0,0.0,0.0,0.0,0.0,0.0,0.0,0.0,0.0,0.0,0.0,1.0,1.0,1.0,1.0,1.0,1.0,1.0,1.0,1.0,1.0,1.0,1.0,1.0,0.0,0.0,0.0,0.0,0.0,0.0,0.0,0.0
AVKR,0.7071067811865475,0.7071067811865475,0.7071067811865475,0.7071067811865475,0.0,0.0,0.4472135954999579,1.0,0.0,0.7071067811865475,0.7071067811865475,0.4472135954999579,0.4472135954999579,0.7071067811865475,0.0,0.0,0.0,0.7071067811865475,0.4082482904638631,0.4082482904638631,0.0,0.0,0.0,0.0,0.0,0.0,0.0,0.0,0.0,0.0,0.0,0.0,0.0,0.0,0.0,0.0,0.0,0.0,0.0,0.0,0.0,0.0,0.0,0.0,0.0,0.0,0.0,0.0,0.0,0.0,0.0,0.0,0.0,0.0,0.7071067811865475,0.7071067811865475,0.2182178902359924,0.2182178902359924,0.2182178902359924,0.2182178902359924,0.0,0.0,0.0,0.0,0.7071067811865475,0.7071067811865475,0.7071067811865475,0.7071067811865475,0.7071067811865475,0.0,0.0,0.0,0.0,0.0,0.0,0.0,0.7071067811865475,0.7071067811865475,0.0,0.0,0.0,0.0,0.0,0.0,0.0,0.0,0.0,0.0,0.0,0.0,0.0,0.0,0.0,0.0,0.7071067811865475,0.7071067811865475,0.0,0.0,0.5773502691896258,0.0,0.0,0.0,0.0,0.0,0.0,0.7071067811865475,0.7071067811865475,0.0,0.0,0.0,0.0,0.0,0.0,0.7071067811865475,0.7071067811865475,1.0,0.0,0.0,0.0,0.0,0.0,0.0,0.0,0.0,1.0,1.0,0.0,0.0,0.7071067811865475,0.7071067811865475,0.0,0.0,0.0,0.0,1.0,0.0,0.0,0.0,0.0,0.8944271909999159,0.0,0.0,1.0,1.0,1.0,1.0,0.6666666666666666,1.0,0.0,0.0,0.0,0.0,0.0,0.0,0.0,0.0,1.0,0.0,0.0,1.0,0.0,0.0,0.0,0.0,0.0,0.0,0.0,0.0,0.0,0.0,0.0,0.0,0.0,0.0,0.0,0.0,0.0,0.0,0.0,0.0,0.0,0.7071067811865475,0.7071067811865475,0.7071067811865475,0.7071067811865475,0.7071067811865475,0.7071067811865475,0.7071067811865475,0.7071067811865475,0.7071067811865475,0.7071067811865475,0.0,0.0,0.0,0.0,0.0,0.0,0.0,0.0,0.0,0.0,1.0,1.0,1.0,1.0,0.0,0.0,0.7071067811865475,0.7071067811865475,0.7071067811865475,0.7071067811865475,0.0,0.0,0.0,0.0,0.7071067811865475,0.7071067811865475,0.7071067811865475,0.7071067811865475,0.0,0.0,0.0,0.0,0.0,0.0,0.0,0.0,0.0,0.0,0.0,0.0,0.0,0.0,0.0,0.0,0.0,0.0,0.0,0.0,0.0,0.0,0.0,0.0,0.0,0.0,0.0,0.0,0.0,0.0,0.0,0.0,0.0,1.0,1.0,1.0,1.0,1.0,1.0,0.0,0.7071067811865475,0.7071067811865475,0.7071067811865475,0.7071067811865475,0.7071067811865475,0.0,0.0,0.0,0.0,0.0,0.0,0.0,0.0,0.0,0.0,0.0,0.0,0.0,0.0,0.0,0.0,0.0,1.0,1.0,1.0,1.0,1.0,1.0,1.0,1.0,1.0,1.0,1.0,1.0,1.0,0.0,0.0,0.0,0.0,0.0,0.0,0.0,0.0
AVL,0.4714045207910316,0.4714045207910316,0.4714045207910316,0.4714045207910316,0.0,0.0,0.29814239699997197,0.6666666666666666,0.0,0.4714045207910316,0.4714045207910316,0.29814239699997197,0.29814239699997197,0.4714045207910316,0.0,0.0,0.0,0.4714045207910316,0.9525793444156805,0.9525793444156805,0.6804138174397718,0.6804138174397718,0.0,0.0,0.0,0.0,0.0,0.0,0.0,0.0,0.7453559924999299,0.7453559924999299,0.0,0.0,0.0,0.0,0.0,0.0,0.0,0.0,0.0,0.0,0.0,0.0,0.0,0.0,0.0,0.0,0.0,0.0,0.0,0.0,0.0,0.0,0.4714045207910316,0.4714045207910316,0.8728715609439694,0.8728715609439694,0.8728715609439694,0.8728715609439694,0.0,0.0,0.0,0.0,0.4714045207910316,0.4714045207910316,0.4714045207910316,0.4714045207910316,0.4714045207910316,0.0,0.0,0.0,0.0,0.0,0.0,0.0,0.4714045207910316,0.4714045207910316,0.0,0.0,0.0,0.0,0.0,0.0,0.7453559924999299,0.7453559924999299,0.6804138174397718,0.6804138174397718,0.0,0.0,0.0,0.0,0.0,0.0,0.4714045207910316,0.4714045207910316,0.0,0.0,0.3849001794597505,0.6804138174397718,0.6804138174397718,0.0,0.0,0.0,0.0,0.4714045207910316,0.4714045207910316,0.0,0.0,0.0,0.0,0.0,0.0,0.4714045207910316,0.4714045207910316,0.6666666666666666,0.0,0.0,0.7453559924999299,0.7453559924999299,0.0,0.0,0.0,0.0,0.6666666666666666,0.6666666666666666,0.6804138174397718,0.6804138174397718,0.4714045207910316,0.4714045207910316,0.0,0.0,0.6804138174397718,0.6804138174397718,0.6666666666666666,0.0,0.0,0.0,0.0,0.5962847939999439,0.0,0.0,0.6666666666666666,0.6666666666666666,0.6666666666666666,0.6666666666666666,1.0,0.6666666666666666,0.0,0.0,0.0,0.0,0.0,0.0,0.0,0.0,0.6666666666666666,0.0,0.0,0.6666666666666666,0.0,0.0,0.0,0.0,0.0,0.0,0.0,0.0,0.0,0.0,0.0,0.0,0.0,0.0,0.0,0.0,0.0,0.0,0.0,0.6804138174397718,0.6804138174397718,0.4714045207910316,0.4714045207910316,0.4714045207910316,0.4714045207910316,0.4714045207910316,0.4714045207910316,0.4714045207910316,0.4714045207910316,0.4714045207910316,0.4714045207910316,0.0,0.0,0.0,0.0,0.0,0.0,0.0,0.0,0.0,0.0,0.6666666666666666,0.6666666666666666,0.6666666666666666,0.6666666666666666,0.0,0.0,0.4714045207910316,0.4714045207910316,0.4714045207910316,0.4714045207910316,0.0,0.0,0.0,0.0,0.4714045207910316,0.4714045207910316,0.4714045207910316,0.4714045207910316,0.0,0.0,0.0,0.0,0.0,0.0,0.0,0.0,0.0,0.0,0.0,0.0,0.0,0.0,0.0,0.0,0.0,0.0,0.0,0.0,0.0,0.0,0.0,0.0,0.0,0.0,0.0,0.0,0.0,0.0,0.0,0.0,0.0,0.6666666666666666,0.6666666666666666,0.6666666666666666,0.6666666666666666,0.6666666666666666,0.6666666666666666,0.0,0.4714045207910316,0.4714045207910316,0.4714045207910316,0.4714045207910316,0.4714045207910316,0.0,0.0,0.0,0.0,0.0,0.0,0.0,0.0,0.0,0.0,0.0,0.0,0.0,0.0,0.0,0.0,0.0,0.6666666666666666,0.6666666666666666,0.6666666666666666,0.6666666666666666,0.6666666666666666,0.6666666666666666,0.6666666666666666,0.6666666666666666,0.6666666666666666,0.6666666666666666,0.6666666666666666,0.6666666666666666,0.6666666666666666,0.6804138174397718,0.6804138174397718,0.0,0.0,0.0,0.6804138174397718,0.6804138174397718,0.0
DVB,0.7071067811865475,0.7071067811865475,0.7071067811865475,0.7071067811865475,0.0,0.0,0.4472135954999579,1.0,0.0,0.7071067811865475,0.7071067811865475,0.4472135954999579,0.4472135954999579,0.7071067811865475,0.0,0.0,0.0,0.7071067811865475,0.4082482904638631,0.4082482904638631,0.0,0.0,0.0,0.0,0.0,0.0,0.0,0.0,0.0,0.0,0.0,0.0,0.0,0.0,0.0,0.0,0.0,0.0,0.0,0.0,0.0,0.0,0.0,0.0,0.0,0.0,0.0,0.0,0.0,0.0,0.0,0.0,0.0,0.0,0.7071067811865475,0.7071067811865475,0.2182178902359924,0.2182178902359924,0.2182178902359924,0.2182178902359924,0.0,0.0,0.0,0.0,0.7071067811865475,0.7071067811865475,0.7071067811865475,0.7071067811865475,0.7071067811865475,0.0,0.0,0.0,0.0,0.0,0.0,0.0,0.7071067811865475,0.7071067811865475,0.0,0.0,0.0,0.0,0.0,0.0,0.0,0.0,0.0,0.0,0.0,0.0,0.0,0.0,0.0,0.0,0.7071067811865475,0.7071067811865475,0.0,0.0,0.5773502691896258,0.0,0.0,0.0,0.0,0.0,0.0,0.7071067811865475,0.7071067811865475,0.0,0.0,0.0,0.0,0.0,0.0,0.7071067811865475,0.7071067811865475,1.0,0.0,0.0,0.0,0.0,0.0,0.0,0.0,0.0,1.0,1.0,0.0,0.0,0.7071067811865475,0.7071067811865475,0.0,0.0,0.0,0.0,1.0,0.0,0.0,0.0,0.0,0.8944271909999159,0.0,0.0,1.0,1.0,1.0,1.0,0.6666666666666666,1.0,0.0,0.0,0.0,0.0,0.0,0.0,0.0,0.0,1.0,0.0,0.0,1.0,0.0,0.0,0.0,0.0,0.0,0.0,0.0,0.0,0.0,0.0,0.0,0.0,0.0,0.0,0.0,0.0,0.0,0.0,0.0,0.0,0.0,0.7071067811865475,0.7071067811865475,0.7071067811865475,0.7071067811865475,0.7071067811865475,0.7071067811865475,0.7071067811865475,0.7071067811865475,0.7071067811865475,0.7071067811865475,0.0,0.0,0.0,0.0,0.0,0.0,0.0,0.0,0.0,0.0,1.0,1.0,1.0,1.0,0.0,0.0,0.7071067811865475,0.7071067811865475,0.7071067811865475,0.7071067811865475,0.0,0.0,0.0,0.0,0.7071067811865475,0.7071067811865475,0.7071067811865475,0.7071067811865475,0.0,0.0,0.0,0.0,0.0,0.0,0.0,0.0,0.0,0.0,0.0,0.0,0.0,0.0,0.0,0.0,0.0,0.0,0.0,0.0,0.0,0.0,0.0,0.0,0.0,0.0,0.0,0.0,0.0,0.0,0.0,0.0,0.0,1.0,1.0,1.0,1.0,1.0,1.0,0.0,0.7071067811865475,0.7071067811865475,0.7071067811865475,0.7071067811865475,0.7071067811865475,0.0,0.0,0.0,0.0,0.0,0.0,0.0,0.0,0.0,0.0,0.0,0.0,0.0,0.0,0.0,0.0,0.0,1.0,1.0,1.0,1.0,1.0,1.0,1.0,1.0,1.0,1.0,1.0,1.0,1.0,0.0,0.0,0.0,0.0,0.0,0.0,0.0,0.0
DVC,0.0,0.0,0.7071067811865475,0.7071067811865475,0.0,1.0,0.8944271909999159,0.0,0.0,0.0,0.0,0.8944271909999159,0.8944271909999159,0.0,0.7071067811865475,0.0,0.0,0.7071067811865475,0.0,0.0,0.0,0.0,1.0,1.0,1.0,1.0,1.0,1.0,1.0,1.0,0.0,0.0,0.0,0.0,1.0,1.0,0.0,0.0,0.0,0.0,1.0,1.0,0.7071067811865475,0.7071067811865475,0.0,0.0,0.0,0.0,0.0,0.0,1.0,1.0,1.0,1.0,0.7071067811865475,0.7071067811865475,0.0,0.0,0.0,0.0,1.0,1.0,1.0,0.0,0.7071067811865475,0.7071067811865475,0.0,0.0,0.0,0.0,1.0,1.0,1.0,1.0,1.0,1.0,0.0,0.0,1.0,1.0,1.0,1.0,1.0,1.0,0.0,0.0,0.4082482904638631,0.4082482904638631,1.0,1.0,1.0,1.0,1.0,1.0,0.0,0.0,0.0,0.0,0.5773502691896258,0.4082482904638631,0.4082482904638631,0.0,0.0,1.0,1.0,0.0,0.0,1.0,1.0,1.0,1.0,1.0,1.0,0.0,0.0,0.0,0.0,0.0,0.0,0.0,0.0,0.0,1.0,1.0,0.0,0.0,0.4082482904638631,0.4082482904638631,0.0,0.0,1.0,1.0,0.0,0.0,0.0,0.0,0.0,0.0,0.0,0.0,0.0,0.0,0.0,0.0,0.0,0.0,0.0,0.0,1.0,0.7071067811865475,0.7071067811865475,0.0,0.0,0.0,0.0,1.0,0.0,0.0,0.0,0.0,0.0,0.0,0.0,0.0,0.0,0.0,0.0,0.0,0.0,0.0,1.0,1.0,0.0,0.0,0.0,0.0,0.0,0.0,0.0,0.4082482904638631,0.4082482904638631,0.7071067811865475,0.7071067811865475,0.7071067811865475,0.7071067811865475,0.7071067811865475,0.7071067811865475,0.0,0.0,0.0,0.0,0.0,0.0,0.0,0.0,0.0,0.0,0.0,0.0,0.0,0.0,0.0,0.0,0.0,0.0,0.0,0.0,0.0,0.0,0.0,0.0,0.0,0.0,0.0,0.0,0.0,0.0,0.0,0.0,0.0,0.0,0.0,0.0,0.0,0.0,0.0,0.0,0.0,0.0,0.0,0.0,0.0,0.0,0.0,0.0,0.0,0.0,0.0,0.0,0.0,0.0,0.0,0.0,0.0,0.0,0.0,0.0,0.0,0.0,0.0,0.0,0.0,0.0,0.0,0.0,0.0,0.0,0.0,0.0,0.0,0.0,0.0,0.0,0.0,0.0,0.0,0.0,0.0,0.0,0.0,0.0,0.0,0.0,0.0,0.0,0.0,0.0,0.0,0.0,0.0,0.0,0.0,0.0,0.0,0.0,0.0,0.0,0.0,0.0,0.0,0.0,0.0,0.0,0.0,0.0,0.0,0.0,0.0,0.0,0.0,0.0,0.0
PVNL,0.4999999999999999,0.4999999999999999,0.4999999999999999,0.4999999999999999,0.7071067811865475,0.7071067811865475,0.6324555320336759,0.0,0.7071067811865475,0.4999999999999999,0.4999999999999999,0.6324555320336759,0.6324555320336759,0.4999999999999999,0.9999999999999998,0.7071067811865475,0.7071067811865475,0.4999999999999999,0.0,0.0,0.2886751345948129,0.2886751345948129,0.7071067811865475,0.7071067811865475,0.7071067811865475,0.7071067811865475,0.7071067811865475,0.7071067811865475,0.7071067811865475,0.7071067811865475,0.0,0.0,0.7071067811865475,0.7071067811865475,0.7071067811865475,0.7071067811865475,0.7071067811865475,0.7071067811865475,0.7071067811865475,0.7071067811865475,0.7071067811865475,0.7071067811865475,0.9999999999999998,0.9999999999999998,0.7071067811865475,0.7071067811865475,0.7071067811865475,0.7071067811865475,0.7071067811865475,0.7071067811865475,0.7071067811865475,0.7071067811865475,0.7071067811865475,0.7071067811865475,0.4999999999999999,0.4999999999999999,0.0,0.0,0.0,0.0,0.7071067811865475,0.7071067811865475,0.7071067811865475,0.0,0.4999999999999999,0.4999999999999999,0.4999999999999999,0.4999999999999999,0.4999999999999999,0.7071067811865475,0.7071067811865475,0.7071067811865475,0.7071067811865475,0.7071067811865475,0.7071067811865475,0.7071067811865475,0.4999999999999999,0.4999999999999999,0.7071067811865475,0.7071067811865475,0.7071067811865475,0.7071067811865475,0.7071067811865475,0.7071067811865475,0.0,0.0,0.2886751345948129,0.2886751345948129,0.7071067811865475,0.7071067811865475,0.7071067811865475,0.7071067811865475,0.7071067811865475,0.7071067811865475,0.4999999999999999,0.4999999999999999,0.7071067811865475,0.7071067811865475,0.8164965809277259,0.2886751345948129,0.2886751345948129,0.7071067811865475,0.7071067811865475,0.7071067811865475,0.7071067811865475,0.4999999999999999,0.4999999999999999,0.7071067811865475,0.7071067811865475,0.7071067811865475,0.7071067811865475,0.7071067811865475,0.7071067811865475,0.4999999999999999,0.4999999999999999,0.0,0.0,0.0,0.0,0.0,0.7071067811865475,0.7071067811865475,0.7071067811865475,0.7071067811865475,0.0,0.0,0.2886751345948129,0.2886751345948129,0.4999999999999999,0.4999999999999999,0.7071067811865475,0.7071067811865475,0.2886751345948129,0.2886751345948129,0.0,0.0,0.0,0.0,0.0,0.31622776601683794,0.0,0.0,0.0,0.0,0.0,0.0,0.0,0.0,0.7071067811865475,1.0,0.9999999999999998,0.7071067811865475,0.7071067811865475,0.0,0.0,0.7071067811865475,0.0,0.0,0.0,0.0,0.7071067811865475,0.7071067811865475,0.7071067811865475,0.7071067811865475,0.7071067811865475,0.7071067811865475,0.7071067811865475,0.7071067811865475,0.7071067811865475,0.7071067811865475,0.7071067811865475,0.7071067811865475,0.7071067811865475,0.7071067811865475,0.7071067811865475,0.7071067811865475,0.7071067811865475,0.7071067811865475,0.7071067811865475,0.2886751345948129,0.2886751345948129,0.4999999999999999,0.4999999999999999,0.4999999999999999,0.4999999999999999,0.4999999999999999,0.4999999999999999,0.4999999999999999,0.4999999999999999,0.4999999999999999,0.4999999999999999,0.7071067811865475,0.7071067811865475,0.7071067811865475,0.7071067811865475,0.7071067811865475,0.7071067811865475,0.7071067811865475,0.7071067811865475,0.7071067811865475,0.7071067811865475,0.0,0.0,0.0,0.0,0.7071067811865475,0.7071067811865475,0.4999999999999999,0.4999999999999999,0.4999999999999999,0.4999999999999999,0.7071067811865475,0.7071067811865475,0.7071067811865475,0.7071067811865475,0.4999999999999999,0.4999999999999999,0.4999999999999999,0.4999999999999999,0.7071067811865475,0.7071067811865475,0.7071067811865475,0.7071067811865475,0.7071067811865475,0.7071067811865475,0.7071067811865475,0.7071067811865475,0.7071067811865475,0.7071067811865475,0.7071067811865475,0.7071067811865475,0.7071067811865475,0.7071067811865475,0.7071067811865475,0.7071067811865475,0.7071067811865475,0.7071067811865475,0.7071067811865475,0.7071067811865475,0.7071067811865475,0.7071067811865475,0.7071067811865475,0.7071067811865475,0.7071067811865475,0.7071067811865475,0.7071067811865475,0.7071067811865475,0.7071067811865475,0.7071067811865475,0.7071067811865475,0.7071067811865475,0.7071067811865475,0.0,0.0,0.0,0.0,0.0,0.0,0.7071067811865475,0.4999999999999999,0.4999999999999999,0.4999999999999999,0.4999999999999999,0.4999999999999999,0.7071067811865475,0.7071067811865475,0.7071067811865475,0.7071067811865475,0.7071067811865475,0.7071067811865475,0.7071067811865475,0.7071067811865475,0.7071067811865475,0.7071067811865475,0.7071067811865475,0.7071067811865475,0.7071067811865475,0.7071067811865475,0.7071067811865475,0.7071067811865475,0.7071067811865475,0.0,0.0,0.0,0.0,0.0,0.0,0.0,0.0,0.0,0.0,0.0,0.0,0.0,0.2886751345948129,0.2886751345948129,0.7071067811865475,0.7071067811865475,0.7071067811865475,0.2886751345948129,0.2886751345948129,0.7071067811865475
PVNR,0.4999999999999999,0.4999999999999999,0.4999999999999999,0.4999999999999999,0.7071067811865475,0.7071067811865475,0.6324555320336759,0.0,0.7071067811865475,0.4999999999999999,0.4999999999999999,0.6324555320336759,0.6324555320336759,0.4999999999999999,0.9999999999999998,0.7071067811865475,0.7071067811865475,0.4999999999999999,0.0,0.0,0.2886751345948129,0.2886751345948129,0.7071067811865475,0.7071067811865475,0.7071067811865475,0.7071067811865475,0.7071067811865475,0.7071067811865475,0.7071067811865475,0.7071067811865475,0.0,0.0,0.7071067811865475,0.7071067811865475,0.7071067811865475,0.7071067811865475,0.7071067811865475,0.7071067811865475,0.7071067811865475,0.7071067811865475,0.7071067811865475,0.7071067811865475,0.9999999999999998,0.9999999999999998,0.7071067811865475,0.7071067811865475,0.7071067811865475,0.7071067811865475,0.7071067811865475,0.7071067811865475,0.7071067811865475,0.7071067811865475,0.7071067811865475,0.7071067811865475,0.4999999999999999,0.4999999999999999,0.0,0.0,0.0,0.0,0.7071067811865475,0.7071067811865475,0.7071067811865475,0.0,0.4999999999999999,0.4999999999999999,0.4999999999999999,0.4999999999999999,0.4999999999999999,0.7071067811865475,0.7071067811865475,0.7071067811865475,0.7071067811865475,0.7071067811865475,0.7071067811865475,0.7071067811865475,0.4999999999999999,0.4999999999999999,0.7071067811865475,0.7071067811865475,0.7071067811865475,0.7071067811865475,0.7071067811865475,0.7071067811865475,0.0,0.0,0.2886751345948129,0.2886751345948129,0.7071067811865475,0.7071067811865475,0.7071067811865475,0.7071067811865475,0.7071067811865475,0.7071067811865475,0.4999999999999999,0.4999999999999999,0.7071067811865475,0.7071067811865475,0.8164965809277259,0.2886751345948129,0.2886751345948129,0.7071067811865475,0.7071067811865475,0.7071067811865475,0.7071067811865475,0.4999999999999999,0.4999999999999999,0.7071067811865475,0.7071067811865475,0.7071067811865475,0.7071067811865475,0.7071067811865475,0.7071067811865475,0.4999999999999999,0.4999999999999999,0.0,0.0,0.0,0.0,0.0,0.7071067811865475,0.7071067811865475,0.7071067811865475,0.7071067811865475,0.0,0.0,0.2886751345948129,0.2886751345948129,0.4999999999999999,0.4999999999999999,0.7071067811865475,0.7071067811865475,0.2886751345948129,0.2886751345948129,0.0,0.0,0.0,0.0,0.0,0.31622776601683794,0.0,0.0,0.0,0.0,0.0,0.0,0.0,0.0,0.7071067811865475,0.9999999999999998,1.0,0.7071067811865475,0.7071067811865475,0.0,0.0,0.7071067811865475,0.0,0.0,0.0,0.0,0.7071067811865475,0.7071067811865475,0.7071067811865475,0.7071067811865475,0.7071067811865475,0.7071067811865475,0.7071067811865475,0.7071067811865475,0.7071067811865475,0.7071067811865475,0.7071067811865475,0.7071067811865475,0.7071067811865475,0.7071067811865475,0.7071067811865475,0.7071067811865475,0.7071067811865475,0.7071067811865475,0.7071067811865475,0.2886751345948129,0.2886751345948129,0.4999999999999999,0.4999999999999999,0.4999999999999999,0.4999999999999999,0.4999999999999999,0.4999999999999999,0.4999999999999999,0.4999999999999999,0.4999999999999999,0.4999999999999999,0.7071067811865475,0.7071067811865475,0.7071067811865475,0.7071067811865475,0.7071067811865475,0.7071067811865475,0.7071067811865475,0.7071067811865475,0.7071067811865475,0.7071067811865475,0.0,0.0,0.0,0.0,0.7071067811865475,0.7071067811865475,0.4999999999999999,0.4999999999999999,0.4999999999999999,0.4999999999999999,0.7071067811865475,0.7071067811865475,0.7071067811865475,0.7071067811865475,0.4999999999999999,0.4999999999999999,0.4999999999999999,0.4999999999999999,0.7071067811865475,0.7071067811865475,0.7071067811865475,0.7071067811865475,0.7071067811865475,0.7071067811865475,0.7071067811865475,0.7071067811865475,0.7071067811865475,0.7071067811865475,0.7071067811865475,0.7071067811865475,0.7071067811865475,0.7071067811865475,0.7071067811865475,0.7071067811865475,0.7071067811865475,0.7071067811865475,0.7071067811865475,0.7071067811865475,0.7071067811865475,0.7071067811865475,0.7071067811865475,0.7071067811865475,0.7071067811865475,0.7071067811865475,0.7071067811865475,0.7071067811865475,0.7071067811865475,0.7071067811865475,0.7071067811865475,0.7071067811865475,0.7071067811865475,0.0,0.0,0.0,0.0,0.0,0.0,0.7071067811865475,0.4999999999999999,0.4999999999999999,0.4999999999999999,0.4999999999999999,0.4999999999999999,0.7071067811865475,0.7071067811865475,0.7071067811865475,0.7071067811865475,0.7071067811865475,0.7071067811865475,0.7071067811865475,0.7071067811865475,0.7071067811865475,0.7071067811865475,0.7071067811865475,0.7071067811865475,0.7071067811865475,0.7071067811865475,0.7071067811865475,0.7071067811865475,0.7071067811865475,0.0,0.0,0.0,0.0,0.0,0.0,0.0,0.0,0.0,0.0,0.0,0.0,0.0,0.2886751345948129,0.2886751345948129,0.7071067811865475,0.7071067811865475,0.7071067811865475,0.2886751345948129,0.2886751345948129,0.7071067811865475
PVPL,0.7071067811865475,0.7071067811865475,0.0,0.0,1.0,0.0,0.0,0.0,1.0,0.7071067811865475,0.7071067811865475,0.0,0.0,0.7071067811865475,0.7071067811865475,1.0,1.0,0.0,0.0,0.0,0.4082482904638631,0.4082482904638631,0.0,0.0,0.0,0.0,0.0,0.0,0.0,0.0,0.0,0.0,1.0,1.0,0.0,0.0,1.0,1.0,1.0,1.0,0.0,0.0,0.7071067811865475,0.7071067811865475,1.0,1.0,1.0,1.0,1.0,1.0,0.0,0.0,0.0,0.0,0.0,0.0,0.0,0.0,0.0,0.0,0.0,0.0,0.0,0.0,0.0,0.0,0.7071067811865475,0.7071067811865475,0.7071067811865475,1.0,0.0,0.0,0.0,0.0,0.0,0.0,0.7071067811865475,0.7071067811865475,0.0,0.0,0.0,0.0,0.0,0.0,0.0,0.0,0.0,0.0,0.0,0.0,0.0,0.0,0.0,0.0,0.7071067811865475,0.7071067811865475,1.0,1.0,0.5773502691896258,0.0,0.0,1.0,1.0,0.0,0.0,0.7071067811865475,0.7071067811865475,0.0,0.0,0.0,0.0,0.0,0.0,0.7071067811865475,0.7071067811865475,0.0,0.0,0.0,0.0,0.0,1.0,1.0,0.0,0.0,0.0,0.0,0.0,0.0,0.7071067811865475,0.7071067811865475,0.0,0.0,0.4082482904638631,0.4082482904638631,0.0,0.0,0.0,0.0,0.0,0.4472135954999579,0.0,0.0,0.0,0.0,0.0,0.0,0.0,0.0,0.0,0.7071067811865475,0.7071067811865475,1.0,1.0,0.0,0.0,0.0,0.0,0.0,0.0,0.0,1.0,1.0,1.0,1.0,1.0,1.0,1.0,1.0,1.0,1.0,0.0,0.0,1.0,1.0,1.0,1.0,1.0,1.0,1.0,0.0,0.0,0.0,0.0,0.0,0.0,0.0,0.0,0.7071067811865475,0.7071067811865475,0.7071067811865475,0.7071067811865475,1.0,1.0,1.0,1.0,1.0,1.0,1.0,1.0,1.0,1.0,0.0,0.0,0.0,0.0,1.0,1.0,0.7071067811865475,0.7071067811865475,0.7071067811865475,0.7071067811865475,1.0,1.0,1.0,1.0,0.7071067811865475,0.7071067811865475,0.7071067811865475,0.7071067811865475,1.0,1.0,1.0,1.0,1.0,1.0,1.0,1.0,1.0,1.0,1.0,1.0,1.0,1.0,1.0,1.0,1.0,1.0,1.0,1.0,1.0,1.0,1.0,1.0,1.0,1.0,1.0,1.0,1.0,1.0,1.0,1.0,1.0,0.0,0.0,0.0,0.0,0.0,0.0,1.0,0.7071067811865475,0.7071067811865475,0.7071067811865475,0.7071067811865475,0.7071067811865475,1.0,1.0,1.0,1.0,1.0,1.0,1.0,1.0,1.0,1.0,1.0,1.0,1.0,1.0,1.0,1.0,1.0,0.0,0.0,0.0,0.0,0.0,0.0,0.0,0.0,0.0,0.0,0.0,0.0,0.0,0.4082482904638631,0.4082482904638631,1.0,1.0,1.0,0.4082482904638631,0.4082482904638631,1.0
PVPR,0.7071067811865475,0.7071067811865475,0.0,0.0,1.0,0.0,0.0,0.0,1.0,0.7071067811865475,0.7071067811865475,0.0,0.0,0.7071067811865475,0.7071067811865475,1.0,1.0,0.0,0.0,0.0,0.4082482904638631,0.4082482904638631,0.0,0.0,0.0,0.0,0.0,0.0,0.0,0.0,0.0,0.0,1.0,1.0,0.0,0.0,1.0,1.0,1.0,1.0,0.0,0.0,0.7071067811865475,0.7071067811865475,1.0,1.0,1.0,1.0,1.0,1.0,0.0,0.0,0.0,0.0,0.0,0.0,0.0,0.0,0.0,0.0,0.0,0.0,0.0,0.0,0.0,0.0,0.7071067811865475,0.7071067811865475,0.7071067811865475,1.0,0.0,0.0,0.0,0.0,0.0,0.0,0.7071067811865475,0.7071067811865475,0.0,0.0,0.0,0.0,0.0,0.0,0.0,0.0,0.0,0.0,0.0,0.0,0.0,0.0,0.0,0.0,0.7071067811865475,0.7071067811865475,1.0,1.0,0.5773502691896258,0.0,0.0,1.0,1.0,0.0,0.0,0.7071067811865475,0.7071067811865475,0.0,0.0,0.0,0.0,0.0,0.0,0.7071067811865475,0.7071067811865475,0.0,0.0,0.0,0.0,0.0,1.0,1.0,0.0,0.0,0.0,0.0,0.0,0.0,0.7071067811865475,0.7071067811865475,0.0,0.0,0.4082482904638631,0.4082482904638631,0.0,0.0,0.0,0.0,0.0,0.4472135954999579,0.0,0.0,0.0,0.0,0.0,0.0,0.0,0.0,0.0,0.7071067811865475,0.7071067811865475,1.0,1.0,0.0,0.0,0.0,0.0,0.0,0.0,0.0,1.0,1.0,1.0,1.0,1.0,1.0,1.0,1.0,1.0,1.0,0.0,0.0,1.0,1.0,1.0,1.0,1.0,1.0,1.0,0.0,0.0,0.0,0.0,0.0,0.0,0.0,0.0,0.7071067811865475,0.7071067811865475,0.7071067811865475,0.7071067811865475,1.0,1.0,1.0,1.0,1.0,1.0,1.0,1.0,1.0,1.0,0.0,0.0,0.0,0.0,1.0,1.0,0.7071067811865475,0.7071067811865475,0.7071067811865475,0.7071067811865475,1.0,1.0,1.0,1.0,0.7071067811865475,0.7071067811865475,0.7071067811865475,0.7071067811865475,1.0,1.0,1.0,1.0,1.0,1.0,1.0,1.0,1.0,1.0,1.0,1.0,1.0,1.0,1.0,1.0,1.0,1.0,1.0,1.0,1.0,1.0,1.0,1.0,1.0,1.0,1.0,1.0,1.0,1.0,1.0,1.0,1.0,0.0,0.0,0.0,0.0,0.0,0.0,1.0,0.7071067811865475,0.7071067811865475,0.7071067811865475,0.7071067811865475,0.7071067811865475,1.0,1.0,1.0,1.0,1.0,1.0,1.0,1.0,1.0,1.0,1.0,1.0,1.0,1.0,1.0,1.0,1.0,0.0,0.0,0.0,0.0,0.0,0.0,0.0,0.0,0.0,0.0,0.0,0.0,0.0,0.4082482904638631,0.4082482904638631,1.0,1.0,1.0,0.4082482904638631,0.4082482904638631,1.0
PVQL,0.0,0.0,0.0,0.0,0.0,0.0,0.0,0.0,0.0,0.0,0.0,0.0,0.0,0.0,0.0,0.0,0.0,0.0,0.0,0.0,0.0,0.0,0.0,0.0,0.0,0.0,0.0,0.0,0.0,0.0,0.0,0.0,0.0,0.0,0.0,0.0,0.0,0.0,0.0,0.0,0.0,0.0,0.0,0.0,0.0,0.0,0.0,0.0,0.0,0.0,0.0,0.0,0.0,0.0,0.0,0.0,0.0,0.0,0.0,0.0,0.0,0.0,0.0,1.0,0.0,0.0,0.0,0.0,0.0,0.0,0.0,0.0,0.0,0.0,0.0,0.0,0.0,0.0,0.0,0.0,0.0,0.0,0.0,0.0,0.0,0.0,0.0,0.0,0.0,0.0,0.0,0.0,0.0,0.0,0.0,0.0,0.0,0.0,0.0,0.0,0.0,0.0,0.0,0.0,0.0,0.0,0.0,0.0,0.0,0.0,0.0,0.0,0.0,0.0,0.0,0.0,1.0,1.0,0.0,0.0,0.0,0.0,0.0,0.0,0.0,0.0,0.0,0.0,0.0,0.0,0.0,0.0,0.0,0.0,0.0,1.0,1.0,1.0,1.0,0.0,1.0,1.0,0.0,0.0,0.0,0.0,0.0,0.0,0.0,0.0,0.0,0.0,0.0,1.0,1.0,0.0,0.0,1.0,1.0,0.0,0.0,0.0,0.0,0.0,0.0,0.0,0.0,0.0,0.0,0.0,0.0,0.0,0.0,0.0,0.0,0.0,0.0,0.0,0.0,0.0,0.0,0.0,0.0,0.0,0.0,0.0,0.0,0.0,0.0,0.0,0.0,0.0,0.0,0.0,0.0,0.0,0.0,0.0,0.0,0.0,0.0,0.0,0.0,0.0,0.0,0.0,0.0,0.0,0.0,0.0,0.0,0.0,0.0,0.0,0.0,0.0,0.0,0.0,0.0,0.0,0.0,0.0,0.0,0.0,0.0,0.0,0.0,0.0,0.0,0.0,0.0,0.0,0.0,0.0,0.0,0.0,0.0,0.0,0.0,0.0,0.0,0.0,0.0,0.0,0.0,0.0,0.0,0.0,0.0,0.0,0.0,0.0,0.0,0.0,0.0,0.0,0.0,0.0,0.0,0.0,0.0,0.0,0.0,0.0,0.0,0.0,0.0,0.0,0.0,0.0,0.0,0.0,0.0,0.0,0.0,0.0,0.0,0.0,0.0,0.0,0.0,0.0,0.0,0.0,0.0,0.0,0.0,0.0,0.0,0.0,0.0,0.0,0.0,0.0,0.0,0.0,0.0,0.0,0.0,0.0,0.0,0.0
PVQR,0.0,0.0,0.0,0.0,0.0,0.0,0.0,0.0,0.0,0.0,0.0,0.0,0.0,0.0,0.0,0.0,0.0,0.0,0.0,0.0,0.0,0.0,0.0,0.0,0.0,0.0,0.0,0.0,0.0,0.0,0.0,0.0,0.0,0.0,0.0,0.0,0.0,0.0,0.0,0.0,0.0,0.0,0.0,0.0,0.0,0.0,0.0,0.0,0.0,0.0,0.0,0.0,0.0,0.0,0.0,0.0,0.0,0.0,0.0,0.0,0.0,0.0,0.0,1.0,0.0,0.0,0.0,0.0,0.0,0.0,0.0,0.0,0.0,0.0,0.0,0.0,0.0,0.0,0.0,0.0,0.0,0.0,0.0,0.0,0.0,0.0,0.0,0.0,0.0,0.0,0.0,0.0,0.0,0.0,0.0,0.0,0.0,0.0,0.0,0.0,0.0,0.0,0.0,0.0,0.0,0.0,0.0,0.0,0.0,0.0,0.0,0.0,0.0,0.0,0.0,0.0,1.0,1.0,0.0,0.0,0.0,0.0,0.0,0.0,0.0,0.0,0.0,0.0,0.0,0.0,0.0,0.0,0.0,0.0,0.0,1.0,1.0,1.0,1.0,0.0,1.0,1.0,0.0,0.0,0.0,0.0,0.0,0.0,0.0,0.0,0.0,0.0,0.0,1.0,1.0,0.0,0.0,1.0,1.0,0.0,0.0,0.0,0.0,0.0,0.0,0.0,0.0,0.0,0.0,0.0,0.0,0.0,0.0,0.0,0.0,0.0,0.0,0.0,0.0,0.0,0.0,0.0,0.0,0.0,0.0,0.0,0.0,0.0,0.0,0.0,0.0,0.0,0.0,0.0,0.0,0.0,0.0,0.0,0.0,0.0,0.0,0.0,0.0,0.0,0.0,0.0,0.0,0.0,0.0,0.0,0.0,0.0,0.0,0.0,0.0,0.0,0.0,0.0,0.0,0.0,0.0,0.0,0.0,0.0,0.0,0.0,0.0,0.0,0.0,0.0,0.0,0.0,0.0,0.0,0.0,0.0,0.0,0.0,0.0,0.0,0.0,0.0,0.0,0.0,0.0,0.0,0.0,0.0,0.0,0.0,0.0,0.0,0.0,0.0,0.0,0.0,0.0,0.0,0.0,0.0,0.0,0.0,0.0,0.0,0.0,0.0,0.0,0.0,0.0,0.0,0.0,0.0,0.0,0.0,0.0,0.0,0.0,0.0,0.0,0.0,0.0,0.0,0.0,0.0,0.0,0.0,0.0,0.0,0.0,0.0,0.0,0.0,0.0,0.0,0.0,0.0,0.0,0.0,0.0,0.0,0.0,0.0
PVR,0.0,0.0,0.7071067811865475,0.7071067811865475,0.0,1.0,0.8944271909999159,0.0,0.0,0.0,0.0,0.8944271909999159,0.8944271909999159,0.0,0.7071067811865475,0.0,0.0,0.7071067811865475,0.0,0.0,0.0,0.0,1.0,1.0,1.0,1.0,1.0,1.0,1.0,1.0,0.0,0.0,0.0,0.0,1.0,1.0,0.0,0.0,0.0,0.0,1.0,1.0,0.7071067811865475,0.7071067811865475,0.0,0.0,0.0,0.0,0.0,0.0,1.0,1.0,1.0,1.0,0.7071067811865475,0.7071067811865475,0.0,0.0,0.0,0.0,1.0,1.0,1.0,0.0,0.7071067811865475,0.7071067811865475,0.0,0.0,0.0,0.0,1.0,1.0,1.0,1.0,1.0,1.0,0.0,0.0,1.0,1.0,1.0,1.0,1.0,1.0,0.0,0.0,0.4082482904638631,0.4082482904638631,1.0,1.0,1.0,1.0,1.0,1.0,0.0,0.0,0.0,0.0,0.5773502691896258,0.4082482904638631,0.4082482904638631,0.0,0.0,1.0,1.0,0.0,0.0,1.0,1.0,1.0,1.0,1.0,1.0,0.0,0.0,0.0,0.0,0.0,0.0,0.0,0.0,0.0,1.0,1.0,0.0,0.0,0.4082482904638631,0.4082482904638631,0.0,0.0,1.0,1.0,0.0,0.0,0.0,0.0,0.0,0.0,0.0,0.0,0.0,0.0,0.0,0.0,0.0,0.0,0.0,0.0,1.0,0.7071067811865475,0.7071067811865475,0.0,0.0,0.0,0.0,1.0,0.0,0.0,0.0,0.0,0.0,0.0,0.0,0.0,0.0,0.0,0.0,0.0,0.0,0.0,1.0,1.0,0.0,0.0,0.0,0.0,0.0,0.0,0.0,0.4082482904638631,0.4082482904638631,0.7071067811865475,0.7071067811865475,0.7071067811865475,0.7071067811865475,0.7071067811865475,0.7071067811865475,0.0,0.0,0.0,0.0,0.0,0.0,0.0,0.0,0.0,0.0,0.0,0.0,0.0,0.0,0.0,0.0,0.0,0.0,0.0,0.0,0.0,0.0,0.0,0.0,0.0,0.0,0.0,0.0,0.0,0.0,0.0,0.0,0.0,0.0,0.0,0.0,0.0,0.0,0.0,0.0,0.0,0.0,0.0,0.0,0.0,0.0,0.0,0.0,0.0,0.0,0.0,0.0,0.0,0.0,0.0,0.0,0.0,0.0,0.0,0.0,0.0,0.0,0.0,0.0,0.0,0.0,0.0,0.0,0.0,0.0,0.0,0.0,0.0,0.0,0.0,0.0,0.0,0.0,0.0,0.0,0.0,0.0,0.0,0.0,0.0,0.0,0.0,0.0,0.0,0.0,0.0,0.0,0.0,0.0,0.0,0.0,0.0,0.0,0.0,0.0,0.0,0.0,0.0,0.0,0.0,0.0,0.0,0.0,0.0,0.0,0.0,0.0,0.0,0.0,0.0
PVT,0.7071067811865475,0.7071067811865475,0.7071067811865475,0.7071067811865475,0.0,0.0,0.4472135954999579,1.0,0.0,0.7071067811865475,0.7071067811865475,0.4472135954999579,0.4472135954999579,0.7071067811865475,0.0,0.0,0.0,0.7071067811865475,0.4082482904638631,0.4082482904638631,0.0,0.0,0.0,0.0,0.0,0.0,0.0,0.0,0.0,0.0,0.0,0.0,0.0,0.0,0.0,0.0,0.0,0.0,0.0,0.0,0.0,0.0,0.0,0.0,0.0,0.0,0.0,0.0,0.0,0.0,0.0,0.0,0.0,0.0,0.7071067811865475,0.7071067811865475,0.2182178902359924,0.2182178902359924,0.2182178902359924,0.2182178902359924,0.0,0.0,0.0,0.0,0.7071067811865475,0.7071067811865475,0.7071067811865475,0.7071067811865475,0.7071067811865475,0.0,0.0,0.0,0.0,0.0,0.0,0.0,0.7071067811865475,0.7071067811865475,0.0,0.0,0.0,0.0,0.0,0.0,0.0,0.0,0.0,0.0,0.0,0.0,0.0,0.0,0.0,0.0,0.7071067811865475,0.7071067811865475,0.0,0.0,0.5773502691896258,0.0,0.0,0.0,0.0,0.0,0.0,0.7071067811865475,0.7071067811865475,0.0,0.0,0.0,0.0,0.0,0.0,0.7071067811865475,0.7071067811865475,1.0,0.0,0.0,0.0,0.0,0.0,0.0,0.0,0.0,1.0,1.0,0.0,0.0,0.7071067811865475,0.7071067811865475,0.0,0.0,0.0,0.0,1.0,0.0,0.0,0.0,0.0,0.8944271909999159,0.0,0.0,1.0,1.0,1.0,1.0,0.6666666666666666,1.0,0.0,0.0,0.0,0.0,0.0,0.0,0.0,0.0,1.0,0.0,0.0,1.0,0.0,0.0,0.0,0.0,0.0,0.0,0.0,0.0,0.0,0.0,0.0,0.0,0.0,0.0,0.0,0.0,0.0,0.0,0.0,0.0,0.0,0.7071067811865475,0.7071067811865475,0.7071067811865475,0.7071067811865475,0.7071067811865475,0.7071067811865475,0.7071067811865475,0.7071067811865475,0.7071067811865475,0.7071067811865475,0.0,0.0,0.0,0.0,0.0,0.0,0.0,0.0,0.0,0.0,1.0,1.0,1.0,1.0,0.0,0.0,0.7071067811865475,0.7071067811865475,0.7071067811865475,0.7071067811865475,0.0,0.0,0.0,0.0,0.7071067811865475,0.7071067811865475,0.7071067811865475,0.7071067811865475,0.0,0.0,0.0,0.0,0.0,0.0,0.0,0.0,0.0,0.0,0.0,0.0,0.0,0.0,0.0,0.0,0.0,0.0,0.0,0.0,0.0,0.0,0.0,0.0,0.0,0.0,0.0,0.0,0.0,0.0,0.0,0.0,0.0,1.0,1.0,1.0,1.0,1.0,1.0,0.0,0.7071067811865475,0.7071067811865475,0.7071067811865475,0.7071067811865475,0.7071067811865475,0.0,0.0,0.0,0.0,0.0,0.0,0.0,0.0,0.0,0.0,0.0,0.0,0.0,0.0,0.0,0.0,0.0,1.0,1.0,1.0,1.0,1.0,1.0,1.0,1.0,1.0,1.0,1.0,1.0,1.0,0.0,0.0,0.0,0.0,0.0,0.0,0.0,0.0
PVWL,0.0,0.0,0.0,0.0,0.0,0.0,0.0,0.0,0.0,0.0,0.0,0.0,0.0,0.0,0.0,0.0,0.0,0.0,0.0,0.0,0.0,0.0,0.0,0.0,0.0,0.0,0.0,0.0,0.0,0.0,0.0,0.0,0.0,0.0,0.0,0.0,0.0,0.0,0.0,0.0,0.0,0.0,0.0,0.0,0.0,0.0,0.0,0.0,0.0,0.0,0.0,0.0,0.0,0.0,0.0,0.0,0.0,0.0,0.0,0.0,0.0,0.0,0.0,1.0,0.0,0.0,0.0,0.0,0.0,0.0,0.0,0.0,0.0,0.0,0.0,0.0,0.0,0.0,0.0,0.0,0.0,0.0,0.0,0.0,0.0,0.0,0.0,0.0,0.0,0.0,0.0,0.0,0.0,0.0,0.0,0.0,0.0,0.0,0.0,0.0,0.0,0.0,0.0,0.0,0.0,0.0,0.0,0.0,0.0,0.0,0.0,0.0,0.0,0.0,0.0,0.0,1.0,1.0,0.0,0.0,0.0,0.0,0.0,0.0,0.0,0.0,0.0,0.0,0.0,0.0,0.0,0.0,0.0,0.0,0.0,1.0,1.0,1.0,1.0,0.0,1.0,1.0,0.0,0.0,0.0,0.0,0.0,0.0,0.0,0.0,0.0,0.0,0.0,1.0,1.0,0.0,0.0,1.0,1.0,0.0,0.0,0.0,0.0,0.0,0.0,0.0,0.0,0.0,0.0,0.0,0.0,0.0,0.0,0.0,0.0,0.0,0.0,0.0,0.0,0.0,0.0,0.0,0.0,0.0,0.0,0.0,0.0,0.0,0.0,0.0,0.0,0.0,0.0,0.0,0.0,0.0,0.0,0.0,0.0,0.0,0.0,0.0,0.0,0.0,0.0,0.0,0.0,0.0,0.0,0.0,0.0,0.0,0.0,0.0,0.0,0.0,0.0,0.0,0.0,0.0,0.0,0.0,0.0,0.0,0.0,0.0,0.0,0.0,0.0,0.0,0.0,0.0,0.0,0.0,0.0,0.0,0.0,0.0,0.0,0.0,0.0,0.0,0.0,0.0,0.0,0.0,0.0,0.0,0.0,0.0,0.0,0.0,0.0,0.0,0.0,0.0,0.0,0.0,0.0,0.0,0.0,0.0,0.0,0.0,0.0,0.0,0.0,0.0,0.0,0.0,0.0,0.0,0.0,0.0,0.0,0.0,0.0,0.0,0.0,0.0,0.0,0.0,0.0,0.0,0.0,0.0,0.0,0.0,0.0,0.0,0.0,0.0,0.0,0.0,0.0,0.0,0.0,0.0,0.0,0.0,0.0,0.0
PVWR,0.0,0.0,0.0,0.0,0.0,0.0,0.0,0.0,0.0,0.0,0.0,0.0,0.0,0.0,0.0,0.0,0.0,0.0,0.0,0.0,0.0,0.0,0.0,0.0,0.0,0.0,0.0,0.0,0.0,0.0,0.0,0.0,0.0,0.0,0.0,0.0,0.0,0.0,0.0,0.0,0.0,0.0,0.0,0.0,0.0,0.0,0.0,0.0,0.0,0.0,0.0,0.0,0.0,0.0,0.0,0.0,0.0,0.0,0.0,0.0,0.0,0.0,0.0,1.0,0.0,0.0,0.0,0.0,0.0,0.0,0.0,0.0,0.0,0.0,0.0,0.0,0.0,0.0,0.0,0.0,0.0,0.0,0.0,0.0,0.0,0.0,0.0,0.0,0.0,0.0,0.0,0.0,0.0,0.0,0.0,0.0,0.0,0.0,0.0,0.0,0.0,0.0,0.0,0.0,0.0,0.0,0.0,0.0,0.0,0.0,0.0,0.0,0.0,0.0,0.0,0.0,1.0,1.0,0.0,0.0,0.0,0.0,0.0,0.0,0.0,0.0,0.0,0.0,0.0,0.0,0.0,0.0,0.0,0.0,0.0,1.0,1.0,1.0,1.0,0.0,1.0,1.0,0.0,0.0,0.0,0.0,0.0,0.0,0.0,0.0,0.0,0.0,0.0,1.0,1.0,0.0,0.0,1.0,1.0,0.0,0.0,0.0,0.0,0.0,0.0,0.0,0.0,0.0,0.0,0.0,0.0,0.0,0.0,0.0,0.0,0.0,0.0,0.0,0.0,0.0,0.0,0.0,0.0,0.0,0.0,0.0,0.0,0.0,0.0,0.0,0.0,0.0,0.0,0.0,0.0,0.0,0.0,0.0,0.0,0.0,0.0,0.0,0.0,0.0,0.0,0.0,0.0,0.0,0.0,0.0,0.0,0.0,0.0,0.0,0.0,0.0,0.0,0.0,0.0,0.0,0.0,0.0,0.0,0.0,0.0,0.0,0.0,0.0,0.0,0.0,0.0,0.0,0.0,0.0,0.0,0.0,0.0,0.0,0.0,0.0,0.0,0.0,0.0,0.0,0.0,0.0,0.0,0.0,0.0,0.0,0.0,0.0,0.0,0.0,0.0,0.0,0.0,0.0,0.0,0.0,0.0,0.0,0.0,0.0,0.0,0.0,0.0,0.0,0.0,0.0,0.0,0.0,0.0,0.0,0.0,0.0,0.0,0.0,0.0,0.0,0.0,0.0,0.0,0.0,0.0,0.0,0.0,0.0,0.0,0.0,0.0,0.0,0.0,0.0,0.0,0.0,0.0,0.0,0.0,0.0,0.0,0.0
RID,0.7071067811865475,0.7071067811865475,0.7071067811865475,0.7071067811865475,0.0,0.0,0.4472135954999579,1.0,0.0,0.7071067811865475,0.7071067811865475,0.4472135954999579,0.4472135954999579,0.7071067811865475,0.0,0.0,0.0,0.7071067811865475,0.4082482904638631,0.4082482904638631,0.0,0.0,0.0,0.0,0.0,0.0,0.0,0.0,0.0,0.0,0.0,0.0,0.0,0.0,0.0,0.0,0.0,0.0,0.0,0.0,0.0,0.0,0.0,0.0,0.0,0.0,0.0,0.0,0.0,0.0,0.0,0.0,0.0,0.0,0.7071067811865475,0.7071067811865475,0.2182178902359924,0.2182178902359924,0.2182178902359924,0.2182178902359924,0.0,0.0,0.0,0.0,0.7071067811865475,0.7071067811865475,0.7071067811865475,0.7071067811865475,0.7071067811865475,0.0,0.0,0.0,0.0,0.0,0.0,0.0,0.7071067811865475,0.7071067811865475,0.0,0.0,0.0,0.0,0.0,0.0,0.0,0.0,0.0,0.0,0.0,0.0,0.0,0.0,0.0,0.0,0.7071067811865475,0.7071067811865475,0.0,0.0,0.5773502691896258,0.0,0.0,0.0,0.0,0.0,0.0,0.7071067811865475,0.7071067811865475,0.0,0.0,0.0,0.0,0.0,0.0,0.7071067811865475,0.7071067811865475,1.0,0.0,0.0,0.0,0.0,0.0,0.0,0.0,0.0,1.0,1.0,0.0,0.0,0.7071067811865475,0.7071067811865475,0.0,0.0,0.0,0.0,1.0,0.0,0.0,0.0,0.0,0.8944271909999159,0.0,0.0,1.0,1.0,1.0,1.0,0.6666666666666666,1.0,0.0,0.0,0.0,0.0,0.0,0.0,0.0,0.0,1.0,0.0,0.0,1.0,0.0,0.0,0.0,0.0,0.0,0.0,0.0,0.0,0.0,0.0,0.0,0.0,0.0,0.0,0.0,0.0,0.0,0.0,0.0,0.0,0.0,0.7071067811865475,0.7071067811865475,0.7071067811865475,0.7071067811865475,0.7071067811865475,0.7071067811865475,0.7071067811865475,0.7071067811865475,0.7071067811865475,0.7071067811865475,0.0,0.0,0.0,0.0,0.0,0.0,0.0,0.0,0.0,0.0,1.0,1.0,1.0,1.0,0.0,0.0,0.7071067811865475,0.7071067811865475,0.7071067811865475,0.7071067811865475,0.0,0.0,0.0,0.0,0.7071067811865475,0.7071067811865475,0.7071067811865475,0.7071067811865475,0.0,0.0,0.0,0.0,0.0,0.0,0.0,0.0,0.0,0.0,0.0,0.0,0.0,0.0,0.0,0.0,0.0,0.0,0.0,0.0,0.0,0.0,0.0,0.0,0.0,0.0,0.0,0.0,0.0,0.0,0.0,0.0,0.0,1.0,1.0,1.0,1.0,1.0,1.0,0.0,0.7071067811865475,0.7071067811865475,0.7071067811865475,0.7071067811865475,0.7071067811865475,0.0,0.0,0.0,0.0,0.0,0.0,0.0,0.0,0.0,0.0,0.0,0.0,0.0,0.0,0.0,0.0,0.0,1.0,1.0,1.0,1.0,1.0,1.0,1.0,1.0,1.0,1.0,1.0,1.0,1.0,0.0,0.0,0.0,0.0,0.0,0.0,0.0,0.0
PVCL,0.7071067811865475,0.7071067811865475,0.0,0.0,1.0,0.0,0.0,0.0,1.0,0.7071067811865475,0.7071067811865475,0.0,0.0,0.7071067811865475,0.7071067811865475,1.0,1.0,0.0,0.0,0.0,0.4082482904638631,0.4082482904638631,0.0,0.0,0.0,0.0,0.0,0.0,0.0,0.0,0.0,0.0,1.0,1.0,0.0,0.0,1.0,1.0,1.0,1.0,0.0,0.0,0.7071067811865475,0.7071067811865475,1.0,1.0,1.0,1.0,1.0,1.0,0.0,0.0,0.0,0.0,0.0,0.0,0.0,0.0,0.0,0.0,0.0,0.0,0.0,0.0,0.0,0.0,0.7071067811865475,0.7071067811865475,0.7071067811865475,1.0,0.0,0.0,0.0,0.0,0.0,0.0,0.7071067811865475,0.7071067811865475,0.0,0.0,0.0,0.0,0.0,0.0,0.0,0.0,0.0,0.0,0.0,0.0,0.0,0.0,0.0,0.0,0.7071067811865475,0.7071067811865475,1.0,1.0,0.5773502691896258,0.0,0.0,1.0,1.0,0.0,0.0,0.7071067811865475,0.7071067811865475,0.0,0.0,0.0,0.0,0.0,0.0,0.7071067811865475,0.7071067811865475,0.0,0.0,0.0,0.0,0.0,1.0,1.0,0.0,0.0,0.0,0.0,0.0,0.0,0.7071067811865475,0.7071067811865475,0.0,0.0,0.4082482904638631,0.4082482904638631,0.0,0.0,0.0,0.0,0.0,0.4472135954999579,0.0,0.0,0.0,0.0,0.0,0.0,0.0,0.0,0.0,0.7071067811865475,0.7071067811865475,1.0,1.0,0.0,0.0,0.0,0.0,0.0,0.0,0.0,1.0,1.0,1.0,1.0,1.0,1.0,1.0,1.0,1.0,1.0,0.0,0.0,1.0,1.0,1.0,1.0,1.0,1.0,1.0,0.0,0.0,0.0,0.0,0.0,0.0,0.0,0.0,0.7071067811865475,0.7071067811865475,0.7071067811865475,0.7071067811865475,1.0,1.0,1.0,1.0,1.0,1.0,1.0,1.0,1.0,1.0,0.0,0.0,0.0,0.0,1.0,1.0,0.7071067811865475,0.7071067811865475,0.7071067811865475,0.7071067811865475,1.0,1.0,1.0,1.0,0.7071067811865475,0.7071067811865475,0.7071067811865475,0.7071067811865475,1.0,1.0,1.0,1.0,1.0,1.0,1.0,1.0,1.0,1.0,1.0,1.0,1.0,1.0,1.0,1.0,1.0,1.0,1.0,1.0,1.0,1.0,1.0,1.0,1.0,1.0,1.0,1.0,1.0,1.0,1.0,1.0,1.0,0.0,0.0,0.0,0.0,0.0,0.0,1.0,0.7071067811865475,0.7071067811865475,0.7071067811865475,0.7071067811865475,0.7071067811865475,1.0,1.0,1.0,1.0,1.0,1.0,1.0,1.0,1.0,1.0,1.0,1.0,1.0,1.0,1.0,1.0,1.0,0.0,0.0,0.0,0.0,0.0,0.0,0.0,0.0,0.0,0.0,0.0,0.0,0.0,0.4082482904638631,0.4082482904638631,1.0,1.0,1.0,0.4082482904638631,0.4082482904638631,1.0
PVCR,0.7071067811865475,0.7071067811865475,0.0,0.0,1.0,0.0,0.0,0.0,1.0,0.7071067811865475,0.7071067811865475,0.0,0.0,0.7071067811865475,0.7071067811865475,1.0,1.0,0.0,0.0,0.0,0.4082482904638631,0.4082482904638631,0.0,0.0,0.0,0.0,0.0,0.0,0.0,0.0,0.0,0.0,1.0,1.0,0.0,0.0,1.0,1.0,1.0,1.0,0.0,0.0,0.7071067811865475,0.7071067811865475,1.0,1.0,1.0,1.0,1.0,1.0,0.0,0.0,0.0,0.0,0.0,0.0,0.0,0.0,0.0,0.0,0.0,0.0,0.0,0.0,0.0,0.0,0.7071067811865475,0.7071067811865475,0.7071067811865475,1.0,0.0,0.0,0.0,0.0,0.0,0.0,0.7071067811865475,0.7071067811865475,0.0,0.0,0.0,0.0,0.0,0.0,0.0,0.0,0.0,0.0,0.0,0.0,0.0,0.0,0.0,0.0,0.7071067811865475,0.7071067811865475,1.0,1.0,0.5773502691896258,0.0,0.0,1.0,1.0,0.0,0.0,0.7071067811865475,0.7071067811865475,0.0,0.0,0.0,0.0,0.0,0.0,0.7071067811865475,0.7071067811865475,0.0,0.0,0.0,0.0,0.0,1.0,1.0,0.0,0.0,0.0,0.0,0.0,0.0,0.7071067811865475,0.7071067811865475,0.0,0.0,0.4082482904638631,0.4082482904638631,0.0,0.0,0.0,0.0,0.0,0.4472135954999579,0.0,0.0,0.0,0.0,0.0,0.0,0.0,0.0,0.0,0.7071067811865475,0.7071067811865475,1.0,1.0,0.0,0.0,0.0,0.0,0.0,0.0,0.0,1.0,1.0,1.0,1.0,1.0,1.0,1.0,1.0,1.0,1.0,0.0,0.0,1.0,1.0,1.0,1.0,1.0,1.0,1.0,0.0,0.0,0.0,0.0,0.0,0.0,0.0,0.0,0.7071067811865475,0.7071067811865475,0.7071067811865475,0.7071067811865475,1.0,1.0,1.0,1.0,1.0,1.0,1.0,1.0,1.0,1.0,0.0,0.0,0.0,0.0,1.0,1.0,0.7071067811865475,0.7071067811865475,0.7071067811865475,0.7071067811865475,1.0,1.0,1.0,1.0,0.7071067811865475,0.7071067811865475,0.7071067811865475,0.7071067811865475,1.0,1.0,1.0,1.0,1.0,1.0,1.0,1.0,1.0,1.0,1.0,1.0,1.0,1.0,1.0,1.0,1.0,1.0,1.0,1.0,1.0,1.0,1.0,1.0,1.0,1.0,1.0,1.0,1.0,1.0,1.0,1.0,1.0,0.0,0.0,0.0,0.0,0.0,0.0,1.0,0.7071067811865475,0.7071067811865475,0.7071067811865475,0.7071067811865475,0.7071067811865475,1.0,1.0,1.0,1.0,1.0,1.0,1.0,1.0,1.0,1.0,1.0,1.0,1.0,1.0,1.0,1.0,1.0,0.0,0.0,0.0,0.0,0.0,0.0,0.0,0.0,0.0,0.0,0.0,0.0,0.0,0.4082482904638631,0.4082482904638631,1.0,1.0,1.0,0.4082482904638631,0.4082482904638631,1.0
AVAL,0.7071067811865475,0.7071067811865475,0.0,0.0,1.0,0.0,0.0,0.0,1.0,0.7071067811865475,0.7071067811865475,0.0,0.0,0.7071067811865475,0.7071067811865475,1.0,1.0,0.0,0.0,0.0,0.4082482904638631,0.4082482904638631,0.0,0.0,0.0,0.0,0.0,0.0,0.0,0.0,0.0,0.0,1.0,1.0,0.0,0.0,1.0,1.0,1.0,1.0,0.0,0.0,0.7071067811865475,0.7071067811865475,1.0,1.0,1.0,1.0,1.0,1.0,0.0,0.0,0.0,0.0,0.0,0.0,0.0,0.0,0.0,0.0,0.0,0.0,0.0,0.0,0.0,0.0,0.7071067811865475,0.7071067811865475,0.7071067811865475,1.0,0.0,0.0,0.0,0.0,0.0,0.0,0.7071067811865475,0.7071067811865475,0.0,0.0,0.0,0.0,0.0,0.0,0.0,0.0,0.0,0.0,0.0,0.0,0.0,0.0,0.0,0.0,0.7071067811865475,0.7071067811865475,1.0,1.0,0.5773502691896258,0.0,0.0,1.0,1.0,0.0,0.0,0.7071067811865475,0.7071067811865475,0.0,0.0,0.0,0.0,0.0,0.0,0.7071067811865475,0.7071067811865475,0.0,0.0,0.0,0.0,0.0,1.0,1.0,0.0,0.0,0.0,0.0,0.0,0.0,0.7071067811865475,0.7071067811865475,0.0,0.0,0.4082482904638631,0.4082482904638631,0.0,0.0,0.0,0.0,0.0,0.4472135954999579,0.0,0.0,0.0,0.0,0.0,0.0,0.0,0.0,0.0,0.7071067811865475,0.7071067811865475,1.0,1.0,0.0,0.0,0.0,0.0,0.0,0.0,0.0,1.0,1.0,1.0,1.0,1.0,1.0,1.0,1.0,1.0,1.0,0.0,0.0,1.0,1.0,1.0,1.0,1.0,1.0,1.0,0.0,0.0,0.0,0.0,0.0,0.0,0.0,0.0,0.7071067811865475,0.7071067811865475,0.7071067811865475,0.7071067811865475,1.0,1.0,1.0,1.0,1.0,1.0,1.0,1.0,1.0,1.0,0.0,0.0,0.0,0.0,1.0,1.0,0.7071067811865475,0.7071067811865475,0.7071067811865475,0.7071067811865475,1.0,1.0,1.0,1.0,0.7071067811865475,0.7071067811865475,0.7071067811865475,0.7071067811865475,1.0,1.0,1.0,1.0,1.0,1.0,1.0,1.0,1.0,1.0,1.0,1.0,1.0,1.0,1.0,1.0,1.0,1.0,1.0,1.0,1.0,1.0,1.0,1.0,1.0,1.0,1.0,1.0,1.0,1.0,1.0,1.0,1.0,0.0,0.0,0.0,0.0,0.0,0.0,1.0,0.7071067811865475,0.7071067811865475,0.7071067811865475,0.7071067811865475,0.7071067811865475,1.0,1.0,1.0,1.0,1.0,1.0,1.0,1.0,1.0,1.0,1.0,1.0,1.0,1.0,1.0,1.0,1.0,0.0,0.0,0.0,0.0,0.0,0.0,0.0,0.0,0.0,0.0,0.0,0.0,0.0,0.4082482904638631,0.4082482904638631,1.0,1.0,1.0,0.4082482904638631,0.4082482904638631,1.0
AVAR,0.7071067811865475,0.7071067811865475,0.0,0.0,1.0,0.0,0.0,0.0,1.0,0.7071067811865475,0.7071067811865475,0.0,0.0,0.7071067811865475,0.7071067811865475,1.0,1.0,0.0,0.0,0.0,0.4082482904638631,0.4082482904638631,0.0,0.0,0.0,0.0,0.0,0.0,0.0,0.0,0.0,0.0,1.0,1.0,0.0,0.0,1.0,1.0,1.0,1.0,0.0,0.0,0.7071067811865475,0.7071067811865475,1.0,1.0,1.0,1.0,1.0,1.0,0.0,0.0,0.0,0.0,0.0,0.0,0.0,0.0,0.0,0.0,0.0,0.0,0.0,0.0,0.0,0.0,0.7071067811865475,0.7071067811865475,0.7071067811865475,1.0,0.0,0.0,0.0,0.0,0.0,0.0,0.7071067811865475,0.7071067811865475,0.0,0.0,0.0,0.0,0.0,0.0,0.0,0.0,0.0,0.0,0.0,0.0,0.0,0.0,0.0,0.0,0.7071067811865475,0.7071067811865475,1.0,1.0,0.5773502691896258,0.0,0.0,1.0,1.0,0.0,0.0,0.7071067811865475,0.7071067811865475,0.0,0.0,0.0,0.0,0.0,0.0,0.7071067811865475,0.7071067811865475,0.0,0.0,0.0,0.0,0.0,1.0,1.0,0.0,0.0,0.0,0.0,0.0,0.0,0.7071067811865475,0.7071067811865475,0.0,0.0,0.4082482904638631,0.4082482904638631,0.0,0.0,0.0,0.0,0.0,0.4472135954999579,0.0,0.0,0.0,0.0,0.0,0.0,0.0,0.0,0.0,0.7071067811865475,0.7071067811865475,1.0,1.0,0.0,0.0,0.0,0.0,0.0,0.0,0.0,1.0,1.0,1.0,1.0,1.0,1.0,1.0,1.0,1.0,1.0,0.0,0.0,1.0,1.0,1.0,1.0,1.0,1.0,1.0,0.0,0.0,0.0,0.0,0.0,0.0,0.0,0.0,0.7071067811865475,0.7071067811865475,0.7071067811865475,0.7071067811865475,1.0,1.0,1.0,1.0,1.0,1.0,1.0,1.0,1.0,1.0,0.0,0.0,0.0,0.0,1.0,1.0,0.7071067811865475,0.7071067811865475,0.7071067811865475,0.7071067811865475,1.0,1.0,1.0,1.0,0.7071067811865475,0.7071067811865475,0.7071067811865475,0.7071067811865475,1.0,1.0,1.0,1.0,1.0,1.0,1.0,1.0,1.0,1.0,1.0,1.0,1.0,1.0,1.0,1.0,1.0,1.0,1.0,1.0,1.0,1.0,1.0,1.0,1.0,1.0,1.0,1.0,1.0,1.0,1.0,1.0,1.0,0.0,0.0,0.0,0.0,0.0,0.0,1.0,0.7071067811865475,0.7071067811865475,0.7071067811865475,0.7071067811865475,0.7071067811865475,1.0,1.0,1.0,1.0,1.0,1.0,1.0,1.0,1.0,1.0,1.0,1.0,1.0,1.0,1.0,1.0,1.0,0.0,0.0,0.0,0.0,0.0,0.0,0.0,0.0,0.0,0.0,0.0,0.0,0.0,0.4082482904638631,0.4082482904638631,1.0,1.0,1.0,0.4082482904638631,0.4082482904638631,1.0
AVBL,0.7071067811865475,0.7071067811865475,0.0,0.0,1.0,0.0,0.0,0.0,1.0,0.7071067811865475,0.7071067811865475,0.0,0.0,0.7071067811865475,0.7071067811865475,1.0,1.0,0.0,0.0,0.0,0.4082482904638631,0.4082482904638631,0.0,0.0,0.0,0.0,0.0,0.0,0.0,0.0,0.0,0.0,1.0,1.0,0.0,0.0,1.0,1.0,1.0,1.0,0.0,0.0,0.7071067811865475,0.7071067811865475,1.0,1.0,1.0,1.0,1.0,1.0,0.0,0.0,0.0,0.0,0.0,0.0,0.0,0.0,0.0,0.0,0.0,0.0,0.0,0.0,0.0,0.0,0.7071067811865475,0.7071067811865475,0.7071067811865475,1.0,0.0,0.0,0.0,0.0,0.0,0.0,0.7071067811865475,0.7071067811865475,0.0,0.0,0.0,0.0,0.0,0.0,0.0,0.0,0.0,0.0,0.0,0.0,0.0,0.0,0.0,0.0,0.7071067811865475,0.7071067811865475,1.0,1.0,0.5773502691896258,0.0,0.0,1.0,1.0,0.0,0.0,0.7071067811865475,0.7071067811865475,0.0,0.0,0.0,0.0,0.0,0.0,0.7071067811865475,0.7071067811865475,0.0,0.0,0.0,0.0,0.0,1.0,1.0,0.0,0.0,0.0,0.0,0.0,0.0,0.7071067811865475,0.7071067811865475,0.0,0.0,0.4082482904638631,0.4082482904638631,0.0,0.0,0.0,0.0,0.0,0.4472135954999579,0.0,0.0,0.0,0.0,0.0,0.0,0.0,0.0,0.0,0.7071067811865475,0.7071067811865475,1.0,1.0,0.0,0.0,0.0,0.0,0.0,0.0,0.0,1.0,1.0,1.0,1.0,1.0,1.0,1.0,1.0,1.0,1.0,0.0,0.0,1.0,1.0,1.0,1.0,1.0,1.0,1.0,0.0,0.0,0.0,0.0,0.0,0.0,0.0,0.0,0.7071067811865475,0.7071067811865475,0.7071067811865475,0.7071067811865475,1.0,1.0,1.0,1.0,1.0,1.0,1.0,1.0,1.0,1.0,0.0,0.0,0.0,0.0,1.0,1.0,0.7071067811865475,0.7071067811865475,0.7071067811865475,0.7071067811865475,1.0,1.0,1.0,1.0,0.7071067811865475,0.7071067811865475,0.7071067811865475,0.7071067811865475,1.0,1.0,1.0,1.0,1.0,1.0,1.0,1.0,1.0,1.0,1.0,1.0,1.0,1.0,1.0,1.0,1.0,1.0,1.0,1.0,1.0,1.0,1.0,1.0,1.0,1.0,1.0,1.0,1.0,1.0,1.0,1.0,1.0,0.0,0.0,0.0,0.0,0.0,0.0,1.0,0.7071067811865475,0.7071067811865475,0.7071067811865475,0.7071067811865475,0.7071067811865475,1.0,1.0,1.0,1.0,1.0,1.0,1.0,1.0,1.0,1.0,1.0,1.0,1.0,1.0,1.0,1.0,1.0,0.0,0.0,0.0,0.0,0.0,0.0,0.0,0.0,0.0,0.0,0.0,0.0,0.0,0.4082482904638631,0.4082482904638631,1.0,1.0,1.0,0.4082482904638631,0.4082482904638631,1.0
AVBR,0.7071067811865475,0.7071067811865475,0.0,0.0,1.0,0.0,0.0,0.0,1.0,0.7071067811865475,0.7071067811865475,0.0,0.0,0.7071067811865475,0.7071067811865475,1.0,1.0,0.0,0.0,0.0,0.4082482904638631,0.4082482904638631,0.0,0.0,0.0,0.0,0.0,0.0,0.0,0.0,0.0,0.0,1.0,1.0,0.0,0.0,1.0,1.0,1.0,1.0,0.0,0.0,0.7071067811865475,0.7071067811865475,1.0,1.0,1.0,1.0,1.0,1.0,0.0,0.0,0.0,0.0,0.0,0.0,0.0,0.0,0.0,0.0,0.0,0.0,0.0,0.0,0.0,0.0,0.7071067811865475,0.7071067811865475,0.7071067811865475,1.0,0.0,0.0,0.0,0.0,0.0,0.0,0.7071067811865475,0.7071067811865475,0.0,0.0,0.0,0.0,0.0,0.0,0.0,0.0,0.0,0.0,0.0,0.0,0.0,0.0,0.0,0.0,0.7071067811865475,0.7071067811865475,1.0,1.0,0.5773502691896258,0.0,0.0,1.0,1.0,0.0,0.0,0.7071067811865475,0.7071067811865475,0.0,0.0,0.0,0.0,0.0,0.0,0.7071067811865475,0.7071067811865475,0.0,0.0,0.0,0.0,0.0,1.0,1.0,0.0,0.0,0.0,0.0,0.0,0.0,0.7071067811865475,0.7071067811865475,0.0,0.0,0.4082482904638631,0.4082482904638631,0.0,0.0,0.0,0.0,0.0,0.4472135954999579,0.0,0.0,0.0,0.0,0.0,0.0,0.0,0.0,0.0,0.7071067811865475,0.7071067811865475,1.0,1.0,0.0,0.0,0.0,0.0,0.0,0.0,0.0,1.0,1.0,1.0,1.0,1.0,1.0,1.0,1.0,1.0,1.0,0.0,0.0,1.0,1.0,1.0,1.0,1.0,1.0,1.0,0.0,0.0,0.0,0.0,0.0,0.0,0.0,0.0,0.7071067811865475,0.7071067811865475,0.7071067811865475,0.7071067811865475,1.0,1.0,1.0,1.0,1.0,1.0,1.0,1.0,1.0,1.0,0.0,0.0,0.0,0.0,1.0,1.0,0.7071067811865475,0.7071067811865475,0.7071067811865475,0.7071067811865475,1.0,1.0,1.0,1.0,0.7071067811865475,0.7071067811865475,0.7071067811865475,0.7071067811865475,1.0,1.0,1.0,1.0,1.0,1.0,1.0,1.0,1.0,1.0,1.0,1.0,1.0,1.0,1.0,1.0,1.0,1.0,1.0,1.0,1.0,1.0,1.0,1.0,1.0,1.0,1.0,1.0,1.0,1.0,1.0,1.0,1.0,0.0,0.0,0.0,0.0,0.0,0.0,1.0,0.7071067811865475,0.7071067811865475,0.7071067811865475,0.7071067811865475,0.7071067811865475,1.0,1.0,1.0,1.0,1.0,1.0,1.0,1.0,1.0,1.0,1.0,1.0,1.0,1.0,1.0,1.0,1.0,0.0,0.0,0.0,0.0,0.0,0.0,0.0,0.0,0.0,0.0,0.0,0.0,0.0,0.4082482904638631,0.4082482904638631,1.0,1.0,1.0,0.4082482904638631,0.4082482904638631,1.0
AVDL,0.7071067811865475,0.7071067811865475,0.0,0.0,1.0,0.0,0.0,0.0,1.0,0.7071067811865475,0.7071067811865475,0.0,0.0,0.7071067811865475,0.7071067811865475,1.0,1.0,0.0,0.0,0.0,0.4082482904638631,0.4082482904638631,0.0,0.0,0.0,0.0,0.0,0.0,0.0,0.0,0.0,0.0,1.0,1.0,0.0,0.0,1.0,1.0,1.0,1.0,0.0,0.0,0.7071067811865475,0.7071067811865475,1.0,1.0,1.0,1.0,1.0,1.0,0.0,0.0,0.0,0.0,0.0,0.0,0.0,0.0,0.0,0.0,0.0,0.0,0.0,0.0,0.0,0.0,0.7071067811865475,0.7071067811865475,0.7071067811865475,1.0,0.0,0.0,0.0,0.0,0.0,0.0,0.7071067811865475,0.7071067811865475,0.0,0.0,0.0,0.0,0.0,0.0,0.0,0.0,0.0,0.0,0.0,0.0,0.0,0.0,0.0,0.0,0.7071067811865475,0.7071067811865475,1.0,1.0,0.5773502691896258,0.0,0.0,1.0,1.0,0.0,0.0,0.7071067811865475,0.7071067811865475,0.0,0.0,0.0,0.0,0.0,0.0,0.7071067811865475,0.7071067811865475,0.0,0.0,0.0,0.0,0.0,1.0,1.0,0.0,0.0,0.0,0.0,0.0,0.0,0.7071067811865475,0.7071067811865475,0.0,0.0,0.4082482904638631,0.4082482904638631,0.0,0.0,0.0,0.0,0.0,0.4472135954999579,0.0,0.0,0.0,0.0,0.0,0.0,0.0,0.0,0.0,0.7071067811865475,0.7071067811865475,1.0,1.0,0.0,0.0,0.0,0.0,0.0,0.0,0.0,1.0,1.0,1.0,1.0,1.0,1.0,1.0,1.0,1.0,1.0,0.0,0.0,1.0,1.0,1.0,1.0,1.0,1.0,1.0,0.0,0.0,0.0,0.0,0.0,0.0,0.0,0.0,0.7071067811865475,0.7071067811865475,0.7071067811865475,0.7071067811865475,1.0,1.0,1.0,1.0,1.0,1.0,1.0,1.0,1.0,1.0,0.0,0.0,0.0,0.0,1.0,1.0,0.7071067811865475,0.7071067811865475,0.7071067811865475,0.7071067811865475,1.0,1.0,1.0,1.0,0.7071067811865475,0.7071067811865475,0.7071067811865475,0.7071067811865475,1.0,1.0,1.0,1.0,1.0,1.0,1.0,1.0,1.0,1.0,1.0,1.0,1.0,1.0,1.0,1.0,1.0,1.0,1.0,1.0,1.0,1.0,1.0,1.0,1.0,1.0,1.0,1.0,1.0,1.0,1.0,1.0,1.0,0.0,0.0,0.0,0.0,0.0,0.0,1.0,0.7071067811865475,0.7071067811865475,0.7071067811865475,0.7071067811865475,0.7071067811865475,1.0,1.0,1.0,1.0,1.0,1.0,1.0,1.0,1.0,1.0,1.0,1.0,1.0,1.0,1.0,1.0,1.0,0.0,0.0,0.0,0.0,0.0,0.0,0.0,0.0,0.0,0.0,0.0,0.0,0.0,0.4082482904638631,0.4082482904638631,1.0,1.0,1.0,0.4082482904638631,0.4082482904638631,1.0
AVDR,0.7071067811865475,0.7071067811865475,0.0,0.0,1.0,0.0,0.0,0.0,1.0,0.7071067811865475,0.7071067811865475,0.0,0.0,0.7071067811865475,0.7071067811865475,1.0,1.0,0.0,0.0,0.0,0.4082482904638631,0.4082482904638631,0.0,0.0,0.0,0.0,0.0,0.0,0.0,0.0,0.0,0.0,1.0,1.0,0.0,0.0,1.0,1.0,1.0,1.0,0.0,0.0,0.7071067811865475,0.7071067811865475,1.0,1.0,1.0,1.0,1.0,1.0,0.0,0.0,0.0,0.0,0.0,0.0,0.0,0.0,0.0,0.0,0.0,0.0,0.0,0.0,0.0,0.0,0.7071067811865475,0.7071067811865475,0.7071067811865475,1.0,0.0,0.0,0.0,0.0,0.0,0.0,0.7071067811865475,0.7071067811865475,0.0,0.0,0.0,0.0,0.0,0.0,0.0,0.0,0.0,0.0,0.0,0.0,0.0,0.0,0.0,0.0,0.7071067811865475,0.7071067811865475,1.0,1.0,0.5773502691896258,0.0,0.0,1.0,1.0,0.0,0.0,0.7071067811865475,0.7071067811865475,0.0,0.0,0.0,0.0,0.0,0.0,0.7071067811865475,0.7071067811865475,0.0,0.0,0.0,0.0,0.0,1.0,1.0,0.0,0.0,0.0,0.0,0.0,0.0,0.7071067811865475,0.7071067811865475,0.0,0.0,0.4082482904638631,0.4082482904638631,0.0,0.0,0.0,0.0,0.0,0.4472135954999579,0.0,0.0,0.0,0.0,0.0,0.0,0.0,0.0,0.0,0.7071067811865475,0.7071067811865475,1.0,1.0,0.0,0.0,0.0,0.0,0.0,0.0,0.0,1.0,1.0,1.0,1.0,1.0,1.0,1.0,1.0,1.0,1.0,0.0,0.0,1.0,1.0,1.0,1.0,1.0,1.0,1.0,0.0,0.0,0.0,0.0,0.0,0.0,0.0,0.0,0.7071067811865475,0.7071067811865475,0.7071067811865475,0.7071067811865475,1.0,1.0,1.0,1.0,1.0,1.0,1.0,1.0,1.0,1.0,0.0,0.0,0.0,0.0,1.0,1.0,0.7071067811865475,0.7071067811865475,0.7071067811865475,0.7071067811865475,1.0,1.0,1.0,1.0,0.7071067811865475,0.7071067811865475,0.7071067811865475,0.7071067811865475,1.0,1.0,1.0,1.0,1.0,1.0,1.0,1.0,1.0,1.0,1.0,1.0,1.0,1.0,1.0,1.0,1.0,1.0,1.0,1.0,1.0,1.0,1.0,1.0,1.0,1.0,1.0,1.0,1.0,1.0,1.0,1.0,1.0,0.0,0.0,0.0,0.0,0.0,0.0,1.0,0.7071067811865475,0.7071067811865475,0.7071067811865475,0.7071067811865475,0.7071067811865475,1.0,1.0,1.0,1.0,1.0,1.0,1.0,1.0,1.0,1.0,1.0,1.0,1.0,1.0,1.0,1.0,1.0,0.0,0.0,0.0,0.0,0.0,0.0,0.0,0.0,0.0,0.0,0.0,0.0,0.0,0.4082482904638631,0.4082482904638631,1.0,1.0,1.0,0.4082482904638631,0.4082482904638631,1.0
AVEL,0.7071067811865475,0.7071067811865475,0.0,0.0,1.0,0.0,0.0,0.0,1.0,0.7071067811865475,0.7071067811865475,0.0,0.0,0.7071067811865475,0.7071067811865475,1.0,1.0,0.0,0.0,0.0,0.4082482904638631,0.4082482904638631,0.0,0.0,0.0,0.0,0.0,0.0,0.0,0.0,0.0,0.0,1.0,1.0,0.0,0.0,1.0,1.0,1.0,1.0,0.0,0.0,0.7071067811865475,0.7071067811865475,1.0,1.0,1.0,1.0,1.0,1.0,0.0,0.0,0.0,0.0,0.0,0.0,0.0,0.0,0.0,0.0,0.0,0.0,0.0,0.0,0.0,0.0,0.7071067811865475,0.7071067811865475,0.7071067811865475,1.0,0.0,0.0,0.0,0.0,0.0,0.0,0.7071067811865475,0.7071067811865475,0.0,0.0,0.0,0.0,0.0,0.0,0.0,0.0,0.0,0.0,0.0,0.0,0.0,0.0,0.0,0.0,0.7071067811865475,0.7071067811865475,1.0,1.0,0.5773502691896258,0.0,0.0,1.0,1.0,0.0,0.0,0.7071067811865475,0.7071067811865475,0.0,0.0,0.0,0.0,0.0,0.0,0.7071067811865475,0.7071067811865475,0.0,0.0,0.0,0.0,0.0,1.0,1.0,0.0,0.0,0.0,0.0,0.0,0.0,0.7071067811865475,0.7071067811865475,0.0,0.0,0.4082482904638631,0.4082482904638631,0.0,0.0,0.0,0.0,0.0,0.4472135954999579,0.0,0.0,0.0,0.0,0.0,0.0,0.0,0.0,0.0,0.7071067811865475,0.7071067811865475,1.0,1.0,0.0,0.0,0.0,0.0,0.0,0.0,0.0,1.0,1.0,1.0,1.0,1.0,1.0,1.0,1.0,1.0,1.0,0.0,0.0,1.0,1.0,1.0,1.0,1.0,1.0,1.0,0.0,0.0,0.0,0.0,0.0,0.0,0.0,0.0,0.7071067811865475,0.7071067811865475,0.7071067811865475,0.7071067811865475,1.0,1.0,1.0,1.0,1.0,1.0,1.0,1.0,1.0,1.0,0.0,0.0,0.0,0.0,1.0,1.0,0.7071067811865475,0.7071067811865475,0.7071067811865475,0.7071067811865475,1.0,1.0,1.0,1.0,0.7071067811865475,0.7071067811865475,0.7071067811865475,0.7071067811865475,1.0,1.0,1.0,1.0,1.0,1.0,1.0,1.0,1.0,1.0,1.0,1.0,1.0,1.0,1.0,1.0,1.0,1.0,1.0,1.0,1.0,1.0,1.0,1.0,1.0,1.0,1.0,1.0,1.0,1.0,1.0,1.0,1.0,0.0,0.0,0.0,0.0,0.0,0.0,1.0,0.7071067811865475,0.7071067811865475,0.7071067811865475,0.7071067811865475,0.7071067811865475,1.0,1.0,1.0,1.0,1.0,1.0,1.0,1.0,1.0,1.0,1.0,1.0,1.0,1.0,1.0,1.0,1.0,0.0,0.0,0.0,0.0,0.0,0.0,0.0,0.0,0.0,0.0,0.0,0.0,0.0,0.4082482904638631,0.4082482904638631,1.0,1.0,1.0,0.4082482904638631,0.4082482904638631,1.0
AVER,0.7071067811865475,0.7071067811865475,0.0,0.0,1.0,0.0,0.0,0.0,1.0,0.7071067811865475,0.7071067811865475,0.0,0.0,0.7071067811865475,0.7071067811865475,1.0,1.0,0.0,0.0,0.0,0.4082482904638631,0.4082482904638631,0.0,0.0,0.0,0.0,0.0,0.0,0.0,0.0,0.0,0.0,1.0,1.0,0.0,0.0,1.0,1.0,1.0,1.0,0.0,0.0,0.7071067811865475,0.7071067811865475,1.0,1.0,1.0,1.0,1.0,1.0,0.0,0.0,0.0,0.0,0.0,0.0,0.0,0.0,0.0,0.0,0.0,0.0,0.0,0.0,0.0,0.0,0.7071067811865475,0.7071067811865475,0.7071067811865475,1.0,0.0,0.0,0.0,0.0,0.0,0.0,0.7071067811865475,0.7071067811865475,0.0,0.0,0.0,0.0,0.0,0.0,0.0,0.0,0.0,0.0,0.0,0.0,0.0,0.0,0.0,0.0,0.7071067811865475,0.7071067811865475,1.0,1.0,0.5773502691896258,0.0,0.0,1.0,1.0,0.0,0.0,0.7071067811865475,0.7071067811865475,0.0,0.0,0.0,0.0,0.0,0.0,0.7071067811865475,0.7071067811865475,0.0,0.0,0.0,0.0,0.0,1.0,1.0,0.0,0.0,0.0,0.0,0.0,0.0,0.7071067811865475,0.7071067811865475,0.0,0.0,0.4082482904638631,0.4082482904638631,0.0,0.0,0.0,0.0,0.0,0.4472135954999579,0.0,0.0,0.0,0.0,0.0,0.0,0.0,0.0,0.0,0.7071067811865475,0.7071067811865475,1.0,1.0,0.0,0.0,0.0,0.0,0.0,0.0,0.0,1.0,1.0,1.0,1.0,1.0,1.0,1.0,1.0,1.0,1.0,0.0,0.0,1.0,1.0,1.0,1.0,1.0,1.0,1.0,0.0,0.0,0.0,0.0,0.0,0.0,0.0,0.0,0.7071067811865475,0.7071067811865475,0.7071067811865475,0.7071067811865475,1.0,1.0,1.0,1.0,1.0,1.0,1.0,1.0,1.0,1.0,0.0,0.0,0.0,0.0,1.0,1.0,0.7071067811865475,0.7071067811865475,0.7071067811865475,0.7071067811865475,1.0,1.0,1.0,1.0,0.7071067811865475,0.7071067811865475,0.7071067811865475,0.7071067811865475,1.0,1.0,1.0,1.0,1.0,1.0,1.0,1.0,1.0,1.0,1.0,1.0,1.0,1.0,1.0,1.0,1.0,1.0,1.0,1.0,1.0,1.0,1.0,1.0,1.0,1.0,1.0,1.0,1.0,1.0,1.0,1.0,1.0,0.0,0.0,0.0,0.0,0.0,0.0,1.0,0.7071067811865475,0.7071067811865475,0.7071067811865475,0.7071067811865475,0.7071067811865475,1.0,1.0,1.0,1.0,1.0,1.0,1.0,1.0,1.0,1.0,1.0,1.0,1.0,1.0,1.0,1.0,1.0,0.0,0.0,0.0,0.0,0.0,0.0,0.0,0.0,0.0,0.0,0.0,0.0,0.0,0.4082482904638631,0.4082482904638631,1.0,1.0,1.0,0.4082482904638631,0.4082482904638631,1.0
LUAL,0.0,0.0,0.7071067811865475,0.7071067811865475,0.0,1.0,0.8944271909999159,0.0,0.0,0.0,0.0,0.8944271909999159,0.8944271909999159,0.0,0.7071067811865475,0.0,0.0,0.7071067811865475,0.0,0.0,0.0,0.0,1.0,1.0,1.0,1.0,1.0,1.0,1.0,1.0,0.0,0.0,0.0,0.0,1.0,1.0,0.0,0.0,0.0,0.0,1.0,1.0,0.7071067811865475,0.7071067811865475,0.0,0.0,0.0,0.0,0.0,0.0,1.0,1.0,1.0,1.0,0.7071067811865475,0.7071067811865475,0.0,0.0,0.0,0.0,1.0,1.0,1.0,0.0,0.7071067811865475,0.7071067811865475,0.0,0.0,0.0,0.0,1.0,1.0,1.0,1.0,1.0,1.0,0.0,0.0,1.0,1.0,1.0,1.0,1.0,1.0,0.0,0.0,0.4082482904638631,0.4082482904638631,1.0,1.0,1.0,1.0,1.0,1.0,0.0,0.0,0.0,0.0,0.5773502691896258,0.4082482904638631,0.4082482904638631,0.0,0.0,1.0,1.0,0.0,0.0,1.0,1.0,1.0,1.0,1.0,1.0,0.0,0.0,0.0,0.0,0.0,0.0,0.0,0.0,0.0,1.0,1.0,0.0,0.0,0.4082482904638631,0.4082482904638631,0.0,0.0,1.0,1.0,0.0,0.0,0.0,0.0,0.0,0.0,0.0,0.0,0.0,0.0,0.0,0.0,0.0,0.0,0.0,0.0,1.0,0.7071067811865475,0.7071067811865475,0.0,0.0,0.0,0.0,1.0,0.0,0.0,0.0,0.0,0.0,0.0,0.0,0.0,0.0,0.0,0.0,0.0,0.0,0.0,1.0,1.0,0.0,0.0,0.0,0.0,0.0,0.0,0.0,0.4082482904638631,0.4082482904638631,0.7071067811865475,0.7071067811865475,0.7071067811865475,0.7071067811865475,0.7071067811865475,0.7071067811865475,0.0,0.0,0.0,0.0,0.0,0.0,0.0,0.0,0.0,0.0,0.0,0.0,0.0,0.0,0.0,0.0,0.0,0.0,0.0,0.0,0.0,0.0,0.0,0.0,0.0,0.0,0.0,0.0,0.0,0.0,0.0,0.0,0.0,0.0,0.0,0.0,0.0,0.0,0.0,0.0,0.0,0.0,0.0,0.0,0.0,0.0,0.0,0.0,0.0,0.0,0.0,0.0,0.0,0.0,0.0,0.0,0.0,0.0,0.0,0.0,0.0,0.0,0.0,0.0,0.0,0.0,0.0,0.0,0.0,0.0,0.0,0.0,0.0,0.0,0.0,0.0,0.0,0.0,0.0,0.0,0.0,0.0,0.0,0.0,0.0,0.0,0.0,0.0,0.0,0.0,0.0,0.0,0.0,0.0,0.0,0.0,0.0,0.0,0.0,0.0,0.0,0.0,0.0,0.0,0.0,0.0,0.0,0.0,0.0,0.0,0.0,0.0,0.0,0.0,0.0
LUAR,0.0,0.0,0.7071067811865475,0.7071067811865475,0.0,1.0,0.8944271909999159,0.0,0.0,0.0,0.0,0.8944271909999159,0.8944271909999159,0.0,0.7071067811865475,0.0,0.0,0.7071067811865475,0.0,0.0,0.0,0.0,1.0,1.0,1.0,1.0,1.0,1.0,1.0,1.0,0.0,0.0,0.0,0.0,1.0,1.0,0.0,0.0,0.0,0.0,1.0,1.0,0.7071067811865475,0.7071067811865475,0.0,0.0,0.0,0.0,0.0,0.0,1.0,1.0,1.0,1.0,0.7071067811865475,0.7071067811865475,0.0,0.0,0.0,0.0,1.0,1.0,1.0,0.0,0.7071067811865475,0.7071067811865475,0.0,0.0,0.0,0.0,1.0,1.0,1.0,1.0,1.0,1.0,0.0,0.0,1.0,1.0,1.0,1.0,1.0,1.0,0.0,0.0,0.4082482904638631,0.4082482904638631,1.0,1.0,1.0,1.0,1.0,1.0,0.0,0.0,0.0,0.0,0.5773502691896258,0.4082482904638631,0.4082482904638631,0.0,0.0,1.0,1.0,0.0,0.0,1.0,1.0,1.0,1.0,1.0,1.0,0.0,0.0,0.0,0.0,0.0,0.0,0.0,0.0,0.0,1.0,1.0,0.0,0.0,0.4082482904638631,0.4082482904638631,0.0,0.0,1.0,1.0,0.0,0.0,0.0,0.0,0.0,0.0,0.0,0.0,0.0,0.0,0.0,0.0,0.0,0.0,0.0,0.0,1.0,0.7071067811865475,0.7071067811865475,0.0,0.0,0.0,0.0,1.0,0.0,0.0,0.0,0.0,0.0,0.0,0.0,0.0,0.0,0.0,0.0,0.0,0.0,0.0,1.0,1.0,0.0,0.0,0.0,0.0,0.0,0.0,0.0,0.4082482904638631,0.4082482904638631,0.7071067811865475,0.7071067811865475,0.7071067811865475,0.7071067811865475,0.7071067811865475,0.7071067811865475,0.0,0.0,0.0,0.0,0.0,0.0,0.0,0.0,0.0,0.0,0.0,0.0,0.0,0.0,0.0,0.0,0.0,0.0,0.0,0.0,0.0,0.0,0.0,0.0,0.0,0.0,0.0,0.0,0.0,0.0,0.0,0.0,0.0,0.0,0.0,0.0,0.0,0.0,0.0,0.0,0.0,0.0,0.0,0.0,0.0,0.0,0.0,0.0,0.0,0.0,0.0,0.0,0.0,0.0,0.0,0.0,0.0,0.0,0.0,0.0,0.0,0.0,0.0,0.0,0.0,0.0,0.0,0.0,0.0,0.0,0.0,0.0,0.0,0.0,0.0,0.0,0.0,0.0,0.0,0.0,0.0,0.0,0.0,0.0,0.0,0.0,0.0,0.0,0.0,0.0,0.0,0.0,0.0,0.0,0.0,0.0,0.0,0.0,0.0,0.0,0.0,0.0,0.0,0.0,0.0,0.0,0.0,0.0,0.0,0.0,0.0,0.0,0.0,0.0,0.0
SAADL,0.7071067811865475,0.7071067811865475,0.0,0.0,1.0,0.0,0.0,0.0,1.0,0.7071067811865475,0.7071067811865475,0.0,0.0,0.7071067811865475,0.7071067811865475,1.0,1.0,0.0,0.0,0.0,0.4082482904638631,0.4082482904638631,0.0,0.0,0.0,0.0,0.0,0.0,0.0,0.0,0.0,0.0,1.0,1.0,0.0,0.0,1.0,1.0,1.0,1.0,0.0,0.0,0.7071067811865475,0.7071067811865475,1.0,1.0,1.0,1.0,1.0,1.0,0.0,0.0,0.0,0.0,0.0,0.0,0.0,0.0,0.0,0.0,0.0,0.0,0.0,0.0,0.0,0.0,0.7071067811865475,0.7071067811865475,0.7071067811865475,1.0,0.0,0.0,0.0,0.0,0.0,0.0,0.7071067811865475,0.7071067811865475,0.0,0.0,0.0,0.0,0.0,0.0,0.0,0.0,0.0,0.0,0.0,0.0,0.0,0.0,0.0,0.0,0.7071067811865475,0.7071067811865475,1.0,1.0,0.5773502691896258,0.0,0.0,1.0,1.0,0.0,0.0,0.7071067811865475,0.7071067811865475,0.0,0.0,0.0,0.0,0.0,0.0,0.7071067811865475,0.7071067811865475,0.0,0.0,0.0,0.0,0.0,1.0,1.0,0.0,0.0,0.0,0.0,0.0,0.0,0.7071067811865475,0.7071067811865475,0.0,0.0,0.4082482904638631,0.4082482904638631,0.0,0.0,0.0,0.0,0.0,0.4472135954999579,0.0,0.0,0.0,0.0,0.0,0.0,0.0,0.0,0.0,0.7071067811865475,0.7071067811865475,1.0,1.0,0.0,0.0,0.0,0.0,0.0,0.0,0.0,1.0,1.0,1.0,1.0,1.0,1.0,1.0,1.0,1.0,1.0,0.0,0.0,1.0,1.0,1.0,1.0,1.0,1.0,1.0,0.0,0.0,0.0,0.0,0.0,0.0,0.0,0.0,0.7071067811865475,0.7071067811865475,0.7071067811865475,0.7071067811865475,1.0,1.0,1.0,1.0,1.0,1.0,1.0,1.0,1.0,1.0,0.0,0.0,0.0,0.0,1.0,1.0,0.7071067811865475,0.7071067811865475,0.7071067811865475,0.7071067811865475,1.0,1.0,1.0,1.0,0.7071067811865475,0.7071067811865475,0.7071067811865475,0.7071067811865475,1.0,1.0,1.0,1.0,1.0,1.0,1.0,1.0,1.0,1.0,1.0,1.0,1.0,1.0,1.0,1.0,1.0,1.0,1.0,1.0,1.0,1.0,1.0,1.0,1.0,1.0,1.0,1.0,1.0,1.0,1.0,1.0,1.0,0.0,0.0,0.0,0.0,0.0,0.0,1.0,0.7071067811865475,0.7071067811865475,0.7071067811865475,0.7071067811865475,0.7071067811865475,1.0,1.0,1.0,1.0,1.0,1.0,1.0,1.0,1.0,1.0,1.0,1.0,1.0,1.0,1.0,1.0,1.0,0.0,0.0,0.0,0.0,0.0,0.0,0.0,0.0,0.0,0.0,0.0,0.0,0.0,0.4082482904638631,0.4082482904638631,1.0,1.0,1.0,0.4082482904638631,0.4082482904638631,1.0
SAADR,0.7071067811865475,0.7071067811865475,0.0,0.0,1.0,0.0,0.0,0.0,1.0,0.7071067811865475,0.7071067811865475,0.0,0.0,0.7071067811865475,0.7071067811865475,1.0,1.0,0.0,0.0,0.0,0.4082482904638631,0.4082482904638631,0.0,0.0,0.0,0.0,0.0,0.0,0.0,0.0,0.0,0.0,1.0,1.0,0.0,0.0,1.0,1.0,1.0,1.0,0.0,0.0,0.7071067811865475,0.7071067811865475,1.0,1.0,1.0,1.0,1.0,1.0,0.0,0.0,0.0,0.0,0.0,0.0,0.0,0.0,0.0,0.0,0.0,0.0,0.0,0.0,0.0,0.0,0.7071067811865475,0.7071067811865475,0.7071067811865475,1.0,0.0,0.0,0.0,0.0,0.0,0.0,0.7071067811865475,0.7071067811865475,0.0,0.0,0.0,0.0,0.0,0.0,0.0,0.0,0.0,0.0,0.0,0.0,0.0,0.0,0.0,0.0,0.7071067811865475,0.7071067811865475,1.0,1.0,0.5773502691896258,0.0,0.0,1.0,1.0,0.0,0.0,0.7071067811865475,0.7071067811865475,0.0,0.0,0.0,0.0,0.0,0.0,0.7071067811865475,0.7071067811865475,0.0,0.0,0.0,0.0,0.0,1.0,1.0,0.0,0.0,0.0,0.0,0.0,0.0,0.7071067811865475,0.7071067811865475,0.0,0.0,0.4082482904638631,0.4082482904638631,0.0,0.0,0.0,0.0,0.0,0.4472135954999579,0.0,0.0,0.0,0.0,0.0,0.0,0.0,0.0,0.0,0.7071067811865475,0.7071067811865475,1.0,1.0,0.0,0.0,0.0,0.0,0.0,0.0,0.0,1.0,1.0,1.0,1.0,1.0,1.0,1.0,1.0,1.0,1.0,0.0,0.0,1.0,1.0,1.0,1.0,1.0,1.0,1.0,0.0,0.0,0.0,0.0,0.0,0.0,0.0,0.0,0.7071067811865475,0.7071067811865475,0.7071067811865475,0.7071067811865475,1.0,1.0,1.0,1.0,1.0,1.0,1.0,1.0,1.0,1.0,0.0,0.0,0.0,0.0,1.0,1.0,0.7071067811865475,0.7071067811865475,0.7071067811865475,0.7071067811865475,1.0,1.0,1.0,1.0,0.7071067811865475,0.7071067811865475,0.7071067811865475,0.7071067811865475,1.0,1.0,1.0,1.0,1.0,1.0,1.0,1.0,1.0,1.0,1.0,1.0,1.0,1.0,1.0,1.0,1.0,1.0,1.0,1.0,1.0,1.0,1.0,1.0,1.0,1.0,1.0,1.0,1.0,1.0,1.0,1.0,1.0,0.0,0.0,0.0,0.0,0.0,0.0,1.0,0.7071067811865475,0.7071067811865475,0.7071067811865475,0.7071067811865475,0.7071067811865475,1.0,1.0,1.0,1.0,1.0,1.0,1.0,1.0,1.0,1.0,1.0,1.0,1.0,1.0,1.0,1.0,1.0,0.0,0.0,0.0,0.0,0.0,0.0,0.0,0.0,0.0,0.0,0.0,0.0,0.0,0.4082482904638631,0.4082482904638631,1.0,1.0,1.0,0.4082482904638631,0.4082482904638631,1.0
SAAVL,0.7071067811865475,0.7071067811865475,0.0,0.0,1.0,0.0,0.0,0.0,1.0,0.7071067811865475,0.7071067811865475,0.0,0.0,0.7071067811865475,0.7071067811865475,1.0,1.0,0.0,0.0,0.0,0.4082482904638631,0.4082482904638631,0.0,0.0,0.0,0.0,0.0,0.0,0.0,0.0,0.0,0.0,1.0,1.0,0.0,0.0,1.0,1.0,1.0,1.0,0.0,0.0,0.7071067811865475,0.7071067811865475,1.0,1.0,1.0,1.0,1.0,1.0,0.0,0.0,0.0,0.0,0.0,0.0,0.0,0.0,0.0,0.0,0.0,0.0,0.0,0.0,0.0,0.0,0.7071067811865475,0.7071067811865475,0.7071067811865475,1.0,0.0,0.0,0.0,0.0,0.0,0.0,0.7071067811865475,0.7071067811865475,0.0,0.0,0.0,0.0,0.0,0.0,0.0,0.0,0.0,0.0,0.0,0.0,0.0,0.0,0.0,0.0,0.7071067811865475,0.7071067811865475,1.0,1.0,0.5773502691896258,0.0,0.0,1.0,1.0,0.0,0.0,0.7071067811865475,0.7071067811865475,0.0,0.0,0.0,0.0,0.0,0.0,0.7071067811865475,0.7071067811865475,0.0,0.0,0.0,0.0,0.0,1.0,1.0,0.0,0.0,0.0,0.0,0.0,0.0,0.7071067811865475,0.7071067811865475,0.0,0.0,0.4082482904638631,0.4082482904638631,0.0,0.0,0.0,0.0,0.0,0.4472135954999579,0.0,0.0,0.0,0.0,0.0,0.0,0.0,0.0,0.0,0.7071067811865475,0.7071067811865475,1.0,1.0,0.0,0.0,0.0,0.0,0.0,0.0,0.0,1.0,1.0,1.0,1.0,1.0,1.0,1.0,1.0,1.0,1.0,0.0,0.0,1.0,1.0,1.0,1.0,1.0,1.0,1.0,0.0,0.0,0.0,0.0,0.0,0.0,0.0,0.0,0.7071067811865475,0.7071067811865475,0.7071067811865475,0.7071067811865475,1.0,1.0,1.0,1.0,1.0,1.0,1.0,1.0,1.0,1.0,0.0,0.0,0.0,0.0,1.0,1.0,0.7071067811865475,0.7071067811865475,0.7071067811865475,0.7071067811865475,1.0,1.0,1.0,1.0,0.7071067811865475,0.7071067811865475,0.7071067811865475,0.7071067811865475,1.0,1.0,1.0,1.0,1.0,1.0,1.0,1.0,1.0,1.0,1.0,1.0,1.0,1.0,1.0,1.0,1.0,1.0,1.0,1.0,1.0,1.0,1.0,1.0,1.0,1.0,1.0,1.0,1.0,1.0,1.0,1.0,1.0,0.0,0.0,0.0,0.0,0.0,0.0,1.0,0.7071067811865475,0.7071067811865475,0.7071067811865475,0.7071067811865475,0.7071067811865475,1.0,1.0,1.0,1.0,1.0,1.0,1.0,1.0,1.0,1.0,1.0,1.0,1.0,1.0,1.0,1.0,1.0,0.0,0.0,0.0,0.0,0.0,0.0,0.0,0.0,0.0,0.0,0.0,0.0,0.0,0.4082482904638631,0.4082482904638631,1.0,1.0,1.0,0.4082482904638631,0.4082482904638631,1.0
SAAVR,0.7071067811865475,0.7071067811865475,0.0,0.0,1.0,0.0,0.0,0.0,1.0,0.7071067811865475,0.7071067811865475,0.0,0.0,0.7071067811865475,0.7071067811865475,1.0,1.0,0.0,0.0,0.0,0.4082482904638631,0.4082482904638631,0.0,0.0,0.0,0.0,0.0,0.0,0.0,0.0,0.0,0.0,1.0,1.0,0.0,0.0,1.0,1.0,1.0,1.0,0.0,0.0,0.7071067811865475,0.7071067811865475,1.0,1.0,1.0,1.0,1.0,1.0,0.0,0.0,0.0,0.0,0.0,0.0,0.0,0.0,0.0,0.0,0.0,0.0,0.0,0.0,0.0,0.0,0.7071067811865475,0.7071067811865475,0.7071067811865475,1.0,0.0,0.0,0.0,0.0,0.0,0.0,0.7071067811865475,0.7071067811865475,0.0,0.0,0.0,0.0,0.0,0.0,0.0,0.0,0.0,0.0,0.0,0.0,0.0,0.0,0.0,0.0,0.7071067811865475,0.7071067811865475,1.0,1.0,0.5773502691896258,0.0,0.0,1.0,1.0,0.0,0.0,0.7071067811865475,0.7071067811865475,0.0,0.0,0.0,0.0,0.0,0.0,0.7071067811865475,0.7071067811865475,0.0,0.0,0.0,0.0,0.0,1.0,1.0,0.0,0.0,0.0,0.0,0.0,0.0,0.7071067811865475,0.7071067811865475,0.0,0.0,0.4082482904638631,0.4082482904638631,0.0,0.0,0.0,0.0,0.0,0.4472135954999579,0.0,0.0,0.0,0.0,0.0,0.0,0.0,0.0,0.0,0.7071067811865475,0.7071067811865475,1.0,1.0,0.0,0.0,0.0,0.0,0.0,0.0,0.0,1.0,1.0,1.0,1.0,1.0,1.0,1.0,1.0,1.0,1.0,0.0,0.0,1.0,1.0,1.0,1.0,1.0,1.0,1.0,0.0,0.0,0.0,0.0,0.0,0.0,0.0,0.0,0.7071067811865475,0.7071067811865475,0.7071067811865475,0.7071067811865475,1.0,1.0,1.0,1.0,1.0,1.0,1.0,1.0,1.0,1.0,0.0,0.0,0.0,0.0,1.0,1.0,0.7071067811865475,0.7071067811865475,0.7071067811865475,0.7071067811865475,1.0,1.0,1.0,1.0,0.7071067811865475,0.7071067811865475,0.7071067811865475,0.7071067811865475,1.0,1.0,1.0,1.0,1.0,1.0,1.0,1.0,1.0,1.0,1.0,1.0,1.0,1.0,1.0,1.0,1.0,1.0,1.0,1.0,1.0,1.0,1.0,1.0,1.0,1.0,1.0,1.0,1.0,1.0,1.0,1.0,1.0,0.0,0.0,0.0,0.0,0.0,0.0,1.0,0.7071067811865475,0.7071067811865475,0.7071067811865475,0.7071067811865475,0.7071067811865475,1.0,1.0,1.0,1.0,1.0,1.0,1.0,1.0,1.0,1.0,1.0,1.0,1.0,1.0,1.0,1.0,1.0,0.0,0.0,0.0,0.0,0.0,0.0,0.0,0.0,0.0,0.0,0.0,0.0,0.0,0.4082482904638631,0.4082482904638631,1.0,1.0,1.0,0.4082482904638631,0.4082482904638631,1.0
SABD,0.7071067811865475,0.7071067811865475,0.0,0.0,1.0,0.0,0.0,0.0,1.0,0.7071067811865475,0.7071067811865475,0.0,0.0,0.7071067811865475,0.7071067811865475,1.0,1.0,0.0,0.0,0.0,0.4082482904638631,0.4082482904638631,0.0,0.0,0.0,0.0,0.0,0.0,0.0,0.0,0.0,0.0,1.0,1.0,0.0,0.0,1.0,1.0,1.0,1.0,0.0,0.0,0.7071067811865475,0.7071067811865475,1.0,1.0,1.0,1.0,1.0,1.0,0.0,0.0,0.0,0.0,0.0,0.0,0.0,0.0,0.0,0.0,0.0,0.0,0.0,0.0,0.0,0.0,0.7071067811865475,0.7071067811865475,0.7071067811865475,1.0,0.0,0.0,0.0,0.0,0.0,0.0,0.7071067811865475,0.7071067811865475,0.0,0.0,0.0,0.0,0.0,0.0,0.0,0.0,0.0,0.0,0.0,0.0,0.0,0.0,0.0,0.0,0.7071067811865475,0.7071067811865475,1.0,1.0,0.5773502691896258,0.0,0.0,1.0,1.0,0.0,0.0,0.7071067811865475,0.7071067811865475,0.0,0.0,0.0,0.0,0.0,0.0,0.7071067811865475,0.7071067811865475,0.0,0.0,0.0,0.0,0.0,1.0,1.0,0.0,0.0,0.0,0.0,0.0,0.0,0.7071067811865475,0.7071067811865475,0.0,0.0,0.4082482904638631,0.4082482904638631,0.0,0.0,0.0,0.0,0.0,0.4472135954999579,0.0,0.0,0.0,0.0,0.0,0.0,0.0,0.0,0.0,0.7071067811865475,0.7071067811865475,1.0,1.0,0.0,0.0,0.0,0.0,0.0,0.0,0.0,1.0,1.0,1.0,1.0,1.0,1.0,1.0,1.0,1.0,1.0,0.0,0.0,1.0,1.0,1.0,1.0,1.0,1.0,1.0,0.0,0.0,0.0,0.0,0.0,0.0,0.0,0.0,0.7071067811865475,0.7071067811865475,0.7071067811865475,0.7071067811865475,1.0,1.0,1.0,1.0,1.0,1.0,1.0,1.0,1.0,1.0,0.0,0.0,0.0,0.0,1.0,1.0,0.7071067811865475,0.7071067811865475,0.7071067811865475,0.7071067811865475,1.0,1.0,1.0,1.0,0.7071067811865475,0.7071067811865475,0.7071067811865475,0.7071067811865475,1.0,1.0,1.0,1.0,1.0,1.0,1.0,1.0,1.0,1.0,1.0,1.0,1.0,1.0,1.0,1.0,1.0,1.0,1.0,1.0,1.0,1.0,1.0,1.0,1.0,1.0,1.0,1.0,1.0,1.0,1.0,1.0,1.0,0.0,0.0,0.0,0.0,0.0,0.0,1.0,0.7071067811865475,0.7071067811865475,0.7071067811865475,0.7071067811865475,0.7071067811865475,1.0,1.0,1.0,1.0,1.0,1.0,1.0,1.0,1.0,1.0,1.0,1.0,1.0,1.0,1.0,1.0,1.0,0.0,0.0,0.0,0.0,0.0,0.0,0.0,0.0,0.0,0.0,0.0,0.0,0.0,0.4082482904638631,0.4082482904638631,1.0,1.0,1.0,0.4082482904638631,0.4082482904638631,1.0
SABVL,0.7071067811865475,0.7071067811865475,0.0,0.0,1.0,0.0,0.0,0.0,1.0,0.7071067811865475,0.7071067811865475,0.0,0.0,0.7071067811865475,0.7071067811865475,1.0,1.0,0.0,0.0,0.0,0.4082482904638631,0.4082482904638631,0.0,0.0,0.0,0.0,0.0,0.0,0.0,0.0,0.0,0.0,1.0,1.0,0.0,0.0,1.0,1.0,1.0,1.0,0.0,0.0,0.7071067811865475,0.7071067811865475,1.0,1.0,1.0,1.0,1.0,1.0,0.0,0.0,0.0,0.0,0.0,0.0,0.0,0.0,0.0,0.0,0.0,0.0,0.0,0.0,0.0,0.0,0.7071067811865475,0.7071067811865475,0.7071067811865475,1.0,0.0,0.0,0.0,0.0,0.0,0.0,0.7071067811865475,0.7071067811865475,0.0,0.0,0.0,0.0,0.0,0.0,0.0,0.0,0.0,0.0,0.0,0.0,0.0,0.0,0.0,0.0,0.7071067811865475,0.7071067811865475,1.0,1.0,0.5773502691896258,0.0,0.0,1.0,1.0,0.0,0.0,0.7071067811865475,0.7071067811865475,0.0,0.0,0.0,0.0,0.0,0.0,0.7071067811865475,0.7071067811865475,0.0,0.0,0.0,0.0,0.0,1.0,1.0,0.0,0.0,0.0,0.0,0.0,0.0,0.7071067811865475,0.7071067811865475,0.0,0.0,0.4082482904638631,0.4082482904638631,0.0,0.0,0.0,0.0,0.0,0.4472135954999579,0.0,0.0,0.0,0.0,0.0,0.0,0.0,0.0,0.0,0.7071067811865475,0.7071067811865475,1.0,1.0,0.0,0.0,0.0,0.0,0.0,0.0,0.0,1.0,1.0,1.0,1.0,1.0,1.0,1.0,1.0,1.0,1.0,0.0,0.0,1.0,1.0,1.0,1.0,1.0,1.0,1.0,0.0,0.0,0.0,0.0,0.0,0.0,0.0,0.0,0.7071067811865475,0.7071067811865475,0.7071067811865475,0.7071067811865475,1.0,1.0,1.0,1.0,1.0,1.0,1.0,1.0,1.0,1.0,0.0,0.0,0.0,0.0,1.0,1.0,0.7071067811865475,0.7071067811865475,0.7071067811865475,0.7071067811865475,1.0,1.0,1.0,1.0,0.7071067811865475,0.7071067811865475,0.7071067811865475,0.7071067811865475,1.0,1.0,1.0,1.0,1.0,1.0,1.0,1.0,1.0,1.0,1.0,1.0,1.0,1.0,1.0,1.0,1.0,1.0,1.0,1.0,1.0,1.0,1.0,1.0,1.0,1.0,1.0,1.0,1.0,1.0,1.0,1.0,1.0,0.0,0.0,0.0,0.0,0.0,0.0,1.0,0.7071067811865475,0.7071067811865475,0.7071067811865475,0.7071067811865475,0.7071067811865475,1.0,1.0,1.0,1.0,1.0,1.0,1.0,1.0,1.0,1.0,1.0,1.0,1.0,1.0,1.0,1.0,1.0,0.0,0.0,0.0,0.0,0.0,0.0,0.0,0.0,0.0,0.0,0.0,0.0,0.0,0.4082482904638631,0.4082482904638631,1.0,1.0,1.0,0.4082482904638631,0.4082482904638631,1.0
SABVR,0.7071067811865475,0.7071067811865475,0.0,0.0,1.0,0.0,0.0,0.0,1.0,0.7071067811865475,0.7071067811865475,0.0,0.0,0.7071067811865475,0.7071067811865475,1.0,1.0,0.0,0.0,0.0,0.4082482904638631,0.4082482904638631,0.0,0.0,0.0,0.0,0.0,0.0,0.0,0.0,0.0,0.0,1.0,1.0,0.0,0.0,1.0,1.0,1.0,1.0,0.0,0.0,0.7071067811865475,0.7071067811865475,1.0,1.0,1.0,1.0,1.0,1.0,0.0,0.0,0.0,0.0,0.0,0.0,0.0,0.0,0.0,0.0,0.0,0.0,0.0,0.0,0.0,0.0,0.7071067811865475,0.7071067811865475,0.7071067811865475,1.0,0.0,0.0,0.0,0.0,0.0,0.0,0.7071067811865475,0.7071067811865475,0.0,0.0,0.0,0.0,0.0,0.0,0.0,0.0,0.0,0.0,0.0,0.0,0.0,0.0,0.0,0.0,0.7071067811865475,0.7071067811865475,1.0,1.0,0.5773502691896258,0.0,0.0,1.0,1.0,0.0,0.0,0.7071067811865475,0.7071067811865475,0.0,0.0,0.0,0.0,0.0,0.0,0.7071067811865475,0.7071067811865475,0.0,0.0,0.0,0.0,0.0,1.0,1.0,0.0,0.0,0.0,0.0,0.0,0.0,0.7071067811865475,0.7071067811865475,0.0,0.0,0.4082482904638631,0.4082482904638631,0.0,0.0,0.0,0.0,0.0,0.4472135954999579,0.0,0.0,0.0,0.0,0.0,0.0,0.0,0.0,0.0,0.7071067811865475,0.7071067811865475,1.0,1.0,0.0,0.0,0.0,0.0,0.0,0.0,0.0,1.0,1.0,1.0,1.0,1.0,1.0,1.0,1.0,1.0,1.0,0.0,0.0,1.0,1.0,1.0,1.0,1.0,1.0,1.0,0.0,0.0,0.0,0.0,0.0,0.0,0.0,0.0,0.7071067811865475,0.7071067811865475,0.7071067811865475,0.7071067811865475,1.0,1.0,1.0,1.0,1.0,1.0,1.0,1.0,1.0,1.0,0.0,0.0,0.0,0.0,1.0,1.0,0.7071067811865475,0.7071067811865475,0.7071067811865475,0.7071067811865475,1.0,1.0,1.0,1.0,0.7071067811865475,0.7071067811865475,0.7071067811865475,0.7071067811865475,1.0,1.0,1.0,1.0,1.0,1.0,1.0,1.0,1.0,1.0,1.0,1.0,1.0,1.0,1.0,1.0,1.0,1.0,1.0,1.0,1.0,1.0,1.0,1.0,1.0,1.0,1.0,1.0,1.0,1.0,1.0,1.0,1.0,0.0,0.0,0.0,0.0,0.0,0.0,1.0,0.7071067811865475,0.7071067811865475,0.7071067811865475,0.7071067811865475,0.7071067811865475,1.0,1.0,1.0,1.0,1.0,1.0,1.0,1.0,1.0,1.0,1.0,1.0,1.0,1.0,1.0,1.0,1.0,0.0,0.0,0.0,0.0,0.0,0.0,0.0,0.0,0.0,0.0,0.0,0.0,0.0,0.4082482904638631,0.4082482904638631,1.0,1.0,1.0,0.4082482904638631,0.4082482904638631,1.0
RIML,0.0,0.0,0.2886751345948129,0.2886751345948129,0.0,0.4082482904638631,0.3651483716701107,0.0,0.0,0.0,0.0,0.3651483716701107,0.3651483716701107,0.0,0.2886751345948129,0.0,0.0,0.2886751345948129,0.8333333333333335,0.8333333333333335,0.8333333333333335,0.8333333333333335,0.4082482904638631,0.4082482904638631,0.4082482904638631,0.4082482904638631,0.4082482904638631,0.4082482904638631,0.4082482904638631,0.4082482904638631,0.9128709291752769,0.9128709291752769,0.0,0.0,0.4082482904638631,0.4082482904638631,0.0,0.0,0.0,0.0,0.4082482904638631,0.4082482904638631,0.2886751345948129,0.2886751345948129,0.0,0.0,0.0,0.0,0.0,0.0,0.4082482904638631,0.4082482904638631,0.4082482904638631,0.4082482904638631,0.2886751345948129,0.2886751345948129,0.890870806374748,0.890870806374748,0.890870806374748,0.890870806374748,0.4082482904638631,0.4082482904638631,0.4082482904638631,0.0,0.2886751345948129,0.2886751345948129,0.0,0.0,0.0,0.0,0.4082482904638631,0.4082482904638631,0.4082482904638631,0.4082482904638631,0.4082482904638631,0.4082482904638631,0.0,0.0,0.4082482904638631,0.4082482904638631,0.4082482904638631,0.4082482904638631,0.4082482904638631,0.4082482904638631,0.9128709291752769,0.9128709291752769,1.0000000000000002,1.0000000000000002,0.4082482904638631,0.4082482904638631,0.4082482904638631,0.4082482904638631,0.4082482904638631,0.4082482904638631,0.0,0.0,0.0,0.0,0.23570226039551587,1.0000000000000002,1.0000000000000002,0.0,0.0,0.4082482904638631,0.4082482904638631,0.0,0.0,0.4082482904638631,0.4082482904638631,0.4082482904638631,0.4082482904638631,0.4082482904638631,0.4082482904638631,0.0,0.0,0.0,0.0,0.0,0.9128709291752769,0.9128709291752769,0.0,0.0,0.4082482904638631,0.4082482904638631,0.0,0.0,1.0000000000000002,1.0000000000000002,0.0,0.0,0.4082482904638631,0.4082482904638631,0.8333333333333335,0.8333333333333335,0.0,0.0,0.0,0.0,0.0,0.0,0.0,0.0,0.0,0.0,0.0,0.0,0.6804138174397718,0.0,0.4082482904638631,0.2886751345948129,0.2886751345948129,0.0,0.0,0.0,0.0,0.4082482904638631,0.0,0.0,0.0,0.0,0.0,0.0,0.0,0.0,0.0,0.0,0.0,0.0,0.0,0.0,0.4082482904638631,0.4082482904638631,0.0,0.0,0.0,0.0,0.0,0.0,0.0,1.0,1.0000000000000002,0.2886751345948129,0.2886751345948129,0.2886751345948129,0.2886751345948129,0.2886751345948129,0.2886751345948129,0.0,0.0,0.0,0.0,0.0,0.0,0.0,0.0,0.0,0.0,0.0,0.0,0.0,0.0,0.0,0.0,0.0,0.0,0.0,0.0,0.0,0.0,0.0,0.0,0.0,0.0,0.0,0.0,0.0,0.0,0.0,0.0,0.0,0.0,0.0,0.0,0.0,0.0,0.0,0.0,0.0,0.0,0.0,0.0,0.0,0.0,0.0,0.0,0.0,0.0,0.0,0.0,0.0,0.0,0.0,0.0,0.0,0.0,0.0,0.0,0.0,0.0,0.0,0.0,0.0,0.0,0.0,0.0,0.0,0.0,0.0,0.0,0.0,0.0,0.0,0.0,0.0,0.0,0.0,0.0,0.0,0.0,0.0,0.0,0.0,0.0,0.0,0.0,0.0,0.0,0.0,0.0,0.0,0.0,0.0,0.0,0.0,0.0,0.0,0.0,0.0,0.0,0.0,0.0,0.0,0.0,0.0,0.8333333333333335,0.8333333333333335,0.0,0.0,0.0,0.8333333333333335,0.8333333333333335,0.0
RIMR,0.0,0.0,0.2886751345948129,0.2886751345948129,0.0,0.4082482904638631,0.3651483716701107,0.0,0.0,0.0,0.0,0.3651483716701107,0.3651483716701107,0.0,0.2886751345948129,0.0,0.0,0.2886751345948129,0.8333333333333335,0.8333333333333335,0.8333333333333335,0.8333333333333335,0.4082482904638631,0.4082482904638631,0.4082482904638631,0.4082482904638631,0.4082482904638631,0.4082482904638631,0.4082482904638631,0.4082482904638631,0.9128709291752769,0.9128709291752769,0.0,0.0,0.4082482904638631,0.4082482904638631,0.0,0.0,0.0,0.0,0.4082482904638631,0.4082482904638631,0.2886751345948129,0.2886751345948129,0.0,0.0,0.0,0.0,0.0,0.0,0.4082482904638631,0.4082482904638631,0.4082482904638631,0.4082482904638631,0.2886751345948129,0.2886751345948129,0.890870806374748,0.890870806374748,0.890870806374748,0.890870806374748,0.4082482904638631,0.4082482904638631,0.4082482904638631,0.0,0.2886751345948129,0.2886751345948129,0.0,0.0,0.0,0.0,0.4082482904638631,0.4082482904638631,0.4082482904638631,0.4082482904638631,0.4082482904638631,0.4082482904638631,0.0,0.0,0.4082482904638631,0.4082482904638631,0.4082482904638631,0.4082482904638631,0.4082482904638631,0.4082482904638631,0.9128709291752769,0.9128709291752769,1.0000000000000002,1.0000000000000002,0.4082482904638631,0.4082482904638631,0.4082482904638631,0.4082482904638631,0.4082482904638631,0.4082482904638631,0.0,0.0,0.0,0.0,0.23570226039551587,1.0000000000000002,1.0000000000000002,0.0,0.0,0.4082482904638631,0.4082482904638631,0.0,0.0,0.4082482904638631,0.4082482904638631,0.4082482904638631,0.4082482904638631,0.4082482904638631,0.4082482904638631,0.0,0.0,0.0,0.0,0.0,0.9128709291752769,0.9128709291752769,0.0,0.0,0.4082482904638631,0.4082482904638631,0.0,0.0,1.0000000000000002,1.0000000000000002,0.0,0.0,0.4082482904638631,0.4082482904638631,0.8333333333333335,0.8333333333333335,0.0,0.0,0.0,0.0,0.0,0.0,0.0,0.0,0.0,0.0,0.0,0.0,0.6804138174397718,0.0,0.4082482904638631,0.2886751345948129,0.2886751345948129,0.0,0.0,0.0,0.0,0.4082482904638631,0.0,0.0,0.0,0.0,0.0,0.0,0.0,0.0,0.0,0.0,0.0,0.0,0.0,0.0,0.4082482904638631,0.4082482904638631,0.0,0.0,0.0,0.0,0.0,0.0,0.0,1.0000000000000002,1.0,0.2886751345948129,0.2886751345948129,0.2886751345948129,0.2886751345948129,0.2886751345948129,0.2886751345948129,0.0,0.0,0.0,0.0,0.0,0.0,0.0,0.0,0.0,0.0,0.0,0.0,0.0,0.0,0.0,0.0,0.0,0.0,0.0,0.0,0.0,0.0,0.0,0.0,0.0,0.0,0.0,0.0,0.0,0.0,0.0,0.0,0.0,0.0,0.0,0.0,0.0,0.0,0.0,0.0,0.0,0.0,0.0,0.0,0.0,0.0,0.0,0.0,0.0,0.0,0.0,0.0,0.0,0.0,0.0,0.0,0.0,0.0,0.0,0.0,0.0,0.0,0.0,0.0,0.0,0.0,0.0,0.0,0.0,0.0,0.0,0.0,0.0,0.0,0.0,0.0,0.0,0.0,0.0,0.0,0.0,0.0,0.0,0.0,0.0,0.0,0.0,0.0,0.0,0.0,0.0,0.0,0.0,0.0,0.0,0.0,0.0,0.0,0.0,0.0,0.0,0.0,0.0,0.0,0.0,0.0,0.0,0.8333333333333335,0.8333333333333335,0.0,0.0,0.0,0.8333333333333335,0.8333333333333335,0.0
IL1DL,0.4999999999999999,0.4999999999999999,0.9999999999999998,0.9999999999999998,0.0,0.7071067811865475,0.9486832980505138,0.7071067811865475,0.0,0.4999999999999999,0.4999999999999999,0.9486832980505138,0.9486832980505138,0.4999999999999999,0.4999999999999999,0.0,0.0,0.9999999999999998,0.2886751345948129,0.2886751345948129,0.0,0.0,0.7071067811865475,0.7071067811865475,0.7071067811865475,0.7071067811865475,0.7071067811865475,0.7071067811865475,0.7071067811865475,0.7071067811865475,0.0,0.0,0.0,0.0,0.7071067811865475,0.7071067811865475,0.0,0.0,0.0,0.0,0.7071067811865475,0.7071067811865475,0.4999999999999999,0.4999999999999999,0.0,0.0,0.0,0.0,0.0,0.0,0.7071067811865475,0.7071067811865475,0.7071067811865475,0.7071067811865475,0.9999999999999998,0.9999999999999998,0.1543033499620919,0.1543033499620919,0.1543033499620919,0.1543033499620919,0.7071067811865475,0.7071067811865475,0.7071067811865475,0.0,0.9999999999999998,0.9999999999999998,0.4999999999999999,0.4999999999999999,0.4999999999999999,0.0,0.7071067811865475,0.7071067811865475,0.7071067811865475,0.7071067811865475,0.7071067811865475,0.7071067811865475,0.4999999999999999,0.4999999999999999,0.7071067811865475,0.7071067811865475,0.7071067811865475,0.7071067811865475,0.7071067811865475,0.7071067811865475,0.0,0.0,0.2886751345948129,0.2886751345948129,0.7071067811865475,0.7071067811865475,0.7071067811865475,0.7071067811865475,0.7071067811865475,0.7071067811865475,0.4999999999999999,0.4999999999999999,0.0,0.0,0.8164965809277259,0.2886751345948129,0.2886751345948129,0.0,0.0,0.7071067811865475,0.7071067811865475,0.4999999999999999,0.4999999999999999,0.7071067811865475,0.7071067811865475,0.7071067811865475,0.7071067811865475,0.7071067811865475,0.7071067811865475,0.4999999999999999,0.4999999999999999,0.7071067811865475,0.0,0.0,0.0,0.0,0.0,0.0,0.7071067811865475,0.7071067811865475,0.7071067811865475,0.7071067811865475,0.2886751345948129,0.2886751345948129,0.4999999999999999,0.4999999999999999,0.7071067811865475,0.7071067811865475,0.0,0.0,0.7071067811865475,0.0,0.0,0.0,0.0,0.6324555320336759,0.0,0.0,0.7071067811865475,0.7071067811865475,0.7071067811865475,0.7071067811865475,0.4714045207910316,0.7071067811865475,0.7071067811865475,0.4999999999999999,0.4999999999999999,0.0,0.0,0.0,0.0,0.7071067811865475,0.7071067811865475,0.0,0.0,0.7071067811865475,0.0,0.0,0.0,0.0,0.0,0.0,0.0,0.0,0.0,0.0,0.7071067811865475,0.7071067811865475,0.0,0.0,0.0,0.0,0.0,0.0,0.0,0.2886751345948129,0.2886751345948129,1.0,0.9999999999999998,0.9999999999999998,0.9999999999999998,0.9999999999999998,0.9999999999999998,0.4999999999999999,0.4999999999999999,0.4999999999999999,0.4999999999999999,0.0,0.0,0.0,0.0,0.0,0.0,0.0,0.0,0.0,0.0,0.7071067811865475,0.7071067811865475,0.7071067811865475,0.7071067811865475,0.0,0.0,0.4999999999999999,0.4999999999999999,0.4999999999999999,0.4999999999999999,0.0,0.0,0.0,0.0,0.4999999999999999,0.4999999999999999,0.4999999999999999,0.4999999999999999,0.0,0.0,0.0,0.0,0.0,0.0,0.0,0.0,0.0,0.0,0.0,0.0,0.0,0.0,0.0,0.0,0.0,0.0,0.0,0.0,0.0,0.0,0.0,0.0,0.0,0.0,0.0,0.0,0.0,0.0,0.0,0.0,0.0,0.7071067811865475,0.7071067811865475,0.7071067811865475,0.7071067811865475,0.7071067811865475,0.7071067811865475,0.0,0.4999999999999999,0.4999999999999999,0.4999999999999999,0.4999999999999999,0.4999999999999999,0.0,0.0,0.0,0.0,0.0,0.0,0.0,0.0,0.0,0.0,0.0,0.0,0.0,0.0,0.0,0.0,0.0,0.7071067811865475,0.7071067811865475,0.7071067811865475,0.7071067811865475,0.7071067811865475,0.7071067811865475,0.7071067811865475,0.7071067811865475,0.7071067811865475,0.7071067811865475,0.7071067811865475,0.7071067811865475,0.7071067811865475,0.0,0.0,0.0,0.0,0.0,0.0,0.0,0.0
IL1DR,0.4999999999999999,0.4999999999999999,0.9999999999999998,0.9999999999999998,0.0,0.7071067811865475,0.9486832980505138,0.7071067811865475,0.0,0.4999999999999999,0.4999999999999999,0.9486832980505138,0.9486832980505138,0.4999999999999999,0.4999999999999999,0.0,0.0,0.9999999999999998,0.2886751345948129,0.2886751345948129,0.0,0.0,0.7071067811865475,0.7071067811865475,0.7071067811865475,0.7071067811865475,0.7071067811865475,0.7071067811865475,0.7071067811865475,0.7071067811865475,0.0,0.0,0.0,0.0,0.7071067811865475,0.7071067811865475,0.0,0.0,0.0,0.0,0.7071067811865475,0.7071067811865475,0.4999999999999999,0.4999999999999999,0.0,0.0,0.0,0.0,0.0,0.0,0.7071067811865475,0.7071067811865475,0.7071067811865475,0.7071067811865475,0.9999999999999998,0.9999999999999998,0.1543033499620919,0.1543033499620919,0.1543033499620919,0.1543033499620919,0.7071067811865475,0.7071067811865475,0.7071067811865475,0.0,0.9999999999999998,0.9999999999999998,0.4999999999999999,0.4999999999999999,0.4999999999999999,0.0,0.7071067811865475,0.7071067811865475,0.7071067811865475,0.7071067811865475,0.7071067811865475,0.7071067811865475,0.4999999999999999,0.4999999999999999,0.7071067811865475,0.7071067811865475,0.7071067811865475,0.7071067811865475,0.7071067811865475,0.7071067811865475,0.0,0.0,0.2886751345948129,0.2886751345948129,0.7071067811865475,0.7071067811865475,0.7071067811865475,0.7071067811865475,0.7071067811865475,0.7071067811865475,0.4999999999999999,0.4999999999999999,0.0,0.0,0.8164965809277259,0.2886751345948129,0.2886751345948129,0.0,0.0,0.7071067811865475,0.7071067811865475,0.4999999999999999,0.4999999999999999,0.7071067811865475,0.7071067811865475,0.7071067811865475,0.7071067811865475,0.7071067811865475,0.7071067811865475,0.4999999999999999,0.4999999999999999,0.7071067811865475,0.0,0.0,0.0,0.0,0.0,0.0,0.7071067811865475,0.7071067811865475,0.7071067811865475,0.7071067811865475,0.2886751345948129,0.2886751345948129,0.4999999999999999,0.4999999999999999,0.7071067811865475,0.7071067811865475,0.0,0.0,0.7071067811865475,0.0,0.0,0.0,0.0,0.6324555320336759,0.0,0.0,0.7071067811865475,0.7071067811865475,0.7071067811865475,0.7071067811865475,0.4714045207910316,0.7071067811865475,0.7071067811865475,0.4999999999999999,0.4999999999999999,0.0,0.0,0.0,0.0,0.7071067811865475,0.7071067811865475,0.0,0.0,0.7071067811865475,0.0,0.0,0.0,0.0,0.0,0.0,0.0,0.0,0.0,0.0,0.7071067811865475,0.7071067811865475,0.0,0.0,0.0,0.0,0.0,0.0,0.0,0.2886751345948129,0.2886751345948129,0.9999999999999998,1.0,0.9999999999999998,0.9999999999999998,0.9999999999999998,0.9999999999999998,0.4999999999999999,0.4999999999999999,0.4999999999999999,0.4999999999999999,0.0,0.0,0.0,0.0,0.0,0.0,0.0,0.0,0.0,0.0,0.7071067811865475,0.7071067811865475,0.7071067811865475,0.7071067811865475,0.0,0.0,0.4999999999999999,0.4999999999999999,0.4999999999999999,0.4999999999999999,0.0,0.0,0.0,0.0,0.4999999999999999,0.4999999999999999,0.4999999999999999,0.4999999999999999,0.0,0.0,0.0,0.0,0.0,0.0,0.0,0.0,0.0,0.0,0.0,0.0,0.0,0.0,0.0,0.0,0.0,0.0,0.0,0.0,0.0,0.0,0.0,0.0,0.0,0.0,0.0,0.0,0.0,0.0,0.0,0.0,0.0,0.7071067811865475,0.7071067811865475,0.7071067811865475,0.7071067811865475,0.7071067811865475,0.7071067811865475,0.0,0.4999999999999999,0.4999999999999999,0.4999999999999999,0.4999999999999999,0.4999999999999999,0.0,0.0,0.0,0.0,0.0,0.0,0.0,0.0,0.0,0.0,0.0,0.0,0.0,0.0,0.0,0.0,0.0,0.7071067811865475,0.7071067811865475,0.7071067811865475,0.7071067811865475,0.7071067811865475,0.7071067811865475,0.7071067811865475,0.7071067811865475,0.7071067811865475,0.7071067811865475,0.7071067811865475,0.7071067811865475,0.7071067811865475,0.0,0.0,0.0,0.0,0.0,0.0,0.0,0.0
IL1L,0.4999999999999999,0.4999999999999999,0.9999999999999998,0.9999999999999998,0.0,0.7071067811865475,0.9486832980505138,0.7071067811865475,0.0,0.4999999999999999,0.4999999999999999,0.9486832980505138,0.9486832980505138,0.4999999999999999,0.4999999999999999,0.0,0.0,0.9999999999999998,0.2886751345948129,0.2886751345948129,0.0,0.0,0.7071067811865475,0.7071067811865475,0.7071067811865475,0.7071067811865475,0.7071067811865475,0.7071067811865475,0.7071067811865475,0.7071067811865475,0.0,0.0,0.0,0.0,0.7071067811865475,0.7071067811865475,0.0,0.0,0.0,0.0,0.7071067811865475,0.7071067811865475,0.4999999999999999,0.4999999999999999,0.0,0.0,0.0,0.0,0.0,0.0,0.7071067811865475,0.7071067811865475,0.7071067811865475,0.7071067811865475,0.9999999999999998,0.9999999999999998,0.1543033499620919,0.1543033499620919,0.1543033499620919,0.1543033499620919,0.7071067811865475,0.7071067811865475,0.7071067811865475,0.0,0.9999999999999998,0.9999999999999998,0.4999999999999999,0.4999999999999999,0.4999999999999999,0.0,0.7071067811865475,0.7071067811865475,0.7071067811865475,0.7071067811865475,0.7071067811865475,0.7071067811865475,0.4999999999999999,0.4999999999999999,0.7071067811865475,0.7071067811865475,0.7071067811865475,0.7071067811865475,0.7071067811865475,0.7071067811865475,0.0,0.0,0.2886751345948129,0.2886751345948129,0.7071067811865475,0.7071067811865475,0.7071067811865475,0.7071067811865475,0.7071067811865475,0.7071067811865475,0.4999999999999999,0.4999999999999999,0.0,0.0,0.8164965809277259,0.2886751345948129,0.2886751345948129,0.0,0.0,0.7071067811865475,0.7071067811865475,0.4999999999999999,0.4999999999999999,0.7071067811865475,0.7071067811865475,0.7071067811865475,0.7071067811865475,0.7071067811865475,0.7071067811865475,0.4999999999999999,0.4999999999999999,0.7071067811865475,0.0,0.0,0.0,0.0,0.0,0.0,0.7071067811865475,0.7071067811865475,0.7071067811865475,0.7071067811865475,0.2886751345948129,0.2886751345948129,0.4999999999999999,0.4999999999999999,0.7071067811865475,0.7071067811865475,0.0,0.0,0.7071067811865475,0.0,0.0,0.0,0.0,0.6324555320336759,0.0,0.0,0.7071067811865475,0.7071067811865475,0.7071067811865475,0.7071067811865475,0.4714045207910316,0.7071067811865475,0.7071067811865475,0.4999999999999999,0.4999999999999999,0.0,0.0,0.0,0.0,0.7071067811865475,0.7071067811865475,0.0,0.0,0.7071067811865475,0.0,0.0,0.0,0.0,0.0,0.0,0.0,0.0,0.0,0.0,0.7071067811865475,0.7071067811865475,0.0,0.0,0.0,0.0,0.0,0.0,0.0,0.2886751345948129,0.2886751345948129,0.9999999999999998,0.9999999999999998,1.0,0.9999999999999998,0.9999999999999998,0.9999999999999998,0.4999999999999999,0.4999999999999999,0.4999999999999999,0.4999999999999999,0.0,0.0,0.0,0.0,0.0,0.0,0.0,0.0,0.0,0.0,0.7071067811865475,0.7071067811865475,0.7071067811865475,0.7071067811865475,0.0,0.0,0.4999999999999999,0.4999999999999999,0.4999999999999999,0.4999999999999999,0.0,0.0,0.0,0.0,0.4999999999999999,0.4999999999999999,0.4999999999999999,0.4999999999999999,0.0,0.0,0.0,0.0,0.0,0.0,0.0,0.0,0.0,0.0,0.0,0.0,0.0,0.0,0.0,0.0,0.0,0.0,0.0,0.0,0.0,0.0,0.0,0.0,0.0,0.0,0.0,0.0,0.0,0.0,0.0,0.0,0.0,0.7071067811865475,0.7071067811865475,0.7071067811865475,0.7071067811865475,0.7071067811865475,0.7071067811865475,0.0,0.4999999999999999,0.4999999999999999,0.4999999999999999,0.4999999999999999,0.4999999999999999,0.0,0.0,0.0,0.0,0.0,0.0,0.0,0.0,0.0,0.0,0.0,0.0,0.0,0.0,0.0,0.0,0.0,0.7071067811865475,0.7071067811865475,0.7071067811865475,0.7071067811865475,0.7071067811865475,0.7071067811865475,0.7071067811865475,0.7071067811865475,0.7071067811865475,0.7071067811865475,0.7071067811865475,0.7071067811865475,0.7071067811865475,0.0,0.0,0.0,0.0,0.0,0.0,0.0,0.0
IL1R,0.4999999999999999,0.4999999999999999,0.9999999999999998,0.9999999999999998,0.0,0.7071067811865475,0.9486832980505138,0.7071067811865475,0.0,0.4999999999999999,0.4999999999999999,0.9486832980505138,0.9486832980505138,0.4999999999999999,0.4999999999999999,0.0,0.0,0.9999999999999998,0.2886751345948129,0.2886751345948129,0.0,0.0,0.7071067811865475,0.7071067811865475,0.7071067811865475,0.7071067811865475,0.7071067811865475,0.7071067811865475,0.7071067811865475,0.7071067811865475,0.0,0.0,0.0,0.0,0.7071067811865475,0.7071067811865475,0.0,0.0,0.0,0.0,0.7071067811865475,0.7071067811865475,0.4999999999999999,0.4999999999999999,0.0,0.0,0.0,0.0,0.0,0.0,0.7071067811865475,0.7071067811865475,0.7071067811865475,0.7071067811865475,0.9999999999999998,0.9999999999999998,0.1543033499620919,0.1543033499620919,0.1543033499620919,0.1543033499620919,0.7071067811865475,0.7071067811865475,0.7071067811865475,0.0,0.9999999999999998,0.9999999999999998,0.4999999999999999,0.4999999999999999,0.4999999999999999,0.0,0.7071067811865475,0.7071067811865475,0.7071067811865475,0.7071067811865475,0.7071067811865475,0.7071067811865475,0.4999999999999999,0.4999999999999999,0.7071067811865475,0.7071067811865475,0.7071067811865475,0.7071067811865475,0.7071067811865475,0.7071067811865475,0.0,0.0,0.2886751345948129,0.2886751345948129,0.7071067811865475,0.7071067811865475,0.7071067811865475,0.7071067811865475,0.7071067811865475,0.7071067811865475,0.4999999999999999,0.4999999999999999,0.0,0.0,0.8164965809277259,0.2886751345948129,0.2886751345948129,0.0,0.0,0.7071067811865475,0.7071067811865475,0.4999999999999999,0.4999999999999999,0.7071067811865475,0.7071067811865475,0.7071067811865475,0.7071067811865475,0.7071067811865475,0.7071067811865475,0.4999999999999999,0.4999999999999999,0.7071067811865475,0.0,0.0,0.0,0.0,0.0,0.0,0.7071067811865475,0.7071067811865475,0.7071067811865475,0.7071067811865475,0.2886751345948129,0.2886751345948129,0.4999999999999999,0.4999999999999999,0.7071067811865475,0.7071067811865475,0.0,0.0,0.7071067811865475,0.0,0.0,0.0,0.0,0.6324555320336759,0.0,0.0,0.7071067811865475,0.7071067811865475,0.7071067811865475,0.7071067811865475,0.4714045207910316,0.7071067811865475,0.7071067811865475,0.4999999999999999,0.4999999999999999,0.0,0.0,0.0,0.0,0.7071067811865475,0.7071067811865475,0.0,0.0,0.7071067811865475,0.0,0.0,0.0,0.0,0.0,0.0,0.0,0.0,0.0,0.0,0.7071067811865475,0.7071067811865475,0.0,0.0,0.0,0.0,0.0,0.0,0.0,0.2886751345948129,0.2886751345948129,0.9999999999999998,0.9999999999999998,0.9999999999999998,1.0,0.9999999999999998,0.9999999999999998,0.4999999999999999,0.4999999999999999,0.4999999999999999,0.4999999999999999,0.0,0.0,0.0,0.0,0.0,0.0,0.0,0.0,0.0,0.0,0.7071067811865475,0.7071067811865475,0.7071067811865475,0.7071067811865475,0.0,0.0,0.4999999999999999,0.4999999999999999,0.4999999999999999,0.4999999999999999,0.0,0.0,0.0,0.0,0.4999999999999999,0.4999999999999999,0.4999999999999999,0.4999999999999999,0.0,0.0,0.0,0.0,0.0,0.0,0.0,0.0,0.0,0.0,0.0,0.0,0.0,0.0,0.0,0.0,0.0,0.0,0.0,0.0,0.0,0.0,0.0,0.0,0.0,0.0,0.0,0.0,0.0,0.0,0.0,0.0,0.0,0.7071067811865475,0.7071067811865475,0.7071067811865475,0.7071067811865475,0.7071067811865475,0.7071067811865475,0.0,0.4999999999999999,0.4999999999999999,0.4999999999999999,0.4999999999999999,0.4999999999999999,0.0,0.0,0.0,0.0,0.0,0.0,0.0,0.0,0.0,0.0,0.0,0.0,0.0,0.0,0.0,0.0,0.0,0.7071067811865475,0.7071067811865475,0.7071067811865475,0.7071067811865475,0.7071067811865475,0.7071067811865475,0.7071067811865475,0.7071067811865475,0.7071067811865475,0.7071067811865475,0.7071067811865475,0.7071067811865475,0.7071067811865475,0.0,0.0,0.0,0.0,0.0,0.0,0.0,0.0
IL1VL,0.4999999999999999,0.4999999999999999,0.9999999999999998,0.9999999999999998,0.0,0.7071067811865475,0.9486832980505138,0.7071067811865475,0.0,0.4999999999999999,0.4999999999999999,0.9486832980505138,0.9486832980505138,0.4999999999999999,0.4999999999999999,0.0,0.0,0.9999999999999998,0.2886751345948129,0.2886751345948129,0.0,0.0,0.7071067811865475,0.7071067811865475,0.7071067811865475,0.7071067811865475,0.7071067811865475,0.7071067811865475,0.7071067811865475,0.7071067811865475,0.0,0.0,0.0,0.0,0.7071067811865475,0.7071067811865475,0.0,0.0,0.0,0.0,0.7071067811865475,0.7071067811865475,0.4999999999999999,0.4999999999999999,0.0,0.0,0.0,0.0,0.0,0.0,0.7071067811865475,0.7071067811865475,0.7071067811865475,0.7071067811865475,0.9999999999999998,0.9999999999999998,0.1543033499620919,0.1543033499620919,0.1543033499620919,0.1543033499620919,0.7071067811865475,0.7071067811865475,0.7071067811865475,0.0,0.9999999999999998,0.9999999999999998,0.4999999999999999,0.4999999999999999,0.4999999999999999,0.0,0.7071067811865475,0.7071067811865475,0.7071067811865475,0.7071067811865475,0.7071067811865475,0.7071067811865475,0.4999999999999999,0.4999999999999999,0.7071067811865475,0.7071067811865475,0.7071067811865475,0.7071067811865475,0.7071067811865475,0.7071067811865475,0.0,0.0,0.2886751345948129,0.2886751345948129,0.7071067811865475,0.7071067811865475,0.7071067811865475,0.7071067811865475,0.7071067811865475,0.7071067811865475,0.4999999999999999,0.4999999999999999,0.0,0.0,0.8164965809277259,0.2886751345948129,0.2886751345948129,0.0,0.0,0.7071067811865475,0.7071067811865475,0.4999999999999999,0.4999999999999999,0.7071067811865475,0.7071067811865475,0.7071067811865475,0.7071067811865475,0.7071067811865475,0.7071067811865475,0.4999999999999999,0.4999999999999999,0.7071067811865475,0.0,0.0,0.0,0.0,0.0,0.0,0.7071067811865475,0.7071067811865475,0.7071067811865475,0.7071067811865475,0.2886751345948129,0.2886751345948129,0.4999999999999999,0.4999999999999999,0.7071067811865475,0.7071067811865475,0.0,0.0,0.7071067811865475,0.0,0.0,0.0,0.0,0.6324555320336759,0.0,0.0,0.7071067811865475,0.7071067811865475,0.7071067811865475,0.7071067811865475,0.4714045207910316,0.7071067811865475,0.7071067811865475,0.4999999999999999,0.4999999999999999,0.0,0.0,0.0,0.0,0.7071067811865475,0.7071067811865475,0.0,0.0,0.7071067811865475,0.0,0.0,0.0,0.0,0.0,0.0,0.0,0.0,0.0,0.0,0.7071067811865475,0.7071067811865475,0.0,0.0,0.0,0.0,0.0,0.0,0.0,0.2886751345948129,0.2886751345948129,0.9999999999999998,0.9999999999999998,0.9999999999999998,0.9999999999999998,1.0,0.9999999999999998,0.4999999999999999,0.4999999999999999,0.4999999999999999,0.4999999999999999,0.0,0.0,0.0,0.0,0.0,0.0,0.0,0.0,0.0,0.0,0.7071067811865475,0.7071067811865475,0.7071067811865475,0.7071067811865475,0.0,0.0,0.4999999999999999,0.4999999999999999,0.4999999999999999,0.4999999999999999,0.0,0.0,0.0,0.0,0.4999999999999999,0.4999999999999999,0.4999999999999999,0.4999999999999999,0.0,0.0,0.0,0.0,0.0,0.0,0.0,0.0,0.0,0.0,0.0,0.0,0.0,0.0,0.0,0.0,0.0,0.0,0.0,0.0,0.0,0.0,0.0,0.0,0.0,0.0,0.0,0.0,0.0,0.0,0.0,0.0,0.0,0.7071067811865475,0.7071067811865475,0.7071067811865475,0.7071067811865475,0.7071067811865475,0.7071067811865475,0.0,0.4999999999999999,0.4999999999999999,0.4999999999999999,0.4999999999999999,0.4999999999999999,0.0,0.0,0.0,0.0,0.0,0.0,0.0,0.0,0.0,0.0,0.0,0.0,0.0,0.0,0.0,0.0,0.0,0.7071067811865475,0.7071067811865475,0.7071067811865475,0.7071067811865475,0.7071067811865475,0.7071067811865475,0.7071067811865475,0.7071067811865475,0.7071067811865475,0.7071067811865475,0.7071067811865475,0.7071067811865475,0.7071067811865475,0.0,0.0,0.0,0.0,0.0,0.0,0.0,0.0
IL1VR,0.4999999999999999,0.4999999999999999,0.9999999999999998,0.9999999999999998,0.0,0.7071067811865475,0.9486832980505138,0.7071067811865475,0.0,0.4999999999999999,0.4999999999999999,0.9486832980505138,0.9486832980505138,0.4999999999999999,0.4999999999999999,0.0,0.0,0.9999999999999998,0.2886751345948129,0.2886751345948129,0.0,0.0,0.7071067811865475,0.7071067811865475,0.7071067811865475,0.7071067811865475,0.7071067811865475,0.7071067811865475,0.7071067811865475,0.7071067811865475,0.0,0.0,0.0,0.0,0.7071067811865475,0.7071067811865475,0.0,0.0,0.0,0.0,0.7071067811865475,0.7071067811865475,0.4999999999999999,0.4999999999999999,0.0,0.0,0.0,0.0,0.0,0.0,0.7071067811865475,0.7071067811865475,0.7071067811865475,0.7071067811865475,0.9999999999999998,0.9999999999999998,0.1543033499620919,0.1543033499620919,0.1543033499620919,0.1543033499620919,0.7071067811865475,0.7071067811865475,0.7071067811865475,0.0,0.9999999999999998,0.9999999999999998,0.4999999999999999,0.4999999999999999,0.4999999999999999,0.0,0.7071067811865475,0.7071067811865475,0.7071067811865475,0.7071067811865475,0.7071067811865475,0.7071067811865475,0.4999999999999999,0.4999999999999999,0.7071067811865475,0.7071067811865475,0.7071067811865475,0.7071067811865475,0.7071067811865475,0.7071067811865475,0.0,0.0,0.2886751345948129,0.2886751345948129,0.7071067811865475,0.7071067811865475,0.7071067811865475,0.7071067811865475,0.7071067811865475,0.7071067811865475,0.4999999999999999,0.4999999999999999,0.0,0.0,0.8164965809277259,0.2886751345948129,0.2886751345948129,0.0,0.0,0.7071067811865475,0.7071067811865475,0.4999999999999999,0.4999999999999999,0.7071067811865475,0.7071067811865475,0.7071067811865475,0.7071067811865475,0.7071067811865475,0.7071067811865475,0.4999999999999999,0.4999999999999999,0.7071067811865475,0.0,0.0,0.0,0.0,0.0,0.0,0.7071067811865475,0.7071067811865475,0.7071067811865475,0.7071067811865475,0.2886751345948129,0.2886751345948129,0.4999999999999999,0.4999999999999999,0.7071067811865475,0.7071067811865475,0.0,0.0,0.7071067811865475,0.0,0.0,0.0,0.0,0.6324555320336759,0.0,0.0,0.7071067811865475,0.7071067811865475,0.7071067811865475,0.7071067811865475,0.4714045207910316,0.7071067811865475,0.7071067811865475,0.4999999999999999,0.4999999999999999,0.0,0.0,0.0,0.0,0.7071067811865475,0.7071067811865475,0.0,0.0,0.7071067811865475,0.0,0.0,0.0,0.0,0.0,0.0,0.0,0.0,0.0,0.0,0.7071067811865475,0.7071067811865475,0.0,0.0,0.0,0.0,0.0,0.0,0.0,0.2886751345948129,0.2886751345948129,0.9999999999999998,0.9999999999999998,0.9999999999999998,0.9999999999999998,0.9999999999999998,1.0,0.4999999999999999,0.4999999999999999,0.4999999999999999,0.4999999999999999,0.0,0.0,0.0,0.0,0.0,0.0,0.0,0.0,0.0,0.0,0.7071067811865475,0.7071067811865475,0.7071067811865475,0.7071067811865475,0.0,0.0,0.4999999999999999,0.4999999999999999,0.4999999999999999,0.4999999999999999,0.0,0.0,0.0,0.0,0.4999999999999999,0.4999999999999999,0.4999999999999999,0.4999999999999999,0.0,0.0,0.0,0.0,0.0,0.0,0.0,0.0,0.0,0.0,0.0,0.0,0.0,0.0,0.0,0.0,0.0,0.0,0.0,0.0,0.0,0.0,0.0,0.0,0.0,0.0,0.0,0.0,0.0,0.0,0.0,0.0,0.0,0.7071067811865475,0.7071067811865475,0.7071067811865475,0.7071067811865475,0.7071067811865475,0.7071067811865475,0.0,0.4999999999999999,0.4999999999999999,0.4999999999999999,0.4999999999999999,0.4999999999999999,0.0,0.0,0.0,0.0,0.0,0.0,0.0,0.0,0.0,0.0,0.0,0.0,0.0,0.0,0.0,0.0,0.0,0.7071067811865475,0.7071067811865475,0.7071067811865475,0.7071067811865475,0.7071067811865475,0.7071067811865475,0.7071067811865475,0.7071067811865475,0.7071067811865475,0.7071067811865475,0.7071067811865475,0.7071067811865475,0.7071067811865475,0.0,0.0,0.0,0.0,0.0,0.0,0.0,0.0
SIADL,0.9999999999999998,0.9999999999999998,0.4999999999999999,0.4999999999999999,0.7071067811865475,0.0,0.31622776601683794,0.7071067811865475,0.7071067811865475,0.9999999999999998,0.9999999999999998,0.31622776601683794,0.31622776601683794,0.9999999999999998,0.4999999999999999,0.7071067811865475,0.7071067811865475,0.4999999999999999,0.2886751345948129,0.2886751345948129,0.2886751345948129,0.2886751345948129,0.0,0.0,0.0,0.0,0.0,0.0,0.0,0.0,0.0,0.0,0.7071067811865475,0.7071067811865475,0.0,0.0,0.7071067811865475,0.7071067811865475,0.7071067811865475,0.7071067811865475,0.0,0.0,0.4999999999999999,0.4999999999999999,0.7071067811865475,0.7071067811865475,0.7071067811865475,0.7071067811865475,0.7071067811865475,0.7071067811865475,0.0,0.0,0.0,0.0,0.4999999999999999,0.4999999999999999,0.1543033499620919,0.1543033499620919,0.1543033499620919,0.1543033499620919,0.0,0.0,0.0,0.0,0.4999999999999999,0.4999999999999999,0.9999999999999998,0.9999999999999998,0.9999999999999998,0.7071067811865475,0.0,0.0,0.0,0.0,0.0,0.0,0.9999999999999998,0.9999999999999998,0.0,0.0,0.0,0.0,0.0,0.0,0.0,0.0,0.0,0.0,0.0,0.0,0.0,0.0,0.0,0.0,0.9999999999999998,0.9999999999999998,0.7071067811865475,0.7071067811865475,0.8164965809277259,0.0,0.0,0.7071067811865475,0.7071067811865475,0.0,0.0,0.9999999999999998,0.9999999999999998,0.0,0.0,0.0,0.0,0.0,0.0,0.9999999999999998,0.9999999999999998,0.7071067811865475,0.0,0.0,0.0,0.0,0.7071067811865475,0.7071067811865475,0.0,0.0,0.7071067811865475,0.7071067811865475,0.0,0.0,0.9999999999999998,0.9999999999999998,0.0,0.0,0.2886751345948129,0.2886751345948129,0.7071067811865475,0.0,0.0,0.0,0.0,0.9486832980505138,0.0,0.0,0.7071067811865475,0.7071067811865475,0.7071067811865475,0.7071067811865475,0.4714045207910316,0.7071067811865475,0.0,0.4999999999999999,0.4999999999999999,0.7071067811865475,0.7071067811865475,0.0,0.0,0.0,0.7071067811865475,0.0,0.0,0.7071067811865475,0.7071067811865475,0.7071067811865475,0.7071067811865475,0.7071067811865475,0.7071067811865475,0.7071067811865475,0.7071067811865475,0.7071067811865475,0.7071067811865475,0.7071067811865475,0.0,0.0,0.7071067811865475,0.7071067811865475,0.7071067811865475,0.7071067811865475,0.7071067811865475,0.7071067811865475,0.7071067811865475,0.0,0.0,0.4999999999999999,0.4999999999999999,0.4999999999999999,0.4999999999999999,0.4999999999999999,0.4999999999999999,1.0,0.9999999999999998,0.9999999999999998,0.9999999999999998,0.7071067811865475,0.7071067811865475,0.7071067811865475,0.7071067811865475,0.7071067811865475,0.7071067811865475,0.7071067811865475,0.7071067811865475,0.7071067811865475,0.7071067811865475,0.7071067811865475,0.7071067811865475,0.7071067811865475,0.7071067811865475,0.7071067811865475,0.7071067811865475,0.9999999999999998,0.9999999999999998,0.9999999999999998,0.9999999999999998,0.7071067811865475,0.7071067811865475,0.7071067811865475,0.7071067811865475,0.9999999999999998,0.9999999999999998,0.9999999999999998,0.9999999999999998,0.7071067811865475,0.7071067811865475,0.7071067811865475,0.7071067811865475,0.7071067811865475,0.7071067811865475,0.7071067811865475,0.7071067811865475,0.7071067811865475,0.7071067811865475,0.7071067811865475,0.7071067811865475,0.7071067811865475,0.7071067811865475,0.7071067811865475,0.7071067811865475,0.7071067811865475,0.7071067811865475,0.7071067811865475,0.7071067811865475,0.7071067811865475,0.7071067811865475,0.7071067811865475,0.7071067811865475,0.7071067811865475,0.7071067811865475,0.7071067811865475,0.7071067811865475,0.7071067811865475,0.7071067811865475,0.7071067811865475,0.7071067811865475,0.7071067811865475,0.7071067811865475,0.7071067811865475,0.7071067811865475,0.7071067811865475,0.7071067811865475,0.7071067811865475,0.7071067811865475,0.9999999999999998,0.9999999999999998,0.9999999999999998,0.9999999999999998,0.9999999999999998,0.7071067811865475,0.7071067811865475,0.7071067811865475,0.7071067811865475,0.7071067811865475,0.7071067811865475,0.7071067811865475,0.7071067811865475,0.7071067811865475,0.7071067811865475,0.7071067811865475,0.7071067811865475,0.7071067811865475,0.7071067811865475,0.7071067811865475,0.7071067811865475,0.7071067811865475,0.7071067811865475,0.7071067811865475,0.7071067811865475,0.7071067811865475,0.7071067811865475,0.7071067811865475,0.7071067811865475,0.7071067811865475,0.7071067811865475,0.7071067811865475,0.7071067811865475,0.7071067811865475,0.7071067811865475,0.2886751345948129,0.2886751345948129,0.7071067811865475,0.7071067811865475,0.7071067811865475,0.2886751345948129,0.2886751345948129,0.7071067811865475
SIADR,0.9999999999999998,0.9999999999999998,0.4999999999999999,0.4999999999999999,0.7071067811865475,0.0,0.31622776601683794,0.7071067811865475,0.7071067811865475,0.9999999999999998,0.9999999999999998,0.31622776601683794,0.31622776601683794,0.9999999999999998,0.4999999999999999,0.7071067811865475,0.7071067811865475,0.4999999999999999,0.2886751345948129,0.2886751345948129,0.2886751345948129,0.2886751345948129,0.0,0.0,0.0,0.0,0.0,0.0,0.0,0.0,0.0,0.0,0.7071067811865475,0.7071067811865475,0.0,0.0,0.7071067811865475,0.7071067811865475,0.7071067811865475,0.7071067811865475,0.0,0.0,0.4999999999999999,0.4999999999999999,0.7071067811865475,0.7071067811865475,0.7071067811865475,0.7071067811865475,0.7071067811865475,0.7071067811865475,0.0,0.0,0.0,0.0,0.4999999999999999,0.4999999999999999,0.1543033499620919,0.1543033499620919,0.1543033499620919,0.1543033499620919,0.0,0.0,0.0,0.0,0.4999999999999999,0.4999999999999999,0.9999999999999998,0.9999999999999998,0.9999999999999998,0.7071067811865475,0.0,0.0,0.0,0.0,0.0,0.0,0.9999999999999998,0.9999999999999998,0.0,0.0,0.0,0.0,0.0,0.0,0.0,0.0,0.0,0.0,0.0,0.0,0.0,0.0,0.0,0.0,0.9999999999999998,0.9999999999999998,0.7071067811865475,0.7071067811865475,0.8164965809277259,0.0,0.0,0.7071067811865475,0.7071067811865475,0.0,0.0,0.9999999999999998,0.9999999999999998,0.0,0.0,0.0,0.0,0.0,0.0,0.9999999999999998,0.9999999999999998,0.7071067811865475,0.0,0.0,0.0,0.0,0.7071067811865475,0.7071067811865475,0.0,0.0,0.7071067811865475,0.7071067811865475,0.0,0.0,0.9999999999999998,0.9999999999999998,0.0,0.0,0.2886751345948129,0.2886751345948129,0.7071067811865475,0.0,0.0,0.0,0.0,0.9486832980505138,0.0,0.0,0.7071067811865475,0.7071067811865475,0.7071067811865475,0.7071067811865475,0.4714045207910316,0.7071067811865475,0.0,0.4999999999999999,0.4999999999999999,0.7071067811865475,0.7071067811865475,0.0,0.0,0.0,0.7071067811865475,0.0,0.0,0.7071067811865475,0.7071067811865475,0.7071067811865475,0.7071067811865475,0.7071067811865475,0.7071067811865475,0.7071067811865475,0.7071067811865475,0.7071067811865475,0.7071067811865475,0.7071067811865475,0.0,0.0,0.7071067811865475,0.7071067811865475,0.7071067811865475,0.7071067811865475,0.7071067811865475,0.7071067811865475,0.7071067811865475,0.0,0.0,0.4999999999999999,0.4999999999999999,0.4999999999999999,0.4999999999999999,0.4999999999999999,0.4999999999999999,0.9999999999999998,1.0,0.9999999999999998,0.9999999999999998,0.7071067811865475,0.7071067811865475,0.7071067811865475,0.7071067811865475,0.7071067811865475,0.7071067811865475,0.7071067811865475,0.7071067811865475,0.7071067811865475,0.7071067811865475,0.7071067811865475,0.7071067811865475,0.7071067811865475,0.7071067811865475,0.7071067811865475,0.7071067811865475,0.9999999999999998,0.9999999999999998,0.9999999999999998,0.9999999999999998,0.7071067811865475,0.7071067811865475,0.7071067811865475,0.7071067811865475,0.9999999999999998,0.9999999999999998,0.9999999999999998,0.9999999999999998,0.7071067811865475,0.7071067811865475,0.7071067811865475,0.7071067811865475,0.7071067811865475,0.7071067811865475,0.7071067811865475,0.7071067811865475,0.7071067811865475,0.7071067811865475,0.7071067811865475,0.7071067811865475,0.7071067811865475,0.7071067811865475,0.7071067811865475,0.7071067811865475,0.7071067811865475,0.7071067811865475,0.7071067811865475,0.7071067811865475,0.7071067811865475,0.7071067811865475,0.7071067811865475,0.7071067811865475,0.7071067811865475,0.7071067811865475,0.7071067811865475,0.7071067811865475,0.7071067811865475,0.7071067811865475,0.7071067811865475,0.7071067811865475,0.7071067811865475,0.7071067811865475,0.7071067811865475,0.7071067811865475,0.7071067811865475,0.7071067811865475,0.7071067811865475,0.7071067811865475,0.9999999999999998,0.9999999999999998,0.9999999999999998,0.9999999999999998,0.9999999999999998,0.7071067811865475,0.7071067811865475,0.7071067811865475,0.7071067811865475,0.7071067811865475,0.7071067811865475,0.7071067811865475,0.7071067811865475,0.7071067811865475,0.7071067811865475,0.7071067811865475,0.7071067811865475,0.7071067811865475,0.7071067811865475,0.7071067811865475,0.7071067811865475,0.7071067811865475,0.7071067811865475,0.7071067811865475,0.7071067811865475,0.7071067811865475,0.7071067811865475,0.7071067811865475,0.7071067811865475,0.7071067811865475,0.7071067811865475,0.7071067811865475,0.7071067811865475,0.7071067811865475,0.7071067811865475,0.2886751345948129,0.2886751345948129,0.7071067811865475,0.7071067811865475,0.7071067811865475,0.2886751345948129,0.2886751345948129,0.7071067811865475
SIAVL,0.9999999999999998,0.9999999999999998,0.4999999999999999,0.4999999999999999,0.7071067811865475,0.0,0.31622776601683794,0.7071067811865475,0.7071067811865475,0.9999999999999998,0.9999999999999998,0.31622776601683794,0.31622776601683794,0.9999999999999998,0.4999999999999999,0.7071067811865475,0.7071067811865475,0.4999999999999999,0.2886751345948129,0.2886751345948129,0.2886751345948129,0.2886751345948129,0.0,0.0,0.0,0.0,0.0,0.0,0.0,0.0,0.0,0.0,0.7071067811865475,0.7071067811865475,0.0,0.0,0.7071067811865475,0.7071067811865475,0.7071067811865475,0.7071067811865475,0.0,0.0,0.4999999999999999,0.4999999999999999,0.7071067811865475,0.7071067811865475,0.7071067811865475,0.7071067811865475,0.7071067811865475,0.7071067811865475,0.0,0.0,0.0,0.0,0.4999999999999999,0.4999999999999999,0.1543033499620919,0.1543033499620919,0.1543033499620919,0.1543033499620919,0.0,0.0,0.0,0.0,0.4999999999999999,0.4999999999999999,0.9999999999999998,0.9999999999999998,0.9999999999999998,0.7071067811865475,0.0,0.0,0.0,0.0,0.0,0.0,0.9999999999999998,0.9999999999999998,0.0,0.0,0.0,0.0,0.0,0.0,0.0,0.0,0.0,0.0,0.0,0.0,0.0,0.0,0.0,0.0,0.9999999999999998,0.9999999999999998,0.7071067811865475,0.7071067811865475,0.8164965809277259,0.0,0.0,0.7071067811865475,0.7071067811865475,0.0,0.0,0.9999999999999998,0.9999999999999998,0.0,0.0,0.0,0.0,0.0,0.0,0.9999999999999998,0.9999999999999998,0.7071067811865475,0.0,0.0,0.0,0.0,0.7071067811865475,0.7071067811865475,0.0,0.0,0.7071067811865475,0.7071067811865475,0.0,0.0,0.9999999999999998,0.9999999999999998,0.0,0.0,0.2886751345948129,0.2886751345948129,0.7071067811865475,0.0,0.0,0.0,0.0,0.9486832980505138,0.0,0.0,0.7071067811865475,0.7071067811865475,0.7071067811865475,0.7071067811865475,0.4714045207910316,0.7071067811865475,0.0,0.4999999999999999,0.4999999999999999,0.7071067811865475,0.7071067811865475,0.0,0.0,0.0,0.7071067811865475,0.0,0.0,0.7071067811865475,0.7071067811865475,0.7071067811865475,0.7071067811865475,0.7071067811865475,0.7071067811865475,0.7071067811865475,0.7071067811865475,0.7071067811865475,0.7071067811865475,0.7071067811865475,0.0,0.0,0.7071067811865475,0.7071067811865475,0.7071067811865475,0.7071067811865475,0.7071067811865475,0.7071067811865475,0.7071067811865475,0.0,0.0,0.4999999999999999,0.4999999999999999,0.4999999999999999,0.4999999999999999,0.4999999999999999,0.4999999999999999,0.9999999999999998,0.9999999999999998,1.0,0.9999999999999998,0.7071067811865475,0.7071067811865475,0.7071067811865475,0.7071067811865475,0.7071067811865475,0.7071067811865475,0.7071067811865475,0.7071067811865475,0.7071067811865475,0.7071067811865475,0.7071067811865475,0.7071067811865475,0.7071067811865475,0.7071067811865475,0.7071067811865475,0.7071067811865475,0.9999999999999998,0.9999999999999998,0.9999999999999998,0.9999999999999998,0.7071067811865475,0.7071067811865475,0.7071067811865475,0.7071067811865475,0.9999999999999998,0.9999999999999998,0.9999999999999998,0.9999999999999998,0.7071067811865475,0.7071067811865475,0.7071067811865475,0.7071067811865475,0.7071067811865475,0.7071067811865475,0.7071067811865475,0.7071067811865475,0.7071067811865475,0.7071067811865475,0.7071067811865475,0.7071067811865475,0.7071067811865475,0.7071067811865475,0.7071067811865475,0.7071067811865475,0.7071067811865475,0.7071067811865475,0.7071067811865475,0.7071067811865475,0.7071067811865475,0.7071067811865475,0.7071067811865475,0.7071067811865475,0.7071067811865475,0.7071067811865475,0.7071067811865475,0.7071067811865475,0.7071067811865475,0.7071067811865475,0.7071067811865475,0.7071067811865475,0.7071067811865475,0.7071067811865475,0.7071067811865475,0.7071067811865475,0.7071067811865475,0.7071067811865475,0.7071067811865475,0.7071067811865475,0.9999999999999998,0.9999999999999998,0.9999999999999998,0.9999999999999998,0.9999999999999998,0.7071067811865475,0.7071067811865475,0.7071067811865475,0.7071067811865475,0.7071067811865475,0.7071067811865475,0.7071067811865475,0.7071067811865475,0.7071067811865475,0.7071067811865475,0.7071067811865475,0.7071067811865475,0.7071067811865475,0.7071067811865475,0.7071067811865475,0.7071067811865475,0.7071067811865475,0.7071067811865475,0.7071067811865475,0.7071067811865475,0.7071067811865475,0.7071067811865475,0.7071067811865475,0.7071067811865475,0.7071067811865475,0.7071067811865475,0.7071067811865475,0.7071067811865475,0.7071067811865475,0.7071067811865475,0.2886751345948129,0.2886751345948129,0.7071067811865475,0.7071067811865475,0.7071067811865475,0.2886751345948129,0.2886751345948129,0.7071067811865475
SIAVR,0.9999999999999998,0.9999999999999998,0.4999999999999999,0.4999999999999999,0.7071067811865475,0.0,0.31622776601683794,0.7071067811865475,0.7071067811865475,0.9999999999999998,0.9999999999999998,0.31622776601683794,0.31622776601683794,0.9999999999999998,0.4999999999999999,0.7071067811865475,0.7071067811865475,0.4999999999999999,0.2886751345948129,0.2886751345948129,0.2886751345948129,0.2886751345948129,0.0,0.0,0.0,0.0,0.0,0.0,0.0,0.0,0.0,0.0,0.7071067811865475,0.7071067811865475,0.0,0.0,0.7071067811865475,0.7071067811865475,0.7071067811865475,0.7071067811865475,0.0,0.0,0.4999999999999999,0.4999999999999999,0.7071067811865475,0.7071067811865475,0.7071067811865475,0.7071067811865475,0.7071067811865475,0.7071067811865475,0.0,0.0,0.0,0.0,0.4999999999999999,0.4999999999999999,0.1543033499620919,0.1543033499620919,0.1543033499620919,0.1543033499620919,0.0,0.0,0.0,0.0,0.4999999999999999,0.4999999999999999,0.9999999999999998,0.9999999999999998,0.9999999999999998,0.7071067811865475,0.0,0.0,0.0,0.0,0.0,0.0,0.9999999999999998,0.9999999999999998,0.0,0.0,0.0,0.0,0.0,0.0,0.0,0.0,0.0,0.0,0.0,0.0,0.0,0.0,0.0,0.0,0.9999999999999998,0.9999999999999998,0.7071067811865475,0.7071067811865475,0.8164965809277259,0.0,0.0,0.7071067811865475,0.7071067811865475,0.0,0.0,0.9999999999999998,0.9999999999999998,0.0,0.0,0.0,0.0,0.0,0.0,0.9999999999999998,0.9999999999999998,0.7071067811865475,0.0,0.0,0.0,0.0,0.7071067811865475,0.7071067811865475,0.0,0.0,0.7071067811865475,0.7071067811865475,0.0,0.0,0.9999999999999998,0.9999999999999998,0.0,0.0,0.2886751345948129,0.2886751345948129,0.7071067811865475,0.0,0.0,0.0,0.0,0.9486832980505138,0.0,0.0,0.7071067811865475,0.7071067811865475,0.7071067811865475,0.7071067811865475,0.4714045207910316,0.7071067811865475,0.0,0.4999999999999999,0.4999999999999999,0.7071067811865475,0.7071067811865475,0.0,0.0,0.0,0.7071067811865475,0.0,0.0,0.7071067811865475,0.7071067811865475,0.7071067811865475,0.7071067811865475,0.7071067811865475,0.7071067811865475,0.7071067811865475,0.7071067811865475,0.7071067811865475,0.7071067811865475,0.7071067811865475,0.0,0.0,0.7071067811865475,0.7071067811865475,0.7071067811865475,0.7071067811865475,0.7071067811865475,0.7071067811865475,0.7071067811865475,0.0,0.0,0.4999999999999999,0.4999999999999999,0.4999999999999999,0.4999999999999999,0.4999999999999999,0.4999999999999999,0.9999999999999998,0.9999999999999998,0.9999999999999998,1.0,0.7071067811865475,0.7071067811865475,0.7071067811865475,0.7071067811865475,0.7071067811865475,0.7071067811865475,0.7071067811865475,0.7071067811865475,0.7071067811865475,0.7071067811865475,0.7071067811865475,0.7071067811865475,0.7071067811865475,0.7071067811865475,0.7071067811865475,0.7071067811865475,0.9999999999999998,0.9999999999999998,0.9999999999999998,0.9999999999999998,0.7071067811865475,0.7071067811865475,0.7071067811865475,0.7071067811865475,0.9999999999999998,0.9999999999999998,0.9999999999999998,0.9999999999999998,0.7071067811865475,0.7071067811865475,0.7071067811865475,0.7071067811865475,0.7071067811865475,0.7071067811865475,0.7071067811865475,0.7071067811865475,0.7071067811865475,0.7071067811865475,0.7071067811865475,0.7071067811865475,0.7071067811865475,0.7071067811865475,0.7071067811865475,0.7071067811865475,0.7071067811865475,0.7071067811865475,0.7071067811865475,0.7071067811865475,0.7071067811865475,0.7071067811865475,0.7071067811865475,0.7071067811865475,0.7071067811865475,0.7071067811865475,0.7071067811865475,0.7071067811865475,0.7071067811865475,0.7071067811865475,0.7071067811865475,0.7071067811865475,0.7071067811865475,0.7071067811865475,0.7071067811865475,0.7071067811865475,0.7071067811865475,0.7071067811865475,0.7071067811865475,0.7071067811865475,0.9999999999999998,0.9999999999999998,0.9999999999999998,0.9999999999999998,0.9999999999999998,0.7071067811865475,0.7071067811865475,0.7071067811865475,0.7071067811865475,0.7071067811865475,0.7071067811865475,0.7071067811865475,0.7071067811865475,0.7071067811865475,0.7071067811865475,0.7071067811865475,0.7071067811865475,0.7071067811865475,0.7071067811865475,0.7071067811865475,0.7071067811865475,0.7071067811865475,0.7071067811865475,0.7071067811865475,0.7071067811865475,0.7071067811865475,0.7071067811865475,0.7071067811865475,0.7071067811865475,0.7071067811865475,0.7071067811865475,0.7071067811865475,0.7071067811865475,0.7071067811865475,0.7071067811865475,0.2886751345948129,0.2886751345948129,0.7071067811865475,0.7071067811865475,0.7071067811865475,0.2886751345948129,0.2886751345948129,0.7071067811865475
SIBDL,0.7071067811865475,0.7071067811865475,0.0,0.0,1.0,0.0,0.0,0.0,1.0,0.7071067811865475,0.7071067811865475,0.0,0.0,0.7071067811865475,0.7071067811865475,1.0,1.0,0.0,0.0,0.0,0.4082482904638631,0.4082482904638631,0.0,0.0,0.0,0.0,0.0,0.0,0.0,0.0,0.0,0.0,1.0,1.0,0.0,0.0,1.0,1.0,1.0,1.0,0.0,0.0,0.7071067811865475,0.7071067811865475,1.0,1.0,1.0,1.0,1.0,1.0,0.0,0.0,0.0,0.0,0.0,0.0,0.0,0.0,0.0,0.0,0.0,0.0,0.0,0.0,0.0,0.0,0.7071067811865475,0.7071067811865475,0.7071067811865475,1.0,0.0,0.0,0.0,0.0,0.0,0.0,0.7071067811865475,0.7071067811865475,0.0,0.0,0.0,0.0,0.0,0.0,0.0,0.0,0.0,0.0,0.0,0.0,0.0,0.0,0.0,0.0,0.7071067811865475,0.7071067811865475,1.0,1.0,0.5773502691896258,0.0,0.0,1.0,1.0,0.0,0.0,0.7071067811865475,0.7071067811865475,0.0,0.0,0.0,0.0,0.0,0.0,0.7071067811865475,0.7071067811865475,0.0,0.0,0.0,0.0,0.0,1.0,1.0,0.0,0.0,0.0,0.0,0.0,0.0,0.7071067811865475,0.7071067811865475,0.0,0.0,0.4082482904638631,0.4082482904638631,0.0,0.0,0.0,0.0,0.0,0.4472135954999579,0.0,0.0,0.0,0.0,0.0,0.0,0.0,0.0,0.0,0.7071067811865475,0.7071067811865475,1.0,1.0,0.0,0.0,0.0,0.0,0.0,0.0,0.0,1.0,1.0,1.0,1.0,1.0,1.0,1.0,1.0,1.0,1.0,0.0,0.0,1.0,1.0,1.0,1.0,1.0,1.0,1.0,0.0,0.0,0.0,0.0,0.0,0.0,0.0,0.0,0.7071067811865475,0.7071067811865475,0.7071067811865475,0.7071067811865475,1.0,1.0,1.0,1.0,1.0,1.0,1.0,1.0,1.0,1.0,0.0,0.0,0.0,0.0,1.0,1.0,0.7071067811865475,0.7071067811865475,0.7071067811865475,0.7071067811865475,1.0,1.0,1.0,1.0,0.7071067811865475,0.7071067811865475,0.7071067811865475,0.7071067811865475,1.0,1.0,1.0,1.0,1.0,1.0,1.0,1.0,1.0,1.0,1.0,1.0,1.0,1.0,1.0,1.0,1.0,1.0,1.0,1.0,1.0,1.0,1.0,1.0,1.0,1.0,1.0,1.0,1.0,1.0,1.0,1.0,1.0,0.0,0.0,0.0,0.0,0.0,0.0,1.0,0.7071067811865475,0.7071067811865475,0.7071067811865475,0.7071067811865475,0.7071067811865475,1.0,1.0,1.0,1.0,1.0,1.0,1.0,1.0,1.0,1.0,1.0,1.0,1.0,1.0,1.0,1.0,1.0,0.0,0.0,0.0,0.0,0.0,0.0,0.0,0.0,0.0,0.0,0.0,0.0,0.0,0.4082482904638631,0.4082482904638631,1.0,1.0,1.0,0.4082482904638631,0.4082482904638631,1.0
SIBDR,0.7071067811865475,0.7071067811865475,0.0,0.0,1.0,0.0,0.0,0.0,1.0,0.7071067811865475,0.7071067811865475,0.0,0.0,0.7071067811865475,0.7071067811865475,1.0,1.0,0.0,0.0,0.0,0.4082482904638631,0.4082482904638631,0.0,0.0,0.0,0.0,0.0,0.0,0.0,0.0,0.0,0.0,1.0,1.0,0.0,0.0,1.0,1.0,1.0,1.0,0.0,0.0,0.7071067811865475,0.7071067811865475,1.0,1.0,1.0,1.0,1.0,1.0,0.0,0.0,0.0,0.0,0.0,0.0,0.0,0.0,0.0,0.0,0.0,0.0,0.0,0.0,0.0,0.0,0.7071067811865475,0.7071067811865475,0.7071067811865475,1.0,0.0,0.0,0.0,0.0,0.0,0.0,0.7071067811865475,0.7071067811865475,0.0,0.0,0.0,0.0,0.0,0.0,0.0,0.0,0.0,0.0,0.0,0.0,0.0,0.0,0.0,0.0,0.7071067811865475,0.7071067811865475,1.0,1.0,0.5773502691896258,0.0,0.0,1.0,1.0,0.0,0.0,0.7071067811865475,0.7071067811865475,0.0,0.0,0.0,0.0,0.0,0.0,0.7071067811865475,0.7071067811865475,0.0,0.0,0.0,0.0,0.0,1.0,1.0,0.0,0.0,0.0,0.0,0.0,0.0,0.7071067811865475,0.7071067811865475,0.0,0.0,0.4082482904638631,0.4082482904638631,0.0,0.0,0.0,0.0,0.0,0.4472135954999579,0.0,0.0,0.0,0.0,0.0,0.0,0.0,0.0,0.0,0.7071067811865475,0.7071067811865475,1.0,1.0,0.0,0.0,0.0,0.0,0.0,0.0,0.0,1.0,1.0,1.0,1.0,1.0,1.0,1.0,1.0,1.0,1.0,0.0,0.0,1.0,1.0,1.0,1.0,1.0,1.0,1.0,0.0,0.0,0.0,0.0,0.0,0.0,0.0,0.0,0.7071067811865475,0.7071067811865475,0.7071067811865475,0.7071067811865475,1.0,1.0,1.0,1.0,1.0,1.0,1.0,1.0,1.0,1.0,0.0,0.0,0.0,0.0,1.0,1.0,0.7071067811865475,0.7071067811865475,0.7071067811865475,0.7071067811865475,1.0,1.0,1.0,1.0,0.7071067811865475,0.7071067811865475,0.7071067811865475,0.7071067811865475,1.0,1.0,1.0,1.0,1.0,1.0,1.0,1.0,1.0,1.0,1.0,1.0,1.0,1.0,1.0,1.0,1.0,1.0,1.0,1.0,1.0,1.0,1.0,1.0,1.0,1.0,1.0,1.0,1.0,1.0,1.0,1.0,1.0,0.0,0.0,0.0,0.0,0.0,0.0,1.0,0.7071067811865475,0.7071067811865475,0.7071067811865475,0.7071067811865475,0.7071067811865475,1.0,1.0,1.0,1.0,1.0,1.0,1.0,1.0,1.0,1.0,1.0,1.0,1.0,1.0,1.0,1.0,1.0,0.0,0.0,0.0,0.0,0.0,0.0,0.0,0.0,0.0,0.0,0.0,0.0,0.0,0.4082482904638631,0.4082482904638631,1.0,1.0,1.0,0.4082482904638631,0.4082482904638631,1.0
SIBVL,0.7071067811865475,0.7071067811865475,0.0,0.0,1.0,0.0,0.0,0.0,1.0,0.7071067811865475,0.7071067811865475,0.0,0.0,0.7071067811865475,0.7071067811865475,1.0,1.0,0.0,0.0,0.0,0.4082482904638631,0.4082482904638631,0.0,0.0,0.0,0.0,0.0,0.0,0.0,0.0,0.0,0.0,1.0,1.0,0.0,0.0,1.0,1.0,1.0,1.0,0.0,0.0,0.7071067811865475,0.7071067811865475,1.0,1.0,1.0,1.0,1.0,1.0,0.0,0.0,0.0,0.0,0.0,0.0,0.0,0.0,0.0,0.0,0.0,0.0,0.0,0.0,0.0,0.0,0.7071067811865475,0.7071067811865475,0.7071067811865475,1.0,0.0,0.0,0.0,0.0,0.0,0.0,0.7071067811865475,0.7071067811865475,0.0,0.0,0.0,0.0,0.0,0.0,0.0,0.0,0.0,0.0,0.0,0.0,0.0,0.0,0.0,0.0,0.7071067811865475,0.7071067811865475,1.0,1.0,0.5773502691896258,0.0,0.0,1.0,1.0,0.0,0.0,0.7071067811865475,0.7071067811865475,0.0,0.0,0.0,0.0,0.0,0.0,0.7071067811865475,0.7071067811865475,0.0,0.0,0.0,0.0,0.0,1.0,1.0,0.0,0.0,0.0,0.0,0.0,0.0,0.7071067811865475,0.7071067811865475,0.0,0.0,0.4082482904638631,0.4082482904638631,0.0,0.0,0.0,0.0,0.0,0.4472135954999579,0.0,0.0,0.0,0.0,0.0,0.0,0.0,0.0,0.0,0.7071067811865475,0.7071067811865475,1.0,1.0,0.0,0.0,0.0,0.0,0.0,0.0,0.0,1.0,1.0,1.0,1.0,1.0,1.0,1.0,1.0,1.0,1.0,0.0,0.0,1.0,1.0,1.0,1.0,1.0,1.0,1.0,0.0,0.0,0.0,0.0,0.0,0.0,0.0,0.0,0.7071067811865475,0.7071067811865475,0.7071067811865475,0.7071067811865475,1.0,1.0,1.0,1.0,1.0,1.0,1.0,1.0,1.0,1.0,0.0,0.0,0.0,0.0,1.0,1.0,0.7071067811865475,0.7071067811865475,0.7071067811865475,0.7071067811865475,1.0,1.0,1.0,1.0,0.7071067811865475,0.7071067811865475,0.7071067811865475,0.7071067811865475,1.0,1.0,1.0,1.0,1.0,1.0,1.0,1.0,1.0,1.0,1.0,1.0,1.0,1.0,1.0,1.0,1.0,1.0,1.0,1.0,1.0,1.0,1.0,1.0,1.0,1.0,1.0,1.0,1.0,1.0,1.0,1.0,1.0,0.0,0.0,0.0,0.0,0.0,0.0,1.0,0.7071067811865475,0.7071067811865475,0.7071067811865475,0.7071067811865475,0.7071067811865475,1.0,1.0,1.0,1.0,1.0,1.0,1.0,1.0,1.0,1.0,1.0,1.0,1.0,1.0,1.0,1.0,1.0,0.0,0.0,0.0,0.0,0.0,0.0,0.0,0.0,0.0,0.0,0.0,0.0,0.0,0.4082482904638631,0.4082482904638631,1.0,1.0,1.0,0.4082482904638631,0.4082482904638631,1.0
SIBVR,0.7071067811865475,0.7071067811865475,0.0,0.0,1.0,0.0,0.0,0.0,1.0,0.7071067811865475,0.7071067811865475,0.0,0.0,0.7071067811865475,0.7071067811865475,1.0,1.0,0.0,0.0,0.0,0.4082482904638631,0.4082482904638631,0.0,0.0,0.0,0.0,0.0,0.0,0.0,0.0,0.0,0.0,1.0,1.0,0.0,0.0,1.0,1.0,1.0,1.0,0.0,0.0,0.7071067811865475,0.7071067811865475,1.0,1.0,1.0,1.0,1.0,1.0,0.0,0.0,0.0,0.0,0.0,0.0,0.0,0.0,0.0,0.0,0.0,0.0,0.0,0.0,0.0,0.0,0.7071067811865475,0.7071067811865475,0.7071067811865475,1.0,0.0,0.0,0.0,0.0,0.0,0.0,0.7071067811865475,0.7071067811865475,0.0,0.0,0.0,0.0,0.0,0.0,0.0,0.0,0.0,0.0,0.0,0.0,0.0,0.0,0.0,0.0,0.7071067811865475,0.7071067811865475,1.0,1.0,0.5773502691896258,0.0,0.0,1.0,1.0,0.0,0.0,0.7071067811865475,0.7071067811865475,0.0,0.0,0.0,0.0,0.0,0.0,0.7071067811865475,0.7071067811865475,0.0,0.0,0.0,0.0,0.0,1.0,1.0,0.0,0.0,0.0,0.0,0.0,0.0,0.7071067811865475,0.7071067811865475,0.0,0.0,0.4082482904638631,0.4082482904638631,0.0,0.0,0.0,0.0,0.0,0.4472135954999579,0.0,0.0,0.0,0.0,0.0,0.0,0.0,0.0,0.0,0.7071067811865475,0.7071067811865475,1.0,1.0,0.0,0.0,0.0,0.0,0.0,0.0,0.0,1.0,1.0,1.0,1.0,1.0,1.0,1.0,1.0,1.0,1.0,0.0,0.0,1.0,1.0,1.0,1.0,1.0,1.0,1.0,0.0,0.0,0.0,0.0,0.0,0.0,0.0,0.0,0.7071067811865475,0.7071067811865475,0.7071067811865475,0.7071067811865475,1.0,1.0,1.0,1.0,1.0,1.0,1.0,1.0,1.0,1.0,0.0,0.0,0.0,0.0,1.0,1.0,0.7071067811865475,0.7071067811865475,0.7071067811865475,0.7071067811865475,1.0,1.0,1.0,1.0,0.7071067811865475,0.7071067811865475,0.7071067811865475,0.7071067811865475,1.0,1.0,1.0,1.0,1.0,1.0,1.0,1.0,1.0,1.0,1.0,1.0,1.0,1.0,1.0,1.0,1.0,1.0,1.0,1.0,1.0,1.0,1.0,1.0,1.0,1.0,1.0,1.0,1.0,1.0,1.0,1.0,1.0,0.0,0.0,0.0,0.0,0.0,0.0,1.0,0.7071067811865475,0.7071067811865475,0.7071067811865475,0.7071067811865475,0.7071067811865475,1.0,1.0,1.0,1.0,1.0,1.0,1.0,1.0,1.0,1.0,1.0,1.0,1.0,1.0,1.0,1.0,1.0,0.0,0.0,0.0,0.0,0.0,0.0,0.0,0.0,0.0,0.0,0.0,0.0,0.0,0.4082482904638631,0.4082482904638631,1.0,1.0,1.0,0.4082482904638631,0.4082482904638631,1.0
RMDDL,0.7071067811865475,0.7071067811865475,0.0,0.0,1.0,0.0,0.0,0.0,1.0,0.7071067811865475,0.7071067811865475,0.0,0.0,0.7071067811865475,0.7071067811865475,1.0,1.0,0.0,0.0,0.0,0.4082482904638631,0.4082482904638631,0.0,0.0,0.0,0.0,0.0,0.0,0.0,0.0,0.0,0.0,1.0,1.0,0.0,0.0,1.0,1.0,1.0,1.0,0.0,0.0,0.7071067811865475,0.7071067811865475,1.0,1.0,1.0,1.0,1.0,1.0,0.0,0.0,0.0,0.0,0.0,0.0,0.0,0.0,0.0,0.0,0.0,0.0,0.0,0.0,0.0,0.0,0.7071067811865475,0.7071067811865475,0.7071067811865475,1.0,0.0,0.0,0.0,0.0,0.0,0.0,0.7071067811865475,0.7071067811865475,0.0,0.0,0.0,0.0,0.0,0.0,0.0,0.0,0.0,0.0,0.0,0.0,0.0,0.0,0.0,0.0,0.7071067811865475,0.7071067811865475,1.0,1.0,0.5773502691896258,0.0,0.0,1.0,1.0,0.0,0.0,0.7071067811865475,0.7071067811865475,0.0,0.0,0.0,0.0,0.0,0.0,0.7071067811865475,0.7071067811865475,0.0,0.0,0.0,0.0,0.0,1.0,1.0,0.0,0.0,0.0,0.0,0.0,0.0,0.7071067811865475,0.7071067811865475,0.0,0.0,0.4082482904638631,0.4082482904638631,0.0,0.0,0.0,0.0,0.0,0.4472135954999579,0.0,0.0,0.0,0.0,0.0,0.0,0.0,0.0,0.0,0.7071067811865475,0.7071067811865475,1.0,1.0,0.0,0.0,0.0,0.0,0.0,0.0,0.0,1.0,1.0,1.0,1.0,1.0,1.0,1.0,1.0,1.0,1.0,0.0,0.0,1.0,1.0,1.0,1.0,1.0,1.0,1.0,0.0,0.0,0.0,0.0,0.0,0.0,0.0,0.0,0.7071067811865475,0.7071067811865475,0.7071067811865475,0.7071067811865475,1.0,1.0,1.0,1.0,1.0,1.0,1.0,1.0,1.0,1.0,0.0,0.0,0.0,0.0,1.0,1.0,0.7071067811865475,0.7071067811865475,0.7071067811865475,0.7071067811865475,1.0,1.0,1.0,1.0,0.7071067811865475,0.7071067811865475,0.7071067811865475,0.7071067811865475,1.0,1.0,1.0,1.0,1.0,1.0,1.0,1.0,1.0,1.0,1.0,1.0,1.0,1.0,1.0,1.0,1.0,1.0,1.0,1.0,1.0,1.0,1.0,1.0,1.0,1.0,1.0,1.0,1.0,1.0,1.0,1.0,1.0,0.0,0.0,0.0,0.0,0.0,0.0,1.0,0.7071067811865475,0.7071067811865475,0.7071067811865475,0.7071067811865475,0.7071067811865475,1.0,1.0,1.0,1.0,1.0,1.0,1.0,1.0,1.0,1.0,1.0,1.0,1.0,1.0,1.0,1.0,1.0,0.0,0.0,0.0,0.0,0.0,0.0,0.0,0.0,0.0,0.0,0.0,0.0,0.0,0.4082482904638631,0.4082482904638631,1.0,1.0,1.0,0.4082482904638631,0.4082482904638631,1.0
RMDDR,0.7071067811865475,0.7071067811865475,0.0,0.0,1.0,0.0,0.0,0.0,1.0,0.7071067811865475,0.7071067811865475,0.0,0.0,0.7071067811865475,0.7071067811865475,1.0,1.0,0.0,0.0,0.0,0.4082482904638631,0.4082482904638631,0.0,0.0,0.0,0.0,0.0,0.0,0.0,0.0,0.0,0.0,1.0,1.0,0.0,0.0,1.0,1.0,1.0,1.0,0.0,0.0,0.7071067811865475,0.7071067811865475,1.0,1.0,1.0,1.0,1.0,1.0,0.0,0.0,0.0,0.0,0.0,0.0,0.0,0.0,0.0,0.0,0.0,0.0,0.0,0.0,0.0,0.0,0.7071067811865475,0.7071067811865475,0.7071067811865475,1.0,0.0,0.0,0.0,0.0,0.0,0.0,0.7071067811865475,0.7071067811865475,0.0,0.0,0.0,0.0,0.0,0.0,0.0,0.0,0.0,0.0,0.0,0.0,0.0,0.0,0.0,0.0,0.7071067811865475,0.7071067811865475,1.0,1.0,0.5773502691896258,0.0,0.0,1.0,1.0,0.0,0.0,0.7071067811865475,0.7071067811865475,0.0,0.0,0.0,0.0,0.0,0.0,0.7071067811865475,0.7071067811865475,0.0,0.0,0.0,0.0,0.0,1.0,1.0,0.0,0.0,0.0,0.0,0.0,0.0,0.7071067811865475,0.7071067811865475,0.0,0.0,0.4082482904638631,0.4082482904638631,0.0,0.0,0.0,0.0,0.0,0.4472135954999579,0.0,0.0,0.0,0.0,0.0,0.0,0.0,0.0,0.0,0.7071067811865475,0.7071067811865475,1.0,1.0,0.0,0.0,0.0,0.0,0.0,0.0,0.0,1.0,1.0,1.0,1.0,1.0,1.0,1.0,1.0,1.0,1.0,0.0,0.0,1.0,1.0,1.0,1.0,1.0,1.0,1.0,0.0,0.0,0.0,0.0,0.0,0.0,0.0,0.0,0.7071067811865475,0.7071067811865475,0.7071067811865475,0.7071067811865475,1.0,1.0,1.0,1.0,1.0,1.0,1.0,1.0,1.0,1.0,0.0,0.0,0.0,0.0,1.0,1.0,0.7071067811865475,0.7071067811865475,0.7071067811865475,0.7071067811865475,1.0,1.0,1.0,1.0,0.7071067811865475,0.7071067811865475,0.7071067811865475,0.7071067811865475,1.0,1.0,1.0,1.0,1.0,1.0,1.0,1.0,1.0,1.0,1.0,1.0,1.0,1.0,1.0,1.0,1.0,1.0,1.0,1.0,1.0,1.0,1.0,1.0,1.0,1.0,1.0,1.0,1.0,1.0,1.0,1.0,1.0,0.0,0.0,0.0,0.0,0.0,0.0,1.0,0.7071067811865475,0.7071067811865475,0.7071067811865475,0.7071067811865475,0.7071067811865475,1.0,1.0,1.0,1.0,1.0,1.0,1.0,1.0,1.0,1.0,1.0,1.0,1.0,1.0,1.0,1.0,1.0,0.0,0.0,0.0,0.0,0.0,0.0,0.0,0.0,0.0,0.0,0.0,0.0,0.0,0.4082482904638631,0.4082482904638631,1.0,1.0,1.0,0.4082482904638631,0.4082482904638631,1.0
RMDL,0.7071067811865475,0.7071067811865475,0.0,0.0,1.0,0.0,0.0,0.0,1.0,0.7071067811865475,0.7071067811865475,0.0,0.0,0.7071067811865475,0.7071067811865475,1.0,1.0,0.0,0.0,0.0,0.4082482904638631,0.4082482904638631,0.0,0.0,0.0,0.0,0.0,0.0,0.0,0.0,0.0,0.0,1.0,1.0,0.0,0.0,1.0,1.0,1.0,1.0,0.0,0.0,0.7071067811865475,0.7071067811865475,1.0,1.0,1.0,1.0,1.0,1.0,0.0,0.0,0.0,0.0,0.0,0.0,0.0,0.0,0.0,0.0,0.0,0.0,0.0,0.0,0.0,0.0,0.7071067811865475,0.7071067811865475,0.7071067811865475,1.0,0.0,0.0,0.0,0.0,0.0,0.0,0.7071067811865475,0.7071067811865475,0.0,0.0,0.0,0.0,0.0,0.0,0.0,0.0,0.0,0.0,0.0,0.0,0.0,0.0,0.0,0.0,0.7071067811865475,0.7071067811865475,1.0,1.0,0.5773502691896258,0.0,0.0,1.0,1.0,0.0,0.0,0.7071067811865475,0.7071067811865475,0.0,0.0,0.0,0.0,0.0,0.0,0.7071067811865475,0.7071067811865475,0.0,0.0,0.0,0.0,0.0,1.0,1.0,0.0,0.0,0.0,0.0,0.0,0.0,0.7071067811865475,0.7071067811865475,0.0,0.0,0.4082482904638631,0.4082482904638631,0.0,0.0,0.0,0.0,0.0,0.4472135954999579,0.0,0.0,0.0,0.0,0.0,0.0,0.0,0.0,0.0,0.7071067811865475,0.7071067811865475,1.0,1.0,0.0,0.0,0.0,0.0,0.0,0.0,0.0,1.0,1.0,1.0,1.0,1.0,1.0,1.0,1.0,1.0,1.0,0.0,0.0,1.0,1.0,1.0,1.0,1.0,1.0,1.0,0.0,0.0,0.0,0.0,0.0,0.0,0.0,0.0,0.7071067811865475,0.7071067811865475,0.7071067811865475,0.7071067811865475,1.0,1.0,1.0,1.0,1.0,1.0,1.0,1.0,1.0,1.0,0.0,0.0,0.0,0.0,1.0,1.0,0.7071067811865475,0.7071067811865475,0.7071067811865475,0.7071067811865475,1.0,1.0,1.0,1.0,0.7071067811865475,0.7071067811865475,0.7071067811865475,0.7071067811865475,1.0,1.0,1.0,1.0,1.0,1.0,1.0,1.0,1.0,1.0,1.0,1.0,1.0,1.0,1.0,1.0,1.0,1.0,1.0,1.0,1.0,1.0,1.0,1.0,1.0,1.0,1.0,1.0,1.0,1.0,1.0,1.0,1.0,0.0,0.0,0.0,0.0,0.0,0.0,1.0,0.7071067811865475,0.7071067811865475,0.7071067811865475,0.7071067811865475,0.7071067811865475,1.0,1.0,1.0,1.0,1.0,1.0,1.0,1.0,1.0,1.0,1.0,1.0,1.0,1.0,1.0,1.0,1.0,0.0,0.0,0.0,0.0,0.0,0.0,0.0,0.0,0.0,0.0,0.0,0.0,0.0,0.4082482904638631,0.4082482904638631,1.0,1.0,1.0,0.4082482904638631,0.4082482904638631,1.0
RMDR,0.7071067811865475,0.7071067811865475,0.0,0.0,1.0,0.0,0.0,0.0,1.0,0.7071067811865475,0.7071067811865475,0.0,0.0,0.7071067811865475,0.7071067811865475,1.0,1.0,0.0,0.0,0.0,0.4082482904638631,0.4082482904638631,0.0,0.0,0.0,0.0,0.0,0.0,0.0,0.0,0.0,0.0,1.0,1.0,0.0,0.0,1.0,1.0,1.0,1.0,0.0,0.0,0.7071067811865475,0.7071067811865475,1.0,1.0,1.0,1.0,1.0,1.0,0.0,0.0,0.0,0.0,0.0,0.0,0.0,0.0,0.0,0.0,0.0,0.0,0.0,0.0,0.0,0.0,0.7071067811865475,0.7071067811865475,0.7071067811865475,1.0,0.0,0.0,0.0,0.0,0.0,0.0,0.7071067811865475,0.7071067811865475,0.0,0.0,0.0,0.0,0.0,0.0,0.0,0.0,0.0,0.0,0.0,0.0,0.0,0.0,0.0,0.0,0.7071067811865475,0.7071067811865475,1.0,1.0,0.5773502691896258,0.0,0.0,1.0,1.0,0.0,0.0,0.7071067811865475,0.7071067811865475,0.0,0.0,0.0,0.0,0.0,0.0,0.7071067811865475,0.7071067811865475,0.0,0.0,0.0,0.0,0.0,1.0,1.0,0.0,0.0,0.0,0.0,0.0,0.0,0.7071067811865475,0.7071067811865475,0.0,0.0,0.4082482904638631,0.4082482904638631,0.0,0.0,0.0,0.0,0.0,0.4472135954999579,0.0,0.0,0.0,0.0,0.0,0.0,0.0,0.0,0.0,0.7071067811865475,0.7071067811865475,1.0,1.0,0.0,0.0,0.0,0.0,0.0,0.0,0.0,1.0,1.0,1.0,1.0,1.0,1.0,1.0,1.0,1.0,1.0,0.0,0.0,1.0,1.0,1.0,1.0,1.0,1.0,1.0,0.0,0.0,0.0,0.0,0.0,0.0,0.0,0.0,0.7071067811865475,0.7071067811865475,0.7071067811865475,0.7071067811865475,1.0,1.0,1.0,1.0,1.0,1.0,1.0,1.0,1.0,1.0,0.0,0.0,0.0,0.0,1.0,1.0,0.7071067811865475,0.7071067811865475,0.7071067811865475,0.7071067811865475,1.0,1.0,1.0,1.0,0.7071067811865475,0.7071067811865475,0.7071067811865475,0.7071067811865475,1.0,1.0,1.0,1.0,1.0,1.0,1.0,1.0,1.0,1.0,1.0,1.0,1.0,1.0,1.0,1.0,1.0,1.0,1.0,1.0,1.0,1.0,1.0,1.0,1.0,1.0,1.0,1.0,1.0,1.0,1.0,1.0,1.0,0.0,0.0,0.0,0.0,0.0,0.0,1.0,0.7071067811865475,0.7071067811865475,0.7071067811865475,0.7071067811865475,0.7071067811865475,1.0,1.0,1.0,1.0,1.0,1.0,1.0,1.0,1.0,1.0,1.0,1.0,1.0,1.0,1.0,1.0,1.0,0.0,0.0,0.0,0.0,0.0,0.0,0.0,0.0,0.0,0.0,0.0,0.0,0.0,0.4082482904638631,0.4082482904638631,1.0,1.0,1.0,0.4082482904638631,0.4082482904638631,1.0
RMDVL,0.7071067811865475,0.7071067811865475,0.0,0.0,1.0,0.0,0.0,0.0,1.0,0.7071067811865475,0.7071067811865475,0.0,0.0,0.7071067811865475,0.7071067811865475,1.0,1.0,0.0,0.0,0.0,0.4082482904638631,0.4082482904638631,0.0,0.0,0.0,0.0,0.0,0.0,0.0,0.0,0.0,0.0,1.0,1.0,0.0,0.0,1.0,1.0,1.0,1.0,0.0,0.0,0.7071067811865475,0.7071067811865475,1.0,1.0,1.0,1.0,1.0,1.0,0.0,0.0,0.0,0.0,0.0,0.0,0.0,0.0,0.0,0.0,0.0,0.0,0.0,0.0,0.0,0.0,0.7071067811865475,0.7071067811865475,0.7071067811865475,1.0,0.0,0.0,0.0,0.0,0.0,0.0,0.7071067811865475,0.7071067811865475,0.0,0.0,0.0,0.0,0.0,0.0,0.0,0.0,0.0,0.0,0.0,0.0,0.0,0.0,0.0,0.0,0.7071067811865475,0.7071067811865475,1.0,1.0,0.5773502691896258,0.0,0.0,1.0,1.0,0.0,0.0,0.7071067811865475,0.7071067811865475,0.0,0.0,0.0,0.0,0.0,0.0,0.7071067811865475,0.7071067811865475,0.0,0.0,0.0,0.0,0.0,1.0,1.0,0.0,0.0,0.0,0.0,0.0,0.0,0.7071067811865475,0.7071067811865475,0.0,0.0,0.4082482904638631,0.4082482904638631,0.0,0.0,0.0,0.0,0.0,0.4472135954999579,0.0,0.0,0.0,0.0,0.0,0.0,0.0,0.0,0.0,0.7071067811865475,0.7071067811865475,1.0,1.0,0.0,0.0,0.0,0.0,0.0,0.0,0.0,1.0,1.0,1.0,1.0,1.0,1.0,1.0,1.0,1.0,1.0,0.0,0.0,1.0,1.0,1.0,1.0,1.0,1.0,1.0,0.0,0.0,0.0,0.0,0.0,0.0,0.0,0.0,0.7071067811865475,0.7071067811865475,0.7071067811865475,0.7071067811865475,1.0,1.0,1.0,1.0,1.0,1.0,1.0,1.0,1.0,1.0,0.0,0.0,0.0,0.0,1.0,1.0,0.7071067811865475,0.7071067811865475,0.7071067811865475,0.7071067811865475,1.0,1.0,1.0,1.0,0.7071067811865475,0.7071067811865475,0.7071067811865475,0.7071067811865475,1.0,1.0,1.0,1.0,1.0,1.0,1.0,1.0,1.0,1.0,1.0,1.0,1.0,1.0,1.0,1.0,1.0,1.0,1.0,1.0,1.0,1.0,1.0,1.0,1.0,1.0,1.0,1.0,1.0,1.0,1.0,1.0,1.0,0.0,0.0,0.0,0.0,0.0,0.0,1.0,0.7071067811865475,0.7071067811865475,0.7071067811865475,0.7071067811865475,0.7071067811865475,1.0,1.0,1.0,1.0,1.0,1.0,1.0,1.0,1.0,1.0,1.0,1.0,1.0,1.0,1.0,1.0,1.0,0.0,0.0,0.0,0.0,0.0,0.0,0.0,0.0,0.0,0.0,0.0,0.0,0.0,0.4082482904638631,0.4082482904638631,1.0,1.0,1.0,0.4082482904638631,0.4082482904638631,1.0
RMDVR,0.7071067811865475,0.7071067811865475,0.0,0.0,1.0,0.0,0.0,0.0,1.0,0.7071067811865475,0.7071067811865475,0.0,0.0,0.7071067811865475,0.7071067811865475,1.0,1.0,0.0,0.0,0.0,0.4082482904638631,0.4082482904638631,0.0,0.0,0.0,0.0,0.0,0.0,0.0,0.0,0.0,0.0,1.0,1.0,0.0,0.0,1.0,1.0,1.0,1.0,0.0,0.0,0.7071067811865475,0.7071067811865475,1.0,1.0,1.0,1.0,1.0,1.0,0.0,0.0,0.0,0.0,0.0,0.0,0.0,0.0,0.0,0.0,0.0,0.0,0.0,0.0,0.0,0.0,0.7071067811865475,0.7071067811865475,0.7071067811865475,1.0,0.0,0.0,0.0,0.0,0.0,0.0,0.7071067811865475,0.7071067811865475,0.0,0.0,0.0,0.0,0.0,0.0,0.0,0.0,0.0,0.0,0.0,0.0,0.0,0.0,0.0,0.0,0.7071067811865475,0.7071067811865475,1.0,1.0,0.5773502691896258,0.0,0.0,1.0,1.0,0.0,0.0,0.7071067811865475,0.7071067811865475,0.0,0.0,0.0,0.0,0.0,0.0,0.7071067811865475,0.7071067811865475,0.0,0.0,0.0,0.0,0.0,1.0,1.0,0.0,0.0,0.0,0.0,0.0,0.0,0.7071067811865475,0.7071067811865475,0.0,0.0,0.4082482904638631,0.4082482904638631,0.0,0.0,0.0,0.0,0.0,0.4472135954999579,0.0,0.0,0.0,0.0,0.0,0.0,0.0,0.0,0.0,0.7071067811865475,0.7071067811865475,1.0,1.0,0.0,0.0,0.0,0.0,0.0,0.0,0.0,1.0,1.0,1.0,1.0,1.0,1.0,1.0,1.0,1.0,1.0,0.0,0.0,1.0,1.0,1.0,1.0,1.0,1.0,1.0,0.0,0.0,0.0,0.0,0.0,0.0,0.0,0.0,0.7071067811865475,0.7071067811865475,0.7071067811865475,0.7071067811865475,1.0,1.0,1.0,1.0,1.0,1.0,1.0,1.0,1.0,1.0,0.0,0.0,0.0,0.0,1.0,1.0,0.7071067811865475,0.7071067811865475,0.7071067811865475,0.7071067811865475,1.0,1.0,1.0,1.0,0.7071067811865475,0.7071067811865475,0.7071067811865475,0.7071067811865475,1.0,1.0,1.0,1.0,1.0,1.0,1.0,1.0,1.0,1.0,1.0,1.0,1.0,1.0,1.0,1.0,1.0,1.0,1.0,1.0,1.0,1.0,1.0,1.0,1.0,1.0,1.0,1.0,1.0,1.0,1.0,1.0,1.0,0.0,0.0,0.0,0.0,0.0,0.0,1.0,0.7071067811865475,0.7071067811865475,0.7071067811865475,0.7071067811865475,0.7071067811865475,1.0,1.0,1.0,1.0,1.0,1.0,1.0,1.0,1.0,1.0,1.0,1.0,1.0,1.0,1.0,1.0,1.0,0.0,0.0,0.0,0.0,0.0,0.0,0.0,0.0,0.0,0.0,0.0,0.0,0.0,0.4082482904638631,0.4082482904638631,1.0,1.0,1.0,0.4082482904638631,0.4082482904638631,1.0
RMED,0.7071067811865475,0.7071067811865475,0.7071067811865475,0.7071067811865475,0.0,0.0,0.4472135954999579,1.0,0.0,0.7071067811865475,0.7071067811865475,0.4472135954999579,0.4472135954999579,0.7071067811865475,0.0,0.0,0.0,0.7071067811865475,0.4082482904638631,0.4082482904638631,0.0,0.0,0.0,0.0,0.0,0.0,0.0,0.0,0.0,0.0,0.0,0.0,0.0,0.0,0.0,0.0,0.0,0.0,0.0,0.0,0.0,0.0,0.0,0.0,0.0,0.0,0.0,0.0,0.0,0.0,0.0,0.0,0.0,0.0,0.7071067811865475,0.7071067811865475,0.2182178902359924,0.2182178902359924,0.2182178902359924,0.2182178902359924,0.0,0.0,0.0,0.0,0.7071067811865475,0.7071067811865475,0.7071067811865475,0.7071067811865475,0.7071067811865475,0.0,0.0,0.0,0.0,0.0,0.0,0.0,0.7071067811865475,0.7071067811865475,0.0,0.0,0.0,0.0,0.0,0.0,0.0,0.0,0.0,0.0,0.0,0.0,0.0,0.0,0.0,0.0,0.7071067811865475,0.7071067811865475,0.0,0.0,0.5773502691896258,0.0,0.0,0.0,0.0,0.0,0.0,0.7071067811865475,0.7071067811865475,0.0,0.0,0.0,0.0,0.0,0.0,0.7071067811865475,0.7071067811865475,1.0,0.0,0.0,0.0,0.0,0.0,0.0,0.0,0.0,1.0,1.0,0.0,0.0,0.7071067811865475,0.7071067811865475,0.0,0.0,0.0,0.0,1.0,0.0,0.0,0.0,0.0,0.8944271909999159,0.0,0.0,1.0,1.0,1.0,1.0,0.6666666666666666,1.0,0.0,0.0,0.0,0.0,0.0,0.0,0.0,0.0,1.0,0.0,0.0,1.0,0.0,0.0,0.0,0.0,0.0,0.0,0.0,0.0,0.0,0.0,0.0,0.0,0.0,0.0,0.0,0.0,0.0,0.0,0.0,0.0,0.0,0.7071067811865475,0.7071067811865475,0.7071067811865475,0.7071067811865475,0.7071067811865475,0.7071067811865475,0.7071067811865475,0.7071067811865475,0.7071067811865475,0.7071067811865475,0.0,0.0,0.0,0.0,0.0,0.0,0.0,0.0,0.0,0.0,1.0,1.0,1.0,1.0,0.0,0.0,0.7071067811865475,0.7071067811865475,0.7071067811865475,0.7071067811865475,0.0,0.0,0.0,0.0,0.7071067811865475,0.7071067811865475,0.7071067811865475,0.7071067811865475,0.0,0.0,0.0,0.0,0.0,0.0,0.0,0.0,0.0,0.0,0.0,0.0,0.0,0.0,0.0,0.0,0.0,0.0,0.0,0.0,0.0,0.0,0.0,0.0,0.0,0.0,0.0,0.0,0.0,0.0,0.0,0.0,0.0,1.0,1.0,1.0,1.0,1.0,1.0,0.0,0.7071067811865475,0.7071067811865475,0.7071067811865475,0.7071067811865475,0.7071067811865475,0.0,0.0,0.0,0.0,0.0,0.0,0.0,0.0,0.0,0.0,0.0,0.0,0.0,0.0,0.0,0.0,0.0,1.0,1.0,1.0,1.0,1.0,1.0,1.0,1.0,1.0,1.0,1.0,1.0,1.0,0.0,0.0,0.0,0.0,0.0,0.0,0.0,0.0
RMEL,0.7071067811865475,0.7071067811865475,0.7071067811865475,0.7071067811865475,0.0,0.0,0.4472135954999579,1.0,0.0,0.7071067811865475,0.7071067811865475,0.4472135954999579,0.4472135954999579,0.7071067811865475,0.0,0.0,0.0,0.7071067811865475,0.4082482904638631,0.4082482904638631,0.0,0.0,0.0,0.0,0.0,0.0,0.0,0.0,0.0,0.0,0.0,0.0,0.0,0.0,0.0,0.0,0.0,0.0,0.0,0.0,0.0,0.0,0.0,0.0,0.0,0.0,0.0,0.0,0.0,0.0,0.0,0.0,0.0,0.0,0.7071067811865475,0.7071067811865475,0.2182178902359924,0.2182178902359924,0.2182178902359924,0.2182178902359924,0.0,0.0,0.0,0.0,0.7071067811865475,0.7071067811865475,0.7071067811865475,0.7071067811865475,0.7071067811865475,0.0,0.0,0.0,0.0,0.0,0.0,0.0,0.7071067811865475,0.7071067811865475,0.0,0.0,0.0,0.0,0.0,0.0,0.0,0.0,0.0,0.0,0.0,0.0,0.0,0.0,0.0,0.0,0.7071067811865475,0.7071067811865475,0.0,0.0,0.5773502691896258,0.0,0.0,0.0,0.0,0.0,0.0,0.7071067811865475,0.7071067811865475,0.0,0.0,0.0,0.0,0.0,0.0,0.7071067811865475,0.7071067811865475,1.0,0.0,0.0,0.0,0.0,0.0,0.0,0.0,0.0,1.0,1.0,0.0,0.0,0.7071067811865475,0.7071067811865475,0.0,0.0,0.0,0.0,1.0,0.0,0.0,0.0,0.0,0.8944271909999159,0.0,0.0,1.0,1.0,1.0,1.0,0.6666666666666666,1.0,0.0,0.0,0.0,0.0,0.0,0.0,0.0,0.0,1.0,0.0,0.0,1.0,0.0,0.0,0.0,0.0,0.0,0.0,0.0,0.0,0.0,0.0,0.0,0.0,0.0,0.0,0.0,0.0,0.0,0.0,0.0,0.0,0.0,0.7071067811865475,0.7071067811865475,0.7071067811865475,0.7071067811865475,0.7071067811865475,0.7071067811865475,0.7071067811865475,0.7071067811865475,0.7071067811865475,0.7071067811865475,0.0,0.0,0.0,0.0,0.0,0.0,0.0,0.0,0.0,0.0,1.0,1.0,1.0,1.0,0.0,0.0,0.7071067811865475,0.7071067811865475,0.7071067811865475,0.7071067811865475,0.0,0.0,0.0,0.0,0.7071067811865475,0.7071067811865475,0.7071067811865475,0.7071067811865475,0.0,0.0,0.0,0.0,0.0,0.0,0.0,0.0,0.0,0.0,0.0,0.0,0.0,0.0,0.0,0.0,0.0,0.0,0.0,0.0,0.0,0.0,0.0,0.0,0.0,0.0,0.0,0.0,0.0,0.0,0.0,0.0,0.0,1.0,1.0,1.0,1.0,1.0,1.0,0.0,0.7071067811865475,0.7071067811865475,0.7071067811865475,0.7071067811865475,0.7071067811865475,0.0,0.0,0.0,0.0,0.0,0.0,0.0,0.0,0.0,0.0,0.0,0.0,0.0,0.0,0.0,0.0,0.0,1.0,1.0,1.0,1.0,1.0,1.0,1.0,1.0,1.0,1.0,1.0,1.0,1.0,0.0,0.0,0.0,0.0,0.0,0.0,0.0,0.0
RMER,0.7071067811865475,0.7071067811865475,0.7071067811865475,0.7071067811865475,0.0,0.0,0.4472135954999579,1.0,0.0,0.7071067811865475,0.7071067811865475,0.4472135954999579,0.4472135954999579,0.7071067811865475,0.0,0.0,0.0,0.7071067811865475,0.4082482904638631,0.4082482904638631,0.0,0.0,0.0,0.0,0.0,0.0,0.0,0.0,0.0,0.0,0.0,0.0,0.0,0.0,0.0,0.0,0.0,0.0,0.0,0.0,0.0,0.0,0.0,0.0,0.0,0.0,0.0,0.0,0.0,0.0,0.0,0.0,0.0,0.0,0.7071067811865475,0.7071067811865475,0.2182178902359924,0.2182178902359924,0.2182178902359924,0.2182178902359924,0.0,0.0,0.0,0.0,0.7071067811865475,0.7071067811865475,0.7071067811865475,0.7071067811865475,0.7071067811865475,0.0,0.0,0.0,0.0,0.0,0.0,0.0,0.7071067811865475,0.7071067811865475,0.0,0.0,0.0,0.0,0.0,0.0,0.0,0.0,0.0,0.0,0.0,0.0,0.0,0.0,0.0,0.0,0.7071067811865475,0.7071067811865475,0.0,0.0,0.5773502691896258,0.0,0.0,0.0,0.0,0.0,0.0,0.7071067811865475,0.7071067811865475,0.0,0.0,0.0,0.0,0.0,0.0,0.7071067811865475,0.7071067811865475,1.0,0.0,0.0,0.0,0.0,0.0,0.0,0.0,0.0,1.0,1.0,0.0,0.0,0.7071067811865475,0.7071067811865475,0.0,0.0,0.0,0.0,1.0,0.0,0.0,0.0,0.0,0.8944271909999159,0.0,0.0,1.0,1.0,1.0,1.0,0.6666666666666666,1.0,0.0,0.0,0.0,0.0,0.0,0.0,0.0,0.0,1.0,0.0,0.0,1.0,0.0,0.0,0.0,0.0,0.0,0.0,0.0,0.0,0.0,0.0,0.0,0.0,0.0,0.0,0.0,0.0,0.0,0.0,0.0,0.0,0.0,0.7071067811865475,0.7071067811865475,0.7071067811865475,0.7071067811865475,0.7071067811865475,0.7071067811865475,0.7071067811865475,0.7071067811865475,0.7071067811865475,0.7071067811865475,0.0,0.0,0.0,0.0,0.0,0.0,0.0,0.0,0.0,0.0,1.0,1.0,1.0,1.0,0.0,0.0,0.7071067811865475,0.7071067811865475,0.7071067811865475,0.7071067811865475,0.0,0.0,0.0,0.0,0.7071067811865475,0.7071067811865475,0.7071067811865475,0.7071067811865475,0.0,0.0,0.0,0.0,0.0,0.0,0.0,0.0,0.0,0.0,0.0,0.0,0.0,0.0,0.0,0.0,0.0,0.0,0.0,0.0,0.0,0.0,0.0,0.0,0.0,0.0,0.0,0.0,0.0,0.0,0.0,0.0,0.0,1.0,1.0,1.0,1.0,1.0,1.0,0.0,0.7071067811865475,0.7071067811865475,0.7071067811865475,0.7071067811865475,0.7071067811865475,0.0,0.0,0.0,0.0,0.0,0.0,0.0,0.0,0.0,0.0,0.0,0.0,0.0,0.0,0.0,0.0,0.0,1.0,1.0,1.0,1.0,1.0,1.0,1.0,1.0,1.0,1.0,1.0,1.0,1.0,0.0,0.0,0.0,0.0,0.0,0.0,0.0,0.0
RMEV,0.7071067811865475,0.7071067811865475,0.7071067811865475,0.7071067811865475,0.0,0.0,0.4472135954999579,1.0,0.0,0.7071067811865475,0.7071067811865475,0.4472135954999579,0.4472135954999579,0.7071067811865475,0.0,0.0,0.0,0.7071067811865475,0.4082482904638631,0.4082482904638631,0.0,0.0,0.0,0.0,0.0,0.0,0.0,0.0,0.0,0.0,0.0,0.0,0.0,0.0,0.0,0.0,0.0,0.0,0.0,0.0,0.0,0.0,0.0,0.0,0.0,0.0,0.0,0.0,0.0,0.0,0.0,0.0,0.0,0.0,0.7071067811865475,0.7071067811865475,0.2182178902359924,0.2182178902359924,0.2182178902359924,0.2182178902359924,0.0,0.0,0.0,0.0,0.7071067811865475,0.7071067811865475,0.7071067811865475,0.7071067811865475,0.7071067811865475,0.0,0.0,0.0,0.0,0.0,0.0,0.0,0.7071067811865475,0.7071067811865475,0.0,0.0,0.0,0.0,0.0,0.0,0.0,0.0,0.0,0.0,0.0,0.0,0.0,0.0,0.0,0.0,0.7071067811865475,0.7071067811865475,0.0,0.0,0.5773502691896258,0.0,0.0,0.0,0.0,0.0,0.0,0.7071067811865475,0.7071067811865475,0.0,0.0,0.0,0.0,0.0,0.0,0.7071067811865475,0.7071067811865475,1.0,0.0,0.0,0.0,0.0,0.0,0.0,0.0,0.0,1.0,1.0,0.0,0.0,0.7071067811865475,0.7071067811865475,0.0,0.0,0.0,0.0,1.0,0.0,0.0,0.0,0.0,0.8944271909999159,0.0,0.0,1.0,1.0,1.0,1.0,0.6666666666666666,1.0,0.0,0.0,0.0,0.0,0.0,0.0,0.0,0.0,1.0,0.0,0.0,1.0,0.0,0.0,0.0,0.0,0.0,0.0,0.0,0.0,0.0,0.0,0.0,0.0,0.0,0.0,0.0,0.0,0.0,0.0,0.0,0.0,0.0,0.7071067811865475,0.7071067811865475,0.7071067811865475,0.7071067811865475,0.7071067811865475,0.7071067811865475,0.7071067811865475,0.7071067811865475,0.7071067811865475,0.7071067811865475,0.0,0.0,0.0,0.0,0.0,0.0,0.0,0.0,0.0,0.0,1.0,1.0,1.0,1.0,0.0,0.0,0.7071067811865475,0.7071067811865475,0.7071067811865475,0.7071067811865475,0.0,0.0,0.0,0.0,0.7071067811865475,0.7071067811865475,0.7071067811865475,0.7071067811865475,0.0,0.0,0.0,0.0,0.0,0.0,0.0,0.0,0.0,0.0,0.0,0.0,0.0,0.0,0.0,0.0,0.0,0.0,0.0,0.0,0.0,0.0,0.0,0.0,0.0,0.0,0.0,0.0,0.0,0.0,0.0,0.0,0.0,1.0,1.0,1.0,1.0,1.0,1.0,0.0,0.7071067811865475,0.7071067811865475,0.7071067811865475,0.7071067811865475,0.7071067811865475,0.0,0.0,0.0,0.0,0.0,0.0,0.0,0.0,0.0,0.0,0.0,0.0,0.0,0.0,0.0,0.0,0.0,1.0,1.0,1.0,1.0,1.0,1.0,1.0,1.0,1.0,1.0,1.0,1.0,1.0,0.0,0.0,0.0,0.0,0.0,0.0,0.0,0.0
RMFL,0.7071067811865475,0.7071067811865475,0.0,0.0,1.0,0.0,0.0,0.0,1.0,0.7071067811865475,0.7071067811865475,0.0,0.0,0.7071067811865475,0.7071067811865475,1.0,1.0,0.0,0.0,0.0,0.4082482904638631,0.4082482904638631,0.0,0.0,0.0,0.0,0.0,0.0,0.0,0.0,0.0,0.0,1.0,1.0,0.0,0.0,1.0,1.0,1.0,1.0,0.0,0.0,0.7071067811865475,0.7071067811865475,1.0,1.0,1.0,1.0,1.0,1.0,0.0,0.0,0.0,0.0,0.0,0.0,0.0,0.0,0.0,0.0,0.0,0.0,0.0,0.0,0.0,0.0,0.7071067811865475,0.7071067811865475,0.7071067811865475,1.0,0.0,0.0,0.0,0.0,0.0,0.0,0.7071067811865475,0.7071067811865475,0.0,0.0,0.0,0.0,0.0,0.0,0.0,0.0,0.0,0.0,0.0,0.0,0.0,0.0,0.0,0.0,0.7071067811865475,0.7071067811865475,1.0,1.0,0.5773502691896258,0.0,0.0,1.0,1.0,0.0,0.0,0.7071067811865475,0.7071067811865475,0.0,0.0,0.0,0.0,0.0,0.0,0.7071067811865475,0.7071067811865475,0.0,0.0,0.0,0.0,0.0,1.0,1.0,0.0,0.0,0.0,0.0,0.0,0.0,0.7071067811865475,0.7071067811865475,0.0,0.0,0.4082482904638631,0.4082482904638631,0.0,0.0,0.0,0.0,0.0,0.4472135954999579,0.0,0.0,0.0,0.0,0.0,0.0,0.0,0.0,0.0,0.7071067811865475,0.7071067811865475,1.0,1.0,0.0,0.0,0.0,0.0,0.0,0.0,0.0,1.0,1.0,1.0,1.0,1.0,1.0,1.0,1.0,1.0,1.0,0.0,0.0,1.0,1.0,1.0,1.0,1.0,1.0,1.0,0.0,0.0,0.0,0.0,0.0,0.0,0.0,0.0,0.7071067811865475,0.7071067811865475,0.7071067811865475,0.7071067811865475,1.0,1.0,1.0,1.0,1.0,1.0,1.0,1.0,1.0,1.0,0.0,0.0,0.0,0.0,1.0,1.0,0.7071067811865475,0.7071067811865475,0.7071067811865475,0.7071067811865475,1.0,1.0,1.0,1.0,0.7071067811865475,0.7071067811865475,0.7071067811865475,0.7071067811865475,1.0,1.0,1.0,1.0,1.0,1.0,1.0,1.0,1.0,1.0,1.0,1.0,1.0,1.0,1.0,1.0,1.0,1.0,1.0,1.0,1.0,1.0,1.0,1.0,1.0,1.0,1.0,1.0,1.0,1.0,1.0,1.0,1.0,0.0,0.0,0.0,0.0,0.0,0.0,1.0,0.7071067811865475,0.7071067811865475,0.7071067811865475,0.7071067811865475,0.7071067811865475,1.0,1.0,1.0,1.0,1.0,1.0,1.0,1.0,1.0,1.0,1.0,1.0,1.0,1.0,1.0,1.0,1.0,0.0,0.0,0.0,0.0,0.0,0.0,0.0,0.0,0.0,0.0,0.0,0.0,0.0,0.4082482904638631,0.4082482904638631,1.0,1.0,1.0,0.4082482904638631,0.4082482904638631,1.0
RMFR,0.7071067811865475,0.7071067811865475,0.0,0.0,1.0,0.0,0.0,0.0,1.0,0.7071067811865475,0.7071067811865475,0.0,0.0,0.7071067811865475,0.7071067811865475,1.0,1.0,0.0,0.0,0.0,0.4082482904638631,0.4082482904638631,0.0,0.0,0.0,0.0,0.0,0.0,0.0,0.0,0.0,0.0,1.0,1.0,0.0,0.0,1.0,1.0,1.0,1.0,0.0,0.0,0.7071067811865475,0.7071067811865475,1.0,1.0,1.0,1.0,1.0,1.0,0.0,0.0,0.0,0.0,0.0,0.0,0.0,0.0,0.0,0.0,0.0,0.0,0.0,0.0,0.0,0.0,0.7071067811865475,0.7071067811865475,0.7071067811865475,1.0,0.0,0.0,0.0,0.0,0.0,0.0,0.7071067811865475,0.7071067811865475,0.0,0.0,0.0,0.0,0.0,0.0,0.0,0.0,0.0,0.0,0.0,0.0,0.0,0.0,0.0,0.0,0.7071067811865475,0.7071067811865475,1.0,1.0,0.5773502691896258,0.0,0.0,1.0,1.0,0.0,0.0,0.7071067811865475,0.7071067811865475,0.0,0.0,0.0,0.0,0.0,0.0,0.7071067811865475,0.7071067811865475,0.0,0.0,0.0,0.0,0.0,1.0,1.0,0.0,0.0,0.0,0.0,0.0,0.0,0.7071067811865475,0.7071067811865475,0.0,0.0,0.4082482904638631,0.4082482904638631,0.0,0.0,0.0,0.0,0.0,0.4472135954999579,0.0,0.0,0.0,0.0,0.0,0.0,0.0,0.0,0.0,0.7071067811865475,0.7071067811865475,1.0,1.0,0.0,0.0,0.0,0.0,0.0,0.0,0.0,1.0,1.0,1.0,1.0,1.0,1.0,1.0,1.0,1.0,1.0,0.0,0.0,1.0,1.0,1.0,1.0,1.0,1.0,1.0,0.0,0.0,0.0,0.0,0.0,0.0,0.0,0.0,0.7071067811865475,0.7071067811865475,0.7071067811865475,0.7071067811865475,1.0,1.0,1.0,1.0,1.0,1.0,1.0,1.0,1.0,1.0,0.0,0.0,0.0,0.0,1.0,1.0,0.7071067811865475,0.7071067811865475,0.7071067811865475,0.7071067811865475,1.0,1.0,1.0,1.0,0.7071067811865475,0.7071067811865475,0.7071067811865475,0.7071067811865475,1.0,1.0,1.0,1.0,1.0,1.0,1.0,1.0,1.0,1.0,1.0,1.0,1.0,1.0,1.0,1.0,1.0,1.0,1.0,1.0,1.0,1.0,1.0,1.0,1.0,1.0,1.0,1.0,1.0,1.0,1.0,1.0,1.0,0.0,0.0,0.0,0.0,0.0,0.0,1.0,0.7071067811865475,0.7071067811865475,0.7071067811865475,0.7071067811865475,0.7071067811865475,1.0,1.0,1.0,1.0,1.0,1.0,1.0,1.0,1.0,1.0,1.0,1.0,1.0,1.0,1.0,1.0,1.0,0.0,0.0,0.0,0.0,0.0,0.0,0.0,0.0,0.0,0.0,0.0,0.0,0.0,0.4082482904638631,0.4082482904638631,1.0,1.0,1.0,0.4082482904638631,0.4082482904638631,1.0
RMHL,0.9999999999999998,0.9999999999999998,0.4999999999999999,0.4999999999999999,0.7071067811865475,0.0,0.31622776601683794,0.7071067811865475,0.7071067811865475,0.9999999999999998,0.9999999999999998,0.31622776601683794,0.31622776601683794,0.9999999999999998,0.4999999999999999,0.7071067811865475,0.7071067811865475,0.4999999999999999,0.2886751345948129,0.2886751345948129,0.2886751345948129,0.2886751345948129,0.0,0.0,0.0,0.0,0.0,0.0,0.0,0.0,0.0,0.0,0.7071067811865475,0.7071067811865475,0.0,0.0,0.7071067811865475,0.7071067811865475,0.7071067811865475,0.7071067811865475,0.0,0.0,0.4999999999999999,0.4999999999999999,0.7071067811865475,0.7071067811865475,0.7071067811865475,0.7071067811865475,0.7071067811865475,0.7071067811865475,0.0,0.0,0.0,0.0,0.4999999999999999,0.4999999999999999,0.1543033499620919,0.1543033499620919,0.1543033499620919,0.1543033499620919,0.0,0.0,0.0,0.0,0.4999999999999999,0.4999999999999999,0.9999999999999998,0.9999999999999998,0.9999999999999998,0.7071067811865475,0.0,0.0,0.0,0.0,0.0,0.0,0.9999999999999998,0.9999999999999998,0.0,0.0,0.0,0.0,0.0,0.0,0.0,0.0,0.0,0.0,0.0,0.0,0.0,0.0,0.0,0.0,0.9999999999999998,0.9999999999999998,0.7071067811865475,0.7071067811865475,0.8164965809277259,0.0,0.0,0.7071067811865475,0.7071067811865475,0.0,0.0,0.9999999999999998,0.9999999999999998,0.0,0.0,0.0,0.0,0.0,0.0,0.9999999999999998,0.9999999999999998,0.7071067811865475,0.0,0.0,0.0,0.0,0.7071067811865475,0.7071067811865475,0.0,0.0,0.7071067811865475,0.7071067811865475,0.0,0.0,0.9999999999999998,0.9999999999999998,0.0,0.0,0.2886751345948129,0.2886751345948129,0.7071067811865475,0.0,0.0,0.0,0.0,0.9486832980505138,0.0,0.0,0.7071067811865475,0.7071067811865475,0.7071067811865475,0.7071067811865475,0.4714045207910316,0.7071067811865475,0.0,0.4999999999999999,0.4999999999999999,0.7071067811865475,0.7071067811865475,0.0,0.0,0.0,0.7071067811865475,0.0,0.0,0.7071067811865475,0.7071067811865475,0.7071067811865475,0.7071067811865475,0.7071067811865475,0.7071067811865475,0.7071067811865475,0.7071067811865475,0.7071067811865475,0.7071067811865475,0.7071067811865475,0.0,0.0,0.7071067811865475,0.7071067811865475,0.7071067811865475,0.7071067811865475,0.7071067811865475,0.7071067811865475,0.7071067811865475,0.0,0.0,0.4999999999999999,0.4999999999999999,0.4999999999999999,0.4999999999999999,0.4999999999999999,0.4999999999999999,0.9999999999999998,0.9999999999999998,0.9999999999999998,0.9999999999999998,0.7071067811865475,0.7071067811865475,0.7071067811865475,0.7071067811865475,0.7071067811865475,0.7071067811865475,0.7071067811865475,0.7071067811865475,0.7071067811865475,0.7071067811865475,0.7071067811865475,0.7071067811865475,0.7071067811865475,0.7071067811865475,0.7071067811865475,0.7071067811865475,1.0,0.9999999999999998,0.9999999999999998,0.9999999999999998,0.7071067811865475,0.7071067811865475,0.7071067811865475,0.7071067811865475,0.9999999999999998,0.9999999999999998,0.9999999999999998,0.9999999999999998,0.7071067811865475,0.7071067811865475,0.7071067811865475,0.7071067811865475,0.7071067811865475,0.7071067811865475,0.7071067811865475,0.7071067811865475,0.7071067811865475,0.7071067811865475,0.7071067811865475,0.7071067811865475,0.7071067811865475,0.7071067811865475,0.7071067811865475,0.7071067811865475,0.7071067811865475,0.7071067811865475,0.7071067811865475,0.7071067811865475,0.7071067811865475,0.7071067811865475,0.7071067811865475,0.7071067811865475,0.7071067811865475,0.7071067811865475,0.7071067811865475,0.7071067811865475,0.7071067811865475,0.7071067811865475,0.7071067811865475,0.7071067811865475,0.7071067811865475,0.7071067811865475,0.7071067811865475,0.7071067811865475,0.7071067811865475,0.7071067811865475,0.7071067811865475,0.7071067811865475,0.9999999999999998,0.9999999999999998,0.9999999999999998,0.9999999999999998,0.9999999999999998,0.7071067811865475,0.7071067811865475,0.7071067811865475,0.7071067811865475,0.7071067811865475,0.7071067811865475,0.7071067811865475,0.7071067811865475,0.7071067811865475,0.7071067811865475,0.7071067811865475,0.7071067811865475,0.7071067811865475,0.7071067811865475,0.7071067811865475,0.7071067811865475,0.7071067811865475,0.7071067811865475,0.7071067811865475,0.7071067811865475,0.7071067811865475,0.7071067811865475,0.7071067811865475,0.7071067811865475,0.7071067811865475,0.7071067811865475,0.7071067811865475,0.7071067811865475,0.7071067811865475,0.7071067811865475,0.2886751345948129,0.2886751345948129,0.7071067811865475,0.7071067811865475,0.7071067811865475,0.2886751345948129,0.2886751345948129,0.7071067811865475
RMHR,0.9999999999999998,0.9999999999999998,0.4999999999999999,0.4999999999999999,0.7071067811865475,0.0,0.31622776601683794,0.7071067811865475,0.7071067811865475,0.9999999999999998,0.9999999999999998,0.31622776601683794,0.31622776601683794,0.9999999999999998,0.4999999999999999,0.7071067811865475,0.7071067811865475,0.4999999999999999,0.2886751345948129,0.2886751345948129,0.2886751345948129,0.2886751345948129,0.0,0.0,0.0,0.0,0.0,0.0,0.0,0.0,0.0,0.0,0.7071067811865475,0.7071067811865475,0.0,0.0,0.7071067811865475,0.7071067811865475,0.7071067811865475,0.7071067811865475,0.0,0.0,0.4999999999999999,0.4999999999999999,0.7071067811865475,0.7071067811865475,0.7071067811865475,0.7071067811865475,0.7071067811865475,0.7071067811865475,0.0,0.0,0.0,0.0,0.4999999999999999,0.4999999999999999,0.1543033499620919,0.1543033499620919,0.1543033499620919,0.1543033499620919,0.0,0.0,0.0,0.0,0.4999999999999999,0.4999999999999999,0.9999999999999998,0.9999999999999998,0.9999999999999998,0.7071067811865475,0.0,0.0,0.0,0.0,0.0,0.0,0.9999999999999998,0.9999999999999998,0.0,0.0,0.0,0.0,0.0,0.0,0.0,0.0,0.0,0.0,0.0,0.0,0.0,0.0,0.0,0.0,0.9999999999999998,0.9999999999999998,0.7071067811865475,0.7071067811865475,0.8164965809277259,0.0,0.0,0.7071067811865475,0.7071067811865475,0.0,0.0,0.9999999999999998,0.9999999999999998,0.0,0.0,0.0,0.0,0.0,0.0,0.9999999999999998,0.9999999999999998,0.7071067811865475,0.0,0.0,0.0,0.0,0.7071067811865475,0.7071067811865475,0.0,0.0,0.7071067811865475,0.7071067811865475,0.0,0.0,0.9999999999999998,0.9999999999999998,0.0,0.0,0.2886751345948129,0.2886751345948129,0.7071067811865475,0.0,0.0,0.0,0.0,0.9486832980505138,0.0,0.0,0.7071067811865475,0.7071067811865475,0.7071067811865475,0.7071067811865475,0.4714045207910316,0.7071067811865475,0.0,0.4999999999999999,0.4999999999999999,0.7071067811865475,0.7071067811865475,0.0,0.0,0.0,0.7071067811865475,0.0,0.0,0.7071067811865475,0.7071067811865475,0.7071067811865475,0.7071067811865475,0.7071067811865475,0.7071067811865475,0.7071067811865475,0.7071067811865475,0.7071067811865475,0.7071067811865475,0.7071067811865475,0.0,0.0,0.7071067811865475,0.7071067811865475,0.7071067811865475,0.7071067811865475,0.7071067811865475,0.7071067811865475,0.7071067811865475,0.0,0.0,0.4999999999999999,0.4999999999999999,0.4999999999999999,0.4999999999999999,0.4999999999999999,0.4999999999999999,0.9999999999999998,0.9999999999999998,0.9999999999999998,0.9999999999999998,0.7071067811865475,0.7071067811865475,0.7071067811865475,0.7071067811865475,0.7071067811865475,0.7071067811865475,0.7071067811865475,0.7071067811865475,0.7071067811865475,0.7071067811865475,0.7071067811865475,0.7071067811865475,0.7071067811865475,0.7071067811865475,0.7071067811865475,0.7071067811865475,0.9999999999999998,1.0,0.9999999999999998,0.9999999999999998,0.7071067811865475,0.7071067811865475,0.7071067811865475,0.7071067811865475,0.9999999999999998,0.9999999999999998,0.9999999999999998,0.9999999999999998,0.7071067811865475,0.7071067811865475,0.7071067811865475,0.7071067811865475,0.7071067811865475,0.7071067811865475,0.7071067811865475,0.7071067811865475,0.7071067811865475,0.7071067811865475,0.7071067811865475,0.7071067811865475,0.7071067811865475,0.7071067811865475,0.7071067811865475,0.7071067811865475,0.7071067811865475,0.7071067811865475,0.7071067811865475,0.7071067811865475,0.7071067811865475,0.7071067811865475,0.7071067811865475,0.7071067811865475,0.7071067811865475,0.7071067811865475,0.7071067811865475,0.7071067811865475,0.7071067811865475,0.7071067811865475,0.7071067811865475,0.7071067811865475,0.7071067811865475,0.7071067811865475,0.7071067811865475,0.7071067811865475,0.7071067811865475,0.7071067811865475,0.7071067811865475,0.7071067811865475,0.9999999999999998,0.9999999999999998,0.9999999999999998,0.9999999999999998,0.9999999999999998,0.7071067811865475,0.7071067811865475,0.7071067811865475,0.7071067811865475,0.7071067811865475,0.7071067811865475,0.7071067811865475,0.7071067811865475,0.7071067811865475,0.7071067811865475,0.7071067811865475,0.7071067811865475,0.7071067811865475,0.7071067811865475,0.7071067811865475,0.7071067811865475,0.7071067811865475,0.7071067811865475,0.7071067811865475,0.7071067811865475,0.7071067811865475,0.7071067811865475,0.7071067811865475,0.7071067811865475,0.7071067811865475,0.7071067811865475,0.7071067811865475,0.7071067811865475,0.7071067811865475,0.7071067811865475,0.2886751345948129,0.2886751345948129,0.7071067811865475,0.7071067811865475,0.7071067811865475,0.2886751345948129,0.2886751345948129,0.7071067811865475
RIVL,0.9999999999999998,0.9999999999999998,0.4999999999999999,0.4999999999999999,0.7071067811865475,0.0,0.31622776601683794,0.7071067811865475,0.7071067811865475,0.9999999999999998,0.9999999999999998,0.31622776601683794,0.31622776601683794,0.9999999999999998,0.4999999999999999,0.7071067811865475,0.7071067811865475,0.4999999999999999,0.2886751345948129,0.2886751345948129,0.2886751345948129,0.2886751345948129,0.0,0.0,0.0,0.0,0.0,0.0,0.0,0.0,0.0,0.0,0.7071067811865475,0.7071067811865475,0.0,0.0,0.7071067811865475,0.7071067811865475,0.7071067811865475,0.7071067811865475,0.0,0.0,0.4999999999999999,0.4999999999999999,0.7071067811865475,0.7071067811865475,0.7071067811865475,0.7071067811865475,0.7071067811865475,0.7071067811865475,0.0,0.0,0.0,0.0,0.4999999999999999,0.4999999999999999,0.1543033499620919,0.1543033499620919,0.1543033499620919,0.1543033499620919,0.0,0.0,0.0,0.0,0.4999999999999999,0.4999999999999999,0.9999999999999998,0.9999999999999998,0.9999999999999998,0.7071067811865475,0.0,0.0,0.0,0.0,0.0,0.0,0.9999999999999998,0.9999999999999998,0.0,0.0,0.0,0.0,0.0,0.0,0.0,0.0,0.0,0.0,0.0,0.0,0.0,0.0,0.0,0.0,0.9999999999999998,0.9999999999999998,0.7071067811865475,0.7071067811865475,0.8164965809277259,0.0,0.0,0.7071067811865475,0.7071067811865475,0.0,0.0,0.9999999999999998,0.9999999999999998,0.0,0.0,0.0,0.0,0.0,0.0,0.9999999999999998,0.9999999999999998,0.7071067811865475,0.0,0.0,0.0,0.0,0.7071067811865475,0.7071067811865475,0.0,0.0,0.7071067811865475,0.7071067811865475,0.0,0.0,0.9999999999999998,0.9999999999999998,0.0,0.0,0.2886751345948129,0.2886751345948129,0.7071067811865475,0.0,0.0,0.0,0.0,0.9486832980505138,0.0,0.0,0.7071067811865475,0.7071067811865475,0.7071067811865475,0.7071067811865475,0.4714045207910316,0.7071067811865475,0.0,0.4999999999999999,0.4999999999999999,0.7071067811865475,0.7071067811865475,0.0,0.0,0.0,0.7071067811865475,0.0,0.0,0.7071067811865475,0.7071067811865475,0.7071067811865475,0.7071067811865475,0.7071067811865475,0.7071067811865475,0.7071067811865475,0.7071067811865475,0.7071067811865475,0.7071067811865475,0.7071067811865475,0.0,0.0,0.7071067811865475,0.7071067811865475,0.7071067811865475,0.7071067811865475,0.7071067811865475,0.7071067811865475,0.7071067811865475,0.0,0.0,0.4999999999999999,0.4999999999999999,0.4999999999999999,0.4999999999999999,0.4999999999999999,0.4999999999999999,0.9999999999999998,0.9999999999999998,0.9999999999999998,0.9999999999999998,0.7071067811865475,0.7071067811865475,0.7071067811865475,0.7071067811865475,0.7071067811865475,0.7071067811865475,0.7071067811865475,0.7071067811865475,0.7071067811865475,0.7071067811865475,0.7071067811865475,0.7071067811865475,0.7071067811865475,0.7071067811865475,0.7071067811865475,0.7071067811865475,0.9999999999999998,0.9999999999999998,1.0,0.9999999999999998,0.7071067811865475,0.7071067811865475,0.7071067811865475,0.7071067811865475,0.9999999999999998,0.9999999999999998,0.9999999999999998,0.9999999999999998,0.7071067811865475,0.7071067811865475,0.7071067811865475,0.7071067811865475,0.7071067811865475,0.7071067811865475,0.7071067811865475,0.7071067811865475,0.7071067811865475,0.7071067811865475,0.7071067811865475,0.7071067811865475,0.7071067811865475,0.7071067811865475,0.7071067811865475,0.7071067811865475,0.7071067811865475,0.7071067811865475,0.7071067811865475,0.7071067811865475,0.7071067811865475,0.7071067811865475,0.7071067811865475,0.7071067811865475,0.7071067811865475,0.7071067811865475,0.7071067811865475,0.7071067811865475,0.7071067811865475,0.7071067811865475,0.7071067811865475,0.7071067811865475,0.7071067811865475,0.7071067811865475,0.7071067811865475,0.7071067811865475,0.7071067811865475,0.7071067811865475,0.7071067811865475,0.7071067811865475,0.9999999999999998,0.9999999999999998,0.9999999999999998,0.9999999999999998,0.9999999999999998,0.7071067811865475,0.7071067811865475,0.7071067811865475,0.7071067811865475,0.7071067811865475,0.7071067811865475,0.7071067811865475,0.7071067811865475,0.7071067811865475,0.7071067811865475,0.7071067811865475,0.7071067811865475,0.7071067811865475,0.7071067811865475,0.7071067811865475,0.7071067811865475,0.7071067811865475,0.7071067811865475,0.7071067811865475,0.7071067811865475,0.7071067811865475,0.7071067811865475,0.7071067811865475,0.7071067811865475,0.7071067811865475,0.7071067811865475,0.7071067811865475,0.7071067811865475,0.7071067811865475,0.7071067811865475,0.2886751345948129,0.2886751345948129,0.7071067811865475,0.7071067811865475,0.7071067811865475,0.2886751345948129,0.2886751345948129,0.7071067811865475
RIVR,0.9999999999999998,0.9999999999999998,0.4999999999999999,0.4999999999999999,0.7071067811865475,0.0,0.31622776601683794,0.7071067811865475,0.7071067811865475,0.9999999999999998,0.9999999999999998,0.31622776601683794,0.31622776601683794,0.9999999999999998,0.4999999999999999,0.7071067811865475,0.7071067811865475,0.4999999999999999,0.2886751345948129,0.2886751345948129,0.2886751345948129,0.2886751345948129,0.0,0.0,0.0,0.0,0.0,0.0,0.0,0.0,0.0,0.0,0.7071067811865475,0.7071067811865475,0.0,0.0,0.7071067811865475,0.7071067811865475,0.7071067811865475,0.7071067811865475,0.0,0.0,0.4999999999999999,0.4999999999999999,0.7071067811865475,0.7071067811865475,0.7071067811865475,0.7071067811865475,0.7071067811865475,0.7071067811865475,0.0,0.0,0.0,0.0,0.4999999999999999,0.4999999999999999,0.1543033499620919,0.1543033499620919,0.1543033499620919,0.1543033499620919,0.0,0.0,0.0,0.0,0.4999999999999999,0.4999999999999999,0.9999999999999998,0.9999999999999998,0.9999999999999998,0.7071067811865475,0.0,0.0,0.0,0.0,0.0,0.0,0.9999999999999998,0.9999999999999998,0.0,0.0,0.0,0.0,0.0,0.0,0.0,0.0,0.0,0.0,0.0,0.0,0.0,0.0,0.0,0.0,0.9999999999999998,0.9999999999999998,0.7071067811865475,0.7071067811865475,0.8164965809277259,0.0,0.0,0.7071067811865475,0.7071067811865475,0.0,0.0,0.9999999999999998,0.9999999999999998,0.0,0.0,0.0,0.0,0.0,0.0,0.9999999999999998,0.9999999999999998,0.7071067811865475,0.0,0.0,0.0,0.0,0.7071067811865475,0.7071067811865475,0.0,0.0,0.7071067811865475,0.7071067811865475,0.0,0.0,0.9999999999999998,0.9999999999999998,0.0,0.0,0.2886751345948129,0.2886751345948129,0.7071067811865475,0.0,0.0,0.0,0.0,0.9486832980505138,0.0,0.0,0.7071067811865475,0.7071067811865475,0.7071067811865475,0.7071067811865475,0.4714045207910316,0.7071067811865475,0.0,0.4999999999999999,0.4999999999999999,0.7071067811865475,0.7071067811865475,0.0,0.0,0.0,0.7071067811865475,0.0,0.0,0.7071067811865475,0.7071067811865475,0.7071067811865475,0.7071067811865475,0.7071067811865475,0.7071067811865475,0.7071067811865475,0.7071067811865475,0.7071067811865475,0.7071067811865475,0.7071067811865475,0.0,0.0,0.7071067811865475,0.7071067811865475,0.7071067811865475,0.7071067811865475,0.7071067811865475,0.7071067811865475,0.7071067811865475,0.0,0.0,0.4999999999999999,0.4999999999999999,0.4999999999999999,0.4999999999999999,0.4999999999999999,0.4999999999999999,0.9999999999999998,0.9999999999999998,0.9999999999999998,0.9999999999999998,0.7071067811865475,0.7071067811865475,0.7071067811865475,0.7071067811865475,0.7071067811865475,0.7071067811865475,0.7071067811865475,0.7071067811865475,0.7071067811865475,0.7071067811865475,0.7071067811865475,0.7071067811865475,0.7071067811865475,0.7071067811865475,0.7071067811865475,0.7071067811865475,0.9999999999999998,0.9999999999999998,0.9999999999999998,1.0,0.7071067811865475,0.7071067811865475,0.7071067811865475,0.7071067811865475,0.9999999999999998,0.9999999999999998,0.9999999999999998,0.9999999999999998,0.7071067811865475,0.7071067811865475,0.7071067811865475,0.7071067811865475,0.7071067811865475,0.7071067811865475,0.7071067811865475,0.7071067811865475,0.7071067811865475,0.7071067811865475,0.7071067811865475,0.7071067811865475,0.7071067811865475,0.7071067811865475,0.7071067811865475,0.7071067811865475,0.7071067811865475,0.7071067811865475,0.7071067811865475,0.7071067811865475,0.7071067811865475,0.7071067811865475,0.7071067811865475,0.7071067811865475,0.7071067811865475,0.7071067811865475,0.7071067811865475,0.7071067811865475,0.7071067811865475,0.7071067811865475,0.7071067811865475,0.7071067811865475,0.7071067811865475,0.7071067811865475,0.7071067811865475,0.7071067811865475,0.7071067811865475,0.7071067811865475,0.7071067811865475,0.7071067811865475,0.9999999999999998,0.9999999999999998,0.9999999999999998,0.9999999999999998,0.9999999999999998,0.7071067811865475,0.7071067811865475,0.7071067811865475,0.7071067811865475,0.7071067811865475,0.7071067811865475,0.7071067811865475,0.7071067811865475,0.7071067811865475,0.7071067811865475,0.7071067811865475,0.7071067811865475,0.7071067811865475,0.7071067811865475,0.7071067811865475,0.7071067811865475,0.7071067811865475,0.7071067811865475,0.7071067811865475,0.7071067811865475,0.7071067811865475,0.7071067811865475,0.7071067811865475,0.7071067811865475,0.7071067811865475,0.7071067811865475,0.7071067811865475,0.7071067811865475,0.7071067811865475,0.7071067811865475,0.2886751345948129,0.2886751345948129,0.7071067811865475,0.7071067811865475,0.7071067811865475,0.2886751345948129,0.2886751345948129,0.7071067811865475
SMBDL,0.7071067811865475,0.7071067811865475,0.0,0.0,1.0,0.0,0.0,0.0,1.0,0.7071067811865475,0.7071067811865475,0.0,0.0,0.7071067811865475,0.7071067811865475,1.0,1.0,0.0,0.0,0.0,0.4082482904638631,0.4082482904638631,0.0,0.0,0.0,0.0,0.0,0.0,0.0,0.0,0.0,0.0,1.0,1.0,0.0,0.0,1.0,1.0,1.0,1.0,0.0,0.0,0.7071067811865475,0.7071067811865475,1.0,1.0,1.0,1.0,1.0,1.0,0.0,0.0,0.0,0.0,0.0,0.0,0.0,0.0,0.0,0.0,0.0,0.0,0.0,0.0,0.0,0.0,0.7071067811865475,0.7071067811865475,0.7071067811865475,1.0,0.0,0.0,0.0,0.0,0.0,0.0,0.7071067811865475,0.7071067811865475,0.0,0.0,0.0,0.0,0.0,0.0,0.0,0.0,0.0,0.0,0.0,0.0,0.0,0.0,0.0,0.0,0.7071067811865475,0.7071067811865475,1.0,1.0,0.5773502691896258,0.0,0.0,1.0,1.0,0.0,0.0,0.7071067811865475,0.7071067811865475,0.0,0.0,0.0,0.0,0.0,0.0,0.7071067811865475,0.7071067811865475,0.0,0.0,0.0,0.0,0.0,1.0,1.0,0.0,0.0,0.0,0.0,0.0,0.0,0.7071067811865475,0.7071067811865475,0.0,0.0,0.4082482904638631,0.4082482904638631,0.0,0.0,0.0,0.0,0.0,0.4472135954999579,0.0,0.0,0.0,0.0,0.0,0.0,0.0,0.0,0.0,0.7071067811865475,0.7071067811865475,1.0,1.0,0.0,0.0,0.0,0.0,0.0,0.0,0.0,1.0,1.0,1.0,1.0,1.0,1.0,1.0,1.0,1.0,1.0,0.0,0.0,1.0,1.0,1.0,1.0,1.0,1.0,1.0,0.0,0.0,0.0,0.0,0.0,0.0,0.0,0.0,0.7071067811865475,0.7071067811865475,0.7071067811865475,0.7071067811865475,1.0,1.0,1.0,1.0,1.0,1.0,1.0,1.0,1.0,1.0,0.0,0.0,0.0,0.0,1.0,1.0,0.7071067811865475,0.7071067811865475,0.7071067811865475,0.7071067811865475,1.0,1.0,1.0,1.0,0.7071067811865475,0.7071067811865475,0.7071067811865475,0.7071067811865475,1.0,1.0,1.0,1.0,1.0,1.0,1.0,1.0,1.0,1.0,1.0,1.0,1.0,1.0,1.0,1.0,1.0,1.0,1.0,1.0,1.0,1.0,1.0,1.0,1.0,1.0,1.0,1.0,1.0,1.0,1.0,1.0,1.0,0.0,0.0,0.0,0.0,0.0,0.0,1.0,0.7071067811865475,0.7071067811865475,0.7071067811865475,0.7071067811865475,0.7071067811865475,1.0,1.0,1.0,1.0,1.0,1.0,1.0,1.0,1.0,1.0,1.0,1.0,1.0,1.0,1.0,1.0,1.0,0.0,0.0,0.0,0.0,0.0,0.0,0.0,0.0,0.0,0.0,0.0,0.0,0.0,0.4082482904638631,0.4082482904638631,1.0,1.0,1.0,0.4082482904638631,0.4082482904638631,1.0
SMBDR,0.7071067811865475,0.7071067811865475,0.0,0.0,1.0,0.0,0.0,0.0,1.0,0.7071067811865475,0.7071067811865475,0.0,0.0,0.7071067811865475,0.7071067811865475,1.0,1.0,0.0,0.0,0.0,0.4082482904638631,0.4082482904638631,0.0,0.0,0.0,0.0,0.0,0.0,0.0,0.0,0.0,0.0,1.0,1.0,0.0,0.0,1.0,1.0,1.0,1.0,0.0,0.0,0.7071067811865475,0.7071067811865475,1.0,1.0,1.0,1.0,1.0,1.0,0.0,0.0,0.0,0.0,0.0,0.0,0.0,0.0,0.0,0.0,0.0,0.0,0.0,0.0,0.0,0.0,0.7071067811865475,0.7071067811865475,0.7071067811865475,1.0,0.0,0.0,0.0,0.0,0.0,0.0,0.7071067811865475,0.7071067811865475,0.0,0.0,0.0,0.0,0.0,0.0,0.0,0.0,0.0,0.0,0.0,0.0,0.0,0.0,0.0,0.0,0.7071067811865475,0.7071067811865475,1.0,1.0,0.5773502691896258,0.0,0.0,1.0,1.0,0.0,0.0,0.7071067811865475,0.7071067811865475,0.0,0.0,0.0,0.0,0.0,0.0,0.7071067811865475,0.7071067811865475,0.0,0.0,0.0,0.0,0.0,1.0,1.0,0.0,0.0,0.0,0.0,0.0,0.0,0.7071067811865475,0.7071067811865475,0.0,0.0,0.4082482904638631,0.4082482904638631,0.0,0.0,0.0,0.0,0.0,0.4472135954999579,0.0,0.0,0.0,0.0,0.0,0.0,0.0,0.0,0.0,0.7071067811865475,0.7071067811865475,1.0,1.0,0.0,0.0,0.0,0.0,0.0,0.0,0.0,1.0,1.0,1.0,1.0,1.0,1.0,1.0,1.0,1.0,1.0,0.0,0.0,1.0,1.0,1.0,1.0,1.0,1.0,1.0,0.0,0.0,0.0,0.0,0.0,0.0,0.0,0.0,0.7071067811865475,0.7071067811865475,0.7071067811865475,0.7071067811865475,1.0,1.0,1.0,1.0,1.0,1.0,1.0,1.0,1.0,1.0,0.0,0.0,0.0,0.0,1.0,1.0,0.7071067811865475,0.7071067811865475,0.7071067811865475,0.7071067811865475,1.0,1.0,1.0,1.0,0.7071067811865475,0.7071067811865475,0.7071067811865475,0.7071067811865475,1.0,1.0,1.0,1.0,1.0,1.0,1.0,1.0,1.0,1.0,1.0,1.0,1.0,1.0,1.0,1.0,1.0,1.0,1.0,1.0,1.0,1.0,1.0,1.0,1.0,1.0,1.0,1.0,1.0,1.0,1.0,1.0,1.0,0.0,0.0,0.0,0.0,0.0,0.0,1.0,0.7071067811865475,0.7071067811865475,0.7071067811865475,0.7071067811865475,0.7071067811865475,1.0,1.0,1.0,1.0,1.0,1.0,1.0,1.0,1.0,1.0,1.0,1.0,1.0,1.0,1.0,1.0,1.0,0.0,0.0,0.0,0.0,0.0,0.0,0.0,0.0,0.0,0.0,0.0,0.0,0.0,0.4082482904638631,0.4082482904638631,1.0,1.0,1.0,0.4082482904638631,0.4082482904638631,1.0
SMBVL,0.7071067811865475,0.7071067811865475,0.0,0.0,1.0,0.0,0.0,0.0,1.0,0.7071067811865475,0.7071067811865475,0.0,0.0,0.7071067811865475,0.7071067811865475,1.0,1.0,0.0,0.0,0.0,0.4082482904638631,0.4082482904638631,0.0,0.0,0.0,0.0,0.0,0.0,0.0,0.0,0.0,0.0,1.0,1.0,0.0,0.0,1.0,1.0,1.0,1.0,0.0,0.0,0.7071067811865475,0.7071067811865475,1.0,1.0,1.0,1.0,1.0,1.0,0.0,0.0,0.0,0.0,0.0,0.0,0.0,0.0,0.0,0.0,0.0,0.0,0.0,0.0,0.0,0.0,0.7071067811865475,0.7071067811865475,0.7071067811865475,1.0,0.0,0.0,0.0,0.0,0.0,0.0,0.7071067811865475,0.7071067811865475,0.0,0.0,0.0,0.0,0.0,0.0,0.0,0.0,0.0,0.0,0.0,0.0,0.0,0.0,0.0,0.0,0.7071067811865475,0.7071067811865475,1.0,1.0,0.5773502691896258,0.0,0.0,1.0,1.0,0.0,0.0,0.7071067811865475,0.7071067811865475,0.0,0.0,0.0,0.0,0.0,0.0,0.7071067811865475,0.7071067811865475,0.0,0.0,0.0,0.0,0.0,1.0,1.0,0.0,0.0,0.0,0.0,0.0,0.0,0.7071067811865475,0.7071067811865475,0.0,0.0,0.4082482904638631,0.4082482904638631,0.0,0.0,0.0,0.0,0.0,0.4472135954999579,0.0,0.0,0.0,0.0,0.0,0.0,0.0,0.0,0.0,0.7071067811865475,0.7071067811865475,1.0,1.0,0.0,0.0,0.0,0.0,0.0,0.0,0.0,1.0,1.0,1.0,1.0,1.0,1.0,1.0,1.0,1.0,1.0,0.0,0.0,1.0,1.0,1.0,1.0,1.0,1.0,1.0,0.0,0.0,0.0,0.0,0.0,0.0,0.0,0.0,0.7071067811865475,0.7071067811865475,0.7071067811865475,0.7071067811865475,1.0,1.0,1.0,1.0,1.0,1.0,1.0,1.0,1.0,1.0,0.0,0.0,0.0,0.0,1.0,1.0,0.7071067811865475,0.7071067811865475,0.7071067811865475,0.7071067811865475,1.0,1.0,1.0,1.0,0.7071067811865475,0.7071067811865475,0.7071067811865475,0.7071067811865475,1.0,1.0,1.0,1.0,1.0,1.0,1.0,1.0,1.0,1.0,1.0,1.0,1.0,1.0,1.0,1.0,1.0,1.0,1.0,1.0,1.0,1.0,1.0,1.0,1.0,1.0,1.0,1.0,1.0,1.0,1.0,1.0,1.0,0.0,0.0,0.0,0.0,0.0,0.0,1.0,0.7071067811865475,0.7071067811865475,0.7071067811865475,0.7071067811865475,0.7071067811865475,1.0,1.0,1.0,1.0,1.0,1.0,1.0,1.0,1.0,1.0,1.0,1.0,1.0,1.0,1.0,1.0,1.0,0.0,0.0,0.0,0.0,0.0,0.0,0.0,0.0,0.0,0.0,0.0,0.0,0.0,0.4082482904638631,0.4082482904638631,1.0,1.0,1.0,0.4082482904638631,0.4082482904638631,1.0
SMBVR,0.7071067811865475,0.7071067811865475,0.0,0.0,1.0,0.0,0.0,0.0,1.0,0.7071067811865475,0.7071067811865475,0.0,0.0,0.7071067811865475,0.7071067811865475,1.0,1.0,0.0,0.0,0.0,0.4082482904638631,0.4082482904638631,0.0,0.0,0.0,0.0,0.0,0.0,0.0,0.0,0.0,0.0,1.0,1.0,0.0,0.0,1.0,1.0,1.0,1.0,0.0,0.0,0.7071067811865475,0.7071067811865475,1.0,1.0,1.0,1.0,1.0,1.0,0.0,0.0,0.0,0.0,0.0,0.0,0.0,0.0,0.0,0.0,0.0,0.0,0.0,0.0,0.0,0.0,0.7071067811865475,0.7071067811865475,0.7071067811865475,1.0,0.0,0.0,0.0,0.0,0.0,0.0,0.7071067811865475,0.7071067811865475,0.0,0.0,0.0,0.0,0.0,0.0,0.0,0.0,0.0,0.0,0.0,0.0,0.0,0.0,0.0,0.0,0.7071067811865475,0.7071067811865475,1.0,1.0,0.5773502691896258,0.0,0.0,1.0,1.0,0.0,0.0,0.7071067811865475,0.7071067811865475,0.0,0.0,0.0,0.0,0.0,0.0,0.7071067811865475,0.7071067811865475,0.0,0.0,0.0,0.0,0.0,1.0,1.0,0.0,0.0,0.0,0.0,0.0,0.0,0.7071067811865475,0.7071067811865475,0.0,0.0,0.4082482904638631,0.4082482904638631,0.0,0.0,0.0,0.0,0.0,0.4472135954999579,0.0,0.0,0.0,0.0,0.0,0.0,0.0,0.0,0.0,0.7071067811865475,0.7071067811865475,1.0,1.0,0.0,0.0,0.0,0.0,0.0,0.0,0.0,1.0,1.0,1.0,1.0,1.0,1.0,1.0,1.0,1.0,1.0,0.0,0.0,1.0,1.0,1.0,1.0,1.0,1.0,1.0,0.0,0.0,0.0,0.0,0.0,0.0,0.0,0.0,0.7071067811865475,0.7071067811865475,0.7071067811865475,0.7071067811865475,1.0,1.0,1.0,1.0,1.0,1.0,1.0,1.0,1.0,1.0,0.0,0.0,0.0,0.0,1.0,1.0,0.7071067811865475,0.7071067811865475,0.7071067811865475,0.7071067811865475,1.0,1.0,1.0,1.0,0.7071067811865475,0.7071067811865475,0.7071067811865475,0.7071067811865475,1.0,1.0,1.0,1.0,1.0,1.0,1.0,1.0,1.0,1.0,1.0,1.0,1.0,1.0,1.0,1.0,1.0,1.0,1.0,1.0,1.0,1.0,1.0,1.0,1.0,1.0,1.0,1.0,1.0,1.0,1.0,1.0,1.0,0.0,0.0,0.0,0.0,0.0,0.0,1.0,0.7071067811865475,0.7071067811865475,0.7071067811865475,0.7071067811865475,0.7071067811865475,1.0,1.0,1.0,1.0,1.0,1.0,1.0,1.0,1.0,1.0,1.0,1.0,1.0,1.0,1.0,1.0,1.0,0.0,0.0,0.0,0.0,0.0,0.0,0.0,0.0,0.0,0.0,0.0,0.0,0.0,0.4082482904638631,0.4082482904638631,1.0,1.0,1.0,0.4082482904638631,0.4082482904638631,1.0
SMDDL,0.9999999999999998,0.9999999999999998,0.4999999999999999,0.4999999999999999,0.7071067811865475,0.0,0.31622776601683794,0.7071067811865475,0.7071067811865475,0.9999999999999998,0.9999999999999998,0.31622776601683794,0.31622776601683794,0.9999999999999998,0.4999999999999999,0.7071067811865475,0.7071067811865475,0.4999999999999999,0.2886751345948129,0.2886751345948129,0.2886751345948129,0.2886751345948129,0.0,0.0,0.0,0.0,0.0,0.0,0.0,0.0,0.0,0.0,0.7071067811865475,0.7071067811865475,0.0,0.0,0.7071067811865475,0.7071067811865475,0.7071067811865475,0.7071067811865475,0.0,0.0,0.4999999999999999,0.4999999999999999,0.7071067811865475,0.7071067811865475,0.7071067811865475,0.7071067811865475,0.7071067811865475,0.7071067811865475,0.0,0.0,0.0,0.0,0.4999999999999999,0.4999999999999999,0.1543033499620919,0.1543033499620919,0.1543033499620919,0.1543033499620919,0.0,0.0,0.0,0.0,0.4999999999999999,0.4999999999999999,0.9999999999999998,0.9999999999999998,0.9999999999999998,0.7071067811865475,0.0,0.0,0.0,0.0,0.0,0.0,0.9999999999999998,0.9999999999999998,0.0,0.0,0.0,0.0,0.0,0.0,0.0,0.0,0.0,0.0,0.0,0.0,0.0,0.0,0.0,0.0,0.9999999999999998,0.9999999999999998,0.7071067811865475,0.7071067811865475,0.8164965809277259,0.0,0.0,0.7071067811865475,0.7071067811865475,0.0,0.0,0.9999999999999998,0.9999999999999998,0.0,0.0,0.0,0.0,0.0,0.0,0.9999999999999998,0.9999999999999998,0.7071067811865475,0.0,0.0,0.0,0.0,0.7071067811865475,0.7071067811865475,0.0,0.0,0.7071067811865475,0.7071067811865475,0.0,0.0,0.9999999999999998,0.9999999999999998,0.0,0.0,0.2886751345948129,0.2886751345948129,0.7071067811865475,0.0,0.0,0.0,0.0,0.9486832980505138,0.0,0.0,0.7071067811865475,0.7071067811865475,0.7071067811865475,0.7071067811865475,0.4714045207910316,0.7071067811865475,0.0,0.4999999999999999,0.4999999999999999,0.7071067811865475,0.7071067811865475,0.0,0.0,0.0,0.7071067811865475,0.0,0.0,0.7071067811865475,0.7071067811865475,0.7071067811865475,0.7071067811865475,0.7071067811865475,0.7071067811865475,0.7071067811865475,0.7071067811865475,0.7071067811865475,0.7071067811865475,0.7071067811865475,0.0,0.0,0.7071067811865475,0.7071067811865475,0.7071067811865475,0.7071067811865475,0.7071067811865475,0.7071067811865475,0.7071067811865475,0.0,0.0,0.4999999999999999,0.4999999999999999,0.4999999999999999,0.4999999999999999,0.4999999999999999,0.4999999999999999,0.9999999999999998,0.9999999999999998,0.9999999999999998,0.9999999999999998,0.7071067811865475,0.7071067811865475,0.7071067811865475,0.7071067811865475,0.7071067811865475,0.7071067811865475,0.7071067811865475,0.7071067811865475,0.7071067811865475,0.7071067811865475,0.7071067811865475,0.7071067811865475,0.7071067811865475,0.7071067811865475,0.7071067811865475,0.7071067811865475,0.9999999999999998,0.9999999999999998,0.9999999999999998,0.9999999999999998,0.7071067811865475,0.7071067811865475,0.7071067811865475,0.7071067811865475,1.0,0.9999999999999998,0.9999999999999998,0.9999999999999998,0.7071067811865475,0.7071067811865475,0.7071067811865475,0.7071067811865475,0.7071067811865475,0.7071067811865475,0.7071067811865475,0.7071067811865475,0.7071067811865475,0.7071067811865475,0.7071067811865475,0.7071067811865475,0.7071067811865475,0.7071067811865475,0.7071067811865475,0.7071067811865475,0.7071067811865475,0.7071067811865475,0.7071067811865475,0.7071067811865475,0.7071067811865475,0.7071067811865475,0.7071067811865475,0.7071067811865475,0.7071067811865475,0.7071067811865475,0.7071067811865475,0.7071067811865475,0.7071067811865475,0.7071067811865475,0.7071067811865475,0.7071067811865475,0.7071067811865475,0.7071067811865475,0.7071067811865475,0.7071067811865475,0.7071067811865475,0.7071067811865475,0.7071067811865475,0.7071067811865475,0.9999999999999998,0.9999999999999998,0.9999999999999998,0.9999999999999998,0.9999999999999998,0.7071067811865475,0.7071067811865475,0.7071067811865475,0.7071067811865475,0.7071067811865475,0.7071067811865475,0.7071067811865475,0.7071067811865475,0.7071067811865475,0.7071067811865475,0.7071067811865475,0.7071067811865475,0.7071067811865475,0.7071067811865475,0.7071067811865475,0.7071067811865475,0.7071067811865475,0.7071067811865475,0.7071067811865475,0.7071067811865475,0.7071067811865475,0.7071067811865475,0.7071067811865475,0.7071067811865475,0.7071067811865475,0.7071067811865475,0.7071067811865475,0.7071067811865475,0.7071067811865475,0.7071067811865475,0.2886751345948129,0.2886751345948129,0.7071067811865475,0.7071067811865475,0.7071067811865475,0.2886751345948129,0.2886751345948129,0.7071067811865475
SMDDR,0.9999999999999998,0.9999999999999998,0.4999999999999999,0.4999999999999999,0.7071067811865475,0.0,0.31622776601683794,0.7071067811865475,0.7071067811865475,0.9999999999999998,0.9999999999999998,0.31622776601683794,0.31622776601683794,0.9999999999999998,0.4999999999999999,0.7071067811865475,0.7071067811865475,0.4999999999999999,0.2886751345948129,0.2886751345948129,0.2886751345948129,0.2886751345948129,0.0,0.0,0.0,0.0,0.0,0.0,0.0,0.0,0.0,0.0,0.7071067811865475,0.7071067811865475,0.0,0.0,0.7071067811865475,0.7071067811865475,0.7071067811865475,0.7071067811865475,0.0,0.0,0.4999999999999999,0.4999999999999999,0.7071067811865475,0.7071067811865475,0.7071067811865475,0.7071067811865475,0.7071067811865475,0.7071067811865475,0.0,0.0,0.0,0.0,0.4999999999999999,0.4999999999999999,0.1543033499620919,0.1543033499620919,0.1543033499620919,0.1543033499620919,0.0,0.0,0.0,0.0,0.4999999999999999,0.4999999999999999,0.9999999999999998,0.9999999999999998,0.9999999999999998,0.7071067811865475,0.0,0.0,0.0,0.0,0.0,0.0,0.9999999999999998,0.9999999999999998,0.0,0.0,0.0,0.0,0.0,0.0,0.0,0.0,0.0,0.0,0.0,0.0,0.0,0.0,0.0,0.0,0.9999999999999998,0.9999999999999998,0.7071067811865475,0.7071067811865475,0.8164965809277259,0.0,0.0,0.7071067811865475,0.7071067811865475,0.0,0.0,0.9999999999999998,0.9999999999999998,0.0,0.0,0.0,0.0,0.0,0.0,0.9999999999999998,0.9999999999999998,0.7071067811865475,0.0,0.0,0.0,0.0,0.7071067811865475,0.7071067811865475,0.0,0.0,0.7071067811865475,0.7071067811865475,0.0,0.0,0.9999999999999998,0.9999999999999998,0.0,0.0,0.2886751345948129,0.2886751345948129,0.7071067811865475,0.0,0.0,0.0,0.0,0.9486832980505138,0.0,0.0,0.7071067811865475,0.7071067811865475,0.7071067811865475,0.7071067811865475,0.4714045207910316,0.7071067811865475,0.0,0.4999999999999999,0.4999999999999999,0.7071067811865475,0.7071067811865475,0.0,0.0,0.0,0.7071067811865475,0.0,0.0,0.7071067811865475,0.7071067811865475,0.7071067811865475,0.7071067811865475,0.7071067811865475,0.7071067811865475,0.7071067811865475,0.7071067811865475,0.7071067811865475,0.7071067811865475,0.7071067811865475,0.0,0.0,0.7071067811865475,0.7071067811865475,0.7071067811865475,0.7071067811865475,0.7071067811865475,0.7071067811865475,0.7071067811865475,0.0,0.0,0.4999999999999999,0.4999999999999999,0.4999999999999999,0.4999999999999999,0.4999999999999999,0.4999999999999999,0.9999999999999998,0.9999999999999998,0.9999999999999998,0.9999999999999998,0.7071067811865475,0.7071067811865475,0.7071067811865475,0.7071067811865475,0.7071067811865475,0.7071067811865475,0.7071067811865475,0.7071067811865475,0.7071067811865475,0.7071067811865475,0.7071067811865475,0.7071067811865475,0.7071067811865475,0.7071067811865475,0.7071067811865475,0.7071067811865475,0.9999999999999998,0.9999999999999998,0.9999999999999998,0.9999999999999998,0.7071067811865475,0.7071067811865475,0.7071067811865475,0.7071067811865475,0.9999999999999998,1.0,0.9999999999999998,0.9999999999999998,0.7071067811865475,0.7071067811865475,0.7071067811865475,0.7071067811865475,0.7071067811865475,0.7071067811865475,0.7071067811865475,0.7071067811865475,0.7071067811865475,0.7071067811865475,0.7071067811865475,0.7071067811865475,0.7071067811865475,0.7071067811865475,0.7071067811865475,0.7071067811865475,0.7071067811865475,0.7071067811865475,0.7071067811865475,0.7071067811865475,0.7071067811865475,0.7071067811865475,0.7071067811865475,0.7071067811865475,0.7071067811865475,0.7071067811865475,0.7071067811865475,0.7071067811865475,0.7071067811865475,0.7071067811865475,0.7071067811865475,0.7071067811865475,0.7071067811865475,0.7071067811865475,0.7071067811865475,0.7071067811865475,0.7071067811865475,0.7071067811865475,0.7071067811865475,0.7071067811865475,0.9999999999999998,0.9999999999999998,0.9999999999999998,0.9999999999999998,0.9999999999999998,0.7071067811865475,0.7071067811865475,0.7071067811865475,0.7071067811865475,0.7071067811865475,0.7071067811865475,0.7071067811865475,0.7071067811865475,0.7071067811865475,0.7071067811865475,0.7071067811865475,0.7071067811865475,0.7071067811865475,0.7071067811865475,0.7071067811865475,0.7071067811865475,0.7071067811865475,0.7071067811865475,0.7071067811865475,0.7071067811865475,0.7071067811865475,0.7071067811865475,0.7071067811865475,0.7071067811865475,0.7071067811865475,0.7071067811865475,0.7071067811865475,0.7071067811865475,0.7071067811865475,0.7071067811865475,0.2886751345948129,0.2886751345948129,0.7071067811865475,0.7071067811865475,0.7071067811865475,0.2886751345948129,0.2886751345948129,0.7071067811865475
SMDVL,0.9999999999999998,0.9999999999999998,0.4999999999999999,0.4999999999999999,0.7071067811865475,0.0,0.31622776601683794,0.7071067811865475,0.7071067811865475,0.9999999999999998,0.9999999999999998,0.31622776601683794,0.31622776601683794,0.9999999999999998,0.4999999999999999,0.7071067811865475,0.7071067811865475,0.4999999999999999,0.2886751345948129,0.2886751345948129,0.2886751345948129,0.2886751345948129,0.0,0.0,0.0,0.0,0.0,0.0,0.0,0.0,0.0,0.0,0.7071067811865475,0.7071067811865475,0.0,0.0,0.7071067811865475,0.7071067811865475,0.7071067811865475,0.7071067811865475,0.0,0.0,0.4999999999999999,0.4999999999999999,0.7071067811865475,0.7071067811865475,0.7071067811865475,0.7071067811865475,0.7071067811865475,0.7071067811865475,0.0,0.0,0.0,0.0,0.4999999999999999,0.4999999999999999,0.1543033499620919,0.1543033499620919,0.1543033499620919,0.1543033499620919,0.0,0.0,0.0,0.0,0.4999999999999999,0.4999999999999999,0.9999999999999998,0.9999999999999998,0.9999999999999998,0.7071067811865475,0.0,0.0,0.0,0.0,0.0,0.0,0.9999999999999998,0.9999999999999998,0.0,0.0,0.0,0.0,0.0,0.0,0.0,0.0,0.0,0.0,0.0,0.0,0.0,0.0,0.0,0.0,0.9999999999999998,0.9999999999999998,0.7071067811865475,0.7071067811865475,0.8164965809277259,0.0,0.0,0.7071067811865475,0.7071067811865475,0.0,0.0,0.9999999999999998,0.9999999999999998,0.0,0.0,0.0,0.0,0.0,0.0,0.9999999999999998,0.9999999999999998,0.7071067811865475,0.0,0.0,0.0,0.0,0.7071067811865475,0.7071067811865475,0.0,0.0,0.7071067811865475,0.7071067811865475,0.0,0.0,0.9999999999999998,0.9999999999999998,0.0,0.0,0.2886751345948129,0.2886751345948129,0.7071067811865475,0.0,0.0,0.0,0.0,0.9486832980505138,0.0,0.0,0.7071067811865475,0.7071067811865475,0.7071067811865475,0.7071067811865475,0.4714045207910316,0.7071067811865475,0.0,0.4999999999999999,0.4999999999999999,0.7071067811865475,0.7071067811865475,0.0,0.0,0.0,0.7071067811865475,0.0,0.0,0.7071067811865475,0.7071067811865475,0.7071067811865475,0.7071067811865475,0.7071067811865475,0.7071067811865475,0.7071067811865475,0.7071067811865475,0.7071067811865475,0.7071067811865475,0.7071067811865475,0.0,0.0,0.7071067811865475,0.7071067811865475,0.7071067811865475,0.7071067811865475,0.7071067811865475,0.7071067811865475,0.7071067811865475,0.0,0.0,0.4999999999999999,0.4999999999999999,0.4999999999999999,0.4999999999999999,0.4999999999999999,0.4999999999999999,0.9999999999999998,0.9999999999999998,0.9999999999999998,0.9999999999999998,0.7071067811865475,0.7071067811865475,0.7071067811865475,0.7071067811865475,0.7071067811865475,0.7071067811865475,0.7071067811865475,0.7071067811865475,0.7071067811865475,0.7071067811865475,0.7071067811865475,0.7071067811865475,0.7071067811865475,0.7071067811865475,0.7071067811865475,0.7071067811865475,0.9999999999999998,0.9999999999999998,0.9999999999999998,0.9999999999999998,0.7071067811865475,0.7071067811865475,0.7071067811865475,0.7071067811865475,0.9999999999999998,0.9999999999999998,1.0,0.9999999999999998,0.7071067811865475,0.7071067811865475,0.7071067811865475,0.7071067811865475,0.7071067811865475,0.7071067811865475,0.7071067811865475,0.7071067811865475,0.7071067811865475,0.7071067811865475,0.7071067811865475,0.7071067811865475,0.7071067811865475,0.7071067811865475,0.7071067811865475,0.7071067811865475,0.7071067811865475,0.7071067811865475,0.7071067811865475,0.7071067811865475,0.7071067811865475,0.7071067811865475,0.7071067811865475,0.7071067811865475,0.7071067811865475,0.7071067811865475,0.7071067811865475,0.7071067811865475,0.7071067811865475,0.7071067811865475,0.7071067811865475,0.7071067811865475,0.7071067811865475,0.7071067811865475,0.7071067811865475,0.7071067811865475,0.7071067811865475,0.7071067811865475,0.7071067811865475,0.7071067811865475,0.9999999999999998,0.9999999999999998,0.9999999999999998,0.9999999999999998,0.9999999999999998,0.7071067811865475,0.7071067811865475,0.7071067811865475,0.7071067811865475,0.7071067811865475,0.7071067811865475,0.7071067811865475,0.7071067811865475,0.7071067811865475,0.7071067811865475,0.7071067811865475,0.7071067811865475,0.7071067811865475,0.7071067811865475,0.7071067811865475,0.7071067811865475,0.7071067811865475,0.7071067811865475,0.7071067811865475,0.7071067811865475,0.7071067811865475,0.7071067811865475,0.7071067811865475,0.7071067811865475,0.7071067811865475,0.7071067811865475,0.7071067811865475,0.7071067811865475,0.7071067811865475,0.7071067811865475,0.2886751345948129,0.2886751345948129,0.7071067811865475,0.7071067811865475,0.7071067811865475,0.2886751345948129,0.2886751345948129,0.7071067811865475
SMDVR,0.9999999999999998,0.9999999999999998,0.4999999999999999,0.4999999999999999,0.7071067811865475,0.0,0.31622776601683794,0.7071067811865475,0.7071067811865475,0.9999999999999998,0.9999999999999998,0.31622776601683794,0.31622776601683794,0.9999999999999998,0.4999999999999999,0.7071067811865475,0.7071067811865475,0.4999999999999999,0.2886751345948129,0.2886751345948129,0.2886751345948129,0.2886751345948129,0.0,0.0,0.0,0.0,0.0,0.0,0.0,0.0,0.0,0.0,0.7071067811865475,0.7071067811865475,0.0,0.0,0.7071067811865475,0.7071067811865475,0.7071067811865475,0.7071067811865475,0.0,0.0,0.4999999999999999,0.4999999999999999,0.7071067811865475,0.7071067811865475,0.7071067811865475,0.7071067811865475,0.7071067811865475,0.7071067811865475,0.0,0.0,0.0,0.0,0.4999999999999999,0.4999999999999999,0.1543033499620919,0.1543033499620919,0.1543033499620919,0.1543033499620919,0.0,0.0,0.0,0.0,0.4999999999999999,0.4999999999999999,0.9999999999999998,0.9999999999999998,0.9999999999999998,0.7071067811865475,0.0,0.0,0.0,0.0,0.0,0.0,0.9999999999999998,0.9999999999999998,0.0,0.0,0.0,0.0,0.0,0.0,0.0,0.0,0.0,0.0,0.0,0.0,0.0,0.0,0.0,0.0,0.9999999999999998,0.9999999999999998,0.7071067811865475,0.7071067811865475,0.8164965809277259,0.0,0.0,0.7071067811865475,0.7071067811865475,0.0,0.0,0.9999999999999998,0.9999999999999998,0.0,0.0,0.0,0.0,0.0,0.0,0.9999999999999998,0.9999999999999998,0.7071067811865475,0.0,0.0,0.0,0.0,0.7071067811865475,0.7071067811865475,0.0,0.0,0.7071067811865475,0.7071067811865475,0.0,0.0,0.9999999999999998,0.9999999999999998,0.0,0.0,0.2886751345948129,0.2886751345948129,0.7071067811865475,0.0,0.0,0.0,0.0,0.9486832980505138,0.0,0.0,0.7071067811865475,0.7071067811865475,0.7071067811865475,0.7071067811865475,0.4714045207910316,0.7071067811865475,0.0,0.4999999999999999,0.4999999999999999,0.7071067811865475,0.7071067811865475,0.0,0.0,0.0,0.7071067811865475,0.0,0.0,0.7071067811865475,0.7071067811865475,0.7071067811865475,0.7071067811865475,0.7071067811865475,0.7071067811865475,0.7071067811865475,0.7071067811865475,0.7071067811865475,0.7071067811865475,0.7071067811865475,0.0,0.0,0.7071067811865475,0.7071067811865475,0.7071067811865475,0.7071067811865475,0.7071067811865475,0.7071067811865475,0.7071067811865475,0.0,0.0,0.4999999999999999,0.4999999999999999,0.4999999999999999,0.4999999999999999,0.4999999999999999,0.4999999999999999,0.9999999999999998,0.9999999999999998,0.9999999999999998,0.9999999999999998,0.7071067811865475,0.7071067811865475,0.7071067811865475,0.7071067811865475,0.7071067811865475,0.7071067811865475,0.7071067811865475,0.7071067811865475,0.7071067811865475,0.7071067811865475,0.7071067811865475,0.7071067811865475,0.7071067811865475,0.7071067811865475,0.7071067811865475,0.7071067811865475,0.9999999999999998,0.9999999999999998,0.9999999999999998,0.9999999999999998,0.7071067811865475,0.7071067811865475,0.7071067811865475,0.7071067811865475,0.9999999999999998,0.9999999999999998,0.9999999999999998,1.0,0.7071067811865475,0.7071067811865475,0.7071067811865475,0.7071067811865475,0.7071067811865475,0.7071067811865475,0.7071067811865475,0.7071067811865475,0.7071067811865475,0.7071067811865475,0.7071067811865475,0.7071067811865475,0.7071067811865475,0.7071067811865475,0.7071067811865475,0.7071067811865475,0.7071067811865475,0.7071067811865475,0.7071067811865475,0.7071067811865475,0.7071067811865475,0.7071067811865475,0.7071067811865475,0.7071067811865475,0.7071067811865475,0.7071067811865475,0.7071067811865475,0.7071067811865475,0.7071067811865475,0.7071067811865475,0.7071067811865475,0.7071067811865475,0.7071067811865475,0.7071067811865475,0.7071067811865475,0.7071067811865475,0.7071067811865475,0.7071067811865475,0.7071067811865475,0.7071067811865475,0.9999999999999998,0.9999999999999998,0.9999999999999998,0.9999999999999998,0.9999999999999998,0.7071067811865475,0.7071067811865475,0.7071067811865475,0.7071067811865475,0.7071067811865475,0.7071067811865475,0.7071067811865475,0.7071067811865475,0.7071067811865475,0.7071067811865475,0.7071067811865475,0.7071067811865475,0.7071067811865475,0.7071067811865475,0.7071067811865475,0.7071067811865475,0.7071067811865475,0.7071067811865475,0.7071067811865475,0.7071067811865475,0.7071067811865475,0.7071067811865475,0.7071067811865475,0.7071067811865475,0.7071067811865475,0.7071067811865475,0.7071067811865475,0.7071067811865475,0.7071067811865475,0.7071067811865475,0.2886751345948129,0.2886751345948129,0.7071067811865475,0.7071067811865475,0.7071067811865475,0.2886751345948129,0.2886751345948129,0.7071067811865475
URADL,0.7071067811865475,0.7071067811865475,0.0,0.0,1.0,0.0,0.0,0.0,1.0,0.7071067811865475,0.7071067811865475,0.0,0.0,0.7071067811865475,0.7071067811865475,1.0,1.0,0.0,0.0,0.0,0.4082482904638631,0.4082482904638631,0.0,0.0,0.0,0.0,0.0,0.0,0.0,0.0,0.0,0.0,1.0,1.0,0.0,0.0,1.0,1.0,1.0,1.0,0.0,0.0,0.7071067811865475,0.7071067811865475,1.0,1.0,1.0,1.0,1.0,1.0,0.0,0.0,0.0,0.0,0.0,0.0,0.0,0.0,0.0,0.0,0.0,0.0,0.0,0.0,0.0,0.0,0.7071067811865475,0.7071067811865475,0.7071067811865475,1.0,0.0,0.0,0.0,0.0,0.0,0.0,0.7071067811865475,0.7071067811865475,0.0,0.0,0.0,0.0,0.0,0.0,0.0,0.0,0.0,0.0,0.0,0.0,0.0,0.0,0.0,0.0,0.7071067811865475,0.7071067811865475,1.0,1.0,0.5773502691896258,0.0,0.0,1.0,1.0,0.0,0.0,0.7071067811865475,0.7071067811865475,0.0,0.0,0.0,0.0,0.0,0.0,0.7071067811865475,0.7071067811865475,0.0,0.0,0.0,0.0,0.0,1.0,1.0,0.0,0.0,0.0,0.0,0.0,0.0,0.7071067811865475,0.7071067811865475,0.0,0.0,0.4082482904638631,0.4082482904638631,0.0,0.0,0.0,0.0,0.0,0.4472135954999579,0.0,0.0,0.0,0.0,0.0,0.0,0.0,0.0,0.0,0.7071067811865475,0.7071067811865475,1.0,1.0,0.0,0.0,0.0,0.0,0.0,0.0,0.0,1.0,1.0,1.0,1.0,1.0,1.0,1.0,1.0,1.0,1.0,0.0,0.0,1.0,1.0,1.0,1.0,1.0,1.0,1.0,0.0,0.0,0.0,0.0,0.0,0.0,0.0,0.0,0.7071067811865475,0.7071067811865475,0.7071067811865475,0.7071067811865475,1.0,1.0,1.0,1.0,1.0,1.0,1.0,1.0,1.0,1.0,0.0,0.0,0.0,0.0,1.0,1.0,0.7071067811865475,0.7071067811865475,0.7071067811865475,0.7071067811865475,1.0,1.0,1.0,1.0,0.7071067811865475,0.7071067811865475,0.7071067811865475,0.7071067811865475,1.0,1.0,1.0,1.0,1.0,1.0,1.0,1.0,1.0,1.0,1.0,1.0,1.0,1.0,1.0,1.0,1.0,1.0,1.0,1.0,1.0,1.0,1.0,1.0,1.0,1.0,1.0,1.0,1.0,1.0,1.0,1.0,1.0,0.0,0.0,0.0,0.0,0.0,0.0,1.0,0.7071067811865475,0.7071067811865475,0.7071067811865475,0.7071067811865475,0.7071067811865475,1.0,1.0,1.0,1.0,1.0,1.0,1.0,1.0,1.0,1.0,1.0,1.0,1.0,1.0,1.0,1.0,1.0,0.0,0.0,0.0,0.0,0.0,0.0,0.0,0.0,0.0,0.0,0.0,0.0,0.0,0.4082482904638631,0.4082482904638631,1.0,1.0,1.0,0.4082482904638631,0.4082482904638631,1.0
URADR,0.7071067811865475,0.7071067811865475,0.0,0.0,1.0,0.0,0.0,0.0,1.0,0.7071067811865475,0.7071067811865475,0.0,0.0,0.7071067811865475,0.7071067811865475,1.0,1.0,0.0,0.0,0.0,0.4082482904638631,0.4082482904638631,0.0,0.0,0.0,0.0,0.0,0.0,0.0,0.0,0.0,0.0,1.0,1.0,0.0,0.0,1.0,1.0,1.0,1.0,0.0,0.0,0.7071067811865475,0.7071067811865475,1.0,1.0,1.0,1.0,1.0,1.0,0.0,0.0,0.0,0.0,0.0,0.0,0.0,0.0,0.0,0.0,0.0,0.0,0.0,0.0,0.0,0.0,0.7071067811865475,0.7071067811865475,0.7071067811865475,1.0,0.0,0.0,0.0,0.0,0.0,0.0,0.7071067811865475,0.7071067811865475,0.0,0.0,0.0,0.0,0.0,0.0,0.0,0.0,0.0,0.0,0.0,0.0,0.0,0.0,0.0,0.0,0.7071067811865475,0.7071067811865475,1.0,1.0,0.5773502691896258,0.0,0.0,1.0,1.0,0.0,0.0,0.7071067811865475,0.7071067811865475,0.0,0.0,0.0,0.0,0.0,0.0,0.7071067811865475,0.7071067811865475,0.0,0.0,0.0,0.0,0.0,1.0,1.0,0.0,0.0,0.0,0.0,0.0,0.0,0.7071067811865475,0.7071067811865475,0.0,0.0,0.4082482904638631,0.4082482904638631,0.0,0.0,0.0,0.0,0.0,0.4472135954999579,0.0,0.0,0.0,0.0,0.0,0.0,0.0,0.0,0.0,0.7071067811865475,0.7071067811865475,1.0,1.0,0.0,0.0,0.0,0.0,0.0,0.0,0.0,1.0,1.0,1.0,1.0,1.0,1.0,1.0,1.0,1.0,1.0,0.0,0.0,1.0,1.0,1.0,1.0,1.0,1.0,1.0,0.0,0.0,0.0,0.0,0.0,0.0,0.0,0.0,0.7071067811865475,0.7071067811865475,0.7071067811865475,0.7071067811865475,1.0,1.0,1.0,1.0,1.0,1.0,1.0,1.0,1.0,1.0,0.0,0.0,0.0,0.0,1.0,1.0,0.7071067811865475,0.7071067811865475,0.7071067811865475,0.7071067811865475,1.0,1.0,1.0,1.0,0.7071067811865475,0.7071067811865475,0.7071067811865475,0.7071067811865475,1.0,1.0,1.0,1.0,1.0,1.0,1.0,1.0,1.0,1.0,1.0,1.0,1.0,1.0,1.0,1.0,1.0,1.0,1.0,1.0,1.0,1.0,1.0,1.0,1.0,1.0,1.0,1.0,1.0,1.0,1.0,1.0,1.0,0.0,0.0,0.0,0.0,0.0,0.0,1.0,0.7071067811865475,0.7071067811865475,0.7071067811865475,0.7071067811865475,0.7071067811865475,1.0,1.0,1.0,1.0,1.0,1.0,1.0,1.0,1.0,1.0,1.0,1.0,1.0,1.0,1.0,1.0,1.0,0.0,0.0,0.0,0.0,0.0,0.0,0.0,0.0,0.0,0.0,0.0,0.0,0.0,0.4082482904638631,0.4082482904638631,1.0,1.0,1.0,0.4082482904638631,0.4082482904638631,1.0
URAVL,0.7071067811865475,0.7071067811865475,0.0,0.0,1.0,0.0,0.0,0.0,1.0,0.7071067811865475,0.7071067811865475,0.0,0.0,0.7071067811865475,0.7071067811865475,1.0,1.0,0.0,0.0,0.0,0.4082482904638631,0.4082482904638631,0.0,0.0,0.0,0.0,0.0,0.0,0.0,0.0,0.0,0.0,1.0,1.0,0.0,0.0,1.0,1.0,1.0,1.0,0.0,0.0,0.7071067811865475,0.7071067811865475,1.0,1.0,1.0,1.0,1.0,1.0,0.0,0.0,0.0,0.0,0.0,0.0,0.0,0.0,0.0,0.0,0.0,0.0,0.0,0.0,0.0,0.0,0.7071067811865475,0.7071067811865475,0.7071067811865475,1.0,0.0,0.0,0.0,0.0,0.0,0.0,0.7071067811865475,0.7071067811865475,0.0,0.0,0.0,0.0,0.0,0.0,0.0,0.0,0.0,0.0,0.0,0.0,0.0,0.0,0.0,0.0,0.7071067811865475,0.7071067811865475,1.0,1.0,0.5773502691896258,0.0,0.0,1.0,1.0,0.0,0.0,0.7071067811865475,0.7071067811865475,0.0,0.0,0.0,0.0,0.0,0.0,0.7071067811865475,0.7071067811865475,0.0,0.0,0.0,0.0,0.0,1.0,1.0,0.0,0.0,0.0,0.0,0.0,0.0,0.7071067811865475,0.7071067811865475,0.0,0.0,0.4082482904638631,0.4082482904638631,0.0,0.0,0.0,0.0,0.0,0.4472135954999579,0.0,0.0,0.0,0.0,0.0,0.0,0.0,0.0,0.0,0.7071067811865475,0.7071067811865475,1.0,1.0,0.0,0.0,0.0,0.0,0.0,0.0,0.0,1.0,1.0,1.0,1.0,1.0,1.0,1.0,1.0,1.0,1.0,0.0,0.0,1.0,1.0,1.0,1.0,1.0,1.0,1.0,0.0,0.0,0.0,0.0,0.0,0.0,0.0,0.0,0.7071067811865475,0.7071067811865475,0.7071067811865475,0.7071067811865475,1.0,1.0,1.0,1.0,1.0,1.0,1.0,1.0,1.0,1.0,0.0,0.0,0.0,0.0,1.0,1.0,0.7071067811865475,0.7071067811865475,0.7071067811865475,0.7071067811865475,1.0,1.0,1.0,1.0,0.7071067811865475,0.7071067811865475,0.7071067811865475,0.7071067811865475,1.0,1.0,1.0,1.0,1.0,1.0,1.0,1.0,1.0,1.0,1.0,1.0,1.0,1.0,1.0,1.0,1.0,1.0,1.0,1.0,1.0,1.0,1.0,1.0,1.0,1.0,1.0,1.0,1.0,1.0,1.0,1.0,1.0,0.0,0.0,0.0,0.0,0.0,0.0,1.0,0.7071067811865475,0.7071067811865475,0.7071067811865475,0.7071067811865475,0.7071067811865475,1.0,1.0,1.0,1.0,1.0,1.0,1.0,1.0,1.0,1.0,1.0,1.0,1.0,1.0,1.0,1.0,1.0,0.0,0.0,0.0,0.0,0.0,0.0,0.0,0.0,0.0,0.0,0.0,0.0,0.0,0.4082482904638631,0.4082482904638631,1.0,1.0,1.0,0.4082482904638631,0.4082482904638631,1.0
URAVR,0.7071067811865475,0.7071067811865475,0.0,0.0,1.0,0.0,0.0,0.0,1.0,0.7071067811865475,0.7071067811865475,0.0,0.0,0.7071067811865475,0.7071067811865475,1.0,1.0,0.0,0.0,0.0,0.4082482904638631,0.4082482904638631,0.0,0.0,0.0,0.0,0.0,0.0,0.0,0.0,0.0,0.0,1.0,1.0,0.0,0.0,1.0,1.0,1.0,1.0,0.0,0.0,0.7071067811865475,0.7071067811865475,1.0,1.0,1.0,1.0,1.0,1.0,0.0,0.0,0.0,0.0,0.0,0.0,0.0,0.0,0.0,0.0,0.0,0.0,0.0,0.0,0.0,0.0,0.7071067811865475,0.7071067811865475,0.7071067811865475,1.0,0.0,0.0,0.0,0.0,0.0,0.0,0.7071067811865475,0.7071067811865475,0.0,0.0,0.0,0.0,0.0,0.0,0.0,0.0,0.0,0.0,0.0,0.0,0.0,0.0,0.0,0.0,0.7071067811865475,0.7071067811865475,1.0,1.0,0.5773502691896258,0.0,0.0,1.0,1.0,0.0,0.0,0.7071067811865475,0.7071067811865475,0.0,0.0,0.0,0.0,0.0,0.0,0.7071067811865475,0.7071067811865475,0.0,0.0,0.0,0.0,0.0,1.0,1.0,0.0,0.0,0.0,0.0,0.0,0.0,0.7071067811865475,0.7071067811865475,0.0,0.0,0.4082482904638631,0.4082482904638631,0.0,0.0,0.0,0.0,0.0,0.4472135954999579,0.0,0.0,0.0,0.0,0.0,0.0,0.0,0.0,0.0,0.7071067811865475,0.7071067811865475,1.0,1.0,0.0,0.0,0.0,0.0,0.0,0.0,0.0,1.0,1.0,1.0,1.0,1.0,1.0,1.0,1.0,1.0,1.0,0.0,0.0,1.0,1.0,1.0,1.0,1.0,1.0,1.0,0.0,0.0,0.0,0.0,0.0,0.0,0.0,0.0,0.7071067811865475,0.7071067811865475,0.7071067811865475,0.7071067811865475,1.0,1.0,1.0,1.0,1.0,1.0,1.0,1.0,1.0,1.0,0.0,0.0,0.0,0.0,1.0,1.0,0.7071067811865475,0.7071067811865475,0.7071067811865475,0.7071067811865475,1.0,1.0,1.0,1.0,0.7071067811865475,0.7071067811865475,0.7071067811865475,0.7071067811865475,1.0,1.0,1.0,1.0,1.0,1.0,1.0,1.0,1.0,1.0,1.0,1.0,1.0,1.0,1.0,1.0,1.0,1.0,1.0,1.0,1.0,1.0,1.0,1.0,1.0,1.0,1.0,1.0,1.0,1.0,1.0,1.0,1.0,0.0,0.0,0.0,0.0,0.0,0.0,1.0,0.7071067811865475,0.7071067811865475,0.7071067811865475,0.7071067811865475,0.7071067811865475,1.0,1.0,1.0,1.0,1.0,1.0,1.0,1.0,1.0,1.0,1.0,1.0,1.0,1.0,1.0,1.0,1.0,0.0,0.0,0.0,0.0,0.0,0.0,0.0,0.0,0.0,0.0,0.0,0.0,0.0,0.4082482904638631,0.4082482904638631,1.0,1.0,1.0,0.4082482904638631,0.4082482904638631,1.0
DA01,0.7071067811865475,0.7071067811865475,0.0,0.0,1.0,0.0,0.0,0.0,1.0,0.7071067811865475,0.7071067811865475,0.0,0.0,0.7071067811865475,0.7071067811865475,1.0,1.0,0.0,0.0,0.0,0.4082482904638631,0.4082482904638631,0.0,0.0,0.0,0.0,0.0,0.0,0.0,0.0,0.0,0.0,1.0,1.0,0.0,0.0,1.0,1.0,1.0,1.0,0.0,0.0,0.7071067811865475,0.7071067811865475,1.0,1.0,1.0,1.0,1.0,1.0,0.0,0.0,0.0,0.0,0.0,0.0,0.0,0.0,0.0,0.0,0.0,0.0,0.0,0.0,0.0,0.0,0.7071067811865475,0.7071067811865475,0.7071067811865475,1.0,0.0,0.0,0.0,0.0,0.0,0.0,0.7071067811865475,0.7071067811865475,0.0,0.0,0.0,0.0,0.0,0.0,0.0,0.0,0.0,0.0,0.0,0.0,0.0,0.0,0.0,0.0,0.7071067811865475,0.7071067811865475,1.0,1.0,0.5773502691896258,0.0,0.0,1.0,1.0,0.0,0.0,0.7071067811865475,0.7071067811865475,0.0,0.0,0.0,0.0,0.0,0.0,0.7071067811865475,0.7071067811865475,0.0,0.0,0.0,0.0,0.0,1.0,1.0,0.0,0.0,0.0,0.0,0.0,0.0,0.7071067811865475,0.7071067811865475,0.0,0.0,0.4082482904638631,0.4082482904638631,0.0,0.0,0.0,0.0,0.0,0.4472135954999579,0.0,0.0,0.0,0.0,0.0,0.0,0.0,0.0,0.0,0.7071067811865475,0.7071067811865475,1.0,1.0,0.0,0.0,0.0,0.0,0.0,0.0,0.0,1.0,1.0,1.0,1.0,1.0,1.0,1.0,1.0,1.0,1.0,0.0,0.0,1.0,1.0,1.0,1.0,1.0,1.0,1.0,0.0,0.0,0.0,0.0,0.0,0.0,0.0,0.0,0.7071067811865475,0.7071067811865475,0.7071067811865475,0.7071067811865475,1.0,1.0,1.0,1.0,1.0,1.0,1.0,1.0,1.0,1.0,0.0,0.0,0.0,0.0,1.0,1.0,0.7071067811865475,0.7071067811865475,0.7071067811865475,0.7071067811865475,1.0,1.0,1.0,1.0,0.7071067811865475,0.7071067811865475,0.7071067811865475,0.7071067811865475,1.0,1.0,1.0,1.0,1.0,1.0,1.0,1.0,1.0,1.0,1.0,1.0,1.0,1.0,1.0,1.0,1.0,1.0,1.0,1.0,1.0,1.0,1.0,1.0,1.0,1.0,1.0,1.0,1.0,1.0,1.0,1.0,1.0,0.0,0.0,0.0,0.0,0.0,0.0,1.0,0.7071067811865475,0.7071067811865475,0.7071067811865475,0.7071067811865475,0.7071067811865475,1.0,1.0,1.0,1.0,1.0,1.0,1.0,1.0,1.0,1.0,1.0,1.0,1.0,1.0,1.0,1.0,1.0,0.0,0.0,0.0,0.0,0.0,0.0,0.0,0.0,0.0,0.0,0.0,0.0,0.0,0.4082482904638631,0.4082482904638631,1.0,1.0,1.0,0.4082482904638631,0.4082482904638631,1.0
DA02,0.7071067811865475,0.7071067811865475,0.0,0.0,1.0,0.0,0.0,0.0,1.0,0.7071067811865475,0.7071067811865475,0.0,0.0,0.7071067811865475,0.7071067811865475,1.0,1.0,0.0,0.0,0.0,0.4082482904638631,0.4082482904638631,0.0,0.0,0.0,0.0,0.0,0.0,0.0,0.0,0.0,0.0,1.0,1.0,0.0,0.0,1.0,1.0,1.0,1.0,0.0,0.0,0.7071067811865475,0.7071067811865475,1.0,1.0,1.0,1.0,1.0,1.0,0.0,0.0,0.0,0.0,0.0,0.0,0.0,0.0,0.0,0.0,0.0,0.0,0.0,0.0,0.0,0.0,0.7071067811865475,0.7071067811865475,0.7071067811865475,1.0,0.0,0.0,0.0,0.0,0.0,0.0,0.7071067811865475,0.7071067811865475,0.0,0.0,0.0,0.0,0.0,0.0,0.0,0.0,0.0,0.0,0.0,0.0,0.0,0.0,0.0,0.0,0.7071067811865475,0.7071067811865475,1.0,1.0,0.5773502691896258,0.0,0.0,1.0,1.0,0.0,0.0,0.7071067811865475,0.7071067811865475,0.0,0.0,0.0,0.0,0.0,0.0,0.7071067811865475,0.7071067811865475,0.0,0.0,0.0,0.0,0.0,1.0,1.0,0.0,0.0,0.0,0.0,0.0,0.0,0.7071067811865475,0.7071067811865475,0.0,0.0,0.4082482904638631,0.4082482904638631,0.0,0.0,0.0,0.0,0.0,0.4472135954999579,0.0,0.0,0.0,0.0,0.0,0.0,0.0,0.0,0.0,0.7071067811865475,0.7071067811865475,1.0,1.0,0.0,0.0,0.0,0.0,0.0,0.0,0.0,1.0,1.0,1.0,1.0,1.0,1.0,1.0,1.0,1.0,1.0,0.0,0.0,1.0,1.0,1.0,1.0,1.0,1.0,1.0,0.0,0.0,0.0,0.0,0.0,0.0,0.0,0.0,0.7071067811865475,0.7071067811865475,0.7071067811865475,0.7071067811865475,1.0,1.0,1.0,1.0,1.0,1.0,1.0,1.0,1.0,1.0,0.0,0.0,0.0,0.0,1.0,1.0,0.7071067811865475,0.7071067811865475,0.7071067811865475,0.7071067811865475,1.0,1.0,1.0,1.0,0.7071067811865475,0.7071067811865475,0.7071067811865475,0.7071067811865475,1.0,1.0,1.0,1.0,1.0,1.0,1.0,1.0,1.0,1.0,1.0,1.0,1.0,1.0,1.0,1.0,1.0,1.0,1.0,1.0,1.0,1.0,1.0,1.0,1.0,1.0,1.0,1.0,1.0,1.0,1.0,1.0,1.0,0.0,0.0,0.0,0.0,0.0,0.0,1.0,0.7071067811865475,0.7071067811865475,0.7071067811865475,0.7071067811865475,0.7071067811865475,1.0,1.0,1.0,1.0,1.0,1.0,1.0,1.0,1.0,1.0,1.0,1.0,1.0,1.0,1.0,1.0,1.0,0.0,0.0,0.0,0.0,0.0,0.0,0.0,0.0,0.0,0.0,0.0,0.0,0.0,0.4082482904638631,0.4082482904638631,1.0,1.0,1.0,0.4082482904638631,0.4082482904638631,1.0
DA03,0.7071067811865475,0.7071067811865475,0.0,0.0,1.0,0.0,0.0,0.0,1.0,0.7071067811865475,0.7071067811865475,0.0,0.0,0.7071067811865475,0.7071067811865475,1.0,1.0,0.0,0.0,0.0,0.4082482904638631,0.4082482904638631,0.0,0.0,0.0,0.0,0.0,0.0,0.0,0.0,0.0,0.0,1.0,1.0,0.0,0.0,1.0,1.0,1.0,1.0,0.0,0.0,0.7071067811865475,0.7071067811865475,1.0,1.0,1.0,1.0,1.0,1.0,0.0,0.0,0.0,0.0,0.0,0.0,0.0,0.0,0.0,0.0,0.0,0.0,0.0,0.0,0.0,0.0,0.7071067811865475,0.7071067811865475,0.7071067811865475,1.0,0.0,0.0,0.0,0.0,0.0,0.0,0.7071067811865475,0.7071067811865475,0.0,0.0,0.0,0.0,0.0,0.0,0.0,0.0,0.0,0.0,0.0,0.0,0.0,0.0,0.0,0.0,0.7071067811865475,0.7071067811865475,1.0,1.0,0.5773502691896258,0.0,0.0,1.0,1.0,0.0,0.0,0.7071067811865475,0.7071067811865475,0.0,0.0,0.0,0.0,0.0,0.0,0.7071067811865475,0.7071067811865475,0.0,0.0,0.0,0.0,0.0,1.0,1.0,0.0,0.0,0.0,0.0,0.0,0.0,0.7071067811865475,0.7071067811865475,0.0,0.0,0.4082482904638631,0.4082482904638631,0.0,0.0,0.0,0.0,0.0,0.4472135954999579,0.0,0.0,0.0,0.0,0.0,0.0,0.0,0.0,0.0,0.7071067811865475,0.7071067811865475,1.0,1.0,0.0,0.0,0.0,0.0,0.0,0.0,0.0,1.0,1.0,1.0,1.0,1.0,1.0,1.0,1.0,1.0,1.0,0.0,0.0,1.0,1.0,1.0,1.0,1.0,1.0,1.0,0.0,0.0,0.0,0.0,0.0,0.0,0.0,0.0,0.7071067811865475,0.7071067811865475,0.7071067811865475,0.7071067811865475,1.0,1.0,1.0,1.0,1.0,1.0,1.0,1.0,1.0,1.0,0.0,0.0,0.0,0.0,1.0,1.0,0.7071067811865475,0.7071067811865475,0.7071067811865475,0.7071067811865475,1.0,1.0,1.0,1.0,0.7071067811865475,0.7071067811865475,0.7071067811865475,0.7071067811865475,1.0,1.0,1.0,1.0,1.0,1.0,1.0,1.0,1.0,1.0,1.0,1.0,1.0,1.0,1.0,1.0,1.0,1.0,1.0,1.0,1.0,1.0,1.0,1.0,1.0,1.0,1.0,1.0,1.0,1.0,1.0,1.0,1.0,0.0,0.0,0.0,0.0,0.0,0.0,1.0,0.7071067811865475,0.7071067811865475,0.7071067811865475,0.7071067811865475,0.7071067811865475,1.0,1.0,1.0,1.0,1.0,1.0,1.0,1.0,1.0,1.0,1.0,1.0,1.0,1.0,1.0,1.0,1.0,0.0,0.0,0.0,0.0,0.0,0.0,0.0,0.0,0.0,0.0,0.0,0.0,0.0,0.4082482904638631,0.4082482904638631,1.0,1.0,1.0,0.4082482904638631,0.4082482904638631,1.0
DA04,0.7071067811865475,0.7071067811865475,0.0,0.0,1.0,0.0,0.0,0.0,1.0,0.7071067811865475,0.7071067811865475,0.0,0.0,0.7071067811865475,0.7071067811865475,1.0,1.0,0.0,0.0,0.0,0.4082482904638631,0.4082482904638631,0.0,0.0,0.0,0.0,0.0,0.0,0.0,0.0,0.0,0.0,1.0,1.0,0.0,0.0,1.0,1.0,1.0,1.0,0.0,0.0,0.7071067811865475,0.7071067811865475,1.0,1.0,1.0,1.0,1.0,1.0,0.0,0.0,0.0,0.0,0.0,0.0,0.0,0.0,0.0,0.0,0.0,0.0,0.0,0.0,0.0,0.0,0.7071067811865475,0.7071067811865475,0.7071067811865475,1.0,0.0,0.0,0.0,0.0,0.0,0.0,0.7071067811865475,0.7071067811865475,0.0,0.0,0.0,0.0,0.0,0.0,0.0,0.0,0.0,0.0,0.0,0.0,0.0,0.0,0.0,0.0,0.7071067811865475,0.7071067811865475,1.0,1.0,0.5773502691896258,0.0,0.0,1.0,1.0,0.0,0.0,0.7071067811865475,0.7071067811865475,0.0,0.0,0.0,0.0,0.0,0.0,0.7071067811865475,0.7071067811865475,0.0,0.0,0.0,0.0,0.0,1.0,1.0,0.0,0.0,0.0,0.0,0.0,0.0,0.7071067811865475,0.7071067811865475,0.0,0.0,0.4082482904638631,0.4082482904638631,0.0,0.0,0.0,0.0,0.0,0.4472135954999579,0.0,0.0,0.0,0.0,0.0,0.0,0.0,0.0,0.0,0.7071067811865475,0.7071067811865475,1.0,1.0,0.0,0.0,0.0,0.0,0.0,0.0,0.0,1.0,1.0,1.0,1.0,1.0,1.0,1.0,1.0,1.0,1.0,0.0,0.0,1.0,1.0,1.0,1.0,1.0,1.0,1.0,0.0,0.0,0.0,0.0,0.0,0.0,0.0,0.0,0.7071067811865475,0.7071067811865475,0.7071067811865475,0.7071067811865475,1.0,1.0,1.0,1.0,1.0,1.0,1.0,1.0,1.0,1.0,0.0,0.0,0.0,0.0,1.0,1.0,0.7071067811865475,0.7071067811865475,0.7071067811865475,0.7071067811865475,1.0,1.0,1.0,1.0,0.7071067811865475,0.7071067811865475,0.7071067811865475,0.7071067811865475,1.0,1.0,1.0,1.0,1.0,1.0,1.0,1.0,1.0,1.0,1.0,1.0,1.0,1.0,1.0,1.0,1.0,1.0,1.0,1.0,1.0,1.0,1.0,1.0,1.0,1.0,1.0,1.0,1.0,1.0,1.0,1.0,1.0,0.0,0.0,0.0,0.0,0.0,0.0,1.0,0.7071067811865475,0.7071067811865475,0.7071067811865475,0.7071067811865475,0.7071067811865475,1.0,1.0,1.0,1.0,1.0,1.0,1.0,1.0,1.0,1.0,1.0,1.0,1.0,1.0,1.0,1.0,1.0,0.0,0.0,0.0,0.0,0.0,0.0,0.0,0.0,0.0,0.0,0.0,0.0,0.0,0.4082482904638631,0.4082482904638631,1.0,1.0,1.0,0.4082482904638631,0.4082482904638631,1.0
DA05,0.7071067811865475,0.7071067811865475,0.0,0.0,1.0,0.0,0.0,0.0,1.0,0.7071067811865475,0.7071067811865475,0.0,0.0,0.7071067811865475,0.7071067811865475,1.0,1.0,0.0,0.0,0.0,0.4082482904638631,0.4082482904638631,0.0,0.0,0.0,0.0,0.0,0.0,0.0,0.0,0.0,0.0,1.0,1.0,0.0,0.0,1.0,1.0,1.0,1.0,0.0,0.0,0.7071067811865475,0.7071067811865475,1.0,1.0,1.0,1.0,1.0,1.0,0.0,0.0,0.0,0.0,0.0,0.0,0.0,0.0,0.0,0.0,0.0,0.0,0.0,0.0,0.0,0.0,0.7071067811865475,0.7071067811865475,0.7071067811865475,1.0,0.0,0.0,0.0,0.0,0.0,0.0,0.7071067811865475,0.7071067811865475,0.0,0.0,0.0,0.0,0.0,0.0,0.0,0.0,0.0,0.0,0.0,0.0,0.0,0.0,0.0,0.0,0.7071067811865475,0.7071067811865475,1.0,1.0,0.5773502691896258,0.0,0.0,1.0,1.0,0.0,0.0,0.7071067811865475,0.7071067811865475,0.0,0.0,0.0,0.0,0.0,0.0,0.7071067811865475,0.7071067811865475,0.0,0.0,0.0,0.0,0.0,1.0,1.0,0.0,0.0,0.0,0.0,0.0,0.0,0.7071067811865475,0.7071067811865475,0.0,0.0,0.4082482904638631,0.4082482904638631,0.0,0.0,0.0,0.0,0.0,0.4472135954999579,0.0,0.0,0.0,0.0,0.0,0.0,0.0,0.0,0.0,0.7071067811865475,0.7071067811865475,1.0,1.0,0.0,0.0,0.0,0.0,0.0,0.0,0.0,1.0,1.0,1.0,1.0,1.0,1.0,1.0,1.0,1.0,1.0,0.0,0.0,1.0,1.0,1.0,1.0,1.0,1.0,1.0,0.0,0.0,0.0,0.0,0.0,0.0,0.0,0.0,0.7071067811865475,0.7071067811865475,0.7071067811865475,0.7071067811865475,1.0,1.0,1.0,1.0,1.0,1.0,1.0,1.0,1.0,1.0,0.0,0.0,0.0,0.0,1.0,1.0,0.7071067811865475,0.7071067811865475,0.7071067811865475,0.7071067811865475,1.0,1.0,1.0,1.0,0.7071067811865475,0.7071067811865475,0.7071067811865475,0.7071067811865475,1.0,1.0,1.0,1.0,1.0,1.0,1.0,1.0,1.0,1.0,1.0,1.0,1.0,1.0,1.0,1.0,1.0,1.0,1.0,1.0,1.0,1.0,1.0,1.0,1.0,1.0,1.0,1.0,1.0,1.0,1.0,1.0,1.0,0.0,0.0,0.0,0.0,0.0,0.0,1.0,0.7071067811865475,0.7071067811865475,0.7071067811865475,0.7071067811865475,0.7071067811865475,1.0,1.0,1.0,1.0,1.0,1.0,1.0,1.0,1.0,1.0,1.0,1.0,1.0,1.0,1.0,1.0,1.0,0.0,0.0,0.0,0.0,0.0,0.0,0.0,0.0,0.0,0.0,0.0,0.0,0.0,0.4082482904638631,0.4082482904638631,1.0,1.0,1.0,0.4082482904638631,0.4082482904638631,1.0
DA06,0.7071067811865475,0.7071067811865475,0.0,0.0,1.0,0.0,0.0,0.0,1.0,0.7071067811865475,0.7071067811865475,0.0,0.0,0.7071067811865475,0.7071067811865475,1.0,1.0,0.0,0.0,0.0,0.4082482904638631,0.4082482904638631,0.0,0.0,0.0,0.0,0.0,0.0,0.0,0.0,0.0,0.0,1.0,1.0,0.0,0.0,1.0,1.0,1.0,1.0,0.0,0.0,0.7071067811865475,0.7071067811865475,1.0,1.0,1.0,1.0,1.0,1.0,0.0,0.0,0.0,0.0,0.0,0.0,0.0,0.0,0.0,0.0,0.0,0.0,0.0,0.0,0.0,0.0,0.7071067811865475,0.7071067811865475,0.7071067811865475,1.0,0.0,0.0,0.0,0.0,0.0,0.0,0.7071067811865475,0.7071067811865475,0.0,0.0,0.0,0.0,0.0,0.0,0.0,0.0,0.0,0.0,0.0,0.0,0.0,0.0,0.0,0.0,0.7071067811865475,0.7071067811865475,1.0,1.0,0.5773502691896258,0.0,0.0,1.0,1.0,0.0,0.0,0.7071067811865475,0.7071067811865475,0.0,0.0,0.0,0.0,0.0,0.0,0.7071067811865475,0.7071067811865475,0.0,0.0,0.0,0.0,0.0,1.0,1.0,0.0,0.0,0.0,0.0,0.0,0.0,0.7071067811865475,0.7071067811865475,0.0,0.0,0.4082482904638631,0.4082482904638631,0.0,0.0,0.0,0.0,0.0,0.4472135954999579,0.0,0.0,0.0,0.0,0.0,0.0,0.0,0.0,0.0,0.7071067811865475,0.7071067811865475,1.0,1.0,0.0,0.0,0.0,0.0,0.0,0.0,0.0,1.0,1.0,1.0,1.0,1.0,1.0,1.0,1.0,1.0,1.0,0.0,0.0,1.0,1.0,1.0,1.0,1.0,1.0,1.0,0.0,0.0,0.0,0.0,0.0,0.0,0.0,0.0,0.7071067811865475,0.7071067811865475,0.7071067811865475,0.7071067811865475,1.0,1.0,1.0,1.0,1.0,1.0,1.0,1.0,1.0,1.0,0.0,0.0,0.0,0.0,1.0,1.0,0.7071067811865475,0.7071067811865475,0.7071067811865475,0.7071067811865475,1.0,1.0,1.0,1.0,0.7071067811865475,0.7071067811865475,0.7071067811865475,0.7071067811865475,1.0,1.0,1.0,1.0,1.0,1.0,1.0,1.0,1.0,1.0,1.0,1.0,1.0,1.0,1.0,1.0,1.0,1.0,1.0,1.0,1.0,1.0,1.0,1.0,1.0,1.0,1.0,1.0,1.0,1.0,1.0,1.0,1.0,0.0,0.0,0.0,0.0,0.0,0.0,1.0,0.7071067811865475,0.7071067811865475,0.7071067811865475,0.7071067811865475,0.7071067811865475,1.0,1.0,1.0,1.0,1.0,1.0,1.0,1.0,1.0,1.0,1.0,1.0,1.0,1.0,1.0,1.0,1.0,0.0,0.0,0.0,0.0,0.0,0.0,0.0,0.0,0.0,0.0,0.0,0.0,0.0,0.4082482904638631,0.4082482904638631,1.0,1.0,1.0,0.4082482904638631,0.4082482904638631,1.0
DA07,0.7071067811865475,0.7071067811865475,0.0,0.0,1.0,0.0,0.0,0.0,1.0,0.7071067811865475,0.7071067811865475,0.0,0.0,0.7071067811865475,0.7071067811865475,1.0,1.0,0.0,0.0,0.0,0.4082482904638631,0.4082482904638631,0.0,0.0,0.0,0.0,0.0,0.0,0.0,0.0,0.0,0.0,1.0,1.0,0.0,0.0,1.0,1.0,1.0,1.0,0.0,0.0,0.7071067811865475,0.7071067811865475,1.0,1.0,1.0,1.0,1.0,1.0,0.0,0.0,0.0,0.0,0.0,0.0,0.0,0.0,0.0,0.0,0.0,0.0,0.0,0.0,0.0,0.0,0.7071067811865475,0.7071067811865475,0.7071067811865475,1.0,0.0,0.0,0.0,0.0,0.0,0.0,0.7071067811865475,0.7071067811865475,0.0,0.0,0.0,0.0,0.0,0.0,0.0,0.0,0.0,0.0,0.0,0.0,0.0,0.0,0.0,0.0,0.7071067811865475,0.7071067811865475,1.0,1.0,0.5773502691896258,0.0,0.0,1.0,1.0,0.0,0.0,0.7071067811865475,0.7071067811865475,0.0,0.0,0.0,0.0,0.0,0.0,0.7071067811865475,0.7071067811865475,0.0,0.0,0.0,0.0,0.0,1.0,1.0,0.0,0.0,0.0,0.0,0.0,0.0,0.7071067811865475,0.7071067811865475,0.0,0.0,0.4082482904638631,0.4082482904638631,0.0,0.0,0.0,0.0,0.0,0.4472135954999579,0.0,0.0,0.0,0.0,0.0,0.0,0.0,0.0,0.0,0.7071067811865475,0.7071067811865475,1.0,1.0,0.0,0.0,0.0,0.0,0.0,0.0,0.0,1.0,1.0,1.0,1.0,1.0,1.0,1.0,1.0,1.0,1.0,0.0,0.0,1.0,1.0,1.0,1.0,1.0,1.0,1.0,0.0,0.0,0.0,0.0,0.0,0.0,0.0,0.0,0.7071067811865475,0.7071067811865475,0.7071067811865475,0.7071067811865475,1.0,1.0,1.0,1.0,1.0,1.0,1.0,1.0,1.0,1.0,0.0,0.0,0.0,0.0,1.0,1.0,0.7071067811865475,0.7071067811865475,0.7071067811865475,0.7071067811865475,1.0,1.0,1.0,1.0,0.7071067811865475,0.7071067811865475,0.7071067811865475,0.7071067811865475,1.0,1.0,1.0,1.0,1.0,1.0,1.0,1.0,1.0,1.0,1.0,1.0,1.0,1.0,1.0,1.0,1.0,1.0,1.0,1.0,1.0,1.0,1.0,1.0,1.0,1.0,1.0,1.0,1.0,1.0,1.0,1.0,1.0,0.0,0.0,0.0,0.0,0.0,0.0,1.0,0.7071067811865475,0.7071067811865475,0.7071067811865475,0.7071067811865475,0.7071067811865475,1.0,1.0,1.0,1.0,1.0,1.0,1.0,1.0,1.0,1.0,1.0,1.0,1.0,1.0,1.0,1.0,1.0,0.0,0.0,0.0,0.0,0.0,0.0,0.0,0.0,0.0,0.0,0.0,0.0,0.0,0.4082482904638631,0.4082482904638631,1.0,1.0,1.0,0.4082482904638631,0.4082482904638631,1.0
DA08,0.7071067811865475,0.7071067811865475,0.0,0.0,1.0,0.0,0.0,0.0,1.0,0.7071067811865475,0.7071067811865475,0.0,0.0,0.7071067811865475,0.7071067811865475,1.0,1.0,0.0,0.0,0.0,0.4082482904638631,0.4082482904638631,0.0,0.0,0.0,0.0,0.0,0.0,0.0,0.0,0.0,0.0,1.0,1.0,0.0,0.0,1.0,1.0,1.0,1.0,0.0,0.0,0.7071067811865475,0.7071067811865475,1.0,1.0,1.0,1.0,1.0,1.0,0.0,0.0,0.0,0.0,0.0,0.0,0.0,0.0,0.0,0.0,0.0,0.0,0.0,0.0,0.0,0.0,0.7071067811865475,0.7071067811865475,0.7071067811865475,1.0,0.0,0.0,0.0,0.0,0.0,0.0,0.7071067811865475,0.7071067811865475,0.0,0.0,0.0,0.0,0.0,0.0,0.0,0.0,0.0,0.0,0.0,0.0,0.0,0.0,0.0,0.0,0.7071067811865475,0.7071067811865475,1.0,1.0,0.5773502691896258,0.0,0.0,1.0,1.0,0.0,0.0,0.7071067811865475,0.7071067811865475,0.0,0.0,0.0,0.0,0.0,0.0,0.7071067811865475,0.7071067811865475,0.0,0.0,0.0,0.0,0.0,1.0,1.0,0.0,0.0,0.0,0.0,0.0,0.0,0.7071067811865475,0.7071067811865475,0.0,0.0,0.4082482904638631,0.4082482904638631,0.0,0.0,0.0,0.0,0.0,0.4472135954999579,0.0,0.0,0.0,0.0,0.0,0.0,0.0,0.0,0.0,0.7071067811865475,0.7071067811865475,1.0,1.0,0.0,0.0,0.0,0.0,0.0,0.0,0.0,1.0,1.0,1.0,1.0,1.0,1.0,1.0,1.0,1.0,1.0,0.0,0.0,1.0,1.0,1.0,1.0,1.0,1.0,1.0,0.0,0.0,0.0,0.0,0.0,0.0,0.0,0.0,0.7071067811865475,0.7071067811865475,0.7071067811865475,0.7071067811865475,1.0,1.0,1.0,1.0,1.0,1.0,1.0,1.0,1.0,1.0,0.0,0.0,0.0,0.0,1.0,1.0,0.7071067811865475,0.7071067811865475,0.7071067811865475,0.7071067811865475,1.0,1.0,1.0,1.0,0.7071067811865475,0.7071067811865475,0.7071067811865475,0.7071067811865475,1.0,1.0,1.0,1.0,1.0,1.0,1.0,1.0,1.0,1.0,1.0,1.0,1.0,1.0,1.0,1.0,1.0,1.0,1.0,1.0,1.0,1.0,1.0,1.0,1.0,1.0,1.0,1.0,1.0,1.0,1.0,1.0,1.0,0.0,0.0,0.0,0.0,0.0,0.0,1.0,0.7071067811865475,0.7071067811865475,0.7071067811865475,0.7071067811865475,0.7071067811865475,1.0,1.0,1.0,1.0,1.0,1.0,1.0,1.0,1.0,1.0,1.0,1.0,1.0,1.0,1.0,1.0,1.0,0.0,0.0,0.0,0.0,0.0,0.0,0.0,0.0,0.0,0.0,0.0,0.0,0.0,0.4082482904638631,0.4082482904638631,1.0,1.0,1.0,0.4082482904638631,0.4082482904638631,1.0
DA09,0.7071067811865475,0.7071067811865475,0.0,0.0,1.0,0.0,0.0,0.0,1.0,0.7071067811865475,0.7071067811865475,0.0,0.0,0.7071067811865475,0.7071067811865475,1.0,1.0,0.0,0.0,0.0,0.4082482904638631,0.4082482904638631,0.0,0.0,0.0,0.0,0.0,0.0,0.0,0.0,0.0,0.0,1.0,1.0,0.0,0.0,1.0,1.0,1.0,1.0,0.0,0.0,0.7071067811865475,0.7071067811865475,1.0,1.0,1.0,1.0,1.0,1.0,0.0,0.0,0.0,0.0,0.0,0.0,0.0,0.0,0.0,0.0,0.0,0.0,0.0,0.0,0.0,0.0,0.7071067811865475,0.7071067811865475,0.7071067811865475,1.0,0.0,0.0,0.0,0.0,0.0,0.0,0.7071067811865475,0.7071067811865475,0.0,0.0,0.0,0.0,0.0,0.0,0.0,0.0,0.0,0.0,0.0,0.0,0.0,0.0,0.0,0.0,0.7071067811865475,0.7071067811865475,1.0,1.0,0.5773502691896258,0.0,0.0,1.0,1.0,0.0,0.0,0.7071067811865475,0.7071067811865475,0.0,0.0,0.0,0.0,0.0,0.0,0.7071067811865475,0.7071067811865475,0.0,0.0,0.0,0.0,0.0,1.0,1.0,0.0,0.0,0.0,0.0,0.0,0.0,0.7071067811865475,0.7071067811865475,0.0,0.0,0.4082482904638631,0.4082482904638631,0.0,0.0,0.0,0.0,0.0,0.4472135954999579,0.0,0.0,0.0,0.0,0.0,0.0,0.0,0.0,0.0,0.7071067811865475,0.7071067811865475,1.0,1.0,0.0,0.0,0.0,0.0,0.0,0.0,0.0,1.0,1.0,1.0,1.0,1.0,1.0,1.0,1.0,1.0,1.0,0.0,0.0,1.0,1.0,1.0,1.0,1.0,1.0,1.0,0.0,0.0,0.0,0.0,0.0,0.0,0.0,0.0,0.7071067811865475,0.7071067811865475,0.7071067811865475,0.7071067811865475,1.0,1.0,1.0,1.0,1.0,1.0,1.0,1.0,1.0,1.0,0.0,0.0,0.0,0.0,1.0,1.0,0.7071067811865475,0.7071067811865475,0.7071067811865475,0.7071067811865475,1.0,1.0,1.0,1.0,0.7071067811865475,0.7071067811865475,0.7071067811865475,0.7071067811865475,1.0,1.0,1.0,1.0,1.0,1.0,1.0,1.0,1.0,1.0,1.0,1.0,1.0,1.0,1.0,1.0,1.0,1.0,1.0,1.0,1.0,1.0,1.0,1.0,1.0,1.0,1.0,1.0,1.0,1.0,1.0,1.0,1.0,0.0,0.0,0.0,0.0,0.0,0.0,1.0,0.7071067811865475,0.7071067811865475,0.7071067811865475,0.7071067811865475,0.7071067811865475,1.0,1.0,1.0,1.0,1.0,1.0,1.0,1.0,1.0,1.0,1.0,1.0,1.0,1.0,1.0,1.0,1.0,0.0,0.0,0.0,0.0,0.0,0.0,0.0,0.0,0.0,0.0,0.0,0.0,0.0,0.4082482904638631,0.4082482904638631,1.0,1.0,1.0,0.4082482904638631,0.4082482904638631,1.0
PDA,0.7071067811865475,0.7071067811865475,0.0,0.0,1.0,0.0,0.0,0.0,1.0,0.7071067811865475,0.7071067811865475,0.0,0.0,0.7071067811865475,0.7071067811865475,1.0,1.0,0.0,0.0,0.0,0.4082482904638631,0.4082482904638631,0.0,0.0,0.0,0.0,0.0,0.0,0.0,0.0,0.0,0.0,1.0,1.0,0.0,0.0,1.0,1.0,1.0,1.0,0.0,0.0,0.7071067811865475,0.7071067811865475,1.0,1.0,1.0,1.0,1.0,1.0,0.0,0.0,0.0,0.0,0.0,0.0,0.0,0.0,0.0,0.0,0.0,0.0,0.0,0.0,0.0,0.0,0.7071067811865475,0.7071067811865475,0.7071067811865475,1.0,0.0,0.0,0.0,0.0,0.0,0.0,0.7071067811865475,0.7071067811865475,0.0,0.0,0.0,0.0,0.0,0.0,0.0,0.0,0.0,0.0,0.0,0.0,0.0,0.0,0.0,0.0,0.7071067811865475,0.7071067811865475,1.0,1.0,0.5773502691896258,0.0,0.0,1.0,1.0,0.0,0.0,0.7071067811865475,0.7071067811865475,0.0,0.0,0.0,0.0,0.0,0.0,0.7071067811865475,0.7071067811865475,0.0,0.0,0.0,0.0,0.0,1.0,1.0,0.0,0.0,0.0,0.0,0.0,0.0,0.7071067811865475,0.7071067811865475,0.0,0.0,0.4082482904638631,0.4082482904638631,0.0,0.0,0.0,0.0,0.0,0.4472135954999579,0.0,0.0,0.0,0.0,0.0,0.0,0.0,0.0,0.0,0.7071067811865475,0.7071067811865475,1.0,1.0,0.0,0.0,0.0,0.0,0.0,0.0,0.0,1.0,1.0,1.0,1.0,1.0,1.0,1.0,1.0,1.0,1.0,0.0,0.0,1.0,1.0,1.0,1.0,1.0,1.0,1.0,0.0,0.0,0.0,0.0,0.0,0.0,0.0,0.0,0.7071067811865475,0.7071067811865475,0.7071067811865475,0.7071067811865475,1.0,1.0,1.0,1.0,1.0,1.0,1.0,1.0,1.0,1.0,0.0,0.0,0.0,0.0,1.0,1.0,0.7071067811865475,0.7071067811865475,0.7071067811865475,0.7071067811865475,1.0,1.0,1.0,1.0,0.7071067811865475,0.7071067811865475,0.7071067811865475,0.7071067811865475,1.0,1.0,1.0,1.0,1.0,1.0,1.0,1.0,1.0,1.0,1.0,1.0,1.0,1.0,1.0,1.0,1.0,1.0,1.0,1.0,1.0,1.0,1.0,1.0,1.0,1.0,1.0,1.0,1.0,1.0,1.0,1.0,1.0,0.0,0.0,0.0,0.0,0.0,0.0,1.0,0.7071067811865475,0.7071067811865475,0.7071067811865475,0.7071067811865475,0.7071067811865475,1.0,1.0,1.0,1.0,1.0,1.0,1.0,1.0,1.0,1.0,1.0,1.0,1.0,1.0,1.0,1.0,1.0,0.0,0.0,0.0,0.0,0.0,0.0,0.0,0.0,0.0,0.0,0.0,0.0,0.0,0.4082482904638631,0.4082482904638631,1.0,1.0,1.0,0.4082482904638631,0.4082482904638631,1.0
DB01,0.7071067811865475,0.7071067811865475,0.0,0.0,1.0,0.0,0.0,0.0,1.0,0.7071067811865475,0.7071067811865475,0.0,0.0,0.7071067811865475,0.7071067811865475,1.0,1.0,0.0,0.0,0.0,0.4082482904638631,0.4082482904638631,0.0,0.0,0.0,0.0,0.0,0.0,0.0,0.0,0.0,0.0,1.0,1.0,0.0,0.0,1.0,1.0,1.0,1.0,0.0,0.0,0.7071067811865475,0.7071067811865475,1.0,1.0,1.0,1.0,1.0,1.0,0.0,0.0,0.0,0.0,0.0,0.0,0.0,0.0,0.0,0.0,0.0,0.0,0.0,0.0,0.0,0.0,0.7071067811865475,0.7071067811865475,0.7071067811865475,1.0,0.0,0.0,0.0,0.0,0.0,0.0,0.7071067811865475,0.7071067811865475,0.0,0.0,0.0,0.0,0.0,0.0,0.0,0.0,0.0,0.0,0.0,0.0,0.0,0.0,0.0,0.0,0.7071067811865475,0.7071067811865475,1.0,1.0,0.5773502691896258,0.0,0.0,1.0,1.0,0.0,0.0,0.7071067811865475,0.7071067811865475,0.0,0.0,0.0,0.0,0.0,0.0,0.7071067811865475,0.7071067811865475,0.0,0.0,0.0,0.0,0.0,1.0,1.0,0.0,0.0,0.0,0.0,0.0,0.0,0.7071067811865475,0.7071067811865475,0.0,0.0,0.4082482904638631,0.4082482904638631,0.0,0.0,0.0,0.0,0.0,0.4472135954999579,0.0,0.0,0.0,0.0,0.0,0.0,0.0,0.0,0.0,0.7071067811865475,0.7071067811865475,1.0,1.0,0.0,0.0,0.0,0.0,0.0,0.0,0.0,1.0,1.0,1.0,1.0,1.0,1.0,1.0,1.0,1.0,1.0,0.0,0.0,1.0,1.0,1.0,1.0,1.0,1.0,1.0,0.0,0.0,0.0,0.0,0.0,0.0,0.0,0.0,0.7071067811865475,0.7071067811865475,0.7071067811865475,0.7071067811865475,1.0,1.0,1.0,1.0,1.0,1.0,1.0,1.0,1.0,1.0,0.0,0.0,0.0,0.0,1.0,1.0,0.7071067811865475,0.7071067811865475,0.7071067811865475,0.7071067811865475,1.0,1.0,1.0,1.0,0.7071067811865475,0.7071067811865475,0.7071067811865475,0.7071067811865475,1.0,1.0,1.0,1.0,1.0,1.0,1.0,1.0,1.0,1.0,1.0,1.0,1.0,1.0,1.0,1.0,1.0,1.0,1.0,1.0,1.0,1.0,1.0,1.0,1.0,1.0,1.0,1.0,1.0,1.0,1.0,1.0,1.0,0.0,0.0,0.0,0.0,0.0,0.0,1.0,0.7071067811865475,0.7071067811865475,0.7071067811865475,0.7071067811865475,0.7071067811865475,1.0,1.0,1.0,1.0,1.0,1.0,1.0,1.0,1.0,1.0,1.0,1.0,1.0,1.0,1.0,1.0,1.0,0.0,0.0,0.0,0.0,0.0,0.0,0.0,0.0,0.0,0.0,0.0,0.0,0.0,0.4082482904638631,0.4082482904638631,1.0,1.0,1.0,0.4082482904638631,0.4082482904638631,1.0
DB02,0.7071067811865475,0.7071067811865475,0.0,0.0,1.0,0.0,0.0,0.0,1.0,0.7071067811865475,0.7071067811865475,0.0,0.0,0.7071067811865475,0.7071067811865475,1.0,1.0,0.0,0.0,0.0,0.4082482904638631,0.4082482904638631,0.0,0.0,0.0,0.0,0.0,0.0,0.0,0.0,0.0,0.0,1.0,1.0,0.0,0.0,1.0,1.0,1.0,1.0,0.0,0.0,0.7071067811865475,0.7071067811865475,1.0,1.0,1.0,1.0,1.0,1.0,0.0,0.0,0.0,0.0,0.0,0.0,0.0,0.0,0.0,0.0,0.0,0.0,0.0,0.0,0.0,0.0,0.7071067811865475,0.7071067811865475,0.7071067811865475,1.0,0.0,0.0,0.0,0.0,0.0,0.0,0.7071067811865475,0.7071067811865475,0.0,0.0,0.0,0.0,0.0,0.0,0.0,0.0,0.0,0.0,0.0,0.0,0.0,0.0,0.0,0.0,0.7071067811865475,0.7071067811865475,1.0,1.0,0.5773502691896258,0.0,0.0,1.0,1.0,0.0,0.0,0.7071067811865475,0.7071067811865475,0.0,0.0,0.0,0.0,0.0,0.0,0.7071067811865475,0.7071067811865475,0.0,0.0,0.0,0.0,0.0,1.0,1.0,0.0,0.0,0.0,0.0,0.0,0.0,0.7071067811865475,0.7071067811865475,0.0,0.0,0.4082482904638631,0.4082482904638631,0.0,0.0,0.0,0.0,0.0,0.4472135954999579,0.0,0.0,0.0,0.0,0.0,0.0,0.0,0.0,0.0,0.7071067811865475,0.7071067811865475,1.0,1.0,0.0,0.0,0.0,0.0,0.0,0.0,0.0,1.0,1.0,1.0,1.0,1.0,1.0,1.0,1.0,1.0,1.0,0.0,0.0,1.0,1.0,1.0,1.0,1.0,1.0,1.0,0.0,0.0,0.0,0.0,0.0,0.0,0.0,0.0,0.7071067811865475,0.7071067811865475,0.7071067811865475,0.7071067811865475,1.0,1.0,1.0,1.0,1.0,1.0,1.0,1.0,1.0,1.0,0.0,0.0,0.0,0.0,1.0,1.0,0.7071067811865475,0.7071067811865475,0.7071067811865475,0.7071067811865475,1.0,1.0,1.0,1.0,0.7071067811865475,0.7071067811865475,0.7071067811865475,0.7071067811865475,1.0,1.0,1.0,1.0,1.0,1.0,1.0,1.0,1.0,1.0,1.0,1.0,1.0,1.0,1.0,1.0,1.0,1.0,1.0,1.0,1.0,1.0,1.0,1.0,1.0,1.0,1.0,1.0,1.0,1.0,1.0,1.0,1.0,0.0,0.0,0.0,0.0,0.0,0.0,1.0,0.7071067811865475,0.7071067811865475,0.7071067811865475,0.7071067811865475,0.7071067811865475,1.0,1.0,1.0,1.0,1.0,1.0,1.0,1.0,1.0,1.0,1.0,1.0,1.0,1.0,1.0,1.0,1.0,0.0,0.0,0.0,0.0,0.0,0.0,0.0,0.0,0.0,0.0,0.0,0.0,0.0,0.4082482904638631,0.4082482904638631,1.0,1.0,1.0,0.4082482904638631,0.4082482904638631,1.0
DB03,0.7071067811865475,0.7071067811865475,0.0,0.0,1.0,0.0,0.0,0.0,1.0,0.7071067811865475,0.7071067811865475,0.0,0.0,0.7071067811865475,0.7071067811865475,1.0,1.0,0.0,0.0,0.0,0.4082482904638631,0.4082482904638631,0.0,0.0,0.0,0.0,0.0,0.0,0.0,0.0,0.0,0.0,1.0,1.0,0.0,0.0,1.0,1.0,1.0,1.0,0.0,0.0,0.7071067811865475,0.7071067811865475,1.0,1.0,1.0,1.0,1.0,1.0,0.0,0.0,0.0,0.0,0.0,0.0,0.0,0.0,0.0,0.0,0.0,0.0,0.0,0.0,0.0,0.0,0.7071067811865475,0.7071067811865475,0.7071067811865475,1.0,0.0,0.0,0.0,0.0,0.0,0.0,0.7071067811865475,0.7071067811865475,0.0,0.0,0.0,0.0,0.0,0.0,0.0,0.0,0.0,0.0,0.0,0.0,0.0,0.0,0.0,0.0,0.7071067811865475,0.7071067811865475,1.0,1.0,0.5773502691896258,0.0,0.0,1.0,1.0,0.0,0.0,0.7071067811865475,0.7071067811865475,0.0,0.0,0.0,0.0,0.0,0.0,0.7071067811865475,0.7071067811865475,0.0,0.0,0.0,0.0,0.0,1.0,1.0,0.0,0.0,0.0,0.0,0.0,0.0,0.7071067811865475,0.7071067811865475,0.0,0.0,0.4082482904638631,0.4082482904638631,0.0,0.0,0.0,0.0,0.0,0.4472135954999579,0.0,0.0,0.0,0.0,0.0,0.0,0.0,0.0,0.0,0.7071067811865475,0.7071067811865475,1.0,1.0,0.0,0.0,0.0,0.0,0.0,0.0,0.0,1.0,1.0,1.0,1.0,1.0,1.0,1.0,1.0,1.0,1.0,0.0,0.0,1.0,1.0,1.0,1.0,1.0,1.0,1.0,0.0,0.0,0.0,0.0,0.0,0.0,0.0,0.0,0.7071067811865475,0.7071067811865475,0.7071067811865475,0.7071067811865475,1.0,1.0,1.0,1.0,1.0,1.0,1.0,1.0,1.0,1.0,0.0,0.0,0.0,0.0,1.0,1.0,0.7071067811865475,0.7071067811865475,0.7071067811865475,0.7071067811865475,1.0,1.0,1.0,1.0,0.7071067811865475,0.7071067811865475,0.7071067811865475,0.7071067811865475,1.0,1.0,1.0,1.0,1.0,1.0,1.0,1.0,1.0,1.0,1.0,1.0,1.0,1.0,1.0,1.0,1.0,1.0,1.0,1.0,1.0,1.0,1.0,1.0,1.0,1.0,1.0,1.0,1.0,1.0,1.0,1.0,1.0,0.0,0.0,0.0,0.0,0.0,0.0,1.0,0.7071067811865475,0.7071067811865475,0.7071067811865475,0.7071067811865475,0.7071067811865475,1.0,1.0,1.0,1.0,1.0,1.0,1.0,1.0,1.0,1.0,1.0,1.0,1.0,1.0,1.0,1.0,1.0,0.0,0.0,0.0,0.0,0.0,0.0,0.0,0.0,0.0,0.0,0.0,0.0,0.0,0.4082482904638631,0.4082482904638631,1.0,1.0,1.0,0.4082482904638631,0.4082482904638631,1.0
DB04,0.7071067811865475,0.7071067811865475,0.0,0.0,1.0,0.0,0.0,0.0,1.0,0.7071067811865475,0.7071067811865475,0.0,0.0,0.7071067811865475,0.7071067811865475,1.0,1.0,0.0,0.0,0.0,0.4082482904638631,0.4082482904638631,0.0,0.0,0.0,0.0,0.0,0.0,0.0,0.0,0.0,0.0,1.0,1.0,0.0,0.0,1.0,1.0,1.0,1.0,0.0,0.0,0.7071067811865475,0.7071067811865475,1.0,1.0,1.0,1.0,1.0,1.0,0.0,0.0,0.0,0.0,0.0,0.0,0.0,0.0,0.0,0.0,0.0,0.0,0.0,0.0,0.0,0.0,0.7071067811865475,0.7071067811865475,0.7071067811865475,1.0,0.0,0.0,0.0,0.0,0.0,0.0,0.7071067811865475,0.7071067811865475,0.0,0.0,0.0,0.0,0.0,0.0,0.0,0.0,0.0,0.0,0.0,0.0,0.0,0.0,0.0,0.0,0.7071067811865475,0.7071067811865475,1.0,1.0,0.5773502691896258,0.0,0.0,1.0,1.0,0.0,0.0,0.7071067811865475,0.7071067811865475,0.0,0.0,0.0,0.0,0.0,0.0,0.7071067811865475,0.7071067811865475,0.0,0.0,0.0,0.0,0.0,1.0,1.0,0.0,0.0,0.0,0.0,0.0,0.0,0.7071067811865475,0.7071067811865475,0.0,0.0,0.4082482904638631,0.4082482904638631,0.0,0.0,0.0,0.0,0.0,0.4472135954999579,0.0,0.0,0.0,0.0,0.0,0.0,0.0,0.0,0.0,0.7071067811865475,0.7071067811865475,1.0,1.0,0.0,0.0,0.0,0.0,0.0,0.0,0.0,1.0,1.0,1.0,1.0,1.0,1.0,1.0,1.0,1.0,1.0,0.0,0.0,1.0,1.0,1.0,1.0,1.0,1.0,1.0,0.0,0.0,0.0,0.0,0.0,0.0,0.0,0.0,0.7071067811865475,0.7071067811865475,0.7071067811865475,0.7071067811865475,1.0,1.0,1.0,1.0,1.0,1.0,1.0,1.0,1.0,1.0,0.0,0.0,0.0,0.0,1.0,1.0,0.7071067811865475,0.7071067811865475,0.7071067811865475,0.7071067811865475,1.0,1.0,1.0,1.0,0.7071067811865475,0.7071067811865475,0.7071067811865475,0.7071067811865475,1.0,1.0,1.0,1.0,1.0,1.0,1.0,1.0,1.0,1.0,1.0,1.0,1.0,1.0,1.0,1.0,1.0,1.0,1.0,1.0,1.0,1.0,1.0,1.0,1.0,1.0,1.0,1.0,1.0,1.0,1.0,1.0,1.0,0.0,0.0,0.0,0.0,0.0,0.0,1.0,0.7071067811865475,0.7071067811865475,0.7071067811865475,0.7071067811865475,0.7071067811865475,1.0,1.0,1.0,1.0,1.0,1.0,1.0,1.0,1.0,1.0,1.0,1.0,1.0,1.0,1.0,1.0,1.0,0.0,0.0,0.0,0.0,0.0,0.0,0.0,0.0,0.0,0.0,0.0,0.0,0.0,0.4082482904638631,0.4082482904638631,1.0,1.0,1.0,0.4082482904638631,0.4082482904638631,1.0
DB05,0.7071067811865475,0.7071067811865475,0.0,0.0,1.0,0.0,0.0,0.0,1.0,0.7071067811865475,0.7071067811865475,0.0,0.0,0.7071067811865475,0.7071067811865475,1.0,1.0,0.0,0.0,0.0,0.4082482904638631,0.4082482904638631,0.0,0.0,0.0,0.0,0.0,0.0,0.0,0.0,0.0,0.0,1.0,1.0,0.0,0.0,1.0,1.0,1.0,1.0,0.0,0.0,0.7071067811865475,0.7071067811865475,1.0,1.0,1.0,1.0,1.0,1.0,0.0,0.0,0.0,0.0,0.0,0.0,0.0,0.0,0.0,0.0,0.0,0.0,0.0,0.0,0.0,0.0,0.7071067811865475,0.7071067811865475,0.7071067811865475,1.0,0.0,0.0,0.0,0.0,0.0,0.0,0.7071067811865475,0.7071067811865475,0.0,0.0,0.0,0.0,0.0,0.0,0.0,0.0,0.0,0.0,0.0,0.0,0.0,0.0,0.0,0.0,0.7071067811865475,0.7071067811865475,1.0,1.0,0.5773502691896258,0.0,0.0,1.0,1.0,0.0,0.0,0.7071067811865475,0.7071067811865475,0.0,0.0,0.0,0.0,0.0,0.0,0.7071067811865475,0.7071067811865475,0.0,0.0,0.0,0.0,0.0,1.0,1.0,0.0,0.0,0.0,0.0,0.0,0.0,0.7071067811865475,0.7071067811865475,0.0,0.0,0.4082482904638631,0.4082482904638631,0.0,0.0,0.0,0.0,0.0,0.4472135954999579,0.0,0.0,0.0,0.0,0.0,0.0,0.0,0.0,0.0,0.7071067811865475,0.7071067811865475,1.0,1.0,0.0,0.0,0.0,0.0,0.0,0.0,0.0,1.0,1.0,1.0,1.0,1.0,1.0,1.0,1.0,1.0,1.0,0.0,0.0,1.0,1.0,1.0,1.0,1.0,1.0,1.0,0.0,0.0,0.0,0.0,0.0,0.0,0.0,0.0,0.7071067811865475,0.7071067811865475,0.7071067811865475,0.7071067811865475,1.0,1.0,1.0,1.0,1.0,1.0,1.0,1.0,1.0,1.0,0.0,0.0,0.0,0.0,1.0,1.0,0.7071067811865475,0.7071067811865475,0.7071067811865475,0.7071067811865475,1.0,1.0,1.0,1.0,0.7071067811865475,0.7071067811865475,0.7071067811865475,0.7071067811865475,1.0,1.0,1.0,1.0,1.0,1.0,1.0,1.0,1.0,1.0,1.0,1.0,1.0,1.0,1.0,1.0,1.0,1.0,1.0,1.0,1.0,1.0,1.0,1.0,1.0,1.0,1.0,1.0,1.0,1.0,1.0,1.0,1.0,0.0,0.0,0.0,0.0,0.0,0.0,1.0,0.7071067811865475,0.7071067811865475,0.7071067811865475,0.7071067811865475,0.7071067811865475,1.0,1.0,1.0,1.0,1.0,1.0,1.0,1.0,1.0,1.0,1.0,1.0,1.0,1.0,1.0,1.0,1.0,0.0,0.0,0.0,0.0,0.0,0.0,0.0,0.0,0.0,0.0,0.0,0.0,0.0,0.4082482904638631,0.4082482904638631,1.0,1.0,1.0,0.4082482904638631,0.4082482904638631,1.0
DB06,0.7071067811865475,0.7071067811865475,0.0,0.0,1.0,0.0,0.0,0.0,1.0,0.7071067811865475,0.7071067811865475,0.0,0.0,0.7071067811865475,0.7071067811865475,1.0,1.0,0.0,0.0,0.0,0.4082482904638631,0.4082482904638631,0.0,0.0,0.0,0.0,0.0,0.0,0.0,0.0,0.0,0.0,1.0,1.0,0.0,0.0,1.0,1.0,1.0,1.0,0.0,0.0,0.7071067811865475,0.7071067811865475,1.0,1.0,1.0,1.0,1.0,1.0,0.0,0.0,0.0,0.0,0.0,0.0,0.0,0.0,0.0,0.0,0.0,0.0,0.0,0.0,0.0,0.0,0.7071067811865475,0.7071067811865475,0.7071067811865475,1.0,0.0,0.0,0.0,0.0,0.0,0.0,0.7071067811865475,0.7071067811865475,0.0,0.0,0.0,0.0,0.0,0.0,0.0,0.0,0.0,0.0,0.0,0.0,0.0,0.0,0.0,0.0,0.7071067811865475,0.7071067811865475,1.0,1.0,0.5773502691896258,0.0,0.0,1.0,1.0,0.0,0.0,0.7071067811865475,0.7071067811865475,0.0,0.0,0.0,0.0,0.0,0.0,0.7071067811865475,0.7071067811865475,0.0,0.0,0.0,0.0,0.0,1.0,1.0,0.0,0.0,0.0,0.0,0.0,0.0,0.7071067811865475,0.7071067811865475,0.0,0.0,0.4082482904638631,0.4082482904638631,0.0,0.0,0.0,0.0,0.0,0.4472135954999579,0.0,0.0,0.0,0.0,0.0,0.0,0.0,0.0,0.0,0.7071067811865475,0.7071067811865475,1.0,1.0,0.0,0.0,0.0,0.0,0.0,0.0,0.0,1.0,1.0,1.0,1.0,1.0,1.0,1.0,1.0,1.0,1.0,0.0,0.0,1.0,1.0,1.0,1.0,1.0,1.0,1.0,0.0,0.0,0.0,0.0,0.0,0.0,0.0,0.0,0.7071067811865475,0.7071067811865475,0.7071067811865475,0.7071067811865475,1.0,1.0,1.0,1.0,1.0,1.0,1.0,1.0,1.0,1.0,0.0,0.0,0.0,0.0,1.0,1.0,0.7071067811865475,0.7071067811865475,0.7071067811865475,0.7071067811865475,1.0,1.0,1.0,1.0,0.7071067811865475,0.7071067811865475,0.7071067811865475,0.7071067811865475,1.0,1.0,1.0,1.0,1.0,1.0,1.0,1.0,1.0,1.0,1.0,1.0,1.0,1.0,1.0,1.0,1.0,1.0,1.0,1.0,1.0,1.0,1.0,1.0,1.0,1.0,1.0,1.0,1.0,1.0,1.0,1.0,1.0,0.0,0.0,0.0,0.0,0.0,0.0,1.0,0.7071067811865475,0.7071067811865475,0.7071067811865475,0.7071067811865475,0.7071067811865475,1.0,1.0,1.0,1.0,1.0,1.0,1.0,1.0,1.0,1.0,1.0,1.0,1.0,1.0,1.0,1.0,1.0,0.0,0.0,0.0,0.0,0.0,0.0,0.0,0.0,0.0,0.0,0.0,0.0,0.0,0.4082482904638631,0.4082482904638631,1.0,1.0,1.0,0.4082482904638631,0.4082482904638631,1.0
DB07,0.7071067811865475,0.7071067811865475,0.0,0.0,1.0,0.0,0.0,0.0,1.0,0.7071067811865475,0.7071067811865475,0.0,0.0,0.7071067811865475,0.7071067811865475,1.0,1.0,0.0,0.0,0.0,0.4082482904638631,0.4082482904638631,0.0,0.0,0.0,0.0,0.0,0.0,0.0,0.0,0.0,0.0,1.0,1.0,0.0,0.0,1.0,1.0,1.0,1.0,0.0,0.0,0.7071067811865475,0.7071067811865475,1.0,1.0,1.0,1.0,1.0,1.0,0.0,0.0,0.0,0.0,0.0,0.0,0.0,0.0,0.0,0.0,0.0,0.0,0.0,0.0,0.0,0.0,0.7071067811865475,0.7071067811865475,0.7071067811865475,1.0,0.0,0.0,0.0,0.0,0.0,0.0,0.7071067811865475,0.7071067811865475,0.0,0.0,0.0,0.0,0.0,0.0,0.0,0.0,0.0,0.0,0.0,0.0,0.0,0.0,0.0,0.0,0.7071067811865475,0.7071067811865475,1.0,1.0,0.5773502691896258,0.0,0.0,1.0,1.0,0.0,0.0,0.7071067811865475,0.7071067811865475,0.0,0.0,0.0,0.0,0.0,0.0,0.7071067811865475,0.7071067811865475,0.0,0.0,0.0,0.0,0.0,1.0,1.0,0.0,0.0,0.0,0.0,0.0,0.0,0.7071067811865475,0.7071067811865475,0.0,0.0,0.4082482904638631,0.4082482904638631,0.0,0.0,0.0,0.0,0.0,0.4472135954999579,0.0,0.0,0.0,0.0,0.0,0.0,0.0,0.0,0.0,0.7071067811865475,0.7071067811865475,1.0,1.0,0.0,0.0,0.0,0.0,0.0,0.0,0.0,1.0,1.0,1.0,1.0,1.0,1.0,1.0,1.0,1.0,1.0,0.0,0.0,1.0,1.0,1.0,1.0,1.0,1.0,1.0,0.0,0.0,0.0,0.0,0.0,0.0,0.0,0.0,0.7071067811865475,0.7071067811865475,0.7071067811865475,0.7071067811865475,1.0,1.0,1.0,1.0,1.0,1.0,1.0,1.0,1.0,1.0,0.0,0.0,0.0,0.0,1.0,1.0,0.7071067811865475,0.7071067811865475,0.7071067811865475,0.7071067811865475,1.0,1.0,1.0,1.0,0.7071067811865475,0.7071067811865475,0.7071067811865475,0.7071067811865475,1.0,1.0,1.0,1.0,1.0,1.0,1.0,1.0,1.0,1.0,1.0,1.0,1.0,1.0,1.0,1.0,1.0,1.0,1.0,1.0,1.0,1.0,1.0,1.0,1.0,1.0,1.0,1.0,1.0,1.0,1.0,1.0,1.0,0.0,0.0,0.0,0.0,0.0,0.0,1.0,0.7071067811865475,0.7071067811865475,0.7071067811865475,0.7071067811865475,0.7071067811865475,1.0,1.0,1.0,1.0,1.0,1.0,1.0,1.0,1.0,1.0,1.0,1.0,1.0,1.0,1.0,1.0,1.0,0.0,0.0,0.0,0.0,0.0,0.0,0.0,0.0,0.0,0.0,0.0,0.0,0.0,0.4082482904638631,0.4082482904638631,1.0,1.0,1.0,0.4082482904638631,0.4082482904638631,1.0
AS01,0.7071067811865475,0.7071067811865475,0.0,0.0,1.0,0.0,0.0,0.0,1.0,0.7071067811865475,0.7071067811865475,0.0,0.0,0.7071067811865475,0.7071067811865475,1.0,1.0,0.0,0.0,0.0,0.4082482904638631,0.4082482904638631,0.0,0.0,0.0,0.0,0.0,0.0,0.0,0.0,0.0,0.0,1.0,1.0,0.0,0.0,1.0,1.0,1.0,1.0,0.0,0.0,0.7071067811865475,0.7071067811865475,1.0,1.0,1.0,1.0,1.0,1.0,0.0,0.0,0.0,0.0,0.0,0.0,0.0,0.0,0.0,0.0,0.0,0.0,0.0,0.0,0.0,0.0,0.7071067811865475,0.7071067811865475,0.7071067811865475,1.0,0.0,0.0,0.0,0.0,0.0,0.0,0.7071067811865475,0.7071067811865475,0.0,0.0,0.0,0.0,0.0,0.0,0.0,0.0,0.0,0.0,0.0,0.0,0.0,0.0,0.0,0.0,0.7071067811865475,0.7071067811865475,1.0,1.0,0.5773502691896258,0.0,0.0,1.0,1.0,0.0,0.0,0.7071067811865475,0.7071067811865475,0.0,0.0,0.0,0.0,0.0,0.0,0.7071067811865475,0.7071067811865475,0.0,0.0,0.0,0.0,0.0,1.0,1.0,0.0,0.0,0.0,0.0,0.0,0.0,0.7071067811865475,0.7071067811865475,0.0,0.0,0.4082482904638631,0.4082482904638631,0.0,0.0,0.0,0.0,0.0,0.4472135954999579,0.0,0.0,0.0,0.0,0.0,0.0,0.0,0.0,0.0,0.7071067811865475,0.7071067811865475,1.0,1.0,0.0,0.0,0.0,0.0,0.0,0.0,0.0,1.0,1.0,1.0,1.0,1.0,1.0,1.0,1.0,1.0,1.0,0.0,0.0,1.0,1.0,1.0,1.0,1.0,1.0,1.0,0.0,0.0,0.0,0.0,0.0,0.0,0.0,0.0,0.7071067811865475,0.7071067811865475,0.7071067811865475,0.7071067811865475,1.0,1.0,1.0,1.0,1.0,1.0,1.0,1.0,1.0,1.0,0.0,0.0,0.0,0.0,1.0,1.0,0.7071067811865475,0.7071067811865475,0.7071067811865475,0.7071067811865475,1.0,1.0,1.0,1.0,0.7071067811865475,0.7071067811865475,0.7071067811865475,0.7071067811865475,1.0,1.0,1.0,1.0,1.0,1.0,1.0,1.0,1.0,1.0,1.0,1.0,1.0,1.0,1.0,1.0,1.0,1.0,1.0,1.0,1.0,1.0,1.0,1.0,1.0,1.0,1.0,1.0,1.0,1.0,1.0,1.0,1.0,0.0,0.0,0.0,0.0,0.0,0.0,1.0,0.7071067811865475,0.7071067811865475,0.7071067811865475,0.7071067811865475,0.7071067811865475,1.0,1.0,1.0,1.0,1.0,1.0,1.0,1.0,1.0,1.0,1.0,1.0,1.0,1.0,1.0,1.0,1.0,0.0,0.0,0.0,0.0,0.0,0.0,0.0,0.0,0.0,0.0,0.0,0.0,0.0,0.4082482904638631,0.4082482904638631,1.0,1.0,1.0,0.4082482904638631,0.4082482904638631,1.0
AS02,0.7071067811865475,0.7071067811865475,0.0,0.0,1.0,0.0,0.0,0.0,1.0,0.7071067811865475,0.7071067811865475,0.0,0.0,0.7071067811865475,0.7071067811865475,1.0,1.0,0.0,0.0,0.0,0.4082482904638631,0.4082482904638631,0.0,0.0,0.0,0.0,0.0,0.0,0.0,0.0,0.0,0.0,1.0,1.0,0.0,0.0,1.0,1.0,1.0,1.0,0.0,0.0,0.7071067811865475,0.7071067811865475,1.0,1.0,1.0,1.0,1.0,1.0,0.0,0.0,0.0,0.0,0.0,0.0,0.0,0.0,0.0,0.0,0.0,0.0,0.0,0.0,0.0,0.0,0.7071067811865475,0.7071067811865475,0.7071067811865475,1.0,0.0,0.0,0.0,0.0,0.0,0.0,0.7071067811865475,0.7071067811865475,0.0,0.0,0.0,0.0,0.0,0.0,0.0,0.0,0.0,0.0,0.0,0.0,0.0,0.0,0.0,0.0,0.7071067811865475,0.7071067811865475,1.0,1.0,0.5773502691896258,0.0,0.0,1.0,1.0,0.0,0.0,0.7071067811865475,0.7071067811865475,0.0,0.0,0.0,0.0,0.0,0.0,0.7071067811865475,0.7071067811865475,0.0,0.0,0.0,0.0,0.0,1.0,1.0,0.0,0.0,0.0,0.0,0.0,0.0,0.7071067811865475,0.7071067811865475,0.0,0.0,0.4082482904638631,0.4082482904638631,0.0,0.0,0.0,0.0,0.0,0.4472135954999579,0.0,0.0,0.0,0.0,0.0,0.0,0.0,0.0,0.0,0.7071067811865475,0.7071067811865475,1.0,1.0,0.0,0.0,0.0,0.0,0.0,0.0,0.0,1.0,1.0,1.0,1.0,1.0,1.0,1.0,1.0,1.0,1.0,0.0,0.0,1.0,1.0,1.0,1.0,1.0,1.0,1.0,0.0,0.0,0.0,0.0,0.0,0.0,0.0,0.0,0.7071067811865475,0.7071067811865475,0.7071067811865475,0.7071067811865475,1.0,1.0,1.0,1.0,1.0,1.0,1.0,1.0,1.0,1.0,0.0,0.0,0.0,0.0,1.0,1.0,0.7071067811865475,0.7071067811865475,0.7071067811865475,0.7071067811865475,1.0,1.0,1.0,1.0,0.7071067811865475,0.7071067811865475,0.7071067811865475,0.7071067811865475,1.0,1.0,1.0,1.0,1.0,1.0,1.0,1.0,1.0,1.0,1.0,1.0,1.0,1.0,1.0,1.0,1.0,1.0,1.0,1.0,1.0,1.0,1.0,1.0,1.0,1.0,1.0,1.0,1.0,1.0,1.0,1.0,1.0,0.0,0.0,0.0,0.0,0.0,0.0,1.0,0.7071067811865475,0.7071067811865475,0.7071067811865475,0.7071067811865475,0.7071067811865475,1.0,1.0,1.0,1.0,1.0,1.0,1.0,1.0,1.0,1.0,1.0,1.0,1.0,1.0,1.0,1.0,1.0,0.0,0.0,0.0,0.0,0.0,0.0,0.0,0.0,0.0,0.0,0.0,0.0,0.0,0.4082482904638631,0.4082482904638631,1.0,1.0,1.0,0.4082482904638631,0.4082482904638631,1.0
AS03,0.7071067811865475,0.7071067811865475,0.0,0.0,1.0,0.0,0.0,0.0,1.0,0.7071067811865475,0.7071067811865475,0.0,0.0,0.7071067811865475,0.7071067811865475,1.0,1.0,0.0,0.0,0.0,0.4082482904638631,0.4082482904638631,0.0,0.0,0.0,0.0,0.0,0.0,0.0,0.0,0.0,0.0,1.0,1.0,0.0,0.0,1.0,1.0,1.0,1.0,0.0,0.0,0.7071067811865475,0.7071067811865475,1.0,1.0,1.0,1.0,1.0,1.0,0.0,0.0,0.0,0.0,0.0,0.0,0.0,0.0,0.0,0.0,0.0,0.0,0.0,0.0,0.0,0.0,0.7071067811865475,0.7071067811865475,0.7071067811865475,1.0,0.0,0.0,0.0,0.0,0.0,0.0,0.7071067811865475,0.7071067811865475,0.0,0.0,0.0,0.0,0.0,0.0,0.0,0.0,0.0,0.0,0.0,0.0,0.0,0.0,0.0,0.0,0.7071067811865475,0.7071067811865475,1.0,1.0,0.5773502691896258,0.0,0.0,1.0,1.0,0.0,0.0,0.7071067811865475,0.7071067811865475,0.0,0.0,0.0,0.0,0.0,0.0,0.7071067811865475,0.7071067811865475,0.0,0.0,0.0,0.0,0.0,1.0,1.0,0.0,0.0,0.0,0.0,0.0,0.0,0.7071067811865475,0.7071067811865475,0.0,0.0,0.4082482904638631,0.4082482904638631,0.0,0.0,0.0,0.0,0.0,0.4472135954999579,0.0,0.0,0.0,0.0,0.0,0.0,0.0,0.0,0.0,0.7071067811865475,0.7071067811865475,1.0,1.0,0.0,0.0,0.0,0.0,0.0,0.0,0.0,1.0,1.0,1.0,1.0,1.0,1.0,1.0,1.0,1.0,1.0,0.0,0.0,1.0,1.0,1.0,1.0,1.0,1.0,1.0,0.0,0.0,0.0,0.0,0.0,0.0,0.0,0.0,0.7071067811865475,0.7071067811865475,0.7071067811865475,0.7071067811865475,1.0,1.0,1.0,1.0,1.0,1.0,1.0,1.0,1.0,1.0,0.0,0.0,0.0,0.0,1.0,1.0,0.7071067811865475,0.7071067811865475,0.7071067811865475,0.7071067811865475,1.0,1.0,1.0,1.0,0.7071067811865475,0.7071067811865475,0.7071067811865475,0.7071067811865475,1.0,1.0,1.0,1.0,1.0,1.0,1.0,1.0,1.0,1.0,1.0,1.0,1.0,1.0,1.0,1.0,1.0,1.0,1.0,1.0,1.0,1.0,1.0,1.0,1.0,1.0,1.0,1.0,1.0,1.0,1.0,1.0,1.0,0.0,0.0,0.0,0.0,0.0,0.0,1.0,0.7071067811865475,0.7071067811865475,0.7071067811865475,0.7071067811865475,0.7071067811865475,1.0,1.0,1.0,1.0,1.0,1.0,1.0,1.0,1.0,1.0,1.0,1.0,1.0,1.0,1.0,1.0,1.0,0.0,0.0,0.0,0.0,0.0,0.0,0.0,0.0,0.0,0.0,0.0,0.0,0.0,0.4082482904638631,0.4082482904638631,1.0,1.0,1.0,0.4082482904638631,0.4082482904638631,1.0
AS04,0.7071067811865475,0.7071067811865475,0.0,0.0,1.0,0.0,0.0,0.0,1.0,0.7071067811865475,0.7071067811865475,0.0,0.0,0.7071067811865475,0.7071067811865475,1.0,1.0,0.0,0.0,0.0,0.4082482904638631,0.4082482904638631,0.0,0.0,0.0,0.0,0.0,0.0,0.0,0.0,0.0,0.0,1.0,1.0,0.0,0.0,1.0,1.0,1.0,1.0,0.0,0.0,0.7071067811865475,0.7071067811865475,1.0,1.0,1.0,1.0,1.0,1.0,0.0,0.0,0.0,0.0,0.0,0.0,0.0,0.0,0.0,0.0,0.0,0.0,0.0,0.0,0.0,0.0,0.7071067811865475,0.7071067811865475,0.7071067811865475,1.0,0.0,0.0,0.0,0.0,0.0,0.0,0.7071067811865475,0.7071067811865475,0.0,0.0,0.0,0.0,0.0,0.0,0.0,0.0,0.0,0.0,0.0,0.0,0.0,0.0,0.0,0.0,0.7071067811865475,0.7071067811865475,1.0,1.0,0.5773502691896258,0.0,0.0,1.0,1.0,0.0,0.0,0.7071067811865475,0.7071067811865475,0.0,0.0,0.0,0.0,0.0,0.0,0.7071067811865475,0.7071067811865475,0.0,0.0,0.0,0.0,0.0,1.0,1.0,0.0,0.0,0.0,0.0,0.0,0.0,0.7071067811865475,0.7071067811865475,0.0,0.0,0.4082482904638631,0.4082482904638631,0.0,0.0,0.0,0.0,0.0,0.4472135954999579,0.0,0.0,0.0,0.0,0.0,0.0,0.0,0.0,0.0,0.7071067811865475,0.7071067811865475,1.0,1.0,0.0,0.0,0.0,0.0,0.0,0.0,0.0,1.0,1.0,1.0,1.0,1.0,1.0,1.0,1.0,1.0,1.0,0.0,0.0,1.0,1.0,1.0,1.0,1.0,1.0,1.0,0.0,0.0,0.0,0.0,0.0,0.0,0.0,0.0,0.7071067811865475,0.7071067811865475,0.7071067811865475,0.7071067811865475,1.0,1.0,1.0,1.0,1.0,1.0,1.0,1.0,1.0,1.0,0.0,0.0,0.0,0.0,1.0,1.0,0.7071067811865475,0.7071067811865475,0.7071067811865475,0.7071067811865475,1.0,1.0,1.0,1.0,0.7071067811865475,0.7071067811865475,0.7071067811865475,0.7071067811865475,1.0,1.0,1.0,1.0,1.0,1.0,1.0,1.0,1.0,1.0,1.0,1.0,1.0,1.0,1.0,1.0,1.0,1.0,1.0,1.0,1.0,1.0,1.0,1.0,1.0,1.0,1.0,1.0,1.0,1.0,1.0,1.0,1.0,0.0,0.0,0.0,0.0,0.0,0.0,1.0,0.7071067811865475,0.7071067811865475,0.7071067811865475,0.7071067811865475,0.7071067811865475,1.0,1.0,1.0,1.0,1.0,1.0,1.0,1.0,1.0,1.0,1.0,1.0,1.0,1.0,1.0,1.0,1.0,0.0,0.0,0.0,0.0,0.0,0.0,0.0,0.0,0.0,0.0,0.0,0.0,0.0,0.4082482904638631,0.4082482904638631,1.0,1.0,1.0,0.4082482904638631,0.4082482904638631,1.0
AS05,0.7071067811865475,0.7071067811865475,0.0,0.0,1.0,0.0,0.0,0.0,1.0,0.7071067811865475,0.7071067811865475,0.0,0.0,0.7071067811865475,0.7071067811865475,1.0,1.0,0.0,0.0,0.0,0.4082482904638631,0.4082482904638631,0.0,0.0,0.0,0.0,0.0,0.0,0.0,0.0,0.0,0.0,1.0,1.0,0.0,0.0,1.0,1.0,1.0,1.0,0.0,0.0,0.7071067811865475,0.7071067811865475,1.0,1.0,1.0,1.0,1.0,1.0,0.0,0.0,0.0,0.0,0.0,0.0,0.0,0.0,0.0,0.0,0.0,0.0,0.0,0.0,0.0,0.0,0.7071067811865475,0.7071067811865475,0.7071067811865475,1.0,0.0,0.0,0.0,0.0,0.0,0.0,0.7071067811865475,0.7071067811865475,0.0,0.0,0.0,0.0,0.0,0.0,0.0,0.0,0.0,0.0,0.0,0.0,0.0,0.0,0.0,0.0,0.7071067811865475,0.7071067811865475,1.0,1.0,0.5773502691896258,0.0,0.0,1.0,1.0,0.0,0.0,0.7071067811865475,0.7071067811865475,0.0,0.0,0.0,0.0,0.0,0.0,0.7071067811865475,0.7071067811865475,0.0,0.0,0.0,0.0,0.0,1.0,1.0,0.0,0.0,0.0,0.0,0.0,0.0,0.7071067811865475,0.7071067811865475,0.0,0.0,0.4082482904638631,0.4082482904638631,0.0,0.0,0.0,0.0,0.0,0.4472135954999579,0.0,0.0,0.0,0.0,0.0,0.0,0.0,0.0,0.0,0.7071067811865475,0.7071067811865475,1.0,1.0,0.0,0.0,0.0,0.0,0.0,0.0,0.0,1.0,1.0,1.0,1.0,1.0,1.0,1.0,1.0,1.0,1.0,0.0,0.0,1.0,1.0,1.0,1.0,1.0,1.0,1.0,0.0,0.0,0.0,0.0,0.0,0.0,0.0,0.0,0.7071067811865475,0.7071067811865475,0.7071067811865475,0.7071067811865475,1.0,1.0,1.0,1.0,1.0,1.0,1.0,1.0,1.0,1.0,0.0,0.0,0.0,0.0,1.0,1.0,0.7071067811865475,0.7071067811865475,0.7071067811865475,0.7071067811865475,1.0,1.0,1.0,1.0,0.7071067811865475,0.7071067811865475,0.7071067811865475,0.7071067811865475,1.0,1.0,1.0,1.0,1.0,1.0,1.0,1.0,1.0,1.0,1.0,1.0,1.0,1.0,1.0,1.0,1.0,1.0,1.0,1.0,1.0,1.0,1.0,1.0,1.0,1.0,1.0,1.0,1.0,1.0,1.0,1.0,1.0,0.0,0.0,0.0,0.0,0.0,0.0,1.0,0.7071067811865475,0.7071067811865475,0.7071067811865475,0.7071067811865475,0.7071067811865475,1.0,1.0,1.0,1.0,1.0,1.0,1.0,1.0,1.0,1.0,1.0,1.0,1.0,1.0,1.0,1.0,1.0,0.0,0.0,0.0,0.0,0.0,0.0,0.0,0.0,0.0,0.0,0.0,0.0,0.0,0.4082482904638631,0.4082482904638631,1.0,1.0,1.0,0.4082482904638631,0.4082482904638631,1.0
AS06,0.7071067811865475,0.7071067811865475,0.0,0.0,1.0,0.0,0.0,0.0,1.0,0.7071067811865475,0.7071067811865475,0.0,0.0,0.7071067811865475,0.7071067811865475,1.0,1.0,0.0,0.0,0.0,0.4082482904638631,0.4082482904638631,0.0,0.0,0.0,0.0,0.0,0.0,0.0,0.0,0.0,0.0,1.0,1.0,0.0,0.0,1.0,1.0,1.0,1.0,0.0,0.0,0.7071067811865475,0.7071067811865475,1.0,1.0,1.0,1.0,1.0,1.0,0.0,0.0,0.0,0.0,0.0,0.0,0.0,0.0,0.0,0.0,0.0,0.0,0.0,0.0,0.0,0.0,0.7071067811865475,0.7071067811865475,0.7071067811865475,1.0,0.0,0.0,0.0,0.0,0.0,0.0,0.7071067811865475,0.7071067811865475,0.0,0.0,0.0,0.0,0.0,0.0,0.0,0.0,0.0,0.0,0.0,0.0,0.0,0.0,0.0,0.0,0.7071067811865475,0.7071067811865475,1.0,1.0,0.5773502691896258,0.0,0.0,1.0,1.0,0.0,0.0,0.7071067811865475,0.7071067811865475,0.0,0.0,0.0,0.0,0.0,0.0,0.7071067811865475,0.7071067811865475,0.0,0.0,0.0,0.0,0.0,1.0,1.0,0.0,0.0,0.0,0.0,0.0,0.0,0.7071067811865475,0.7071067811865475,0.0,0.0,0.4082482904638631,0.4082482904638631,0.0,0.0,0.0,0.0,0.0,0.4472135954999579,0.0,0.0,0.0,0.0,0.0,0.0,0.0,0.0,0.0,0.7071067811865475,0.7071067811865475,1.0,1.0,0.0,0.0,0.0,0.0,0.0,0.0,0.0,1.0,1.0,1.0,1.0,1.0,1.0,1.0,1.0,1.0,1.0,0.0,0.0,1.0,1.0,1.0,1.0,1.0,1.0,1.0,0.0,0.0,0.0,0.0,0.0,0.0,0.0,0.0,0.7071067811865475,0.7071067811865475,0.7071067811865475,0.7071067811865475,1.0,1.0,1.0,1.0,1.0,1.0,1.0,1.0,1.0,1.0,0.0,0.0,0.0,0.0,1.0,1.0,0.7071067811865475,0.7071067811865475,0.7071067811865475,0.7071067811865475,1.0,1.0,1.0,1.0,0.7071067811865475,0.7071067811865475,0.7071067811865475,0.7071067811865475,1.0,1.0,1.0,1.0,1.0,1.0,1.0,1.0,1.0,1.0,1.0,1.0,1.0,1.0,1.0,1.0,1.0,1.0,1.0,1.0,1.0,1.0,1.0,1.0,1.0,1.0,1.0,1.0,1.0,1.0,1.0,1.0,1.0,0.0,0.0,0.0,0.0,0.0,0.0,1.0,0.7071067811865475,0.7071067811865475,0.7071067811865475,0.7071067811865475,0.7071067811865475,1.0,1.0,1.0,1.0,1.0,1.0,1.0,1.0,1.0,1.0,1.0,1.0,1.0,1.0,1.0,1.0,1.0,0.0,0.0,0.0,0.0,0.0,0.0,0.0,0.0,0.0,0.0,0.0,0.0,0.0,0.4082482904638631,0.4082482904638631,1.0,1.0,1.0,0.4082482904638631,0.4082482904638631,1.0
AS07,0.7071067811865475,0.7071067811865475,0.0,0.0,1.0,0.0,0.0,0.0,1.0,0.7071067811865475,0.7071067811865475,0.0,0.0,0.7071067811865475,0.7071067811865475,1.0,1.0,0.0,0.0,0.0,0.4082482904638631,0.4082482904638631,0.0,0.0,0.0,0.0,0.0,0.0,0.0,0.0,0.0,0.0,1.0,1.0,0.0,0.0,1.0,1.0,1.0,1.0,0.0,0.0,0.7071067811865475,0.7071067811865475,1.0,1.0,1.0,1.0,1.0,1.0,0.0,0.0,0.0,0.0,0.0,0.0,0.0,0.0,0.0,0.0,0.0,0.0,0.0,0.0,0.0,0.0,0.7071067811865475,0.7071067811865475,0.7071067811865475,1.0,0.0,0.0,0.0,0.0,0.0,0.0,0.7071067811865475,0.7071067811865475,0.0,0.0,0.0,0.0,0.0,0.0,0.0,0.0,0.0,0.0,0.0,0.0,0.0,0.0,0.0,0.0,0.7071067811865475,0.7071067811865475,1.0,1.0,0.5773502691896258,0.0,0.0,1.0,1.0,0.0,0.0,0.7071067811865475,0.7071067811865475,0.0,0.0,0.0,0.0,0.0,0.0,0.7071067811865475,0.7071067811865475,0.0,0.0,0.0,0.0,0.0,1.0,1.0,0.0,0.0,0.0,0.0,0.0,0.0,0.7071067811865475,0.7071067811865475,0.0,0.0,0.4082482904638631,0.4082482904638631,0.0,0.0,0.0,0.0,0.0,0.4472135954999579,0.0,0.0,0.0,0.0,0.0,0.0,0.0,0.0,0.0,0.7071067811865475,0.7071067811865475,1.0,1.0,0.0,0.0,0.0,0.0,0.0,0.0,0.0,1.0,1.0,1.0,1.0,1.0,1.0,1.0,1.0,1.0,1.0,0.0,0.0,1.0,1.0,1.0,1.0,1.0,1.0,1.0,0.0,0.0,0.0,0.0,0.0,0.0,0.0,0.0,0.7071067811865475,0.7071067811865475,0.7071067811865475,0.7071067811865475,1.0,1.0,1.0,1.0,1.0,1.0,1.0,1.0,1.0,1.0,0.0,0.0,0.0,0.0,1.0,1.0,0.7071067811865475,0.7071067811865475,0.7071067811865475,0.7071067811865475,1.0,1.0,1.0,1.0,0.7071067811865475,0.7071067811865475,0.7071067811865475,0.7071067811865475,1.0,1.0,1.0,1.0,1.0,1.0,1.0,1.0,1.0,1.0,1.0,1.0,1.0,1.0,1.0,1.0,1.0,1.0,1.0,1.0,1.0,1.0,1.0,1.0,1.0,1.0,1.0,1.0,1.0,1.0,1.0,1.0,1.0,0.0,0.0,0.0,0.0,0.0,0.0,1.0,0.7071067811865475,0.7071067811865475,0.7071067811865475,0.7071067811865475,0.7071067811865475,1.0,1.0,1.0,1.0,1.0,1.0,1.0,1.0,1.0,1.0,1.0,1.0,1.0,1.0,1.0,1.0,1.0,0.0,0.0,0.0,0.0,0.0,0.0,0.0,0.0,0.0,0.0,0.0,0.0,0.0,0.4082482904638631,0.4082482904638631,1.0,1.0,1.0,0.4082482904638631,0.4082482904638631,1.0
AS08,0.7071067811865475,0.7071067811865475,0.0,0.0,1.0,0.0,0.0,0.0,1.0,0.7071067811865475,0.7071067811865475,0.0,0.0,0.7071067811865475,0.7071067811865475,1.0,1.0,0.0,0.0,0.0,0.4082482904638631,0.4082482904638631,0.0,0.0,0.0,0.0,0.0,0.0,0.0,0.0,0.0,0.0,1.0,1.0,0.0,0.0,1.0,1.0,1.0,1.0,0.0,0.0,0.7071067811865475,0.7071067811865475,1.0,1.0,1.0,1.0,1.0,1.0,0.0,0.0,0.0,0.0,0.0,0.0,0.0,0.0,0.0,0.0,0.0,0.0,0.0,0.0,0.0,0.0,0.7071067811865475,0.7071067811865475,0.7071067811865475,1.0,0.0,0.0,0.0,0.0,0.0,0.0,0.7071067811865475,0.7071067811865475,0.0,0.0,0.0,0.0,0.0,0.0,0.0,0.0,0.0,0.0,0.0,0.0,0.0,0.0,0.0,0.0,0.7071067811865475,0.7071067811865475,1.0,1.0,0.5773502691896258,0.0,0.0,1.0,1.0,0.0,0.0,0.7071067811865475,0.7071067811865475,0.0,0.0,0.0,0.0,0.0,0.0,0.7071067811865475,0.7071067811865475,0.0,0.0,0.0,0.0,0.0,1.0,1.0,0.0,0.0,0.0,0.0,0.0,0.0,0.7071067811865475,0.7071067811865475,0.0,0.0,0.4082482904638631,0.4082482904638631,0.0,0.0,0.0,0.0,0.0,0.4472135954999579,0.0,0.0,0.0,0.0,0.0,0.0,0.0,0.0,0.0,0.7071067811865475,0.7071067811865475,1.0,1.0,0.0,0.0,0.0,0.0,0.0,0.0,0.0,1.0,1.0,1.0,1.0,1.0,1.0,1.0,1.0,1.0,1.0,0.0,0.0,1.0,1.0,1.0,1.0,1.0,1.0,1.0,0.0,0.0,0.0,0.0,0.0,0.0,0.0,0.0,0.7071067811865475,0.7071067811865475,0.7071067811865475,0.7071067811865475,1.0,1.0,1.0,1.0,1.0,1.0,1.0,1.0,1.0,1.0,0.0,0.0,0.0,0.0,1.0,1.0,0.7071067811865475,0.7071067811865475,0.7071067811865475,0.7071067811865475,1.0,1.0,1.0,1.0,0.7071067811865475,0.7071067811865475,0.7071067811865475,0.7071067811865475,1.0,1.0,1.0,1.0,1.0,1.0,1.0,1.0,1.0,1.0,1.0,1.0,1.0,1.0,1.0,1.0,1.0,1.0,1.0,1.0,1.0,1.0,1.0,1.0,1.0,1.0,1.0,1.0,1.0,1.0,1.0,1.0,1.0,0.0,0.0,0.0,0.0,0.0,0.0,1.0,0.7071067811865475,0.7071067811865475,0.7071067811865475,0.7071067811865475,0.7071067811865475,1.0,1.0,1.0,1.0,1.0,1.0,1.0,1.0,1.0,1.0,1.0,1.0,1.0,1.0,1.0,1.0,1.0,0.0,0.0,0.0,0.0,0.0,0.0,0.0,0.0,0.0,0.0,0.0,0.0,0.0,0.4082482904638631,0.4082482904638631,1.0,1.0,1.0,0.4082482904638631,0.4082482904638631,1.0
AS09,0.7071067811865475,0.7071067811865475,0.0,0.0,1.0,0.0,0.0,0.0,1.0,0.7071067811865475,0.7071067811865475,0.0,0.0,0.7071067811865475,0.7071067811865475,1.0,1.0,0.0,0.0,0.0,0.4082482904638631,0.4082482904638631,0.0,0.0,0.0,0.0,0.0,0.0,0.0,0.0,0.0,0.0,1.0,1.0,0.0,0.0,1.0,1.0,1.0,1.0,0.0,0.0,0.7071067811865475,0.7071067811865475,1.0,1.0,1.0,1.0,1.0,1.0,0.0,0.0,0.0,0.0,0.0,0.0,0.0,0.0,0.0,0.0,0.0,0.0,0.0,0.0,0.0,0.0,0.7071067811865475,0.7071067811865475,0.7071067811865475,1.0,0.0,0.0,0.0,0.0,0.0,0.0,0.7071067811865475,0.7071067811865475,0.0,0.0,0.0,0.0,0.0,0.0,0.0,0.0,0.0,0.0,0.0,0.0,0.0,0.0,0.0,0.0,0.7071067811865475,0.7071067811865475,1.0,1.0,0.5773502691896258,0.0,0.0,1.0,1.0,0.0,0.0,0.7071067811865475,0.7071067811865475,0.0,0.0,0.0,0.0,0.0,0.0,0.7071067811865475,0.7071067811865475,0.0,0.0,0.0,0.0,0.0,1.0,1.0,0.0,0.0,0.0,0.0,0.0,0.0,0.7071067811865475,0.7071067811865475,0.0,0.0,0.4082482904638631,0.4082482904638631,0.0,0.0,0.0,0.0,0.0,0.4472135954999579,0.0,0.0,0.0,0.0,0.0,0.0,0.0,0.0,0.0,0.7071067811865475,0.7071067811865475,1.0,1.0,0.0,0.0,0.0,0.0,0.0,0.0,0.0,1.0,1.0,1.0,1.0,1.0,1.0,1.0,1.0,1.0,1.0,0.0,0.0,1.0,1.0,1.0,1.0,1.0,1.0,1.0,0.0,0.0,0.0,0.0,0.0,0.0,0.0,0.0,0.7071067811865475,0.7071067811865475,0.7071067811865475,0.7071067811865475,1.0,1.0,1.0,1.0,1.0,1.0,1.0,1.0,1.0,1.0,0.0,0.0,0.0,0.0,1.0,1.0,0.7071067811865475,0.7071067811865475,0.7071067811865475,0.7071067811865475,1.0,1.0,1.0,1.0,0.7071067811865475,0.7071067811865475,0.7071067811865475,0.7071067811865475,1.0,1.0,1.0,1.0,1.0,1.0,1.0,1.0,1.0,1.0,1.0,1.0,1.0,1.0,1.0,1.0,1.0,1.0,1.0,1.0,1.0,1.0,1.0,1.0,1.0,1.0,1.0,1.0,1.0,1.0,1.0,1.0,1.0,0.0,0.0,0.0,0.0,0.0,0.0,1.0,0.7071067811865475,0.7071067811865475,0.7071067811865475,0.7071067811865475,0.7071067811865475,1.0,1.0,1.0,1.0,1.0,1.0,1.0,1.0,1.0,1.0,1.0,1.0,1.0,1.0,1.0,1.0,1.0,0.0,0.0,0.0,0.0,0.0,0.0,0.0,0.0,0.0,0.0,0.0,0.0,0.0,0.4082482904638631,0.4082482904638631,1.0,1.0,1.0,0.4082482904638631,0.4082482904638631,1.0
AS10,0.7071067811865475,0.7071067811865475,0.0,0.0,1.0,0.0,0.0,0.0,1.0,0.7071067811865475,0.7071067811865475,0.0,0.0,0.7071067811865475,0.7071067811865475,1.0,1.0,0.0,0.0,0.0,0.4082482904638631,0.4082482904638631,0.0,0.0,0.0,0.0,0.0,0.0,0.0,0.0,0.0,0.0,1.0,1.0,0.0,0.0,1.0,1.0,1.0,1.0,0.0,0.0,0.7071067811865475,0.7071067811865475,1.0,1.0,1.0,1.0,1.0,1.0,0.0,0.0,0.0,0.0,0.0,0.0,0.0,0.0,0.0,0.0,0.0,0.0,0.0,0.0,0.0,0.0,0.7071067811865475,0.7071067811865475,0.7071067811865475,1.0,0.0,0.0,0.0,0.0,0.0,0.0,0.7071067811865475,0.7071067811865475,0.0,0.0,0.0,0.0,0.0,0.0,0.0,0.0,0.0,0.0,0.0,0.0,0.0,0.0,0.0,0.0,0.7071067811865475,0.7071067811865475,1.0,1.0,0.5773502691896258,0.0,0.0,1.0,1.0,0.0,0.0,0.7071067811865475,0.7071067811865475,0.0,0.0,0.0,0.0,0.0,0.0,0.7071067811865475,0.7071067811865475,0.0,0.0,0.0,0.0,0.0,1.0,1.0,0.0,0.0,0.0,0.0,0.0,0.0,0.7071067811865475,0.7071067811865475,0.0,0.0,0.4082482904638631,0.4082482904638631,0.0,0.0,0.0,0.0,0.0,0.4472135954999579,0.0,0.0,0.0,0.0,0.0,0.0,0.0,0.0,0.0,0.7071067811865475,0.7071067811865475,1.0,1.0,0.0,0.0,0.0,0.0,0.0,0.0,0.0,1.0,1.0,1.0,1.0,1.0,1.0,1.0,1.0,1.0,1.0,0.0,0.0,1.0,1.0,1.0,1.0,1.0,1.0,1.0,0.0,0.0,0.0,0.0,0.0,0.0,0.0,0.0,0.7071067811865475,0.7071067811865475,0.7071067811865475,0.7071067811865475,1.0,1.0,1.0,1.0,1.0,1.0,1.0,1.0,1.0,1.0,0.0,0.0,0.0,0.0,1.0,1.0,0.7071067811865475,0.7071067811865475,0.7071067811865475,0.7071067811865475,1.0,1.0,1.0,1.0,0.7071067811865475,0.7071067811865475,0.7071067811865475,0.7071067811865475,1.0,1.0,1.0,1.0,1.0,1.0,1.0,1.0,1.0,1.0,1.0,1.0,1.0,1.0,1.0,1.0,1.0,1.0,1.0,1.0,1.0,1.0,1.0,1.0,1.0,1.0,1.0,1.0,1.0,1.0,1.0,1.0,1.0,0.0,0.0,0.0,0.0,0.0,0.0,1.0,0.7071067811865475,0.7071067811865475,0.7071067811865475,0.7071067811865475,0.7071067811865475,1.0,1.0,1.0,1.0,1.0,1.0,1.0,1.0,1.0,1.0,1.0,1.0,1.0,1.0,1.0,1.0,1.0,0.0,0.0,0.0,0.0,0.0,0.0,0.0,0.0,0.0,0.0,0.0,0.0,0.0,0.4082482904638631,0.4082482904638631,1.0,1.0,1.0,0.4082482904638631,0.4082482904638631,1.0
AS11,0.7071067811865475,0.7071067811865475,0.0,0.0,1.0,0.0,0.0,0.0,1.0,0.7071067811865475,0.7071067811865475,0.0,0.0,0.7071067811865475,0.7071067811865475,1.0,1.0,0.0,0.0,0.0,0.4082482904638631,0.4082482904638631,0.0,0.0,0.0,0.0,0.0,0.0,0.0,0.0,0.0,0.0,1.0,1.0,0.0,0.0,1.0,1.0,1.0,1.0,0.0,0.0,0.7071067811865475,0.7071067811865475,1.0,1.0,1.0,1.0,1.0,1.0,0.0,0.0,0.0,0.0,0.0,0.0,0.0,0.0,0.0,0.0,0.0,0.0,0.0,0.0,0.0,0.0,0.7071067811865475,0.7071067811865475,0.7071067811865475,1.0,0.0,0.0,0.0,0.0,0.0,0.0,0.7071067811865475,0.7071067811865475,0.0,0.0,0.0,0.0,0.0,0.0,0.0,0.0,0.0,0.0,0.0,0.0,0.0,0.0,0.0,0.0,0.7071067811865475,0.7071067811865475,1.0,1.0,0.5773502691896258,0.0,0.0,1.0,1.0,0.0,0.0,0.7071067811865475,0.7071067811865475,0.0,0.0,0.0,0.0,0.0,0.0,0.7071067811865475,0.7071067811865475,0.0,0.0,0.0,0.0,0.0,1.0,1.0,0.0,0.0,0.0,0.0,0.0,0.0,0.7071067811865475,0.7071067811865475,0.0,0.0,0.4082482904638631,0.4082482904638631,0.0,0.0,0.0,0.0,0.0,0.4472135954999579,0.0,0.0,0.0,0.0,0.0,0.0,0.0,0.0,0.0,0.7071067811865475,0.7071067811865475,1.0,1.0,0.0,0.0,0.0,0.0,0.0,0.0,0.0,1.0,1.0,1.0,1.0,1.0,1.0,1.0,1.0,1.0,1.0,0.0,0.0,1.0,1.0,1.0,1.0,1.0,1.0,1.0,0.0,0.0,0.0,0.0,0.0,0.0,0.0,0.0,0.7071067811865475,0.7071067811865475,0.7071067811865475,0.7071067811865475,1.0,1.0,1.0,1.0,1.0,1.0,1.0,1.0,1.0,1.0,0.0,0.0,0.0,0.0,1.0,1.0,0.7071067811865475,0.7071067811865475,0.7071067811865475,0.7071067811865475,1.0,1.0,1.0,1.0,0.7071067811865475,0.7071067811865475,0.7071067811865475,0.7071067811865475,1.0,1.0,1.0,1.0,1.0,1.0,1.0,1.0,1.0,1.0,1.0,1.0,1.0,1.0,1.0,1.0,1.0,1.0,1.0,1.0,1.0,1.0,1.0,1.0,1.0,1.0,1.0,1.0,1.0,1.0,1.0,1.0,1.0,0.0,0.0,0.0,0.0,0.0,0.0,1.0,0.7071067811865475,0.7071067811865475,0.7071067811865475,0.7071067811865475,0.7071067811865475,1.0,1.0,1.0,1.0,1.0,1.0,1.0,1.0,1.0,1.0,1.0,1.0,1.0,1.0,1.0,1.0,1.0,0.0,0.0,0.0,0.0,0.0,0.0,0.0,0.0,0.0,0.0,0.0,0.0,0.0,0.4082482904638631,0.4082482904638631,1.0,1.0,1.0,0.4082482904638631,0.4082482904638631,1.0
PDB,0.7071067811865475,0.7071067811865475,0.0,0.0,1.0,0.0,0.0,0.0,1.0,0.7071067811865475,0.7071067811865475,0.0,0.0,0.7071067811865475,0.7071067811865475,1.0,1.0,0.0,0.0,0.0,0.4082482904638631,0.4082482904638631,0.0,0.0,0.0,0.0,0.0,0.0,0.0,0.0,0.0,0.0,1.0,1.0,0.0,0.0,1.0,1.0,1.0,1.0,0.0,0.0,0.7071067811865475,0.7071067811865475,1.0,1.0,1.0,1.0,1.0,1.0,0.0,0.0,0.0,0.0,0.0,0.0,0.0,0.0,0.0,0.0,0.0,0.0,0.0,0.0,0.0,0.0,0.7071067811865475,0.7071067811865475,0.7071067811865475,1.0,0.0,0.0,0.0,0.0,0.0,0.0,0.7071067811865475,0.7071067811865475,0.0,0.0,0.0,0.0,0.0,0.0,0.0,0.0,0.0,0.0,0.0,0.0,0.0,0.0,0.0,0.0,0.7071067811865475,0.7071067811865475,1.0,1.0,0.5773502691896258,0.0,0.0,1.0,1.0,0.0,0.0,0.7071067811865475,0.7071067811865475,0.0,0.0,0.0,0.0,0.0,0.0,0.7071067811865475,0.7071067811865475,0.0,0.0,0.0,0.0,0.0,1.0,1.0,0.0,0.0,0.0,0.0,0.0,0.0,0.7071067811865475,0.7071067811865475,0.0,0.0,0.4082482904638631,0.4082482904638631,0.0,0.0,0.0,0.0,0.0,0.4472135954999579,0.0,0.0,0.0,0.0,0.0,0.0,0.0,0.0,0.0,0.7071067811865475,0.7071067811865475,1.0,1.0,0.0,0.0,0.0,0.0,0.0,0.0,0.0,1.0,1.0,1.0,1.0,1.0,1.0,1.0,1.0,1.0,1.0,0.0,0.0,1.0,1.0,1.0,1.0,1.0,1.0,1.0,0.0,0.0,0.0,0.0,0.0,0.0,0.0,0.0,0.7071067811865475,0.7071067811865475,0.7071067811865475,0.7071067811865475,1.0,1.0,1.0,1.0,1.0,1.0,1.0,1.0,1.0,1.0,0.0,0.0,0.0,0.0,1.0,1.0,0.7071067811865475,0.7071067811865475,0.7071067811865475,0.7071067811865475,1.0,1.0,1.0,1.0,0.7071067811865475,0.7071067811865475,0.7071067811865475,0.7071067811865475,1.0,1.0,1.0,1.0,1.0,1.0,1.0,1.0,1.0,1.0,1.0,1.0,1.0,1.0,1.0,1.0,1.0,1.0,1.0,1.0,1.0,1.0,1.0,1.0,1.0,1.0,1.0,1.0,1.0,1.0,1.0,1.0,1.0,0.0,0.0,0.0,0.0,0.0,0.0,1.0,0.7071067811865475,0.7071067811865475,0.7071067811865475,0.7071067811865475,0.7071067811865475,1.0,1.0,1.0,1.0,1.0,1.0,1.0,1.0,1.0,1.0,1.0,1.0,1.0,1.0,1.0,1.0,1.0,0.0,0.0,0.0,0.0,0.0,0.0,0.0,0.0,0.0,0.0,0.0,0.0,0.0,0.4082482904638631,0.4082482904638631,1.0,1.0,1.0,0.4082482904638631,0.4082482904638631,1.0
DD01,0.7071067811865475,0.7071067811865475,0.7071067811865475,0.7071067811865475,0.0,0.0,0.4472135954999579,1.0,0.0,0.7071067811865475,0.7071067811865475,0.4472135954999579,0.4472135954999579,0.7071067811865475,0.0,0.0,0.0,0.7071067811865475,0.4082482904638631,0.4082482904638631,0.0,0.0,0.0,0.0,0.0,0.0,0.0,0.0,0.0,0.0,0.0,0.0,0.0,0.0,0.0,0.0,0.0,0.0,0.0,0.0,0.0,0.0,0.0,0.0,0.0,0.0,0.0,0.0,0.0,0.0,0.0,0.0,0.0,0.0,0.7071067811865475,0.7071067811865475,0.2182178902359924,0.2182178902359924,0.2182178902359924,0.2182178902359924,0.0,0.0,0.0,0.0,0.7071067811865475,0.7071067811865475,0.7071067811865475,0.7071067811865475,0.7071067811865475,0.0,0.0,0.0,0.0,0.0,0.0,0.0,0.7071067811865475,0.7071067811865475,0.0,0.0,0.0,0.0,0.0,0.0,0.0,0.0,0.0,0.0,0.0,0.0,0.0,0.0,0.0,0.0,0.7071067811865475,0.7071067811865475,0.0,0.0,0.5773502691896258,0.0,0.0,0.0,0.0,0.0,0.0,0.7071067811865475,0.7071067811865475,0.0,0.0,0.0,0.0,0.0,0.0,0.7071067811865475,0.7071067811865475,1.0,0.0,0.0,0.0,0.0,0.0,0.0,0.0,0.0,1.0,1.0,0.0,0.0,0.7071067811865475,0.7071067811865475,0.0,0.0,0.0,0.0,1.0,0.0,0.0,0.0,0.0,0.8944271909999159,0.0,0.0,1.0,1.0,1.0,1.0,0.6666666666666666,1.0,0.0,0.0,0.0,0.0,0.0,0.0,0.0,0.0,1.0,0.0,0.0,1.0,0.0,0.0,0.0,0.0,0.0,0.0,0.0,0.0,0.0,0.0,0.0,0.0,0.0,0.0,0.0,0.0,0.0,0.0,0.0,0.0,0.0,0.7071067811865475,0.7071067811865475,0.7071067811865475,0.7071067811865475,0.7071067811865475,0.7071067811865475,0.7071067811865475,0.7071067811865475,0.7071067811865475,0.7071067811865475,0.0,0.0,0.0,0.0,0.0,0.0,0.0,0.0,0.0,0.0,1.0,1.0,1.0,1.0,0.0,0.0,0.7071067811865475,0.7071067811865475,0.7071067811865475,0.7071067811865475,0.0,0.0,0.0,0.0,0.7071067811865475,0.7071067811865475,0.7071067811865475,0.7071067811865475,0.0,0.0,0.0,0.0,0.0,0.0,0.0,0.0,0.0,0.0,0.0,0.0,0.0,0.0,0.0,0.0,0.0,0.0,0.0,0.0,0.0,0.0,0.0,0.0,0.0,0.0,0.0,0.0,0.0,0.0,0.0,0.0,0.0,1.0,1.0,1.0,1.0,1.0,1.0,0.0,0.7071067811865475,0.7071067811865475,0.7071067811865475,0.7071067811865475,0.7071067811865475,0.0,0.0,0.0,0.0,0.0,0.0,0.0,0.0,0.0,0.0,0.0,0.0,0.0,0.0,0.0,0.0,0.0,1.0,1.0,1.0,1.0,1.0,1.0,1.0,1.0,1.0,1.0,1.0,1.0,1.0,0.0,0.0,0.0,0.0,0.0,0.0,0.0,0.0
DD02,0.7071067811865475,0.7071067811865475,0.7071067811865475,0.7071067811865475,0.0,0.0,0.4472135954999579,1.0,0.0,0.7071067811865475,0.7071067811865475,0.4472135954999579,0.4472135954999579,0.7071067811865475,0.0,0.0,0.0,0.7071067811865475,0.4082482904638631,0.4082482904638631,0.0,0.0,0.0,0.0,0.0,0.0,0.0,0.0,0.0,0.0,0.0,0.0,0.0,0.0,0.0,0.0,0.0,0.0,0.0,0.0,0.0,0.0,0.0,0.0,0.0,0.0,0.0,0.0,0.0,0.0,0.0,0.0,0.0,0.0,0.7071067811865475,0.7071067811865475,0.2182178902359924,0.2182178902359924,0.2182178902359924,0.2182178902359924,0.0,0.0,0.0,0.0,0.7071067811865475,0.7071067811865475,0.7071067811865475,0.7071067811865475,0.7071067811865475,0.0,0.0,0.0,0.0,0.0,0.0,0.0,0.7071067811865475,0.7071067811865475,0.0,0.0,0.0,0.0,0.0,0.0,0.0,0.0,0.0,0.0,0.0,0.0,0.0,0.0,0.0,0.0,0.7071067811865475,0.7071067811865475,0.0,0.0,0.5773502691896258,0.0,0.0,0.0,0.0,0.0,0.0,0.7071067811865475,0.7071067811865475,0.0,0.0,0.0,0.0,0.0,0.0,0.7071067811865475,0.7071067811865475,1.0,0.0,0.0,0.0,0.0,0.0,0.0,0.0,0.0,1.0,1.0,0.0,0.0,0.7071067811865475,0.7071067811865475,0.0,0.0,0.0,0.0,1.0,0.0,0.0,0.0,0.0,0.8944271909999159,0.0,0.0,1.0,1.0,1.0,1.0,0.6666666666666666,1.0,0.0,0.0,0.0,0.0,0.0,0.0,0.0,0.0,1.0,0.0,0.0,1.0,0.0,0.0,0.0,0.0,0.0,0.0,0.0,0.0,0.0,0.0,0.0,0.0,0.0,0.0,0.0,0.0,0.0,0.0,0.0,0.0,0.0,0.7071067811865475,0.7071067811865475,0.7071067811865475,0.7071067811865475,0.7071067811865475,0.7071067811865475,0.7071067811865475,0.7071067811865475,0.7071067811865475,0.7071067811865475,0.0,0.0,0.0,0.0,0.0,0.0,0.0,0.0,0.0,0.0,1.0,1.0,1.0,1.0,0.0,0.0,0.7071067811865475,0.7071067811865475,0.7071067811865475,0.7071067811865475,0.0,0.0,0.0,0.0,0.7071067811865475,0.7071067811865475,0.7071067811865475,0.7071067811865475,0.0,0.0,0.0,0.0,0.0,0.0,0.0,0.0,0.0,0.0,0.0,0.0,0.0,0.0,0.0,0.0,0.0,0.0,0.0,0.0,0.0,0.0,0.0,0.0,0.0,0.0,0.0,0.0,0.0,0.0,0.0,0.0,0.0,1.0,1.0,1.0,1.0,1.0,1.0,0.0,0.7071067811865475,0.7071067811865475,0.7071067811865475,0.7071067811865475,0.7071067811865475,0.0,0.0,0.0,0.0,0.0,0.0,0.0,0.0,0.0,0.0,0.0,0.0,0.0,0.0,0.0,0.0,0.0,1.0,1.0,1.0,1.0,1.0,1.0,1.0,1.0,1.0,1.0,1.0,1.0,1.0,0.0,0.0,0.0,0.0,0.0,0.0,0.0,0.0
DD03,0.7071067811865475,0.7071067811865475,0.7071067811865475,0.7071067811865475,0.0,0.0,0.4472135954999579,1.0,0.0,0.7071067811865475,0.7071067811865475,0.4472135954999579,0.4472135954999579,0.7071067811865475,0.0,0.0,0.0,0.7071067811865475,0.4082482904638631,0.4082482904638631,0.0,0.0,0.0,0.0,0.0,0.0,0.0,0.0,0.0,0.0,0.0,0.0,0.0,0.0,0.0,0.0,0.0,0.0,0.0,0.0,0.0,0.0,0.0,0.0,0.0,0.0,0.0,0.0,0.0,0.0,0.0,0.0,0.0,0.0,0.7071067811865475,0.7071067811865475,0.2182178902359924,0.2182178902359924,0.2182178902359924,0.2182178902359924,0.0,0.0,0.0,0.0,0.7071067811865475,0.7071067811865475,0.7071067811865475,0.7071067811865475,0.7071067811865475,0.0,0.0,0.0,0.0,0.0,0.0,0.0,0.7071067811865475,0.7071067811865475,0.0,0.0,0.0,0.0,0.0,0.0,0.0,0.0,0.0,0.0,0.0,0.0,0.0,0.0,0.0,0.0,0.7071067811865475,0.7071067811865475,0.0,0.0,0.5773502691896258,0.0,0.0,0.0,0.0,0.0,0.0,0.7071067811865475,0.7071067811865475,0.0,0.0,0.0,0.0,0.0,0.0,0.7071067811865475,0.7071067811865475,1.0,0.0,0.0,0.0,0.0,0.0,0.0,0.0,0.0,1.0,1.0,0.0,0.0,0.7071067811865475,0.7071067811865475,0.0,0.0,0.0,0.0,1.0,0.0,0.0,0.0,0.0,0.8944271909999159,0.0,0.0,1.0,1.0,1.0,1.0,0.6666666666666666,1.0,0.0,0.0,0.0,0.0,0.0,0.0,0.0,0.0,1.0,0.0,0.0,1.0,0.0,0.0,0.0,0.0,0.0,0.0,0.0,0.0,0.0,0.0,0.0,0.0,0.0,0.0,0.0,0.0,0.0,0.0,0.0,0.0,0.0,0.7071067811865475,0.7071067811865475,0.7071067811865475,0.7071067811865475,0.7071067811865475,0.7071067811865475,0.7071067811865475,0.7071067811865475,0.7071067811865475,0.7071067811865475,0.0,0.0,0.0,0.0,0.0,0.0,0.0,0.0,0.0,0.0,1.0,1.0,1.0,1.0,0.0,0.0,0.7071067811865475,0.7071067811865475,0.7071067811865475,0.7071067811865475,0.0,0.0,0.0,0.0,0.7071067811865475,0.7071067811865475,0.7071067811865475,0.7071067811865475,0.0,0.0,0.0,0.0,0.0,0.0,0.0,0.0,0.0,0.0,0.0,0.0,0.0,0.0,0.0,0.0,0.0,0.0,0.0,0.0,0.0,0.0,0.0,0.0,0.0,0.0,0.0,0.0,0.0,0.0,0.0,0.0,0.0,1.0,1.0,1.0,1.0,1.0,1.0,0.0,0.7071067811865475,0.7071067811865475,0.7071067811865475,0.7071067811865475,0.7071067811865475,0.0,0.0,0.0,0.0,0.0,0.0,0.0,0.0,0.0,0.0,0.0,0.0,0.0,0.0,0.0,0.0,0.0,1.0,1.0,1.0,1.0,1.0,1.0,1.0,1.0,1.0,1.0,1.0,1.0,1.0,0.0,0.0,0.0,0.0,0.0,0.0,0.0,0.0
DD04,0.7071067811865475,0.7071067811865475,0.7071067811865475,0.7071067811865475,0.0,0.0,0.4472135954999579,1.0,0.0,0.7071067811865475,0.7071067811865475,0.4472135954999579,0.4472135954999579,0.7071067811865475,0.0,0.0,0.0,0.7071067811865475,0.4082482904638631,0.4082482904638631,0.0,0.0,0.0,0.0,0.0,0.0,0.0,0.0,0.0,0.0,0.0,0.0,0.0,0.0,0.0,0.0,0.0,0.0,0.0,0.0,0.0,0.0,0.0,0.0,0.0,0.0,0.0,0.0,0.0,0.0,0.0,0.0,0.0,0.0,0.7071067811865475,0.7071067811865475,0.2182178902359924,0.2182178902359924,0.2182178902359924,0.2182178902359924,0.0,0.0,0.0,0.0,0.7071067811865475,0.7071067811865475,0.7071067811865475,0.7071067811865475,0.7071067811865475,0.0,0.0,0.0,0.0,0.0,0.0,0.0,0.7071067811865475,0.7071067811865475,0.0,0.0,0.0,0.0,0.0,0.0,0.0,0.0,0.0,0.0,0.0,0.0,0.0,0.0,0.0,0.0,0.7071067811865475,0.7071067811865475,0.0,0.0,0.5773502691896258,0.0,0.0,0.0,0.0,0.0,0.0,0.7071067811865475,0.7071067811865475,0.0,0.0,0.0,0.0,0.0,0.0,0.7071067811865475,0.7071067811865475,1.0,0.0,0.0,0.0,0.0,0.0,0.0,0.0,0.0,1.0,1.0,0.0,0.0,0.7071067811865475,0.7071067811865475,0.0,0.0,0.0,0.0,1.0,0.0,0.0,0.0,0.0,0.8944271909999159,0.0,0.0,1.0,1.0,1.0,1.0,0.6666666666666666,1.0,0.0,0.0,0.0,0.0,0.0,0.0,0.0,0.0,1.0,0.0,0.0,1.0,0.0,0.0,0.0,0.0,0.0,0.0,0.0,0.0,0.0,0.0,0.0,0.0,0.0,0.0,0.0,0.0,0.0,0.0,0.0,0.0,0.0,0.7071067811865475,0.7071067811865475,0.7071067811865475,0.7071067811865475,0.7071067811865475,0.7071067811865475,0.7071067811865475,0.7071067811865475,0.7071067811865475,0.7071067811865475,0.0,0.0,0.0,0.0,0.0,0.0,0.0,0.0,0.0,0.0,1.0,1.0,1.0,1.0,0.0,0.0,0.7071067811865475,0.7071067811865475,0.7071067811865475,0.7071067811865475,0.0,0.0,0.0,0.0,0.7071067811865475,0.7071067811865475,0.7071067811865475,0.7071067811865475,0.0,0.0,0.0,0.0,0.0,0.0,0.0,0.0,0.0,0.0,0.0,0.0,0.0,0.0,0.0,0.0,0.0,0.0,0.0,0.0,0.0,0.0,0.0,0.0,0.0,0.0,0.0,0.0,0.0,0.0,0.0,0.0,0.0,1.0,1.0,1.0,1.0,1.0,1.0,0.0,0.7071067811865475,0.7071067811865475,0.7071067811865475,0.7071067811865475,0.7071067811865475,0.0,0.0,0.0,0.0,0.0,0.0,0.0,0.0,0.0,0.0,0.0,0.0,0.0,0.0,0.0,0.0,0.0,1.0,1.0,1.0,1.0,1.0,1.0,1.0,1.0,1.0,1.0,1.0,1.0,1.0,0.0,0.0,0.0,0.0,0.0,0.0,0.0,0.0
DD05,0.7071067811865475,0.7071067811865475,0.7071067811865475,0.7071067811865475,0.0,0.0,0.4472135954999579,1.0,0.0,0.7071067811865475,0.7071067811865475,0.4472135954999579,0.4472135954999579,0.7071067811865475,0.0,0.0,0.0,0.7071067811865475,0.4082482904638631,0.4082482904638631,0.0,0.0,0.0,0.0,0.0,0.0,0.0,0.0,0.0,0.0,0.0,0.0,0.0,0.0,0.0,0.0,0.0,0.0,0.0,0.0,0.0,0.0,0.0,0.0,0.0,0.0,0.0,0.0,0.0,0.0,0.0,0.0,0.0,0.0,0.7071067811865475,0.7071067811865475,0.2182178902359924,0.2182178902359924,0.2182178902359924,0.2182178902359924,0.0,0.0,0.0,0.0,0.7071067811865475,0.7071067811865475,0.7071067811865475,0.7071067811865475,0.7071067811865475,0.0,0.0,0.0,0.0,0.0,0.0,0.0,0.7071067811865475,0.7071067811865475,0.0,0.0,0.0,0.0,0.0,0.0,0.0,0.0,0.0,0.0,0.0,0.0,0.0,0.0,0.0,0.0,0.7071067811865475,0.7071067811865475,0.0,0.0,0.5773502691896258,0.0,0.0,0.0,0.0,0.0,0.0,0.7071067811865475,0.7071067811865475,0.0,0.0,0.0,0.0,0.0,0.0,0.7071067811865475,0.7071067811865475,1.0,0.0,0.0,0.0,0.0,0.0,0.0,0.0,0.0,1.0,1.0,0.0,0.0,0.7071067811865475,0.7071067811865475,0.0,0.0,0.0,0.0,1.0,0.0,0.0,0.0,0.0,0.8944271909999159,0.0,0.0,1.0,1.0,1.0,1.0,0.6666666666666666,1.0,0.0,0.0,0.0,0.0,0.0,0.0,0.0,0.0,1.0,0.0,0.0,1.0,0.0,0.0,0.0,0.0,0.0,0.0,0.0,0.0,0.0,0.0,0.0,0.0,0.0,0.0,0.0,0.0,0.0,0.0,0.0,0.0,0.0,0.7071067811865475,0.7071067811865475,0.7071067811865475,0.7071067811865475,0.7071067811865475,0.7071067811865475,0.7071067811865475,0.7071067811865475,0.7071067811865475,0.7071067811865475,0.0,0.0,0.0,0.0,0.0,0.0,0.0,0.0,0.0,0.0,1.0,1.0,1.0,1.0,0.0,0.0,0.7071067811865475,0.7071067811865475,0.7071067811865475,0.7071067811865475,0.0,0.0,0.0,0.0,0.7071067811865475,0.7071067811865475,0.7071067811865475,0.7071067811865475,0.0,0.0,0.0,0.0,0.0,0.0,0.0,0.0,0.0,0.0,0.0,0.0,0.0,0.0,0.0,0.0,0.0,0.0,0.0,0.0,0.0,0.0,0.0,0.0,0.0,0.0,0.0,0.0,0.0,0.0,0.0,0.0,0.0,1.0,1.0,1.0,1.0,1.0,1.0,0.0,0.7071067811865475,0.7071067811865475,0.7071067811865475,0.7071067811865475,0.7071067811865475,0.0,0.0,0.0,0.0,0.0,0.0,0.0,0.0,0.0,0.0,0.0,0.0,0.0,0.0,0.0,0.0,0.0,1.0,1.0,1.0,1.0,1.0,1.0,1.0,1.0,1.0,1.0,1.0,1.0,1.0,0.0,0.0,0.0,0.0,0.0,0.0,0.0,0.0
DD06,0.7071067811865475,0.7071067811865475,0.7071067811865475,0.7071067811865475,0.0,0.0,0.4472135954999579,1.0,0.0,0.7071067811865475,0.7071067811865475,0.4472135954999579,0.4472135954999579,0.7071067811865475,0.0,0.0,0.0,0.7071067811865475,0.4082482904638631,0.4082482904638631,0.0,0.0,0.0,0.0,0.0,0.0,0.0,0.0,0.0,0.0,0.0,0.0,0.0,0.0,0.0,0.0,0.0,0.0,0.0,0.0,0.0,0.0,0.0,0.0,0.0,0.0,0.0,0.0,0.0,0.0,0.0,0.0,0.0,0.0,0.7071067811865475,0.7071067811865475,0.2182178902359924,0.2182178902359924,0.2182178902359924,0.2182178902359924,0.0,0.0,0.0,0.0,0.7071067811865475,0.7071067811865475,0.7071067811865475,0.7071067811865475,0.7071067811865475,0.0,0.0,0.0,0.0,0.0,0.0,0.0,0.7071067811865475,0.7071067811865475,0.0,0.0,0.0,0.0,0.0,0.0,0.0,0.0,0.0,0.0,0.0,0.0,0.0,0.0,0.0,0.0,0.7071067811865475,0.7071067811865475,0.0,0.0,0.5773502691896258,0.0,0.0,0.0,0.0,0.0,0.0,0.7071067811865475,0.7071067811865475,0.0,0.0,0.0,0.0,0.0,0.0,0.7071067811865475,0.7071067811865475,1.0,0.0,0.0,0.0,0.0,0.0,0.0,0.0,0.0,1.0,1.0,0.0,0.0,0.7071067811865475,0.7071067811865475,0.0,0.0,0.0,0.0,1.0,0.0,0.0,0.0,0.0,0.8944271909999159,0.0,0.0,1.0,1.0,1.0,1.0,0.6666666666666666,1.0,0.0,0.0,0.0,0.0,0.0,0.0,0.0,0.0,1.0,0.0,0.0,1.0,0.0,0.0,0.0,0.0,0.0,0.0,0.0,0.0,0.0,0.0,0.0,0.0,0.0,0.0,0.0,0.0,0.0,0.0,0.0,0.0,0.0,0.7071067811865475,0.7071067811865475,0.7071067811865475,0.7071067811865475,0.7071067811865475,0.7071067811865475,0.7071067811865475,0.7071067811865475,0.7071067811865475,0.7071067811865475,0.0,0.0,0.0,0.0,0.0,0.0,0.0,0.0,0.0,0.0,1.0,1.0,1.0,1.0,0.0,0.0,0.7071067811865475,0.7071067811865475,0.7071067811865475,0.7071067811865475,0.0,0.0,0.0,0.0,0.7071067811865475,0.7071067811865475,0.7071067811865475,0.7071067811865475,0.0,0.0,0.0,0.0,0.0,0.0,0.0,0.0,0.0,0.0,0.0,0.0,0.0,0.0,0.0,0.0,0.0,0.0,0.0,0.0,0.0,0.0,0.0,0.0,0.0,0.0,0.0,0.0,0.0,0.0,0.0,0.0,0.0,1.0,1.0,1.0,1.0,1.0,1.0,0.0,0.7071067811865475,0.7071067811865475,0.7071067811865475,0.7071067811865475,0.7071067811865475,0.0,0.0,0.0,0.0,0.0,0.0,0.0,0.0,0.0,0.0,0.0,0.0,0.0,0.0,0.0,0.0,0.0,1.0,1.0,1.0,1.0,1.0,1.0,1.0,1.0,1.0,1.0,1.0,1.0,1.0,0.0,0.0,0.0,0.0,0.0,0.0,0.0,0.0
VA01,0.7071067811865475,0.7071067811865475,0.0,0.0,1.0,0.0,0.0,0.0,1.0,0.7071067811865475,0.7071067811865475,0.0,0.0,0.7071067811865475,0.7071067811865475,1.0,1.0,0.0,0.0,0.0,0.4082482904638631,0.4082482904638631,0.0,0.0,0.0,0.0,0.0,0.0,0.0,0.0,0.0,0.0,1.0,1.0,0.0,0.0,1.0,1.0,1.0,1.0,0.0,0.0,0.7071067811865475,0.7071067811865475,1.0,1.0,1.0,1.0,1.0,1.0,0.0,0.0,0.0,0.0,0.0,0.0,0.0,0.0,0.0,0.0,0.0,0.0,0.0,0.0,0.0,0.0,0.7071067811865475,0.7071067811865475,0.7071067811865475,1.0,0.0,0.0,0.0,0.0,0.0,0.0,0.7071067811865475,0.7071067811865475,0.0,0.0,0.0,0.0,0.0,0.0,0.0,0.0,0.0,0.0,0.0,0.0,0.0,0.0,0.0,0.0,0.7071067811865475,0.7071067811865475,1.0,1.0,0.5773502691896258,0.0,0.0,1.0,1.0,0.0,0.0,0.7071067811865475,0.7071067811865475,0.0,0.0,0.0,0.0,0.0,0.0,0.7071067811865475,0.7071067811865475,0.0,0.0,0.0,0.0,0.0,1.0,1.0,0.0,0.0,0.0,0.0,0.0,0.0,0.7071067811865475,0.7071067811865475,0.0,0.0,0.4082482904638631,0.4082482904638631,0.0,0.0,0.0,0.0,0.0,0.4472135954999579,0.0,0.0,0.0,0.0,0.0,0.0,0.0,0.0,0.0,0.7071067811865475,0.7071067811865475,1.0,1.0,0.0,0.0,0.0,0.0,0.0,0.0,0.0,1.0,1.0,1.0,1.0,1.0,1.0,1.0,1.0,1.0,1.0,0.0,0.0,1.0,1.0,1.0,1.0,1.0,1.0,1.0,0.0,0.0,0.0,0.0,0.0,0.0,0.0,0.0,0.7071067811865475,0.7071067811865475,0.7071067811865475,0.7071067811865475,1.0,1.0,1.0,1.0,1.0,1.0,1.0,1.0,1.0,1.0,0.0,0.0,0.0,0.0,1.0,1.0,0.7071067811865475,0.7071067811865475,0.7071067811865475,0.7071067811865475,1.0,1.0,1.0,1.0,0.7071067811865475,0.7071067811865475,0.7071067811865475,0.7071067811865475,1.0,1.0,1.0,1.0,1.0,1.0,1.0,1.0,1.0,1.0,1.0,1.0,1.0,1.0,1.0,1.0,1.0,1.0,1.0,1.0,1.0,1.0,1.0,1.0,1.0,1.0,1.0,1.0,1.0,1.0,1.0,1.0,1.0,0.0,0.0,0.0,0.0,0.0,0.0,1.0,0.7071067811865475,0.7071067811865475,0.7071067811865475,0.7071067811865475,0.7071067811865475,1.0,1.0,1.0,1.0,1.0,1.0,1.0,1.0,1.0,1.0,1.0,1.0,1.0,1.0,1.0,1.0,1.0,0.0,0.0,0.0,0.0,0.0,0.0,0.0,0.0,0.0,0.0,0.0,0.0,0.0,0.4082482904638631,0.4082482904638631,1.0,1.0,1.0,0.4082482904638631,0.4082482904638631,1.0
VA02,0.9999999999999998,0.9999999999999998,0.4999999999999999,0.4999999999999999,0.7071067811865475,0.0,0.31622776601683794,0.7071067811865475,0.7071067811865475,0.9999999999999998,0.9999999999999998,0.31622776601683794,0.31622776601683794,0.9999999999999998,0.4999999999999999,0.7071067811865475,0.7071067811865475,0.4999999999999999,0.2886751345948129,0.2886751345948129,0.2886751345948129,0.2886751345948129,0.0,0.0,0.0,0.0,0.0,0.0,0.0,0.0,0.0,0.0,0.7071067811865475,0.7071067811865475,0.0,0.0,0.7071067811865475,0.7071067811865475,0.7071067811865475,0.7071067811865475,0.0,0.0,0.4999999999999999,0.4999999999999999,0.7071067811865475,0.7071067811865475,0.7071067811865475,0.7071067811865475,0.7071067811865475,0.7071067811865475,0.0,0.0,0.0,0.0,0.4999999999999999,0.4999999999999999,0.1543033499620919,0.1543033499620919,0.1543033499620919,0.1543033499620919,0.0,0.0,0.0,0.0,0.4999999999999999,0.4999999999999999,0.9999999999999998,0.9999999999999998,0.9999999999999998,0.7071067811865475,0.0,0.0,0.0,0.0,0.0,0.0,0.9999999999999998,0.9999999999999998,0.0,0.0,0.0,0.0,0.0,0.0,0.0,0.0,0.0,0.0,0.0,0.0,0.0,0.0,0.0,0.0,0.9999999999999998,0.9999999999999998,0.7071067811865475,0.7071067811865475,0.8164965809277259,0.0,0.0,0.7071067811865475,0.7071067811865475,0.0,0.0,0.9999999999999998,0.9999999999999998,0.0,0.0,0.0,0.0,0.0,0.0,0.9999999999999998,0.9999999999999998,0.7071067811865475,0.0,0.0,0.0,0.0,0.7071067811865475,0.7071067811865475,0.0,0.0,0.7071067811865475,0.7071067811865475,0.0,0.0,0.9999999999999998,0.9999999999999998,0.0,0.0,0.2886751345948129,0.2886751345948129,0.7071067811865475,0.0,0.0,0.0,0.0,0.9486832980505138,0.0,0.0,0.7071067811865475,0.7071067811865475,0.7071067811865475,0.7071067811865475,0.4714045207910316,0.7071067811865475,0.0,0.4999999999999999,0.4999999999999999,0.7071067811865475,0.7071067811865475,0.0,0.0,0.0,0.7071067811865475,0.0,0.0,0.7071067811865475,0.7071067811865475,0.7071067811865475,0.7071067811865475,0.7071067811865475,0.7071067811865475,0.7071067811865475,0.7071067811865475,0.7071067811865475,0.7071067811865475,0.7071067811865475,0.0,0.0,0.7071067811865475,0.7071067811865475,0.7071067811865475,0.7071067811865475,0.7071067811865475,0.7071067811865475,0.7071067811865475,0.0,0.0,0.4999999999999999,0.4999999999999999,0.4999999999999999,0.4999999999999999,0.4999999999999999,0.4999999999999999,0.9999999999999998,0.9999999999999998,0.9999999999999998,0.9999999999999998,0.7071067811865475,0.7071067811865475,0.7071067811865475,0.7071067811865475,0.7071067811865475,0.7071067811865475,0.7071067811865475,0.7071067811865475,0.7071067811865475,0.7071067811865475,0.7071067811865475,0.7071067811865475,0.7071067811865475,0.7071067811865475,0.7071067811865475,0.7071067811865475,0.9999999999999998,0.9999999999999998,0.9999999999999998,0.9999999999999998,0.7071067811865475,0.7071067811865475,0.7071067811865475,0.7071067811865475,0.9999999999999998,0.9999999999999998,0.9999999999999998,0.9999999999999998,0.7071067811865475,0.7071067811865475,0.7071067811865475,0.7071067811865475,0.7071067811865475,0.7071067811865475,0.7071067811865475,0.7071067811865475,0.7071067811865475,0.7071067811865475,0.7071067811865475,0.7071067811865475,0.7071067811865475,0.7071067811865475,0.7071067811865475,0.7071067811865475,0.7071067811865475,0.7071067811865475,0.7071067811865475,0.7071067811865475,0.7071067811865475,0.7071067811865475,0.7071067811865475,0.7071067811865475,0.7071067811865475,0.7071067811865475,0.7071067811865475,0.7071067811865475,0.7071067811865475,0.7071067811865475,0.7071067811865475,0.7071067811865475,0.7071067811865475,0.7071067811865475,0.7071067811865475,0.7071067811865475,0.7071067811865475,0.7071067811865475,0.7071067811865475,0.7071067811865475,1.0,0.9999999999999998,0.9999999999999998,0.9999999999999998,0.9999999999999998,0.7071067811865475,0.7071067811865475,0.7071067811865475,0.7071067811865475,0.7071067811865475,0.7071067811865475,0.7071067811865475,0.7071067811865475,0.7071067811865475,0.7071067811865475,0.7071067811865475,0.7071067811865475,0.7071067811865475,0.7071067811865475,0.7071067811865475,0.7071067811865475,0.7071067811865475,0.7071067811865475,0.7071067811865475,0.7071067811865475,0.7071067811865475,0.7071067811865475,0.7071067811865475,0.7071067811865475,0.7071067811865475,0.7071067811865475,0.7071067811865475,0.7071067811865475,0.7071067811865475,0.7071067811865475,0.2886751345948129,0.2886751345948129,0.7071067811865475,0.7071067811865475,0.7071067811865475,0.2886751345948129,0.2886751345948129,0.7071067811865475
VA03,0.9999999999999998,0.9999999999999998,0.4999999999999999,0.4999999999999999,0.7071067811865475,0.0,0.31622776601683794,0.7071067811865475,0.7071067811865475,0.9999999999999998,0.9999999999999998,0.31622776601683794,0.31622776601683794,0.9999999999999998,0.4999999999999999,0.7071067811865475,0.7071067811865475,0.4999999999999999,0.2886751345948129,0.2886751345948129,0.2886751345948129,0.2886751345948129,0.0,0.0,0.0,0.0,0.0,0.0,0.0,0.0,0.0,0.0,0.7071067811865475,0.7071067811865475,0.0,0.0,0.7071067811865475,0.7071067811865475,0.7071067811865475,0.7071067811865475,0.0,0.0,0.4999999999999999,0.4999999999999999,0.7071067811865475,0.7071067811865475,0.7071067811865475,0.7071067811865475,0.7071067811865475,0.7071067811865475,0.0,0.0,0.0,0.0,0.4999999999999999,0.4999999999999999,0.1543033499620919,0.1543033499620919,0.1543033499620919,0.1543033499620919,0.0,0.0,0.0,0.0,0.4999999999999999,0.4999999999999999,0.9999999999999998,0.9999999999999998,0.9999999999999998,0.7071067811865475,0.0,0.0,0.0,0.0,0.0,0.0,0.9999999999999998,0.9999999999999998,0.0,0.0,0.0,0.0,0.0,0.0,0.0,0.0,0.0,0.0,0.0,0.0,0.0,0.0,0.0,0.0,0.9999999999999998,0.9999999999999998,0.7071067811865475,0.7071067811865475,0.8164965809277259,0.0,0.0,0.7071067811865475,0.7071067811865475,0.0,0.0,0.9999999999999998,0.9999999999999998,0.0,0.0,0.0,0.0,0.0,0.0,0.9999999999999998,0.9999999999999998,0.7071067811865475,0.0,0.0,0.0,0.0,0.7071067811865475,0.7071067811865475,0.0,0.0,0.7071067811865475,0.7071067811865475,0.0,0.0,0.9999999999999998,0.9999999999999998,0.0,0.0,0.2886751345948129,0.2886751345948129,0.7071067811865475,0.0,0.0,0.0,0.0,0.9486832980505138,0.0,0.0,0.7071067811865475,0.7071067811865475,0.7071067811865475,0.7071067811865475,0.4714045207910316,0.7071067811865475,0.0,0.4999999999999999,0.4999999999999999,0.7071067811865475,0.7071067811865475,0.0,0.0,0.0,0.7071067811865475,0.0,0.0,0.7071067811865475,0.7071067811865475,0.7071067811865475,0.7071067811865475,0.7071067811865475,0.7071067811865475,0.7071067811865475,0.7071067811865475,0.7071067811865475,0.7071067811865475,0.7071067811865475,0.0,0.0,0.7071067811865475,0.7071067811865475,0.7071067811865475,0.7071067811865475,0.7071067811865475,0.7071067811865475,0.7071067811865475,0.0,0.0,0.4999999999999999,0.4999999999999999,0.4999999999999999,0.4999999999999999,0.4999999999999999,0.4999999999999999,0.9999999999999998,0.9999999999999998,0.9999999999999998,0.9999999999999998,0.7071067811865475,0.7071067811865475,0.7071067811865475,0.7071067811865475,0.7071067811865475,0.7071067811865475,0.7071067811865475,0.7071067811865475,0.7071067811865475,0.7071067811865475,0.7071067811865475,0.7071067811865475,0.7071067811865475,0.7071067811865475,0.7071067811865475,0.7071067811865475,0.9999999999999998,0.9999999999999998,0.9999999999999998,0.9999999999999998,0.7071067811865475,0.7071067811865475,0.7071067811865475,0.7071067811865475,0.9999999999999998,0.9999999999999998,0.9999999999999998,0.9999999999999998,0.7071067811865475,0.7071067811865475,0.7071067811865475,0.7071067811865475,0.7071067811865475,0.7071067811865475,0.7071067811865475,0.7071067811865475,0.7071067811865475,0.7071067811865475,0.7071067811865475,0.7071067811865475,0.7071067811865475,0.7071067811865475,0.7071067811865475,0.7071067811865475,0.7071067811865475,0.7071067811865475,0.7071067811865475,0.7071067811865475,0.7071067811865475,0.7071067811865475,0.7071067811865475,0.7071067811865475,0.7071067811865475,0.7071067811865475,0.7071067811865475,0.7071067811865475,0.7071067811865475,0.7071067811865475,0.7071067811865475,0.7071067811865475,0.7071067811865475,0.7071067811865475,0.7071067811865475,0.7071067811865475,0.7071067811865475,0.7071067811865475,0.7071067811865475,0.7071067811865475,0.9999999999999998,1.0,0.9999999999999998,0.9999999999999998,0.9999999999999998,0.7071067811865475,0.7071067811865475,0.7071067811865475,0.7071067811865475,0.7071067811865475,0.7071067811865475,0.7071067811865475,0.7071067811865475,0.7071067811865475,0.7071067811865475,0.7071067811865475,0.7071067811865475,0.7071067811865475,0.7071067811865475,0.7071067811865475,0.7071067811865475,0.7071067811865475,0.7071067811865475,0.7071067811865475,0.7071067811865475,0.7071067811865475,0.7071067811865475,0.7071067811865475,0.7071067811865475,0.7071067811865475,0.7071067811865475,0.7071067811865475,0.7071067811865475,0.7071067811865475,0.7071067811865475,0.2886751345948129,0.2886751345948129,0.7071067811865475,0.7071067811865475,0.7071067811865475,0.2886751345948129,0.2886751345948129,0.7071067811865475
VA04,0.9999999999999998,0.9999999999999998,0.4999999999999999,0.4999999999999999,0.7071067811865475,0.0,0.31622776601683794,0.7071067811865475,0.7071067811865475,0.9999999999999998,0.9999999999999998,0.31622776601683794,0.31622776601683794,0.9999999999999998,0.4999999999999999,0.7071067811865475,0.7071067811865475,0.4999999999999999,0.2886751345948129,0.2886751345948129,0.2886751345948129,0.2886751345948129,0.0,0.0,0.0,0.0,0.0,0.0,0.0,0.0,0.0,0.0,0.7071067811865475,0.7071067811865475,0.0,0.0,0.7071067811865475,0.7071067811865475,0.7071067811865475,0.7071067811865475,0.0,0.0,0.4999999999999999,0.4999999999999999,0.7071067811865475,0.7071067811865475,0.7071067811865475,0.7071067811865475,0.7071067811865475,0.7071067811865475,0.0,0.0,0.0,0.0,0.4999999999999999,0.4999999999999999,0.1543033499620919,0.1543033499620919,0.1543033499620919,0.1543033499620919,0.0,0.0,0.0,0.0,0.4999999999999999,0.4999999999999999,0.9999999999999998,0.9999999999999998,0.9999999999999998,0.7071067811865475,0.0,0.0,0.0,0.0,0.0,0.0,0.9999999999999998,0.9999999999999998,0.0,0.0,0.0,0.0,0.0,0.0,0.0,0.0,0.0,0.0,0.0,0.0,0.0,0.0,0.0,0.0,0.9999999999999998,0.9999999999999998,0.7071067811865475,0.7071067811865475,0.8164965809277259,0.0,0.0,0.7071067811865475,0.7071067811865475,0.0,0.0,0.9999999999999998,0.9999999999999998,0.0,0.0,0.0,0.0,0.0,0.0,0.9999999999999998,0.9999999999999998,0.7071067811865475,0.0,0.0,0.0,0.0,0.7071067811865475,0.7071067811865475,0.0,0.0,0.7071067811865475,0.7071067811865475,0.0,0.0,0.9999999999999998,0.9999999999999998,0.0,0.0,0.2886751345948129,0.2886751345948129,0.7071067811865475,0.0,0.0,0.0,0.0,0.9486832980505138,0.0,0.0,0.7071067811865475,0.7071067811865475,0.7071067811865475,0.7071067811865475,0.4714045207910316,0.7071067811865475,0.0,0.4999999999999999,0.4999999999999999,0.7071067811865475,0.7071067811865475,0.0,0.0,0.0,0.7071067811865475,0.0,0.0,0.7071067811865475,0.7071067811865475,0.7071067811865475,0.7071067811865475,0.7071067811865475,0.7071067811865475,0.7071067811865475,0.7071067811865475,0.7071067811865475,0.7071067811865475,0.7071067811865475,0.0,0.0,0.7071067811865475,0.7071067811865475,0.7071067811865475,0.7071067811865475,0.7071067811865475,0.7071067811865475,0.7071067811865475,0.0,0.0,0.4999999999999999,0.4999999999999999,0.4999999999999999,0.4999999999999999,0.4999999999999999,0.4999999999999999,0.9999999999999998,0.9999999999999998,0.9999999999999998,0.9999999999999998,0.7071067811865475,0.7071067811865475,0.7071067811865475,0.7071067811865475,0.7071067811865475,0.7071067811865475,0.7071067811865475,0.7071067811865475,0.7071067811865475,0.7071067811865475,0.7071067811865475,0.7071067811865475,0.7071067811865475,0.7071067811865475,0.7071067811865475,0.7071067811865475,0.9999999999999998,0.9999999999999998,0.9999999999999998,0.9999999999999998,0.7071067811865475,0.7071067811865475,0.7071067811865475,0.7071067811865475,0.9999999999999998,0.9999999999999998,0.9999999999999998,0.9999999999999998,0.7071067811865475,0.7071067811865475,0.7071067811865475,0.7071067811865475,0.7071067811865475,0.7071067811865475,0.7071067811865475,0.7071067811865475,0.7071067811865475,0.7071067811865475,0.7071067811865475,0.7071067811865475,0.7071067811865475,0.7071067811865475,0.7071067811865475,0.7071067811865475,0.7071067811865475,0.7071067811865475,0.7071067811865475,0.7071067811865475,0.7071067811865475,0.7071067811865475,0.7071067811865475,0.7071067811865475,0.7071067811865475,0.7071067811865475,0.7071067811865475,0.7071067811865475,0.7071067811865475,0.7071067811865475,0.7071067811865475,0.7071067811865475,0.7071067811865475,0.7071067811865475,0.7071067811865475,0.7071067811865475,0.7071067811865475,0.7071067811865475,0.7071067811865475,0.7071067811865475,0.9999999999999998,0.9999999999999998,1.0,0.9999999999999998,0.9999999999999998,0.7071067811865475,0.7071067811865475,0.7071067811865475,0.7071067811865475,0.7071067811865475,0.7071067811865475,0.7071067811865475,0.7071067811865475,0.7071067811865475,0.7071067811865475,0.7071067811865475,0.7071067811865475,0.7071067811865475,0.7071067811865475,0.7071067811865475,0.7071067811865475,0.7071067811865475,0.7071067811865475,0.7071067811865475,0.7071067811865475,0.7071067811865475,0.7071067811865475,0.7071067811865475,0.7071067811865475,0.7071067811865475,0.7071067811865475,0.7071067811865475,0.7071067811865475,0.7071067811865475,0.7071067811865475,0.2886751345948129,0.2886751345948129,0.7071067811865475,0.7071067811865475,0.7071067811865475,0.2886751345948129,0.2886751345948129,0.7071067811865475
VA05,0.9999999999999998,0.9999999999999998,0.4999999999999999,0.4999999999999999,0.7071067811865475,0.0,0.31622776601683794,0.7071067811865475,0.7071067811865475,0.9999999999999998,0.9999999999999998,0.31622776601683794,0.31622776601683794,0.9999999999999998,0.4999999999999999,0.7071067811865475,0.7071067811865475,0.4999999999999999,0.2886751345948129,0.2886751345948129,0.2886751345948129,0.2886751345948129,0.0,0.0,0.0,0.0,0.0,0.0,0.0,0.0,0.0,0.0,0.7071067811865475,0.7071067811865475,0.0,0.0,0.7071067811865475,0.7071067811865475,0.7071067811865475,0.7071067811865475,0.0,0.0,0.4999999999999999,0.4999999999999999,0.7071067811865475,0.7071067811865475,0.7071067811865475,0.7071067811865475,0.7071067811865475,0.7071067811865475,0.0,0.0,0.0,0.0,0.4999999999999999,0.4999999999999999,0.1543033499620919,0.1543033499620919,0.1543033499620919,0.1543033499620919,0.0,0.0,0.0,0.0,0.4999999999999999,0.4999999999999999,0.9999999999999998,0.9999999999999998,0.9999999999999998,0.7071067811865475,0.0,0.0,0.0,0.0,0.0,0.0,0.9999999999999998,0.9999999999999998,0.0,0.0,0.0,0.0,0.0,0.0,0.0,0.0,0.0,0.0,0.0,0.0,0.0,0.0,0.0,0.0,0.9999999999999998,0.9999999999999998,0.7071067811865475,0.7071067811865475,0.8164965809277259,0.0,0.0,0.7071067811865475,0.7071067811865475,0.0,0.0,0.9999999999999998,0.9999999999999998,0.0,0.0,0.0,0.0,0.0,0.0,0.9999999999999998,0.9999999999999998,0.7071067811865475,0.0,0.0,0.0,0.0,0.7071067811865475,0.7071067811865475,0.0,0.0,0.7071067811865475,0.7071067811865475,0.0,0.0,0.9999999999999998,0.9999999999999998,0.0,0.0,0.2886751345948129,0.2886751345948129,0.7071067811865475,0.0,0.0,0.0,0.0,0.9486832980505138,0.0,0.0,0.7071067811865475,0.7071067811865475,0.7071067811865475,0.7071067811865475,0.4714045207910316,0.7071067811865475,0.0,0.4999999999999999,0.4999999999999999,0.7071067811865475,0.7071067811865475,0.0,0.0,0.0,0.7071067811865475,0.0,0.0,0.7071067811865475,0.7071067811865475,0.7071067811865475,0.7071067811865475,0.7071067811865475,0.7071067811865475,0.7071067811865475,0.7071067811865475,0.7071067811865475,0.7071067811865475,0.7071067811865475,0.0,0.0,0.7071067811865475,0.7071067811865475,0.7071067811865475,0.7071067811865475,0.7071067811865475,0.7071067811865475,0.7071067811865475,0.0,0.0,0.4999999999999999,0.4999999999999999,0.4999999999999999,0.4999999999999999,0.4999999999999999,0.4999999999999999,0.9999999999999998,0.9999999999999998,0.9999999999999998,0.9999999999999998,0.7071067811865475,0.7071067811865475,0.7071067811865475,0.7071067811865475,0.7071067811865475,0.7071067811865475,0.7071067811865475,0.7071067811865475,0.7071067811865475,0.7071067811865475,0.7071067811865475,0.7071067811865475,0.7071067811865475,0.7071067811865475,0.7071067811865475,0.7071067811865475,0.9999999999999998,0.9999999999999998,0.9999999999999998,0.9999999999999998,0.7071067811865475,0.7071067811865475,0.7071067811865475,0.7071067811865475,0.9999999999999998,0.9999999999999998,0.9999999999999998,0.9999999999999998,0.7071067811865475,0.7071067811865475,0.7071067811865475,0.7071067811865475,0.7071067811865475,0.7071067811865475,0.7071067811865475,0.7071067811865475,0.7071067811865475,0.7071067811865475,0.7071067811865475,0.7071067811865475,0.7071067811865475,0.7071067811865475,0.7071067811865475,0.7071067811865475,0.7071067811865475,0.7071067811865475,0.7071067811865475,0.7071067811865475,0.7071067811865475,0.7071067811865475,0.7071067811865475,0.7071067811865475,0.7071067811865475,0.7071067811865475,0.7071067811865475,0.7071067811865475,0.7071067811865475,0.7071067811865475,0.7071067811865475,0.7071067811865475,0.7071067811865475,0.7071067811865475,0.7071067811865475,0.7071067811865475,0.7071067811865475,0.7071067811865475,0.7071067811865475,0.7071067811865475,0.9999999999999998,0.9999999999999998,0.9999999999999998,1.0,0.9999999999999998,0.7071067811865475,0.7071067811865475,0.7071067811865475,0.7071067811865475,0.7071067811865475,0.7071067811865475,0.7071067811865475,0.7071067811865475,0.7071067811865475,0.7071067811865475,0.7071067811865475,0.7071067811865475,0.7071067811865475,0.7071067811865475,0.7071067811865475,0.7071067811865475,0.7071067811865475,0.7071067811865475,0.7071067811865475,0.7071067811865475,0.7071067811865475,0.7071067811865475,0.7071067811865475,0.7071067811865475,0.7071067811865475,0.7071067811865475,0.7071067811865475,0.7071067811865475,0.7071067811865475,0.7071067811865475,0.2886751345948129,0.2886751345948129,0.7071067811865475,0.7071067811865475,0.7071067811865475,0.2886751345948129,0.2886751345948129,0.7071067811865475
VA06,0.9999999999999998,0.9999999999999998,0.4999999999999999,0.4999999999999999,0.7071067811865475,0.0,0.31622776601683794,0.7071067811865475,0.7071067811865475,0.9999999999999998,0.9999999999999998,0.31622776601683794,0.31622776601683794,0.9999999999999998,0.4999999999999999,0.7071067811865475,0.7071067811865475,0.4999999999999999,0.2886751345948129,0.2886751345948129,0.2886751345948129,0.2886751345948129,0.0,0.0,0.0,0.0,0.0,0.0,0.0,0.0,0.0,0.0,0.7071067811865475,0.7071067811865475,0.0,0.0,0.7071067811865475,0.7071067811865475,0.7071067811865475,0.7071067811865475,0.0,0.0,0.4999999999999999,0.4999999999999999,0.7071067811865475,0.7071067811865475,0.7071067811865475,0.7071067811865475,0.7071067811865475,0.7071067811865475,0.0,0.0,0.0,0.0,0.4999999999999999,0.4999999999999999,0.1543033499620919,0.1543033499620919,0.1543033499620919,0.1543033499620919,0.0,0.0,0.0,0.0,0.4999999999999999,0.4999999999999999,0.9999999999999998,0.9999999999999998,0.9999999999999998,0.7071067811865475,0.0,0.0,0.0,0.0,0.0,0.0,0.9999999999999998,0.9999999999999998,0.0,0.0,0.0,0.0,0.0,0.0,0.0,0.0,0.0,0.0,0.0,0.0,0.0,0.0,0.0,0.0,0.9999999999999998,0.9999999999999998,0.7071067811865475,0.7071067811865475,0.8164965809277259,0.0,0.0,0.7071067811865475,0.7071067811865475,0.0,0.0,0.9999999999999998,0.9999999999999998,0.0,0.0,0.0,0.0,0.0,0.0,0.9999999999999998,0.9999999999999998,0.7071067811865475,0.0,0.0,0.0,0.0,0.7071067811865475,0.7071067811865475,0.0,0.0,0.7071067811865475,0.7071067811865475,0.0,0.0,0.9999999999999998,0.9999999999999998,0.0,0.0,0.2886751345948129,0.2886751345948129,0.7071067811865475,0.0,0.0,0.0,0.0,0.9486832980505138,0.0,0.0,0.7071067811865475,0.7071067811865475,0.7071067811865475,0.7071067811865475,0.4714045207910316,0.7071067811865475,0.0,0.4999999999999999,0.4999999999999999,0.7071067811865475,0.7071067811865475,0.0,0.0,0.0,0.7071067811865475,0.0,0.0,0.7071067811865475,0.7071067811865475,0.7071067811865475,0.7071067811865475,0.7071067811865475,0.7071067811865475,0.7071067811865475,0.7071067811865475,0.7071067811865475,0.7071067811865475,0.7071067811865475,0.0,0.0,0.7071067811865475,0.7071067811865475,0.7071067811865475,0.7071067811865475,0.7071067811865475,0.7071067811865475,0.7071067811865475,0.0,0.0,0.4999999999999999,0.4999999999999999,0.4999999999999999,0.4999999999999999,0.4999999999999999,0.4999999999999999,0.9999999999999998,0.9999999999999998,0.9999999999999998,0.9999999999999998,0.7071067811865475,0.7071067811865475,0.7071067811865475,0.7071067811865475,0.7071067811865475,0.7071067811865475,0.7071067811865475,0.7071067811865475,0.7071067811865475,0.7071067811865475,0.7071067811865475,0.7071067811865475,0.7071067811865475,0.7071067811865475,0.7071067811865475,0.7071067811865475,0.9999999999999998,0.9999999999999998,0.9999999999999998,0.9999999999999998,0.7071067811865475,0.7071067811865475,0.7071067811865475,0.7071067811865475,0.9999999999999998,0.9999999999999998,0.9999999999999998,0.9999999999999998,0.7071067811865475,0.7071067811865475,0.7071067811865475,0.7071067811865475,0.7071067811865475,0.7071067811865475,0.7071067811865475,0.7071067811865475,0.7071067811865475,0.7071067811865475,0.7071067811865475,0.7071067811865475,0.7071067811865475,0.7071067811865475,0.7071067811865475,0.7071067811865475,0.7071067811865475,0.7071067811865475,0.7071067811865475,0.7071067811865475,0.7071067811865475,0.7071067811865475,0.7071067811865475,0.7071067811865475,0.7071067811865475,0.7071067811865475,0.7071067811865475,0.7071067811865475,0.7071067811865475,0.7071067811865475,0.7071067811865475,0.7071067811865475,0.7071067811865475,0.7071067811865475,0.7071067811865475,0.7071067811865475,0.7071067811865475,0.7071067811865475,0.7071067811865475,0.7071067811865475,0.9999999999999998,0.9999999999999998,0.9999999999999998,0.9999999999999998,1.0,0.7071067811865475,0.7071067811865475,0.7071067811865475,0.7071067811865475,0.7071067811865475,0.7071067811865475,0.7071067811865475,0.7071067811865475,0.7071067811865475,0.7071067811865475,0.7071067811865475,0.7071067811865475,0.7071067811865475,0.7071067811865475,0.7071067811865475,0.7071067811865475,0.7071067811865475,0.7071067811865475,0.7071067811865475,0.7071067811865475,0.7071067811865475,0.7071067811865475,0.7071067811865475,0.7071067811865475,0.7071067811865475,0.7071067811865475,0.7071067811865475,0.7071067811865475,0.7071067811865475,0.7071067811865475,0.2886751345948129,0.2886751345948129,0.7071067811865475,0.7071067811865475,0.7071067811865475,0.2886751345948129,0.2886751345948129,0.7071067811865475
VA07,0.7071067811865475,0.7071067811865475,0.0,0.0,1.0,0.0,0.0,0.0,1.0,0.7071067811865475,0.7071067811865475,0.0,0.0,0.7071067811865475,0.7071067811865475,1.0,1.0,0.0,0.0,0.0,0.4082482904638631,0.4082482904638631,0.0,0.0,0.0,0.0,0.0,0.0,0.0,0.0,0.0,0.0,1.0,1.0,0.0,0.0,1.0,1.0,1.0,1.0,0.0,0.0,0.7071067811865475,0.7071067811865475,1.0,1.0,1.0,1.0,1.0,1.0,0.0,0.0,0.0,0.0,0.0,0.0,0.0,0.0,0.0,0.0,0.0,0.0,0.0,0.0,0.0,0.0,0.7071067811865475,0.7071067811865475,0.7071067811865475,1.0,0.0,0.0,0.0,0.0,0.0,0.0,0.7071067811865475,0.7071067811865475,0.0,0.0,0.0,0.0,0.0,0.0,0.0,0.0,0.0,0.0,0.0,0.0,0.0,0.0,0.0,0.0,0.7071067811865475,0.7071067811865475,1.0,1.0,0.5773502691896258,0.0,0.0,1.0,1.0,0.0,0.0,0.7071067811865475,0.7071067811865475,0.0,0.0,0.0,0.0,0.0,0.0,0.7071067811865475,0.7071067811865475,0.0,0.0,0.0,0.0,0.0,1.0,1.0,0.0,0.0,0.0,0.0,0.0,0.0,0.7071067811865475,0.7071067811865475,0.0,0.0,0.4082482904638631,0.4082482904638631,0.0,0.0,0.0,0.0,0.0,0.4472135954999579,0.0,0.0,0.0,0.0,0.0,0.0,0.0,0.0,0.0,0.7071067811865475,0.7071067811865475,1.0,1.0,0.0,0.0,0.0,0.0,0.0,0.0,0.0,1.0,1.0,1.0,1.0,1.0,1.0,1.0,1.0,1.0,1.0,0.0,0.0,1.0,1.0,1.0,1.0,1.0,1.0,1.0,0.0,0.0,0.0,0.0,0.0,0.0,0.0,0.0,0.7071067811865475,0.7071067811865475,0.7071067811865475,0.7071067811865475,1.0,1.0,1.0,1.0,1.0,1.0,1.0,1.0,1.0,1.0,0.0,0.0,0.0,0.0,1.0,1.0,0.7071067811865475,0.7071067811865475,0.7071067811865475,0.7071067811865475,1.0,1.0,1.0,1.0,0.7071067811865475,0.7071067811865475,0.7071067811865475,0.7071067811865475,1.0,1.0,1.0,1.0,1.0,1.0,1.0,1.0,1.0,1.0,1.0,1.0,1.0,1.0,1.0,1.0,1.0,1.0,1.0,1.0,1.0,1.0,1.0,1.0,1.0,1.0,1.0,1.0,1.0,1.0,1.0,1.0,1.0,0.0,0.0,0.0,0.0,0.0,0.0,1.0,0.7071067811865475,0.7071067811865475,0.7071067811865475,0.7071067811865475,0.7071067811865475,1.0,1.0,1.0,1.0,1.0,1.0,1.0,1.0,1.0,1.0,1.0,1.0,1.0,1.0,1.0,1.0,1.0,0.0,0.0,0.0,0.0,0.0,0.0,0.0,0.0,0.0,0.0,0.0,0.0,0.0,0.4082482904638631,0.4082482904638631,1.0,1.0,1.0,0.4082482904638631,0.4082482904638631,1.0
VA08,0.7071067811865475,0.7071067811865475,0.0,0.0,1.0,0.0,0.0,0.0,1.0,0.7071067811865475,0.7071067811865475,0.0,0.0,0.7071067811865475,0.7071067811865475,1.0,1.0,0.0,0.0,0.0,0.4082482904638631,0.4082482904638631,0.0,0.0,0.0,0.0,0.0,0.0,0.0,0.0,0.0,0.0,1.0,1.0,0.0,0.0,1.0,1.0,1.0,1.0,0.0,0.0,0.7071067811865475,0.7071067811865475,1.0,1.0,1.0,1.0,1.0,1.0,0.0,0.0,0.0,0.0,0.0,0.0,0.0,0.0,0.0,0.0,0.0,0.0,0.0,0.0,0.0,0.0,0.7071067811865475,0.7071067811865475,0.7071067811865475,1.0,0.0,0.0,0.0,0.0,0.0,0.0,0.7071067811865475,0.7071067811865475,0.0,0.0,0.0,0.0,0.0,0.0,0.0,0.0,0.0,0.0,0.0,0.0,0.0,0.0,0.0,0.0,0.7071067811865475,0.7071067811865475,1.0,1.0,0.5773502691896258,0.0,0.0,1.0,1.0,0.0,0.0,0.7071067811865475,0.7071067811865475,0.0,0.0,0.0,0.0,0.0,0.0,0.7071067811865475,0.7071067811865475,0.0,0.0,0.0,0.0,0.0,1.0,1.0,0.0,0.0,0.0,0.0,0.0,0.0,0.7071067811865475,0.7071067811865475,0.0,0.0,0.4082482904638631,0.4082482904638631,0.0,0.0,0.0,0.0,0.0,0.4472135954999579,0.0,0.0,0.0,0.0,0.0,0.0,0.0,0.0,0.0,0.7071067811865475,0.7071067811865475,1.0,1.0,0.0,0.0,0.0,0.0,0.0,0.0,0.0,1.0,1.0,1.0,1.0,1.0,1.0,1.0,1.0,1.0,1.0,0.0,0.0,1.0,1.0,1.0,1.0,1.0,1.0,1.0,0.0,0.0,0.0,0.0,0.0,0.0,0.0,0.0,0.7071067811865475,0.7071067811865475,0.7071067811865475,0.7071067811865475,1.0,1.0,1.0,1.0,1.0,1.0,1.0,1.0,1.0,1.0,0.0,0.0,0.0,0.0,1.0,1.0,0.7071067811865475,0.7071067811865475,0.7071067811865475,0.7071067811865475,1.0,1.0,1.0,1.0,0.7071067811865475,0.7071067811865475,0.7071067811865475,0.7071067811865475,1.0,1.0,1.0,1.0,1.0,1.0,1.0,1.0,1.0,1.0,1.0,1.0,1.0,1.0,1.0,1.0,1.0,1.0,1.0,1.0,1.0,1.0,1.0,1.0,1.0,1.0,1.0,1.0,1.0,1.0,1.0,1.0,1.0,0.0,0.0,0.0,0.0,0.0,0.0,1.0,0.7071067811865475,0.7071067811865475,0.7071067811865475,0.7071067811865475,0.7071067811865475,1.0,1.0,1.0,1.0,1.0,1.0,1.0,1.0,1.0,1.0,1.0,1.0,1.0,1.0,1.0,1.0,1.0,0.0,0.0,0.0,0.0,0.0,0.0,0.0,0.0,0.0,0.0,0.0,0.0,0.0,0.4082482904638631,0.4082482904638631,1.0,1.0,1.0,0.4082482904638631,0.4082482904638631,1.0
VA09,0.7071067811865475,0.7071067811865475,0.0,0.0,1.0,0.0,0.0,0.0,1.0,0.7071067811865475,0.7071067811865475,0.0,0.0,0.7071067811865475,0.7071067811865475,1.0,1.0,0.0,0.0,0.0,0.4082482904638631,0.4082482904638631,0.0,0.0,0.0,0.0,0.0,0.0,0.0,0.0,0.0,0.0,1.0,1.0,0.0,0.0,1.0,1.0,1.0,1.0,0.0,0.0,0.7071067811865475,0.7071067811865475,1.0,1.0,1.0,1.0,1.0,1.0,0.0,0.0,0.0,0.0,0.0,0.0,0.0,0.0,0.0,0.0,0.0,0.0,0.0,0.0,0.0,0.0,0.7071067811865475,0.7071067811865475,0.7071067811865475,1.0,0.0,0.0,0.0,0.0,0.0,0.0,0.7071067811865475,0.7071067811865475,0.0,0.0,0.0,0.0,0.0,0.0,0.0,0.0,0.0,0.0,0.0,0.0,0.0,0.0,0.0,0.0,0.7071067811865475,0.7071067811865475,1.0,1.0,0.5773502691896258,0.0,0.0,1.0,1.0,0.0,0.0,0.7071067811865475,0.7071067811865475,0.0,0.0,0.0,0.0,0.0,0.0,0.7071067811865475,0.7071067811865475,0.0,0.0,0.0,0.0,0.0,1.0,1.0,0.0,0.0,0.0,0.0,0.0,0.0,0.7071067811865475,0.7071067811865475,0.0,0.0,0.4082482904638631,0.4082482904638631,0.0,0.0,0.0,0.0,0.0,0.4472135954999579,0.0,0.0,0.0,0.0,0.0,0.0,0.0,0.0,0.0,0.7071067811865475,0.7071067811865475,1.0,1.0,0.0,0.0,0.0,0.0,0.0,0.0,0.0,1.0,1.0,1.0,1.0,1.0,1.0,1.0,1.0,1.0,1.0,0.0,0.0,1.0,1.0,1.0,1.0,1.0,1.0,1.0,0.0,0.0,0.0,0.0,0.0,0.0,0.0,0.0,0.7071067811865475,0.7071067811865475,0.7071067811865475,0.7071067811865475,1.0,1.0,1.0,1.0,1.0,1.0,1.0,1.0,1.0,1.0,0.0,0.0,0.0,0.0,1.0,1.0,0.7071067811865475,0.7071067811865475,0.7071067811865475,0.7071067811865475,1.0,1.0,1.0,1.0,0.7071067811865475,0.7071067811865475,0.7071067811865475,0.7071067811865475,1.0,1.0,1.0,1.0,1.0,1.0,1.0,1.0,1.0,1.0,1.0,1.0,1.0,1.0,1.0,1.0,1.0,1.0,1.0,1.0,1.0,1.0,1.0,1.0,1.0,1.0,1.0,1.0,1.0,1.0,1.0,1.0,1.0,0.0,0.0,0.0,0.0,0.0,0.0,1.0,0.7071067811865475,0.7071067811865475,0.7071067811865475,0.7071067811865475,0.7071067811865475,1.0,1.0,1.0,1.0,1.0,1.0,1.0,1.0,1.0,1.0,1.0,1.0,1.0,1.0,1.0,1.0,1.0,0.0,0.0,0.0,0.0,0.0,0.0,0.0,0.0,0.0,0.0,0.0,0.0,0.0,0.4082482904638631,0.4082482904638631,1.0,1.0,1.0,0.4082482904638631,0.4082482904638631,1.0
VA10,0.7071067811865475,0.7071067811865475,0.0,0.0,1.0,0.0,0.0,0.0,1.0,0.7071067811865475,0.7071067811865475,0.0,0.0,0.7071067811865475,0.7071067811865475,1.0,1.0,0.0,0.0,0.0,0.4082482904638631,0.4082482904638631,0.0,0.0,0.0,0.0,0.0,0.0,0.0,0.0,0.0,0.0,1.0,1.0,0.0,0.0,1.0,1.0,1.0,1.0,0.0,0.0,0.7071067811865475,0.7071067811865475,1.0,1.0,1.0,1.0,1.0,1.0,0.0,0.0,0.0,0.0,0.0,0.0,0.0,0.0,0.0,0.0,0.0,0.0,0.0,0.0,0.0,0.0,0.7071067811865475,0.7071067811865475,0.7071067811865475,1.0,0.0,0.0,0.0,0.0,0.0,0.0,0.7071067811865475,0.7071067811865475,0.0,0.0,0.0,0.0,0.0,0.0,0.0,0.0,0.0,0.0,0.0,0.0,0.0,0.0,0.0,0.0,0.7071067811865475,0.7071067811865475,1.0,1.0,0.5773502691896258,0.0,0.0,1.0,1.0,0.0,0.0,0.7071067811865475,0.7071067811865475,0.0,0.0,0.0,0.0,0.0,0.0,0.7071067811865475,0.7071067811865475,0.0,0.0,0.0,0.0,0.0,1.0,1.0,0.0,0.0,0.0,0.0,0.0,0.0,0.7071067811865475,0.7071067811865475,0.0,0.0,0.4082482904638631,0.4082482904638631,0.0,0.0,0.0,0.0,0.0,0.4472135954999579,0.0,0.0,0.0,0.0,0.0,0.0,0.0,0.0,0.0,0.7071067811865475,0.7071067811865475,1.0,1.0,0.0,0.0,0.0,0.0,0.0,0.0,0.0,1.0,1.0,1.0,1.0,1.0,1.0,1.0,1.0,1.0,1.0,0.0,0.0,1.0,1.0,1.0,1.0,1.0,1.0,1.0,0.0,0.0,0.0,0.0,0.0,0.0,0.0,0.0,0.7071067811865475,0.7071067811865475,0.7071067811865475,0.7071067811865475,1.0,1.0,1.0,1.0,1.0,1.0,1.0,1.0,1.0,1.0,0.0,0.0,0.0,0.0,1.0,1.0,0.7071067811865475,0.7071067811865475,0.7071067811865475,0.7071067811865475,1.0,1.0,1.0,1.0,0.7071067811865475,0.7071067811865475,0.7071067811865475,0.7071067811865475,1.0,1.0,1.0,1.0,1.0,1.0,1.0,1.0,1.0,1.0,1.0,1.0,1.0,1.0,1.0,1.0,1.0,1.0,1.0,1.0,1.0,1.0,1.0,1.0,1.0,1.0,1.0,1.0,1.0,1.0,1.0,1.0,1.0,0.0,0.0,0.0,0.0,0.0,0.0,1.0,0.7071067811865475,0.7071067811865475,0.7071067811865475,0.7071067811865475,0.7071067811865475,1.0,1.0,1.0,1.0,1.0,1.0,1.0,1.0,1.0,1.0,1.0,1.0,1.0,1.0,1.0,1.0,1.0,0.0,0.0,0.0,0.0,0.0,0.0,0.0,0.0,0.0,0.0,0.0,0.0,0.0,0.4082482904638631,0.4082482904638631,1.0,1.0,1.0,0.4082482904638631,0.4082482904638631,1.0
VA11,0.7071067811865475,0.7071067811865475,0.0,0.0,1.0,0.0,0.0,0.0,1.0,0.7071067811865475,0.7071067811865475,0.0,0.0,0.7071067811865475,0.7071067811865475,1.0,1.0,0.0,0.0,0.0,0.4082482904638631,0.4082482904638631,0.0,0.0,0.0,0.0,0.0,0.0,0.0,0.0,0.0,0.0,1.0,1.0,0.0,0.0,1.0,1.0,1.0,1.0,0.0,0.0,0.7071067811865475,0.7071067811865475,1.0,1.0,1.0,1.0,1.0,1.0,0.0,0.0,0.0,0.0,0.0,0.0,0.0,0.0,0.0,0.0,0.0,0.0,0.0,0.0,0.0,0.0,0.7071067811865475,0.7071067811865475,0.7071067811865475,1.0,0.0,0.0,0.0,0.0,0.0,0.0,0.7071067811865475,0.7071067811865475,0.0,0.0,0.0,0.0,0.0,0.0,0.0,0.0,0.0,0.0,0.0,0.0,0.0,0.0,0.0,0.0,0.7071067811865475,0.7071067811865475,1.0,1.0,0.5773502691896258,0.0,0.0,1.0,1.0,0.0,0.0,0.7071067811865475,0.7071067811865475,0.0,0.0,0.0,0.0,0.0,0.0,0.7071067811865475,0.7071067811865475,0.0,0.0,0.0,0.0,0.0,1.0,1.0,0.0,0.0,0.0,0.0,0.0,0.0,0.7071067811865475,0.7071067811865475,0.0,0.0,0.4082482904638631,0.4082482904638631,0.0,0.0,0.0,0.0,0.0,0.4472135954999579,0.0,0.0,0.0,0.0,0.0,0.0,0.0,0.0,0.0,0.7071067811865475,0.7071067811865475,1.0,1.0,0.0,0.0,0.0,0.0,0.0,0.0,0.0,1.0,1.0,1.0,1.0,1.0,1.0,1.0,1.0,1.0,1.0,0.0,0.0,1.0,1.0,1.0,1.0,1.0,1.0,1.0,0.0,0.0,0.0,0.0,0.0,0.0,0.0,0.0,0.7071067811865475,0.7071067811865475,0.7071067811865475,0.7071067811865475,1.0,1.0,1.0,1.0,1.0,1.0,1.0,1.0,1.0,1.0,0.0,0.0,0.0,0.0,1.0,1.0,0.7071067811865475,0.7071067811865475,0.7071067811865475,0.7071067811865475,1.0,1.0,1.0,1.0,0.7071067811865475,0.7071067811865475,0.7071067811865475,0.7071067811865475,1.0,1.0,1.0,1.0,1.0,1.0,1.0,1.0,1.0,1.0,1.0,1.0,1.0,1.0,1.0,1.0,1.0,1.0,1.0,1.0,1.0,1.0,1.0,1.0,1.0,1.0,1.0,1.0,1.0,1.0,1.0,1.0,1.0,0.0,0.0,0.0,0.0,0.0,0.0,1.0,0.7071067811865475,0.7071067811865475,0.7071067811865475,0.7071067811865475,0.7071067811865475,1.0,1.0,1.0,1.0,1.0,1.0,1.0,1.0,1.0,1.0,1.0,1.0,1.0,1.0,1.0,1.0,1.0,0.0,0.0,0.0,0.0,0.0,0.0,0.0,0.0,0.0,0.0,0.0,0.0,0.0,0.4082482904638631,0.4082482904638631,1.0,1.0,1.0,0.4082482904638631,0.4082482904638631,1.0
VA12,0.7071067811865475,0.7071067811865475,0.0,0.0,1.0,0.0,0.0,0.0,1.0,0.7071067811865475,0.7071067811865475,0.0,0.0,0.7071067811865475,0.7071067811865475,1.0,1.0,0.0,0.0,0.0,0.4082482904638631,0.4082482904638631,0.0,0.0,0.0,0.0,0.0,0.0,0.0,0.0,0.0,0.0,1.0,1.0,0.0,0.0,1.0,1.0,1.0,1.0,0.0,0.0,0.7071067811865475,0.7071067811865475,1.0,1.0,1.0,1.0,1.0,1.0,0.0,0.0,0.0,0.0,0.0,0.0,0.0,0.0,0.0,0.0,0.0,0.0,0.0,0.0,0.0,0.0,0.7071067811865475,0.7071067811865475,0.7071067811865475,1.0,0.0,0.0,0.0,0.0,0.0,0.0,0.7071067811865475,0.7071067811865475,0.0,0.0,0.0,0.0,0.0,0.0,0.0,0.0,0.0,0.0,0.0,0.0,0.0,0.0,0.0,0.0,0.7071067811865475,0.7071067811865475,1.0,1.0,0.5773502691896258,0.0,0.0,1.0,1.0,0.0,0.0,0.7071067811865475,0.7071067811865475,0.0,0.0,0.0,0.0,0.0,0.0,0.7071067811865475,0.7071067811865475,0.0,0.0,0.0,0.0,0.0,1.0,1.0,0.0,0.0,0.0,0.0,0.0,0.0,0.7071067811865475,0.7071067811865475,0.0,0.0,0.4082482904638631,0.4082482904638631,0.0,0.0,0.0,0.0,0.0,0.4472135954999579,0.0,0.0,0.0,0.0,0.0,0.0,0.0,0.0,0.0,0.7071067811865475,0.7071067811865475,1.0,1.0,0.0,0.0,0.0,0.0,0.0,0.0,0.0,1.0,1.0,1.0,1.0,1.0,1.0,1.0,1.0,1.0,1.0,0.0,0.0,1.0,1.0,1.0,1.0,1.0,1.0,1.0,0.0,0.0,0.0,0.0,0.0,0.0,0.0,0.0,0.7071067811865475,0.7071067811865475,0.7071067811865475,0.7071067811865475,1.0,1.0,1.0,1.0,1.0,1.0,1.0,1.0,1.0,1.0,0.0,0.0,0.0,0.0,1.0,1.0,0.7071067811865475,0.7071067811865475,0.7071067811865475,0.7071067811865475,1.0,1.0,1.0,1.0,0.7071067811865475,0.7071067811865475,0.7071067811865475,0.7071067811865475,1.0,1.0,1.0,1.0,1.0,1.0,1.0,1.0,1.0,1.0,1.0,1.0,1.0,1.0,1.0,1.0,1.0,1.0,1.0,1.0,1.0,1.0,1.0,1.0,1.0,1.0,1.0,1.0,1.0,1.0,1.0,1.0,1.0,0.0,0.0,0.0,0.0,0.0,0.0,1.0,0.7071067811865475,0.7071067811865475,0.7071067811865475,0.7071067811865475,0.7071067811865475,1.0,1.0,1.0,1.0,1.0,1.0,1.0,1.0,1.0,1.0,1.0,1.0,1.0,1.0,1.0,1.0,1.0,0.0,0.0,0.0,0.0,0.0,0.0,0.0,0.0,0.0,0.0,0.0,0.0,0.0,0.4082482904638631,0.4082482904638631,1.0,1.0,1.0,0.4082482904638631,0.4082482904638631,1.0
VB01,0.7071067811865475,0.7071067811865475,0.0,0.0,1.0,0.0,0.0,0.0,1.0,0.7071067811865475,0.7071067811865475,0.0,0.0,0.7071067811865475,0.7071067811865475,1.0,1.0,0.0,0.0,0.0,0.4082482904638631,0.4082482904638631,0.0,0.0,0.0,0.0,0.0,0.0,0.0,0.0,0.0,0.0,1.0,1.0,0.0,0.0,1.0,1.0,1.0,1.0,0.0,0.0,0.7071067811865475,0.7071067811865475,1.0,1.0,1.0,1.0,1.0,1.0,0.0,0.0,0.0,0.0,0.0,0.0,0.0,0.0,0.0,0.0,0.0,0.0,0.0,0.0,0.0,0.0,0.7071067811865475,0.7071067811865475,0.7071067811865475,1.0,0.0,0.0,0.0,0.0,0.0,0.0,0.7071067811865475,0.7071067811865475,0.0,0.0,0.0,0.0,0.0,0.0,0.0,0.0,0.0,0.0,0.0,0.0,0.0,0.0,0.0,0.0,0.7071067811865475,0.7071067811865475,1.0,1.0,0.5773502691896258,0.0,0.0,1.0,1.0,0.0,0.0,0.7071067811865475,0.7071067811865475,0.0,0.0,0.0,0.0,0.0,0.0,0.7071067811865475,0.7071067811865475,0.0,0.0,0.0,0.0,0.0,1.0,1.0,0.0,0.0,0.0,0.0,0.0,0.0,0.7071067811865475,0.7071067811865475,0.0,0.0,0.4082482904638631,0.4082482904638631,0.0,0.0,0.0,0.0,0.0,0.4472135954999579,0.0,0.0,0.0,0.0,0.0,0.0,0.0,0.0,0.0,0.7071067811865475,0.7071067811865475,1.0,1.0,0.0,0.0,0.0,0.0,0.0,0.0,0.0,1.0,1.0,1.0,1.0,1.0,1.0,1.0,1.0,1.0,1.0,0.0,0.0,1.0,1.0,1.0,1.0,1.0,1.0,1.0,0.0,0.0,0.0,0.0,0.0,0.0,0.0,0.0,0.7071067811865475,0.7071067811865475,0.7071067811865475,0.7071067811865475,1.0,1.0,1.0,1.0,1.0,1.0,1.0,1.0,1.0,1.0,0.0,0.0,0.0,0.0,1.0,1.0,0.7071067811865475,0.7071067811865475,0.7071067811865475,0.7071067811865475,1.0,1.0,1.0,1.0,0.7071067811865475,0.7071067811865475,0.7071067811865475,0.7071067811865475,1.0,1.0,1.0,1.0,1.0,1.0,1.0,1.0,1.0,1.0,1.0,1.0,1.0,1.0,1.0,1.0,1.0,1.0,1.0,1.0,1.0,1.0,1.0,1.0,1.0,1.0,1.0,1.0,1.0,1.0,1.0,1.0,1.0,0.0,0.0,0.0,0.0,0.0,0.0,1.0,0.7071067811865475,0.7071067811865475,0.7071067811865475,0.7071067811865475,0.7071067811865475,1.0,1.0,1.0,1.0,1.0,1.0,1.0,1.0,1.0,1.0,1.0,1.0,1.0,1.0,1.0,1.0,1.0,0.0,0.0,0.0,0.0,0.0,0.0,0.0,0.0,0.0,0.0,0.0,0.0,0.0,0.4082482904638631,0.4082482904638631,1.0,1.0,1.0,0.4082482904638631,0.4082482904638631,1.0
VB02,0.7071067811865475,0.7071067811865475,0.0,0.0,1.0,0.0,0.0,0.0,1.0,0.7071067811865475,0.7071067811865475,0.0,0.0,0.7071067811865475,0.7071067811865475,1.0,1.0,0.0,0.0,0.0,0.4082482904638631,0.4082482904638631,0.0,0.0,0.0,0.0,0.0,0.0,0.0,0.0,0.0,0.0,1.0,1.0,0.0,0.0,1.0,1.0,1.0,1.0,0.0,0.0,0.7071067811865475,0.7071067811865475,1.0,1.0,1.0,1.0,1.0,1.0,0.0,0.0,0.0,0.0,0.0,0.0,0.0,0.0,0.0,0.0,0.0,0.0,0.0,0.0,0.0,0.0,0.7071067811865475,0.7071067811865475,0.7071067811865475,1.0,0.0,0.0,0.0,0.0,0.0,0.0,0.7071067811865475,0.7071067811865475,0.0,0.0,0.0,0.0,0.0,0.0,0.0,0.0,0.0,0.0,0.0,0.0,0.0,0.0,0.0,0.0,0.7071067811865475,0.7071067811865475,1.0,1.0,0.5773502691896258,0.0,0.0,1.0,1.0,0.0,0.0,0.7071067811865475,0.7071067811865475,0.0,0.0,0.0,0.0,0.0,0.0,0.7071067811865475,0.7071067811865475,0.0,0.0,0.0,0.0,0.0,1.0,1.0,0.0,0.0,0.0,0.0,0.0,0.0,0.7071067811865475,0.7071067811865475,0.0,0.0,0.4082482904638631,0.4082482904638631,0.0,0.0,0.0,0.0,0.0,0.4472135954999579,0.0,0.0,0.0,0.0,0.0,0.0,0.0,0.0,0.0,0.7071067811865475,0.7071067811865475,1.0,1.0,0.0,0.0,0.0,0.0,0.0,0.0,0.0,1.0,1.0,1.0,1.0,1.0,1.0,1.0,1.0,1.0,1.0,0.0,0.0,1.0,1.0,1.0,1.0,1.0,1.0,1.0,0.0,0.0,0.0,0.0,0.0,0.0,0.0,0.0,0.7071067811865475,0.7071067811865475,0.7071067811865475,0.7071067811865475,1.0,1.0,1.0,1.0,1.0,1.0,1.0,1.0,1.0,1.0,0.0,0.0,0.0,0.0,1.0,1.0,0.7071067811865475,0.7071067811865475,0.7071067811865475,0.7071067811865475,1.0,1.0,1.0,1.0,0.7071067811865475,0.7071067811865475,0.7071067811865475,0.7071067811865475,1.0,1.0,1.0,1.0,1.0,1.0,1.0,1.0,1.0,1.0,1.0,1.0,1.0,1.0,1.0,1.0,1.0,1.0,1.0,1.0,1.0,1.0,1.0,1.0,1.0,1.0,1.0,1.0,1.0,1.0,1.0,1.0,1.0,0.0,0.0,0.0,0.0,0.0,0.0,1.0,0.7071067811865475,0.7071067811865475,0.7071067811865475,0.7071067811865475,0.7071067811865475,1.0,1.0,1.0,1.0,1.0,1.0,1.0,1.0,1.0,1.0,1.0,1.0,1.0,1.0,1.0,1.0,1.0,0.0,0.0,0.0,0.0,0.0,0.0,0.0,0.0,0.0,0.0,0.0,0.0,0.0,0.4082482904638631,0.4082482904638631,1.0,1.0,1.0,0.4082482904638631,0.4082482904638631,1.0
VB03,0.7071067811865475,0.7071067811865475,0.0,0.0,1.0,0.0,0.0,0.0,1.0,0.7071067811865475,0.7071067811865475,0.0,0.0,0.7071067811865475,0.7071067811865475,1.0,1.0,0.0,0.0,0.0,0.4082482904638631,0.4082482904638631,0.0,0.0,0.0,0.0,0.0,0.0,0.0,0.0,0.0,0.0,1.0,1.0,0.0,0.0,1.0,1.0,1.0,1.0,0.0,0.0,0.7071067811865475,0.7071067811865475,1.0,1.0,1.0,1.0,1.0,1.0,0.0,0.0,0.0,0.0,0.0,0.0,0.0,0.0,0.0,0.0,0.0,0.0,0.0,0.0,0.0,0.0,0.7071067811865475,0.7071067811865475,0.7071067811865475,1.0,0.0,0.0,0.0,0.0,0.0,0.0,0.7071067811865475,0.7071067811865475,0.0,0.0,0.0,0.0,0.0,0.0,0.0,0.0,0.0,0.0,0.0,0.0,0.0,0.0,0.0,0.0,0.7071067811865475,0.7071067811865475,1.0,1.0,0.5773502691896258,0.0,0.0,1.0,1.0,0.0,0.0,0.7071067811865475,0.7071067811865475,0.0,0.0,0.0,0.0,0.0,0.0,0.7071067811865475,0.7071067811865475,0.0,0.0,0.0,0.0,0.0,1.0,1.0,0.0,0.0,0.0,0.0,0.0,0.0,0.7071067811865475,0.7071067811865475,0.0,0.0,0.4082482904638631,0.4082482904638631,0.0,0.0,0.0,0.0,0.0,0.4472135954999579,0.0,0.0,0.0,0.0,0.0,0.0,0.0,0.0,0.0,0.7071067811865475,0.7071067811865475,1.0,1.0,0.0,0.0,0.0,0.0,0.0,0.0,0.0,1.0,1.0,1.0,1.0,1.0,1.0,1.0,1.0,1.0,1.0,0.0,0.0,1.0,1.0,1.0,1.0,1.0,1.0,1.0,0.0,0.0,0.0,0.0,0.0,0.0,0.0,0.0,0.7071067811865475,0.7071067811865475,0.7071067811865475,0.7071067811865475,1.0,1.0,1.0,1.0,1.0,1.0,1.0,1.0,1.0,1.0,0.0,0.0,0.0,0.0,1.0,1.0,0.7071067811865475,0.7071067811865475,0.7071067811865475,0.7071067811865475,1.0,1.0,1.0,1.0,0.7071067811865475,0.7071067811865475,0.7071067811865475,0.7071067811865475,1.0,1.0,1.0,1.0,1.0,1.0,1.0,1.0,1.0,1.0,1.0,1.0,1.0,1.0,1.0,1.0,1.0,1.0,1.0,1.0,1.0,1.0,1.0,1.0,1.0,1.0,1.0,1.0,1.0,1.0,1.0,1.0,1.0,0.0,0.0,0.0,0.0,0.0,0.0,1.0,0.7071067811865475,0.7071067811865475,0.7071067811865475,0.7071067811865475,0.7071067811865475,1.0,1.0,1.0,1.0,1.0,1.0,1.0,1.0,1.0,1.0,1.0,1.0,1.0,1.0,1.0,1.0,1.0,0.0,0.0,0.0,0.0,0.0,0.0,0.0,0.0,0.0,0.0,0.0,0.0,0.0,0.4082482904638631,0.4082482904638631,1.0,1.0,1.0,0.4082482904638631,0.4082482904638631,1.0
VB04,0.7071067811865475,0.7071067811865475,0.0,0.0,1.0,0.0,0.0,0.0,1.0,0.7071067811865475,0.7071067811865475,0.0,0.0,0.7071067811865475,0.7071067811865475,1.0,1.0,0.0,0.0,0.0,0.4082482904638631,0.4082482904638631,0.0,0.0,0.0,0.0,0.0,0.0,0.0,0.0,0.0,0.0,1.0,1.0,0.0,0.0,1.0,1.0,1.0,1.0,0.0,0.0,0.7071067811865475,0.7071067811865475,1.0,1.0,1.0,1.0,1.0,1.0,0.0,0.0,0.0,0.0,0.0,0.0,0.0,0.0,0.0,0.0,0.0,0.0,0.0,0.0,0.0,0.0,0.7071067811865475,0.7071067811865475,0.7071067811865475,1.0,0.0,0.0,0.0,0.0,0.0,0.0,0.7071067811865475,0.7071067811865475,0.0,0.0,0.0,0.0,0.0,0.0,0.0,0.0,0.0,0.0,0.0,0.0,0.0,0.0,0.0,0.0,0.7071067811865475,0.7071067811865475,1.0,1.0,0.5773502691896258,0.0,0.0,1.0,1.0,0.0,0.0,0.7071067811865475,0.7071067811865475,0.0,0.0,0.0,0.0,0.0,0.0,0.7071067811865475,0.7071067811865475,0.0,0.0,0.0,0.0,0.0,1.0,1.0,0.0,0.0,0.0,0.0,0.0,0.0,0.7071067811865475,0.7071067811865475,0.0,0.0,0.4082482904638631,0.4082482904638631,0.0,0.0,0.0,0.0,0.0,0.4472135954999579,0.0,0.0,0.0,0.0,0.0,0.0,0.0,0.0,0.0,0.7071067811865475,0.7071067811865475,1.0,1.0,0.0,0.0,0.0,0.0,0.0,0.0,0.0,1.0,1.0,1.0,1.0,1.0,1.0,1.0,1.0,1.0,1.0,0.0,0.0,1.0,1.0,1.0,1.0,1.0,1.0,1.0,0.0,0.0,0.0,0.0,0.0,0.0,0.0,0.0,0.7071067811865475,0.7071067811865475,0.7071067811865475,0.7071067811865475,1.0,1.0,1.0,1.0,1.0,1.0,1.0,1.0,1.0,1.0,0.0,0.0,0.0,0.0,1.0,1.0,0.7071067811865475,0.7071067811865475,0.7071067811865475,0.7071067811865475,1.0,1.0,1.0,1.0,0.7071067811865475,0.7071067811865475,0.7071067811865475,0.7071067811865475,1.0,1.0,1.0,1.0,1.0,1.0,1.0,1.0,1.0,1.0,1.0,1.0,1.0,1.0,1.0,1.0,1.0,1.0,1.0,1.0,1.0,1.0,1.0,1.0,1.0,1.0,1.0,1.0,1.0,1.0,1.0,1.0,1.0,0.0,0.0,0.0,0.0,0.0,0.0,1.0,0.7071067811865475,0.7071067811865475,0.7071067811865475,0.7071067811865475,0.7071067811865475,1.0,1.0,1.0,1.0,1.0,1.0,1.0,1.0,1.0,1.0,1.0,1.0,1.0,1.0,1.0,1.0,1.0,0.0,0.0,0.0,0.0,0.0,0.0,0.0,0.0,0.0,0.0,0.0,0.0,0.0,0.4082482904638631,0.4082482904638631,1.0,1.0,1.0,0.4082482904638631,0.4082482904638631,1.0
VB05,0.7071067811865475,0.7071067811865475,0.0,0.0,1.0,0.0,0.0,0.0,1.0,0.7071067811865475,0.7071067811865475,0.0,0.0,0.7071067811865475,0.7071067811865475,1.0,1.0,0.0,0.0,0.0,0.4082482904638631,0.4082482904638631,0.0,0.0,0.0,0.0,0.0,0.0,0.0,0.0,0.0,0.0,1.0,1.0,0.0,0.0,1.0,1.0,1.0,1.0,0.0,0.0,0.7071067811865475,0.7071067811865475,1.0,1.0,1.0,1.0,1.0,1.0,0.0,0.0,0.0,0.0,0.0,0.0,0.0,0.0,0.0,0.0,0.0,0.0,0.0,0.0,0.0,0.0,0.7071067811865475,0.7071067811865475,0.7071067811865475,1.0,0.0,0.0,0.0,0.0,0.0,0.0,0.7071067811865475,0.7071067811865475,0.0,0.0,0.0,0.0,0.0,0.0,0.0,0.0,0.0,0.0,0.0,0.0,0.0,0.0,0.0,0.0,0.7071067811865475,0.7071067811865475,1.0,1.0,0.5773502691896258,0.0,0.0,1.0,1.0,0.0,0.0,0.7071067811865475,0.7071067811865475,0.0,0.0,0.0,0.0,0.0,0.0,0.7071067811865475,0.7071067811865475,0.0,0.0,0.0,0.0,0.0,1.0,1.0,0.0,0.0,0.0,0.0,0.0,0.0,0.7071067811865475,0.7071067811865475,0.0,0.0,0.4082482904638631,0.4082482904638631,0.0,0.0,0.0,0.0,0.0,0.4472135954999579,0.0,0.0,0.0,0.0,0.0,0.0,0.0,0.0,0.0,0.7071067811865475,0.7071067811865475,1.0,1.0,0.0,0.0,0.0,0.0,0.0,0.0,0.0,1.0,1.0,1.0,1.0,1.0,1.0,1.0,1.0,1.0,1.0,0.0,0.0,1.0,1.0,1.0,1.0,1.0,1.0,1.0,0.0,0.0,0.0,0.0,0.0,0.0,0.0,0.0,0.7071067811865475,0.7071067811865475,0.7071067811865475,0.7071067811865475,1.0,1.0,1.0,1.0,1.0,1.0,1.0,1.0,1.0,1.0,0.0,0.0,0.0,0.0,1.0,1.0,0.7071067811865475,0.7071067811865475,0.7071067811865475,0.7071067811865475,1.0,1.0,1.0,1.0,0.7071067811865475,0.7071067811865475,0.7071067811865475,0.7071067811865475,1.0,1.0,1.0,1.0,1.0,1.0,1.0,1.0,1.0,1.0,1.0,1.0,1.0,1.0,1.0,1.0,1.0,1.0,1.0,1.0,1.0,1.0,1.0,1.0,1.0,1.0,1.0,1.0,1.0,1.0,1.0,1.0,1.0,0.0,0.0,0.0,0.0,0.0,0.0,1.0,0.7071067811865475,0.7071067811865475,0.7071067811865475,0.7071067811865475,0.7071067811865475,1.0,1.0,1.0,1.0,1.0,1.0,1.0,1.0,1.0,1.0,1.0,1.0,1.0,1.0,1.0,1.0,1.0,0.0,0.0,0.0,0.0,0.0,0.0,0.0,0.0,0.0,0.0,0.0,0.0,0.0,0.4082482904638631,0.4082482904638631,1.0,1.0,1.0,0.4082482904638631,0.4082482904638631,1.0
VB06,0.7071067811865475,0.7071067811865475,0.0,0.0,1.0,0.0,0.0,0.0,1.0,0.7071067811865475,0.7071067811865475,0.0,0.0,0.7071067811865475,0.7071067811865475,1.0,1.0,0.0,0.0,0.0,0.4082482904638631,0.4082482904638631,0.0,0.0,0.0,0.0,0.0,0.0,0.0,0.0,0.0,0.0,1.0,1.0,0.0,0.0,1.0,1.0,1.0,1.0,0.0,0.0,0.7071067811865475,0.7071067811865475,1.0,1.0,1.0,1.0,1.0,1.0,0.0,0.0,0.0,0.0,0.0,0.0,0.0,0.0,0.0,0.0,0.0,0.0,0.0,0.0,0.0,0.0,0.7071067811865475,0.7071067811865475,0.7071067811865475,1.0,0.0,0.0,0.0,0.0,0.0,0.0,0.7071067811865475,0.7071067811865475,0.0,0.0,0.0,0.0,0.0,0.0,0.0,0.0,0.0,0.0,0.0,0.0,0.0,0.0,0.0,0.0,0.7071067811865475,0.7071067811865475,1.0,1.0,0.5773502691896258,0.0,0.0,1.0,1.0,0.0,0.0,0.7071067811865475,0.7071067811865475,0.0,0.0,0.0,0.0,0.0,0.0,0.7071067811865475,0.7071067811865475,0.0,0.0,0.0,0.0,0.0,1.0,1.0,0.0,0.0,0.0,0.0,0.0,0.0,0.7071067811865475,0.7071067811865475,0.0,0.0,0.4082482904638631,0.4082482904638631,0.0,0.0,0.0,0.0,0.0,0.4472135954999579,0.0,0.0,0.0,0.0,0.0,0.0,0.0,0.0,0.0,0.7071067811865475,0.7071067811865475,1.0,1.0,0.0,0.0,0.0,0.0,0.0,0.0,0.0,1.0,1.0,1.0,1.0,1.0,1.0,1.0,1.0,1.0,1.0,0.0,0.0,1.0,1.0,1.0,1.0,1.0,1.0,1.0,0.0,0.0,0.0,0.0,0.0,0.0,0.0,0.0,0.7071067811865475,0.7071067811865475,0.7071067811865475,0.7071067811865475,1.0,1.0,1.0,1.0,1.0,1.0,1.0,1.0,1.0,1.0,0.0,0.0,0.0,0.0,1.0,1.0,0.7071067811865475,0.7071067811865475,0.7071067811865475,0.7071067811865475,1.0,1.0,1.0,1.0,0.7071067811865475,0.7071067811865475,0.7071067811865475,0.7071067811865475,1.0,1.0,1.0,1.0,1.0,1.0,1.0,1.0,1.0,1.0,1.0,1.0,1.0,1.0,1.0,1.0,1.0,1.0,1.0,1.0,1.0,1.0,1.0,1.0,1.0,1.0,1.0,1.0,1.0,1.0,1.0,1.0,1.0,0.0,0.0,0.0,0.0,0.0,0.0,1.0,0.7071067811865475,0.7071067811865475,0.7071067811865475,0.7071067811865475,0.7071067811865475,1.0,1.0,1.0,1.0,1.0,1.0,1.0,1.0,1.0,1.0,1.0,1.0,1.0,1.0,1.0,1.0,1.0,0.0,0.0,0.0,0.0,0.0,0.0,0.0,0.0,0.0,0.0,0.0,0.0,0.0,0.4082482904638631,0.4082482904638631,1.0,1.0,1.0,0.4082482904638631,0.4082482904638631,1.0
VB07,0.7071067811865475,0.7071067811865475,0.0,0.0,1.0,0.0,0.0,0.0,1.0,0.7071067811865475,0.7071067811865475,0.0,0.0,0.7071067811865475,0.7071067811865475,1.0,1.0,0.0,0.0,0.0,0.4082482904638631,0.4082482904638631,0.0,0.0,0.0,0.0,0.0,0.0,0.0,0.0,0.0,0.0,1.0,1.0,0.0,0.0,1.0,1.0,1.0,1.0,0.0,0.0,0.7071067811865475,0.7071067811865475,1.0,1.0,1.0,1.0,1.0,1.0,0.0,0.0,0.0,0.0,0.0,0.0,0.0,0.0,0.0,0.0,0.0,0.0,0.0,0.0,0.0,0.0,0.7071067811865475,0.7071067811865475,0.7071067811865475,1.0,0.0,0.0,0.0,0.0,0.0,0.0,0.7071067811865475,0.7071067811865475,0.0,0.0,0.0,0.0,0.0,0.0,0.0,0.0,0.0,0.0,0.0,0.0,0.0,0.0,0.0,0.0,0.7071067811865475,0.7071067811865475,1.0,1.0,0.5773502691896258,0.0,0.0,1.0,1.0,0.0,0.0,0.7071067811865475,0.7071067811865475,0.0,0.0,0.0,0.0,0.0,0.0,0.7071067811865475,0.7071067811865475,0.0,0.0,0.0,0.0,0.0,1.0,1.0,0.0,0.0,0.0,0.0,0.0,0.0,0.7071067811865475,0.7071067811865475,0.0,0.0,0.4082482904638631,0.4082482904638631,0.0,0.0,0.0,0.0,0.0,0.4472135954999579,0.0,0.0,0.0,0.0,0.0,0.0,0.0,0.0,0.0,0.7071067811865475,0.7071067811865475,1.0,1.0,0.0,0.0,0.0,0.0,0.0,0.0,0.0,1.0,1.0,1.0,1.0,1.0,1.0,1.0,1.0,1.0,1.0,0.0,0.0,1.0,1.0,1.0,1.0,1.0,1.0,1.0,0.0,0.0,0.0,0.0,0.0,0.0,0.0,0.0,0.7071067811865475,0.7071067811865475,0.7071067811865475,0.7071067811865475,1.0,1.0,1.0,1.0,1.0,1.0,1.0,1.0,1.0,1.0,0.0,0.0,0.0,0.0,1.0,1.0,0.7071067811865475,0.7071067811865475,0.7071067811865475,0.7071067811865475,1.0,1.0,1.0,1.0,0.7071067811865475,0.7071067811865475,0.7071067811865475,0.7071067811865475,1.0,1.0,1.0,1.0,1.0,1.0,1.0,1.0,1.0,1.0,1.0,1.0,1.0,1.0,1.0,1.0,1.0,1.0,1.0,1.0,1.0,1.0,1.0,1.0,1.0,1.0,1.0,1.0,1.0,1.0,1.0,1.0,1.0,0.0,0.0,0.0,0.0,0.0,0.0,1.0,0.7071067811865475,0.7071067811865475,0.7071067811865475,0.7071067811865475,0.7071067811865475,1.0,1.0,1.0,1.0,1.0,1.0,1.0,1.0,1.0,1.0,1.0,1.0,1.0,1.0,1.0,1.0,1.0,0.0,0.0,0.0,0.0,0.0,0.0,0.0,0.0,0.0,0.0,0.0,0.0,0.0,0.4082482904638631,0.4082482904638631,1.0,1.0,1.0,0.4082482904638631,0.4082482904638631,1.0
VB08,0.7071067811865475,0.7071067811865475,0.0,0.0,1.0,0.0,0.0,0.0,1.0,0.7071067811865475,0.7071067811865475,0.0,0.0,0.7071067811865475,0.7071067811865475,1.0,1.0,0.0,0.0,0.0,0.4082482904638631,0.4082482904638631,0.0,0.0,0.0,0.0,0.0,0.0,0.0,0.0,0.0,0.0,1.0,1.0,0.0,0.0,1.0,1.0,1.0,1.0,0.0,0.0,0.7071067811865475,0.7071067811865475,1.0,1.0,1.0,1.0,1.0,1.0,0.0,0.0,0.0,0.0,0.0,0.0,0.0,0.0,0.0,0.0,0.0,0.0,0.0,0.0,0.0,0.0,0.7071067811865475,0.7071067811865475,0.7071067811865475,1.0,0.0,0.0,0.0,0.0,0.0,0.0,0.7071067811865475,0.7071067811865475,0.0,0.0,0.0,0.0,0.0,0.0,0.0,0.0,0.0,0.0,0.0,0.0,0.0,0.0,0.0,0.0,0.7071067811865475,0.7071067811865475,1.0,1.0,0.5773502691896258,0.0,0.0,1.0,1.0,0.0,0.0,0.7071067811865475,0.7071067811865475,0.0,0.0,0.0,0.0,0.0,0.0,0.7071067811865475,0.7071067811865475,0.0,0.0,0.0,0.0,0.0,1.0,1.0,0.0,0.0,0.0,0.0,0.0,0.0,0.7071067811865475,0.7071067811865475,0.0,0.0,0.4082482904638631,0.4082482904638631,0.0,0.0,0.0,0.0,0.0,0.4472135954999579,0.0,0.0,0.0,0.0,0.0,0.0,0.0,0.0,0.0,0.7071067811865475,0.7071067811865475,1.0,1.0,0.0,0.0,0.0,0.0,0.0,0.0,0.0,1.0,1.0,1.0,1.0,1.0,1.0,1.0,1.0,1.0,1.0,0.0,0.0,1.0,1.0,1.0,1.0,1.0,1.0,1.0,0.0,0.0,0.0,0.0,0.0,0.0,0.0,0.0,0.7071067811865475,0.7071067811865475,0.7071067811865475,0.7071067811865475,1.0,1.0,1.0,1.0,1.0,1.0,1.0,1.0,1.0,1.0,0.0,0.0,0.0,0.0,1.0,1.0,0.7071067811865475,0.7071067811865475,0.7071067811865475,0.7071067811865475,1.0,1.0,1.0,1.0,0.7071067811865475,0.7071067811865475,0.7071067811865475,0.7071067811865475,1.0,1.0,1.0,1.0,1.0,1.0,1.0,1.0,1.0,1.0,1.0,1.0,1.0,1.0,1.0,1.0,1.0,1.0,1.0,1.0,1.0,1.0,1.0,1.0,1.0,1.0,1.0,1.0,1.0,1.0,1.0,1.0,1.0,0.0,0.0,0.0,0.0,0.0,0.0,1.0,0.7071067811865475,0.7071067811865475,0.7071067811865475,0.7071067811865475,0.7071067811865475,1.0,1.0,1.0,1.0,1.0,1.0,1.0,1.0,1.0,1.0,1.0,1.0,1.0,1.0,1.0,1.0,1.0,0.0,0.0,0.0,0.0,0.0,0.0,0.0,0.0,0.0,0.0,0.0,0.0,0.0,0.4082482904638631,0.4082482904638631,1.0,1.0,1.0,0.4082482904638631,0.4082482904638631,1.0
VB09,0.7071067811865475,0.7071067811865475,0.0,0.0,1.0,0.0,0.0,0.0,1.0,0.7071067811865475,0.7071067811865475,0.0,0.0,0.7071067811865475,0.7071067811865475,1.0,1.0,0.0,0.0,0.0,0.4082482904638631,0.4082482904638631,0.0,0.0,0.0,0.0,0.0,0.0,0.0,0.0,0.0,0.0,1.0,1.0,0.0,0.0,1.0,1.0,1.0,1.0,0.0,0.0,0.7071067811865475,0.7071067811865475,1.0,1.0,1.0,1.0,1.0,1.0,0.0,0.0,0.0,0.0,0.0,0.0,0.0,0.0,0.0,0.0,0.0,0.0,0.0,0.0,0.0,0.0,0.7071067811865475,0.7071067811865475,0.7071067811865475,1.0,0.0,0.0,0.0,0.0,0.0,0.0,0.7071067811865475,0.7071067811865475,0.0,0.0,0.0,0.0,0.0,0.0,0.0,0.0,0.0,0.0,0.0,0.0,0.0,0.0,0.0,0.0,0.7071067811865475,0.7071067811865475,1.0,1.0,0.5773502691896258,0.0,0.0,1.0,1.0,0.0,0.0,0.7071067811865475,0.7071067811865475,0.0,0.0,0.0,0.0,0.0,0.0,0.7071067811865475,0.7071067811865475,0.0,0.0,0.0,0.0,0.0,1.0,1.0,0.0,0.0,0.0,0.0,0.0,0.0,0.7071067811865475,0.7071067811865475,0.0,0.0,0.4082482904638631,0.4082482904638631,0.0,0.0,0.0,0.0,0.0,0.4472135954999579,0.0,0.0,0.0,0.0,0.0,0.0,0.0,0.0,0.0,0.7071067811865475,0.7071067811865475,1.0,1.0,0.0,0.0,0.0,0.0,0.0,0.0,0.0,1.0,1.0,1.0,1.0,1.0,1.0,1.0,1.0,1.0,1.0,0.0,0.0,1.0,1.0,1.0,1.0,1.0,1.0,1.0,0.0,0.0,0.0,0.0,0.0,0.0,0.0,0.0,0.7071067811865475,0.7071067811865475,0.7071067811865475,0.7071067811865475,1.0,1.0,1.0,1.0,1.0,1.0,1.0,1.0,1.0,1.0,0.0,0.0,0.0,0.0,1.0,1.0,0.7071067811865475,0.7071067811865475,0.7071067811865475,0.7071067811865475,1.0,1.0,1.0,1.0,0.7071067811865475,0.7071067811865475,0.7071067811865475,0.7071067811865475,1.0,1.0,1.0,1.0,1.0,1.0,1.0,1.0,1.0,1.0,1.0,1.0,1.0,1.0,1.0,1.0,1.0,1.0,1.0,1.0,1.0,1.0,1.0,1.0,1.0,1.0,1.0,1.0,1.0,1.0,1.0,1.0,1.0,0.0,0.0,0.0,0.0,0.0,0.0,1.0,0.7071067811865475,0.7071067811865475,0.7071067811865475,0.7071067811865475,0.7071067811865475,1.0,1.0,1.0,1.0,1.0,1.0,1.0,1.0,1.0,1.0,1.0,1.0,1.0,1.0,1.0,1.0,1.0,0.0,0.0,0.0,0.0,0.0,0.0,0.0,0.0,0.0,0.0,0.0,0.0,0.0,0.4082482904638631,0.4082482904638631,1.0,1.0,1.0,0.4082482904638631,0.4082482904638631,1.0
VB10,0.7071067811865475,0.7071067811865475,0.0,0.0,1.0,0.0,0.0,0.0,1.0,0.7071067811865475,0.7071067811865475,0.0,0.0,0.7071067811865475,0.7071067811865475,1.0,1.0,0.0,0.0,0.0,0.4082482904638631,0.4082482904638631,0.0,0.0,0.0,0.0,0.0,0.0,0.0,0.0,0.0,0.0,1.0,1.0,0.0,0.0,1.0,1.0,1.0,1.0,0.0,0.0,0.7071067811865475,0.7071067811865475,1.0,1.0,1.0,1.0,1.0,1.0,0.0,0.0,0.0,0.0,0.0,0.0,0.0,0.0,0.0,0.0,0.0,0.0,0.0,0.0,0.0,0.0,0.7071067811865475,0.7071067811865475,0.7071067811865475,1.0,0.0,0.0,0.0,0.0,0.0,0.0,0.7071067811865475,0.7071067811865475,0.0,0.0,0.0,0.0,0.0,0.0,0.0,0.0,0.0,0.0,0.0,0.0,0.0,0.0,0.0,0.0,0.7071067811865475,0.7071067811865475,1.0,1.0,0.5773502691896258,0.0,0.0,1.0,1.0,0.0,0.0,0.7071067811865475,0.7071067811865475,0.0,0.0,0.0,0.0,0.0,0.0,0.7071067811865475,0.7071067811865475,0.0,0.0,0.0,0.0,0.0,1.0,1.0,0.0,0.0,0.0,0.0,0.0,0.0,0.7071067811865475,0.7071067811865475,0.0,0.0,0.4082482904638631,0.4082482904638631,0.0,0.0,0.0,0.0,0.0,0.4472135954999579,0.0,0.0,0.0,0.0,0.0,0.0,0.0,0.0,0.0,0.7071067811865475,0.7071067811865475,1.0,1.0,0.0,0.0,0.0,0.0,0.0,0.0,0.0,1.0,1.0,1.0,1.0,1.0,1.0,1.0,1.0,1.0,1.0,0.0,0.0,1.0,1.0,1.0,1.0,1.0,1.0,1.0,0.0,0.0,0.0,0.0,0.0,0.0,0.0,0.0,0.7071067811865475,0.7071067811865475,0.7071067811865475,0.7071067811865475,1.0,1.0,1.0,1.0,1.0,1.0,1.0,1.0,1.0,1.0,0.0,0.0,0.0,0.0,1.0,1.0,0.7071067811865475,0.7071067811865475,0.7071067811865475,0.7071067811865475,1.0,1.0,1.0,1.0,0.7071067811865475,0.7071067811865475,0.7071067811865475,0.7071067811865475,1.0,1.0,1.0,1.0,1.0,1.0,1.0,1.0,1.0,1.0,1.0,1.0,1.0,1.0,1.0,1.0,1.0,1.0,1.0,1.0,1.0,1.0,1.0,1.0,1.0,1.0,1.0,1.0,1.0,1.0,1.0,1.0,1.0,0.0,0.0,0.0,0.0,0.0,0.0,1.0,0.7071067811865475,0.7071067811865475,0.7071067811865475,0.7071067811865475,0.7071067811865475,1.0,1.0,1.0,1.0,1.0,1.0,1.0,1.0,1.0,1.0,1.0,1.0,1.0,1.0,1.0,1.0,1.0,0.0,0.0,0.0,0.0,0.0,0.0,0.0,0.0,0.0,0.0,0.0,0.0,0.0,0.4082482904638631,0.4082482904638631,1.0,1.0,1.0,0.4082482904638631,0.4082482904638631,1.0
VB11,0.7071067811865475,0.7071067811865475,0.0,0.0,1.0,0.0,0.0,0.0,1.0,0.7071067811865475,0.7071067811865475,0.0,0.0,0.7071067811865475,0.7071067811865475,1.0,1.0,0.0,0.0,0.0,0.4082482904638631,0.4082482904638631,0.0,0.0,0.0,0.0,0.0,0.0,0.0,0.0,0.0,0.0,1.0,1.0,0.0,0.0,1.0,1.0,1.0,1.0,0.0,0.0,0.7071067811865475,0.7071067811865475,1.0,1.0,1.0,1.0,1.0,1.0,0.0,0.0,0.0,0.0,0.0,0.0,0.0,0.0,0.0,0.0,0.0,0.0,0.0,0.0,0.0,0.0,0.7071067811865475,0.7071067811865475,0.7071067811865475,1.0,0.0,0.0,0.0,0.0,0.0,0.0,0.7071067811865475,0.7071067811865475,0.0,0.0,0.0,0.0,0.0,0.0,0.0,0.0,0.0,0.0,0.0,0.0,0.0,0.0,0.0,0.0,0.7071067811865475,0.7071067811865475,1.0,1.0,0.5773502691896258,0.0,0.0,1.0,1.0,0.0,0.0,0.7071067811865475,0.7071067811865475,0.0,0.0,0.0,0.0,0.0,0.0,0.7071067811865475,0.7071067811865475,0.0,0.0,0.0,0.0,0.0,1.0,1.0,0.0,0.0,0.0,0.0,0.0,0.0,0.7071067811865475,0.7071067811865475,0.0,0.0,0.4082482904638631,0.4082482904638631,0.0,0.0,0.0,0.0,0.0,0.4472135954999579,0.0,0.0,0.0,0.0,0.0,0.0,0.0,0.0,0.0,0.7071067811865475,0.7071067811865475,1.0,1.0,0.0,0.0,0.0,0.0,0.0,0.0,0.0,1.0,1.0,1.0,1.0,1.0,1.0,1.0,1.0,1.0,1.0,0.0,0.0,1.0,1.0,1.0,1.0,1.0,1.0,1.0,0.0,0.0,0.0,0.0,0.0,0.0,0.0,0.0,0.7071067811865475,0.7071067811865475,0.7071067811865475,0.7071067811865475,1.0,1.0,1.0,1.0,1.0,1.0,1.0,1.0,1.0,1.0,0.0,0.0,0.0,0.0,1.0,1.0,0.7071067811865475,0.7071067811865475,0.7071067811865475,0.7071067811865475,1.0,1.0,1.0,1.0,0.7071067811865475,0.7071067811865475,0.7071067811865475,0.7071067811865475,1.0,1.0,1.0,1.0,1.0,1.0,1.0,1.0,1.0,1.0,1.0,1.0,1.0,1.0,1.0,1.0,1.0,1.0,1.0,1.0,1.0,1.0,1.0,1.0,1.0,1.0,1.0,1.0,1.0,1.0,1.0,1.0,1.0,0.0,0.0,0.0,0.0,0.0,0.0,1.0,0.7071067811865475,0.7071067811865475,0.7071067811865475,0.7071067811865475,0.7071067811865475,1.0,1.0,1.0,1.0,1.0,1.0,1.0,1.0,1.0,1.0,1.0,1.0,1.0,1.0,1.0,1.0,1.0,0.0,0.0,0.0,0.0,0.0,0.0,0.0,0.0,0.0,0.0,0.0,0.0,0.0,0.4082482904638631,0.4082482904638631,1.0,1.0,1.0,0.4082482904638631,0.4082482904638631,1.0
VD01,0.7071067811865475,0.7071067811865475,0.7071067811865475,0.7071067811865475,0.0,0.0,0.4472135954999579,1.0,0.0,0.7071067811865475,0.7071067811865475,0.4472135954999579,0.4472135954999579,0.7071067811865475,0.0,0.0,0.0,0.7071067811865475,0.4082482904638631,0.4082482904638631,0.0,0.0,0.0,0.0,0.0,0.0,0.0,0.0,0.0,0.0,0.0,0.0,0.0,0.0,0.0,0.0,0.0,0.0,0.0,0.0,0.0,0.0,0.0,0.0,0.0,0.0,0.0,0.0,0.0,0.0,0.0,0.0,0.0,0.0,0.7071067811865475,0.7071067811865475,0.2182178902359924,0.2182178902359924,0.2182178902359924,0.2182178902359924,0.0,0.0,0.0,0.0,0.7071067811865475,0.7071067811865475,0.7071067811865475,0.7071067811865475,0.7071067811865475,0.0,0.0,0.0,0.0,0.0,0.0,0.0,0.7071067811865475,0.7071067811865475,0.0,0.0,0.0,0.0,0.0,0.0,0.0,0.0,0.0,0.0,0.0,0.0,0.0,0.0,0.0,0.0,0.7071067811865475,0.7071067811865475,0.0,0.0,0.5773502691896258,0.0,0.0,0.0,0.0,0.0,0.0,0.7071067811865475,0.7071067811865475,0.0,0.0,0.0,0.0,0.0,0.0,0.7071067811865475,0.7071067811865475,1.0,0.0,0.0,0.0,0.0,0.0,0.0,0.0,0.0,1.0,1.0,0.0,0.0,0.7071067811865475,0.7071067811865475,0.0,0.0,0.0,0.0,1.0,0.0,0.0,0.0,0.0,0.8944271909999159,0.0,0.0,1.0,1.0,1.0,1.0,0.6666666666666666,1.0,0.0,0.0,0.0,0.0,0.0,0.0,0.0,0.0,1.0,0.0,0.0,1.0,0.0,0.0,0.0,0.0,0.0,0.0,0.0,0.0,0.0,0.0,0.0,0.0,0.0,0.0,0.0,0.0,0.0,0.0,0.0,0.0,0.0,0.7071067811865475,0.7071067811865475,0.7071067811865475,0.7071067811865475,0.7071067811865475,0.7071067811865475,0.7071067811865475,0.7071067811865475,0.7071067811865475,0.7071067811865475,0.0,0.0,0.0,0.0,0.0,0.0,0.0,0.0,0.0,0.0,1.0,1.0,1.0,1.0,0.0,0.0,0.7071067811865475,0.7071067811865475,0.7071067811865475,0.7071067811865475,0.0,0.0,0.0,0.0,0.7071067811865475,0.7071067811865475,0.7071067811865475,0.7071067811865475,0.0,0.0,0.0,0.0,0.0,0.0,0.0,0.0,0.0,0.0,0.0,0.0,0.0,0.0,0.0,0.0,0.0,0.0,0.0,0.0,0.0,0.0,0.0,0.0,0.0,0.0,0.0,0.0,0.0,0.0,0.0,0.0,0.0,1.0,1.0,1.0,1.0,1.0,1.0,0.0,0.7071067811865475,0.7071067811865475,0.7071067811865475,0.7071067811865475,0.7071067811865475,0.0,0.0,0.0,0.0,0.0,0.0,0.0,0.0,0.0,0.0,0.0,0.0,0.0,0.0,0.0,0.0,0.0,1.0,1.0,1.0,1.0,1.0,1.0,1.0,1.0,1.0,1.0,1.0,1.0,1.0,0.0,0.0,0.0,0.0,0.0,0.0,0.0,0.0
VD02,0.7071067811865475,0.7071067811865475,0.7071067811865475,0.7071067811865475,0.0,0.0,0.4472135954999579,1.0,0.0,0.7071067811865475,0.7071067811865475,0.4472135954999579,0.4472135954999579,0.7071067811865475,0.0,0.0,0.0,0.7071067811865475,0.4082482904638631,0.4082482904638631,0.0,0.0,0.0,0.0,0.0,0.0,0.0,0.0,0.0,0.0,0.0,0.0,0.0,0.0,0.0,0.0,0.0,0.0,0.0,0.0,0.0,0.0,0.0,0.0,0.0,0.0,0.0,0.0,0.0,0.0,0.0,0.0,0.0,0.0,0.7071067811865475,0.7071067811865475,0.2182178902359924,0.2182178902359924,0.2182178902359924,0.2182178902359924,0.0,0.0,0.0,0.0,0.7071067811865475,0.7071067811865475,0.7071067811865475,0.7071067811865475,0.7071067811865475,0.0,0.0,0.0,0.0,0.0,0.0,0.0,0.7071067811865475,0.7071067811865475,0.0,0.0,0.0,0.0,0.0,0.0,0.0,0.0,0.0,0.0,0.0,0.0,0.0,0.0,0.0,0.0,0.7071067811865475,0.7071067811865475,0.0,0.0,0.5773502691896258,0.0,0.0,0.0,0.0,0.0,0.0,0.7071067811865475,0.7071067811865475,0.0,0.0,0.0,0.0,0.0,0.0,0.7071067811865475,0.7071067811865475,1.0,0.0,0.0,0.0,0.0,0.0,0.0,0.0,0.0,1.0,1.0,0.0,0.0,0.7071067811865475,0.7071067811865475,0.0,0.0,0.0,0.0,1.0,0.0,0.0,0.0,0.0,0.8944271909999159,0.0,0.0,1.0,1.0,1.0,1.0,0.6666666666666666,1.0,0.0,0.0,0.0,0.0,0.0,0.0,0.0,0.0,1.0,0.0,0.0,1.0,0.0,0.0,0.0,0.0,0.0,0.0,0.0,0.0,0.0,0.0,0.0,0.0,0.0,0.0,0.0,0.0,0.0,0.0,0.0,0.0,0.0,0.7071067811865475,0.7071067811865475,0.7071067811865475,0.7071067811865475,0.7071067811865475,0.7071067811865475,0.7071067811865475,0.7071067811865475,0.7071067811865475,0.7071067811865475,0.0,0.0,0.0,0.0,0.0,0.0,0.0,0.0,0.0,0.0,1.0,1.0,1.0,1.0,0.0,0.0,0.7071067811865475,0.7071067811865475,0.7071067811865475,0.7071067811865475,0.0,0.0,0.0,0.0,0.7071067811865475,0.7071067811865475,0.7071067811865475,0.7071067811865475,0.0,0.0,0.0,0.0,0.0,0.0,0.0,0.0,0.0,0.0,0.0,0.0,0.0,0.0,0.0,0.0,0.0,0.0,0.0,0.0,0.0,0.0,0.0,0.0,0.0,0.0,0.0,0.0,0.0,0.0,0.0,0.0,0.0,1.0,1.0,1.0,1.0,1.0,1.0,0.0,0.7071067811865475,0.7071067811865475,0.7071067811865475,0.7071067811865475,0.7071067811865475,0.0,0.0,0.0,0.0,0.0,0.0,0.0,0.0,0.0,0.0,0.0,0.0,0.0,0.0,0.0,0.0,0.0,1.0,1.0,1.0,1.0,1.0,1.0,1.0,1.0,1.0,1.0,1.0,1.0,1.0,0.0,0.0,0.0,0.0,0.0,0.0,0.0,0.0
VD03,0.7071067811865475,0.7071067811865475,0.7071067811865475,0.7071067811865475,0.0,0.0,0.4472135954999579,1.0,0.0,0.7071067811865475,0.7071067811865475,0.4472135954999579,0.4472135954999579,0.7071067811865475,0.0,0.0,0.0,0.7071067811865475,0.4082482904638631,0.4082482904638631,0.0,0.0,0.0,0.0,0.0,0.0,0.0,0.0,0.0,0.0,0.0,0.0,0.0,0.0,0.0,0.0,0.0,0.0,0.0,0.0,0.0,0.0,0.0,0.0,0.0,0.0,0.0,0.0,0.0,0.0,0.0,0.0,0.0,0.0,0.7071067811865475,0.7071067811865475,0.2182178902359924,0.2182178902359924,0.2182178902359924,0.2182178902359924,0.0,0.0,0.0,0.0,0.7071067811865475,0.7071067811865475,0.7071067811865475,0.7071067811865475,0.7071067811865475,0.0,0.0,0.0,0.0,0.0,0.0,0.0,0.7071067811865475,0.7071067811865475,0.0,0.0,0.0,0.0,0.0,0.0,0.0,0.0,0.0,0.0,0.0,0.0,0.0,0.0,0.0,0.0,0.7071067811865475,0.7071067811865475,0.0,0.0,0.5773502691896258,0.0,0.0,0.0,0.0,0.0,0.0,0.7071067811865475,0.7071067811865475,0.0,0.0,0.0,0.0,0.0,0.0,0.7071067811865475,0.7071067811865475,1.0,0.0,0.0,0.0,0.0,0.0,0.0,0.0,0.0,1.0,1.0,0.0,0.0,0.7071067811865475,0.7071067811865475,0.0,0.0,0.0,0.0,1.0,0.0,0.0,0.0,0.0,0.8944271909999159,0.0,0.0,1.0,1.0,1.0,1.0,0.6666666666666666,1.0,0.0,0.0,0.0,0.0,0.0,0.0,0.0,0.0,1.0,0.0,0.0,1.0,0.0,0.0,0.0,0.0,0.0,0.0,0.0,0.0,0.0,0.0,0.0,0.0,0.0,0.0,0.0,0.0,0.0,0.0,0.0,0.0,0.0,0.7071067811865475,0.7071067811865475,0.7071067811865475,0.7071067811865475,0.7071067811865475,0.7071067811865475,0.7071067811865475,0.7071067811865475,0.7071067811865475,0.7071067811865475,0.0,0.0,0.0,0.0,0.0,0.0,0.0,0.0,0.0,0.0,1.0,1.0,1.0,1.0,0.0,0.0,0.7071067811865475,0.7071067811865475,0.7071067811865475,0.7071067811865475,0.0,0.0,0.0,0.0,0.7071067811865475,0.7071067811865475,0.7071067811865475,0.7071067811865475,0.0,0.0,0.0,0.0,0.0,0.0,0.0,0.0,0.0,0.0,0.0,0.0,0.0,0.0,0.0,0.0,0.0,0.0,0.0,0.0,0.0,0.0,0.0,0.0,0.0,0.0,0.0,0.0,0.0,0.0,0.0,0.0,0.0,1.0,1.0,1.0,1.0,1.0,1.0,0.0,0.7071067811865475,0.7071067811865475,0.7071067811865475,0.7071067811865475,0.7071067811865475,0.0,0.0,0.0,0.0,0.0,0.0,0.0,0.0,0.0,0.0,0.0,0.0,0.0,0.0,0.0,0.0,0.0,1.0,1.0,1.0,1.0,1.0,1.0,1.0,1.0,1.0,1.0,1.0,1.0,1.0,0.0,0.0,0.0,0.0,0.0,0.0,0.0,0.0
VD04,0.7071067811865475,0.7071067811865475,0.7071067811865475,0.7071067811865475,0.0,0.0,0.4472135954999579,1.0,0.0,0.7071067811865475,0.7071067811865475,0.4472135954999579,0.4472135954999579,0.7071067811865475,0.0,0.0,0.0,0.7071067811865475,0.4082482904638631,0.4082482904638631,0.0,0.0,0.0,0.0,0.0,0.0,0.0,0.0,0.0,0.0,0.0,0.0,0.0,0.0,0.0,0.0,0.0,0.0,0.0,0.0,0.0,0.0,0.0,0.0,0.0,0.0,0.0,0.0,0.0,0.0,0.0,0.0,0.0,0.0,0.7071067811865475,0.7071067811865475,0.2182178902359924,0.2182178902359924,0.2182178902359924,0.2182178902359924,0.0,0.0,0.0,0.0,0.7071067811865475,0.7071067811865475,0.7071067811865475,0.7071067811865475,0.7071067811865475,0.0,0.0,0.0,0.0,0.0,0.0,0.0,0.7071067811865475,0.7071067811865475,0.0,0.0,0.0,0.0,0.0,0.0,0.0,0.0,0.0,0.0,0.0,0.0,0.0,0.0,0.0,0.0,0.7071067811865475,0.7071067811865475,0.0,0.0,0.5773502691896258,0.0,0.0,0.0,0.0,0.0,0.0,0.7071067811865475,0.7071067811865475,0.0,0.0,0.0,0.0,0.0,0.0,0.7071067811865475,0.7071067811865475,1.0,0.0,0.0,0.0,0.0,0.0,0.0,0.0,0.0,1.0,1.0,0.0,0.0,0.7071067811865475,0.7071067811865475,0.0,0.0,0.0,0.0,1.0,0.0,0.0,0.0,0.0,0.8944271909999159,0.0,0.0,1.0,1.0,1.0,1.0,0.6666666666666666,1.0,0.0,0.0,0.0,0.0,0.0,0.0,0.0,0.0,1.0,0.0,0.0,1.0,0.0,0.0,0.0,0.0,0.0,0.0,0.0,0.0,0.0,0.0,0.0,0.0,0.0,0.0,0.0,0.0,0.0,0.0,0.0,0.0,0.0,0.7071067811865475,0.7071067811865475,0.7071067811865475,0.7071067811865475,0.7071067811865475,0.7071067811865475,0.7071067811865475,0.7071067811865475,0.7071067811865475,0.7071067811865475,0.0,0.0,0.0,0.0,0.0,0.0,0.0,0.0,0.0,0.0,1.0,1.0,1.0,1.0,0.0,0.0,0.7071067811865475,0.7071067811865475,0.7071067811865475,0.7071067811865475,0.0,0.0,0.0,0.0,0.7071067811865475,0.7071067811865475,0.7071067811865475,0.7071067811865475,0.0,0.0,0.0,0.0,0.0,0.0,0.0,0.0,0.0,0.0,0.0,0.0,0.0,0.0,0.0,0.0,0.0,0.0,0.0,0.0,0.0,0.0,0.0,0.0,0.0,0.0,0.0,0.0,0.0,0.0,0.0,0.0,0.0,1.0,1.0,1.0,1.0,1.0,1.0,0.0,0.7071067811865475,0.7071067811865475,0.7071067811865475,0.7071067811865475,0.7071067811865475,0.0,0.0,0.0,0.0,0.0,0.0,0.0,0.0,0.0,0.0,0.0,0.0,0.0,0.0,0.0,0.0,0.0,1.0,1.0,1.0,1.0,1.0,1.0,1.0,1.0,1.0,1.0,1.0,1.0,1.0,0.0,0.0,0.0,0.0,0.0,0.0,0.0,0.0
VD05,0.7071067811865475,0.7071067811865475,0.7071067811865475,0.7071067811865475,0.0,0.0,0.4472135954999579,1.0,0.0,0.7071067811865475,0.7071067811865475,0.4472135954999579,0.4472135954999579,0.7071067811865475,0.0,0.0,0.0,0.7071067811865475,0.4082482904638631,0.4082482904638631,0.0,0.0,0.0,0.0,0.0,0.0,0.0,0.0,0.0,0.0,0.0,0.0,0.0,0.0,0.0,0.0,0.0,0.0,0.0,0.0,0.0,0.0,0.0,0.0,0.0,0.0,0.0,0.0,0.0,0.0,0.0,0.0,0.0,0.0,0.7071067811865475,0.7071067811865475,0.2182178902359924,0.2182178902359924,0.2182178902359924,0.2182178902359924,0.0,0.0,0.0,0.0,0.7071067811865475,0.7071067811865475,0.7071067811865475,0.7071067811865475,0.7071067811865475,0.0,0.0,0.0,0.0,0.0,0.0,0.0,0.7071067811865475,0.7071067811865475,0.0,0.0,0.0,0.0,0.0,0.0,0.0,0.0,0.0,0.0,0.0,0.0,0.0,0.0,0.0,0.0,0.7071067811865475,0.7071067811865475,0.0,0.0,0.5773502691896258,0.0,0.0,0.0,0.0,0.0,0.0,0.7071067811865475,0.7071067811865475,0.0,0.0,0.0,0.0,0.0,0.0,0.7071067811865475,0.7071067811865475,1.0,0.0,0.0,0.0,0.0,0.0,0.0,0.0,0.0,1.0,1.0,0.0,0.0,0.7071067811865475,0.7071067811865475,0.0,0.0,0.0,0.0,1.0,0.0,0.0,0.0,0.0,0.8944271909999159,0.0,0.0,1.0,1.0,1.0,1.0,0.6666666666666666,1.0,0.0,0.0,0.0,0.0,0.0,0.0,0.0,0.0,1.0,0.0,0.0,1.0,0.0,0.0,0.0,0.0,0.0,0.0,0.0,0.0,0.0,0.0,0.0,0.0,0.0,0.0,0.0,0.0,0.0,0.0,0.0,0.0,0.0,0.7071067811865475,0.7071067811865475,0.7071067811865475,0.7071067811865475,0.7071067811865475,0.7071067811865475,0.7071067811865475,0.7071067811865475,0.7071067811865475,0.7071067811865475,0.0,0.0,0.0,0.0,0.0,0.0,0.0,0.0,0.0,0.0,1.0,1.0,1.0,1.0,0.0,0.0,0.7071067811865475,0.7071067811865475,0.7071067811865475,0.7071067811865475,0.0,0.0,0.0,0.0,0.7071067811865475,0.7071067811865475,0.7071067811865475,0.7071067811865475,0.0,0.0,0.0,0.0,0.0,0.0,0.0,0.0,0.0,0.0,0.0,0.0,0.0,0.0,0.0,0.0,0.0,0.0,0.0,0.0,0.0,0.0,0.0,0.0,0.0,0.0,0.0,0.0,0.0,0.0,0.0,0.0,0.0,1.0,1.0,1.0,1.0,1.0,1.0,0.0,0.7071067811865475,0.7071067811865475,0.7071067811865475,0.7071067811865475,0.7071067811865475,0.0,0.0,0.0,0.0,0.0,0.0,0.0,0.0,0.0,0.0,0.0,0.0,0.0,0.0,0.0,0.0,0.0,1.0,1.0,1.0,1.0,1.0,1.0,1.0,1.0,1.0,1.0,1.0,1.0,1.0,0.0,0.0,0.0,0.0,0.0,0.0,0.0,0.0
VD06,0.7071067811865475,0.7071067811865475,0.7071067811865475,0.7071067811865475,0.0,0.0,0.4472135954999579,1.0,0.0,0.7071067811865475,0.7071067811865475,0.4472135954999579,0.4472135954999579,0.7071067811865475,0.0,0.0,0.0,0.7071067811865475,0.4082482904638631,0.4082482904638631,0.0,0.0,0.0,0.0,0.0,0.0,0.0,0.0,0.0,0.0,0.0,0.0,0.0,0.0,0.0,0.0,0.0,0.0,0.0,0.0,0.0,0.0,0.0,0.0,0.0,0.0,0.0,0.0,0.0,0.0,0.0,0.0,0.0,0.0,0.7071067811865475,0.7071067811865475,0.2182178902359924,0.2182178902359924,0.2182178902359924,0.2182178902359924,0.0,0.0,0.0,0.0,0.7071067811865475,0.7071067811865475,0.7071067811865475,0.7071067811865475,0.7071067811865475,0.0,0.0,0.0,0.0,0.0,0.0,0.0,0.7071067811865475,0.7071067811865475,0.0,0.0,0.0,0.0,0.0,0.0,0.0,0.0,0.0,0.0,0.0,0.0,0.0,0.0,0.0,0.0,0.7071067811865475,0.7071067811865475,0.0,0.0,0.5773502691896258,0.0,0.0,0.0,0.0,0.0,0.0,0.7071067811865475,0.7071067811865475,0.0,0.0,0.0,0.0,0.0,0.0,0.7071067811865475,0.7071067811865475,1.0,0.0,0.0,0.0,0.0,0.0,0.0,0.0,0.0,1.0,1.0,0.0,0.0,0.7071067811865475,0.7071067811865475,0.0,0.0,0.0,0.0,1.0,0.0,0.0,0.0,0.0,0.8944271909999159,0.0,0.0,1.0,1.0,1.0,1.0,0.6666666666666666,1.0,0.0,0.0,0.0,0.0,0.0,0.0,0.0,0.0,1.0,0.0,0.0,1.0,0.0,0.0,0.0,0.0,0.0,0.0,0.0,0.0,0.0,0.0,0.0,0.0,0.0,0.0,0.0,0.0,0.0,0.0,0.0,0.0,0.0,0.7071067811865475,0.7071067811865475,0.7071067811865475,0.7071067811865475,0.7071067811865475,0.7071067811865475,0.7071067811865475,0.7071067811865475,0.7071067811865475,0.7071067811865475,0.0,0.0,0.0,0.0,0.0,0.0,0.0,0.0,0.0,0.0,1.0,1.0,1.0,1.0,0.0,0.0,0.7071067811865475,0.7071067811865475,0.7071067811865475,0.7071067811865475,0.0,0.0,0.0,0.0,0.7071067811865475,0.7071067811865475,0.7071067811865475,0.7071067811865475,0.0,0.0,0.0,0.0,0.0,0.0,0.0,0.0,0.0,0.0,0.0,0.0,0.0,0.0,0.0,0.0,0.0,0.0,0.0,0.0,0.0,0.0,0.0,0.0,0.0,0.0,0.0,0.0,0.0,0.0,0.0,0.0,0.0,1.0,1.0,1.0,1.0,1.0,1.0,0.0,0.7071067811865475,0.7071067811865475,0.7071067811865475,0.7071067811865475,0.7071067811865475,0.0,0.0,0.0,0.0,0.0,0.0,0.0,0.0,0.0,0.0,0.0,0.0,0.0,0.0,0.0,0.0,0.0,1.0,1.0,1.0,1.0,1.0,1.0,1.0,1.0,1.0,1.0,1.0,1.0,1.0,0.0,0.0,0.0,0.0,0.0,0.0,0.0,0.0
VD07,0.7071067811865475,0.7071067811865475,0.7071067811865475,0.7071067811865475,0.0,0.0,0.4472135954999579,1.0,0.0,0.7071067811865475,0.7071067811865475,0.4472135954999579,0.4472135954999579,0.7071067811865475,0.0,0.0,0.0,0.7071067811865475,0.4082482904638631,0.4082482904638631,0.0,0.0,0.0,0.0,0.0,0.0,0.0,0.0,0.0,0.0,0.0,0.0,0.0,0.0,0.0,0.0,0.0,0.0,0.0,0.0,0.0,0.0,0.0,0.0,0.0,0.0,0.0,0.0,0.0,0.0,0.0,0.0,0.0,0.0,0.7071067811865475,0.7071067811865475,0.2182178902359924,0.2182178902359924,0.2182178902359924,0.2182178902359924,0.0,0.0,0.0,0.0,0.7071067811865475,0.7071067811865475,0.7071067811865475,0.7071067811865475,0.7071067811865475,0.0,0.0,0.0,0.0,0.0,0.0,0.0,0.7071067811865475,0.7071067811865475,0.0,0.0,0.0,0.0,0.0,0.0,0.0,0.0,0.0,0.0,0.0,0.0,0.0,0.0,0.0,0.0,0.7071067811865475,0.7071067811865475,0.0,0.0,0.5773502691896258,0.0,0.0,0.0,0.0,0.0,0.0,0.7071067811865475,0.7071067811865475,0.0,0.0,0.0,0.0,0.0,0.0,0.7071067811865475,0.7071067811865475,1.0,0.0,0.0,0.0,0.0,0.0,0.0,0.0,0.0,1.0,1.0,0.0,0.0,0.7071067811865475,0.7071067811865475,0.0,0.0,0.0,0.0,1.0,0.0,0.0,0.0,0.0,0.8944271909999159,0.0,0.0,1.0,1.0,1.0,1.0,0.6666666666666666,1.0,0.0,0.0,0.0,0.0,0.0,0.0,0.0,0.0,1.0,0.0,0.0,1.0,0.0,0.0,0.0,0.0,0.0,0.0,0.0,0.0,0.0,0.0,0.0,0.0,0.0,0.0,0.0,0.0,0.0,0.0,0.0,0.0,0.0,0.7071067811865475,0.7071067811865475,0.7071067811865475,0.7071067811865475,0.7071067811865475,0.7071067811865475,0.7071067811865475,0.7071067811865475,0.7071067811865475,0.7071067811865475,0.0,0.0,0.0,0.0,0.0,0.0,0.0,0.0,0.0,0.0,1.0,1.0,1.0,1.0,0.0,0.0,0.7071067811865475,0.7071067811865475,0.7071067811865475,0.7071067811865475,0.0,0.0,0.0,0.0,0.7071067811865475,0.7071067811865475,0.7071067811865475,0.7071067811865475,0.0,0.0,0.0,0.0,0.0,0.0,0.0,0.0,0.0,0.0,0.0,0.0,0.0,0.0,0.0,0.0,0.0,0.0,0.0,0.0,0.0,0.0,0.0,0.0,0.0,0.0,0.0,0.0,0.0,0.0,0.0,0.0,0.0,1.0,1.0,1.0,1.0,1.0,1.0,0.0,0.7071067811865475,0.7071067811865475,0.7071067811865475,0.7071067811865475,0.7071067811865475,0.0,0.0,0.0,0.0,0.0,0.0,0.0,0.0,0.0,0.0,0.0,0.0,0.0,0.0,0.0,0.0,0.0,1.0,1.0,1.0,1.0,1.0,1.0,1.0,1.0,1.0,1.0,1.0,1.0,1.0,0.0,0.0,0.0,0.0,0.0,0.0,0.0,0.0
VD08,0.7071067811865475,0.7071067811865475,0.7071067811865475,0.7071067811865475,0.0,0.0,0.4472135954999579,1.0,0.0,0.7071067811865475,0.7071067811865475,0.4472135954999579,0.4472135954999579,0.7071067811865475,0.0,0.0,0.0,0.7071067811865475,0.4082482904638631,0.4082482904638631,0.0,0.0,0.0,0.0,0.0,0.0,0.0,0.0,0.0,0.0,0.0,0.0,0.0,0.0,0.0,0.0,0.0,0.0,0.0,0.0,0.0,0.0,0.0,0.0,0.0,0.0,0.0,0.0,0.0,0.0,0.0,0.0,0.0,0.0,0.7071067811865475,0.7071067811865475,0.2182178902359924,0.2182178902359924,0.2182178902359924,0.2182178902359924,0.0,0.0,0.0,0.0,0.7071067811865475,0.7071067811865475,0.7071067811865475,0.7071067811865475,0.7071067811865475,0.0,0.0,0.0,0.0,0.0,0.0,0.0,0.7071067811865475,0.7071067811865475,0.0,0.0,0.0,0.0,0.0,0.0,0.0,0.0,0.0,0.0,0.0,0.0,0.0,0.0,0.0,0.0,0.7071067811865475,0.7071067811865475,0.0,0.0,0.5773502691896258,0.0,0.0,0.0,0.0,0.0,0.0,0.7071067811865475,0.7071067811865475,0.0,0.0,0.0,0.0,0.0,0.0,0.7071067811865475,0.7071067811865475,1.0,0.0,0.0,0.0,0.0,0.0,0.0,0.0,0.0,1.0,1.0,0.0,0.0,0.7071067811865475,0.7071067811865475,0.0,0.0,0.0,0.0,1.0,0.0,0.0,0.0,0.0,0.8944271909999159,0.0,0.0,1.0,1.0,1.0,1.0,0.6666666666666666,1.0,0.0,0.0,0.0,0.0,0.0,0.0,0.0,0.0,1.0,0.0,0.0,1.0,0.0,0.0,0.0,0.0,0.0,0.0,0.0,0.0,0.0,0.0,0.0,0.0,0.0,0.0,0.0,0.0,0.0,0.0,0.0,0.0,0.0,0.7071067811865475,0.7071067811865475,0.7071067811865475,0.7071067811865475,0.7071067811865475,0.7071067811865475,0.7071067811865475,0.7071067811865475,0.7071067811865475,0.7071067811865475,0.0,0.0,0.0,0.0,0.0,0.0,0.0,0.0,0.0,0.0,1.0,1.0,1.0,1.0,0.0,0.0,0.7071067811865475,0.7071067811865475,0.7071067811865475,0.7071067811865475,0.0,0.0,0.0,0.0,0.7071067811865475,0.7071067811865475,0.7071067811865475,0.7071067811865475,0.0,0.0,0.0,0.0,0.0,0.0,0.0,0.0,0.0,0.0,0.0,0.0,0.0,0.0,0.0,0.0,0.0,0.0,0.0,0.0,0.0,0.0,0.0,0.0,0.0,0.0,0.0,0.0,0.0,0.0,0.0,0.0,0.0,1.0,1.0,1.0,1.0,1.0,1.0,0.0,0.7071067811865475,0.7071067811865475,0.7071067811865475,0.7071067811865475,0.7071067811865475,0.0,0.0,0.0,0.0,0.0,0.0,0.0,0.0,0.0,0.0,0.0,0.0,0.0,0.0,0.0,0.0,0.0,1.0,1.0,1.0,1.0,1.0,1.0,1.0,1.0,1.0,1.0,1.0,1.0,1.0,0.0,0.0,0.0,0.0,0.0,0.0,0.0,0.0
VD09,0.7071067811865475,0.7071067811865475,0.7071067811865475,0.7071067811865475,0.0,0.0,0.4472135954999579,1.0,0.0,0.7071067811865475,0.7071067811865475,0.4472135954999579,0.4472135954999579,0.7071067811865475,0.0,0.0,0.0,0.7071067811865475,0.4082482904638631,0.4082482904638631,0.0,0.0,0.0,0.0,0.0,0.0,0.0,0.0,0.0,0.0,0.0,0.0,0.0,0.0,0.0,0.0,0.0,0.0,0.0,0.0,0.0,0.0,0.0,0.0,0.0,0.0,0.0,0.0,0.0,0.0,0.0,0.0,0.0,0.0,0.7071067811865475,0.7071067811865475,0.2182178902359924,0.2182178902359924,0.2182178902359924,0.2182178902359924,0.0,0.0,0.0,0.0,0.7071067811865475,0.7071067811865475,0.7071067811865475,0.7071067811865475,0.7071067811865475,0.0,0.0,0.0,0.0,0.0,0.0,0.0,0.7071067811865475,0.7071067811865475,0.0,0.0,0.0,0.0,0.0,0.0,0.0,0.0,0.0,0.0,0.0,0.0,0.0,0.0,0.0,0.0,0.7071067811865475,0.7071067811865475,0.0,0.0,0.5773502691896258,0.0,0.0,0.0,0.0,0.0,0.0,0.7071067811865475,0.7071067811865475,0.0,0.0,0.0,0.0,0.0,0.0,0.7071067811865475,0.7071067811865475,1.0,0.0,0.0,0.0,0.0,0.0,0.0,0.0,0.0,1.0,1.0,0.0,0.0,0.7071067811865475,0.7071067811865475,0.0,0.0,0.0,0.0,1.0,0.0,0.0,0.0,0.0,0.8944271909999159,0.0,0.0,1.0,1.0,1.0,1.0,0.6666666666666666,1.0,0.0,0.0,0.0,0.0,0.0,0.0,0.0,0.0,1.0,0.0,0.0,1.0,0.0,0.0,0.0,0.0,0.0,0.0,0.0,0.0,0.0,0.0,0.0,0.0,0.0,0.0,0.0,0.0,0.0,0.0,0.0,0.0,0.0,0.7071067811865475,0.7071067811865475,0.7071067811865475,0.7071067811865475,0.7071067811865475,0.7071067811865475,0.7071067811865475,0.7071067811865475,0.7071067811865475,0.7071067811865475,0.0,0.0,0.0,0.0,0.0,0.0,0.0,0.0,0.0,0.0,1.0,1.0,1.0,1.0,0.0,0.0,0.7071067811865475,0.7071067811865475,0.7071067811865475,0.7071067811865475,0.0,0.0,0.0,0.0,0.7071067811865475,0.7071067811865475,0.7071067811865475,0.7071067811865475,0.0,0.0,0.0,0.0,0.0,0.0,0.0,0.0,0.0,0.0,0.0,0.0,0.0,0.0,0.0,0.0,0.0,0.0,0.0,0.0,0.0,0.0,0.0,0.0,0.0,0.0,0.0,0.0,0.0,0.0,0.0,0.0,0.0,1.0,1.0,1.0,1.0,1.0,1.0,0.0,0.7071067811865475,0.7071067811865475,0.7071067811865475,0.7071067811865475,0.7071067811865475,0.0,0.0,0.0,0.0,0.0,0.0,0.0,0.0,0.0,0.0,0.0,0.0,0.0,0.0,0.0,0.0,0.0,1.0,1.0,1.0,1.0,1.0,1.0,1.0,1.0,1.0,1.0,1.0,1.0,1.0,0.0,0.0,0.0,0.0,0.0,0.0,0.0,0.0
VD10,0.7071067811865475,0.7071067811865475,0.7071067811865475,0.7071067811865475,0.0,0.0,0.4472135954999579,1.0,0.0,0.7071067811865475,0.7071067811865475,0.4472135954999579,0.4472135954999579,0.7071067811865475,0.0,0.0,0.0,0.7071067811865475,0.4082482904638631,0.4082482904638631,0.0,0.0,0.0,0.0,0.0,0.0,0.0,0.0,0.0,0.0,0.0,0.0,0.0,0.0,0.0,0.0,0.0,0.0,0.0,0.0,0.0,0.0,0.0,0.0,0.0,0.0,0.0,0.0,0.0,0.0,0.0,0.0,0.0,0.0,0.7071067811865475,0.7071067811865475,0.2182178902359924,0.2182178902359924,0.2182178902359924,0.2182178902359924,0.0,0.0,0.0,0.0,0.7071067811865475,0.7071067811865475,0.7071067811865475,0.7071067811865475,0.7071067811865475,0.0,0.0,0.0,0.0,0.0,0.0,0.0,0.7071067811865475,0.7071067811865475,0.0,0.0,0.0,0.0,0.0,0.0,0.0,0.0,0.0,0.0,0.0,0.0,0.0,0.0,0.0,0.0,0.7071067811865475,0.7071067811865475,0.0,0.0,0.5773502691896258,0.0,0.0,0.0,0.0,0.0,0.0,0.7071067811865475,0.7071067811865475,0.0,0.0,0.0,0.0,0.0,0.0,0.7071067811865475,0.7071067811865475,1.0,0.0,0.0,0.0,0.0,0.0,0.0,0.0,0.0,1.0,1.0,0.0,0.0,0.7071067811865475,0.7071067811865475,0.0,0.0,0.0,0.0,1.0,0.0,0.0,0.0,0.0,0.8944271909999159,0.0,0.0,1.0,1.0,1.0,1.0,0.6666666666666666,1.0,0.0,0.0,0.0,0.0,0.0,0.0,0.0,0.0,1.0,0.0,0.0,1.0,0.0,0.0,0.0,0.0,0.0,0.0,0.0,0.0,0.0,0.0,0.0,0.0,0.0,0.0,0.0,0.0,0.0,0.0,0.0,0.0,0.0,0.7071067811865475,0.7071067811865475,0.7071067811865475,0.7071067811865475,0.7071067811865475,0.7071067811865475,0.7071067811865475,0.7071067811865475,0.7071067811865475,0.7071067811865475,0.0,0.0,0.0,0.0,0.0,0.0,0.0,0.0,0.0,0.0,1.0,1.0,1.0,1.0,0.0,0.0,0.7071067811865475,0.7071067811865475,0.7071067811865475,0.7071067811865475,0.0,0.0,0.0,0.0,0.7071067811865475,0.7071067811865475,0.7071067811865475,0.7071067811865475,0.0,0.0,0.0,0.0,0.0,0.0,0.0,0.0,0.0,0.0,0.0,0.0,0.0,0.0,0.0,0.0,0.0,0.0,0.0,0.0,0.0,0.0,0.0,0.0,0.0,0.0,0.0,0.0,0.0,0.0,0.0,0.0,0.0,1.0,1.0,1.0,1.0,1.0,1.0,0.0,0.7071067811865475,0.7071067811865475,0.7071067811865475,0.7071067811865475,0.7071067811865475,0.0,0.0,0.0,0.0,0.0,0.0,0.0,0.0,0.0,0.0,0.0,0.0,0.0,0.0,0.0,0.0,0.0,1.0,1.0,1.0,1.0,1.0,1.0,1.0,1.0,1.0,1.0,1.0,1.0,1.0,0.0,0.0,0.0,0.0,0.0,0.0,0.0,0.0
VD11,0.7071067811865475,0.7071067811865475,0.7071067811865475,0.7071067811865475,0.0,0.0,0.4472135954999579,1.0,0.0,0.7071067811865475,0.7071067811865475,0.4472135954999579,0.4472135954999579,0.7071067811865475,0.0,0.0,0.0,0.7071067811865475,0.4082482904638631,0.4082482904638631,0.0,0.0,0.0,0.0,0.0,0.0,0.0,0.0,0.0,0.0,0.0,0.0,0.0,0.0,0.0,0.0,0.0,0.0,0.0,0.0,0.0,0.0,0.0,0.0,0.0,0.0,0.0,0.0,0.0,0.0,0.0,0.0,0.0,0.0,0.7071067811865475,0.7071067811865475,0.2182178902359924,0.2182178902359924,0.2182178902359924,0.2182178902359924,0.0,0.0,0.0,0.0,0.7071067811865475,0.7071067811865475,0.7071067811865475,0.7071067811865475,0.7071067811865475,0.0,0.0,0.0,0.0,0.0,0.0,0.0,0.7071067811865475,0.7071067811865475,0.0,0.0,0.0,0.0,0.0,0.0,0.0,0.0,0.0,0.0,0.0,0.0,0.0,0.0,0.0,0.0,0.7071067811865475,0.7071067811865475,0.0,0.0,0.5773502691896258,0.0,0.0,0.0,0.0,0.0,0.0,0.7071067811865475,0.7071067811865475,0.0,0.0,0.0,0.0,0.0,0.0,0.7071067811865475,0.7071067811865475,1.0,0.0,0.0,0.0,0.0,0.0,0.0,0.0,0.0,1.0,1.0,0.0,0.0,0.7071067811865475,0.7071067811865475,0.0,0.0,0.0,0.0,1.0,0.0,0.0,0.0,0.0,0.8944271909999159,0.0,0.0,1.0,1.0,1.0,1.0,0.6666666666666666,1.0,0.0,0.0,0.0,0.0,0.0,0.0,0.0,0.0,1.0,0.0,0.0,1.0,0.0,0.0,0.0,0.0,0.0,0.0,0.0,0.0,0.0,0.0,0.0,0.0,0.0,0.0,0.0,0.0,0.0,0.0,0.0,0.0,0.0,0.7071067811865475,0.7071067811865475,0.7071067811865475,0.7071067811865475,0.7071067811865475,0.7071067811865475,0.7071067811865475,0.7071067811865475,0.7071067811865475,0.7071067811865475,0.0,0.0,0.0,0.0,0.0,0.0,0.0,0.0,0.0,0.0,1.0,1.0,1.0,1.0,0.0,0.0,0.7071067811865475,0.7071067811865475,0.7071067811865475,0.7071067811865475,0.0,0.0,0.0,0.0,0.7071067811865475,0.7071067811865475,0.7071067811865475,0.7071067811865475,0.0,0.0,0.0,0.0,0.0,0.0,0.0,0.0,0.0,0.0,0.0,0.0,0.0,0.0,0.0,0.0,0.0,0.0,0.0,0.0,0.0,0.0,0.0,0.0,0.0,0.0,0.0,0.0,0.0,0.0,0.0,0.0,0.0,1.0,1.0,1.0,1.0,1.0,1.0,0.0,0.7071067811865475,0.7071067811865475,0.7071067811865475,0.7071067811865475,0.7071067811865475,0.0,0.0,0.0,0.0,0.0,0.0,0.0,0.0,0.0,0.0,0.0,0.0,0.0,0.0,0.0,0.0,0.0,1.0,1.0,1.0,1.0,1.0,1.0,1.0,1.0,1.0,1.0,1.0,1.0,1.0,0.0,0.0,0.0,0.0,0.0,0.0,0.0,0.0
VD12,0.7071067811865475,0.7071067811865475,0.7071067811865475,0.7071067811865475,0.0,0.0,0.4472135954999579,1.0,0.0,0.7071067811865475,0.7071067811865475,0.4472135954999579,0.4472135954999579,0.7071067811865475,0.0,0.0,0.0,0.7071067811865475,0.4082482904638631,0.4082482904638631,0.0,0.0,0.0,0.0,0.0,0.0,0.0,0.0,0.0,0.0,0.0,0.0,0.0,0.0,0.0,0.0,0.0,0.0,0.0,0.0,0.0,0.0,0.0,0.0,0.0,0.0,0.0,0.0,0.0,0.0,0.0,0.0,0.0,0.0,0.7071067811865475,0.7071067811865475,0.2182178902359924,0.2182178902359924,0.2182178902359924,0.2182178902359924,0.0,0.0,0.0,0.0,0.7071067811865475,0.7071067811865475,0.7071067811865475,0.7071067811865475,0.7071067811865475,0.0,0.0,0.0,0.0,0.0,0.0,0.0,0.7071067811865475,0.7071067811865475,0.0,0.0,0.0,0.0,0.0,0.0,0.0,0.0,0.0,0.0,0.0,0.0,0.0,0.0,0.0,0.0,0.7071067811865475,0.7071067811865475,0.0,0.0,0.5773502691896258,0.0,0.0,0.0,0.0,0.0,0.0,0.7071067811865475,0.7071067811865475,0.0,0.0,0.0,0.0,0.0,0.0,0.7071067811865475,0.7071067811865475,1.0,0.0,0.0,0.0,0.0,0.0,0.0,0.0,0.0,1.0,1.0,0.0,0.0,0.7071067811865475,0.7071067811865475,0.0,0.0,0.0,0.0,1.0,0.0,0.0,0.0,0.0,0.8944271909999159,0.0,0.0,1.0,1.0,1.0,1.0,0.6666666666666666,1.0,0.0,0.0,0.0,0.0,0.0,0.0,0.0,0.0,1.0,0.0,0.0,1.0,0.0,0.0,0.0,0.0,0.0,0.0,0.0,0.0,0.0,0.0,0.0,0.0,0.0,0.0,0.0,0.0,0.0,0.0,0.0,0.0,0.0,0.7071067811865475,0.7071067811865475,0.7071067811865475,0.7071067811865475,0.7071067811865475,0.7071067811865475,0.7071067811865475,0.7071067811865475,0.7071067811865475,0.7071067811865475,0.0,0.0,0.0,0.0,0.0,0.0,0.0,0.0,0.0,0.0,1.0,1.0,1.0,1.0,0.0,0.0,0.7071067811865475,0.7071067811865475,0.7071067811865475,0.7071067811865475,0.0,0.0,0.0,0.0,0.7071067811865475,0.7071067811865475,0.7071067811865475,0.7071067811865475,0.0,0.0,0.0,0.0,0.0,0.0,0.0,0.0,0.0,0.0,0.0,0.0,0.0,0.0,0.0,0.0,0.0,0.0,0.0,0.0,0.0,0.0,0.0,0.0,0.0,0.0,0.0,0.0,0.0,0.0,0.0,0.0,0.0,1.0,1.0,1.0,1.0,1.0,1.0,0.0,0.7071067811865475,0.7071067811865475,0.7071067811865475,0.7071067811865475,0.7071067811865475,0.0,0.0,0.0,0.0,0.0,0.0,0.0,0.0,0.0,0.0,0.0,0.0,0.0,0.0,0.0,0.0,0.0,1.0,1.0,1.0,1.0,1.0,1.0,1.0,1.0,1.0,1.0,1.0,1.0,1.0,0.0,0.0,0.0,0.0,0.0,0.0,0.0,0.0
VD13,0.7071067811865475,0.7071067811865475,0.7071067811865475,0.7071067811865475,0.0,0.0,0.4472135954999579,1.0,0.0,0.7071067811865475,0.7071067811865475,0.4472135954999579,0.4472135954999579,0.7071067811865475,0.0,0.0,0.0,0.7071067811865475,0.4082482904638631,0.4082482904638631,0.0,0.0,0.0,0.0,0.0,0.0,0.0,0.0,0.0,0.0,0.0,0.0,0.0,0.0,0.0,0.0,0.0,0.0,0.0,0.0,0.0,0.0,0.0,0.0,0.0,0.0,0.0,0.0,0.0,0.0,0.0,0.0,0.0,0.0,0.7071067811865475,0.7071067811865475,0.2182178902359924,0.2182178902359924,0.2182178902359924,0.2182178902359924,0.0,0.0,0.0,0.0,0.7071067811865475,0.7071067811865475,0.7071067811865475,0.7071067811865475,0.7071067811865475,0.0,0.0,0.0,0.0,0.0,0.0,0.0,0.7071067811865475,0.7071067811865475,0.0,0.0,0.0,0.0,0.0,0.0,0.0,0.0,0.0,0.0,0.0,0.0,0.0,0.0,0.0,0.0,0.7071067811865475,0.7071067811865475,0.0,0.0,0.5773502691896258,0.0,0.0,0.0,0.0,0.0,0.0,0.7071067811865475,0.7071067811865475,0.0,0.0,0.0,0.0,0.0,0.0,0.7071067811865475,0.7071067811865475,1.0,0.0,0.0,0.0,0.0,0.0,0.0,0.0,0.0,1.0,1.0,0.0,0.0,0.7071067811865475,0.7071067811865475,0.0,0.0,0.0,0.0,1.0,0.0,0.0,0.0,0.0,0.8944271909999159,0.0,0.0,1.0,1.0,1.0,1.0,0.6666666666666666,1.0,0.0,0.0,0.0,0.0,0.0,0.0,0.0,0.0,1.0,0.0,0.0,1.0,0.0,0.0,0.0,0.0,0.0,0.0,0.0,0.0,0.0,0.0,0.0,0.0,0.0,0.0,0.0,0.0,0.0,0.0,0.0,0.0,0.0,0.7071067811865475,0.7071067811865475,0.7071067811865475,0.7071067811865475,0.7071067811865475,0.7071067811865475,0.7071067811865475,0.7071067811865475,0.7071067811865475,0.7071067811865475,0.0,0.0,0.0,0.0,0.0,0.0,0.0,0.0,0.0,0.0,1.0,1.0,1.0,1.0,0.0,0.0,0.7071067811865475,0.7071067811865475,0.7071067811865475,0.7071067811865475,0.0,0.0,0.0,0.0,0.7071067811865475,0.7071067811865475,0.7071067811865475,0.7071067811865475,0.0,0.0,0.0,0.0,0.0,0.0,0.0,0.0,0.0,0.0,0.0,0.0,0.0,0.0,0.0,0.0,0.0,0.0,0.0,0.0,0.0,0.0,0.0,0.0,0.0,0.0,0.0,0.0,0.0,0.0,0.0,0.0,0.0,1.0,1.0,1.0,1.0,1.0,1.0,0.0,0.7071067811865475,0.7071067811865475,0.7071067811865475,0.7071067811865475,0.7071067811865475,0.0,0.0,0.0,0.0,0.0,0.0,0.0,0.0,0.0,0.0,0.0,0.0,0.0,0.0,0.0,0.0,0.0,1.0,1.0,1.0,1.0,1.0,1.0,1.0,1.0,1.0,1.0,1.0,1.0,1.0,0.0,0.0,0.0,0.0,0.0,0.0,0.0,0.0
HSNL,0.2886751345948129,0.2886751345948129,0.0,0.0,0.4082482904638631,0.0,0.0,0.0,0.4082482904638631,0.2886751345948129,0.2886751345948129,0.0,0.0,0.2886751345948129,0.2886751345948129,0.4082482904638631,0.4082482904638631,0.0,0.8333333333333335,0.8333333333333335,1.0000000000000002,1.0000000000000002,0.0,0.0,0.0,0.0,0.0,0.0,0.0,0.0,0.9128709291752769,0.9128709291752769,0.4082482904638631,0.4082482904638631,0.0,0.0,0.4082482904638631,0.4082482904638631,0.4082482904638631,0.4082482904638631,0.0,0.0,0.2886751345948129,0.2886751345948129,0.4082482904638631,0.4082482904638631,0.4082482904638631,0.4082482904638631,0.4082482904638631,0.4082482904638631,0.0,0.0,0.0,0.0,0.0,0.0,0.890870806374748,0.890870806374748,0.890870806374748,0.890870806374748,0.0,0.0,0.0,0.0,0.0,0.0,0.2886751345948129,0.2886751345948129,0.2886751345948129,0.4082482904638631,0.0,0.0,0.0,0.0,0.0,0.0,0.2886751345948129,0.2886751345948129,0.0,0.0,0.0,0.0,0.0,0.0,0.9128709291752769,0.9128709291752769,0.8333333333333335,0.8333333333333335,0.0,0.0,0.0,0.0,0.0,0.0,0.2886751345948129,0.2886751345948129,0.4082482904638631,0.4082482904638631,0.23570226039551587,0.8333333333333335,0.8333333333333335,0.4082482904638631,0.4082482904638631,0.0,0.0,0.2886751345948129,0.2886751345948129,0.0,0.0,0.0,0.0,0.0,0.0,0.2886751345948129,0.2886751345948129,0.0,0.0,0.0,0.9128709291752769,0.9128709291752769,0.4082482904638631,0.4082482904638631,0.0,0.0,0.0,0.0,0.8333333333333335,0.8333333333333335,0.2886751345948129,0.2886751345948129,0.0,0.0,1.0000000000000002,1.0000000000000002,0.0,0.0,0.0,0.0,0.0,0.18257418583505536,0.0,0.0,0.0,0.0,0.0,0.0,0.6804138174397718,0.0,0.0,0.2886751345948129,0.2886751345948129,0.4082482904638631,0.4082482904638631,0.0,0.0,0.0,0.0,0.0,0.0,0.0,0.4082482904638631,0.4082482904638631,0.4082482904638631,0.4082482904638631,0.4082482904638631,0.4082482904638631,0.4082482904638631,0.4082482904638631,0.4082482904638631,0.4082482904638631,0.0,0.0,0.4082482904638631,0.4082482904638631,0.4082482904638631,0.4082482904638631,0.4082482904638631,0.4082482904638631,0.4082482904638631,0.8333333333333335,0.8333333333333335,0.0,0.0,0.0,0.0,0.0,0.0,0.2886751345948129,0.2886751345948129,0.2886751345948129,0.2886751345948129,0.4082482904638631,0.4082482904638631,0.4082482904638631,0.4082482904638631,0.4082482904638631,0.4082482904638631,0.4082482904638631,0.4082482904638631,0.4082482904638631,0.4082482904638631,0.0,0.0,0.0,0.0,0.4082482904638631,0.4082482904638631,0.2886751345948129,0.2886751345948129,0.2886751345948129,0.2886751345948129,0.4082482904638631,0.4082482904638631,0.4082482904638631,0.4082482904638631,0.2886751345948129,0.2886751345948129,0.2886751345948129,0.2886751345948129,0.4082482904638631,0.4082482904638631,0.4082482904638631,0.4082482904638631,0.4082482904638631,0.4082482904638631,0.4082482904638631,0.4082482904638631,0.4082482904638631,0.4082482904638631,0.4082482904638631,0.4082482904638631,0.4082482904638631,0.4082482904638631,0.4082482904638631,0.4082482904638631,0.4082482904638631,0.4082482904638631,0.4082482904638631,0.4082482904638631,0.4082482904638631,0.4082482904638631,0.4082482904638631,0.4082482904638631,0.4082482904638631,0.4082482904638631,0.4082482904638631,0.4082482904638631,0.4082482904638631,0.4082482904638631,0.4082482904638631,0.4082482904638631,0.4082482904638631,0.0,0.0,0.0,0.0,0.0,0.0,0.4082482904638631,0.2886751345948129,0.2886751345948129,0.2886751345948129,0.2886751345948129,0.2886751345948129,0.4082482904638631,0.4082482904638631,0.4082482904638631,0.4082482904638631,0.4082482904638631,0.4082482904638631,0.4082482904638631,0.4082482904638631,0.4082482904638631,0.4082482904638631,0.4082482904638631,0.4082482904638631,0.4082482904638631,0.4082482904638631,0.4082482904638631,0.4082482904638631,0.4082482904638631,0.0,0.0,0.0,0.0,0.0,0.0,0.0,0.0,0.0,0.0,0.0,0.0,0.0,1.0,1.0000000000000002,0.4082482904638631,0.4082482904638631,0.4082482904638631,1.0000000000000002,1.0000000000000002,0.4082482904638631
HSNR,0.2886751345948129,0.2886751345948129,0.0,0.0,0.4082482904638631,0.0,0.0,0.0,0.4082482904638631,0.2886751345948129,0.2886751345948129,0.0,0.0,0.2886751345948129,0.2886751345948129,0.4082482904638631,0.4082482904638631,0.0,0.8333333333333335,0.8333333333333335,1.0000000000000002,1.0000000000000002,0.0,0.0,0.0,0.0,0.0,0.0,0.0,0.0,0.9128709291752769,0.9128709291752769,0.4082482904638631,0.4082482904638631,0.0,0.0,0.4082482904638631,0.4082482904638631,0.4082482904638631,0.4082482904638631,0.0,0.0,0.2886751345948129,0.2886751345948129,0.4082482904638631,0.4082482904638631,0.4082482904638631,0.4082482904638631,0.4082482904638631,0.4082482904638631,0.0,0.0,0.0,0.0,0.0,0.0,0.890870806374748,0.890870806374748,0.890870806374748,0.890870806374748,0.0,0.0,0.0,0.0,0.0,0.0,0.2886751345948129,0.2886751345948129,0.2886751345948129,0.4082482904638631,0.0,0.0,0.0,0.0,0.0,0.0,0.2886751345948129,0.2886751345948129,0.0,0.0,0.0,0.0,0.0,0.0,0.9128709291752769,0.9128709291752769,0.8333333333333335,0.8333333333333335,0.0,0.0,0.0,0.0,0.0,0.0,0.2886751345948129,0.2886751345948129,0.4082482904638631,0.4082482904638631,0.23570226039551587,0.8333333333333335,0.8333333333333335,0.4082482904638631,0.4082482904638631,0.0,0.0,0.2886751345948129,0.2886751345948129,0.0,0.0,0.0,0.0,0.0,0.0,0.2886751345948129,0.2886751345948129,0.0,0.0,0.0,0.9128709291752769,0.9128709291752769,0.4082482904638631,0.4082482904638631,0.0,0.0,0.0,0.0,0.8333333333333335,0.8333333333333335,0.2886751345948129,0.2886751345948129,0.0,0.0,1.0000000000000002,1.0000000000000002,0.0,0.0,0.0,0.0,0.0,0.18257418583505536,0.0,0.0,0.0,0.0,0.0,0.0,0.6804138174397718,0.0,0.0,0.2886751345948129,0.2886751345948129,0.4082482904638631,0.4082482904638631,0.0,0.0,0.0,0.0,0.0,0.0,0.0,0.4082482904638631,0.4082482904638631,0.4082482904638631,0.4082482904638631,0.4082482904638631,0.4082482904638631,0.4082482904638631,0.4082482904638631,0.4082482904638631,0.4082482904638631,0.0,0.0,0.4082482904638631,0.4082482904638631,0.4082482904638631,0.4082482904638631,0.4082482904638631,0.4082482904638631,0.4082482904638631,0.8333333333333335,0.8333333333333335,0.0,0.0,0.0,0.0,0.0,0.0,0.2886751345948129,0.2886751345948129,0.2886751345948129,0.2886751345948129,0.4082482904638631,0.4082482904638631,0.4082482904638631,0.4082482904638631,0.4082482904638631,0.4082482904638631,0.4082482904638631,0.4082482904638631,0.4082482904638631,0.4082482904638631,0.0,0.0,0.0,0.0,0.4082482904638631,0.4082482904638631,0.2886751345948129,0.2886751345948129,0.2886751345948129,0.2886751345948129,0.4082482904638631,0.4082482904638631,0.4082482904638631,0.4082482904638631,0.2886751345948129,0.2886751345948129,0.2886751345948129,0.2886751345948129,0.4082482904638631,0.4082482904638631,0.4082482904638631,0.4082482904638631,0.4082482904638631,0.4082482904638631,0.4082482904638631,0.4082482904638631,0.4082482904638631,0.4082482904638631,0.4082482904638631,0.4082482904638631,0.4082482904638631,0.4082482904638631,0.4082482904638631,0.4082482904638631,0.4082482904638631,0.4082482904638631,0.4082482904638631,0.4082482904638631,0.4082482904638631,0.4082482904638631,0.4082482904638631,0.4082482904638631,0.4082482904638631,0.4082482904638631,0.4082482904638631,0.4082482904638631,0.4082482904638631,0.4082482904638631,0.4082482904638631,0.4082482904638631,0.4082482904638631,0.0,0.0,0.0,0.0,0.0,0.0,0.4082482904638631,0.2886751345948129,0.2886751345948129,0.2886751345948129,0.2886751345948129,0.2886751345948129,0.4082482904638631,0.4082482904638631,0.4082482904638631,0.4082482904638631,0.4082482904638631,0.4082482904638631,0.4082482904638631,0.4082482904638631,0.4082482904638631,0.4082482904638631,0.4082482904638631,0.4082482904638631,0.4082482904638631,0.4082482904638631,0.4082482904638631,0.4082482904638631,0.4082482904638631,0.0,0.0,0.0,0.0,0.0,0.0,0.0,0.0,0.0,0.0,0.0,0.0,0.0,1.0000000000000002,1.0,0.4082482904638631,0.4082482904638631,0.4082482904638631,1.0000000000000002,1.0000000000000002,0.4082482904638631
VC01,0.7071067811865475,0.7071067811865475,0.0,0.0,1.0,0.0,0.0,0.0,1.0,0.7071067811865475,0.7071067811865475,0.0,0.0,0.7071067811865475,0.7071067811865475,1.0,1.0,0.0,0.0,0.0,0.4082482904638631,0.4082482904638631,0.0,0.0,0.0,0.0,0.0,0.0,0.0,0.0,0.0,0.0,1.0,1.0,0.0,0.0,1.0,1.0,1.0,1.0,0.0,0.0,0.7071067811865475,0.7071067811865475,1.0,1.0,1.0,1.0,1.0,1.0,0.0,0.0,0.0,0.0,0.0,0.0,0.0,0.0,0.0,0.0,0.0,0.0,0.0,0.0,0.0,0.0,0.7071067811865475,0.7071067811865475,0.7071067811865475,1.0,0.0,0.0,0.0,0.0,0.0,0.0,0.7071067811865475,0.7071067811865475,0.0,0.0,0.0,0.0,0.0,0.0,0.0,0.0,0.0,0.0,0.0,0.0,0.0,0.0,0.0,0.0,0.7071067811865475,0.7071067811865475,1.0,1.0,0.5773502691896258,0.0,0.0,1.0,1.0,0.0,0.0,0.7071067811865475,0.7071067811865475,0.0,0.0,0.0,0.0,0.0,0.0,0.7071067811865475,0.7071067811865475,0.0,0.0,0.0,0.0,0.0,1.0,1.0,0.0,0.0,0.0,0.0,0.0,0.0,0.7071067811865475,0.7071067811865475,0.0,0.0,0.4082482904638631,0.4082482904638631,0.0,0.0,0.0,0.0,0.0,0.4472135954999579,0.0,0.0,0.0,0.0,0.0,0.0,0.0,0.0,0.0,0.7071067811865475,0.7071067811865475,1.0,1.0,0.0,0.0,0.0,0.0,0.0,0.0,0.0,1.0,1.0,1.0,1.0,1.0,1.0,1.0,1.0,1.0,1.0,0.0,0.0,1.0,1.0,1.0,1.0,1.0,1.0,1.0,0.0,0.0,0.0,0.0,0.0,0.0,0.0,0.0,0.7071067811865475,0.7071067811865475,0.7071067811865475,0.7071067811865475,1.0,1.0,1.0,1.0,1.0,1.0,1.0,1.0,1.0,1.0,0.0,0.0,0.0,0.0,1.0,1.0,0.7071067811865475,0.7071067811865475,0.7071067811865475,0.7071067811865475,1.0,1.0,1.0,1.0,0.7071067811865475,0.7071067811865475,0.7071067811865475,0.7071067811865475,1.0,1.0,1.0,1.0,1.0,1.0,1.0,1.0,1.0,1.0,1.0,1.0,1.0,1.0,1.0,1.0,1.0,1.0,1.0,1.0,1.0,1.0,1.0,1.0,1.0,1.0,1.0,1.0,1.0,1.0,1.0,1.0,1.0,0.0,0.0,0.0,0.0,0.0,0.0,1.0,0.7071067811865475,0.7071067811865475,0.7071067811865475,0.7071067811865475,0.7071067811865475,1.0,1.0,1.0,1.0,1.0,1.0,1.0,1.0,1.0,1.0,1.0,1.0,1.0,1.0,1.0,1.0,1.0,0.0,0.0,0.0,0.0,0.0,0.0,0.0,0.0,0.0,0.0,0.0,0.0,0.0,0.4082482904638631,0.4082482904638631,1.0,1.0,1.0,0.4082482904638631,0.4082482904638631,1.0
VC02,0.7071067811865475,0.7071067811865475,0.0,0.0,1.0,0.0,0.0,0.0,1.0,0.7071067811865475,0.7071067811865475,0.0,0.0,0.7071067811865475,0.7071067811865475,1.0,1.0,0.0,0.0,0.0,0.4082482904638631,0.4082482904638631,0.0,0.0,0.0,0.0,0.0,0.0,0.0,0.0,0.0,0.0,1.0,1.0,0.0,0.0,1.0,1.0,1.0,1.0,0.0,0.0,0.7071067811865475,0.7071067811865475,1.0,1.0,1.0,1.0,1.0,1.0,0.0,0.0,0.0,0.0,0.0,0.0,0.0,0.0,0.0,0.0,0.0,0.0,0.0,0.0,0.0,0.0,0.7071067811865475,0.7071067811865475,0.7071067811865475,1.0,0.0,0.0,0.0,0.0,0.0,0.0,0.7071067811865475,0.7071067811865475,0.0,0.0,0.0,0.0,0.0,0.0,0.0,0.0,0.0,0.0,0.0,0.0,0.0,0.0,0.0,0.0,0.7071067811865475,0.7071067811865475,1.0,1.0,0.5773502691896258,0.0,0.0,1.0,1.0,0.0,0.0,0.7071067811865475,0.7071067811865475,0.0,0.0,0.0,0.0,0.0,0.0,0.7071067811865475,0.7071067811865475,0.0,0.0,0.0,0.0,0.0,1.0,1.0,0.0,0.0,0.0,0.0,0.0,0.0,0.7071067811865475,0.7071067811865475,0.0,0.0,0.4082482904638631,0.4082482904638631,0.0,0.0,0.0,0.0,0.0,0.4472135954999579,0.0,0.0,0.0,0.0,0.0,0.0,0.0,0.0,0.0,0.7071067811865475,0.7071067811865475,1.0,1.0,0.0,0.0,0.0,0.0,0.0,0.0,0.0,1.0,1.0,1.0,1.0,1.0,1.0,1.0,1.0,1.0,1.0,0.0,0.0,1.0,1.0,1.0,1.0,1.0,1.0,1.0,0.0,0.0,0.0,0.0,0.0,0.0,0.0,0.0,0.7071067811865475,0.7071067811865475,0.7071067811865475,0.7071067811865475,1.0,1.0,1.0,1.0,1.0,1.0,1.0,1.0,1.0,1.0,0.0,0.0,0.0,0.0,1.0,1.0,0.7071067811865475,0.7071067811865475,0.7071067811865475,0.7071067811865475,1.0,1.0,1.0,1.0,0.7071067811865475,0.7071067811865475,0.7071067811865475,0.7071067811865475,1.0,1.0,1.0,1.0,1.0,1.0,1.0,1.0,1.0,1.0,1.0,1.0,1.0,1.0,1.0,1.0,1.0,1.0,1.0,1.0,1.0,1.0,1.0,1.0,1.0,1.0,1.0,1.0,1.0,1.0,1.0,1.0,1.0,0.0,0.0,0.0,0.0,0.0,0.0,1.0,0.7071067811865475,0.7071067811865475,0.7071067811865475,0.7071067811865475,0.7071067811865475,1.0,1.0,1.0,1.0,1.0,1.0,1.0,1.0,1.0,1.0,1.0,1.0,1.0,1.0,1.0,1.0,1.0,0.0,0.0,0.0,0.0,0.0,0.0,0.0,0.0,0.0,0.0,0.0,0.0,0.0,0.4082482904638631,0.4082482904638631,1.0,1.0,1.0,0.4082482904638631,0.4082482904638631,1.0
VC03,0.7071067811865475,0.7071067811865475,0.0,0.0,1.0,0.0,0.0,0.0,1.0,0.7071067811865475,0.7071067811865475,0.0,0.0,0.7071067811865475,0.7071067811865475,1.0,1.0,0.0,0.0,0.0,0.4082482904638631,0.4082482904638631,0.0,0.0,0.0,0.0,0.0,0.0,0.0,0.0,0.0,0.0,1.0,1.0,0.0,0.0,1.0,1.0,1.0,1.0,0.0,0.0,0.7071067811865475,0.7071067811865475,1.0,1.0,1.0,1.0,1.0,1.0,0.0,0.0,0.0,0.0,0.0,0.0,0.0,0.0,0.0,0.0,0.0,0.0,0.0,0.0,0.0,0.0,0.7071067811865475,0.7071067811865475,0.7071067811865475,1.0,0.0,0.0,0.0,0.0,0.0,0.0,0.7071067811865475,0.7071067811865475,0.0,0.0,0.0,0.0,0.0,0.0,0.0,0.0,0.0,0.0,0.0,0.0,0.0,0.0,0.0,0.0,0.7071067811865475,0.7071067811865475,1.0,1.0,0.5773502691896258,0.0,0.0,1.0,1.0,0.0,0.0,0.7071067811865475,0.7071067811865475,0.0,0.0,0.0,0.0,0.0,0.0,0.7071067811865475,0.7071067811865475,0.0,0.0,0.0,0.0,0.0,1.0,1.0,0.0,0.0,0.0,0.0,0.0,0.0,0.7071067811865475,0.7071067811865475,0.0,0.0,0.4082482904638631,0.4082482904638631,0.0,0.0,0.0,0.0,0.0,0.4472135954999579,0.0,0.0,0.0,0.0,0.0,0.0,0.0,0.0,0.0,0.7071067811865475,0.7071067811865475,1.0,1.0,0.0,0.0,0.0,0.0,0.0,0.0,0.0,1.0,1.0,1.0,1.0,1.0,1.0,1.0,1.0,1.0,1.0,0.0,0.0,1.0,1.0,1.0,1.0,1.0,1.0,1.0,0.0,0.0,0.0,0.0,0.0,0.0,0.0,0.0,0.7071067811865475,0.7071067811865475,0.7071067811865475,0.7071067811865475,1.0,1.0,1.0,1.0,1.0,1.0,1.0,1.0,1.0,1.0,0.0,0.0,0.0,0.0,1.0,1.0,0.7071067811865475,0.7071067811865475,0.7071067811865475,0.7071067811865475,1.0,1.0,1.0,1.0,0.7071067811865475,0.7071067811865475,0.7071067811865475,0.7071067811865475,1.0,1.0,1.0,1.0,1.0,1.0,1.0,1.0,1.0,1.0,1.0,1.0,1.0,1.0,1.0,1.0,1.0,1.0,1.0,1.0,1.0,1.0,1.0,1.0,1.0,1.0,1.0,1.0,1.0,1.0,1.0,1.0,1.0,0.0,0.0,0.0,0.0,0.0,0.0,1.0,0.7071067811865475,0.7071067811865475,0.7071067811865475,0.7071067811865475,0.7071067811865475,1.0,1.0,1.0,1.0,1.0,1.0,1.0,1.0,1.0,1.0,1.0,1.0,1.0,1.0,1.0,1.0,1.0,0.0,0.0,0.0,0.0,0.0,0.0,0.0,0.0,0.0,0.0,0.0,0.0,0.0,0.4082482904638631,0.4082482904638631,1.0,1.0,1.0,0.4082482904638631,0.4082482904638631,1.0
VC04,0.2886751345948129,0.2886751345948129,0.0,0.0,0.4082482904638631,0.0,0.0,0.0,0.4082482904638631,0.2886751345948129,0.2886751345948129,0.0,0.0,0.2886751345948129,0.2886751345948129,0.4082482904638631,0.4082482904638631,0.0,0.8333333333333335,0.8333333333333335,1.0000000000000002,1.0000000000000002,0.0,0.0,0.0,0.0,0.0,0.0,0.0,0.0,0.9128709291752769,0.9128709291752769,0.4082482904638631,0.4082482904638631,0.0,0.0,0.4082482904638631,0.4082482904638631,0.4082482904638631,0.4082482904638631,0.0,0.0,0.2886751345948129,0.2886751345948129,0.4082482904638631,0.4082482904638631,0.4082482904638631,0.4082482904638631,0.4082482904638631,0.4082482904638631,0.0,0.0,0.0,0.0,0.0,0.0,0.890870806374748,0.890870806374748,0.890870806374748,0.890870806374748,0.0,0.0,0.0,0.0,0.0,0.0,0.2886751345948129,0.2886751345948129,0.2886751345948129,0.4082482904638631,0.0,0.0,0.0,0.0,0.0,0.0,0.2886751345948129,0.2886751345948129,0.0,0.0,0.0,0.0,0.0,0.0,0.9128709291752769,0.9128709291752769,0.8333333333333335,0.8333333333333335,0.0,0.0,0.0,0.0,0.0,0.0,0.2886751345948129,0.2886751345948129,0.4082482904638631,0.4082482904638631,0.23570226039551587,0.8333333333333335,0.8333333333333335,0.4082482904638631,0.4082482904638631,0.0,0.0,0.2886751345948129,0.2886751345948129,0.0,0.0,0.0,0.0,0.0,0.0,0.2886751345948129,0.2886751345948129,0.0,0.0,0.0,0.9128709291752769,0.9128709291752769,0.4082482904638631,0.4082482904638631,0.0,0.0,0.0,0.0,0.8333333333333335,0.8333333333333335,0.2886751345948129,0.2886751345948129,0.0,0.0,1.0000000000000002,1.0000000000000002,0.0,0.0,0.0,0.0,0.0,0.18257418583505536,0.0,0.0,0.0,0.0,0.0,0.0,0.6804138174397718,0.0,0.0,0.2886751345948129,0.2886751345948129,0.4082482904638631,0.4082482904638631,0.0,0.0,0.0,0.0,0.0,0.0,0.0,0.4082482904638631,0.4082482904638631,0.4082482904638631,0.4082482904638631,0.4082482904638631,0.4082482904638631,0.4082482904638631,0.4082482904638631,0.4082482904638631,0.4082482904638631,0.0,0.0,0.4082482904638631,0.4082482904638631,0.4082482904638631,0.4082482904638631,0.4082482904638631,0.4082482904638631,0.4082482904638631,0.8333333333333335,0.8333333333333335,0.0,0.0,0.0,0.0,0.0,0.0,0.2886751345948129,0.2886751345948129,0.2886751345948129,0.2886751345948129,0.4082482904638631,0.4082482904638631,0.4082482904638631,0.4082482904638631,0.4082482904638631,0.4082482904638631,0.4082482904638631,0.4082482904638631,0.4082482904638631,0.4082482904638631,0.0,0.0,0.0,0.0,0.4082482904638631,0.4082482904638631,0.2886751345948129,0.2886751345948129,0.2886751345948129,0.2886751345948129,0.4082482904638631,0.4082482904638631,0.4082482904638631,0.4082482904638631,0.2886751345948129,0.2886751345948129,0.2886751345948129,0.2886751345948129,0.4082482904638631,0.4082482904638631,0.4082482904638631,0.4082482904638631,0.4082482904638631,0.4082482904638631,0.4082482904638631,0.4082482904638631,0.4082482904638631,0.4082482904638631,0.4082482904638631,0.4082482904638631,0.4082482904638631,0.4082482904638631,0.4082482904638631,0.4082482904638631,0.4082482904638631,0.4082482904638631,0.4082482904638631,0.4082482904638631,0.4082482904638631,0.4082482904638631,0.4082482904638631,0.4082482904638631,0.4082482904638631,0.4082482904638631,0.4082482904638631,0.4082482904638631,0.4082482904638631,0.4082482904638631,0.4082482904638631,0.4082482904638631,0.4082482904638631,0.0,0.0,0.0,0.0,0.0,0.0,0.4082482904638631,0.2886751345948129,0.2886751345948129,0.2886751345948129,0.2886751345948129,0.2886751345948129,0.4082482904638631,0.4082482904638631,0.4082482904638631,0.4082482904638631,0.4082482904638631,0.4082482904638631,0.4082482904638631,0.4082482904638631,0.4082482904638631,0.4082482904638631,0.4082482904638631,0.4082482904638631,0.4082482904638631,0.4082482904638631,0.4082482904638631,0.4082482904638631,0.4082482904638631,0.0,0.0,0.0,0.0,0.0,0.0,0.0,0.0,0.0,0.0,0.0,0.0,0.0,1.0000000000000002,1.0000000000000002,0.4082482904638631,0.4082482904638631,0.4082482904638631,1.0,1.0000000000000002,0.4082482904638631
VC05,0.2886751345948129,0.2886751345948129,0.0,0.0,0.4082482904638631,0.0,0.0,0.0,0.4082482904638631,0.2886751345948129,0.2886751345948129,0.0,0.0,0.2886751345948129,0.2886751345948129,0.4082482904638631,0.4082482904638631,0.0,0.8333333333333335,0.8333333333333335,1.0000000000000002,1.0000000000000002,0.0,0.0,0.0,0.0,0.0,0.0,0.0,0.0,0.9128709291752769,0.9128709291752769,0.4082482904638631,0.4082482904638631,0.0,0.0,0.4082482904638631,0.4082482904638631,0.4082482904638631,0.4082482904638631,0.0,0.0,0.2886751345948129,0.2886751345948129,0.4082482904638631,0.4082482904638631,0.4082482904638631,0.4082482904638631,0.4082482904638631,0.4082482904638631,0.0,0.0,0.0,0.0,0.0,0.0,0.890870806374748,0.890870806374748,0.890870806374748,0.890870806374748,0.0,0.0,0.0,0.0,0.0,0.0,0.2886751345948129,0.2886751345948129,0.2886751345948129,0.4082482904638631,0.0,0.0,0.0,0.0,0.0,0.0,0.2886751345948129,0.2886751345948129,0.0,0.0,0.0,0.0,0.0,0.0,0.9128709291752769,0.9128709291752769,0.8333333333333335,0.8333333333333335,0.0,0.0,0.0,0.0,0.0,0.0,0.2886751345948129,0.2886751345948129,0.4082482904638631,0.4082482904638631,0.23570226039551587,0.8333333333333335,0.8333333333333335,0.4082482904638631,0.4082482904638631,0.0,0.0,0.2886751345948129,0.2886751345948129,0.0,0.0,0.0,0.0,0.0,0.0,0.2886751345948129,0.2886751345948129,0.0,0.0,0.0,0.9128709291752769,0.9128709291752769,0.4082482904638631,0.4082482904638631,0.0,0.0,0.0,0.0,0.8333333333333335,0.8333333333333335,0.2886751345948129,0.2886751345948129,0.0,0.0,1.0000000000000002,1.0000000000000002,0.0,0.0,0.0,0.0,0.0,0.18257418583505536,0.0,0.0,0.0,0.0,0.0,0.0,0.6804138174397718,0.0,0.0,0.2886751345948129,0.2886751345948129,0.4082482904638631,0.4082482904638631,0.0,0.0,0.0,0.0,0.0,0.0,0.0,0.4082482904638631,0.4082482904638631,0.4082482904638631,0.4082482904638631,0.4082482904638631,0.4082482904638631,0.4082482904638631,0.4082482904638631,0.4082482904638631,0.4082482904638631,0.0,0.0,0.4082482904638631,0.4082482904638631,0.4082482904638631,0.4082482904638631,0.4082482904638631,0.4082482904638631,0.4082482904638631,0.8333333333333335,0.8333333333333335,0.0,0.0,0.0,0.0,0.0,0.0,0.2886751345948129,0.2886751345948129,0.2886751345948129,0.2886751345948129,0.4082482904638631,0.4082482904638631,0.4082482904638631,0.4082482904638631,0.4082482904638631,0.4082482904638631,0.4082482904638631,0.4082482904638631,0.4082482904638631,0.4082482904638631,0.0,0.0,0.0,0.0,0.4082482904638631,0.4082482904638631,0.2886751345948129,0.2886751345948129,0.2886751345948129,0.2886751345948129,0.4082482904638631,0.4082482904638631,0.4082482904638631,0.4082482904638631,0.2886751345948129,0.2886751345948129,0.2886751345948129,0.2886751345948129,0.4082482904638631,0.4082482904638631,0.4082482904638631,0.4082482904638631,0.4082482904638631,0.4082482904638631,0.4082482904638631,0.4082482904638631,0.4082482904638631,0.4082482904638631,0.4082482904638631,0.4082482904638631,0.4082482904638631,0.4082482904638631,0.4082482904638631,0.4082482904638631,0.4082482904638631,0.4082482904638631,0.4082482904638631,0.4082482904638631,0.4082482904638631,0.4082482904638631,0.4082482904638631,0.4082482904638631,0.4082482904638631,0.4082482904638631,0.4082482904638631,0.4082482904638631,0.4082482904638631,0.4082482904638631,0.4082482904638631,0.4082482904638631,0.4082482904638631,0.0,0.0,0.0,0.0,0.0,0.0,0.4082482904638631,0.2886751345948129,0.2886751345948129,0.2886751345948129,0.2886751345948129,0.2886751345948129,0.4082482904638631,0.4082482904638631,0.4082482904638631,0.4082482904638631,0.4082482904638631,0.4082482904638631,0.4082482904638631,0.4082482904638631,0.4082482904638631,0.4082482904638631,0.4082482904638631,0.4082482904638631,0.4082482904638631,0.4082482904638631,0.4082482904638631,0.4082482904638631,0.4082482904638631,0.0,0.0,0.0,0.0,0.0,0.0,0.0,0.0,0.0,0.0,0.0,0.0,0.0,1.0000000000000002,1.0000000000000002,0.4082482904638631,0.4082482904638631,0.4082482904638631,1.0000000000000002,1.0,0.4082482904638631
VC06,0.7071067811865475,0.7071067811865475,0.0,0.0,1.0,0.0,0.0,0.0,1.0,0.7071067811865475,0.7071067811865475,0.0,0.0,0.7071067811865475,0.7071067811865475,1.0,1.0,0.0,0.0,0.0,0.4082482904638631,0.4082482904638631,0.0,0.0,0.0,0.0,0.0,0.0,0.0,0.0,0.0,0.0,1.0,1.0,0.0,0.0,1.0,1.0,1.0,1.0,0.0,0.0,0.7071067811865475,0.7071067811865475,1.0,1.0,1.0,1.0,1.0,1.0,0.0,0.0,0.0,0.0,0.0,0.0,0.0,0.0,0.0,0.0,0.0,0.0,0.0,0.0,0.0,0.0,0.7071067811865475,0.7071067811865475,0.7071067811865475,1.0,0.0,0.0,0.0,0.0,0.0,0.0,0.7071067811865475,0.7071067811865475,0.0,0.0,0.0,0.0,0.0,0.0,0.0,0.0,0.0,0.0,0.0,0.0,0.0,0.0,0.0,0.0,0.7071067811865475,0.7071067811865475,1.0,1.0,0.5773502691896258,0.0,0.0,1.0,1.0,0.0,0.0,0.7071067811865475,0.7071067811865475,0.0,0.0,0.0,0.0,0.0,0.0,0.7071067811865475,0.7071067811865475,0.0,0.0,0.0,0.0,0.0,1.0,1.0,0.0,0.0,0.0,0.0,0.0,0.0,0.7071067811865475,0.7071067811865475,0.0,0.0,0.4082482904638631,0.4082482904638631,0.0,0.0,0.0,0.0,0.0,0.4472135954999579,0.0,0.0,0.0,0.0,0.0,0.0,0.0,0.0,0.0,0.7071067811865475,0.7071067811865475,1.0,1.0,0.0,0.0,0.0,0.0,0.0,0.0,0.0,1.0,1.0,1.0,1.0,1.0,1.0,1.0,1.0,1.0,1.0,0.0,0.0,1.0,1.0,1.0,1.0,1.0,1.0,1.0,0.0,0.0,0.0,0.0,0.0,0.0,0.0,0.0,0.7071067811865475,0.7071067811865475,0.7071067811865475,0.7071067811865475,1.0,1.0,1.0,1.0,1.0,1.0,1.0,1.0,1.0,1.0,0.0,0.0,0.0,0.0,1.0,1.0,0.7071067811865475,0.7071067811865475,0.7071067811865475,0.7071067811865475,1.0,1.0,1.0,1.0,0.7071067811865475,0.7071067811865475,0.7071067811865475,0.7071067811865475,1.0,1.0,1.0,1.0,1.0,1.0,1.0,1.0,1.0,1.0,1.0,1.0,1.0,1.0,1.0,1.0,1.0,1.0,1.0,1.0,1.0,1.0,1.0,1.0,1.0,1.0,1.0,1.0,1.0,1.0,1.0,1.0,1.0,0.0,0.0,0.0,0.0,0.0,0.0,1.0,0.7071067811865475,0.7071067811865475,0.7071067811865475,0.7071067811865475,0.7071067811865475,1.0,1.0,1.0,1.0,1.0,1.0,1.0,1.0,1.0,1.0,1.0,1.0,1.0,1.0,1.0,1.0,1.0,0.0,0.0,0.0,0.0,0.0,0.0,0.0,0.0,0.0,0.0,0.0,0.0,0.0,0.4082482904638631,0.4082482904638631,1.0,1.0,1.0,0.4082482904638631,0.4082482904638631,1.0
