,ADAL,ADAR,ADEL,ADER,ADFL,ADFR,ADLL,ADLR,AFDL,AFDR,AIAL,AIAR,AIBL,AIBR,AIML,AIMR,AINL,AINR,AIYL,AIYR,AIZL,AIZR,ALA,ALML,ALMR,ALNL,ALNR,AQR,AS01,AS02,AS03,AS04,AS05,AS06,AS07,AS08,AS09,AS10,AS11,ASEL,ASER,ASGL,ASGR,ASHL,ASHR,ASIL,ASIR,ASJL,ASJR,ASKL,ASKR,AUAL,AUAR,AVAL,AVAR,AVBL,AVBR,AVDL,AVDR,AVEL,AVER,AVFL,AVFR,AVG,AVHL,AVHR,AVJL,AVJR,AVKL,AVKR,AVL,AVM,AWAL,AWAR,AWBL,AWBR,AWCL,AWCR,BAGL,BAGR,BDUL,BDUR,CANL,CANR,CEPDL,CEPDR,CEPVL,CEPVR,DA01,DA02,DA03,DA04,DA05,DA06,DA07,DA08,DA09,DB01,DB02,DB03,DB04,DB05,DB06,DB07,DD01,DD02,DD03,DD04,DD05,DD06,DVA,DVB,DVC,FLPL,FLPR,HSNL,HSNR,I1L,I1R,I2L,I2R,I3,I4,I5,I6,IL1DL,IL1DR,IL1L,IL1R,IL1VL,IL1VR,IL2DL,IL2DR,IL2L,IL2R,IL2VL,IL2VR,LUAL,LUAR,M1,M2L,M2R,M3L,M3R,M4,M5,MCL,MCR,MI,NSML,NSMR,OLLL,OLLR,OLQDL,OLQDR,OLQVL,OLQVR,PDA,PDB,PDEL,PDER,PHAL,PHAR,PHBL,PHBR,PHCL,PHCR,PLML,PLMR,PLNL,PLNR,PQR,PVCL,PVCR,PVDL,PVDR,PVM,PVNL,PVNR,PVPL,PVPR,PVQL,PVQR,PVR,PVT,PVWL,PVWR,RIAL,RIAR,RIBL,RIBR,RICL,RICR,RID,RIFL,RIFR,RIGL,RIGR,RIH,RIML,RIMR,RIPL,RIPR,RIR,RIS,RIVL,RIVR,RMDDL,RMDDR,RMDL,RMDR,RMDVL,RMDVR,RMED,RMEL,RMER,RMEV,RMFL,RMFR,RMGL,RMGR,RMHL,RMHR,SAADL,SAADR,SAAVL,SAAVR,SABD,SABVL,SABVR,SDQL,SDQR,SIADL,SIADR,SIAVL,SIAVR,SIBDL,SIBDR,SIBVL,SIBVR,SMBDL,SMBDR,SMBVL,SMBVR,SMDDL,SMDDR,SMDVL,SMDVR,URADL,URADR,URAVL,URAVR,URBL,URBR,URXL,URXR,URYDL,URYDR,URYVL,URYVR,VA01,VA02,VA03,VA04,VA05,VA06,VA07,VA08,VA09,VA10,VA11,VA12,VB01,VB02,VB03,VB04,VB05,VB06,VB07,VB08,VB09,VB10,VB11,VC01,VC02,VC03,VC04,VC05,VC06,VD01,VD02,VD03,VD04,VD05,VD06,VD07,VD08,VD09,VD10,VD11,VD12,VD13
ADAL,0.0,2.0,3.0,3.0,2.0,3.0,1.0,2.0,3.0,3.0,1.0,2.0,1.0,1.0,2.0,3.0,3.0,3.0,3.0,2.0,2.0,2.0,2.0,2.0,4.0,3.0,3.0,2.0,2.0,2.0,2.0,2.0,2.0,2.0,2.0,2.0,2.0,2.0,2.0,2.0,2.0,2.0,3.0,2.0,2.0,2.0,3.0,2.0,3.0,2.0,3.0,2.0,3.0,1.0,1.0,1.0,1.0,1.0,1.0,1.0,2.0,3.0,2.0,3.0,3.0,2.0,2.0,1.0,3.0,2.0,2.0,2.0,2.0,3.0,2.0,3.0,2.0,2.0,2.0,2.0,3.0,3.0,3.0,3.0,2.0,2.0,2.0,3.0,2.0,2.0,2.0,2.0,2.0,2.0,2.0,2.0,2.0,2.0,2.0,2.0,2.0,2.0,3.0,2.0,3.0,3.0,3.0,3.0,3.0,3.0,2.0,3.0,2.0,2.0,2.0,3.0,2.0,inf,inf,inf,inf,inf,inf,inf,inf,2.0,3.0,2.0,3.0,2.0,3.0,3.0,4.0,2.0,3.0,3.0,3.0,2.0,2.0,inf,inf,inf,inf,inf,inf,inf,inf,inf,inf,inf,inf,2.0,3.0,3.0,2.0,2.0,3.0,4.0,3.0,2.0,2.0,4.0,4.0,3.0,4.0,4.0,3.0,inf,inf,2.0,3.0,2.0,2.0,2.0,2.0,3.0,3.0,2.0,2.0,1.0,2.0,2.0,2.0,3.0,2.0,3.0,3.0,2.0,2.0,2.0,2.0,1.0,1.0,2.0,2.0,3.0,2.0,2.0,2.0,1.0,2.0,1.0,3.0,2.0,3.0,2.0,2.0,2.0,3.0,2.0,2.0,3.0,2.0,2.0,2.0,2.0,2.0,2.0,2.0,2.0,3.0,3.0,3.0,2.0,2.0,2.0,2.0,2.0,2.0,2.0,2.0,3.0,2.0,2.0,2.0,2.0,2.0,2.0,3.0,2.0,2.0,2.0,2.0,3.0,2.0,2.0,2.0,1.0,3.0,3.0,1.0,3.0,3.0,2.0,1.0,3.0,3.0,3.0,3.0,3.0,2.0,2.0,2.0,2.0,2.0,2.0,2.0,2.0,2.0,2.0,2.0,2.0,2.0,2.0,3.0,3.0,3.0,3.0,3.0,3.0,3.0,3.0,3.0,3.0,3.0,2.0,3.0,3.0,3.0,3.0,2.0,2.0,3.0,3.0,3.0,3.0,3.0,3.0,3.0,3.0,3.0,3.0
ADAR,3.0,0.0,3.0,3.0,3.0,2.0,3.0,2.0,3.0,3.0,3.0,2.0,1.0,1.0,3.0,2.0,2.0,3.0,3.0,2.0,2.0,2.0,2.0,2.0,2.0,2.0,2.0,2.0,2.0,2.0,2.0,2.0,2.0,2.0,2.0,2.0,2.0,2.0,2.0,3.0,3.0,3.0,3.0,2.0,1.0,3.0,3.0,3.0,3.0,3.0,3.0,2.0,2.0,2.0,1.0,1.0,1.0,1.0,1.0,1.0,2.0,2.0,3.0,3.0,2.0,3.0,1.0,2.0,2.0,3.0,2.0,3.0,3.0,2.0,2.0,2.0,2.0,2.0,3.0,2.0,3.0,3.0,3.0,3.0,3.0,2.0,3.0,2.0,2.0,2.0,2.0,2.0,2.0,2.0,2.0,2.0,2.0,2.0,2.0,2.0,2.0,2.0,3.0,2.0,3.0,3.0,3.0,3.0,3.0,3.0,2.0,3.0,2.0,2.0,3.0,2.0,2.0,inf,inf,inf,inf,inf,inf,inf,inf,3.0,2.0,3.0,2.0,2.0,2.0,4.0,3.0,2.0,3.0,3.0,3.0,2.0,2.0,inf,inf,inf,inf,inf,inf,inf,inf,inf,inf,inf,inf,3.0,3.0,3.0,2.0,3.0,2.0,4.0,3.0,2.0,2.0,4.0,4.0,3.0,4.0,4.0,3.0,inf,inf,2.0,3.0,2.0,2.0,2.0,3.0,3.0,2.0,3.0,2.0,3.0,2.0,3.0,3.0,1.0,2.0,3.0,3.0,2.0,2.0,2.0,2.0,3.0,2.0,3.0,2.0,1.0,2.0,2.0,2.0,2.0,1.0,2.0,1.0,2.0,2.0,2.0,1.0,2.0,2.0,2.0,2.0,3.0,2.0,2.0,3.0,3.0,3.0,2.0,2.0,2.0,2.0,3.0,2.0,2.0,2.0,2.0,2.0,2.0,2.0,2.0,2.0,2.0,2.0,2.0,2.0,2.0,2.0,2.0,2.0,2.0,3.0,3.0,2.0,2.0,2.0,2.0,1.0,2.0,2.0,3.0,3.0,2.0,3.0,2.0,3.0,1.0,3.0,1.0,3.0,3.0,2.0,2.0,2.0,2.0,2.0,2.0,2.0,2.0,2.0,2.0,2.0,2.0,2.0,2.0,2.0,3.0,3.0,3.0,2.0,3.0,3.0,3.0,3.0,3.0,3.0,2.0,3.0,3.0,3.0,3.0,2.0,2.0,3.0,3.0,3.0,3.0,3.0,3.0,3.0,3.0,3.0,3.0
ADEL,1.0,2.0,0.0,1.0,2.0,2.0,2.0,3.0,2.0,2.0,2.0,3.0,2.0,2.0,2.0,3.0,2.0,3.0,2.0,2.0,2.0,2.0,3.0,1.0,3.0,2.0,2.0,2.0,2.0,2.0,2.0,2.0,2.0,2.0,2.0,2.0,2.0,2.0,2.0,3.0,3.0,3.0,3.0,2.0,2.0,3.0,2.0,3.0,3.0,3.0,3.0,3.0,2.0,1.0,1.0,2.0,2.0,1.0,2.0,1.0,2.0,2.0,2.0,3.0,1.0,2.0,2.0,2.0,2.0,2.0,1.0,3.0,3.0,3.0,3.0,2.0,3.0,3.0,2.0,2.0,1.0,2.0,4.0,4.0,1.0,2.0,1.0,2.0,2.0,2.0,2.0,2.0,2.0,2.0,2.0,2.0,2.0,3.0,2.0,2.0,2.0,2.0,3.0,2.0,2.0,3.0,3.0,3.0,3.0,2.0,2.0,2.0,2.0,1.0,2.0,2.0,2.0,inf,inf,inf,inf,inf,inf,inf,inf,2.0,3.0,1.0,2.0,2.0,2.0,2.0,4.0,1.0,2.0,2.0,2.0,2.0,2.0,inf,inf,inf,inf,inf,inf,inf,inf,inf,inf,inf,inf,1.0,2.0,2.0,2.0,2.0,2.0,3.0,3.0,2.0,2.0,4.0,4.0,3.0,4.0,3.0,3.0,inf,inf,2.0,2.0,3.0,2.0,2.0,3.0,3.0,3.0,2.0,2.0,2.0,2.0,3.0,2.0,2.0,2.0,2.0,3.0,1.0,2.0,2.0,2.0,2.0,2.0,2.0,1.0,2.0,1.0,1.0,1.0,2.0,2.0,2.0,2.0,2.0,2.0,1.0,1.0,2.0,2.0,1.0,2.0,2.0,2.0,2.0,2.0,1.0,2.0,2.0,2.0,1.0,2.0,1.0,1.0,2.0,1.0,2.0,2.0,2.0,2.0,2.0,2.0,3.0,2.0,1.0,2.0,2.0,3.0,1.0,2.0,2.0,2.0,1.0,1.0,2.0,2.0,2.0,2.0,2.0,2.0,3.0,2.0,2.0,1.0,2.0,2.0,2.0,2.0,3.0,2.0,2.0,2.0,2.0,2.0,2.0,2.0,2.0,2.0,2.0,2.0,2.0,2.0,2.0,1.0,2.0,3.0,3.0,3.0,3.0,3.0,3.0,3.0,3.0,3.0,2.0,2.0,3.0,3.0,3.0,2.0,2.0,2.0,2.0,3.0,3.0,3.0,3.0,3.0,3.0,3.0,3.0,2.0,3.0
ADER,2.0,1.0,1.0,0.0,2.0,2.0,2.0,2.0,3.0,2.0,2.0,2.0,2.0,2.0,3.0,2.0,3.0,3.0,3.0,3.0,2.0,2.0,2.0,2.0,2.0,2.0,1.0,3.0,2.0,2.0,2.0,2.0,2.0,2.0,2.0,2.0,2.0,2.0,2.0,2.0,2.0,3.0,2.0,3.0,2.0,3.0,1.0,3.0,3.0,3.0,3.0,3.0,2.0,1.0,1.0,2.0,2.0,2.0,1.0,2.0,1.0,3.0,2.0,3.0,2.0,3.0,2.0,1.0,2.0,2.0,2.0,2.0,3.0,2.0,3.0,2.0,2.0,2.0,2.0,2.0,2.0,2.0,3.0,3.0,2.0,1.0,2.0,1.0,2.0,2.0,2.0,2.0,2.0,2.0,2.0,2.0,2.0,2.0,2.0,2.0,2.0,2.0,3.0,2.0,2.0,3.0,3.0,3.0,3.0,3.0,2.0,3.0,2.0,1.0,1.0,3.0,3.0,inf,inf,inf,inf,inf,inf,inf,inf,3.0,2.0,2.0,1.0,3.0,2.0,3.0,3.0,2.0,1.0,3.0,2.0,2.0,2.0,inf,inf,inf,inf,inf,inf,inf,inf,inf,inf,inf,inf,2.0,1.0,3.0,2.0,2.0,2.0,4.0,3.0,2.0,2.0,4.0,4.0,3.0,4.0,4.0,3.0,inf,inf,2.0,3.0,2.0,2.0,2.0,3.0,3.0,3.0,2.0,3.0,2.0,3.0,3.0,2.0,2.0,2.0,3.0,3.0,2.0,1.0,2.0,2.0,2.0,2.0,2.0,2.0,2.0,1.0,1.0,2.0,2.0,2.0,3.0,2.0,2.0,2.0,2.0,2.0,2.0,2.0,1.0,1.0,2.0,2.0,2.0,2.0,2.0,2.0,3.0,2.0,2.0,1.0,2.0,2.0,2.0,2.0,3.0,2.0,2.0,2.0,2.0,3.0,3.0,2.0,2.0,2.0,2.0,2.0,2.0,3.0,2.0,2.0,2.0,2.0,2.0,2.0,2.0,2.0,1.0,3.0,2.0,3.0,2.0,2.0,1.0,2.0,1.0,3.0,2.0,3.0,2.0,2.0,2.0,2.0,2.0,2.0,2.0,2.0,2.0,2.0,2.0,2.0,2.0,2.0,3.0,3.0,3.0,3.0,3.0,3.0,3.0,3.0,3.0,3.0,3.0,3.0,3.0,4.0,4.0,3.0,3.0,3.0,3.0,3.0,3.0,3.0,3.0,3.0,3.0,3.0,3.0,3.0,3.0
ADFL,1.0,2.0,3.0,3.0,0.0,2.0,1.0,2.0,1.0,2.0,1.0,2.0,1.0,1.0,2.0,2.0,3.0,2.0,2.0,2.0,1.0,2.0,2.0,3.0,3.0,2.0,2.0,2.0,3.0,3.0,3.0,3.0,3.0,3.0,3.0,3.0,3.0,3.0,3.0,2.0,2.0,2.0,2.0,2.0,2.0,2.0,2.0,2.0,3.0,2.0,3.0,1.0,3.0,2.0,2.0,2.0,2.0,2.0,2.0,2.0,2.0,2.0,3.0,3.0,3.0,2.0,2.0,2.0,2.0,2.0,3.0,3.0,2.0,3.0,1.0,2.0,2.0,1.0,2.0,2.0,3.0,3.0,3.0,3.0,2.0,3.0,2.0,2.0,3.0,3.0,3.0,3.0,3.0,3.0,3.0,3.0,3.0,3.0,3.0,3.0,3.0,3.0,4.0,3.0,3.0,3.0,3.0,4.0,4.0,3.0,2.0,3.0,2.0,2.0,3.0,2.0,2.0,inf,inf,inf,inf,inf,inf,inf,inf,2.0,3.0,3.0,3.0,3.0,3.0,3.0,4.0,2.0,3.0,3.0,3.0,3.0,3.0,inf,inf,inf,inf,inf,inf,inf,inf,inf,inf,inf,inf,3.0,3.0,3.0,3.0,2.0,2.0,4.0,4.0,3.0,3.0,4.0,5.0,4.0,5.0,4.0,4.0,inf,inf,2.0,3.0,3.0,3.0,3.0,3.0,3.0,3.0,3.0,3.0,2.0,2.0,2.0,3.0,2.0,2.0,4.0,4.0,1.0,2.0,1.0,2.0,2.0,2.0,2.0,2.0,3.0,1.0,1.0,2.0,2.0,2.0,2.0,3.0,1.0,2.0,1.0,2.0,2.0,2.0,2.0,2.0,2.0,2.0,2.0,3.0,3.0,2.0,2.0,2.0,2.0,2.0,2.0,2.0,2.0,2.0,2.0,2.0,3.0,3.0,3.0,3.0,2.0,2.0,2.0,2.0,2.0,2.0,2.0,2.0,2.0,1.0,2.0,1.0,3.0,2.0,2.0,1.0,2.0,3.0,4.0,2.0,3.0,3.0,3.0,1.0,2.0,2.0,3.0,3.0,2.0,3.0,3.0,3.0,3.0,3.0,3.0,3.0,3.0,3.0,3.0,3.0,3.0,2.0,2.0,3.0,4.0,4.0,4.0,3.0,4.0,4.0,4.0,3.0,3.0,3.0,3.0,3.0,3.0,4.0,3.0,3.0,3.0,4.0,3.0,4.0,4.0,4.0,3.0,4.0,4.0,4.0,3.0
ADFR,3.0,1.0,3.0,3.0,2.0,0.0,3.0,2.0,2.0,1.0,2.0,2.0,2.0,2.0,3.0,2.0,2.0,2.0,2.0,1.0,2.0,1.0,3.0,3.0,2.0,2.0,2.0,2.0,3.0,3.0,3.0,3.0,3.0,3.0,3.0,3.0,3.0,3.0,3.0,2.0,2.0,3.0,2.0,2.0,1.0,2.0,2.0,3.0,3.0,3.0,3.0,2.0,1.0,2.0,2.0,2.0,2.0,2.0,2.0,2.0,2.0,2.0,2.0,2.0,1.0,2.0,2.0,2.0,2.0,2.0,2.0,3.0,3.0,1.0,2.0,1.0,2.0,1.0,1.0,2.0,3.0,2.0,4.0,4.0,2.0,2.0,2.0,2.0,3.0,3.0,3.0,3.0,3.0,3.0,3.0,3.0,3.0,3.0,3.0,3.0,3.0,3.0,4.0,3.0,2.0,2.0,3.0,4.0,4.0,3.0,2.0,3.0,2.0,3.0,3.0,2.0,2.0,inf,inf,inf,inf,inf,inf,inf,inf,3.0,3.0,3.0,2.0,3.0,2.0,3.0,4.0,2.0,2.0,2.0,2.0,3.0,3.0,inf,inf,inf,inf,inf,inf,inf,inf,inf,inf,inf,inf,3.0,3.0,2.0,2.0,2.0,1.0,4.0,4.0,3.0,3.0,3.0,4.0,4.0,4.0,4.0,4.0,inf,inf,3.0,2.0,3.0,2.0,2.0,3.0,3.0,3.0,3.0,3.0,2.0,1.0,3.0,2.0,2.0,2.0,3.0,3.0,2.0,1.0,2.0,2.0,3.0,2.0,2.0,3.0,2.0,2.0,1.0,1.0,3.0,2.0,2.0,2.0,1.0,3.0,2.0,2.0,2.0,2.0,2.0,2.0,2.0,2.0,2.0,3.0,2.0,2.0,3.0,3.0,2.0,2.0,2.0,2.0,3.0,2.0,2.0,3.0,2.0,3.0,3.0,2.0,3.0,2.0,2.0,2.0,2.0,3.0,2.0,2.0,3.0,2.0,1.0,3.0,1.0,2.0,2.0,2.0,2.0,3.0,3.0,3.0,2.0,3.0,2.0,2.0,1.0,3.0,2.0,3.0,1.0,3.0,3.0,3.0,3.0,3.0,3.0,3.0,3.0,3.0,3.0,3.0,3.0,3.0,3.0,3.0,3.0,4.0,3.0,3.0,3.0,4.0,4.0,3.0,3.0,3.0,3.0,3.0,3.0,3.0,2.0,3.0,3.0,3.0,3.0,4.0,4.0,4.0,3.0,4.0,3.0,3.0,3.0
ADLL,1.0,2.0,3.0,3.0,2.0,2.0,0.0,2.0,2.0,2.0,1.0,2.0,1.0,2.0,2.0,2.0,2.0,2.0,2.0,2.0,2.0,2.0,1.0,2.0,3.0,2.0,3.0,2.0,2.0,2.0,3.0,2.0,2.0,2.0,2.0,2.0,2.0,2.0,2.0,1.0,1.0,1.0,2.0,1.0,2.0,2.0,3.0,2.0,2.0,2.0,3.0,2.0,3.0,1.0,1.0,1.0,2.0,1.0,1.0,2.0,2.0,2.0,2.0,3.0,2.0,2.0,1.0,1.0,3.0,2.0,2.0,2.0,1.0,2.0,1.0,2.0,1.0,2.0,2.0,2.0,3.0,3.0,2.0,2.0,2.0,3.0,3.0,3.0,2.0,2.0,2.0,2.0,2.0,2.0,2.0,2.0,2.0,2.0,2.0,2.0,2.0,2.0,3.0,2.0,3.0,3.0,3.0,3.0,3.0,3.0,2.0,3.0,2.0,2.0,2.0,2.0,3.0,inf,inf,inf,inf,inf,inf,inf,inf,3.0,3.0,3.0,3.0,3.0,3.0,3.0,4.0,2.0,2.0,3.0,3.0,2.0,2.0,inf,inf,inf,inf,inf,inf,inf,inf,inf,inf,inf,inf,2.0,2.0,3.0,2.0,1.0,3.0,4.0,3.0,2.0,2.0,4.0,4.0,3.0,4.0,4.0,3.0,inf,inf,2.0,3.0,2.0,2.0,2.0,2.0,2.0,3.0,2.0,2.0,2.0,2.0,2.0,2.0,3.0,3.0,3.0,3.0,1.0,2.0,2.0,2.0,2.0,2.0,2.0,2.0,2.0,1.0,2.0,2.0,2.0,2.0,1.0,3.0,1.0,2.0,2.0,2.0,2.0,2.0,2.0,2.0,2.0,2.0,3.0,3.0,3.0,2.0,3.0,2.0,2.0,2.0,2.0,2.0,2.0,2.0,2.0,2.0,2.0,2.0,2.0,2.0,3.0,2.0,2.0,2.0,2.0,2.0,3.0,3.0,2.0,2.0,2.0,1.0,3.0,2.0,2.0,2.0,2.0,3.0,3.0,2.0,3.0,3.0,3.0,2.0,2.0,3.0,3.0,3.0,3.0,2.0,2.0,2.0,2.0,2.0,2.0,2.0,2.0,2.0,2.0,2.0,2.0,3.0,2.0,3.0,3.0,3.0,3.0,3.0,3.0,3.0,3.0,3.0,3.0,3.0,2.0,4.0,3.0,3.0,3.0,3.0,3.0,3.0,3.0,3.0,3.0,3.0,3.0,3.0,3.0,3.0,3.0
ADLR,2.0,1.0,3.0,2.0,3.0,2.0,2.0,0.0,2.0,2.0,2.0,1.0,2.0,1.0,3.0,2.0,2.0,3.0,2.0,2.0,2.0,2.0,2.0,2.0,2.0,3.0,2.0,2.0,2.0,2.0,2.0,2.0,2.0,2.0,2.0,2.0,2.0,2.0,2.0,2.0,1.0,3.0,2.0,3.0,1.0,2.0,2.0,3.0,3.0,2.0,2.0,2.0,2.0,2.0,1.0,1.0,1.0,1.0,1.0,2.0,2.0,2.0,2.0,2.0,2.0,3.0,1.0,1.0,3.0,2.0,2.0,2.0,3.0,2.0,2.0,2.0,2.0,1.0,3.0,2.0,3.0,3.0,3.0,3.0,2.0,2.0,2.0,1.0,2.0,2.0,2.0,2.0,2.0,2.0,2.0,2.0,2.0,2.0,2.0,2.0,2.0,2.0,3.0,2.0,3.0,3.0,3.0,3.0,3.0,3.0,2.0,3.0,2.0,3.0,2.0,2.0,2.0,inf,inf,inf,inf,inf,inf,inf,inf,3.0,2.0,3.0,2.0,3.0,2.0,3.0,3.0,2.0,2.0,3.0,2.0,2.0,2.0,inf,inf,inf,inf,inf,inf,inf,inf,inf,inf,inf,inf,3.0,1.0,3.0,2.0,2.0,1.0,4.0,3.0,2.0,2.0,3.0,4.0,3.0,4.0,4.0,3.0,inf,inf,3.0,2.0,2.0,1.0,2.0,3.0,3.0,3.0,3.0,2.0,2.0,2.0,3.0,2.0,2.0,3.0,3.0,3.0,2.0,2.0,2.0,2.0,1.0,1.0,2.0,2.0,1.0,2.0,2.0,2.0,2.0,2.0,3.0,1.0,2.0,2.0,2.0,2.0,2.0,2.0,2.0,2.0,2.0,2.0,2.0,3.0,2.0,2.0,2.0,2.0,2.0,2.0,3.0,2.0,2.0,2.0,2.0,2.0,2.0,2.0,2.0,2.0,3.0,2.0,3.0,3.0,2.0,2.0,2.0,1.0,2.0,2.0,2.0,3.0,1.0,2.0,2.0,2.0,2.0,3.0,3.0,3.0,2.0,3.0,1.0,3.0,1.0,3.0,2.0,3.0,2.0,2.0,2.0,2.0,2.0,2.0,2.0,2.0,2.0,2.0,2.0,2.0,2.0,2.0,2.0,3.0,2.0,3.0,2.0,2.0,2.0,3.0,3.0,2.0,3.0,3.0,2.0,3.0,3.0,3.0,3.0,3.0,2.0,3.0,3.0,3.0,3.0,3.0,3.0,3.0,3.0,3.0,3.0
AFDL,3.0,3.0,3.0,3.0,2.0,2.0,2.0,2.0,0.0,2.0,2.0,2.0,1.0,2.0,3.0,3.0,2.0,1.0,1.0,2.0,2.0,2.0,3.0,3.0,3.0,3.0,3.0,3.0,3.0,3.0,3.0,3.0,3.0,4.0,3.0,3.0,4.0,3.0,3.0,1.0,1.0,2.0,3.0,2.0,2.0,3.0,3.0,2.0,3.0,2.0,3.0,2.0,2.0,2.0,3.0,2.0,3.0,3.0,3.0,2.0,3.0,3.0,3.0,3.0,3.0,2.0,3.0,3.0,3.0,3.0,3.0,4.0,2.0,2.0,1.0,3.0,2.0,2.0,3.0,2.0,4.0,3.0,4.0,4.0,2.0,3.0,3.0,3.0,3.0,3.0,3.0,3.0,3.0,3.0,3.0,3.0,3.0,3.0,4.0,3.0,3.0,3.0,4.0,3.0,3.0,3.0,3.0,4.0,4.0,4.0,3.0,4.0,3.0,2.0,3.0,2.0,2.0,inf,inf,inf,inf,inf,inf,inf,inf,3.0,3.0,4.0,3.0,4.0,3.0,3.0,4.0,3.0,2.0,3.0,3.0,3.0,3.0,inf,inf,inf,inf,inf,inf,inf,inf,inf,inf,inf,inf,3.0,2.0,3.0,3.0,3.0,3.0,5.0,4.0,4.0,4.0,4.0,5.0,4.0,5.0,5.0,4.0,inf,inf,3.0,3.0,4.0,3.0,3.0,4.0,4.0,4.0,3.0,3.0,3.0,3.0,3.0,3.0,4.0,3.0,4.0,4.0,2.0,2.0,2.0,2.0,3.0,3.0,2.0,2.0,3.0,2.0,2.0,2.0,2.0,2.0,3.0,3.0,2.0,3.0,3.0,3.0,3.0,3.0,3.0,3.0,3.0,3.0,3.0,3.0,3.0,3.0,3.0,2.0,3.0,3.0,3.0,3.0,2.0,2.0,2.0,2.0,3.0,3.0,3.0,3.0,3.0,3.0,2.0,3.0,2.0,3.0,3.0,3.0,2.0,2.0,3.0,2.0,3.0,3.0,2.0,3.0,2.0,3.0,3.0,4.0,3.0,3.0,3.0,2.0,2.0,3.0,4.0,4.0,3.0,3.0,3.0,3.0,3.0,3.0,3.0,3.0,3.0,3.0,3.0,3.0,3.0,3.0,3.0,4.0,4.0,4.0,4.0,4.0,4.0,4.0,4.0,4.0,4.0,3.0,3.0,3.0,3.0,4.0,4.0,3.0,3.0,4.0,3.0,4.0,4.0,4.0,4.0,4.0,4.0,4.0,3.0
AFDR,3.0,3.0,4.0,3.0,3.0,2.0,2.0,2.0,1.0,0.0,2.0,2.0,2.0,2.0,3.0,3.0,2.0,2.0,2.0,1.0,2.0,2.0,3.0,4.0,4.0,4.0,4.0,3.0,4.0,4.0,4.0,4.0,4.0,4.0,4.0,4.0,4.0,4.0,4.0,1.0,1.0,3.0,2.0,3.0,2.0,3.0,3.0,2.0,4.0,2.0,3.0,3.0,3.0,3.0,3.0,3.0,3.0,3.0,3.0,3.0,3.0,4.0,4.0,4.0,3.0,3.0,3.0,3.0,4.0,3.0,4.0,4.0,3.0,2.0,2.0,2.0,2.0,2.0,3.0,2.0,4.0,4.0,4.0,4.0,3.0,3.0,3.0,3.0,4.0,4.0,4.0,4.0,4.0,4.0,4.0,4.0,4.0,4.0,4.0,4.0,4.0,4.0,5.0,4.0,4.0,4.0,4.0,5.0,5.0,4.0,3.0,5.0,4.0,3.0,4.0,3.0,3.0,inf,inf,inf,inf,inf,inf,inf,inf,4.0,3.0,4.0,3.0,4.0,3.0,4.0,4.0,3.0,2.0,4.0,4.0,4.0,4.0,inf,inf,inf,inf,inf,inf,inf,inf,inf,inf,inf,inf,4.0,2.0,4.0,3.0,3.0,3.0,6.0,5.0,4.0,4.0,5.0,6.0,5.0,6.0,6.0,5.0,inf,inf,4.0,4.0,4.0,3.0,4.0,4.0,4.0,4.0,4.0,4.0,3.0,3.0,3.0,4.0,4.0,4.0,5.0,5.0,3.0,2.0,3.0,2.0,3.0,3.0,3.0,3.0,3.0,3.0,3.0,3.0,3.0,3.0,3.0,3.0,2.0,3.0,3.0,2.0,3.0,3.0,3.0,3.0,3.0,3.0,3.0,3.0,3.0,3.0,3.0,3.0,3.0,3.0,4.0,3.0,3.0,3.0,3.0,3.0,4.0,4.0,4.0,4.0,4.0,3.0,3.0,3.0,3.0,3.0,3.0,3.0,3.0,3.0,3.0,3.0,3.0,3.0,3.0,3.0,3.0,4.0,3.0,4.0,3.0,4.0,3.0,3.0,3.0,3.0,4.0,4.0,3.0,4.0,4.0,4.0,4.0,4.0,4.0,4.0,4.0,4.0,4.0,4.0,4.0,3.0,3.0,5.0,4.0,5.0,4.0,4.0,4.0,5.0,5.0,4.0,5.0,4.0,4.0,4.0,4.0,5.0,4.0,4.0,4.0,5.0,4.0,5.0,5.0,5.0,5.0,5.0,5.0,5.0,4.0
AIAL,1.0,2.0,3.0,3.0,1.0,2.0,1.0,2.0,2.0,2.0,0.0,2.0,1.0,2.0,1.0,2.0,3.0,2.0,2.0,2.0,1.0,2.0,2.0,2.0,3.0,3.0,3.0,2.0,3.0,3.0,3.0,3.0,3.0,3.0,3.0,3.0,3.0,3.0,3.0,1.0,1.0,1.0,2.0,1.0,2.0,2.0,2.0,1.0,3.0,1.0,2.0,2.0,3.0,2.0,2.0,2.0,2.0,2.0,2.0,2.0,2.0,2.0,2.0,3.0,2.0,2.0,2.0,2.0,3.0,2.0,3.0,3.0,2.0,2.0,2.0,2.0,1.0,1.0,3.0,2.0,3.0,3.0,3.0,3.0,2.0,3.0,3.0,3.0,3.0,3.0,3.0,3.0,3.0,3.0,3.0,2.0,3.0,3.0,3.0,3.0,3.0,3.0,4.0,3.0,3.0,3.0,3.0,3.0,3.0,2.0,2.0,3.0,3.0,2.0,3.0,2.0,2.0,inf,inf,inf,inf,inf,inf,inf,inf,3.0,3.0,3.0,3.0,3.0,3.0,3.0,4.0,2.0,2.0,4.0,3.0,3.0,3.0,inf,inf,inf,inf,inf,inf,inf,inf,inf,inf,inf,inf,3.0,2.0,3.0,3.0,2.0,3.0,4.0,4.0,3.0,3.0,4.0,5.0,4.0,5.0,4.0,4.0,inf,inf,3.0,3.0,3.0,3.0,3.0,3.0,3.0,3.0,3.0,3.0,2.0,2.0,1.0,3.0,3.0,3.0,4.0,4.0,2.0,2.0,2.0,2.0,2.0,2.0,2.0,1.0,3.0,2.0,2.0,3.0,2.0,2.0,2.0,3.0,1.0,3.0,2.0,3.0,3.0,2.0,2.0,2.0,2.0,3.0,3.0,3.0,3.0,3.0,3.0,2.0,1.0,2.0,2.0,2.0,2.0,2.0,2.0,2.0,3.0,3.0,3.0,3.0,3.0,2.0,2.0,2.0,2.0,3.0,2.0,2.0,2.0,2.0,3.0,2.0,3.0,2.0,2.0,2.0,2.0,3.0,3.0,2.0,3.0,3.0,3.0,2.0,2.0,2.0,3.0,4.0,3.0,3.0,3.0,3.0,3.0,3.0,3.0,3.0,3.0,3.0,3.0,3.0,3.0,3.0,2.0,4.0,4.0,4.0,4.0,3.0,4.0,4.0,4.0,3.0,3.0,3.0,3.0,3.0,3.0,4.0,3.0,3.0,3.0,4.0,3.0,4.0,4.0,3.0,3.0,3.0,3.0,3.0,3.0
AIAR,3.0,1.0,3.0,3.0,3.0,2.0,2.0,1.0,2.0,2.0,2.0,0.0,2.0,1.0,3.0,2.0,3.0,3.0,2.0,2.0,2.0,1.0,2.0,3.0,3.0,3.0,3.0,2.0,3.0,3.0,3.0,3.0,3.0,3.0,3.0,3.0,3.0,3.0,3.0,2.0,1.0,3.0,1.0,3.0,2.0,2.0,1.0,3.0,3.0,2.0,1.0,2.0,2.0,2.0,2.0,2.0,2.0,2.0,2.0,2.0,2.0,2.0,3.0,3.0,3.0,3.0,2.0,2.0,3.0,3.0,3.0,3.0,3.0,1.0,3.0,2.0,1.0,1.0,3.0,3.0,4.0,3.0,3.0,3.0,3.0,3.0,3.0,2.0,3.0,3.0,3.0,3.0,3.0,3.0,3.0,3.0,3.0,3.0,3.0,3.0,3.0,3.0,4.0,3.0,3.0,3.0,4.0,4.0,4.0,4.0,2.0,3.0,3.0,3.0,3.0,2.0,2.0,inf,inf,inf,inf,inf,inf,inf,inf,3.0,3.0,3.0,3.0,3.0,3.0,4.0,4.0,2.0,3.0,4.0,3.0,3.0,3.0,inf,inf,inf,inf,inf,inf,inf,inf,inf,inf,inf,inf,3.0,2.0,3.0,3.0,3.0,2.0,4.0,4.0,3.0,3.0,4.0,5.0,4.0,5.0,4.0,4.0,inf,inf,3.0,3.0,3.0,2.0,2.0,3.0,3.0,3.0,3.0,3.0,3.0,2.0,3.0,3.0,2.0,3.0,4.0,3.0,2.0,2.0,2.0,3.0,2.0,2.0,3.0,2.0,1.0,2.0,2.0,3.0,2.0,2.0,3.0,2.0,2.0,3.0,2.0,2.0,3.0,3.0,3.0,3.0,3.0,3.0,3.0,4.0,3.0,3.0,2.0,3.0,3.0,3.0,3.0,3.0,2.0,2.0,3.0,2.0,3.0,3.0,3.0,3.0,3.0,2.0,2.0,3.0,3.0,2.0,2.0,2.0,3.0,3.0,2.0,3.0,2.0,2.0,2.0,2.0,3.0,3.0,4.0,3.0,3.0,4.0,2.0,3.0,2.0,3.0,2.0,4.0,3.0,3.0,3.0,3.0,3.0,3.0,3.0,3.0,3.0,3.0,3.0,3.0,3.0,2.0,3.0,3.0,3.0,4.0,3.0,3.0,3.0,4.0,4.0,3.0,3.0,3.0,3.0,3.0,3.0,4.0,3.0,3.0,3.0,4.0,4.0,4.0,4.0,4.0,4.0,4.0,4.0,4.0,4.0
AIBL,2.0,2.0,2.0,2.0,2.0,2.0,2.0,2.0,3.0,2.0,2.0,2.0,0.0,2.0,3.0,3.0,2.0,3.0,3.0,3.0,2.0,1.0,3.0,2.0,3.0,2.0,2.0,3.0,2.0,2.0,2.0,2.0,2.0,3.0,2.0,2.0,3.0,2.0,2.0,3.0,2.0,2.0,3.0,1.0,1.0,3.0,2.0,2.0,3.0,2.0,3.0,3.0,2.0,1.0,2.0,1.0,2.0,2.0,2.0,1.0,2.0,2.0,3.0,3.0,2.0,2.0,2.0,2.0,2.0,2.0,2.0,3.0,3.0,2.0,2.0,3.0,3.0,2.0,2.0,3.0,3.0,3.0,4.0,4.0,2.0,3.0,2.0,3.0,2.0,2.0,2.0,2.0,2.0,2.0,2.0,2.0,2.0,3.0,3.0,2.0,2.0,2.0,3.0,2.0,2.0,3.0,3.0,3.0,3.0,3.0,2.0,3.0,2.0,1.0,2.0,2.0,2.0,inf,inf,inf,inf,inf,inf,inf,inf,2.0,3.0,3.0,3.0,3.0,2.0,3.0,4.0,3.0,3.0,3.0,3.0,2.0,2.0,inf,inf,inf,inf,inf,inf,inf,inf,inf,inf,inf,inf,2.0,2.0,3.0,3.0,3.0,2.0,4.0,3.0,3.0,3.0,4.0,4.0,3.0,4.0,4.0,3.0,inf,inf,2.0,2.0,3.0,2.0,2.0,3.0,3.0,3.0,2.0,2.0,2.0,2.0,3.0,3.0,3.0,2.0,3.0,3.0,2.0,2.0,2.0,1.0,3.0,2.0,2.0,1.0,3.0,2.0,1.0,2.0,1.0,1.0,2.0,3.0,2.0,2.0,2.0,2.0,2.0,3.0,2.0,2.0,3.0,2.0,2.0,3.0,3.0,2.0,2.0,1.0,2.0,2.0,2.0,3.0,1.0,1.0,1.0,1.0,2.0,2.0,2.0,2.0,3.0,3.0,1.0,2.0,1.0,3.0,2.0,2.0,1.0,2.0,2.0,3.0,2.0,2.0,1.0,2.0,1.0,3.0,4.0,3.0,3.0,3.0,3.0,2.0,2.0,3.0,3.0,3.0,2.0,2.0,2.0,2.0,2.0,2.0,2.0,2.0,2.0,2.0,2.0,2.0,2.0,2.0,2.0,3.0,3.0,3.0,3.0,3.0,3.0,3.0,3.0,3.0,3.0,3.0,2.0,3.0,3.0,3.0,3.0,2.0,2.0,3.0,3.0,3.0,3.0,3.0,3.0,3.0,3.0,3.0,3.0
AIBR,2.0,2.0,3.0,3.0,2.0,2.0,2.0,1.0,3.0,2.0,2.0,1.0,2.0,0.0,3.0,3.0,2.0,3.0,2.0,1.0,2.0,2.0,3.0,2.0,3.0,2.0,2.0,1.0,2.0,2.0,2.0,2.0,2.0,2.0,2.0,2.0,2.0,2.0,2.0,2.0,2.0,3.0,2.0,3.0,2.0,2.0,2.0,3.0,4.0,3.0,2.0,1.0,2.0,2.0,1.0,2.0,1.0,2.0,2.0,1.0,2.0,3.0,2.0,3.0,3.0,3.0,2.0,2.0,2.0,2.0,3.0,3.0,3.0,2.0,3.0,2.0,2.0,1.0,2.0,2.0,3.0,3.0,4.0,4.0,2.0,2.0,2.0,2.0,2.0,2.0,2.0,2.0,2.0,2.0,2.0,2.0,2.0,3.0,2.0,2.0,2.0,2.0,3.0,2.0,2.0,3.0,3.0,3.0,3.0,3.0,1.0,4.0,2.0,3.0,3.0,3.0,2.0,inf,inf,inf,inf,inf,inf,inf,inf,2.0,3.0,3.0,3.0,3.0,3.0,3.0,4.0,2.0,3.0,3.0,3.0,2.0,2.0,inf,inf,inf,inf,inf,inf,inf,inf,inf,inf,inf,inf,2.0,2.0,3.0,3.0,2.0,2.0,5.0,3.0,2.0,2.0,4.0,4.0,3.0,4.0,4.0,3.0,inf,inf,2.0,2.0,3.0,2.0,2.0,3.0,3.0,3.0,3.0,3.0,2.0,2.0,3.0,3.0,2.0,2.0,3.0,3.0,1.0,2.0,1.0,2.0,2.0,1.0,3.0,3.0,2.0,1.0,3.0,2.0,1.0,1.0,2.0,2.0,2.0,2.0,2.0,2.0,2.0,2.0,2.0,2.0,2.0,2.0,3.0,3.0,3.0,2.0,1.0,2.0,2.0,3.0,2.0,2.0,1.0,1.0,2.0,1.0,2.0,2.0,2.0,3.0,2.0,1.0,2.0,3.0,2.0,1.0,1.0,2.0,2.0,2.0,2.0,2.0,2.0,1.0,2.0,1.0,2.0,3.0,3.0,3.0,3.0,3.0,2.0,2.0,2.0,2.0,3.0,3.0,3.0,2.0,2.0,2.0,2.0,2.0,2.0,2.0,2.0,2.0,2.0,2.0,2.0,1.0,2.0,3.0,3.0,3.0,3.0,2.0,3.0,3.0,3.0,2.0,4.0,3.0,3.0,3.0,3.0,4.0,2.0,2.0,2.0,3.0,3.0,3.0,3.0,3.0,3.0,3.0,3.0,3.0,3.0
AIML,2.0,3.0,3.0,3.0,2.0,2.0,2.0,2.0,2.0,3.0,1.0,3.0,2.0,2.0,0.0,3.0,2.0,2.0,3.0,3.0,2.0,3.0,2.0,1.0,3.0,3.0,3.0,2.0,3.0,3.0,3.0,2.0,3.0,3.0,3.0,3.0,3.0,2.0,2.0,2.0,2.0,1.0,3.0,2.0,2.0,2.0,3.0,1.0,3.0,1.0,2.0,2.0,3.0,2.0,2.0,2.0,2.0,1.0,2.0,2.0,2.0,1.0,1.0,2.0,1.0,1.0,1.0,2.0,3.0,3.0,2.0,3.0,2.0,3.0,2.0,2.0,2.0,2.0,3.0,2.0,2.0,2.0,3.0,3.0,1.0,2.0,2.0,3.0,2.0,2.0,2.0,2.0,2.0,2.0,3.0,2.0,3.0,2.0,3.0,3.0,3.0,3.0,4.0,3.0,2.0,2.0,2.0,3.0,3.0,2.0,2.0,2.0,2.0,2.0,3.0,2.0,2.0,inf,inf,inf,inf,inf,inf,inf,inf,2.0,3.0,3.0,3.0,3.0,3.0,2.0,4.0,2.0,3.0,3.0,3.0,2.0,3.0,inf,inf,inf,inf,inf,inf,inf,inf,inf,inf,inf,inf,2.0,3.0,2.0,3.0,2.0,3.0,3.0,4.0,3.0,2.0,3.0,4.0,3.0,4.0,3.0,3.0,inf,inf,2.0,3.0,3.0,2.0,2.0,2.0,3.0,3.0,2.0,2.0,2.0,2.0,1.0,2.0,3.0,3.0,3.0,3.0,2.0,3.0,2.0,3.0,2.0,2.0,1.0,1.0,2.0,2.0,3.0,2.0,2.0,2.0,2.0,3.0,2.0,2.0,3.0,3.0,2.0,2.0,2.0,2.0,2.0,2.0,2.0,3.0,3.0,2.0,3.0,3.0,1.0,3.0,2.0,2.0,2.0,3.0,3.0,3.0,2.0,2.0,2.0,2.0,3.0,2.0,2.0,2.0,3.0,3.0,2.0,2.0,2.0,2.0,2.0,1.0,2.0,2.0,2.0,3.0,3.0,2.0,3.0,3.0,3.0,2.0,3.0,1.0,3.0,2.0,3.0,3.0,3.0,2.0,2.0,2.0,3.0,2.0,3.0,3.0,3.0,3.0,2.0,3.0,2.0,2.0,2.0,3.0,3.0,4.0,3.0,3.0,3.0,3.0,3.0,3.0,2.0,3.0,3.0,3.0,3.0,3.0,2.0,3.0,3.0,3.0,2.0,3.0,3.0,3.0,3.0,3.0,2.0,3.0,2.0
AIMR,3.0,2.0,3.0,2.0,3.0,1.0,2.0,2.0,3.0,2.0,2.0,1.0,2.0,2.0,2.0,0.0,3.0,3.0,3.0,2.0,2.0,2.0,1.0,2.0,2.0,3.0,2.0,2.0,2.0,2.0,3.0,2.0,2.0,2.0,2.0,2.0,2.0,2.0,2.0,3.0,2.0,3.0,1.0,2.0,2.0,3.0,2.0,3.0,1.0,2.0,1.0,3.0,2.0,2.0,1.0,2.0,2.0,2.0,1.0,2.0,2.0,1.0,1.0,2.0,2.0,1.0,2.0,1.0,3.0,2.0,2.0,2.0,3.0,2.0,2.0,2.0,2.0,2.0,2.0,3.0,2.0,1.0,2.0,2.0,2.0,2.0,3.0,1.0,2.0,2.0,2.0,2.0,2.0,2.0,2.0,2.0,2.0,2.0,2.0,2.0,2.0,2.0,3.0,3.0,3.0,2.0,3.0,3.0,3.0,3.0,2.0,2.0,2.0,3.0,2.0,1.0,1.0,inf,inf,inf,inf,inf,inf,inf,inf,3.0,2.0,2.0,3.0,3.0,2.0,3.0,3.0,3.0,2.0,3.0,2.0,2.0,2.0,inf,inf,inf,inf,inf,inf,inf,inf,inf,inf,inf,inf,3.0,2.0,3.0,1.0,3.0,2.0,3.0,3.0,2.0,2.0,3.0,4.0,3.0,4.0,3.0,4.0,inf,inf,3.0,3.0,2.0,2.0,2.0,2.0,2.0,3.0,2.0,1.0,2.0,2.0,2.0,2.0,2.0,2.0,2.0,2.0,2.0,2.0,3.0,3.0,2.0,2.0,2.0,2.0,1.0,2.0,2.0,2.0,2.0,2.0,3.0,2.0,2.0,2.0,2.0,3.0,2.0,2.0,2.0,1.0,2.0,2.0,3.0,3.0,2.0,3.0,3.0,3.0,2.0,1.0,3.0,2.0,2.0,3.0,3.0,2.0,2.0,2.0,2.0,2.0,3.0,2.0,3.0,2.0,2.0,2.0,3.0,3.0,2.0,2.0,2.0,2.0,2.0,3.0,2.0,3.0,2.0,3.0,2.0,3.0,2.0,2.0,2.0,2.0,1.0,3.0,3.0,4.0,2.0,3.0,2.0,2.0,2.0,2.0,2.0,2.0,2.0,2.0,2.0,2.0,3.0,2.0,2.0,3.0,3.0,3.0,3.0,3.0,3.0,3.0,3.0,3.0,2.0,2.0,2.0,2.0,2.0,3.0,3.0,3.0,2.0,2.0,3.0,2.0,2.0,3.0,3.0,3.0,2.0,2.0,2.0
AINL,3.0,2.0,3.0,3.0,2.0,2.0,3.0,2.0,2.0,1.0,2.0,1.0,2.0,2.0,3.0,3.0,0.0,2.0,2.0,2.0,2.0,2.0,3.0,3.0,3.0,3.0,3.0,3.0,3.0,3.0,3.0,3.0,3.0,3.0,3.0,3.0,3.0,3.0,2.0,1.0,2.0,2.0,1.0,3.0,3.0,1.0,2.0,2.0,4.0,2.0,2.0,2.0,1.0,2.0,2.0,2.0,2.0,3.0,2.0,2.0,2.0,3.0,4.0,4.0,3.0,3.0,3.0,3.0,2.0,2.0,3.0,3.0,3.0,2.0,2.0,3.0,2.0,2.0,1.0,2.0,3.0,4.0,4.0,4.0,2.0,3.0,2.0,2.0,3.0,2.0,3.0,3.0,3.0,2.0,3.0,3.0,3.0,2.0,3.0,3.0,3.0,3.0,4.0,3.0,2.0,2.0,2.0,4.0,4.0,3.0,3.0,4.0,2.0,2.0,3.0,3.0,3.0,inf,inf,inf,inf,inf,inf,inf,inf,3.0,3.0,3.0,2.0,3.0,3.0,3.0,4.0,3.0,2.0,3.0,2.0,3.0,3.0,inf,inf,inf,inf,inf,inf,inf,inf,inf,inf,inf,inf,3.0,2.0,3.0,3.0,3.0,2.0,5.0,4.0,3.0,3.0,5.0,5.0,4.0,5.0,5.0,4.0,inf,inf,3.0,3.0,3.0,3.0,3.0,4.0,3.0,3.0,3.0,3.0,3.0,3.0,3.0,4.0,3.0,2.0,3.0,4.0,2.0,2.0,1.0,1.0,3.0,3.0,1.0,3.0,2.0,2.0,2.0,2.0,2.0,2.0,3.0,2.0,2.0,2.0,3.0,2.0,3.0,2.0,3.0,2.0,1.0,2.0,2.0,3.0,3.0,3.0,1.0,2.0,3.0,3.0,2.0,3.0,3.0,3.0,1.0,2.0,2.0,3.0,3.0,3.0,4.0,3.0,3.0,3.0,2.0,3.0,2.0,3.0,3.0,3.0,2.0,3.0,3.0,2.0,2.0,2.0,2.0,3.0,3.0,3.0,2.0,3.0,3.0,3.0,2.0,2.0,3.0,3.0,2.0,3.0,3.0,3.0,3.0,3.0,3.0,3.0,3.0,3.0,3.0,3.0,3.0,3.0,3.0,4.0,3.0,4.0,4.0,4.0,4.0,4.0,4.0,4.0,4.0,4.0,3.0,4.0,4.0,4.0,3.0,3.0,3.0,3.0,2.0,3.0,3.0,4.0,3.0,4.0,4.0,3.0,2.0
AINR,2.0,2.0,3.0,3.0,2.0,2.0,2.0,2.0,1.0,1.0,1.0,2.0,1.0,2.0,2.0,2.0,1.0,0.0,2.0,2.0,2.0,2.0,3.0,2.0,2.0,3.0,3.0,2.0,3.0,3.0,3.0,3.0,3.0,3.0,3.0,3.0,3.0,3.0,2.0,1.0,1.0,1.0,2.0,2.0,2.0,2.0,3.0,2.0,3.0,2.0,3.0,1.0,1.0,2.0,2.0,2.0,2.0,3.0,2.0,2.0,2.0,3.0,3.0,4.0,3.0,3.0,3.0,2.0,3.0,3.0,3.0,3.0,3.0,2.0,2.0,2.0,1.0,2.0,2.0,1.0,3.0,3.0,4.0,4.0,1.0,2.0,2.0,3.0,3.0,2.0,3.0,3.0,3.0,2.0,3.0,3.0,3.0,2.0,3.0,3.0,3.0,3.0,4.0,3.0,2.0,2.0,2.0,4.0,4.0,3.0,2.0,4.0,2.0,2.0,3.0,3.0,2.0,inf,inf,inf,inf,inf,inf,inf,inf,2.0,3.0,3.0,3.0,3.0,3.0,2.0,4.0,2.0,2.0,3.0,3.0,3.0,3.0,inf,inf,inf,inf,inf,inf,inf,inf,inf,inf,inf,inf,2.0,2.0,2.0,3.0,2.0,2.0,5.0,4.0,3.0,3.0,5.0,5.0,4.0,5.0,5.0,4.0,inf,inf,3.0,3.0,3.0,3.0,3.0,4.0,3.0,4.0,3.0,3.0,3.0,3.0,2.0,3.0,3.0,3.0,3.0,4.0,2.0,2.0,1.0,2.0,2.0,2.0,1.0,2.0,2.0,2.0,2.0,2.0,2.0,2.0,2.0,2.0,2.0,2.0,3.0,3.0,2.0,3.0,3.0,2.0,2.0,3.0,2.0,3.0,3.0,3.0,2.0,2.0,2.0,2.0,2.0,2.0,2.0,2.0,2.0,2.0,3.0,3.0,3.0,3.0,3.0,2.0,2.0,3.0,2.0,3.0,2.0,3.0,2.0,3.0,2.0,3.0,2.0,3.0,2.0,2.0,2.0,2.0,3.0,3.0,3.0,2.0,2.0,1.0,1.0,2.0,3.0,3.0,3.0,3.0,3.0,3.0,3.0,3.0,3.0,3.0,3.0,3.0,3.0,3.0,3.0,3.0,3.0,4.0,3.0,4.0,4.0,3.0,4.0,4.0,4.0,3.0,4.0,3.0,3.0,3.0,3.0,4.0,3.0,3.0,3.0,3.0,2.0,3.0,3.0,4.0,3.0,4.0,4.0,3.0,2.0
AIYL,2.0,2.0,3.0,3.0,2.0,2.0,2.0,2.0,1.0,2.0,2.0,2.0,1.0,2.0,3.0,2.0,3.0,2.0,0.0,2.0,1.0,2.0,3.0,3.0,3.0,3.0,3.0,2.0,3.0,3.0,3.0,3.0,2.0,4.0,3.0,3.0,4.0,3.0,3.0,2.0,1.0,2.0,2.0,2.0,2.0,2.0,2.0,3.0,3.0,2.0,3.0,2.0,2.0,2.0,3.0,2.0,2.0,3.0,2.0,2.0,2.0,2.0,2.0,3.0,2.0,2.0,2.0,3.0,3.0,2.0,3.0,4.0,1.0,2.0,2.0,2.0,1.0,1.0,2.0,2.0,3.0,2.0,4.0,4.0,2.0,3.0,2.0,2.0,3.0,3.0,3.0,3.0,2.0,2.0,3.0,3.0,3.0,3.0,3.0,3.0,3.0,2.0,4.0,3.0,3.0,3.0,3.0,3.0,4.0,3.0,2.0,3.0,2.0,2.0,3.0,2.0,1.0,inf,inf,inf,inf,inf,inf,inf,inf,3.0,3.0,3.0,3.0,3.0,3.0,3.0,4.0,2.0,2.0,2.0,2.0,3.0,3.0,inf,inf,inf,inf,inf,inf,inf,inf,inf,inf,inf,inf,3.0,3.0,2.0,2.0,2.0,2.0,4.0,4.0,3.0,3.0,4.0,5.0,4.0,5.0,4.0,4.0,inf,inf,3.0,3.0,3.0,3.0,3.0,3.0,3.0,3.0,3.0,2.0,2.0,2.0,3.0,2.0,3.0,2.0,3.0,3.0,1.0,2.0,1.0,2.0,3.0,2.0,3.0,2.0,2.0,2.0,2.0,1.0,2.0,2.0,2.0,2.0,1.0,2.0,2.0,2.0,2.0,2.0,2.0,2.0,2.0,2.0,3.0,3.0,2.0,2.0,3.0,2.0,2.0,2.0,3.0,3.0,2.0,2.0,2.0,2.0,2.0,3.0,2.0,3.0,3.0,2.0,2.0,3.0,2.0,3.0,3.0,3.0,2.0,2.0,2.0,2.0,3.0,2.0,2.0,2.0,2.0,3.0,3.0,3.0,2.0,3.0,3.0,2.0,2.0,2.0,3.0,3.0,2.0,3.0,3.0,3.0,3.0,3.0,2.0,3.0,3.0,3.0,3.0,3.0,3.0,3.0,2.0,4.0,3.0,3.0,4.0,3.0,4.0,4.0,4.0,3.0,3.0,2.0,2.0,2.0,2.0,4.0,3.0,3.0,3.0,3.0,3.0,3.0,3.0,4.0,3.0,4.0,3.0,3.0,3.0
AIYR,3.0,2.0,3.0,3.0,3.0,1.0,2.0,2.0,2.0,1.0,2.0,2.0,2.0,2.0,3.0,2.0,1.0,3.0,1.0,0.0,2.0,1.0,3.0,3.0,3.0,3.0,3.0,2.0,3.0,3.0,3.0,3.0,3.0,3.0,3.0,3.0,3.0,3.0,3.0,1.0,1.0,3.0,1.0,3.0,2.0,2.0,3.0,2.0,3.0,2.0,3.0,3.0,2.0,2.0,2.0,2.0,2.0,3.0,3.0,2.0,2.0,3.0,3.0,3.0,2.0,3.0,3.0,3.0,3.0,3.0,3.0,4.0,2.0,1.0,2.0,1.0,2.0,2.0,2.0,1.0,4.0,3.0,4.0,4.0,3.0,3.0,2.0,2.0,3.0,3.0,3.0,3.0,3.0,3.0,3.0,3.0,3.0,3.0,3.0,3.0,3.0,3.0,4.0,3.0,3.0,3.0,3.0,4.0,4.0,4.0,2.0,4.0,3.0,3.0,4.0,2.0,2.0,inf,inf,inf,inf,inf,inf,inf,inf,4.0,3.0,3.0,2.0,3.0,3.0,4.0,4.0,3.0,2.0,3.0,3.0,3.0,3.0,inf,inf,inf,inf,inf,inf,inf,inf,inf,inf,inf,inf,3.0,2.0,3.0,3.0,2.0,2.0,5.0,4.0,3.0,3.0,4.0,5.0,4.0,5.0,5.0,4.0,inf,inf,3.0,3.0,4.0,3.0,3.0,4.0,4.0,4.0,3.0,3.0,3.0,2.0,3.0,3.0,3.0,3.0,4.0,4.0,2.0,1.0,2.0,1.0,3.0,3.0,2.0,3.0,2.0,2.0,2.0,2.0,3.0,2.0,3.0,3.0,2.0,2.0,2.0,1.0,2.0,2.0,2.0,2.0,2.0,2.0,2.0,3.0,3.0,3.0,2.0,3.0,3.0,3.0,3.0,2.0,2.0,2.0,2.0,3.0,3.0,3.0,3.0,3.0,4.0,3.0,2.0,2.0,3.0,3.0,3.0,3.0,3.0,3.0,2.0,2.0,2.0,2.0,2.0,2.0,2.0,4.0,3.0,3.0,3.0,4.0,3.0,3.0,2.0,3.0,3.0,3.0,2.0,3.0,3.0,3.0,3.0,3.0,3.0,3.0,3.0,3.0,3.0,3.0,3.0,3.0,3.0,4.0,4.0,4.0,4.0,3.0,4.0,4.0,4.0,3.0,4.0,3.0,3.0,3.0,3.0,4.0,3.0,3.0,3.0,4.0,3.0,4.0,4.0,4.0,4.0,4.0,4.0,4.0,3.0
AIZL,2.0,2.0,3.0,3.0,1.0,2.0,2.0,2.0,1.0,2.0,1.0,2.0,1.0,1.0,2.0,3.0,3.0,2.0,2.0,2.0,0.0,2.0,3.0,2.0,3.0,2.0,2.0,2.0,2.0,2.0,2.0,3.0,3.0,3.0,3.0,3.0,3.0,3.0,3.0,1.0,2.0,2.0,2.0,2.0,2.0,2.0,2.0,2.0,4.0,2.0,3.0,2.0,2.0,2.0,2.0,2.0,2.0,2.0,2.0,1.0,1.0,2.0,3.0,3.0,3.0,2.0,3.0,2.0,2.0,1.0,3.0,3.0,3.0,3.0,2.0,3.0,2.0,1.0,3.0,2.0,2.0,3.0,4.0,4.0,2.0,2.0,3.0,2.0,2.0,2.0,2.0,2.0,3.0,3.0,3.0,3.0,3.0,3.0,2.0,2.0,2.0,3.0,4.0,2.0,2.0,2.0,3.0,3.0,3.0,3.0,1.0,3.0,3.0,2.0,3.0,3.0,3.0,inf,inf,inf,inf,inf,inf,inf,inf,2.0,3.0,3.0,3.0,3.0,3.0,3.0,4.0,2.0,2.0,3.0,3.0,3.0,3.0,inf,inf,inf,inf,inf,inf,inf,inf,inf,inf,inf,inf,2.0,2.0,2.0,3.0,2.0,3.0,4.0,4.0,2.0,3.0,4.0,4.0,4.0,5.0,4.0,3.0,inf,inf,2.0,3.0,3.0,2.0,2.0,3.0,3.0,2.0,3.0,3.0,2.0,2.0,2.0,3.0,2.0,2.0,3.0,3.0,1.0,2.0,2.0,2.0,2.0,1.0,3.0,2.0,3.0,1.0,2.0,2.0,1.0,2.0,3.0,3.0,2.0,3.0,2.0,2.0,2.0,2.0,2.0,2.0,2.0,2.0,2.0,3.0,3.0,2.0,2.0,2.0,2.0,2.0,3.0,2.0,2.0,2.0,2.0,2.0,2.0,2.0,2.0,3.0,2.0,2.0,2.0,2.0,2.0,2.0,2.0,2.0,2.0,1.0,2.0,1.0,2.0,2.0,2.0,1.0,2.0,3.0,3.0,3.0,3.0,3.0,2.0,2.0,2.0,1.0,3.0,3.0,3.0,2.0,2.0,2.0,2.0,3.0,2.0,3.0,2.0,3.0,3.0,3.0,2.0,2.0,1.0,3.0,3.0,3.0,3.0,2.0,3.0,4.0,4.0,2.0,3.0,2.0,3.0,4.0,4.0,4.0,3.0,2.0,2.0,3.0,3.0,3.0,3.0,3.0,3.0,3.0,3.0,3.0,3.0
AIZR,3.0,2.0,3.0,3.0,3.0,1.0,2.0,2.0,2.0,2.0,2.0,1.0,1.0,1.0,3.0,3.0,3.0,3.0,2.0,2.0,2.0,0.0,3.0,2.0,3.0,2.0,2.0,2.0,2.0,2.0,2.0,3.0,3.0,3.0,3.0,3.0,3.0,3.0,3.0,2.0,1.0,2.0,2.0,2.0,2.0,2.0,2.0,2.0,4.0,2.0,2.0,2.0,2.0,2.0,2.0,2.0,2.0,2.0,2.0,1.0,1.0,3.0,3.0,3.0,2.0,3.0,2.0,3.0,2.0,3.0,3.0,3.0,3.0,1.0,3.0,2.0,2.0,1.0,2.0,3.0,3.0,3.0,4.0,4.0,2.0,3.0,2.0,2.0,2.0,2.0,2.0,2.0,3.0,3.0,3.0,3.0,3.0,3.0,2.0,2.0,2.0,3.0,4.0,2.0,3.0,3.0,3.0,3.0,3.0,3.0,1.0,4.0,3.0,2.0,3.0,3.0,3.0,inf,inf,inf,inf,inf,inf,inf,inf,3.0,3.0,3.0,2.0,3.0,2.0,3.0,4.0,2.0,3.0,3.0,3.0,3.0,3.0,inf,inf,inf,inf,inf,inf,inf,inf,inf,inf,inf,inf,2.0,3.0,3.0,3.0,3.0,2.0,5.0,4.0,2.0,3.0,4.0,4.0,4.0,5.0,4.0,3.0,inf,inf,3.0,2.0,3.0,2.0,2.0,3.0,3.0,3.0,3.0,3.0,3.0,2.0,3.0,3.0,2.0,2.0,3.0,3.0,2.0,1.0,2.0,2.0,3.0,2.0,3.0,2.0,2.0,2.0,2.0,2.0,2.0,1.0,3.0,3.0,2.0,2.0,2.0,2.0,2.0,2.0,2.0,2.0,2.0,2.0,2.0,3.0,3.0,2.0,2.0,2.0,2.0,2.0,3.0,3.0,2.0,2.0,2.0,2.0,2.0,2.0,2.0,2.0,3.0,2.0,1.0,2.0,2.0,2.0,2.0,3.0,2.0,2.0,1.0,2.0,1.0,2.0,1.0,2.0,2.0,3.0,4.0,3.0,3.0,3.0,3.0,2.0,2.0,2.0,3.0,3.0,2.0,2.0,2.0,2.0,2.0,3.0,2.0,3.0,2.0,3.0,3.0,3.0,2.0,2.0,3.0,3.0,3.0,3.0,3.0,2.0,3.0,4.0,4.0,2.0,4.0,4.0,3.0,4.0,4.0,4.0,3.0,2.0,2.0,3.0,3.0,3.0,3.0,3.0,3.0,3.0,3.0,3.0,3.0
ALA,3.0,3.0,3.0,3.0,4.0,2.0,3.0,3.0,3.0,3.0,3.0,3.0,3.0,3.0,3.0,3.0,3.0,3.0,4.0,3.0,3.0,2.0,0.0,2.0,3.0,3.0,3.0,3.0,2.0,2.0,2.0,3.0,3.0,3.0,3.0,3.0,3.0,2.0,2.0,4.0,3.0,3.0,3.0,3.0,3.0,4.0,4.0,3.0,1.0,4.0,2.0,3.0,2.0,2.0,2.0,2.0,3.0,2.0,1.0,1.0,1.0,2.0,3.0,2.0,3.0,3.0,3.0,2.0,3.0,2.0,3.0,3.0,4.0,3.0,3.0,3.0,4.0,3.0,3.0,3.0,3.0,3.0,1.0,1.0,2.0,3.0,2.0,2.0,2.0,2.0,2.0,2.0,2.0,2.0,3.0,2.0,2.0,2.0,3.0,2.0,2.0,3.0,4.0,3.0,3.0,3.0,3.0,3.0,2.0,3.0,2.0,3.0,2.0,3.0,3.0,3.0,2.0,inf,inf,inf,inf,inf,inf,inf,inf,3.0,3.0,2.0,2.0,3.0,3.0,3.0,4.0,3.0,3.0,4.0,3.0,2.0,3.0,inf,inf,inf,inf,inf,inf,inf,inf,inf,inf,inf,inf,2.0,2.0,3.0,3.0,3.0,3.0,4.0,4.0,3.0,3.0,3.0,4.0,3.0,4.0,4.0,3.0,inf,inf,3.0,3.0,2.0,2.0,2.0,1.0,1.0,3.0,3.0,3.0,2.0,3.0,3.0,2.0,2.0,2.0,3.0,3.0,2.0,1.0,3.0,2.0,3.0,3.0,3.0,3.0,3.0,3.0,3.0,3.0,3.0,2.0,3.0,3.0,3.0,2.0,2.0,2.0,2.0,2.0,2.0,1.0,2.0,2.0,3.0,3.0,3.0,3.0,3.0,3.0,2.0,2.0,3.0,3.0,3.0,2.0,3.0,3.0,2.0,2.0,2.0,3.0,3.0,3.0,2.0,2.0,3.0,3.0,3.0,3.0,3.0,3.0,2.0,3.0,2.0,2.0,2.0,2.0,2.0,3.0,4.0,3.0,3.0,3.0,3.0,3.0,2.0,3.0,3.0,3.0,3.0,2.0,2.0,2.0,2.0,2.0,3.0,3.0,3.0,2.0,3.0,2.0,2.0,3.0,3.0,3.0,3.0,2.0,2.0,3.0,3.0,3.0,3.0,3.0,3.0,3.0,3.0,3.0,3.0,4.0,3.0,2.0,2.0,3.0,3.0,3.0,3.0,3.0,3.0,2.0,3.0,3.0,3.0
ALML,2.0,2.0,2.0,3.0,3.0,3.0,2.0,2.0,2.0,3.0,2.0,3.0,2.0,2.0,1.0,3.0,2.0,3.0,3.0,3.0,2.0,3.0,2.0,0.0,3.0,2.0,3.0,2.0,2.0,2.0,2.0,3.0,3.0,3.0,3.0,3.0,3.0,2.0,2.0,3.0,3.0,2.0,3.0,2.0,2.0,3.0,4.0,2.0,3.0,2.0,3.0,3.0,3.0,2.0,2.0,2.0,2.0,2.0,1.0,1.0,2.0,2.0,2.0,2.0,2.0,2.0,2.0,2.0,3.0,2.0,2.0,3.0,3.0,3.0,3.0,3.0,3.0,3.0,3.0,3.0,1.0,3.0,3.0,3.0,1.0,2.0,1.0,3.0,2.0,2.0,2.0,2.0,2.0,2.0,2.0,2.0,2.0,2.0,2.0,2.0,2.0,2.0,3.0,2.0,3.0,3.0,3.0,3.0,3.0,3.0,2.0,3.0,2.0,2.0,3.0,2.0,3.0,inf,inf,inf,inf,inf,inf,inf,inf,2.0,3.0,3.0,3.0,2.0,3.0,2.0,4.0,3.0,3.0,3.0,3.0,2.0,2.0,inf,inf,inf,inf,inf,inf,inf,inf,inf,inf,inf,inf,2.0,3.0,2.0,3.0,2.0,3.0,4.0,3.0,2.0,3.0,3.0,4.0,3.0,4.0,4.0,4.0,inf,inf,3.0,3.0,2.0,1.0,1.0,2.0,2.0,3.0,2.0,2.0,2.0,2.0,2.0,3.0,2.0,2.0,3.0,2.0,2.0,3.0,2.0,3.0,1.0,1.0,2.0,1.0,3.0,3.0,3.0,2.0,2.0,2.0,2.0,2.0,3.0,2.0,2.0,2.0,2.0,1.0,2.0,2.0,2.0,2.0,2.0,3.0,3.0,3.0,2.0,2.0,1.0,3.0,2.0,2.0,2.0,2.0,2.0,3.0,2.0,2.0,2.0,1.0,3.0,2.0,2.0,2.0,2.0,2.0,2.0,2.0,2.0,2.0,1.0,2.0,2.0,2.0,2.0,2.0,2.0,2.0,3.0,2.0,3.0,2.0,2.0,2.0,3.0,2.0,3.0,2.0,3.0,2.0,2.0,2.0,2.0,2.0,3.0,3.0,3.0,3.0,3.0,2.0,3.0,2.0,3.0,2.0,2.0,3.0,2.0,2.0,2.0,4.0,3.0,2.0,3.0,3.0,3.0,4.0,3.0,3.0,3.0,2.0,2.0,3.0,3.0,3.0,3.0,3.0,3.0,3.0,3.0,3.0,3.0
ALMR,3.0,2.0,3.0,2.0,4.0,3.0,3.0,2.0,4.0,4.0,3.0,3.0,3.0,3.0,3.0,3.0,3.0,4.0,3.0,3.0,3.0,3.0,3.0,3.0,0.0,3.0,2.0,2.0,3.0,3.0,3.0,3.0,3.0,3.0,3.0,3.0,3.0,3.0,3.0,4.0,3.0,3.0,2.0,3.0,3.0,4.0,3.0,3.0,4.0,4.0,4.0,3.0,3.0,2.0,2.0,2.0,2.0,2.0,2.0,2.0,2.0,3.0,2.0,3.0,2.0,3.0,2.0,3.0,3.0,3.0,2.0,4.0,4.0,4.0,3.0,3.0,3.0,3.0,3.0,3.0,3.0,1.0,4.0,4.0,3.0,1.0,2.0,1.0,3.0,2.0,3.0,2.0,2.0,3.0,2.0,3.0,3.0,3.0,2.0,2.0,2.0,2.0,3.0,2.0,3.0,3.0,3.0,3.0,3.0,3.0,2.0,3.0,3.0,2.0,3.0,3.0,2.0,inf,inf,inf,inf,inf,inf,inf,inf,3.0,2.0,3.0,2.0,3.0,2.0,4.0,3.0,3.0,2.0,3.0,2.0,3.0,2.0,inf,inf,inf,inf,inf,inf,inf,inf,inf,inf,inf,inf,3.0,2.0,3.0,2.0,3.0,2.0,4.0,3.0,2.0,3.0,4.0,5.0,4.0,5.0,4.0,4.0,inf,inf,3.0,3.0,3.0,2.0,1.0,2.0,2.0,3.0,2.0,2.0,3.0,2.0,3.0,3.0,2.0,3.0,3.0,2.0,2.0,2.0,3.0,2.0,2.0,2.0,2.0,3.0,2.0,3.0,3.0,2.0,2.0,2.0,3.0,2.0,3.0,2.0,2.0,2.0,1.0,2.0,2.0,2.0,2.0,2.0,3.0,3.0,3.0,2.0,3.0,3.0,3.0,2.0,2.0,2.0,3.0,3.0,3.0,2.0,3.0,3.0,3.0,2.0,2.0,1.0,3.0,3.0,2.0,2.0,2.0,3.0,2.0,2.0,3.0,3.0,2.0,1.0,2.0,2.0,2.0,3.0,2.0,3.0,2.0,3.0,1.0,3.0,2.0,2.0,2.0,3.0,2.0,3.0,3.0,3.0,3.0,3.0,3.0,3.0,3.0,3.0,3.0,3.0,3.0,3.0,3.0,2.0,2.0,3.0,2.0,2.0,2.0,4.0,4.0,2.0,3.0,3.0,3.0,3.0,3.0,3.0,3.0,3.0,3.0,3.0,3.0,3.0,3.0,3.0,3.0,3.0,3.0,3.0,3.0
ALNL,2.0,3.0,3.0,3.0,3.0,3.0,2.0,3.0,3.0,3.0,3.0,3.0,2.0,2.0,2.0,3.0,3.0,4.0,3.0,3.0,2.0,3.0,3.0,2.0,3.0,0.0,2.0,2.0,3.0,3.0,3.0,3.0,3.0,3.0,3.0,3.0,3.0,3.0,3.0,3.0,3.0,3.0,3.0,2.0,3.0,3.0,4.0,3.0,4.0,3.0,4.0,3.0,3.0,2.0,2.0,3.0,2.0,3.0,3.0,2.0,3.0,3.0,2.0,3.0,3.0,3.0,3.0,3.0,3.0,3.0,4.0,4.0,3.0,4.0,3.0,3.0,3.0,3.0,3.0,2.0,3.0,4.0,4.0,4.0,2.0,3.0,3.0,2.0,3.0,3.0,3.0,3.0,3.0,3.0,3.0,3.0,3.0,3.0,3.0,3.0,3.0,3.0,4.0,3.0,3.0,3.0,3.0,4.0,4.0,4.0,3.0,4.0,3.0,3.0,4.0,3.0,3.0,inf,inf,inf,inf,inf,inf,inf,inf,3.0,3.0,3.0,2.0,3.0,2.0,3.0,4.0,2.0,3.0,4.0,3.0,3.0,3.0,inf,inf,inf,inf,inf,inf,inf,inf,inf,inf,inf,inf,3.0,2.0,3.0,3.0,3.0,3.0,5.0,4.0,3.0,3.0,4.0,5.0,4.0,5.0,5.0,4.0,inf,inf,2.0,3.0,4.0,3.0,3.0,3.0,4.0,3.0,3.0,4.0,2.0,3.0,3.0,4.0,2.0,3.0,4.0,4.0,1.0,2.0,2.0,2.0,2.0,2.0,2.0,2.0,3.0,3.0,3.0,3.0,2.0,2.0,3.0,3.0,2.0,3.0,2.0,2.0,2.0,1.0,2.0,2.0,2.0,2.0,2.0,3.0,3.0,3.0,3.0,2.0,1.0,3.0,1.0,2.0,2.0,3.0,1.0,3.0,2.0,3.0,3.0,2.0,3.0,2.0,1.0,2.0,2.0,3.0,2.0,2.0,2.0,2.0,1.0,2.0,3.0,2.0,2.0,1.0,2.0,3.0,4.0,3.0,3.0,3.0,3.0,2.0,2.0,3.0,4.0,4.0,3.0,3.0,3.0,3.0,3.0,3.0,3.0,3.0,3.0,3.0,3.0,3.0,3.0,3.0,3.0,3.0,4.0,4.0,4.0,3.0,4.0,4.0,4.0,4.0,4.0,4.0,4.0,4.0,4.0,5.0,4.0,3.0,3.0,4.0,3.0,4.0,4.0,4.0,4.0,4.0,3.0,4.0,3.0
ALNR,3.0,2.0,2.0,1.0,3.0,3.0,3.0,3.0,3.0,3.0,3.0,3.0,2.0,2.0,3.0,3.0,3.0,3.0,3.0,3.0,2.0,2.0,3.0,3.0,3.0,2.0,0.0,3.0,3.0,2.0,3.0,2.0,2.0,3.0,2.0,2.0,3.0,2.0,2.0,3.0,3.0,2.0,3.0,3.0,3.0,4.0,2.0,2.0,4.0,3.0,3.0,3.0,3.0,1.0,2.0,2.0,2.0,2.0,2.0,2.0,2.0,3.0,3.0,3.0,3.0,3.0,3.0,2.0,3.0,2.0,3.0,3.0,4.0,3.0,4.0,3.0,3.0,3.0,3.0,3.0,3.0,3.0,4.0,4.0,3.0,2.0,3.0,2.0,2.0,2.0,2.0,2.0,2.0,2.0,2.0,2.0,2.0,3.0,3.0,3.0,3.0,2.0,3.0,2.0,3.0,3.0,3.0,3.0,3.0,3.0,3.0,4.0,3.0,2.0,2.0,3.0,3.0,inf,inf,inf,inf,inf,inf,inf,inf,2.0,3.0,3.0,2.0,3.0,3.0,3.0,4.0,2.0,2.0,3.0,3.0,2.0,2.0,inf,inf,inf,inf,inf,inf,inf,inf,inf,inf,inf,inf,3.0,2.0,3.0,3.0,3.0,3.0,5.0,3.0,3.0,3.0,4.0,4.0,3.0,4.0,4.0,3.0,inf,inf,2.0,3.0,3.0,2.0,2.0,3.0,3.0,3.0,2.0,3.0,3.0,3.0,3.0,3.0,2.0,3.0,3.0,3.0,2.0,2.0,2.0,2.0,3.0,2.0,3.0,3.0,3.0,2.0,2.0,2.0,1.0,2.0,2.0,3.0,3.0,2.0,2.0,3.0,3.0,2.0,2.0,2.0,3.0,3.0,2.0,3.0,3.0,2.0,2.0,2.0,3.0,2.0,3.0,3.0,2.0,2.0,2.0,1.0,3.0,2.0,3.0,3.0,2.0,2.0,2.0,2.0,2.0,3.0,2.0,2.0,3.0,1.0,2.0,2.0,3.0,2.0,1.0,1.0,2.0,3.0,3.0,3.0,3.0,3.0,2.0,3.0,2.0,3.0,3.0,4.0,3.0,2.0,2.0,2.0,2.0,2.0,2.0,2.0,2.0,2.0,2.0,2.0,2.0,2.0,3.0,3.0,3.0,3.0,3.0,3.0,3.0,3.0,3.0,3.0,4.0,4.0,3.0,4.0,4.0,4.0,3.0,3.0,3.0,3.0,3.0,3.0,3.0,3.0,3.0,3.0,3.0,3.0,3.0
AQR,2.0,2.0,3.0,3.0,2.0,2.0,2.0,2.0,3.0,2.0,3.0,3.0,2.0,2.0,2.0,2.0,2.0,3.0,2.0,3.0,2.0,2.0,2.0,3.0,3.0,2.0,3.0,0.0,2.0,2.0,2.0,2.0,2.0,2.0,2.0,2.0,2.0,2.0,2.0,3.0,3.0,3.0,3.0,2.0,2.0,2.0,3.0,3.0,3.0,3.0,3.0,2.0,2.0,1.0,1.0,1.0,1.0,1.0,1.0,2.0,2.0,3.0,3.0,2.0,2.0,2.0,1.0,2.0,3.0,2.0,2.0,3.0,3.0,3.0,3.0,2.0,3.0,3.0,1.0,1.0,3.0,3.0,3.0,3.0,2.0,3.0,2.0,2.0,2.0,2.0,2.0,2.0,2.0,2.0,2.0,2.0,2.0,2.0,2.0,2.0,2.0,2.0,3.0,2.0,3.0,2.0,3.0,3.0,3.0,3.0,1.0,3.0,2.0,2.0,3.0,2.0,2.0,inf,inf,inf,inf,inf,inf,inf,inf,2.0,3.0,3.0,2.0,3.0,3.0,3.0,4.0,2.0,3.0,3.0,3.0,2.0,2.0,inf,inf,inf,inf,inf,inf,inf,inf,inf,inf,inf,inf,3.0,3.0,3.0,3.0,2.0,3.0,4.0,3.0,2.0,2.0,3.0,4.0,3.0,4.0,4.0,3.0,inf,inf,3.0,3.0,2.0,1.0,1.0,2.0,2.0,3.0,2.0,2.0,1.0,1.0,3.0,2.0,2.0,3.0,3.0,2.0,1.0,1.0,2.0,2.0,2.0,3.0,2.0,3.0,2.0,1.0,2.0,2.0,2.0,2.0,3.0,2.0,1.0,2.0,2.0,2.0,2.0,2.0,2.0,2.0,2.0,2.0,3.0,3.0,3.0,3.0,3.0,3.0,2.0,2.0,3.0,2.0,2.0,2.0,2.0,2.0,2.0,2.0,2.0,2.0,3.0,2.0,2.0,2.0,2.0,2.0,3.0,2.0,2.0,2.0,2.0,2.0,2.0,2.0,2.0,2.0,2.0,3.0,4.0,3.0,2.0,3.0,3.0,1.0,2.0,2.0,3.0,3.0,3.0,2.0,2.0,2.0,2.0,2.0,2.0,2.0,2.0,2.0,2.0,2.0,2.0,2.0,2.0,2.0,2.0,3.0,2.0,2.0,2.0,3.0,3.0,2.0,3.0,3.0,2.0,3.0,3.0,3.0,3.0,3.0,2.0,3.0,3.0,3.0,3.0,3.0,3.0,3.0,3.0,3.0,3.0
AS01,3.0,3.0,4.0,3.0,5.0,5.0,4.0,4.0,5.0,5.0,4.0,4.0,4.0,3.0,4.0,5.0,4.0,5.0,5.0,4.0,4.0,4.0,4.0,4.0,5.0,5.0,4.0,4.0,0.0,2.0,4.0,4.0,4.0,4.0,4.0,4.0,4.0,4.0,3.0,5.0,5.0,5.0,5.0,5.0,4.0,5.0,4.0,5.0,5.0,5.0,5.0,4.0,4.0,3.0,3.0,3.0,3.0,3.0,3.0,3.0,3.0,4.0,4.0,4.0,4.0,4.0,3.0,3.0,4.0,4.0,4.0,4.0,5.0,5.0,5.0,5.0,5.0,4.0,4.0,5.0,5.0,5.0,5.0,5.0,4.0,4.0,5.0,4.0,1.0,2.0,3.0,4.0,4.0,3.0,4.0,4.0,4.0,1.0,4.0,4.0,4.0,4.0,5.0,4.0,1.0,3.0,3.0,5.0,5.0,4.0,3.0,5.0,4.0,3.0,2.0,5.0,4.0,inf,inf,inf,inf,inf,inf,inf,inf,5.0,5.0,5.0,4.0,5.0,5.0,5.0,6.0,5.0,4.0,6.0,5.0,4.0,4.0,inf,inf,inf,inf,inf,inf,inf,inf,inf,inf,inf,inf,4.0,4.0,5.0,5.0,5.0,5.0,6.0,5.0,4.0,4.0,5.0,6.0,5.0,6.0,6.0,5.0,inf,inf,4.0,4.0,4.0,3.0,4.0,5.0,5.0,5.0,4.0,4.0,4.0,4.0,5.0,4.0,4.0,4.0,4.0,5.0,4.0,4.0,4.0,4.0,4.0,4.0,2.0,5.0,4.0,4.0,4.0,5.0,3.0,4.0,4.0,4.0,4.0,4.0,5.0,4.0,5.0,5.0,4.0,4.0,5.0,4.0,3.0,5.0,5.0,4.0,3.0,4.0,4.0,4.0,4.0,5.0,3.0,3.0,4.0,4.0,3.0,4.0,4.0,4.0,5.0,4.0,5.0,4.0,5.0,4.0,4.0,4.0,4.0,4.0,4.0,3.0,4.0,4.0,4.0,4.0,4.0,5.0,5.0,4.0,5.0,5.0,4.0,4.0,4.0,4.0,4.0,5.0,5.0,2.0,3.0,3.0,3.0,4.0,4.0,4.0,4.0,4.0,4.0,4.0,4.0,2.0,3.0,3.0,4.0,5.0,4.0,4.0,4.0,5.0,5.0,4.0,5.0,4.0,4.0,5.0,5.0,5.0,1.0,2.0,2.0,4.0,3.0,4.0,4.0,5.0,5.0,5.0,5.0,4.0,3.0
AS02,3.0,3.0,3.0,3.0,5.0,5.0,4.0,4.0,5.0,5.0,4.0,4.0,3.0,3.0,4.0,5.0,4.0,5.0,5.0,4.0,4.0,4.0,4.0,3.0,5.0,4.0,4.0,4.0,2.0,0.0,3.0,4.0,4.0,4.0,4.0,4.0,4.0,4.0,2.0,5.0,5.0,4.0,5.0,4.0,4.0,5.0,4.0,4.0,5.0,5.0,5.0,4.0,4.0,3.0,3.0,3.0,3.0,3.0,3.0,2.0,3.0,5.0,4.0,4.0,4.0,5.0,3.0,3.0,4.0,4.0,4.0,4.0,5.0,5.0,5.0,5.0,5.0,4.0,4.0,4.0,4.0,5.0,5.0,5.0,4.0,4.0,4.0,4.0,2.0,2.0,3.0,3.0,3.0,2.0,4.0,4.0,4.0,1.0,4.0,3.0,3.0,3.0,5.0,3.0,1.0,2.0,2.0,4.0,4.0,3.0,3.0,5.0,4.0,2.0,2.0,5.0,4.0,inf,inf,inf,inf,inf,inf,inf,inf,5.0,5.0,4.0,4.0,5.0,5.0,5.0,6.0,4.0,4.0,5.0,5.0,4.0,4.0,inf,inf,inf,inf,inf,inf,inf,inf,inf,inf,inf,inf,4.0,4.0,5.0,5.0,5.0,5.0,6.0,5.0,4.0,4.0,5.0,5.0,5.0,6.0,5.0,4.0,inf,inf,5.0,5.0,4.0,3.0,3.0,4.0,4.0,5.0,4.0,4.0,4.0,4.0,5.0,4.0,4.0,3.0,3.0,4.0,4.0,4.0,3.0,3.0,4.0,4.0,1.0,4.0,4.0,4.0,4.0,4.0,4.0,4.0,4.0,4.0,4.0,3.0,4.0,4.0,4.0,4.0,4.0,4.0,4.0,4.0,2.0,5.0,4.0,4.0,4.0,4.0,3.0,4.0,4.0,4.0,4.0,4.0,4.0,4.0,3.0,3.0,3.0,4.0,5.0,4.0,4.0,4.0,4.0,4.0,4.0,4.0,4.0,4.0,4.0,4.0,4.0,3.0,3.0,4.0,4.0,5.0,5.0,4.0,5.0,4.0,4.0,4.0,4.0,4.0,4.0,5.0,4.0,3.0,2.0,3.0,3.0,3.0,3.0,4.0,4.0,4.0,4.0,4.0,3.0,3.0,2.0,3.0,3.0,4.0,4.0,4.0,4.0,5.0,5.0,4.0,4.0,3.0,4.0,5.0,5.0,4.0,2.0,1.0,2.0,3.0,2.0,3.0,3.0,4.0,4.0,4.0,4.0,3.0,2.0
AS03,5.0,5.0,6.0,5.0,6.0,5.0,5.0,5.0,6.0,6.0,5.0,5.0,5.0,5.0,5.0,5.0,6.0,7.0,6.0,6.0,6.0,5.0,6.0,4.0,6.0,6.0,6.0,5.0,3.0,3.0,0.0,2.0,3.0,5.0,5.0,5.0,5.0,5.0,5.0,6.0,5.0,6.0,6.0,5.0,5.0,6.0,6.0,5.0,6.0,6.0,5.0,6.0,6.0,4.0,4.0,5.0,5.0,4.0,5.0,3.0,4.0,5.0,5.0,5.0,5.0,6.0,5.0,5.0,5.0,5.0,5.0,6.0,6.0,5.0,6.0,6.0,6.0,6.0,6.0,6.0,5.0,6.0,7.0,7.0,5.0,6.0,5.0,6.0,4.0,2.0,1.0,2.0,3.0,5.0,5.0,5.0,5.0,3.0,3.0,2.0,4.0,5.0,6.0,5.0,1.0,2.0,3.0,5.0,3.0,5.0,5.0,6.0,4.0,5.0,4.0,6.0,5.0,inf,inf,inf,inf,inf,inf,inf,inf,6.0,6.0,6.0,6.0,6.0,6.0,6.0,7.0,6.0,6.0,6.0,6.0,5.0,5.0,inf,inf,inf,inf,inf,inf,inf,inf,inf,inf,inf,inf,5.0,6.0,6.0,6.0,6.0,6.0,7.0,6.0,5.0,5.0,6.0,7.0,6.0,7.0,7.0,6.0,inf,inf,6.0,6.0,5.0,4.0,4.0,4.0,5.0,6.0,5.0,4.0,5.0,4.0,6.0,4.0,5.0,4.0,5.0,5.0,5.0,5.0,5.0,5.0,5.0,5.0,4.0,5.0,5.0,5.0,5.0,5.0,5.0,5.0,6.0,6.0,6.0,5.0,6.0,5.0,6.0,5.0,5.0,5.0,5.0,6.0,5.0,6.0,6.0,5.0,5.0,5.0,4.0,5.0,5.0,5.0,5.0,5.0,6.0,5.0,4.0,4.0,4.0,5.0,6.0,5.0,5.0,5.0,6.0,5.0,5.0,5.0,5.0,6.0,5.0,5.0,5.0,5.0,5.0,6.0,5.0,6.0,7.0,5.0,6.0,5.0,6.0,5.0,5.0,6.0,6.0,6.0,6.0,4.0,3.0,2.0,3.0,3.0,4.0,5.0,5.0,5.0,5.0,5.0,5.0,4.0,2.0,2.0,4.0,4.0,5.0,5.0,5.0,6.0,6.0,5.0,4.0,3.0,4.0,6.0,6.0,6.0,4.0,2.0,1.0,2.0,3.0,3.0,5.0,6.0,5.0,5.0,6.0,5.0,5.0
AS04,5.0,5.0,5.0,5.0,5.0,5.0,5.0,5.0,5.0,6.0,6.0,5.0,5.0,5.0,5.0,5.0,5.0,6.0,6.0,6.0,5.0,4.0,5.0,4.0,5.0,5.0,5.0,5.0,3.0,3.0,2.0,0.0,3.0,4.0,4.0,4.0,4.0,4.0,4.0,6.0,5.0,6.0,6.0,5.0,5.0,6.0,5.0,6.0,6.0,6.0,6.0,6.0,5.0,4.0,3.0,4.0,4.0,3.0,4.0,3.0,3.0,5.0,5.0,4.0,5.0,6.0,4.0,5.0,5.0,5.0,5.0,6.0,6.0,5.0,6.0,5.0,6.0,5.0,6.0,5.0,5.0,6.0,6.0,6.0,4.0,5.0,5.0,6.0,4.0,2.0,1.0,2.0,3.0,4.0,4.0,4.0,4.0,3.0,1.0,2.0,4.0,4.0,5.0,5.0,1.0,1.0,3.0,5.0,3.0,5.0,5.0,6.0,4.0,5.0,4.0,6.0,5.0,inf,inf,inf,inf,inf,inf,inf,inf,5.0,6.0,6.0,6.0,5.0,6.0,5.0,7.0,6.0,5.0,6.0,6.0,4.0,4.0,inf,inf,inf,inf,inf,inf,inf,inf,inf,inf,inf,inf,4.0,5.0,5.0,6.0,5.0,5.0,7.0,5.0,4.0,4.0,5.0,6.0,5.0,6.0,6.0,5.0,inf,inf,5.0,6.0,5.0,4.0,4.0,4.0,5.0,5.0,5.0,4.0,5.0,5.0,6.0,5.0,5.0,4.0,5.0,5.0,5.0,5.0,5.0,5.0,5.0,5.0,4.0,5.0,5.0,4.0,5.0,5.0,5.0,4.0,5.0,5.0,5.0,5.0,6.0,5.0,5.0,5.0,5.0,5.0,5.0,5.0,5.0,5.0,6.0,5.0,5.0,5.0,4.0,4.0,5.0,5.0,5.0,5.0,5.0,4.0,4.0,4.0,4.0,5.0,6.0,5.0,5.0,5.0,5.0,5.0,5.0,5.0,5.0,5.0,5.0,5.0,5.0,5.0,5.0,5.0,4.0,5.0,6.0,5.0,6.0,5.0,5.0,5.0,4.0,5.0,6.0,5.0,6.0,4.0,3.0,3.0,2.0,3.0,4.0,4.0,4.0,4.0,4.0,4.0,4.0,4.0,3.0,2.0,3.0,4.0,5.0,5.0,5.0,5.0,5.0,5.0,5.0,4.0,5.0,6.0,6.0,6.0,4.0,2.0,2.0,1.0,3.0,3.0,5.0,5.0,5.0,5.0,5.0,5.0,5.0
AS05,3.0,4.0,4.0,4.0,4.0,4.0,4.0,3.0,5.0,4.0,4.0,4.0,4.0,3.0,3.0,4.0,4.0,5.0,5.0,4.0,4.0,4.0,3.0,4.0,4.0,4.0,4.0,3.0,3.0,3.0,3.0,3.0,0.0,3.0,3.0,3.0,3.0,3.0,3.0,5.0,4.0,4.0,5.0,4.0,3.0,5.0,4.0,4.0,4.0,4.0,4.0,4.0,4.0,2.0,2.0,3.0,3.0,2.0,2.0,3.0,3.0,2.0,3.0,2.0,3.0,3.0,3.0,3.0,4.0,4.0,3.0,4.0,4.0,4.0,4.0,4.0,5.0,4.0,4.0,4.0,4.0,4.0,4.0,4.0,4.0,4.0,4.0,4.0,3.0,3.0,3.0,1.0,2.0,3.0,3.0,3.0,3.0,3.0,2.0,3.0,3.0,3.0,4.0,3.0,3.0,2.0,1.0,4.0,2.0,4.0,3.0,3.0,3.0,3.0,4.0,3.0,3.0,inf,inf,inf,inf,inf,inf,inf,inf,4.0,4.0,5.0,5.0,4.0,4.0,5.0,5.0,5.0,5.0,5.0,5.0,3.0,3.0,inf,inf,inf,inf,inf,inf,inf,inf,inf,inf,inf,inf,4.0,4.0,5.0,5.0,4.0,4.0,4.0,4.0,3.0,3.0,3.0,4.0,4.0,4.0,4.0,4.0,inf,inf,4.0,4.0,3.0,2.0,2.0,1.0,2.0,4.0,3.0,3.0,2.0,3.0,3.0,3.0,3.0,3.0,4.0,3.0,3.0,4.0,4.0,4.0,4.0,4.0,3.0,3.0,3.0,3.0,4.0,4.0,3.0,4.0,4.0,4.0,3.0,3.0,4.0,4.0,4.0,4.0,4.0,4.0,4.0,4.0,4.0,5.0,5.0,4.0,3.0,4.0,4.0,4.0,4.0,4.0,3.0,3.0,4.0,3.0,3.0,3.0,3.0,4.0,4.0,4.0,5.0,4.0,4.0,3.0,4.0,3.0,3.0,4.0,4.0,3.0,3.0,4.0,4.0,4.0,3.0,4.0,5.0,4.0,5.0,4.0,4.0,4.0,4.0,4.0,4.0,5.0,4.0,3.0,3.0,3.0,3.0,2.0,2.0,3.0,3.0,3.0,3.0,3.0,3.0,2.0,3.0,3.0,2.0,3.0,3.0,3.0,3.0,3.0,4.0,3.0,3.0,4.0,4.0,4.0,4.0,4.0,3.0,3.0,3.0,2.0,1.0,3.0,4.0,4.0,4.0,2.0,4.0,4.0,4.0
AS06,4.0,4.0,4.0,5.0,4.0,5.0,5.0,4.0,4.0,5.0,4.0,5.0,4.0,4.0,4.0,5.0,4.0,5.0,5.0,5.0,4.0,4.0,4.0,3.0,4.0,5.0,5.0,4.0,3.0,3.0,4.0,3.0,3.0,0.0,3.0,3.0,4.0,3.0,3.0,5.0,5.0,5.0,5.0,4.0,4.0,4.0,5.0,5.0,5.0,5.0,5.0,4.0,5.0,2.0,3.0,3.0,3.0,3.0,3.0,3.0,3.0,4.0,4.0,4.0,4.0,4.0,3.0,3.0,4.0,4.0,3.0,4.0,5.0,5.0,4.0,5.0,5.0,5.0,5.0,4.0,3.0,4.0,5.0,5.0,3.0,4.0,4.0,4.0,3.0,3.0,3.0,2.0,1.0,3.0,3.0,3.0,3.0,4.0,3.0,3.0,1.0,3.0,4.0,3.0,4.0,3.0,1.0,2.0,2.0,2.0,4.0,4.0,4.0,4.0,4.0,4.0,3.0,inf,inf,inf,inf,inf,inf,inf,inf,4.0,4.0,4.0,5.0,4.0,4.0,4.0,5.0,4.0,5.0,5.0,5.0,3.0,3.0,inf,inf,inf,inf,inf,inf,inf,inf,inf,inf,inf,inf,4.0,5.0,4.0,5.0,4.0,5.0,5.0,4.0,4.0,4.0,5.0,5.0,4.0,5.0,5.0,4.0,inf,inf,5.0,5.0,3.0,3.0,3.0,4.0,3.0,4.0,3.0,2.0,5.0,4.0,5.0,4.0,3.0,3.0,3.0,3.0,3.0,4.0,4.0,5.0,4.0,4.0,4.0,4.0,4.0,4.0,4.0,4.0,4.0,4.0,4.0,4.0,4.0,4.0,4.0,4.0,4.0,4.0,4.0,4.0,4.0,4.0,5.0,5.0,5.0,4.0,4.0,4.0,4.0,4.0,4.0,4.0,4.0,4.0,5.0,4.0,4.0,3.0,4.0,4.0,4.0,4.0,4.0,4.0,4.0,4.0,4.0,4.0,4.0,5.0,4.0,4.0,4.0,4.0,4.0,4.0,4.0,4.0,5.0,5.0,5.0,3.0,5.0,3.0,4.0,4.0,5.0,5.0,5.0,3.0,3.0,3.0,3.0,3.0,2.0,3.0,3.0,3.0,3.0,3.0,3.0,3.0,4.0,4.0,3.0,2.0,4.0,4.0,4.0,4.0,4.0,4.0,4.0,3.0,4.0,4.0,4.0,4.0,4.0,4.0,3.0,3.0,2.0,1.0,3.0,4.0,4.0,4.0,4.0,3.0,3.0
AS07,5.0,5.0,5.0,6.0,5.0,5.0,6.0,5.0,5.0,5.0,5.0,5.0,5.0,5.0,5.0,5.0,5.0,5.0,5.0,5.0,4.0,4.0,5.0,4.0,5.0,5.0,5.0,4.0,3.0,3.0,3.0,4.0,4.0,4.0,0.0,5.0,5.0,4.0,5.0,5.0,5.0,6.0,6.0,5.0,5.0,5.0,5.0,6.0,6.0,6.0,6.0,4.0,4.0,4.0,4.0,4.0,4.0,4.0,4.0,4.0,4.0,5.0,5.0,5.0,5.0,5.0,4.0,4.0,5.0,5.0,4.0,5.0,6.0,5.0,5.0,5.0,6.0,5.0,5.0,5.0,4.0,5.0,6.0,6.0,4.0,5.0,5.0,5.0,4.0,4.0,4.0,5.0,4.0,5.0,5.0,5.0,5.0,4.0,4.0,4.0,4.0,5.0,6.0,4.0,4.0,4.0,3.0,2.0,3.0,4.0,3.0,5.0,5.0,5.0,5.0,5.0,4.0,inf,inf,inf,inf,inf,inf,inf,inf,5.0,5.0,5.0,5.0,5.0,5.0,5.0,6.0,5.0,6.0,6.0,6.0,5.0,5.0,inf,inf,inf,inf,inf,inf,inf,inf,inf,inf,inf,inf,5.0,5.0,5.0,6.0,5.0,6.0,6.0,6.0,4.0,5.0,6.0,6.0,5.0,6.0,6.0,5.0,inf,inf,5.0,5.0,4.0,4.0,4.0,5.0,4.0,5.0,5.0,3.0,5.0,4.0,6.0,5.0,4.0,4.0,4.0,4.0,4.0,4.0,5.0,5.0,5.0,5.0,4.0,5.0,5.0,5.0,5.0,5.0,5.0,4.0,5.0,5.0,4.0,5.0,5.0,5.0,5.0,5.0,5.0,5.0,5.0,5.0,5.0,6.0,6.0,5.0,5.0,5.0,5.0,5.0,5.0,5.0,5.0,4.0,4.0,4.0,4.0,5.0,5.0,5.0,5.0,5.0,5.0,5.0,5.0,5.0,5.0,5.0,5.0,4.0,4.0,4.0,4.0,5.0,5.0,4.0,5.0,5.0,6.0,6.0,6.0,4.0,6.0,4.0,5.0,4.0,6.0,6.0,6.0,5.0,4.0,5.0,5.0,4.0,4.0,2.0,3.0,3.0,3.0,4.0,4.0,4.0,5.0,5.0,5.0,4.0,2.0,2.0,4.0,4.0,5.0,4.0,5.0,4.0,5.0,5.0,5.0,5.0,4.0,4.0,4.0,4.0,5.0,3.0,1.0,3.0,3.0,4.0,4.0,4.0,4.0
AS08,5.0,5.0,5.0,5.0,4.0,4.0,4.0,4.0,5.0,4.0,5.0,4.0,3.0,3.0,5.0,5.0,5.0,5.0,4.0,4.0,4.0,4.0,5.0,5.0,5.0,4.0,4.0,4.0,5.0,3.0,3.0,3.0,3.0,3.0,3.0,0.0,5.0,4.0,5.0,5.0,5.0,5.0,5.0,4.0,4.0,5.0,5.0,5.0,6.0,5.0,5.0,4.0,4.0,4.0,4.0,4.0,4.0,4.0,5.0,4.0,4.0,5.0,5.0,5.0,5.0,5.0,5.0,5.0,3.0,3.0,3.0,4.0,5.0,5.0,5.0,5.0,5.0,4.0,4.0,4.0,4.0,5.0,6.0,6.0,4.0,4.0,4.0,4.0,5.0,5.0,4.0,4.0,4.0,5.0,5.0,5.0,5.0,4.0,4.0,5.0,4.0,5.0,6.0,4.0,4.0,4.0,4.0,2.0,3.0,3.0,4.0,4.0,3.0,4.0,5.0,5.0,4.0,inf,inf,inf,inf,inf,inf,inf,inf,5.0,5.0,5.0,5.0,5.0,5.0,5.0,6.0,4.0,4.0,4.0,4.0,5.0,5.0,inf,inf,inf,inf,inf,inf,inf,inf,inf,inf,inf,inf,5.0,4.0,4.0,4.0,4.0,4.0,5.0,6.0,4.0,4.0,6.0,6.0,6.0,7.0,5.0,6.0,inf,inf,5.0,5.0,5.0,5.0,5.0,4.0,4.0,4.0,5.0,4.0,4.0,4.0,4.0,5.0,5.0,2.0,4.0,5.0,4.0,4.0,4.0,4.0,5.0,4.0,4.0,4.0,5.0,3.0,3.0,3.0,4.0,4.0,4.0,4.0,4.0,3.0,4.0,4.0,4.0,4.0,4.0,4.0,5.0,5.0,4.0,5.0,4.0,3.0,3.0,3.0,4.0,5.0,4.0,4.0,4.0,4.0,4.0,4.0,4.0,4.0,4.0,5.0,5.0,4.0,4.0,5.0,4.0,4.0,4.0,5.0,4.0,4.0,5.0,5.0,5.0,4.0,4.0,4.0,4.0,5.0,5.0,4.0,4.0,5.0,5.0,4.0,4.0,5.0,4.0,5.0,4.0,5.0,5.0,5.0,5.0,5.0,5.0,4.0,2.0,2.0,3.0,4.0,5.0,4.0,5.0,5.0,5.0,5.0,3.0,2.0,3.0,4.0,4.0,5.0,4.0,4.0,5.0,5.0,5.0,4.0,5.0,4.0,4.0,4.0,4.0,4.0,3.0,1.0,3.0,3.0,3.0,4.0,4.0
AS09,6.0,6.0,6.0,7.0,6.0,6.0,6.0,6.0,6.0,6.0,6.0,6.0,5.0,5.0,6.0,7.0,6.0,7.0,6.0,6.0,6.0,6.0,6.0,5.0,6.0,6.0,6.0,6.0,5.0,5.0,6.0,5.0,5.0,3.0,3.0,4.0,0.0,5.0,5.0,7.0,7.0,7.0,7.0,6.0,6.0,6.0,6.0,7.0,7.0,7.0,7.0,6.0,6.0,5.0,4.0,5.0,5.0,5.0,5.0,5.0,5.0,6.0,6.0,6.0,6.0,6.0,5.0,5.0,5.0,5.0,5.0,6.0,7.0,7.0,6.0,7.0,7.0,6.0,6.0,6.0,5.0,6.0,7.0,7.0,5.0,6.0,6.0,6.0,5.0,5.0,5.0,5.0,4.0,5.0,5.0,5.0,5.0,6.0,5.0,5.0,4.0,5.0,6.0,4.0,6.0,5.0,4.0,3.0,3.0,3.0,6.0,6.0,5.0,6.0,6.0,6.0,5.0,inf,inf,inf,inf,inf,inf,inf,inf,6.0,6.0,6.0,7.0,6.0,6.0,6.0,7.0,6.0,6.0,6.0,6.0,5.0,5.0,inf,inf,inf,inf,inf,inf,inf,inf,inf,inf,inf,inf,6.0,6.0,6.0,6.0,6.0,6.0,7.0,6.0,5.0,5.0,7.0,7.0,6.0,7.0,7.0,6.0,inf,inf,6.0,7.0,5.0,5.0,5.0,6.0,5.0,6.0,6.0,4.0,6.0,6.0,6.0,6.0,5.0,4.0,5.0,5.0,6.0,6.0,6.0,6.0,6.0,6.0,6.0,6.0,6.0,5.0,5.0,5.0,6.0,6.0,6.0,6.0,6.0,5.0,6.0,6.0,6.0,6.0,6.0,6.0,6.0,7.0,6.0,7.0,6.0,5.0,5.0,5.0,6.0,6.0,6.0,6.0,6.0,6.0,6.0,5.0,6.0,6.0,5.0,6.0,6.0,6.0,6.0,6.0,6.0,6.0,6.0,6.0,6.0,6.0,6.0,7.0,6.0,6.0,6.0,6.0,5.0,6.0,7.0,6.0,6.0,5.0,7.0,5.0,6.0,6.0,6.0,7.0,6.0,6.0,5.0,5.0,5.0,5.0,5.0,5.0,5.0,2.0,4.0,3.0,5.0,6.0,6.0,6.0,6.0,5.0,5.0,3.0,2.0,4.0,4.0,5.0,6.0,5.0,6.0,6.0,6.0,5.0,6.0,6.0,5.0,5.0,5.0,4.0,4.0,4.0,1.0,3.0,3.0,4.0,4.0
AS10,5.0,5.0,5.0,5.0,4.0,4.0,4.0,4.0,5.0,4.0,5.0,4.0,3.0,3.0,5.0,5.0,5.0,5.0,4.0,4.0,4.0,4.0,4.0,4.0,5.0,4.0,4.0,4.0,3.0,3.0,4.0,3.0,3.0,3.0,3.0,3.0,3.0,0.0,3.0,5.0,5.0,5.0,5.0,4.0,4.0,5.0,4.0,5.0,5.0,5.0,5.0,4.0,4.0,3.0,2.0,3.0,3.0,3.0,3.0,3.0,3.0,5.0,5.0,4.0,4.0,5.0,4.0,4.0,3.0,3.0,3.0,4.0,5.0,5.0,5.0,5.0,5.0,4.0,4.0,4.0,4.0,5.0,5.0,5.0,4.0,4.0,4.0,4.0,3.0,3.0,3.0,3.0,3.0,3.0,3.0,3.0,3.0,4.0,3.0,3.0,4.0,3.0,4.0,3.0,4.0,4.0,4.0,4.0,3.0,2.0,4.0,4.0,3.0,4.0,4.0,5.0,4.0,inf,inf,inf,inf,inf,inf,inf,inf,4.0,5.0,5.0,5.0,5.0,5.0,5.0,6.0,4.0,4.0,4.0,4.0,3.0,3.0,inf,inf,inf,inf,inf,inf,inf,inf,inf,inf,inf,inf,4.0,4.0,4.0,4.0,4.0,4.0,5.0,4.0,3.0,3.0,5.0,6.0,4.0,5.0,5.0,5.0,inf,inf,4.0,5.0,4.0,3.0,3.0,4.0,4.0,4.0,4.0,3.0,4.0,4.0,4.0,5.0,4.0,2.0,4.0,4.0,4.0,4.0,4.0,4.0,5.0,4.0,4.0,4.0,5.0,3.0,3.0,3.0,4.0,4.0,4.0,4.0,4.0,3.0,4.0,4.0,4.0,4.0,4.0,4.0,5.0,5.0,4.0,5.0,4.0,3.0,3.0,3.0,4.0,4.0,4.0,4.0,4.0,4.0,4.0,3.0,4.0,4.0,3.0,4.0,5.0,4.0,4.0,4.0,4.0,4.0,4.0,4.0,4.0,4.0,5.0,5.0,4.0,4.0,4.0,4.0,3.0,5.0,5.0,4.0,4.0,4.0,5.0,4.0,4.0,5.0,4.0,5.0,4.0,4.0,3.0,3.0,3.0,3.0,3.0,3.0,3.0,3.0,2.0,2.0,4.0,4.0,4.0,4.0,4.0,4.0,4.0,4.0,3.0,2.0,2.0,4.0,4.0,4.0,4.0,5.0,5.0,4.0,4.0,4.0,4.0,4.0,4.0,4.0,4.0,4.0,4.0,1.0,1.0,3.0,3.0
AS11,5.0,4.0,4.0,4.0,4.0,4.0,4.0,4.0,5.0,5.0,5.0,5.0,4.0,4.0,5.0,5.0,4.0,5.0,5.0,5.0,4.0,4.0,4.0,4.0,4.0,4.0,4.0,3.0,3.0,3.0,4.0,3.0,3.0,3.0,3.0,3.0,3.0,2.0,0.0,5.0,5.0,5.0,5.0,5.0,4.0,5.0,4.0,5.0,5.0,6.0,5.0,4.0,4.0,3.0,2.0,3.0,3.0,3.0,3.0,3.0,3.0,4.0,4.0,3.0,3.0,4.0,3.0,4.0,4.0,4.0,3.0,5.0,5.0,5.0,5.0,4.0,5.0,5.0,4.0,4.0,4.0,4.0,5.0,5.0,4.0,5.0,4.0,4.0,3.0,3.0,3.0,3.0,3.0,3.0,3.0,3.0,2.0,4.0,3.0,3.0,3.0,3.0,4.0,1.0,4.0,4.0,4.0,3.0,4.0,1.0,3.0,4.0,4.0,3.0,4.0,5.0,4.0,inf,inf,inf,inf,inf,inf,inf,inf,4.0,4.0,5.0,5.0,4.0,4.0,5.0,5.0,5.0,5.0,5.0,5.0,3.0,3.0,inf,inf,inf,inf,inf,inf,inf,inf,inf,inf,inf,inf,4.0,5.0,5.0,5.0,4.0,5.0,5.0,4.0,3.0,3.0,4.0,4.0,4.0,5.0,4.0,3.0,inf,inf,4.0,5.0,4.0,3.0,2.0,3.0,3.0,4.0,4.0,3.0,4.0,3.0,5.0,4.0,3.0,3.0,2.0,3.0,4.0,4.0,4.0,5.0,5.0,5.0,3.0,5.0,4.0,3.0,4.0,4.0,4.0,4.0,4.0,4.0,4.0,4.0,5.0,4.0,4.0,5.0,5.0,5.0,5.0,5.0,4.0,5.0,5.0,4.0,4.0,4.0,4.0,4.0,5.0,4.0,5.0,4.0,4.0,3.0,4.0,4.0,3.0,4.0,4.0,5.0,5.0,4.0,5.0,4.0,5.0,4.0,3.0,4.0,4.0,4.0,4.0,4.0,5.0,4.0,3.0,4.0,5.0,5.0,5.0,4.0,5.0,4.0,4.0,4.0,5.0,5.0,5.0,4.0,3.0,3.0,3.0,3.0,3.0,3.0,3.0,3.0,3.0,2.0,2.0,4.0,4.0,3.0,3.0,4.0,3.0,3.0,3.0,3.0,3.0,2.0,4.0,4.0,4.0,5.0,5.0,2.0,4.0,4.0,4.0,4.0,4.0,4.0,4.0,2.0,2.0,2.0,2.0,1.0,1.0
ASEL,2.0,2.0,3.0,2.0,2.0,1.0,2.0,2.0,2.0,1.0,1.0,2.0,1.0,1.0,2.0,2.0,2.0,3.0,1.0,1.0,1.0,2.0,2.0,3.0,3.0,3.0,3.0,2.0,3.0,3.0,3.0,3.0,3.0,3.0,3.0,3.0,3.0,3.0,3.0,0.0,1.0,2.0,2.0,2.0,2.0,2.0,2.0,1.0,3.0,2.0,2.0,2.0,2.0,2.0,2.0,2.0,2.0,3.0,3.0,2.0,2.0,3.0,3.0,3.0,2.0,2.0,3.0,3.0,3.0,2.0,3.0,4.0,2.0,2.0,1.0,2.0,1.0,1.0,2.0,2.0,3.0,3.0,3.0,3.0,2.0,2.0,2.0,2.0,3.0,3.0,3.0,3.0,3.0,3.0,3.0,3.0,3.0,4.0,3.0,3.0,3.0,3.0,4.0,3.0,3.0,3.0,4.0,4.0,4.0,3.0,2.0,4.0,3.0,2.0,3.0,2.0,2.0,inf,inf,inf,inf,inf,inf,inf,inf,3.0,2.0,3.0,2.0,3.0,2.0,3.0,3.0,2.0,1.0,3.0,3.0,3.0,3.0,inf,inf,inf,inf,inf,inf,inf,inf,inf,inf,inf,inf,3.0,1.0,3.0,2.0,3.0,2.0,5.0,4.0,3.0,3.0,4.0,5.0,4.0,5.0,5.0,4.0,inf,inf,3.0,3.0,4.0,3.0,3.0,3.0,3.0,3.0,3.0,3.0,2.0,2.0,2.0,3.0,3.0,3.0,4.0,4.0,2.0,1.0,2.0,2.0,3.0,2.0,3.0,2.0,3.0,2.0,2.0,2.0,2.0,2.0,3.0,3.0,1.0,2.0,2.0,2.0,2.0,2.0,2.0,2.0,2.0,2.0,2.0,2.0,2.0,2.0,2.0,2.0,2.0,2.0,3.0,3.0,2.0,2.0,2.0,2.0,3.0,3.0,3.0,3.0,3.0,2.0,2.0,2.0,2.0,2.0,2.0,3.0,2.0,2.0,2.0,2.0,2.0,2.0,2.0,2.0,2.0,3.0,2.0,3.0,2.0,3.0,2.0,2.0,2.0,2.0,3.0,3.0,2.0,3.0,3.0,3.0,3.0,3.0,3.0,3.0,3.0,3.0,3.0,3.0,3.0,2.0,2.0,4.0,4.0,4.0,4.0,3.0,4.0,4.0,4.0,3.0,4.0,3.0,3.0,3.0,3.0,4.0,3.0,3.0,3.0,4.0,4.0,4.0,4.0,4.0,4.0,4.0,4.0,4.0,4.0
ASER,2.0,2.0,3.0,3.0,2.0,2.0,1.0,1.0,1.0,1.0,1.0,1.0,1.0,1.0,2.0,3.0,2.0,2.0,1.0,1.0,1.0,2.0,2.0,3.0,3.0,3.0,3.0,2.0,3.0,3.0,3.0,3.0,3.0,3.0,3.0,3.0,3.0,3.0,3.0,1.0,0.0,2.0,2.0,2.0,1.0,2.0,2.0,2.0,3.0,1.0,2.0,2.0,2.0,2.0,2.0,2.0,2.0,2.0,2.0,2.0,2.0,3.0,3.0,3.0,2.0,3.0,2.0,2.0,3.0,2.0,3.0,3.0,2.0,1.0,2.0,2.0,1.0,1.0,3.0,2.0,3.0,3.0,3.0,3.0,3.0,3.0,3.0,2.0,3.0,3.0,3.0,3.0,3.0,3.0,3.0,3.0,3.0,3.0,3.0,3.0,3.0,3.0,4.0,3.0,3.0,3.0,4.0,4.0,4.0,3.0,2.0,4.0,3.0,2.0,3.0,2.0,2.0,inf,inf,inf,inf,inf,inf,inf,inf,3.0,3.0,3.0,3.0,4.0,3.0,4.0,4.0,2.0,2.0,3.0,3.0,3.0,3.0,inf,inf,inf,inf,inf,inf,inf,inf,inf,inf,inf,inf,3.0,2.0,3.0,3.0,2.0,2.0,5.0,4.0,3.0,3.0,4.0,5.0,4.0,5.0,5.0,4.0,inf,inf,3.0,3.0,3.0,2.0,3.0,3.0,3.0,3.0,3.0,3.0,3.0,2.0,2.0,3.0,3.0,3.0,4.0,4.0,2.0,2.0,2.0,2.0,2.0,2.0,3.0,2.0,2.0,2.0,2.0,2.0,2.0,2.0,2.0,2.0,2.0,3.0,2.0,2.0,3.0,3.0,3.0,3.0,3.0,3.0,3.0,3.0,3.0,3.0,2.0,2.0,2.0,2.0,3.0,3.0,2.0,2.0,2.0,2.0,3.0,3.0,3.0,3.0,3.0,2.0,2.0,3.0,2.0,2.0,2.0,2.0,2.0,2.0,3.0,2.0,2.0,2.0,2.0,2.0,2.0,4.0,3.0,3.0,3.0,4.0,2.0,3.0,2.0,2.0,3.0,4.0,3.0,3.0,3.0,3.0,3.0,3.0,3.0,3.0,3.0,3.0,3.0,3.0,3.0,2.0,2.0,4.0,3.0,4.0,3.0,3.0,3.0,4.0,4.0,3.0,4.0,3.0,3.0,3.0,3.0,4.0,3.0,3.0,3.0,4.0,4.0,4.0,4.0,4.0,4.0,4.0,4.0,4.0,4.0
ASGL,2.0,3.0,3.0,3.0,2.0,3.0,2.0,3.0,2.0,2.0,1.0,3.0,1.0,3.0,2.0,3.0,2.0,1.0,3.0,3.0,2.0,2.0,3.0,3.0,3.0,3.0,3.0,3.0,3.0,3.0,3.0,3.0,3.0,4.0,3.0,3.0,4.0,3.0,3.0,2.0,2.0,0.0,3.0,2.0,2.0,3.0,3.0,2.0,4.0,1.0,3.0,2.0,2.0,2.0,3.0,2.0,3.0,3.0,3.0,2.0,3.0,3.0,3.0,4.0,3.0,3.0,3.0,3.0,3.0,3.0,3.0,4.0,3.0,3.0,3.0,3.0,2.0,2.0,3.0,2.0,4.0,4.0,4.0,4.0,2.0,3.0,3.0,4.0,3.0,3.0,3.0,3.0,3.0,3.0,3.0,3.0,3.0,3.0,4.0,3.0,3.0,3.0,4.0,3.0,3.0,3.0,3.0,4.0,4.0,3.0,3.0,4.0,3.0,2.0,3.0,3.0,3.0,inf,inf,inf,inf,inf,inf,inf,inf,3.0,4.0,4.0,4.0,4.0,3.0,3.0,5.0,3.0,3.0,4.0,4.0,3.0,3.0,inf,inf,inf,inf,inf,inf,inf,inf,inf,inf,inf,inf,3.0,3.0,3.0,4.0,3.0,3.0,5.0,4.0,4.0,4.0,5.0,5.0,4.0,5.0,5.0,4.0,inf,inf,3.0,3.0,4.0,3.0,3.0,4.0,4.0,4.0,3.0,3.0,3.0,3.0,2.0,4.0,4.0,3.0,4.0,4.0,3.0,3.0,2.0,2.0,3.0,3.0,2.0,2.0,3.0,3.0,2.0,3.0,2.0,2.0,3.0,3.0,2.0,3.0,3.0,3.0,3.0,3.0,3.0,3.0,3.0,3.0,3.0,4.0,4.0,3.0,3.0,2.0,2.0,3.0,3.0,3.0,2.0,2.0,2.0,2.0,3.0,3.0,3.0,3.0,4.0,3.0,2.0,3.0,2.0,4.0,3.0,3.0,2.0,3.0,3.0,3.0,3.0,3.0,2.0,3.0,2.0,3.0,4.0,3.0,4.0,3.0,3.0,2.0,2.0,3.0,4.0,4.0,3.0,3.0,3.0,3.0,3.0,3.0,3.0,3.0,3.0,3.0,3.0,3.0,3.0,3.0,3.0,4.0,4.0,4.0,4.0,4.0,4.0,4.0,4.0,4.0,4.0,4.0,3.0,4.0,4.0,4.0,4.0,3.0,3.0,4.0,3.0,4.0,4.0,4.0,4.0,4.0,4.0,4.0,3.0
ASGR,3.0,2.0,4.0,4.0,3.0,2.0,2.0,2.0,2.0,2.0,2.0,1.0,2.0,1.0,3.0,3.0,2.0,3.0,2.0,1.0,2.0,2.0,3.0,3.0,4.0,3.0,3.0,2.0,3.0,3.0,3.0,3.0,3.0,3.0,3.0,3.0,3.0,3.0,3.0,2.0,1.0,3.0,0.0,3.0,2.0,3.0,2.0,3.0,4.0,2.0,2.0,2.0,3.0,3.0,2.0,3.0,2.0,3.0,3.0,2.0,3.0,3.0,3.0,4.0,3.0,4.0,3.0,3.0,3.0,3.0,4.0,4.0,3.0,2.0,3.0,2.0,2.0,2.0,3.0,2.0,4.0,4.0,4.0,4.0,3.0,3.0,3.0,3.0,3.0,3.0,3.0,3.0,3.0,3.0,3.0,3.0,3.0,4.0,3.0,3.0,3.0,3.0,4.0,3.0,3.0,4.0,4.0,4.0,4.0,4.0,2.0,4.0,3.0,3.0,4.0,3.0,3.0,inf,inf,inf,inf,inf,inf,inf,inf,3.0,4.0,4.0,3.0,4.0,4.0,4.0,5.0,3.0,3.0,4.0,4.0,3.0,3.0,inf,inf,inf,inf,inf,inf,inf,inf,inf,inf,inf,inf,3.0,3.0,4.0,4.0,3.0,3.0,5.0,4.0,3.0,3.0,5.0,5.0,4.0,5.0,5.0,4.0,inf,inf,3.0,3.0,4.0,3.0,3.0,4.0,4.0,4.0,4.0,4.0,3.0,3.0,3.0,4.0,3.0,3.0,4.0,4.0,2.0,2.0,2.0,2.0,3.0,2.0,3.0,3.0,2.0,2.0,3.0,3.0,2.0,2.0,3.0,3.0,3.0,3.0,3.0,2.0,3.0,3.0,3.0,3.0,3.0,3.0,3.0,4.0,4.0,3.0,2.0,3.0,3.0,3.0,3.0,3.0,2.0,2.0,3.0,2.0,3.0,3.0,3.0,4.0,3.0,2.0,3.0,3.0,3.0,2.0,2.0,3.0,3.0,3.0,3.0,3.0,3.0,2.0,3.0,2.0,3.0,4.0,4.0,4.0,4.0,4.0,3.0,3.0,3.0,3.0,3.0,4.0,3.0,3.0,3.0,3.0,3.0,3.0,3.0,3.0,3.0,3.0,3.0,3.0,3.0,2.0,3.0,4.0,4.0,4.0,4.0,3.0,4.0,4.0,4.0,3.0,4.0,4.0,4.0,4.0,4.0,5.0,3.0,3.0,3.0,4.0,4.0,4.0,4.0,4.0,4.0,4.0,4.0,4.0,4.0
ASHL,1.0,2.0,3.0,3.0,1.0,2.0,1.0,2.0,2.0,2.0,1.0,3.0,1.0,2.0,2.0,2.0,3.0,3.0,3.0,3.0,1.0,2.0,2.0,3.0,3.0,3.0,3.0,2.0,2.0,2.0,3.0,2.0,2.0,2.0,2.0,2.0,2.0,2.0,2.0,2.0,2.0,2.0,3.0,0.0,2.0,2.0,3.0,2.0,2.0,1.0,2.0,2.0,3.0,1.0,1.0,1.0,2.0,1.0,1.0,2.0,2.0,1.0,2.0,2.0,2.0,1.0,2.0,2.0,3.0,2.0,2.0,3.0,2.0,2.0,2.0,2.0,2.0,2.0,2.0,2.0,3.0,3.0,3.0,3.0,2.0,3.0,3.0,3.0,2.0,2.0,2.0,2.0,2.0,2.0,2.0,2.0,2.0,2.0,2.0,2.0,2.0,2.0,3.0,2.0,3.0,3.0,3.0,3.0,3.0,3.0,2.0,2.0,2.0,2.0,3.0,1.0,2.0,inf,inf,inf,inf,inf,inf,inf,inf,2.0,3.0,3.0,3.0,3.0,3.0,3.0,4.0,2.0,3.0,3.0,3.0,2.0,2.0,inf,inf,inf,inf,inf,inf,inf,inf,inf,inf,inf,inf,2.0,3.0,3.0,2.0,2.0,3.0,3.0,3.0,2.0,2.0,3.0,4.0,3.0,4.0,3.0,3.0,inf,inf,3.0,3.0,2.0,2.0,2.0,3.0,3.0,3.0,2.0,2.0,2.0,2.0,2.0,2.0,3.0,3.0,3.0,3.0,1.0,2.0,2.0,2.0,2.0,2.0,2.0,2.0,2.0,2.0,2.0,2.0,1.0,2.0,1.0,3.0,1.0,3.0,2.0,2.0,2.0,2.0,2.0,2.0,2.0,2.0,3.0,3.0,3.0,3.0,2.0,2.0,2.0,2.0,3.0,3.0,2.0,2.0,2.0,2.0,2.0,2.0,2.0,2.0,3.0,2.0,2.0,3.0,2.0,3.0,3.0,3.0,2.0,2.0,2.0,2.0,3.0,2.0,2.0,2.0,2.0,3.0,4.0,2.0,3.0,3.0,3.0,1.0,2.0,2.0,3.0,3.0,3.0,2.0,2.0,2.0,2.0,2.0,2.0,2.0,2.0,2.0,2.0,2.0,2.0,2.0,2.0,3.0,3.0,3.0,3.0,3.0,3.0,3.0,3.0,3.0,2.0,3.0,2.0,3.0,2.0,3.0,3.0,3.0,3.0,3.0,3.0,3.0,3.0,3.0,3.0,3.0,3.0,3.0,3.0
ASHR,3.0,1.0,3.0,2.0,2.0,1.0,2.0,1.0,3.0,2.0,2.0,1.0,2.0,1.0,3.0,2.0,3.0,3.0,2.0,2.0,2.0,2.0,2.0,3.0,2.0,3.0,2.0,2.0,2.0,2.0,2.0,2.0,2.0,2.0,2.0,2.0,2.0,2.0,2.0,2.0,2.0,3.0,2.0,2.0,0.0,2.0,2.0,3.0,2.0,2.0,2.0,2.0,2.0,2.0,1.0,2.0,1.0,1.0,1.0,2.0,1.0,2.0,2.0,2.0,1.0,2.0,2.0,2.0,3.0,3.0,2.0,3.0,2.0,1.0,1.0,2.0,2.0,2.0,2.0,3.0,3.0,2.0,3.0,3.0,2.0,3.0,2.0,2.0,2.0,2.0,2.0,2.0,2.0,2.0,2.0,2.0,2.0,2.0,2.0,2.0,2.0,2.0,3.0,2.0,2.0,2.0,3.0,3.0,3.0,3.0,2.0,3.0,2.0,3.0,3.0,1.0,1.0,inf,inf,inf,inf,inf,inf,inf,inf,3.0,3.0,3.0,2.0,3.0,3.0,3.0,4.0,3.0,2.0,3.0,3.0,2.0,2.0,inf,inf,inf,inf,inf,inf,inf,inf,inf,inf,inf,inf,2.0,2.0,3.0,3.0,3.0,2.0,4.0,3.0,2.0,2.0,3.0,4.0,3.0,4.0,4.0,3.0,inf,inf,3.0,2.0,2.0,1.0,2.0,3.0,3.0,3.0,3.0,2.0,2.0,1.0,2.0,2.0,2.0,2.0,3.0,3.0,2.0,1.0,2.0,2.0,2.0,2.0,2.0,2.0,2.0,2.0,2.0,2.0,2.0,2.0,3.0,2.0,2.0,2.0,2.0,2.0,2.0,2.0,2.0,2.0,2.0,2.0,3.0,3.0,3.0,2.0,2.0,3.0,3.0,1.0,3.0,3.0,2.0,2.0,3.0,2.0,2.0,2.0,2.0,3.0,3.0,2.0,2.0,2.0,2.0,2.0,2.0,2.0,3.0,2.0,2.0,2.0,1.0,2.0,2.0,2.0,2.0,3.0,3.0,3.0,3.0,3.0,2.0,3.0,2.0,3.0,2.0,3.0,2.0,2.0,2.0,2.0,2.0,2.0,2.0,2.0,2.0,2.0,2.0,2.0,2.0,2.0,3.0,3.0,2.0,3.0,2.0,2.0,2.0,3.0,3.0,2.0,3.0,2.0,2.0,2.0,2.0,3.0,2.0,3.0,2.0,3.0,3.0,3.0,3.0,3.0,3.0,3.0,3.0,3.0,3.0
ASIL,2.0,3.0,3.0,3.0,1.0,2.0,2.0,2.0,2.0,2.0,1.0,2.0,1.0,2.0,2.0,3.0,2.0,2.0,1.0,1.0,1.0,2.0,3.0,3.0,4.0,3.0,3.0,2.0,3.0,3.0,3.0,3.0,3.0,4.0,3.0,3.0,4.0,3.0,3.0,2.0,1.0,1.0,2.0,2.0,2.0,0.0,2.0,2.0,4.0,1.0,3.0,2.0,2.0,2.0,3.0,2.0,2.0,3.0,2.0,2.0,2.0,3.0,3.0,4.0,3.0,3.0,3.0,3.0,2.0,2.0,3.0,3.0,2.0,1.0,2.0,2.0,1.0,1.0,2.0,2.0,3.0,3.0,4.0,4.0,2.0,2.0,2.0,1.0,3.0,3.0,3.0,3.0,3.0,3.0,3.0,3.0,3.0,3.0,3.0,3.0,3.0,3.0,4.0,3.0,3.0,3.0,4.0,4.0,4.0,3.0,2.0,4.0,2.0,2.0,3.0,3.0,2.0,inf,inf,inf,inf,inf,inf,inf,inf,3.0,3.0,3.0,3.0,3.0,2.0,3.0,4.0,2.0,3.0,3.0,2.0,3.0,3.0,inf,inf,inf,inf,inf,inf,inf,inf,inf,inf,inf,inf,3.0,2.0,3.0,3.0,3.0,2.0,5.0,4.0,3.0,3.0,5.0,5.0,4.0,5.0,5.0,4.0,inf,inf,3.0,3.0,3.0,3.0,3.0,4.0,3.0,3.0,3.0,3.0,3.0,3.0,2.0,3.0,3.0,2.0,4.0,4.0,1.0,2.0,1.0,2.0,2.0,2.0,3.0,2.0,2.0,2.0,2.0,2.0,2.0,2.0,3.0,2.0,2.0,2.0,2.0,2.0,2.0,2.0,2.0,2.0,2.0,2.0,3.0,3.0,3.0,3.0,1.0,2.0,2.0,3.0,2.0,2.0,2.0,2.0,1.0,2.0,2.0,3.0,3.0,3.0,3.0,2.0,2.0,3.0,2.0,3.0,3.0,3.0,2.0,2.0,2.0,2.0,2.0,2.0,2.0,2.0,2.0,3.0,3.0,3.0,2.0,3.0,3.0,2.0,3.0,2.0,3.0,3.0,2.0,3.0,3.0,3.0,3.0,3.0,3.0,3.0,3.0,3.0,3.0,3.0,3.0,3.0,2.0,4.0,4.0,4.0,4.0,3.0,4.0,4.0,4.0,3.0,4.0,3.0,3.0,3.0,3.0,4.0,4.0,3.0,3.0,4.0,4.0,4.0,4.0,4.0,3.0,4.0,4.0,4.0,4.0
ASIR,2.0,2.0,3.0,3.0,2.0,2.0,2.0,1.0,2.0,2.0,1.0,1.0,2.0,1.0,2.0,3.0,3.0,3.0,2.0,2.0,2.0,2.0,3.0,3.0,3.0,3.0,3.0,2.0,3.0,3.0,3.0,3.0,3.0,3.0,3.0,3.0,3.0,3.0,3.0,1.0,1.0,2.0,1.0,2.0,1.0,2.0,0.0,2.0,3.0,2.0,2.0,2.0,2.0,2.0,2.0,2.0,2.0,2.0,2.0,2.0,2.0,3.0,3.0,3.0,2.0,3.0,2.0,2.0,3.0,3.0,3.0,3.0,3.0,1.0,2.0,2.0,1.0,1.0,3.0,3.0,4.0,3.0,4.0,4.0,3.0,2.0,3.0,1.0,3.0,3.0,3.0,3.0,3.0,3.0,3.0,3.0,3.0,3.0,3.0,3.0,3.0,3.0,4.0,3.0,3.0,3.0,4.0,4.0,4.0,3.0,2.0,4.0,3.0,3.0,3.0,2.0,2.0,inf,inf,inf,inf,inf,inf,inf,inf,3.0,3.0,3.0,3.0,4.0,2.0,4.0,4.0,2.0,2.0,4.0,2.0,3.0,3.0,inf,inf,inf,inf,inf,inf,inf,inf,inf,inf,inf,inf,3.0,2.0,3.0,3.0,3.0,2.0,5.0,4.0,3.0,3.0,4.0,5.0,4.0,5.0,5.0,4.0,inf,inf,3.0,3.0,3.0,2.0,3.0,4.0,4.0,4.0,3.0,3.0,3.0,2.0,2.0,3.0,3.0,3.0,4.0,4.0,2.0,2.0,2.0,3.0,2.0,2.0,3.0,2.0,2.0,2.0,2.0,3.0,2.0,2.0,3.0,2.0,2.0,3.0,2.0,3.0,3.0,2.0,3.0,3.0,3.0,3.0,3.0,3.0,3.0,3.0,2.0,3.0,2.0,2.0,3.0,2.0,2.0,2.0,3.0,2.0,3.0,3.0,3.0,3.0,3.0,2.0,3.0,3.0,2.0,2.0,2.0,2.0,3.0,3.0,3.0,3.0,2.0,2.0,2.0,2.0,3.0,4.0,3.0,3.0,2.0,4.0,2.0,3.0,2.0,3.0,3.0,4.0,2.0,3.0,3.0,3.0,3.0,3.0,3.0,3.0,3.0,3.0,3.0,3.0,3.0,2.0,3.0,4.0,3.0,4.0,3.0,3.0,3.0,4.0,4.0,3.0,4.0,3.0,3.0,3.0,3.0,4.0,3.0,3.0,3.0,4.0,4.0,4.0,4.0,4.0,4.0,4.0,4.0,4.0,4.0
ASJL,3.0,3.0,3.0,3.0,3.0,3.0,2.0,2.0,2.0,3.0,2.0,2.0,2.0,2.0,2.0,2.0,2.0,3.0,3.0,3.0,2.0,2.0,1.0,2.0,3.0,3.0,3.0,3.0,3.0,3.0,3.0,4.0,2.0,4.0,3.0,3.0,4.0,3.0,3.0,3.0,2.0,3.0,2.0,2.0,2.0,3.0,3.0,0.0,2.0,1.0,1.0,3.0,3.0,3.0,3.0,3.0,3.0,3.0,2.0,2.0,2.0,2.0,2.0,3.0,2.0,2.0,2.0,3.0,3.0,3.0,3.0,4.0,2.0,2.0,2.0,2.0,3.0,3.0,3.0,3.0,3.0,2.0,2.0,2.0,1.0,2.0,3.0,2.0,3.0,3.0,3.0,3.0,2.0,2.0,3.0,2.0,3.0,3.0,4.0,3.0,3.0,2.0,4.0,3.0,3.0,3.0,3.0,3.0,3.0,2.0,3.0,3.0,3.0,3.0,4.0,1.0,1.0,inf,inf,inf,inf,inf,inf,inf,inf,2.0,3.0,3.0,3.0,3.0,3.0,2.0,4.0,3.0,3.0,3.0,3.0,3.0,4.0,inf,inf,inf,inf,inf,inf,inf,inf,inf,inf,inf,inf,2.0,3.0,2.0,3.0,3.0,3.0,4.0,5.0,4.0,3.0,4.0,5.0,4.0,5.0,4.0,4.0,inf,inf,4.0,4.0,3.0,3.0,3.0,2.0,2.0,4.0,3.0,2.0,2.0,2.0,1.0,2.0,3.0,2.0,3.0,3.0,3.0,2.0,2.0,3.0,2.0,2.0,3.0,2.0,2.0,3.0,3.0,2.0,2.0,2.0,2.0,3.0,2.0,2.0,3.0,3.0,2.0,2.0,3.0,2.0,2.0,3.0,3.0,3.0,3.0,3.0,3.0,3.0,2.0,2.0,2.0,2.0,3.0,3.0,3.0,3.0,2.0,3.0,2.0,3.0,4.0,3.0,2.0,3.0,3.0,3.0,2.0,3.0,3.0,3.0,2.0,3.0,3.0,3.0,3.0,3.0,3.0,2.0,3.0,4.0,3.0,2.0,3.0,3.0,3.0,2.0,3.0,3.0,3.0,3.0,3.0,3.0,3.0,3.0,2.0,4.0,4.0,3.0,4.0,3.0,3.0,3.0,3.0,4.0,3.0,3.0,3.0,4.0,4.0,4.0,4.0,4.0,3.0,2.0,2.0,2.0,2.0,4.0,3.0,3.0,3.0,3.0,3.0,3.0,3.0,3.0,3.0,3.0,3.0,3.0,3.0
ASJR,3.0,3.0,4.0,3.0,3.0,3.0,3.0,2.0,3.0,3.0,2.0,2.0,2.0,2.0,3.0,2.0,3.0,4.0,3.0,3.0,2.0,2.0,2.0,3.0,3.0,4.0,3.0,3.0,3.0,3.0,3.0,3.0,2.0,4.0,3.0,3.0,4.0,3.0,3.0,3.0,2.0,3.0,2.0,2.0,3.0,3.0,3.0,2.0,0.0,3.0,1.0,3.0,3.0,3.0,3.0,3.0,2.0,3.0,2.0,2.0,2.0,2.0,2.0,3.0,2.0,2.0,2.0,3.0,3.0,3.0,2.0,4.0,3.0,2.0,2.0,3.0,3.0,3.0,4.0,4.0,3.0,2.0,3.0,3.0,3.0,3.0,4.0,2.0,3.0,3.0,3.0,3.0,2.0,2.0,3.0,3.0,3.0,3.0,4.0,3.0,3.0,2.0,4.0,3.0,2.0,3.0,3.0,3.0,4.0,2.0,3.0,3.0,2.0,3.0,4.0,2.0,1.0,inf,inf,inf,inf,inf,inf,inf,inf,4.0,4.0,4.0,4.0,4.0,3.0,4.0,5.0,4.0,3.0,4.0,3.0,3.0,4.0,inf,inf,inf,inf,inf,inf,inf,inf,inf,inf,inf,inf,3.0,3.0,4.0,3.0,4.0,3.0,4.0,5.0,4.0,3.0,4.0,5.0,4.0,5.0,4.0,5.0,inf,inf,4.0,4.0,3.0,3.0,3.0,3.0,3.0,4.0,3.0,2.0,3.0,2.0,3.0,1.0,3.0,2.0,3.0,3.0,3.0,3.0,3.0,3.0,3.0,3.0,4.0,3.0,2.0,3.0,3.0,3.0,2.0,2.0,3.0,3.0,3.0,3.0,3.0,3.0,3.0,2.0,3.0,3.0,3.0,3.0,4.0,4.0,4.0,3.0,3.0,3.0,3.0,2.0,4.0,3.0,3.0,3.0,3.0,3.0,2.0,3.0,2.0,3.0,4.0,3.0,3.0,4.0,3.0,3.0,3.0,3.0,3.0,3.0,3.0,3.0,3.0,3.0,3.0,3.0,3.0,4.0,3.0,3.0,3.0,3.0,3.0,3.0,3.0,3.0,4.0,4.0,3.0,3.0,3.0,3.0,3.0,3.0,2.0,3.0,4.0,4.0,4.0,3.0,4.0,3.0,3.0,4.0,3.0,3.0,4.0,4.0,4.0,5.0,4.0,4.0,3.0,2.0,2.0,2.0,2.0,3.0,2.0,3.0,3.0,3.0,3.0,3.0,3.0,4.0,3.0,4.0,3.0,3.0,3.0
ASKL,2.0,3.0,3.0,3.0,2.0,3.0,2.0,2.0,2.0,2.0,1.0,2.0,1.0,2.0,1.0,3.0,3.0,3.0,2.0,2.0,2.0,2.0,2.0,2.0,4.0,3.0,3.0,3.0,3.0,3.0,3.0,3.0,3.0,4.0,3.0,3.0,4.0,3.0,3.0,2.0,1.0,2.0,3.0,2.0,2.0,3.0,3.0,1.0,3.0,0.0,2.0,3.0,3.0,2.0,3.0,2.0,3.0,2.0,3.0,2.0,3.0,2.0,2.0,3.0,2.0,2.0,2.0,3.0,3.0,3.0,3.0,4.0,3.0,2.0,3.0,3.0,2.0,2.0,3.0,3.0,3.0,3.0,3.0,3.0,2.0,3.0,3.0,3.0,3.0,3.0,3.0,3.0,3.0,3.0,3.0,3.0,3.0,3.0,4.0,3.0,3.0,3.0,4.0,3.0,3.0,3.0,3.0,4.0,4.0,3.0,3.0,3.0,3.0,2.0,3.0,2.0,2.0,inf,inf,inf,inf,inf,inf,inf,inf,3.0,4.0,4.0,4.0,4.0,3.0,3.0,5.0,3.0,3.0,4.0,4.0,3.0,3.0,inf,inf,inf,inf,inf,inf,inf,inf,inf,inf,inf,inf,3.0,3.0,3.0,4.0,3.0,3.0,4.0,4.0,4.0,3.0,4.0,5.0,4.0,5.0,4.0,4.0,inf,inf,3.0,3.0,4.0,3.0,3.0,3.0,3.0,4.0,3.0,3.0,3.0,3.0,2.0,3.0,4.0,3.0,4.0,4.0,3.0,3.0,3.0,2.0,3.0,3.0,2.0,2.0,3.0,3.0,2.0,3.0,2.0,2.0,3.0,3.0,2.0,3.0,3.0,3.0,3.0,3.0,3.0,3.0,3.0,3.0,3.0,4.0,4.0,3.0,3.0,2.0,2.0,3.0,3.0,3.0,2.0,2.0,2.0,2.0,3.0,3.0,3.0,3.0,4.0,3.0,2.0,3.0,2.0,3.0,3.0,3.0,2.0,3.0,3.0,2.0,3.0,3.0,2.0,3.0,2.0,3.0,4.0,3.0,4.0,3.0,3.0,2.0,3.0,3.0,4.0,4.0,3.0,3.0,3.0,3.0,3.0,3.0,3.0,3.0,3.0,3.0,3.0,3.0,3.0,3.0,3.0,4.0,4.0,4.0,4.0,4.0,4.0,4.0,4.0,4.0,3.0,3.0,3.0,3.0,3.0,4.0,3.0,3.0,3.0,4.0,3.0,4.0,4.0,4.0,4.0,4.0,3.0,4.0,3.0
ASKR,2.0,2.0,4.0,3.0,2.0,2.0,2.0,1.0,2.0,2.0,1.0,1.0,2.0,1.0,2.0,1.0,3.0,3.0,2.0,2.0,2.0,2.0,1.0,3.0,3.0,3.0,3.0,2.0,3.0,3.0,3.0,3.0,3.0,3.0,3.0,3.0,3.0,3.0,3.0,2.0,1.0,2.0,1.0,2.0,2.0,2.0,2.0,2.0,2.0,2.0,0.0,2.0,2.0,3.0,2.0,2.0,2.0,2.0,2.0,2.0,2.0,2.0,2.0,3.0,3.0,2.0,2.0,2.0,3.0,3.0,3.0,3.0,3.0,1.0,2.0,2.0,2.0,2.0,3.0,3.0,3.0,2.0,2.0,2.0,3.0,2.0,3.0,1.0,3.0,3.0,3.0,3.0,3.0,3.0,3.0,3.0,3.0,3.0,3.0,3.0,3.0,3.0,4.0,3.0,3.0,3.0,4.0,4.0,3.0,3.0,2.0,3.0,3.0,3.0,3.0,1.0,2.0,inf,inf,inf,inf,inf,inf,inf,inf,3.0,3.0,3.0,3.0,4.0,2.0,4.0,4.0,3.0,3.0,4.0,2.0,3.0,3.0,inf,inf,inf,inf,inf,inf,inf,inf,inf,inf,inf,inf,3.0,2.0,4.0,2.0,3.0,2.0,4.0,4.0,3.0,3.0,4.0,5.0,4.0,5.0,4.0,4.0,inf,inf,3.0,3.0,3.0,2.0,2.0,2.0,2.0,4.0,3.0,2.0,3.0,2.0,2.0,3.0,3.0,3.0,3.0,3.0,2.0,2.0,2.0,3.0,2.0,2.0,3.0,2.0,1.0,2.0,2.0,3.0,2.0,2.0,3.0,2.0,2.0,3.0,2.0,3.0,3.0,2.0,3.0,2.0,3.0,3.0,3.0,3.0,3.0,3.0,2.0,3.0,2.0,2.0,3.0,2.0,2.0,2.0,3.0,2.0,3.0,3.0,3.0,3.0,3.0,2.0,3.0,3.0,2.0,2.0,2.0,2.0,3.0,3.0,3.0,3.0,2.0,2.0,2.0,2.0,3.0,4.0,3.0,3.0,2.0,3.0,2.0,3.0,2.0,3.0,3.0,4.0,2.0,3.0,3.0,3.0,3.0,3.0,3.0,3.0,3.0,3.0,3.0,3.0,3.0,2.0,3.0,3.0,3.0,3.0,3.0,3.0,3.0,4.0,4.0,3.0,3.0,3.0,3.0,3.0,2.0,4.0,3.0,3.0,3.0,3.0,4.0,3.0,3.0,4.0,4.0,3.0,3.0,3.0,3.0
AUAL,2.0,3.0,3.0,3.0,1.0,3.0,2.0,2.0,2.0,3.0,2.0,2.0,2.0,1.0,2.0,3.0,3.0,3.0,1.0,2.0,1.0,2.0,2.0,2.0,3.0,3.0,3.0,2.0,2.0,2.0,2.0,2.0,2.0,3.0,2.0,2.0,3.0,2.0,2.0,2.0,2.0,3.0,3.0,2.0,3.0,2.0,3.0,3.0,3.0,3.0,3.0,0.0,2.0,1.0,2.0,2.0,2.0,2.0,1.0,1.0,2.0,3.0,3.0,3.0,3.0,3.0,3.0,2.0,3.0,2.0,3.0,3.0,2.0,3.0,2.0,3.0,2.0,2.0,2.0,1.0,3.0,3.0,3.0,3.0,2.0,3.0,2.0,3.0,2.0,2.0,2.0,2.0,2.0,2.0,2.0,2.0,2.0,2.0,2.0,2.0,2.0,2.0,3.0,2.0,3.0,3.0,3.0,3.0,3.0,3.0,1.0,4.0,2.0,3.0,3.0,3.0,2.0,inf,inf,inf,inf,inf,inf,inf,inf,2.0,3.0,3.0,3.0,3.0,3.0,3.0,4.0,2.0,3.0,3.0,3.0,2.0,2.0,inf,inf,inf,inf,inf,inf,inf,inf,inf,inf,inf,inf,3.0,3.0,3.0,3.0,2.0,3.0,5.0,3.0,2.0,3.0,4.0,4.0,3.0,4.0,4.0,3.0,inf,inf,3.0,3.0,2.0,2.0,2.0,3.0,3.0,3.0,2.0,3.0,3.0,2.0,3.0,3.0,2.0,2.0,3.0,3.0,1.0,2.0,1.0,2.0,2.0,2.0,2.0,3.0,3.0,2.0,2.0,2.0,2.0,2.0,3.0,3.0,2.0,2.0,2.0,2.0,2.0,2.0,2.0,2.0,2.0,2.0,3.0,3.0,3.0,3.0,2.0,3.0,2.0,3.0,3.0,3.0,2.0,2.0,2.0,2.0,2.0,2.0,2.0,3.0,3.0,2.0,3.0,3.0,2.0,2.0,2.0,3.0,3.0,2.0,2.0,2.0,2.0,2.0,2.0,2.0,2.0,3.0,4.0,3.0,3.0,3.0,3.0,1.0,3.0,2.0,3.0,3.0,3.0,2.0,2.0,2.0,2.0,2.0,2.0,2.0,2.0,2.0,2.0,2.0,2.0,2.0,2.0,3.0,3.0,3.0,3.0,2.0,3.0,3.0,3.0,2.0,4.0,3.0,3.0,3.0,3.0,4.0,3.0,2.0,2.0,3.0,3.0,3.0,3.0,3.0,3.0,3.0,3.0,3.0,3.0
AUAR,3.0,2.0,3.0,3.0,3.0,2.0,3.0,2.0,2.0,2.0,2.0,2.0,2.0,2.0,3.0,2.0,1.0,1.0,2.0,1.0,3.0,1.0,3.0,3.0,2.0,3.0,3.0,3.0,2.0,2.0,2.0,2.0,2.0,2.0,2.0,2.0,2.0,3.0,2.0,2.0,2.0,2.0,2.0,3.0,3.0,2.0,3.0,3.0,3.0,3.0,3.0,2.0,0.0,2.0,1.0,2.0,2.0,2.0,2.0,2.0,1.0,3.0,3.0,3.0,3.0,3.0,3.0,3.0,3.0,3.0,3.0,4.0,3.0,2.0,3.0,2.0,2.0,2.0,1.0,2.0,4.0,3.0,4.0,4.0,2.0,2.0,2.0,2.0,2.0,2.0,2.0,2.0,2.0,2.0,2.0,2.0,2.0,3.0,2.0,2.0,3.0,2.0,3.0,3.0,3.0,3.0,3.0,3.0,3.0,3.0,2.0,4.0,3.0,3.0,3.0,3.0,3.0,inf,inf,inf,inf,inf,inf,inf,inf,3.0,3.0,3.0,2.0,3.0,3.0,3.0,4.0,3.0,3.0,3.0,3.0,2.0,2.0,inf,inf,inf,inf,inf,inf,inf,inf,inf,inf,inf,inf,2.0,2.0,3.0,3.0,3.0,2.0,5.0,3.0,2.0,2.0,4.0,5.0,3.0,4.0,5.0,4.0,inf,inf,3.0,3.0,3.0,2.0,2.0,3.0,3.0,3.0,3.0,3.0,3.0,3.0,3.0,4.0,3.0,3.0,3.0,3.0,2.0,1.0,2.0,1.0,3.0,2.0,2.0,3.0,2.0,2.0,2.0,2.0,3.0,2.0,3.0,2.0,2.0,2.0,2.0,2.0,2.0,2.0,2.0,2.0,2.0,2.0,2.0,3.0,3.0,3.0,2.0,3.0,3.0,2.0,3.0,3.0,3.0,2.0,2.0,2.0,2.0,2.0,2.0,3.0,3.0,2.0,2.0,2.0,2.0,3.0,3.0,3.0,3.0,3.0,2.0,3.0,2.0,2.0,2.0,2.0,2.0,3.0,3.0,3.0,2.0,3.0,2.0,2.0,1.0,3.0,3.0,3.0,2.0,2.0,2.0,2.0,2.0,2.0,2.0,2.0,2.0,2.0,2.0,2.0,3.0,3.0,3.0,3.0,3.0,3.0,3.0,3.0,3.0,3.0,3.0,3.0,4.0,4.0,3.0,4.0,4.0,4.0,3.0,3.0,3.0,3.0,3.0,3.0,3.0,3.0,3.0,3.0,3.0,3.0,3.0
AVAL,3.0,3.0,3.0,3.0,3.0,3.0,3.0,2.0,3.0,3.0,3.0,3.0,3.0,3.0,3.0,3.0,3.0,4.0,3.0,4.0,2.0,2.0,2.0,2.0,3.0,3.0,3.0,2.0,2.0,1.0,2.0,1.0,1.0,2.0,1.0,1.0,2.0,1.0,1.0,3.0,3.0,3.0,4.0,3.0,2.0,3.0,3.0,3.0,3.0,4.0,4.0,3.0,3.0,0.0,1.0,1.0,2.0,1.0,1.0,1.0,1.0,3.0,3.0,2.0,2.0,3.0,2.0,2.0,3.0,3.0,2.0,3.0,4.0,3.0,3.0,3.0,4.0,3.0,3.0,2.0,2.0,2.0,3.0,3.0,2.0,3.0,3.0,3.0,1.0,1.0,1.0,1.0,1.0,1.0,1.0,1.0,1.0,2.0,2.0,2.0,2.0,1.0,2.0,1.0,2.0,2.0,2.0,2.0,2.0,2.0,2.0,3.0,2.0,2.0,2.0,3.0,3.0,inf,inf,inf,inf,inf,inf,inf,inf,3.0,3.0,3.0,3.0,3.0,3.0,3.0,4.0,3.0,3.0,4.0,3.0,1.0,1.0,inf,inf,inf,inf,inf,inf,inf,inf,inf,inf,inf,inf,2.0,3.0,3.0,4.0,3.0,3.0,4.0,2.0,2.0,2.0,3.0,3.0,2.0,3.0,3.0,2.0,inf,inf,3.0,3.0,2.0,1.0,1.0,2.0,2.0,3.0,1.0,2.0,3.0,2.0,4.0,3.0,2.0,2.0,2.0,2.0,1.0,2.0,2.0,3.0,3.0,3.0,2.0,3.0,3.0,2.0,2.0,3.0,2.0,2.0,3.0,3.0,2.0,2.0,2.0,2.0,2.0,2.0,2.0,2.0,2.0,2.0,3.0,3.0,4.0,3.0,3.0,3.0,2.0,2.0,3.0,3.0,2.0,3.0,3.0,2.0,2.0,1.0,2.0,2.0,3.0,2.0,3.0,3.0,2.0,2.0,3.0,2.0,2.0,3.0,2.0,3.0,2.0,2.0,2.0,2.0,2.0,3.0,3.0,3.0,4.0,3.0,3.0,2.0,2.0,3.0,3.0,3.0,3.0,1.0,1.0,1.0,1.0,1.0,1.0,1.0,1.0,1.0,1.0,1.0,1.0,2.0,2.0,2.0,2.0,2.0,2.0,2.0,2.0,2.0,2.0,2.0,3.0,3.0,2.0,4.0,4.0,3.0,2.0,2.0,2.0,2.0,2.0,2.0,2.0,2.0,2.0,2.0,2.0,2.0,2.0
AVAR,3.0,3.0,3.0,3.0,2.0,3.0,2.0,2.0,3.0,3.0,3.0,3.0,3.0,2.0,3.0,3.0,3.0,4.0,3.0,3.0,2.0,2.0,2.0,2.0,3.0,2.0,2.0,2.0,1.0,1.0,2.0,1.0,1.0,1.0,1.0,1.0,1.0,2.0,1.0,3.0,3.0,3.0,3.0,3.0,2.0,3.0,2.0,4.0,3.0,4.0,4.0,3.0,3.0,1.0,0.0,1.0,1.0,1.0,1.0,1.0,1.0,3.0,3.0,2.0,2.0,3.0,2.0,2.0,2.0,2.0,2.0,3.0,3.0,3.0,3.0,3.0,3.0,3.0,3.0,2.0,3.0,3.0,3.0,3.0,2.0,3.0,2.0,3.0,1.0,1.0,1.0,1.0,1.0,1.0,1.0,1.0,1.0,2.0,1.0,1.0,2.0,1.0,2.0,2.0,2.0,2.0,2.0,2.0,2.0,2.0,2.0,3.0,2.0,2.0,2.0,3.0,2.0,inf,inf,inf,inf,inf,inf,inf,inf,2.0,3.0,4.0,3.0,3.0,3.0,3.0,4.0,3.0,3.0,3.0,3.0,1.0,1.0,inf,inf,inf,inf,inf,inf,inf,inf,inf,inf,inf,inf,2.0,3.0,3.0,3.0,2.0,3.0,4.0,2.0,1.0,1.0,3.0,4.0,2.0,3.0,4.0,3.0,inf,inf,2.0,3.0,2.0,1.0,1.0,2.0,2.0,2.0,2.0,2.0,2.0,2.0,3.0,3.0,2.0,2.0,2.0,2.0,2.0,2.0,2.0,3.0,3.0,3.0,2.0,3.0,3.0,1.0,3.0,2.0,2.0,2.0,2.0,3.0,2.0,2.0,3.0,2.0,2.0,3.0,3.0,3.0,3.0,3.0,2.0,3.0,3.0,2.0,3.0,3.0,2.0,2.0,3.0,2.0,3.0,3.0,3.0,1.0,2.0,2.0,1.0,2.0,3.0,3.0,3.0,2.0,3.0,2.0,3.0,2.0,2.0,2.0,3.0,3.0,2.0,2.0,3.0,2.0,1.0,3.0,4.0,3.0,3.0,3.0,3.0,2.0,2.0,3.0,3.0,3.0,3.0,2.0,1.0,1.0,1.0,1.0,1.0,1.0,1.0,1.0,1.0,1.0,2.0,2.0,2.0,2.0,2.0,2.0,2.0,2.0,2.0,2.0,2.0,2.0,3.0,3.0,2.0,3.0,3.0,3.0,2.0,2.0,2.0,2.0,2.0,2.0,2.0,2.0,2.0,2.0,2.0,2.0,2.0
AVBL,3.0,3.0,3.0,3.0,3.0,2.0,3.0,3.0,3.0,3.0,3.0,3.0,3.0,2.0,3.0,3.0,3.0,3.0,3.0,3.0,2.0,2.0,2.0,2.0,3.0,3.0,3.0,2.0,2.0,2.0,2.0,1.0,1.0,2.0,2.0,2.0,2.0,1.0,2.0,3.0,3.0,4.0,4.0,3.0,2.0,3.0,3.0,3.0,3.0,4.0,3.0,2.0,2.0,1.0,1.0,0.0,1.0,2.0,1.0,1.0,1.0,3.0,2.0,2.0,2.0,3.0,2.0,1.0,3.0,2.0,1.0,2.0,4.0,3.0,3.0,3.0,4.0,3.0,3.0,3.0,2.0,3.0,3.0,3.0,2.0,3.0,3.0,3.0,2.0,2.0,2.0,2.0,1.0,2.0,1.0,2.0,2.0,2.0,2.0,2.0,2.0,2.0,2.0,2.0,2.0,2.0,2.0,2.0,2.0,2.0,1.0,2.0,2.0,2.0,2.0,3.0,2.0,inf,inf,inf,inf,inf,inf,inf,inf,3.0,3.0,3.0,3.0,3.0,3.0,3.0,4.0,3.0,3.0,4.0,4.0,2.0,2.0,inf,inf,inf,inf,inf,inf,inf,inf,inf,inf,inf,inf,2.0,3.0,3.0,3.0,3.0,3.0,3.0,3.0,2.0,2.0,3.0,4.0,3.0,4.0,3.0,3.0,inf,inf,3.0,3.0,2.0,2.0,1.0,2.0,2.0,3.0,2.0,1.0,3.0,1.0,3.0,2.0,2.0,2.0,2.0,2.0,2.0,2.0,3.0,3.0,3.0,2.0,2.0,3.0,3.0,2.0,2.0,3.0,3.0,2.0,3.0,2.0,2.0,2.0,3.0,3.0,3.0,3.0,3.0,3.0,3.0,3.0,3.0,3.0,4.0,3.0,2.0,3.0,2.0,2.0,3.0,3.0,3.0,2.0,2.0,2.0,2.0,2.0,2.0,1.0,3.0,3.0,2.0,3.0,3.0,3.0,3.0,2.0,2.0,2.0,2.0,2.0,2.0,3.0,3.0,2.0,2.0,3.0,4.0,3.0,3.0,2.0,3.0,2.0,2.0,2.0,3.0,3.0,3.0,2.0,1.0,2.0,2.0,2.0,2.0,2.0,2.0,2.0,1.0,1.0,2.0,2.0,1.0,2.0,2.0,3.0,2.0,2.0,2.0,2.0,2.0,2.0,2.0,2.0,1.0,3.0,3.0,2.0,2.0,2.0,2.0,2.0,2.0,2.0,2.0,2.0,2.0,2.0,2.0,2.0,2.0
AVBR,3.0,3.0,3.0,3.0,3.0,3.0,3.0,2.0,3.0,3.0,2.0,2.0,2.0,1.0,3.0,3.0,2.0,4.0,3.0,2.0,2.0,2.0,3.0,3.0,3.0,3.0,3.0,2.0,1.0,2.0,1.0,1.0,1.0,2.0,2.0,2.0,2.0,1.0,2.0,3.0,3.0,3.0,3.0,2.0,2.0,3.0,3.0,3.0,3.0,3.0,3.0,2.0,3.0,1.0,1.0,1.0,0.0,1.0,2.0,2.0,1.0,2.0,2.0,3.0,2.0,2.0,1.0,2.0,3.0,3.0,2.0,3.0,3.0,3.0,2.0,3.0,3.0,2.0,3.0,3.0,3.0,2.0,4.0,4.0,2.0,3.0,3.0,3.0,2.0,2.0,1.0,2.0,2.0,2.0,1.0,2.0,2.0,2.0,2.0,2.0,3.0,2.0,2.0,2.0,2.0,2.0,2.0,2.0,3.0,3.0,2.0,3.0,2.0,3.0,3.0,2.0,1.0,inf,inf,inf,inf,inf,inf,inf,inf,3.0,4.0,4.0,4.0,3.0,4.0,3.0,5.0,3.0,3.0,4.0,4.0,2.0,2.0,inf,inf,inf,inf,inf,inf,inf,inf,inf,inf,inf,inf,2.0,3.0,3.0,4.0,3.0,3.0,4.0,3.0,2.0,2.0,4.0,4.0,3.0,4.0,4.0,3.0,inf,inf,3.0,3.0,3.0,2.0,2.0,2.0,3.0,3.0,2.0,2.0,3.0,2.0,3.0,2.0,3.0,2.0,3.0,3.0,2.0,3.0,2.0,3.0,3.0,2.0,3.0,3.0,2.0,2.0,3.0,3.0,2.0,2.0,3.0,3.0,3.0,2.0,3.0,3.0,3.0,2.0,3.0,3.0,3.0,3.0,3.0,3.0,4.0,3.0,2.0,3.0,3.0,2.0,3.0,3.0,2.0,2.0,3.0,2.0,2.0,2.0,2.0,2.0,3.0,2.0,3.0,3.0,3.0,2.0,2.0,3.0,3.0,3.0,3.0,3.0,3.0,2.0,3.0,2.0,2.0,3.0,3.0,3.0,4.0,3.0,3.0,3.0,2.0,3.0,3.0,3.0,3.0,2.0,2.0,2.0,1.0,2.0,2.0,1.0,2.0,2.0,2.0,2.0,2.0,2.0,2.0,2.0,2.0,3.0,2.0,3.0,3.0,3.0,3.0,3.0,3.0,2.0,2.0,2.0,2.0,3.0,2.0,3.0,1.0,2.0,2.0,2.0,2.0,2.0,2.0,2.0,2.0,3.0,3.0
AVDL,3.0,3.0,4.0,3.0,3.0,3.0,3.0,2.0,4.0,3.0,4.0,3.0,2.0,2.0,3.0,4.0,2.0,4.0,4.0,3.0,3.0,3.0,2.0,2.0,4.0,3.0,3.0,3.0,2.0,2.0,2.0,1.0,2.0,2.0,2.0,2.0,2.0,1.0,1.0,3.0,3.0,4.0,3.0,3.0,2.0,3.0,3.0,4.0,3.0,4.0,4.0,3.0,3.0,1.0,1.0,2.0,2.0,0.0,1.0,1.0,2.0,3.0,3.0,2.0,2.0,3.0,1.0,2.0,2.0,3.0,3.0,3.0,4.0,3.0,3.0,3.0,4.0,3.0,3.0,3.0,3.0,3.0,3.0,3.0,3.0,3.0,3.0,3.0,1.0,1.0,1.0,1.0,1.0,2.0,2.0,1.0,2.0,2.0,2.0,2.0,2.0,2.0,3.0,2.0,2.0,2.0,2.0,2.0,2.0,2.0,2.0,4.0,1.0,3.0,2.0,3.0,3.0,inf,inf,inf,inf,inf,inf,inf,inf,3.0,4.0,3.0,4.0,3.0,4.0,4.0,5.0,4.0,4.0,4.0,4.0,1.0,2.0,inf,inf,inf,inf,inf,inf,inf,inf,inf,inf,inf,inf,3.0,3.0,4.0,4.0,3.0,3.0,5.0,3.0,2.0,2.0,3.0,3.0,2.0,3.0,3.0,2.0,inf,inf,3.0,3.0,2.0,1.0,2.0,3.0,2.0,3.0,2.0,2.0,3.0,3.0,4.0,3.0,3.0,2.0,2.0,3.0,2.0,3.0,2.0,2.0,3.0,3.0,2.0,3.0,2.0,2.0,2.0,3.0,3.0,3.0,3.0,3.0,3.0,2.0,3.0,2.0,3.0,3.0,3.0,3.0,3.0,3.0,3.0,3.0,3.0,3.0,2.0,2.0,2.0,3.0,3.0,3.0,2.0,2.0,3.0,2.0,1.0,1.0,1.0,3.0,4.0,3.0,3.0,3.0,3.0,2.0,3.0,2.0,3.0,3.0,3.0,3.0,2.0,3.0,3.0,3.0,2.0,4.0,4.0,2.0,4.0,3.0,3.0,3.0,3.0,3.0,3.0,4.0,3.0,1.0,2.0,1.0,2.0,1.0,2.0,2.0,2.0,2.0,1.0,2.0,1.0,3.0,2.0,2.0,2.0,3.0,2.0,2.0,2.0,2.0,3.0,2.0,3.0,3.0,3.0,4.0,4.0,3.0,2.0,2.0,2.0,2.0,2.0,2.0,3.0,2.0,2.0,2.0,2.0,2.0,2.0
AVDR,3.0,3.0,3.0,3.0,3.0,3.0,3.0,3.0,3.0,3.0,3.0,3.0,2.0,2.0,3.0,3.0,3.0,4.0,4.0,3.0,3.0,2.0,1.0,2.0,3.0,3.0,3.0,2.0,2.0,2.0,2.0,2.0,2.0,2.0,2.0,2.0,2.0,1.0,1.0,4.0,3.0,4.0,4.0,3.0,3.0,4.0,3.0,3.0,2.0,4.0,3.0,3.0,3.0,1.0,1.0,1.0,2.0,1.0,0.0,2.0,1.0,3.0,2.0,2.0,2.0,3.0,2.0,1.0,2.0,3.0,2.0,2.0,4.0,3.0,4.0,3.0,4.0,3.0,3.0,3.0,3.0,3.0,2.0,2.0,2.0,3.0,3.0,3.0,1.0,1.0,1.0,1.0,1.0,1.0,2.0,1.0,1.0,1.0,2.0,2.0,1.0,2.0,3.0,2.0,2.0,2.0,2.0,2.0,2.0,2.0,2.0,3.0,1.0,2.0,2.0,3.0,3.0,inf,inf,inf,inf,inf,inf,inf,inf,3.0,3.0,3.0,3.0,3.0,3.0,3.0,4.0,4.0,3.0,4.0,4.0,1.0,2.0,inf,inf,inf,inf,inf,inf,inf,inf,inf,inf,inf,inf,2.0,3.0,3.0,4.0,3.0,3.0,4.0,3.0,2.0,2.0,3.0,4.0,2.0,3.0,4.0,3.0,inf,inf,3.0,3.0,1.0,2.0,1.0,2.0,2.0,3.0,2.0,2.0,3.0,2.0,3.0,2.0,2.0,2.0,2.0,2.0,2.0,2.0,2.0,2.0,3.0,3.0,2.0,3.0,3.0,2.0,2.0,3.0,3.0,2.0,3.0,3.0,3.0,3.0,3.0,2.0,3.0,3.0,3.0,2.0,3.0,3.0,3.0,3.0,3.0,3.0,2.0,2.0,3.0,2.0,3.0,3.0,2.0,2.0,3.0,2.0,1.0,1.0,1.0,2.0,3.0,3.0,3.0,3.0,3.0,3.0,3.0,3.0,2.0,3.0,3.0,3.0,3.0,3.0,3.0,3.0,2.0,3.0,4.0,2.0,4.0,3.0,3.0,3.0,2.0,3.0,4.0,3.0,3.0,2.0,1.0,1.0,2.0,1.0,2.0,2.0,2.0,2.0,2.0,1.0,2.0,2.0,2.0,2.0,2.0,3.0,2.0,2.0,2.0,3.0,2.0,2.0,3.0,3.0,2.0,4.0,4.0,3.0,2.0,2.0,2.0,2.0,2.0,2.0,2.0,2.0,2.0,2.0,2.0,2.0,2.0
AVEL,2.0,3.0,3.0,3.0,3.0,3.0,2.0,2.0,3.0,3.0,3.0,3.0,2.0,2.0,2.0,4.0,3.0,4.0,3.0,3.0,3.0,3.0,3.0,1.0,3.0,3.0,3.0,2.0,1.0,2.0,1.0,2.0,2.0,2.0,2.0,2.0,2.0,2.0,2.0,3.0,3.0,3.0,4.0,2.0,2.0,3.0,3.0,3.0,4.0,3.0,4.0,3.0,3.0,1.0,1.0,2.0,2.0,1.0,2.0,0.0,2.0,3.0,2.0,2.0,2.0,3.0,2.0,2.0,2.0,2.0,2.0,3.0,3.0,3.0,3.0,3.0,3.0,3.0,3.0,3.0,2.0,3.0,4.0,4.0,2.0,3.0,2.0,3.0,1.0,1.0,1.0,1.0,2.0,2.0,2.0,2.0,2.0,2.0,2.0,1.0,1.0,2.0,3.0,2.0,2.0,2.0,2.0,2.0,2.0,2.0,2.0,3.0,2.0,2.0,2.0,3.0,3.0,inf,inf,inf,inf,inf,inf,inf,inf,3.0,3.0,3.0,3.0,3.0,3.0,3.0,4.0,3.0,3.0,3.0,3.0,2.0,2.0,inf,inf,inf,inf,inf,inf,inf,inf,inf,inf,inf,inf,3.0,3.0,3.0,3.0,3.0,3.0,4.0,3.0,2.0,2.0,3.0,4.0,3.0,4.0,4.0,3.0,inf,inf,3.0,3.0,3.0,1.0,1.0,2.0,2.0,3.0,2.0,3.0,2.0,2.0,3.0,3.0,2.0,1.0,3.0,2.0,2.0,3.0,3.0,3.0,2.0,2.0,2.0,2.0,3.0,2.0,2.0,2.0,3.0,3.0,3.0,3.0,3.0,2.0,3.0,3.0,3.0,2.0,2.0,2.0,2.0,3.0,3.0,4.0,3.0,2.0,2.0,2.0,1.0,3.0,2.0,2.0,2.0,2.0,3.0,2.0,1.0,1.0,1.0,2.0,3.0,2.0,2.0,2.0,3.0,2.0,2.0,2.0,2.0,3.0,2.0,2.0,2.0,2.0,2.0,3.0,2.0,3.0,4.0,3.0,3.0,3.0,3.0,2.0,3.0,3.0,3.0,3.0,3.0,1.0,2.0,1.0,1.0,2.0,2.0,2.0,2.0,2.0,2.0,2.0,2.0,3.0,2.0,2.0,2.0,3.0,2.0,2.0,2.0,3.0,3.0,2.0,3.0,3.0,3.0,4.0,4.0,3.0,2.0,1.0,1.0,2.0,2.0,2.0,3.0,3.0,3.0,3.0,3.0,3.0,3.0
AVER,3.0,2.0,2.0,2.0,3.0,2.0,3.0,2.0,2.0,3.0,3.0,2.0,2.0,2.0,3.0,2.0,2.0,3.0,3.0,3.0,3.0,1.0,2.0,2.0,2.0,3.0,2.0,3.0,1.0,1.0,1.0,2.0,2.0,2.0,2.0,2.0,2.0,2.0,2.0,3.0,2.0,3.0,3.0,3.0,2.0,3.0,3.0,3.0,3.0,3.0,3.0,3.0,2.0,1.0,1.0,2.0,2.0,1.0,1.0,1.0,0.0,3.0,3.0,3.0,3.0,3.0,2.0,2.0,2.0,3.0,3.0,3.0,4.0,2.0,3.0,2.0,3.0,2.0,3.0,3.0,3.0,3.0,3.0,3.0,1.0,2.0,2.0,3.0,1.0,1.0,1.0,2.0,2.0,2.0,2.0,2.0,2.0,2.0,2.0,1.0,2.0,2.0,3.0,2.0,2.0,2.0,2.0,3.0,2.0,3.0,2.0,4.0,2.0,3.0,2.0,3.0,3.0,inf,inf,inf,inf,inf,inf,inf,inf,2.0,3.0,3.0,3.0,2.0,3.0,2.0,4.0,3.0,2.0,3.0,3.0,2.0,2.0,inf,inf,inf,inf,inf,inf,inf,inf,inf,inf,inf,inf,1.0,2.0,2.0,3.0,3.0,2.0,5.0,3.0,2.0,2.0,4.0,4.0,3.0,4.0,4.0,3.0,inf,inf,3.0,3.0,2.0,2.0,2.0,3.0,3.0,3.0,2.0,3.0,3.0,3.0,4.0,3.0,3.0,2.0,3.0,3.0,2.0,2.0,2.0,2.0,2.0,2.0,2.0,3.0,2.0,2.0,2.0,2.0,2.0,1.0,2.0,2.0,2.0,2.0,3.0,3.0,2.0,3.0,2.0,2.0,2.0,2.0,3.0,2.0,3.0,3.0,2.0,2.0,2.0,1.0,2.0,2.0,2.0,2.0,2.0,2.0,1.0,1.0,1.0,3.0,3.0,2.0,2.0,3.0,2.0,2.0,2.0,3.0,3.0,3.0,2.0,3.0,2.0,2.0,2.0,2.0,2.0,2.0,3.0,3.0,3.0,2.0,2.0,3.0,1.0,2.0,3.0,2.0,3.0,1.0,1.0,1.0,1.0,2.0,2.0,2.0,2.0,2.0,2.0,2.0,2.0,2.0,2.0,2.0,2.0,3.0,3.0,3.0,3.0,3.0,3.0,3.0,4.0,3.0,3.0,4.0,4.0,4.0,2.0,2.0,2.0,2.0,2.0,2.0,3.0,3.0,3.0,3.0,3.0,3.0,3.0
AVFL,2.0,3.0,3.0,3.0,3.0,2.0,2.0,2.0,3.0,3.0,2.0,2.0,2.0,2.0,1.0,2.0,2.0,3.0,3.0,3.0,2.0,2.0,3.0,2.0,3.0,3.0,3.0,2.0,2.0,3.0,2.0,2.0,2.0,3.0,3.0,3.0,3.0,1.0,3.0,3.0,2.0,2.0,3.0,2.0,2.0,3.0,3.0,2.0,2.0,2.0,2.0,3.0,3.0,2.0,2.0,1.0,1.0,2.0,2.0,2.0,2.0,0.0,1.0,1.0,1.0,1.0,1.0,2.0,2.0,2.0,1.0,3.0,2.0,2.0,2.0,2.0,3.0,3.0,3.0,3.0,2.0,2.0,4.0,4.0,2.0,3.0,3.0,2.0,3.0,3.0,2.0,3.0,2.0,2.0,2.0,2.0,3.0,3.0,3.0,3.0,3.0,2.0,3.0,3.0,2.0,2.0,2.0,3.0,3.0,2.0,2.0,1.0,2.0,3.0,3.0,1.0,1.0,inf,inf,inf,inf,inf,inf,inf,inf,3.0,3.0,3.0,3.0,4.0,3.0,3.0,4.0,3.0,3.0,4.0,3.0,2.0,3.0,inf,inf,inf,inf,inf,inf,inf,inf,inf,inf,inf,inf,3.0,3.0,3.0,3.0,3.0,3.0,2.0,4.0,3.0,1.0,2.0,3.0,3.0,3.0,2.0,3.0,inf,inf,2.0,3.0,2.0,2.0,2.0,2.0,3.0,2.0,1.0,2.0,2.0,2.0,1.0,1.0,3.0,2.0,2.0,2.0,3.0,2.0,3.0,3.0,3.0,3.0,2.0,1.0,1.0,2.0,3.0,3.0,2.0,2.0,3.0,2.0,2.0,2.0,3.0,3.0,2.0,2.0,3.0,3.0,3.0,2.0,3.0,4.0,4.0,2.0,2.0,3.0,2.0,2.0,3.0,3.0,2.0,2.0,3.0,3.0,2.0,2.0,2.0,2.0,3.0,3.0,3.0,2.0,3.0,3.0,3.0,3.0,3.0,2.0,2.0,1.0,2.0,3.0,3.0,3.0,3.0,3.0,3.0,3.0,3.0,3.0,3.0,2.0,2.0,3.0,3.0,4.0,3.0,2.0,2.0,2.0,2.0,3.0,2.0,2.0,3.0,3.0,2.0,2.0,2.0,1.0,1.0,3.0,3.0,3.0,3.0,3.0,3.0,3.0,3.0,3.0,1.0,2.0,2.0,2.0,2.0,2.0,2.0,2.0,2.0,2.0,2.0,2.0,3.0,3.0,3.0,2.0,2.0,2.0,2.0
AVFR,2.0,2.0,3.0,3.0,2.0,2.0,2.0,2.0,3.0,3.0,1.0,2.0,2.0,2.0,1.0,2.0,2.0,3.0,3.0,3.0,2.0,2.0,3.0,2.0,3.0,3.0,3.0,2.0,2.0,2.0,2.0,2.0,2.0,3.0,2.0,2.0,3.0,2.0,2.0,2.0,2.0,2.0,3.0,2.0,1.0,3.0,3.0,2.0,2.0,2.0,2.0,3.0,3.0,1.0,2.0,1.0,1.0,2.0,2.0,2.0,2.0,1.0,0.0,1.0,1.0,1.0,1.0,1.0,3.0,3.0,2.0,2.0,2.0,2.0,2.0,2.0,2.0,2.0,3.0,3.0,3.0,2.0,4.0,4.0,2.0,3.0,2.0,3.0,2.0,2.0,2.0,2.0,2.0,2.0,2.0,2.0,2.0,3.0,2.0,2.0,2.0,2.0,3.0,2.0,2.0,2.0,3.0,3.0,2.0,2.0,2.0,2.0,2.0,2.0,2.0,1.0,1.0,inf,inf,inf,inf,inf,inf,inf,inf,3.0,2.0,3.0,2.0,3.0,3.0,3.0,3.0,3.0,3.0,4.0,3.0,2.0,2.0,inf,inf,inf,inf,inf,inf,inf,inf,inf,inf,inf,inf,3.0,3.0,3.0,3.0,3.0,3.0,3.0,3.0,2.0,2.0,2.0,3.0,3.0,3.0,3.0,3.0,inf,inf,3.0,3.0,3.0,2.0,1.0,1.0,2.0,3.0,2.0,2.0,2.0,1.0,1.0,2.0,2.0,2.0,3.0,2.0,2.0,2.0,3.0,3.0,3.0,3.0,2.0,2.0,2.0,2.0,2.0,3.0,2.0,2.0,3.0,3.0,2.0,2.0,3.0,3.0,1.0,2.0,2.0,2.0,2.0,2.0,3.0,3.0,3.0,2.0,3.0,3.0,1.0,2.0,2.0,2.0,2.0,3.0,3.0,3.0,2.0,2.0,2.0,2.0,3.0,2.0,2.0,2.0,3.0,3.0,2.0,2.0,2.0,2.0,2.0,2.0,2.0,2.0,2.0,3.0,3.0,3.0,3.0,3.0,4.0,3.0,3.0,2.0,2.0,3.0,3.0,3.0,3.0,2.0,1.0,2.0,2.0,2.0,2.0,2.0,2.0,2.0,2.0,2.0,2.0,2.0,2.0,2.0,2.0,3.0,2.0,2.0,2.0,3.0,2.0,2.0,2.0,2.0,2.0,2.0,2.0,3.0,2.0,2.0,2.0,3.0,3.0,3.0,3.0,3.0,3.0,2.0,1.0,3.0,3.0
AVG,3.0,3.0,3.0,3.0,3.0,3.0,3.0,2.0,3.0,3.0,2.0,2.0,2.0,2.0,2.0,2.0,2.0,4.0,3.0,3.0,3.0,2.0,2.0,2.0,3.0,3.0,3.0,2.0,2.0,2.0,2.0,2.0,2.0,2.0,2.0,2.0,2.0,2.0,2.0,3.0,2.0,3.0,3.0,3.0,2.0,3.0,3.0,2.0,3.0,3.0,2.0,3.0,3.0,1.0,1.0,1.0,1.0,1.0,1.0,1.0,1.0,1.0,2.0,0.0,2.0,2.0,1.0,1.0,2.0,2.0,2.0,2.0,3.0,2.0,3.0,3.0,3.0,3.0,3.0,3.0,2.0,2.0,3.0,3.0,2.0,3.0,3.0,3.0,2.0,2.0,2.0,2.0,2.0,2.0,2.0,1.0,2.0,2.0,2.0,2.0,2.0,2.0,3.0,2.0,2.0,2.0,2.0,2.0,2.0,2.0,2.0,2.0,1.0,2.0,2.0,2.0,2.0,inf,inf,inf,inf,inf,inf,inf,inf,3.0,3.0,3.0,4.0,3.0,3.0,3.0,4.0,3.0,3.0,3.0,3.0,2.0,2.0,inf,inf,inf,inf,inf,inf,inf,inf,inf,inf,inf,inf,2.0,3.0,3.0,3.0,3.0,3.0,3.0,3.0,2.0,2.0,1.0,2.0,2.0,2.0,3.0,3.0,inf,inf,3.0,3.0,2.0,1.0,1.0,2.0,2.0,3.0,1.0,1.0,3.0,2.0,2.0,1.0,2.0,1.0,2.0,2.0,2.0,3.0,2.0,2.0,3.0,3.0,2.0,2.0,2.0,2.0,2.0,2.0,3.0,2.0,3.0,3.0,3.0,2.0,3.0,2.0,3.0,3.0,3.0,3.0,3.0,3.0,3.0,3.0,3.0,2.0,2.0,2.0,2.0,2.0,3.0,3.0,3.0,3.0,3.0,2.0,2.0,2.0,2.0,2.0,3.0,3.0,3.0,3.0,3.0,2.0,3.0,2.0,2.0,3.0,3.0,2.0,2.0,3.0,3.0,3.0,2.0,3.0,3.0,2.0,3.0,2.0,3.0,2.0,2.0,3.0,3.0,3.0,3.0,2.0,2.0,2.0,2.0,2.0,1.0,2.0,2.0,2.0,2.0,2.0,2.0,2.0,2.0,2.0,2.0,2.0,2.0,2.0,2.0,3.0,3.0,2.0,1.0,2.0,2.0,3.0,3.0,3.0,2.0,2.0,2.0,2.0,2.0,2.0,2.0,2.0,2.0,2.0,2.0,2.0,2.0
AVHL,2.0,2.0,3.0,2.0,2.0,1.0,3.0,2.0,3.0,2.0,2.0,2.0,2.0,2.0,2.0,2.0,2.0,3.0,3.0,2.0,2.0,2.0,3.0,2.0,2.0,2.0,3.0,2.0,2.0,2.0,2.0,2.0,2.0,2.0,2.0,2.0,2.0,2.0,2.0,3.0,2.0,3.0,2.0,2.0,1.0,3.0,3.0,2.0,3.0,3.0,2.0,2.0,2.0,2.0,1.0,1.0,1.0,1.0,2.0,2.0,2.0,1.0,1.0,2.0,0.0,1.0,1.0,1.0,2.0,3.0,2.0,2.0,3.0,2.0,2.0,1.0,3.0,2.0,2.0,2.0,3.0,1.0,4.0,4.0,3.0,3.0,3.0,2.0,2.0,2.0,2.0,2.0,2.0,2.0,2.0,2.0,2.0,3.0,2.0,2.0,3.0,2.0,3.0,3.0,1.0,2.0,3.0,3.0,3.0,2.0,2.0,2.0,2.0,3.0,2.0,2.0,2.0,inf,inf,inf,inf,inf,inf,inf,inf,3.0,3.0,3.0,3.0,3.0,3.0,4.0,4.0,3.0,3.0,3.0,3.0,2.0,2.0,inf,inf,inf,inf,inf,inf,inf,inf,inf,inf,inf,inf,3.0,3.0,3.0,3.0,3.0,2.0,3.0,3.0,2.0,2.0,3.0,4.0,3.0,4.0,3.0,3.0,inf,inf,3.0,2.0,3.0,2.0,2.0,2.0,3.0,3.0,2.0,2.0,1.0,1.0,2.0,1.0,2.0,2.0,3.0,3.0,2.0,2.0,3.0,2.0,3.0,3.0,2.0,2.0,1.0,2.0,2.0,2.0,2.0,1.0,3.0,2.0,1.0,2.0,2.0,3.0,2.0,3.0,2.0,2.0,3.0,3.0,2.0,4.0,3.0,2.0,2.0,2.0,2.0,2.0,3.0,3.0,2.0,2.0,2.0,2.0,1.0,2.0,2.0,2.0,3.0,3.0,2.0,3.0,2.0,3.0,3.0,3.0,3.0,2.0,1.0,2.0,1.0,2.0,2.0,2.0,2.0,3.0,2.0,3.0,3.0,3.0,3.0,2.0,2.0,3.0,3.0,4.0,2.0,2.0,2.0,2.0,2.0,2.0,2.0,2.0,2.0,2.0,2.0,2.0,2.0,2.0,2.0,3.0,3.0,3.0,3.0,3.0,3.0,3.0,3.0,3.0,2.0,2.0,2.0,3.0,3.0,3.0,1.0,2.0,2.0,3.0,3.0,3.0,3.0,3.0,3.0,3.0,2.0,3.0,3.0
AVHR,2.0,2.0,3.0,3.0,2.0,2.0,2.0,1.0,3.0,2.0,2.0,2.0,3.0,2.0,2.0,2.0,3.0,3.0,2.0,3.0,2.0,2.0,2.0,2.0,3.0,2.0,2.0,1.0,2.0,2.0,2.0,2.0,2.0,3.0,2.0,2.0,3.0,2.0,2.0,2.0,2.0,3.0,2.0,2.0,2.0,3.0,3.0,3.0,3.0,3.0,1.0,2.0,2.0,1.0,2.0,1.0,1.0,2.0,1.0,2.0,2.0,1.0,1.0,1.0,1.0,0.0,2.0,1.0,3.0,2.0,2.0,2.0,2.0,2.0,1.0,2.0,2.0,2.0,2.0,2.0,3.0,2.0,3.0,3.0,3.0,3.0,3.0,2.0,2.0,2.0,2.0,2.0,2.0,2.0,2.0,2.0,2.0,2.0,2.0,2.0,2.0,2.0,3.0,2.0,2.0,3.0,3.0,3.0,3.0,3.0,1.0,2.0,2.0,3.0,2.0,2.0,2.0,inf,inf,inf,inf,inf,inf,inf,inf,3.0,3.0,3.0,3.0,3.0,3.0,4.0,4.0,3.0,3.0,3.0,3.0,2.0,2.0,inf,inf,inf,inf,inf,inf,inf,inf,inf,inf,inf,inf,3.0,2.0,3.0,3.0,2.0,2.0,3.0,3.0,2.0,2.0,2.0,3.0,3.0,3.0,3.0,3.0,inf,inf,2.0,3.0,2.0,2.0,2.0,2.0,3.0,3.0,2.0,2.0,1.0,2.0,2.0,2.0,2.0,2.0,3.0,3.0,2.0,2.0,2.0,3.0,2.0,2.0,2.0,2.0,2.0,1.0,2.0,2.0,3.0,2.0,3.0,2.0,1.0,3.0,3.0,3.0,2.0,3.0,3.0,3.0,3.0,2.0,2.0,4.0,3.0,2.0,3.0,3.0,2.0,2.0,3.0,2.0,2.0,2.0,2.0,2.0,2.0,2.0,2.0,2.0,2.0,2.0,3.0,2.0,3.0,3.0,3.0,2.0,3.0,1.0,2.0,1.0,2.0,2.0,3.0,2.0,3.0,3.0,3.0,3.0,3.0,3.0,2.0,2.0,2.0,2.0,3.0,4.0,3.0,2.0,2.0,2.0,2.0,2.0,2.0,2.0,2.0,2.0,2.0,2.0,2.0,2.0,2.0,3.0,3.0,3.0,3.0,2.0,3.0,3.0,3.0,2.0,2.0,3.0,2.0,3.0,3.0,3.0,2.0,3.0,2.0,3.0,3.0,3.0,3.0,3.0,3.0,3.0,2.0,3.0,3.0
AVJL,3.0,2.0,3.0,3.0,3.0,2.0,3.0,2.0,3.0,2.0,3.0,2.0,3.0,2.0,3.0,3.0,1.0,3.0,3.0,3.0,2.0,3.0,3.0,2.0,3.0,3.0,3.0,2.0,2.0,2.0,2.0,2.0,2.0,2.0,2.0,2.0,2.0,2.0,2.0,2.0,3.0,3.0,2.0,3.0,1.0,2.0,3.0,3.0,3.0,3.0,3.0,3.0,2.0,2.0,1.0,1.0,1.0,1.0,2.0,1.0,2.0,2.0,2.0,2.0,1.0,2.0,0.0,1.0,2.0,2.0,2.0,2.0,3.0,2.0,2.0,2.0,3.0,3.0,2.0,3.0,2.0,2.0,4.0,4.0,2.0,2.0,2.0,2.0,2.0,2.0,2.0,2.0,2.0,2.0,2.0,2.0,2.0,3.0,2.0,2.0,2.0,2.0,3.0,2.0,2.0,2.0,3.0,3.0,3.0,3.0,2.0,3.0,2.0,2.0,2.0,2.0,2.0,inf,inf,inf,inf,inf,inf,inf,inf,3.0,3.0,3.0,3.0,3.0,3.0,3.0,4.0,3.0,3.0,4.0,3.0,2.0,2.0,inf,inf,inf,inf,inf,inf,inf,inf,inf,inf,inf,inf,3.0,2.0,3.0,3.0,3.0,3.0,4.0,3.0,2.0,2.0,3.0,4.0,3.0,4.0,4.0,3.0,inf,inf,3.0,3.0,2.0,1.0,1.0,2.0,2.0,3.0,3.0,1.0,2.0,2.0,3.0,2.0,2.0,2.0,2.0,2.0,3.0,2.0,2.0,2.0,3.0,3.0,2.0,2.0,1.0,2.0,3.0,3.0,2.0,2.0,3.0,2.0,2.0,1.0,3.0,3.0,2.0,2.0,2.0,2.0,2.0,3.0,3.0,4.0,3.0,2.0,2.0,3.0,2.0,2.0,3.0,3.0,2.0,2.0,2.0,2.0,1.0,2.0,2.0,2.0,3.0,3.0,3.0,3.0,3.0,2.0,3.0,2.0,2.0,3.0,2.0,3.0,2.0,2.0,2.0,2.0,2.0,3.0,3.0,3.0,3.0,2.0,3.0,2.0,2.0,3.0,2.0,3.0,2.0,2.0,2.0,2.0,2.0,2.0,2.0,2.0,2.0,2.0,2.0,2.0,2.0,3.0,2.0,2.0,2.0,3.0,2.0,2.0,2.0,3.0,3.0,2.0,3.0,2.0,2.0,3.0,3.0,3.0,2.0,2.0,2.0,2.0,3.0,2.0,2.0,3.0,3.0,3.0,3.0,2.0,2.0
AVJR,2.0,2.0,3.0,2.0,3.0,3.0,3.0,2.0,3.0,3.0,2.0,2.0,3.0,2.0,2.0,2.0,2.0,4.0,3.0,3.0,3.0,2.0,2.0,1.0,3.0,3.0,3.0,2.0,2.0,2.0,2.0,2.0,2.0,2.0,2.0,2.0,2.0,2.0,2.0,3.0,2.0,3.0,3.0,3.0,2.0,3.0,3.0,2.0,3.0,3.0,2.0,3.0,3.0,1.0,1.0,1.0,1.0,1.0,1.0,2.0,1.0,2.0,1.0,2.0,2.0,2.0,1.0,0.0,2.0,3.0,2.0,1.0,3.0,2.0,3.0,3.0,3.0,3.0,3.0,3.0,2.0,2.0,3.0,3.0,2.0,3.0,2.0,3.0,2.0,2.0,2.0,2.0,2.0,2.0,2.0,2.0,2.0,2.0,2.0,2.0,2.0,2.0,3.0,2.0,2.0,2.0,2.0,3.0,3.0,2.0,2.0,3.0,2.0,2.0,1.0,2.0,2.0,inf,inf,inf,inf,inf,inf,inf,inf,3.0,3.0,4.0,3.0,3.0,3.0,3.0,4.0,4.0,3.0,4.0,4.0,2.0,2.0,inf,inf,inf,inf,inf,inf,inf,inf,inf,inf,inf,inf,2.0,3.0,3.0,3.0,3.0,3.0,4.0,3.0,2.0,2.0,3.0,4.0,3.0,4.0,4.0,3.0,inf,inf,3.0,3.0,2.0,1.0,1.0,2.0,2.0,3.0,2.0,2.0,3.0,2.0,2.0,1.0,2.0,2.0,3.0,2.0,2.0,3.0,3.0,3.0,2.0,2.0,1.0,2.0,2.0,2.0,2.0,3.0,3.0,2.0,3.0,3.0,3.0,2.0,3.0,3.0,2.0,2.0,3.0,3.0,3.0,3.0,2.0,3.0,4.0,3.0,3.0,3.0,2.0,2.0,3.0,3.0,3.0,3.0,3.0,2.0,2.0,1.0,2.0,2.0,3.0,3.0,3.0,3.0,3.0,2.0,3.0,2.0,2.0,3.0,2.0,3.0,2.0,3.0,3.0,3.0,2.0,3.0,3.0,3.0,4.0,3.0,3.0,3.0,2.0,3.0,3.0,3.0,3.0,2.0,2.0,2.0,2.0,2.0,2.0,2.0,2.0,2.0,2.0,2.0,2.0,2.0,2.0,2.0,2.0,3.0,2.0,2.0,2.0,3.0,3.0,2.0,3.0,2.0,2.0,3.0,3.0,3.0,2.0,3.0,2.0,3.0,2.0,3.0,3.0,3.0,3.0,3.0,2.0,3.0,2.0
AVKL,2.0,2.0,3.0,2.0,3.0,3.0,3.0,3.0,3.0,3.0,3.0,3.0,2.0,2.0,3.0,3.0,3.0,3.0,3.0,3.0,2.0,2.0,3.0,2.0,3.0,3.0,3.0,2.0,2.0,2.0,2.0,2.0,2.0,3.0,3.0,3.0,3.0,2.0,3.0,3.0,3.0,3.0,4.0,3.0,3.0,3.0,3.0,3.0,4.0,4.0,4.0,2.0,2.0,2.0,2.0,1.0,2.0,2.0,2.0,1.0,1.0,3.0,3.0,3.0,2.0,3.0,2.0,2.0,0.0,2.0,2.0,1.0,4.0,3.0,4.0,3.0,4.0,3.0,2.0,3.0,2.0,2.0,4.0,4.0,2.0,3.0,3.0,3.0,2.0,2.0,2.0,2.0,2.0,3.0,2.0,3.0,3.0,3.0,2.0,2.0,2.0,3.0,3.0,2.0,2.0,3.0,3.0,3.0,3.0,3.0,1.0,3.0,2.0,3.0,3.0,3.0,3.0,inf,inf,inf,inf,inf,inf,inf,inf,3.0,3.0,2.0,2.0,3.0,3.0,3.0,4.0,3.0,3.0,4.0,3.0,3.0,3.0,inf,inf,inf,inf,inf,inf,inf,inf,inf,inf,inf,inf,2.0,2.0,3.0,3.0,3.0,3.0,4.0,4.0,1.0,1.0,4.0,4.0,4.0,5.0,4.0,3.0,inf,inf,3.0,2.0,3.0,2.0,2.0,3.0,3.0,2.0,2.0,2.0,3.0,2.0,3.0,3.0,2.0,2.0,3.0,3.0,2.0,2.0,2.0,2.0,3.0,2.0,2.0,3.0,3.0,2.0,3.0,3.0,1.0,1.0,3.0,3.0,2.0,2.0,1.0,2.0,3.0,2.0,1.0,2.0,2.0,2.0,3.0,3.0,3.0,3.0,1.0,2.0,2.0,2.0,2.0,3.0,1.0,1.0,2.0,2.0,2.0,2.0,2.0,2.0,3.0,3.0,2.0,3.0,1.0,3.0,1.0,2.0,2.0,2.0,2.0,2.0,2.0,2.0,2.0,2.0,2.0,3.0,3.0,3.0,3.0,3.0,3.0,2.0,2.0,2.0,3.0,3.0,3.0,2.0,2.0,2.0,2.0,3.0,2.0,3.0,2.0,3.0,2.0,2.0,2.0,1.0,2.0,2.0,3.0,3.0,3.0,2.0,3.0,3.0,3.0,2.0,3.0,3.0,2.0,4.0,4.0,3.0,2.0,2.0,2.0,3.0,3.0,3.0,3.0,3.0,3.0,3.0,3.0,3.0,3.0
AVKR,2.0,2.0,2.0,2.0,2.0,3.0,2.0,3.0,3.0,3.0,2.0,3.0,2.0,2.0,2.0,3.0,3.0,3.0,3.0,3.0,2.0,2.0,3.0,2.0,3.0,2.0,2.0,2.0,3.0,3.0,3.0,3.0,3.0,3.0,3.0,3.0,3.0,3.0,3.0,3.0,3.0,2.0,4.0,2.0,3.0,3.0,3.0,2.0,3.0,2.0,3.0,3.0,3.0,2.0,2.0,2.0,2.0,3.0,2.0,2.0,2.0,3.0,2.0,3.0,2.0,2.0,2.0,2.0,1.0,0.0,3.0,2.0,2.0,3.0,3.0,3.0,3.0,3.0,2.0,2.0,1.0,3.0,4.0,4.0,2.0,3.0,2.0,3.0,3.0,3.0,3.0,3.0,3.0,3.0,3.0,2.0,3.0,3.0,3.0,3.0,3.0,3.0,4.0,3.0,3.0,3.0,3.0,3.0,3.0,2.0,2.0,4.0,2.0,3.0,3.0,2.0,2.0,inf,inf,inf,inf,inf,inf,inf,inf,3.0,3.0,2.0,2.0,3.0,3.0,3.0,4.0,3.0,3.0,3.0,3.0,3.0,3.0,inf,inf,inf,inf,inf,inf,inf,inf,inf,inf,inf,inf,3.0,2.0,3.0,3.0,2.0,3.0,5.0,4.0,2.0,2.0,4.0,5.0,4.0,5.0,5.0,4.0,inf,inf,2.0,3.0,3.0,2.0,2.0,2.0,3.0,1.0,2.0,2.0,1.0,3.0,1.0,3.0,2.0,2.0,3.0,3.0,2.0,2.0,2.0,2.0,3.0,2.0,2.0,2.0,3.0,1.0,3.0,2.0,1.0,1.0,3.0,3.0,2.0,2.0,2.0,2.0,2.0,2.0,1.0,1.0,2.0,2.0,2.0,3.0,2.0,3.0,1.0,2.0,1.0,3.0,2.0,1.0,1.0,2.0,2.0,2.0,2.0,3.0,3.0,3.0,2.0,1.0,2.0,2.0,2.0,2.0,2.0,2.0,2.0,1.0,2.0,2.0,2.0,2.0,1.0,2.0,1.0,2.0,4.0,3.0,3.0,3.0,3.0,2.0,2.0,3.0,3.0,3.0,3.0,3.0,3.0,3.0,3.0,3.0,3.0,3.0,3.0,3.0,3.0,3.0,3.0,2.0,3.0,3.0,3.0,4.0,3.0,3.0,3.0,4.0,4.0,3.0,4.0,3.0,3.0,3.0,3.0,4.0,3.0,3.0,3.0,3.0,3.0,3.0,3.0,3.0,3.0,3.0,3.0,3.0,3.0
AVL,3.0,2.0,3.0,3.0,3.0,2.0,3.0,3.0,3.0,3.0,2.0,3.0,2.0,2.0,3.0,3.0,3.0,4.0,3.0,3.0,2.0,2.0,3.0,2.0,3.0,3.0,3.0,2.0,2.0,3.0,2.0,3.0,2.0,3.0,3.0,3.0,3.0,3.0,3.0,3.0,3.0,3.0,3.0,2.0,2.0,4.0,3.0,3.0,3.0,3.0,3.0,3.0,3.0,2.0,2.0,2.0,2.0,2.0,2.0,1.0,2.0,2.0,2.0,2.0,2.0,2.0,2.0,3.0,2.0,1.0,0.0,3.0,3.0,3.0,2.0,3.0,3.0,3.0,3.0,3.0,2.0,2.0,4.0,4.0,2.0,2.0,2.0,2.0,2.0,2.0,2.0,2.0,2.0,2.0,3.0,2.0,3.0,3.0,3.0,2.0,2.0,2.0,4.0,2.0,1.0,2.0,2.0,3.0,3.0,1.0,3.0,1.0,1.0,3.0,3.0,2.0,1.0,inf,inf,inf,inf,inf,inf,inf,inf,3.0,3.0,3.0,3.0,3.0,3.0,3.0,4.0,3.0,3.0,4.0,3.0,3.0,3.0,inf,inf,inf,inf,inf,inf,inf,inf,inf,inf,inf,inf,3.0,2.0,3.0,3.0,3.0,3.0,2.0,4.0,3.0,3.0,3.0,3.0,4.0,4.0,2.0,3.0,inf,inf,3.0,3.0,3.0,2.0,2.0,3.0,2.0,2.0,3.0,2.0,2.0,1.0,2.0,2.0,3.0,2.0,1.0,2.0,3.0,2.0,2.0,2.0,3.0,3.0,3.0,3.0,2.0,2.0,2.0,3.0,2.0,1.0,3.0,3.0,3.0,1.0,3.0,2.0,2.0,2.0,2.0,2.0,3.0,3.0,3.0,3.0,3.0,2.0,2.0,2.0,2.0,2.0,3.0,2.0,2.0,2.0,2.0,2.0,1.0,1.0,1.0,3.0,3.0,2.0,3.0,3.0,3.0,3.0,3.0,3.0,3.0,2.0,3.0,3.0,3.0,2.0,2.0,2.0,2.0,3.0,3.0,2.0,3.0,3.0,3.0,3.0,2.0,3.0,2.0,3.0,2.0,2.0,3.0,2.0,2.0,3.0,2.0,3.0,3.0,3.0,3.0,2.0,2.0,2.0,3.0,3.0,3.0,3.0,3.0,3.0,3.0,4.0,3.0,2.0,1.0,1.0,2.0,2.0,2.0,1.0,2.0,2.0,2.0,2.0,2.0,2.0,3.0,3.0,2.0,3.0,2.0,1.0,2.0
AVM,2.0,2.0,2.0,1.0,3.0,2.0,3.0,2.0,3.0,3.0,3.0,3.0,3.0,2.0,3.0,3.0,3.0,4.0,4.0,3.0,3.0,3.0,2.0,2.0,2.0,3.0,2.0,2.0,2.0,2.0,2.0,2.0,2.0,3.0,3.0,3.0,3.0,2.0,2.0,3.0,3.0,4.0,3.0,3.0,2.0,3.0,2.0,3.0,3.0,3.0,3.0,3.0,3.0,2.0,2.0,1.0,1.0,1.0,1.0,2.0,2.0,2.0,2.0,2.0,1.0,2.0,2.0,1.0,1.0,3.0,2.0,0.0,4.0,3.0,3.0,2.0,3.0,3.0,3.0,3.0,1.0,1.0,3.0,3.0,2.0,2.0,3.0,2.0,1.0,2.0,2.0,2.0,2.0,2.0,2.0,2.0,2.0,2.0,2.0,2.0,2.0,2.0,3.0,2.0,2.0,2.0,2.0,3.0,3.0,3.0,2.0,3.0,2.0,2.0,2.0,2.0,2.0,inf,inf,inf,inf,inf,inf,inf,inf,3.0,2.0,3.0,2.0,2.0,2.0,3.0,3.0,3.0,2.0,4.0,3.0,2.0,2.0,inf,inf,inf,inf,inf,inf,inf,inf,inf,inf,inf,inf,3.0,2.0,3.0,3.0,3.0,3.0,4.0,3.0,2.0,2.0,3.0,4.0,3.0,4.0,4.0,3.0,inf,inf,3.0,3.0,2.0,1.0,1.0,2.0,2.0,2.0,1.0,1.0,2.0,2.0,3.0,2.0,1.0,2.0,2.0,2.0,3.0,2.0,3.0,3.0,3.0,3.0,1.0,2.0,2.0,2.0,2.0,3.0,2.0,2.0,2.0,2.0,2.0,2.0,2.0,3.0,3.0,3.0,2.0,2.0,3.0,3.0,2.0,3.0,3.0,3.0,2.0,3.0,2.0,2.0,3.0,3.0,2.0,2.0,3.0,3.0,2.0,2.0,2.0,2.0,2.0,3.0,3.0,3.0,2.0,2.0,2.0,1.0,2.0,3.0,2.0,3.0,2.0,3.0,3.0,3.0,2.0,2.0,2.0,3.0,3.0,2.0,2.0,2.0,2.0,3.0,3.0,3.0,3.0,2.0,1.0,2.0,2.0,2.0,3.0,2.0,3.0,3.0,2.0,2.0,2.0,2.0,2.0,1.0,2.0,3.0,2.0,2.0,2.0,3.0,3.0,2.0,3.0,2.0,2.0,3.0,3.0,3.0,2.0,2.0,2.0,2.0,2.0,2.0,2.0,3.0,3.0,3.0,3.0,2.0,2.0
AWAL,1.0,3.0,4.0,3.0,2.0,2.0,2.0,3.0,1.0,2.0,2.0,3.0,2.0,2.0,3.0,3.0,3.0,2.0,1.0,2.0,1.0,3.0,3.0,3.0,4.0,3.0,3.0,3.0,3.0,3.0,3.0,3.0,3.0,3.0,3.0,3.0,3.0,3.0,3.0,1.0,2.0,1.0,3.0,1.0,3.0,3.0,3.0,2.0,3.0,2.0,3.0,3.0,3.0,2.0,2.0,2.0,2.0,2.0,2.0,2.0,2.0,2.0,3.0,3.0,3.0,2.0,3.0,2.0,3.0,2.0,3.0,3.0,0.0,3.0,1.0,3.0,2.0,2.0,3.0,3.0,3.0,3.0,4.0,4.0,3.0,3.0,3.0,3.0,3.0,3.0,3.0,3.0,3.0,3.0,3.0,3.0,3.0,3.0,3.0,3.0,3.0,3.0,4.0,3.0,3.0,3.0,4.0,4.0,4.0,4.0,2.0,3.0,3.0,3.0,3.0,2.0,2.0,inf,inf,inf,inf,inf,inf,inf,inf,3.0,3.0,3.0,3.0,3.0,3.0,4.0,4.0,3.0,2.0,3.0,3.0,3.0,3.0,inf,inf,inf,inf,inf,inf,inf,inf,inf,inf,inf,inf,3.0,2.0,3.0,3.0,3.0,3.0,4.0,4.0,3.0,3.0,4.0,5.0,4.0,5.0,4.0,4.0,inf,inf,3.0,4.0,3.0,3.0,3.0,3.0,4.0,3.0,3.0,3.0,2.0,3.0,3.0,3.0,3.0,3.0,4.0,4.0,2.0,2.0,2.0,3.0,2.0,2.0,3.0,3.0,3.0,2.0,3.0,2.0,2.0,3.0,2.0,3.0,2.0,3.0,3.0,3.0,3.0,3.0,3.0,3.0,3.0,3.0,3.0,3.0,3.0,3.0,3.0,3.0,3.0,3.0,4.0,3.0,3.0,3.0,3.0,3.0,3.0,3.0,3.0,3.0,3.0,3.0,3.0,3.0,3.0,3.0,3.0,3.0,3.0,2.0,3.0,2.0,3.0,3.0,3.0,2.0,2.0,4.0,3.0,2.0,3.0,4.0,3.0,2.0,3.0,2.0,4.0,4.0,3.0,3.0,3.0,3.0,3.0,3.0,3.0,3.0,3.0,3.0,3.0,3.0,3.0,3.0,2.0,4.0,4.0,4.0,4.0,3.0,4.0,4.0,4.0,3.0,3.0,3.0,3.0,3.0,3.0,4.0,4.0,3.0,3.0,4.0,4.0,4.0,4.0,4.0,4.0,4.0,4.0,4.0,4.0
AWAR,3.0,2.0,4.0,3.0,2.0,1.0,2.0,2.0,2.0,1.0,2.0,1.0,2.0,2.0,3.0,2.0,2.0,2.0,2.0,1.0,2.0,1.0,3.0,3.0,3.0,3.0,2.0,2.0,3.0,3.0,3.0,3.0,3.0,3.0,3.0,3.0,3.0,3.0,3.0,2.0,1.0,2.0,1.0,2.0,2.0,1.0,2.0,3.0,3.0,2.0,2.0,2.0,1.0,3.0,2.0,2.0,2.0,2.0,3.0,2.0,2.0,2.0,3.0,3.0,2.0,3.0,2.0,2.0,2.0,2.0,3.0,3.0,3.0,0.0,3.0,1.0,2.0,2.0,2.0,2.0,3.0,3.0,4.0,4.0,3.0,3.0,3.0,2.0,3.0,3.0,3.0,3.0,3.0,3.0,3.0,3.0,3.0,4.0,3.0,3.0,3.0,3.0,4.0,3.0,3.0,3.0,4.0,4.0,4.0,4.0,2.0,3.0,2.0,3.0,3.0,2.0,2.0,inf,inf,inf,inf,inf,inf,inf,inf,3.0,4.0,4.0,3.0,4.0,3.0,4.0,5.0,3.0,3.0,3.0,3.0,3.0,3.0,inf,inf,inf,inf,inf,inf,inf,inf,inf,inf,inf,inf,3.0,3.0,3.0,3.0,3.0,2.0,4.0,4.0,3.0,3.0,4.0,5.0,4.0,5.0,4.0,4.0,inf,inf,4.0,3.0,4.0,2.0,2.0,3.0,3.0,3.0,3.0,3.0,2.0,2.0,3.0,3.0,3.0,2.0,4.0,3.0,2.0,2.0,2.0,2.0,3.0,3.0,3.0,2.0,1.0,2.0,1.0,2.0,3.0,2.0,3.0,2.0,1.0,3.0,3.0,2.0,3.0,3.0,3.0,3.0,3.0,3.0,3.0,4.0,3.0,3.0,2.0,3.0,2.0,2.0,2.0,3.0,3.0,3.0,2.0,3.0,3.0,3.0,3.0,3.0,4.0,3.0,2.0,3.0,3.0,3.0,3.0,3.0,3.0,3.0,2.0,3.0,2.0,3.0,2.0,3.0,3.0,4.0,4.0,3.0,3.0,4.0,3.0,2.0,2.0,3.0,3.0,4.0,2.0,3.0,3.0,3.0,3.0,3.0,3.0,3.0,3.0,3.0,3.0,3.0,3.0,3.0,3.0,3.0,3.0,4.0,3.0,3.0,3.0,4.0,4.0,3.0,3.0,3.0,3.0,3.0,3.0,4.0,3.0,3.0,3.0,4.0,4.0,4.0,4.0,4.0,3.0,4.0,4.0,4.0,4.0
AWBL,2.0,3.0,3.0,3.0,1.0,2.0,2.0,2.0,2.0,2.0,1.0,2.0,2.0,1.0,2.0,2.0,3.0,3.0,1.0,2.0,1.0,2.0,3.0,3.0,3.0,2.0,2.0,2.0,3.0,3.0,3.0,2.0,2.0,3.0,3.0,3.0,3.0,2.0,3.0,1.0,2.0,2.0,2.0,1.0,2.0,2.0,3.0,2.0,2.0,2.0,2.0,2.0,3.0,2.0,2.0,1.0,2.0,2.0,2.0,2.0,2.0,2.0,2.0,2.0,2.0,1.0,2.0,2.0,3.0,2.0,2.0,3.0,1.0,2.0,0.0,2.0,1.0,2.0,3.0,2.0,3.0,3.0,4.0,4.0,2.0,3.0,3.0,3.0,3.0,3.0,3.0,3.0,2.0,3.0,2.0,3.0,3.0,3.0,3.0,3.0,3.0,3.0,3.0,3.0,3.0,3.0,3.0,3.0,3.0,3.0,2.0,3.0,3.0,3.0,3.0,1.0,2.0,inf,inf,inf,inf,inf,inf,inf,inf,3.0,3.0,3.0,3.0,4.0,3.0,3.0,4.0,3.0,2.0,3.0,3.0,3.0,3.0,inf,inf,inf,inf,inf,inf,inf,inf,inf,inf,inf,inf,3.0,2.0,3.0,3.0,2.0,3.0,4.0,4.0,3.0,3.0,3.0,4.0,4.0,4.0,4.0,4.0,inf,inf,2.0,3.0,3.0,3.0,2.0,3.0,3.0,3.0,3.0,2.0,2.0,2.0,2.0,3.0,3.0,3.0,3.0,3.0,1.0,2.0,2.0,3.0,3.0,2.0,3.0,2.0,3.0,1.0,2.0,2.0,2.0,2.0,2.0,3.0,2.0,3.0,2.0,2.0,2.0,2.0,2.0,2.0,2.0,2.0,2.0,3.0,3.0,2.0,2.0,3.0,2.0,2.0,3.0,2.0,2.0,2.0,3.0,2.0,3.0,3.0,3.0,2.0,2.0,2.0,3.0,2.0,2.0,2.0,2.0,3.0,3.0,1.0,2.0,1.0,3.0,2.0,2.0,2.0,2.0,3.0,3.0,3.0,3.0,3.0,3.0,2.0,3.0,2.0,4.0,4.0,3.0,3.0,2.0,3.0,3.0,3.0,3.0,3.0,3.0,3.0,2.0,2.0,3.0,2.0,2.0,3.0,3.0,4.0,3.0,3.0,3.0,3.0,3.0,3.0,3.0,3.0,2.0,3.0,2.0,3.0,3.0,3.0,3.0,3.0,3.0,3.0,3.0,3.0,3.0,3.0,3.0,3.0,3.0
AWBR,3.0,2.0,3.0,3.0,2.0,1.0,2.0,2.0,2.0,2.0,2.0,2.0,2.0,2.0,3.0,1.0,2.0,3.0,2.0,1.0,2.0,1.0,2.0,3.0,3.0,3.0,3.0,2.0,2.0,3.0,2.0,2.0,2.0,3.0,3.0,3.0,3.0,2.0,3.0,2.0,1.0,3.0,1.0,2.0,1.0,3.0,3.0,3.0,2.0,2.0,2.0,2.0,2.0,2.0,2.0,2.0,1.0,2.0,2.0,2.0,2.0,2.0,2.0,3.0,2.0,2.0,2.0,2.0,3.0,3.0,2.0,3.0,3.0,2.0,2.0,0.0,2.0,2.0,2.0,2.0,3.0,2.0,3.0,3.0,3.0,3.0,2.0,2.0,3.0,3.0,2.0,3.0,2.0,2.0,2.0,3.0,3.0,3.0,3.0,3.0,3.0,2.0,3.0,3.0,3.0,3.0,3.0,3.0,4.0,3.0,2.0,3.0,3.0,3.0,3.0,1.0,1.0,inf,inf,inf,inf,inf,inf,inf,inf,3.0,3.0,3.0,2.0,3.0,2.0,4.0,4.0,3.0,3.0,3.0,3.0,3.0,3.0,inf,inf,inf,inf,inf,inf,inf,inf,inf,inf,inf,inf,3.0,3.0,3.0,2.0,3.0,1.0,4.0,4.0,3.0,3.0,4.0,5.0,4.0,5.0,4.0,4.0,inf,inf,3.0,3.0,3.0,2.0,2.0,3.0,3.0,4.0,3.0,2.0,2.0,2.0,2.0,2.0,3.0,2.0,3.0,3.0,2.0,1.0,3.0,2.0,3.0,2.0,3.0,2.0,1.0,2.0,2.0,2.0,2.0,2.0,3.0,2.0,1.0,3.0,2.0,2.0,2.0,2.0,2.0,2.0,2.0,2.0,3.0,3.0,2.0,3.0,3.0,3.0,2.0,2.0,3.0,2.0,3.0,2.0,3.0,3.0,2.0,3.0,2.0,3.0,4.0,3.0,2.0,2.0,3.0,3.0,2.0,2.0,3.0,3.0,2.0,3.0,2.0,2.0,2.0,2.0,2.0,4.0,3.0,3.0,3.0,3.0,3.0,2.0,2.0,3.0,3.0,3.0,1.0,3.0,3.0,3.0,2.0,3.0,2.0,2.0,3.0,3.0,3.0,3.0,3.0,3.0,3.0,3.0,3.0,3.0,3.0,3.0,3.0,4.0,4.0,3.0,3.0,2.0,2.0,2.0,2.0,3.0,3.0,3.0,2.0,3.0,3.0,3.0,3.0,3.0,3.0,3.0,3.0,3.0,3.0
AWCL,2.0,2.0,3.0,3.0,2.0,2.0,2.0,2.0,1.0,2.0,1.0,1.0,1.0,1.0,2.0,3.0,3.0,2.0,1.0,2.0,1.0,2.0,3.0,3.0,3.0,2.0,2.0,2.0,3.0,2.0,3.0,2.0,2.0,3.0,2.0,2.0,3.0,2.0,2.0,2.0,1.0,2.0,1.0,2.0,2.0,1.0,2.0,2.0,4.0,2.0,2.0,2.0,3.0,1.0,2.0,2.0,2.0,2.0,2.0,2.0,2.0,3.0,3.0,3.0,3.0,3.0,3.0,3.0,3.0,2.0,3.0,4.0,2.0,2.0,2.0,3.0,0.0,1.0,3.0,2.0,3.0,3.0,4.0,4.0,2.0,3.0,3.0,2.0,2.0,2.0,2.0,2.0,2.0,2.0,2.0,2.0,2.0,3.0,3.0,3.0,3.0,2.0,3.0,2.0,3.0,3.0,3.0,3.0,3.0,3.0,2.0,4.0,3.0,2.0,3.0,3.0,2.0,inf,inf,inf,inf,inf,inf,inf,inf,3.0,3.0,3.0,3.0,3.0,3.0,3.0,4.0,2.0,3.0,3.0,3.0,2.0,2.0,inf,inf,inf,inf,inf,inf,inf,inf,inf,inf,inf,inf,3.0,3.0,3.0,3.0,3.0,3.0,5.0,3.0,3.0,3.0,4.0,4.0,3.0,4.0,4.0,3.0,inf,inf,2.0,3.0,3.0,2.0,2.0,3.0,3.0,3.0,2.0,3.0,3.0,3.0,2.0,3.0,2.0,3.0,3.0,3.0,1.0,2.0,2.0,2.0,3.0,2.0,3.0,2.0,2.0,2.0,2.0,2.0,2.0,2.0,3.0,3.0,2.0,3.0,2.0,2.0,2.0,2.0,2.0,2.0,2.0,2.0,3.0,4.0,3.0,3.0,2.0,2.0,2.0,3.0,3.0,3.0,2.0,2.0,2.0,2.0,3.0,2.0,3.0,3.0,3.0,2.0,2.0,3.0,2.0,2.0,2.0,2.0,2.0,2.0,2.0,2.0,3.0,2.0,2.0,1.0,2.0,3.0,4.0,3.0,3.0,3.0,3.0,2.0,3.0,2.0,3.0,4.0,3.0,2.0,2.0,2.0,2.0,2.0,2.0,2.0,2.0,2.0,2.0,2.0,2.0,2.0,2.0,3.0,3.0,3.0,3.0,3.0,3.0,3.0,3.0,3.0,4.0,3.0,3.0,3.0,3.0,4.0,3.0,3.0,3.0,3.0,3.0,3.0,3.0,3.0,3.0,3.0,3.0,3.0,3.0
AWCR,2.0,2.0,2.0,3.0,2.0,1.0,2.0,2.0,2.0,2.0,1.0,1.0,1.0,1.0,2.0,3.0,2.0,3.0,1.0,1.0,2.0,2.0,3.0,3.0,3.0,3.0,3.0,2.0,3.0,3.0,3.0,3.0,3.0,3.0,3.0,3.0,3.0,3.0,3.0,1.0,1.0,2.0,1.0,2.0,1.0,1.0,1.0,2.0,3.0,2.0,2.0,2.0,2.0,2.0,2.0,2.0,2.0,2.0,2.0,2.0,2.0,3.0,3.0,3.0,2.0,3.0,3.0,3.0,3.0,3.0,3.0,4.0,2.0,2.0,2.0,2.0,1.0,0.0,2.0,2.0,3.0,3.0,4.0,4.0,2.0,3.0,3.0,2.0,3.0,3.0,3.0,3.0,3.0,3.0,3.0,3.0,3.0,3.0,3.0,3.0,3.0,3.0,4.0,3.0,3.0,3.0,4.0,4.0,4.0,3.0,2.0,4.0,3.0,2.0,3.0,2.0,2.0,inf,inf,inf,inf,inf,inf,inf,inf,3.0,3.0,2.0,3.0,3.0,3.0,3.0,4.0,1.0,2.0,3.0,3.0,3.0,3.0,inf,inf,inf,inf,inf,inf,inf,inf,inf,inf,inf,inf,3.0,2.0,2.0,3.0,2.0,2.0,5.0,4.0,3.0,3.0,4.0,5.0,4.0,5.0,5.0,4.0,inf,inf,3.0,3.0,3.0,2.0,3.0,4.0,4.0,4.0,3.0,3.0,3.0,2.0,2.0,3.0,3.0,3.0,4.0,4.0,1.0,2.0,2.0,2.0,2.0,2.0,3.0,2.0,2.0,2.0,2.0,2.0,2.0,2.0,3.0,3.0,2.0,3.0,1.0,2.0,2.0,2.0,2.0,2.0,2.0,2.0,3.0,3.0,2.0,2.0,2.0,2.0,2.0,2.0,3.0,3.0,2.0,2.0,2.0,2.0,3.0,3.0,3.0,3.0,3.0,2.0,2.0,3.0,2.0,2.0,2.0,3.0,2.0,3.0,2.0,3.0,2.0,2.0,2.0,2.0,2.0,3.0,3.0,2.0,3.0,3.0,3.0,2.0,2.0,3.0,3.0,4.0,2.0,3.0,3.0,3.0,3.0,3.0,3.0,3.0,3.0,3.0,3.0,3.0,3.0,2.0,3.0,4.0,3.0,4.0,3.0,3.0,3.0,4.0,4.0,3.0,4.0,3.0,3.0,3.0,3.0,4.0,3.0,3.0,3.0,4.0,4.0,4.0,4.0,4.0,4.0,4.0,4.0,4.0,4.0
BAGL,3.0,2.0,3.0,3.0,2.0,1.0,2.0,2.0,3.0,2.0,3.0,2.0,1.0,2.0,3.0,2.0,1.0,2.0,2.0,2.0,2.0,1.0,3.0,2.0,2.0,2.0,2.0,2.0,2.0,2.0,2.0,2.0,2.0,2.0,2.0,2.0,2.0,3.0,2.0,2.0,2.0,3.0,2.0,2.0,2.0,2.0,3.0,3.0,3.0,3.0,3.0,3.0,1.0,2.0,1.0,2.0,2.0,2.0,2.0,1.0,1.0,3.0,3.0,3.0,2.0,3.0,3.0,3.0,2.0,2.0,3.0,3.0,3.0,2.0,3.0,2.0,3.0,2.0,0.0,1.0,3.0,3.0,4.0,4.0,2.0,2.0,2.0,1.0,2.0,2.0,2.0,2.0,2.0,2.0,2.0,2.0,2.0,2.0,2.0,2.0,2.0,2.0,3.0,3.0,2.0,2.0,2.0,3.0,3.0,3.0,2.0,4.0,2.0,2.0,3.0,3.0,3.0,inf,inf,inf,inf,inf,inf,inf,inf,3.0,3.0,3.0,2.0,3.0,2.0,3.0,4.0,3.0,3.0,3.0,2.0,2.0,2.0,inf,inf,inf,inf,inf,inf,inf,inf,inf,inf,inf,inf,2.0,2.0,3.0,2.0,2.0,2.0,5.0,3.0,2.0,2.0,4.0,5.0,3.0,4.0,5.0,4.0,inf,inf,3.0,3.0,3.0,2.0,2.0,3.0,3.0,3.0,3.0,3.0,2.0,2.0,3.0,3.0,3.0,2.0,3.0,3.0,2.0,1.0,2.0,1.0,2.0,2.0,1.0,2.0,2.0,1.0,1.0,2.0,2.0,2.0,3.0,1.0,2.0,2.0,2.0,1.0,2.0,2.0,2.0,2.0,2.0,2.0,2.0,2.0,2.0,2.0,2.0,2.0,2.0,2.0,2.0,2.0,2.0,2.0,2.0,2.0,2.0,2.0,2.0,3.0,3.0,2.0,2.0,2.0,2.0,3.0,3.0,3.0,2.0,3.0,2.0,2.0,2.0,2.0,2.0,2.0,2.0,3.0,3.0,3.0,1.0,3.0,2.0,2.0,1.0,3.0,3.0,3.0,2.0,2.0,2.0,2.0,2.0,2.0,2.0,2.0,2.0,2.0,2.0,2.0,3.0,3.0,3.0,3.0,3.0,3.0,3.0,3.0,3.0,3.0,3.0,3.0,4.0,4.0,3.0,4.0,4.0,4.0,3.0,2.0,2.0,3.0,2.0,3.0,3.0,3.0,3.0,3.0,3.0,3.0,2.0
BAGR,3.0,3.0,3.0,3.0,2.0,2.0,2.0,3.0,2.0,3.0,3.0,3.0,2.0,2.0,3.0,3.0,2.0,3.0,1.0,3.0,2.0,2.0,3.0,2.0,3.0,2.0,2.0,1.0,2.0,2.0,2.0,2.0,2.0,3.0,2.0,2.0,3.0,2.0,2.0,3.0,2.0,3.0,3.0,3.0,3.0,3.0,3.0,3.0,4.0,3.0,4.0,2.0,2.0,1.0,2.0,2.0,2.0,2.0,2.0,1.0,2.0,3.0,3.0,3.0,3.0,3.0,2.0,3.0,3.0,2.0,3.0,4.0,2.0,3.0,3.0,3.0,2.0,2.0,1.0,0.0,3.0,3.0,4.0,4.0,2.0,3.0,2.0,2.0,2.0,2.0,2.0,2.0,2.0,2.0,2.0,2.0,2.0,3.0,3.0,2.0,2.0,2.0,3.0,2.0,3.0,3.0,3.0,3.0,3.0,3.0,2.0,4.0,2.0,3.0,3.0,3.0,2.0,inf,inf,inf,inf,inf,inf,inf,inf,3.0,3.0,3.0,3.0,3.0,3.0,3.0,4.0,2.0,3.0,3.0,3.0,2.0,2.0,inf,inf,inf,inf,inf,inf,inf,inf,inf,inf,inf,inf,3.0,2.0,3.0,3.0,1.0,3.0,5.0,3.0,3.0,3.0,4.0,4.0,3.0,4.0,4.0,3.0,inf,inf,2.0,3.0,3.0,2.0,2.0,3.0,3.0,3.0,2.0,3.0,2.0,2.0,3.0,3.0,2.0,2.0,3.0,3.0,1.0,2.0,1.0,1.0,2.0,3.0,2.0,3.0,3.0,1.0,2.0,2.0,2.0,2.0,3.0,2.0,2.0,2.0,2.0,2.0,2.0,2.0,2.0,2.0,2.0,2.0,2.0,3.0,3.0,3.0,3.0,3.0,2.0,3.0,2.0,2.0,2.0,3.0,3.0,3.0,2.0,2.0,2.0,3.0,3.0,2.0,2.0,2.0,2.0,2.0,3.0,2.0,3.0,3.0,2.0,3.0,3.0,2.0,2.0,1.0,2.0,3.0,4.0,3.0,2.0,3.0,3.0,2.0,2.0,2.0,3.0,3.0,2.0,2.0,2.0,2.0,2.0,2.0,2.0,2.0,2.0,2.0,2.0,2.0,2.0,3.0,3.0,3.0,3.0,3.0,3.0,3.0,3.0,3.0,3.0,3.0,4.0,3.0,3.0,3.0,3.0,4.0,3.0,2.0,2.0,3.0,3.0,3.0,3.0,3.0,3.0,3.0,3.0,3.0,3.0
BDUL,1.0,3.0,1.0,2.0,3.0,2.0,2.0,2.0,3.0,3.0,2.0,3.0,2.0,2.0,2.0,2.0,3.0,4.0,3.0,3.0,2.0,2.0,3.0,1.0,3.0,3.0,3.0,3.0,3.0,3.0,3.0,3.0,3.0,3.0,3.0,3.0,3.0,3.0,3.0,3.0,3.0,3.0,3.0,2.0,2.0,3.0,3.0,3.0,2.0,2.0,2.0,3.0,3.0,2.0,2.0,2.0,2.0,2.0,2.0,2.0,2.0,2.0,2.0,2.0,1.0,2.0,2.0,1.0,3.0,3.0,2.0,2.0,3.0,2.0,2.0,2.0,3.0,3.0,3.0,3.0,0.0,2.0,4.0,4.0,2.0,3.0,2.0,3.0,3.0,3.0,3.0,3.0,3.0,3.0,3.0,3.0,3.0,3.0,3.0,2.0,3.0,3.0,4.0,3.0,2.0,2.0,3.0,3.0,3.0,3.0,3.0,3.0,3.0,2.0,2.0,1.0,2.0,inf,inf,inf,inf,inf,inf,inf,inf,2.0,3.0,2.0,3.0,3.0,3.0,3.0,4.0,2.0,3.0,3.0,3.0,2.0,3.0,inf,inf,inf,inf,inf,inf,inf,inf,inf,inf,inf,inf,2.0,2.0,3.0,3.0,3.0,3.0,4.0,4.0,3.0,3.0,3.0,4.0,3.0,4.0,4.0,3.0,inf,inf,3.0,3.0,2.0,2.0,2.0,2.0,2.0,3.0,1.0,1.0,2.0,2.0,2.0,2.0,2.0,2.0,2.0,2.0,2.0,3.0,3.0,3.0,2.0,2.0,2.0,1.0,2.0,2.0,2.0,2.0,2.0,2.0,2.0,3.0,2.0,3.0,2.0,2.0,3.0,2.0,2.0,2.0,2.0,2.0,3.0,2.0,2.0,3.0,3.0,2.0,1.0,2.0,2.0,2.0,1.0,2.0,3.0,3.0,2.0,2.0,3.0,2.0,3.0,2.0,2.0,2.0,3.0,3.0,2.0,2.0,2.0,3.0,2.0,2.0,2.0,2.0,2.0,3.0,2.0,1.0,3.0,2.0,3.0,2.0,3.0,2.0,3.0,3.0,4.0,3.0,3.0,3.0,3.0,3.0,3.0,2.0,3.0,3.0,3.0,3.0,3.0,2.0,2.0,2.0,3.0,3.0,3.0,3.0,3.0,3.0,3.0,4.0,3.0,3.0,3.0,2.0,3.0,3.0,2.0,3.0,2.0,3.0,2.0,2.0,3.0,2.0,2.0,4.0,4.0,3.0,3.0,2.0,2.0
BDUR,3.0,2.0,2.0,1.0,3.0,2.0,3.0,2.0,3.0,3.0,2.0,3.0,2.0,2.0,3.0,3.0,2.0,4.0,3.0,3.0,2.0,2.0,3.0,2.0,1.0,3.0,2.0,3.0,2.0,2.0,2.0,2.0,2.0,3.0,2.0,2.0,3.0,2.0,2.0,3.0,3.0,3.0,2.0,2.0,2.0,3.0,2.0,3.0,3.0,3.0,3.0,3.0,3.0,1.0,2.0,2.0,1.0,2.0,2.0,2.0,2.0,2.0,2.0,2.0,1.0,2.0,1.0,2.0,3.0,3.0,2.0,3.0,3.0,3.0,2.0,2.0,3.0,3.0,3.0,3.0,2.0,0.0,4.0,4.0,2.0,2.0,3.0,1.0,2.0,2.0,2.0,2.0,2.0,2.0,2.0,2.0,2.0,3.0,2.0,2.0,2.0,2.0,3.0,2.0,2.0,2.0,3.0,3.0,3.0,3.0,2.0,3.0,3.0,2.0,2.0,2.0,1.0,inf,inf,inf,inf,inf,inf,inf,inf,3.0,2.0,3.0,2.0,3.0,2.0,3.0,3.0,3.0,2.0,4.0,2.0,2.0,2.0,inf,inf,inf,inf,inf,inf,inf,inf,inf,inf,inf,inf,3.0,2.0,3.0,3.0,3.0,2.0,4.0,3.0,2.0,3.0,3.0,4.0,3.0,4.0,4.0,3.0,inf,inf,3.0,3.0,2.0,1.0,2.0,2.0,2.0,3.0,1.0,1.0,2.0,2.0,3.0,2.0,2.0,2.0,2.0,2.0,2.0,2.0,3.0,3.0,2.0,2.0,2.0,3.0,2.0,2.0,2.0,3.0,2.0,2.0,3.0,2.0,2.0,2.0,2.0,3.0,2.0,2.0,2.0,2.0,3.0,3.0,3.0,3.0,2.0,3.0,2.0,3.0,3.0,2.0,3.0,2.0,3.0,2.0,3.0,3.0,2.0,2.0,2.0,1.0,3.0,2.0,2.0,3.0,2.0,2.0,3.0,2.0,3.0,3.0,2.0,3.0,2.0,2.0,2.0,3.0,2.0,3.0,1.0,4.0,2.0,2.0,2.0,2.0,2.0,3.0,2.0,4.0,2.0,2.0,2.0,2.0,2.0,2.0,2.0,2.0,2.0,2.0,2.0,2.0,2.0,3.0,3.0,3.0,2.0,3.0,2.0,2.0,2.0,3.0,3.0,2.0,3.0,2.0,2.0,2.0,2.0,3.0,2.0,3.0,2.0,2.0,3.0,2.0,2.0,3.0,3.0,3.0,3.0,2.0,2.0
CANL,inf,inf,inf,inf,inf,inf,inf,inf,inf,inf,inf,inf,inf,inf,inf,inf,inf,inf,inf,inf,inf,inf,inf,inf,inf,inf,inf,inf,inf,inf,inf,inf,inf,inf,inf,inf,inf,inf,inf,inf,inf,inf,inf,inf,inf,inf,inf,inf,inf,inf,inf,inf,inf,inf,inf,inf,inf,inf,inf,inf,inf,inf,inf,inf,inf,inf,inf,inf,inf,inf,inf,inf,inf,inf,inf,inf,inf,inf,inf,inf,inf,inf,0.0,inf,inf,inf,inf,inf,inf,inf,inf,inf,inf,inf,inf,inf,inf,inf,inf,inf,inf,inf,inf,inf,inf,inf,inf,inf,inf,inf,inf,inf,inf,inf,inf,inf,inf,inf,inf,inf,inf,inf,inf,inf,inf,inf,inf,inf,inf,inf,inf,inf,inf,inf,inf,inf,inf,inf,inf,inf,inf,inf,inf,inf,inf,inf,inf,inf,inf,inf,inf,inf,inf,inf,inf,inf,inf,inf,inf,inf,inf,inf,inf,inf,inf,inf,inf,inf,inf,inf,inf,inf,inf,inf,inf,inf,inf,inf,inf,inf,inf,inf,inf,inf,inf,inf,inf,inf,inf,inf,inf,inf,inf,inf,inf,inf,inf,inf,inf,inf,inf,inf,inf,inf,inf,inf,inf,inf,inf,inf,inf,inf,inf,inf,inf,inf,inf,inf,inf,inf,inf,inf,inf,inf,inf,inf,inf,inf,inf,inf,inf,inf,inf,inf,inf,inf,inf,inf,inf,inf,inf,inf,inf,inf,inf,inf,inf,inf,inf,inf,inf,inf,inf,inf,inf,inf,inf,inf,inf,inf,inf,inf,inf,inf,inf,inf,inf,inf,inf,inf,inf,inf,inf,inf,inf,inf,inf,inf,inf,inf,inf,inf,inf,inf,inf,inf,inf,inf,inf,inf,inf,inf,inf,inf,inf,inf,inf,inf,inf,inf,inf,inf
CANR,inf,inf,inf,inf,inf,inf,inf,inf,inf,inf,inf,inf,inf,inf,inf,inf,inf,inf,inf,inf,inf,inf,inf,inf,inf,inf,inf,inf,inf,inf,inf,inf,inf,inf,inf,inf,inf,inf,inf,inf,inf,inf,inf,inf,inf,inf,inf,inf,inf,inf,inf,inf,inf,inf,inf,inf,inf,inf,inf,inf,inf,inf,inf,inf,inf,inf,inf,inf,inf,inf,inf,inf,inf,inf,inf,inf,inf,inf,inf,inf,inf,inf,inf,0.0,inf,inf,inf,inf,inf,inf,inf,inf,inf,inf,inf,inf,inf,inf,inf,inf,inf,inf,inf,inf,inf,inf,inf,inf,inf,inf,inf,inf,inf,inf,inf,inf,inf,inf,inf,inf,inf,inf,inf,inf,inf,inf,inf,inf,inf,inf,inf,inf,inf,inf,inf,inf,inf,inf,inf,inf,inf,inf,inf,inf,inf,inf,inf,inf,inf,inf,inf,inf,inf,inf,inf,inf,inf,inf,inf,inf,inf,inf,inf,inf,inf,inf,inf,inf,inf,inf,inf,inf,inf,inf,inf,inf,inf,inf,inf,inf,inf,inf,inf,inf,inf,inf,inf,inf,inf,inf,inf,inf,inf,inf,inf,inf,inf,inf,inf,inf,inf,inf,inf,inf,inf,inf,inf,inf,inf,inf,inf,inf,inf,inf,inf,inf,inf,inf,inf,inf,inf,inf,inf,inf,inf,inf,inf,inf,inf,inf,inf,inf,inf,inf,inf,inf,inf,inf,inf,inf,inf,inf,inf,inf,inf,inf,inf,inf,inf,inf,inf,inf,inf,inf,inf,inf,inf,inf,inf,inf,inf,inf,inf,inf,inf,inf,inf,inf,inf,inf,inf,inf,inf,inf,inf,inf,inf,inf,inf,inf,inf,inf,inf,inf,inf,inf,inf,inf,inf,inf,inf,inf,inf,inf,inf,inf,inf,inf,inf,inf,inf,inf
CEPDL,2.0,2.0,2.0,3.0,2.0,2.0,2.0,2.0,1.0,2.0,3.0,2.0,2.0,2.0,2.0,3.0,1.0,2.0,2.0,2.0,2.0,2.0,3.0,1.0,3.0,2.0,3.0,3.0,2.0,2.0,2.0,3.0,3.0,3.0,3.0,3.0,3.0,3.0,3.0,2.0,2.0,3.0,2.0,2.0,3.0,2.0,3.0,3.0,4.0,3.0,3.0,2.0,2.0,2.0,2.0,2.0,2.0,2.0,2.0,2.0,1.0,3.0,2.0,3.0,3.0,3.0,3.0,3.0,2.0,2.0,2.0,3.0,3.0,3.0,2.0,3.0,3.0,3.0,2.0,2.0,2.0,2.0,4.0,4.0,0.0,1.0,2.0,2.0,2.0,2.0,2.0,3.0,3.0,3.0,3.0,3.0,3.0,3.0,3.0,2.0,3.0,3.0,4.0,3.0,3.0,3.0,3.0,4.0,3.0,3.0,3.0,3.0,2.0,3.0,3.0,3.0,3.0,inf,inf,inf,inf,inf,inf,inf,inf,1.0,2.0,2.0,2.0,2.0,2.0,1.0,3.0,2.0,2.0,2.0,2.0,3.0,3.0,inf,inf,inf,inf,inf,inf,inf,inf,inf,inf,inf,inf,1.0,2.0,1.0,2.0,2.0,2.0,4.0,4.0,3.0,3.0,4.0,5.0,4.0,5.0,4.0,4.0,inf,inf,3.0,3.0,3.0,2.0,2.0,3.0,3.0,3.0,3.0,3.0,2.0,3.0,3.0,4.0,2.0,3.0,3.0,3.0,2.0,2.0,1.0,2.0,1.0,1.0,2.0,2.0,2.0,2.0,3.0,1.0,2.0,2.0,1.0,2.0,3.0,1.0,2.0,2.0,1.0,2.0,2.0,2.0,1.0,2.0,2.0,2.0,2.0,2.0,2.0,2.0,1.0,2.0,1.0,1.0,2.0,3.0,2.0,3.0,2.0,2.0,2.0,2.0,3.0,2.0,1.0,2.0,2.0,3.0,1.0,2.0,2.0,2.0,1.0,2.0,3.0,2.0,2.0,2.0,2.0,1.0,2.0,3.0,2.0,1.0,2.0,2.0,2.0,1.0,2.0,2.0,2.0,2.0,2.0,2.0,2.0,3.0,3.0,3.0,3.0,3.0,3.0,3.0,3.0,2.0,3.0,3.0,3.0,4.0,3.0,3.0,3.0,4.0,4.0,3.0,3.0,3.0,3.0,4.0,4.0,3.0,3.0,3.0,3.0,3.0,3.0,3.0,4.0,4.0,3.0,4.0,3.0,3.0,3.0
CEPDR,2.0,2.0,3.0,2.0,3.0,2.0,3.0,2.0,3.0,3.0,3.0,3.0,2.0,2.0,3.0,2.0,2.0,3.0,2.0,2.0,2.0,2.0,3.0,2.0,2.0,3.0,2.0,3.0,2.0,3.0,2.0,3.0,3.0,3.0,3.0,3.0,3.0,3.0,3.0,3.0,3.0,3.0,3.0,3.0,2.0,3.0,3.0,3.0,3.0,3.0,3.0,3.0,2.0,2.0,2.0,2.0,2.0,2.0,2.0,1.0,2.0,2.0,3.0,3.0,2.0,3.0,2.0,2.0,3.0,2.0,3.0,3.0,3.0,3.0,3.0,2.0,2.0,3.0,2.0,2.0,3.0,1.0,4.0,4.0,2.0,0.0,2.0,2.0,2.0,2.0,2.0,2.0,3.0,3.0,3.0,3.0,3.0,3.0,3.0,2.0,2.0,3.0,4.0,3.0,3.0,3.0,3.0,3.0,3.0,3.0,3.0,3.0,3.0,3.0,3.0,2.0,2.0,inf,inf,inf,inf,inf,inf,inf,inf,3.0,1.0,2.0,1.0,3.0,2.0,3.0,2.0,2.0,2.0,2.0,2.0,3.0,3.0,inf,inf,inf,inf,inf,inf,inf,inf,inf,inf,inf,inf,3.0,1.0,2.0,1.0,2.0,2.0,4.0,4.0,3.0,3.0,4.0,5.0,4.0,5.0,4.0,4.0,inf,inf,3.0,3.0,3.0,2.0,2.0,3.0,3.0,3.0,2.0,2.0,3.0,2.0,3.0,3.0,2.0,2.0,3.0,3.0,2.0,2.0,2.0,1.0,1.0,1.0,2.0,2.0,1.0,3.0,2.0,1.0,2.0,2.0,2.0,2.0,2.0,2.0,2.0,2.0,2.0,2.0,2.0,1.0,2.0,1.0,2.0,2.0,2.0,2.0,2.0,2.0,2.0,1.0,1.0,1.0,2.0,3.0,2.0,2.0,2.0,2.0,2.0,2.0,2.0,2.0,3.0,2.0,2.0,2.0,2.0,3.0,1.0,1.0,2.0,2.0,2.0,2.0,2.0,2.0,2.0,3.0,1.0,2.0,2.0,3.0,1.0,3.0,1.0,3.0,1.0,3.0,2.0,2.0,3.0,2.0,2.0,3.0,3.0,3.0,3.0,3.0,3.0,3.0,3.0,2.0,3.0,3.0,3.0,4.0,3.0,3.0,3.0,4.0,4.0,3.0,3.0,3.0,3.0,3.0,3.0,4.0,3.0,2.0,2.0,3.0,3.0,3.0,3.0,4.0,4.0,4.0,4.0,3.0,3.0
CEPVL,2.0,2.0,2.0,3.0,2.0,3.0,2.0,2.0,3.0,3.0,3.0,3.0,2.0,2.0,2.0,3.0,3.0,4.0,3.0,3.0,2.0,2.0,3.0,3.0,2.0,3.0,3.0,2.0,2.0,2.0,2.0,3.0,3.0,3.0,3.0,3.0,3.0,3.0,3.0,3.0,3.0,3.0,3.0,2.0,3.0,2.0,4.0,3.0,4.0,3.0,3.0,2.0,3.0,2.0,2.0,2.0,2.0,2.0,2.0,2.0,1.0,2.0,2.0,3.0,3.0,2.0,2.0,2.0,2.0,2.0,2.0,3.0,3.0,3.0,3.0,3.0,3.0,3.0,2.0,2.0,3.0,3.0,4.0,4.0,2.0,2.0,0.0,2.0,2.0,2.0,2.0,3.0,2.0,3.0,3.0,3.0,2.0,3.0,2.0,2.0,2.0,3.0,4.0,2.0,3.0,3.0,3.0,3.0,3.0,3.0,2.0,3.0,2.0,3.0,3.0,3.0,2.0,inf,inf,inf,inf,inf,inf,inf,inf,2.0,2.0,2.0,2.0,1.0,2.0,3.0,3.0,2.0,3.0,3.0,3.0,3.0,3.0,inf,inf,inf,inf,inf,inf,inf,inf,inf,inf,inf,inf,1.0,3.0,3.0,2.0,1.0,3.0,4.0,4.0,3.0,2.0,4.0,5.0,4.0,5.0,4.0,4.0,inf,inf,2.0,3.0,3.0,2.0,3.0,3.0,3.0,2.0,3.0,3.0,2.0,3.0,3.0,3.0,1.0,3.0,3.0,4.0,1.0,2.0,1.0,3.0,1.0,1.0,2.0,2.0,3.0,2.0,3.0,2.0,2.0,2.0,1.0,2.0,2.0,2.0,2.0,2.0,1.0,2.0,2.0,2.0,2.0,1.0,2.0,2.0,2.0,2.0,2.0,2.0,1.0,2.0,1.0,1.0,2.0,3.0,2.0,3.0,2.0,2.0,2.0,3.0,2.0,2.0,2.0,1.0,2.0,2.0,2.0,2.0,2.0,2.0,2.0,1.0,3.0,2.0,2.0,2.0,1.0,2.0,3.0,1.0,3.0,3.0,2.0,1.0,2.0,2.0,3.0,1.0,3.0,2.0,2.0,2.0,2.0,3.0,3.0,3.0,3.0,3.0,3.0,3.0,3.0,2.0,3.0,2.0,3.0,4.0,3.0,2.0,3.0,4.0,4.0,3.0,3.0,3.0,3.0,3.0,3.0,3.0,3.0,3.0,3.0,3.0,3.0,3.0,4.0,3.0,3.0,3.0,3.0,3.0,3.0
CEPVR,2.0,2.0,3.0,2.0,3.0,2.0,3.0,1.0,3.0,3.0,3.0,2.0,2.0,2.0,3.0,3.0,3.0,3.0,3.0,2.0,2.0,2.0,3.0,2.0,3.0,2.0,2.0,2.0,2.0,3.0,2.0,3.0,3.0,3.0,3.0,3.0,3.0,3.0,3.0,3.0,2.0,2.0,1.0,3.0,2.0,3.0,3.0,2.0,4.0,3.0,3.0,3.0,2.0,2.0,2.0,2.0,2.0,2.0,2.0,1.0,2.0,3.0,3.0,3.0,2.0,3.0,2.0,2.0,3.0,2.0,2.0,3.0,4.0,3.0,3.0,3.0,3.0,2.0,3.0,2.0,3.0,2.0,4.0,4.0,2.0,1.0,2.0,0.0,2.0,2.0,2.0,2.0,3.0,3.0,3.0,3.0,3.0,3.0,3.0,2.0,2.0,3.0,4.0,3.0,3.0,3.0,3.0,3.0,3.0,3.0,3.0,3.0,3.0,3.0,3.0,3.0,3.0,inf,inf,inf,inf,inf,inf,inf,inf,3.0,2.0,3.0,2.0,3.0,1.0,3.0,3.0,3.0,2.0,3.0,1.0,3.0,3.0,inf,inf,inf,inf,inf,inf,inf,inf,inf,inf,inf,inf,3.0,1.0,3.0,2.0,2.0,1.0,4.0,4.0,3.0,3.0,4.0,5.0,4.0,5.0,4.0,4.0,inf,inf,3.0,2.0,3.0,2.0,2.0,3.0,3.0,3.0,3.0,3.0,3.0,3.0,3.0,3.0,2.0,2.0,3.0,3.0,1.0,1.0,2.0,2.0,1.0,1.0,3.0,3.0,2.0,3.0,3.0,2.0,2.0,2.0,3.0,1.0,2.0,2.0,1.0,2.0,2.0,1.0,2.0,2.0,2.0,2.0,2.0,2.0,2.0,2.0,2.0,2.0,2.0,2.0,2.0,1.0,2.0,2.0,2.0,3.0,2.0,2.0,2.0,3.0,3.0,2.0,2.0,2.0,1.0,3.0,2.0,2.0,2.0,2.0,2.0,3.0,1.0,2.0,1.0,2.0,2.0,3.0,2.0,3.0,1.0,3.0,2.0,2.0,2.0,3.0,2.0,3.0,1.0,2.0,3.0,2.0,2.0,3.0,3.0,3.0,3.0,3.0,3.0,3.0,3.0,2.0,3.0,3.0,3.0,4.0,3.0,3.0,3.0,4.0,4.0,3.0,3.0,3.0,3.0,4.0,4.0,3.0,3.0,2.0,2.0,3.0,3.0,3.0,4.0,4.0,4.0,4.0,4.0,3.0,4.0
DA01,2.0,2.0,3.0,2.0,4.0,4.0,3.0,3.0,4.0,4.0,3.0,4.0,3.0,3.0,4.0,4.0,3.0,4.0,4.0,4.0,3.0,3.0,3.0,3.0,4.0,4.0,3.0,3.0,1.0,2.0,3.0,3.0,3.0,3.0,3.0,3.0,3.0,3.0,3.0,4.0,4.0,4.0,4.0,4.0,3.0,4.0,3.0,4.0,4.0,4.0,4.0,3.0,3.0,2.0,2.0,2.0,2.0,2.0,2.0,2.0,2.0,4.0,3.0,3.0,3.0,4.0,2.0,2.0,4.0,4.0,3.0,3.0,4.0,4.0,4.0,4.0,4.0,4.0,4.0,4.0,4.0,4.0,4.0,4.0,3.0,3.0,4.0,3.0,0.0,2.0,3.0,3.0,3.0,3.0,3.0,3.0,3.0,1.0,3.0,3.0,3.0,3.0,4.0,3.0,1.0,3.0,3.0,4.0,4.0,4.0,2.0,4.0,3.0,2.0,1.0,4.0,3.0,inf,inf,inf,inf,inf,inf,inf,inf,4.0,4.0,4.0,3.0,4.0,4.0,4.0,5.0,4.0,3.0,5.0,4.0,3.0,3.0,inf,inf,inf,inf,inf,inf,inf,inf,inf,inf,inf,inf,3.0,3.0,4.0,4.0,4.0,4.0,5.0,4.0,3.0,3.0,4.0,5.0,4.0,5.0,5.0,4.0,inf,inf,4.0,4.0,3.0,2.0,3.0,4.0,4.0,4.0,3.0,3.0,3.0,3.0,4.0,3.0,3.0,3.0,4.0,4.0,3.0,3.0,4.0,4.0,3.0,3.0,2.0,4.0,3.0,3.0,3.0,4.0,3.0,3.0,3.0,3.0,3.0,3.0,4.0,3.0,4.0,4.0,3.0,3.0,4.0,4.0,3.0,4.0,4.0,4.0,3.0,4.0,3.0,3.0,4.0,4.0,3.0,3.0,3.0,3.0,3.0,3.0,3.0,3.0,4.0,4.0,4.0,4.0,4.0,3.0,4.0,3.0,4.0,3.0,3.0,3.0,3.0,4.0,4.0,3.0,3.0,4.0,4.0,3.0,4.0,4.0,3.0,3.0,3.0,3.0,3.0,4.0,4.0,2.0,2.0,3.0,3.0,3.0,3.0,3.0,3.0,3.0,3.0,3.0,3.0,2.0,2.0,3.0,3.0,4.0,3.0,3.0,3.0,4.0,4.0,3.0,4.0,3.0,3.0,4.0,4.0,4.0,1.0,1.0,2.0,4.0,3.0,4.0,4.0,4.0,4.0,4.0,4.0,4.0,3.0
DA02,3.0,3.0,4.0,3.0,5.0,5.0,4.0,4.0,5.0,5.0,4.0,5.0,4.0,4.0,4.0,5.0,4.0,5.0,5.0,5.0,4.0,4.0,4.0,3.0,5.0,5.0,4.0,4.0,2.0,1.0,3.0,2.0,3.0,4.0,4.0,4.0,4.0,4.0,3.0,5.0,5.0,5.0,5.0,4.0,4.0,5.0,4.0,5.0,5.0,5.0,5.0,4.0,4.0,3.0,3.0,3.0,3.0,3.0,3.0,2.0,3.0,5.0,4.0,4.0,4.0,5.0,3.0,3.0,4.0,4.0,4.0,4.0,5.0,5.0,5.0,5.0,5.0,5.0,5.0,5.0,4.0,5.0,5.0,5.0,4.0,4.0,4.0,4.0,2.0,0.0,1.0,2.0,3.0,3.0,4.0,4.0,4.0,1.0,3.0,2.0,3.0,4.0,5.0,4.0,1.0,2.0,3.0,4.0,3.0,4.0,3.0,5.0,4.0,3.0,2.0,5.0,4.0,inf,inf,inf,inf,inf,inf,inf,inf,5.0,5.0,5.0,4.0,5.0,5.0,5.0,6.0,5.0,4.0,5.0,5.0,4.0,4.0,inf,inf,inf,inf,inf,inf,inf,inf,inf,inf,inf,inf,4.0,4.0,5.0,5.0,5.0,5.0,6.0,5.0,4.0,4.0,5.0,6.0,5.0,6.0,6.0,5.0,inf,inf,5.0,5.0,4.0,3.0,3.0,4.0,4.0,5.0,4.0,4.0,4.0,4.0,5.0,4.0,4.0,3.0,4.0,4.0,4.0,4.0,4.0,4.0,4.0,4.0,2.0,4.0,4.0,4.0,4.0,4.0,4.0,4.0,4.0,4.0,4.0,4.0,5.0,4.0,5.0,4.0,4.0,4.0,4.0,5.0,3.0,5.0,5.0,4.0,4.0,4.0,3.0,4.0,4.0,4.0,4.0,4.0,4.0,4.0,3.0,3.0,3.0,4.0,5.0,4.0,4.0,4.0,5.0,4.0,4.0,4.0,4.0,4.0,4.0,4.0,4.0,4.0,4.0,4.0,4.0,5.0,5.0,4.0,5.0,5.0,4.0,4.0,4.0,4.0,4.0,5.0,5.0,3.0,2.0,2.0,3.0,3.0,4.0,4.0,4.0,4.0,4.0,4.0,4.0,3.0,2.0,2.0,4.0,4.0,4.0,4.0,4.0,5.0,5.0,4.0,4.0,3.0,4.0,5.0,5.0,5.0,2.0,1.0,1.0,2.0,3.0,3.0,4.0,5.0,5.0,5.0,5.0,4.0,3.0
DA03,4.0,5.0,5.0,5.0,5.0,5.0,5.0,5.0,5.0,6.0,5.0,5.0,5.0,4.0,5.0,5.0,5.0,6.0,6.0,5.0,5.0,4.0,5.0,4.0,5.0,5.0,5.0,5.0,4.0,4.0,3.0,1.0,2.0,4.0,4.0,4.0,4.0,4.0,4.0,6.0,5.0,6.0,6.0,5.0,5.0,5.0,5.0,5.0,6.0,6.0,5.0,5.0,5.0,3.0,3.0,4.0,4.0,3.0,4.0,3.0,3.0,4.0,5.0,4.0,5.0,5.0,4.0,4.0,5.0,5.0,4.0,5.0,6.0,5.0,5.0,5.0,6.0,5.0,5.0,5.0,4.0,5.0,6.0,6.0,4.0,5.0,5.0,5.0,4.0,3.0,0.0,1.0,2.0,4.0,4.0,4.0,4.0,4.0,2.0,1.0,3.0,4.0,5.0,4.0,2.0,1.0,2.0,4.0,2.0,4.0,5.0,5.0,4.0,5.0,5.0,5.0,4.0,inf,inf,inf,inf,inf,inf,inf,inf,5.0,5.0,5.0,6.0,5.0,5.0,5.0,6.0,5.0,5.0,6.0,6.0,4.0,4.0,inf,inf,inf,inf,inf,inf,inf,inf,inf,inf,inf,inf,4.0,5.0,5.0,6.0,5.0,5.0,6.0,5.0,4.0,4.0,5.0,6.0,5.0,6.0,6.0,5.0,inf,inf,5.0,5.0,4.0,4.0,4.0,3.0,4.0,5.0,4.0,3.0,4.0,4.0,5.0,4.0,4.0,4.0,4.0,4.0,4.0,5.0,5.0,5.0,5.0,5.0,5.0,5.0,5.0,4.0,5.0,5.0,4.0,4.0,5.0,5.0,5.0,5.0,5.0,5.0,5.0,5.0,5.0,5.0,5.0,5.0,5.0,5.0,6.0,5.0,4.0,5.0,4.0,4.0,5.0,5.0,4.0,4.0,5.0,4.0,4.0,4.0,4.0,5.0,5.0,5.0,5.0,5.0,5.0,5.0,5.0,5.0,5.0,5.0,5.0,4.0,5.0,5.0,5.0,5.0,4.0,5.0,6.0,5.0,6.0,4.0,5.0,4.0,4.0,5.0,6.0,5.0,6.0,4.0,3.0,2.0,2.0,3.0,3.0,4.0,4.0,4.0,4.0,4.0,4.0,3.0,2.0,2.0,3.0,3.0,5.0,5.0,5.0,5.0,5.0,5.0,4.0,3.0,4.0,5.0,5.0,5.0,4.0,3.0,1.0,1.0,2.0,2.0,4.0,5.0,5.0,4.0,5.0,4.0,4.0
DA04,3.0,5.0,5.0,5.0,4.0,5.0,4.0,4.0,5.0,5.0,4.0,4.0,4.0,3.0,4.0,5.0,5.0,6.0,5.0,4.0,4.0,4.0,4.0,4.0,5.0,4.0,4.0,4.0,3.0,3.0,2.0,2.0,3.0,3.0,3.0,3.0,3.0,4.0,3.0,5.0,5.0,5.0,5.0,5.0,4.0,5.0,4.0,5.0,5.0,5.0,5.0,4.0,5.0,3.0,2.0,3.0,3.0,3.0,3.0,3.0,3.0,4.0,5.0,3.0,4.0,4.0,4.0,4.0,4.0,4.0,4.0,5.0,5.0,5.0,5.0,5.0,5.0,4.0,4.0,4.0,5.0,5.0,5.0,5.0,4.0,5.0,4.0,5.0,3.0,2.0,2.0,0.0,3.0,3.0,3.0,3.0,3.0,3.0,1.0,3.0,4.0,3.0,4.0,4.0,2.0,1.0,2.0,4.0,4.0,4.0,4.0,5.0,4.0,4.0,4.0,5.0,4.0,inf,inf,inf,inf,inf,inf,inf,inf,4.0,5.0,5.0,5.0,5.0,5.0,5.0,6.0,5.0,5.0,5.0,5.0,3.0,3.0,inf,inf,inf,inf,inf,inf,inf,inf,inf,inf,inf,inf,4.0,4.0,5.0,5.0,4.0,5.0,6.0,4.0,3.0,3.0,4.0,5.0,4.0,5.0,6.0,5.0,inf,inf,4.0,4.0,4.0,3.0,3.0,4.0,4.0,4.0,4.0,4.0,4.0,4.0,5.0,4.0,4.0,4.0,4.0,4.0,4.0,4.0,4.0,4.0,4.0,4.0,4.0,5.0,5.0,3.0,5.0,4.0,3.0,4.0,4.0,5.0,4.0,4.0,5.0,4.0,4.0,5.0,4.0,4.0,5.0,4.0,4.0,5.0,5.0,4.0,3.0,4.0,4.0,4.0,4.0,4.0,3.0,3.0,4.0,3.0,3.0,4.0,3.0,4.0,5.0,4.0,5.0,4.0,5.0,4.0,4.0,4.0,4.0,4.0,4.0,3.0,4.0,4.0,4.0,4.0,3.0,5.0,6.0,4.0,5.0,5.0,5.0,4.0,4.0,5.0,5.0,5.0,5.0,3.0,3.0,3.0,2.0,2.0,2.0,3.0,3.0,3.0,3.0,3.0,4.0,2.0,3.0,2.0,2.0,3.0,4.0,4.0,4.0,4.0,4.0,4.0,4.0,4.0,4.0,5.0,5.0,5.0,3.0,3.0,2.0,1.0,1.0,3.0,4.0,4.0,4.0,4.0,4.0,4.0,4.0
DA05,3.0,4.0,4.0,5.0,4.0,5.0,4.0,4.0,4.0,5.0,4.0,4.0,4.0,3.0,4.0,5.0,4.0,5.0,5.0,4.0,4.0,4.0,4.0,3.0,4.0,4.0,4.0,4.0,3.0,3.0,3.0,3.0,3.0,2.0,3.0,3.0,3.0,3.0,3.0,5.0,5.0,5.0,5.0,4.0,4.0,4.0,4.0,5.0,5.0,5.0,5.0,4.0,5.0,2.0,2.0,3.0,3.0,3.0,3.0,3.0,3.0,4.0,4.0,3.0,4.0,4.0,3.0,3.0,4.0,4.0,3.0,4.0,5.0,5.0,4.0,5.0,5.0,4.0,4.0,4.0,3.0,4.0,5.0,5.0,3.0,4.0,4.0,4.0,3.0,3.0,3.0,1.0,0.0,3.0,3.0,3.0,3.0,4.0,2.0,3.0,1.0,3.0,4.0,3.0,3.0,2.0,1.0,2.0,2.0,2.0,4.0,4.0,4.0,4.0,4.0,4.0,3.0,inf,inf,inf,inf,inf,inf,inf,inf,4.0,4.0,4.0,5.0,4.0,4.0,4.0,5.0,4.0,5.0,5.0,5.0,3.0,3.0,inf,inf,inf,inf,inf,inf,inf,inf,inf,inf,inf,inf,4.0,4.0,4.0,5.0,4.0,5.0,5.0,4.0,3.0,3.0,4.0,5.0,4.0,5.0,5.0,4.0,inf,inf,4.0,4.0,3.0,3.0,3.0,4.0,3.0,4.0,3.0,2.0,4.0,4.0,5.0,4.0,3.0,3.0,3.0,3.0,3.0,4.0,4.0,4.0,4.0,4.0,4.0,4.0,4.0,3.0,4.0,4.0,3.0,4.0,4.0,4.0,4.0,4.0,4.0,4.0,4.0,4.0,4.0,4.0,4.0,4.0,4.0,5.0,5.0,4.0,3.0,4.0,4.0,4.0,4.0,4.0,3.0,3.0,4.0,3.0,3.0,3.0,3.0,4.0,4.0,4.0,4.0,4.0,4.0,4.0,4.0,4.0,4.0,4.0,4.0,3.0,4.0,4.0,4.0,4.0,3.0,4.0,5.0,4.0,5.0,3.0,5.0,3.0,4.0,4.0,5.0,5.0,5.0,3.0,3.0,3.0,3.0,2.0,2.0,3.0,3.0,3.0,3.0,3.0,3.0,2.0,3.0,3.0,2.0,2.0,4.0,4.0,4.0,4.0,4.0,4.0,4.0,3.0,4.0,4.0,4.0,4.0,3.0,3.0,3.0,2.0,1.0,1.0,3.0,4.0,4.0,4.0,4.0,3.0,3.0
DA06,3.0,4.0,4.0,5.0,4.0,5.0,4.0,4.0,4.0,5.0,4.0,4.0,4.0,3.0,4.0,5.0,4.0,5.0,5.0,4.0,4.0,4.0,4.0,3.0,4.0,4.0,4.0,4.0,3.0,3.0,3.0,3.0,3.0,3.0,2.0,2.0,3.0,3.0,3.0,5.0,5.0,5.0,5.0,4.0,4.0,4.0,4.0,5.0,5.0,5.0,5.0,4.0,4.0,2.0,2.0,3.0,3.0,3.0,3.0,3.0,3.0,4.0,4.0,3.0,4.0,4.0,3.0,3.0,4.0,4.0,3.0,4.0,5.0,5.0,4.0,5.0,5.0,4.0,4.0,4.0,3.0,4.0,5.0,5.0,3.0,4.0,4.0,4.0,3.0,3.0,3.0,2.0,1.0,0.0,2.0,2.0,3.0,4.0,3.0,3.0,2.0,1.0,3.0,3.0,3.0,3.0,1.0,2.0,3.0,3.0,3.0,4.0,4.0,4.0,4.0,4.0,3.0,inf,inf,inf,inf,inf,inf,inf,inf,4.0,4.0,4.0,5.0,4.0,4.0,4.0,5.0,4.0,5.0,5.0,5.0,3.0,3.0,inf,inf,inf,inf,inf,inf,inf,inf,inf,inf,inf,inf,4.0,4.0,4.0,5.0,4.0,5.0,5.0,4.0,3.0,3.0,4.0,5.0,4.0,5.0,5.0,4.0,inf,inf,4.0,4.0,3.0,3.0,3.0,4.0,3.0,4.0,3.0,2.0,4.0,4.0,5.0,4.0,3.0,3.0,3.0,3.0,3.0,4.0,4.0,4.0,4.0,4.0,4.0,4.0,4.0,3.0,4.0,4.0,3.0,4.0,4.0,4.0,4.0,4.0,4.0,4.0,4.0,4.0,4.0,4.0,4.0,4.0,4.0,5.0,5.0,4.0,3.0,4.0,4.0,4.0,4.0,4.0,3.0,3.0,4.0,3.0,3.0,3.0,3.0,4.0,4.0,4.0,4.0,4.0,4.0,4.0,4.0,4.0,4.0,4.0,4.0,3.0,4.0,4.0,4.0,4.0,3.0,4.0,5.0,4.0,5.0,3.0,5.0,3.0,4.0,4.0,5.0,5.0,5.0,3.0,3.0,3.0,2.0,2.0,2.0,2.0,3.0,3.0,3.0,3.0,3.0,2.0,3.0,2.0,2.0,2.0,2.0,2.0,4.0,4.0,4.0,4.0,4.0,3.0,4.0,4.0,4.0,4.0,3.0,3.0,3.0,1.0,1.0,1.0,1.0,3.0,3.0,3.0,3.0,3.0,3.0
DA07,4.0,5.0,5.0,5.0,4.0,4.0,4.0,4.0,5.0,4.0,5.0,4.0,3.0,3.0,5.0,5.0,5.0,5.0,4.0,4.0,4.0,4.0,5.0,4.0,5.0,4.0,4.0,4.0,3.0,3.0,3.0,3.0,3.0,3.0,3.0,2.0,2.0,4.0,3.0,5.0,5.0,5.0,5.0,4.0,4.0,5.0,5.0,5.0,6.0,5.0,5.0,4.0,4.0,3.0,3.0,4.0,4.0,4.0,4.0,4.0,4.0,5.0,5.0,4.0,5.0,5.0,4.0,4.0,3.0,3.0,3.0,4.0,5.0,5.0,5.0,5.0,5.0,4.0,4.0,4.0,4.0,5.0,6.0,6.0,4.0,4.0,4.0,4.0,4.0,4.0,4.0,3.0,2.0,1.0,0.0,2.0,2.0,4.0,4.0,4.0,3.0,2.0,1.0,3.0,4.0,4.0,2.0,1.0,3.0,3.0,3.0,4.0,3.0,4.0,5.0,5.0,4.0,inf,inf,inf,inf,inf,inf,inf,inf,5.0,5.0,5.0,5.0,5.0,5.0,5.0,6.0,4.0,4.0,4.0,4.0,4.0,4.0,inf,inf,inf,inf,inf,inf,inf,inf,inf,inf,inf,inf,5.0,4.0,4.0,4.0,4.0,4.0,5.0,5.0,4.0,4.0,5.0,5.0,5.0,6.0,5.0,4.0,inf,inf,5.0,5.0,4.0,4.0,4.0,4.0,4.0,4.0,4.0,3.0,4.0,4.0,4.0,5.0,4.0,2.0,4.0,4.0,4.0,4.0,4.0,4.0,5.0,4.0,4.0,4.0,5.0,3.0,3.0,3.0,4.0,4.0,4.0,4.0,4.0,3.0,4.0,4.0,4.0,4.0,4.0,4.0,5.0,5.0,4.0,5.0,4.0,3.0,3.0,3.0,4.0,5.0,4.0,4.0,4.0,4.0,4.0,4.0,4.0,4.0,4.0,5.0,5.0,4.0,4.0,5.0,4.0,4.0,4.0,5.0,4.0,4.0,4.0,4.0,4.0,4.0,4.0,4.0,4.0,5.0,5.0,4.0,4.0,4.0,5.0,4.0,4.0,4.0,4.0,5.0,4.0,4.0,4.0,4.0,3.0,3.0,3.0,2.0,2.0,2.0,3.0,3.0,3.0,3.0,4.0,3.0,3.0,3.0,2.0,2.0,2.0,4.0,4.0,4.0,4.0,4.0,5.0,5.0,5.0,4.0,4.0,4.0,4.0,2.0,2.0,2.0,1.0,1.0,1.0,3.0,3.0,3.0,3.0
DA08,5.0,4.0,4.0,4.0,4.0,4.0,4.0,4.0,5.0,4.0,5.0,4.0,3.0,3.0,5.0,5.0,4.0,5.0,4.0,4.0,4.0,4.0,4.0,4.0,4.0,4.0,4.0,3.0,3.0,3.0,3.0,3.0,3.0,3.0,3.0,3.0,3.0,2.0,2.0,5.0,5.0,5.0,5.0,4.0,4.0,5.0,4.0,5.0,5.0,5.0,5.0,4.0,4.0,3.0,2.0,3.0,3.0,3.0,3.0,3.0,3.0,4.0,4.0,3.0,3.0,4.0,3.0,4.0,3.0,3.0,3.0,4.0,5.0,5.0,5.0,4.0,5.0,4.0,4.0,4.0,4.0,4.0,5.0,5.0,4.0,4.0,4.0,4.0,3.0,3.0,3.0,3.0,3.0,2.0,1.0,0.0,2.0,4.0,3.0,3.0,3.0,3.0,2.0,1.0,4.0,4.0,3.0,1.0,1.0,2.0,3.0,4.0,3.0,3.0,4.0,5.0,4.0,inf,inf,inf,inf,inf,inf,inf,inf,4.0,4.0,5.0,5.0,4.0,4.0,5.0,5.0,4.0,4.0,4.0,4.0,3.0,3.0,inf,inf,inf,inf,inf,inf,inf,inf,inf,inf,inf,inf,4.0,4.0,4.0,4.0,4.0,4.0,5.0,4.0,3.0,3.0,4.0,4.0,4.0,5.0,4.0,3.0,inf,inf,4.0,5.0,4.0,3.0,2.0,3.0,3.0,4.0,4.0,3.0,4.0,3.0,4.0,4.0,3.0,2.0,2.0,3.0,4.0,4.0,4.0,4.0,5.0,4.0,3.0,4.0,4.0,3.0,3.0,3.0,4.0,4.0,4.0,4.0,4.0,3.0,4.0,4.0,4.0,4.0,4.0,4.0,5.0,5.0,4.0,5.0,4.0,3.0,3.0,3.0,4.0,4.0,4.0,4.0,4.0,4.0,4.0,3.0,4.0,4.0,3.0,4.0,4.0,4.0,4.0,4.0,4.0,4.0,4.0,4.0,3.0,4.0,4.0,4.0,4.0,4.0,4.0,4.0,3.0,4.0,5.0,4.0,4.0,4.0,5.0,4.0,4.0,4.0,4.0,5.0,4.0,4.0,3.0,3.0,3.0,3.0,3.0,3.0,2.0,2.0,2.0,2.0,2.0,4.0,4.0,3.0,3.0,4.0,3.0,2.0,2.0,2.0,2.0,2.0,4.0,4.0,4.0,5.0,5.0,2.0,4.0,4.0,4.0,3.0,3.0,3.0,2.0,1.0,1.0,1.0,1.0,1.0,1.0
DA09,3.0,3.0,4.0,4.0,3.0,3.0,4.0,3.0,3.0,3.0,3.0,3.0,3.0,3.0,3.0,3.0,3.0,3.0,3.0,3.0,2.0,2.0,3.0,3.0,3.0,3.0,3.0,2.0,3.0,3.0,3.0,3.0,3.0,3.0,2.0,2.0,2.0,2.0,1.0,3.0,3.0,4.0,4.0,3.0,3.0,3.0,3.0,4.0,4.0,4.0,4.0,2.0,2.0,2.0,2.0,2.0,2.0,3.0,2.0,2.0,2.0,3.0,4.0,3.0,3.0,3.0,3.0,3.0,3.0,3.0,3.0,4.0,4.0,3.0,4.0,3.0,4.0,3.0,3.0,3.0,3.0,4.0,4.0,4.0,3.0,4.0,3.0,3.0,3.0,2.0,3.0,3.0,3.0,3.0,2.0,1.0,0.0,3.0,2.0,2.0,2.0,3.0,3.0,1.0,3.0,3.0,3.0,2.0,2.0,1.0,1.0,4.0,3.0,3.0,4.0,3.0,3.0,inf,inf,inf,inf,inf,inf,inf,inf,3.0,3.0,4.0,3.0,3.0,3.0,4.0,4.0,3.0,4.0,4.0,4.0,2.0,3.0,inf,inf,inf,inf,inf,inf,inf,inf,inf,inf,inf,inf,3.0,3.0,3.0,4.0,3.0,4.0,5.0,4.0,2.0,3.0,4.0,3.0,3.0,4.0,3.0,2.0,inf,inf,3.0,3.0,3.0,2.0,2.0,3.0,3.0,3.0,3.0,2.0,3.0,2.0,4.0,3.0,2.0,2.0,2.0,3.0,2.0,2.0,3.0,3.0,3.0,3.0,3.0,4.0,4.0,3.0,3.0,3.0,3.0,2.0,3.0,3.0,2.0,3.0,3.0,3.0,3.0,3.0,3.0,3.0,3.0,3.0,3.0,4.0,4.0,3.0,3.0,3.0,3.0,3.0,4.0,4.0,3.0,2.0,2.0,2.0,2.0,3.0,3.0,3.0,3.0,3.0,3.0,3.0,3.0,3.0,4.0,3.0,3.0,2.0,2.0,2.0,2.0,3.0,3.0,2.0,3.0,3.0,4.0,4.0,4.0,3.0,4.0,2.0,3.0,2.0,4.0,4.0,4.0,3.0,2.0,3.0,3.0,3.0,2.0,3.0,2.0,2.0,2.0,1.0,1.0,2.0,3.0,3.0,3.0,3.0,3.0,2.0,2.0,2.0,2.0,2.0,4.0,3.0,3.0,4.0,4.0,2.0,3.0,3.0,3.0,3.0,3.0,3.0,3.0,2.0,1.0,1.0,1.0,1.0,1.0
DB01,2.0,2.0,3.0,2.0,4.0,4.0,3.0,3.0,4.0,4.0,3.0,4.0,3.0,3.0,4.0,4.0,3.0,4.0,4.0,4.0,3.0,3.0,3.0,3.0,4.0,4.0,3.0,3.0,1.0,1.0,3.0,3.0,3.0,3.0,3.0,3.0,3.0,3.0,2.0,4.0,4.0,4.0,4.0,4.0,3.0,4.0,3.0,4.0,4.0,4.0,4.0,3.0,3.0,2.0,2.0,2.0,2.0,2.0,2.0,2.0,2.0,4.0,3.0,3.0,3.0,4.0,2.0,2.0,4.0,4.0,3.0,3.0,4.0,4.0,4.0,4.0,4.0,4.0,4.0,4.0,4.0,4.0,4.0,4.0,3.0,3.0,4.0,3.0,1.0,1.0,2.0,3.0,3.0,2.0,3.0,3.0,3.0,0.0,3.0,3.0,3.0,3.0,4.0,3.0,1.0,2.0,2.0,4.0,4.0,3.0,2.0,4.0,3.0,2.0,1.0,4.0,3.0,inf,inf,inf,inf,inf,inf,inf,inf,4.0,4.0,4.0,3.0,4.0,4.0,4.0,5.0,4.0,3.0,5.0,4.0,3.0,3.0,inf,inf,inf,inf,inf,inf,inf,inf,inf,inf,inf,inf,3.0,3.0,4.0,4.0,4.0,4.0,5.0,4.0,3.0,3.0,4.0,5.0,4.0,5.0,5.0,4.0,inf,inf,4.0,4.0,3.0,2.0,3.0,4.0,4.0,4.0,3.0,3.0,3.0,3.0,4.0,3.0,3.0,3.0,3.0,4.0,3.0,3.0,3.0,3.0,3.0,3.0,1.0,4.0,3.0,3.0,3.0,4.0,3.0,3.0,3.0,3.0,3.0,3.0,4.0,3.0,4.0,4.0,3.0,3.0,4.0,4.0,2.0,4.0,4.0,4.0,3.0,4.0,3.0,3.0,4.0,4.0,3.0,3.0,3.0,3.0,3.0,3.0,3.0,3.0,4.0,4.0,4.0,4.0,4.0,3.0,4.0,3.0,4.0,3.0,3.0,3.0,3.0,3.0,3.0,3.0,3.0,4.0,4.0,3.0,4.0,4.0,3.0,3.0,3.0,3.0,3.0,4.0,4.0,2.0,2.0,2.0,3.0,3.0,3.0,3.0,3.0,3.0,3.0,3.0,3.0,2.0,2.0,2.0,3.0,4.0,3.0,3.0,3.0,4.0,4.0,3.0,4.0,3.0,3.0,4.0,4.0,4.0,1.0,1.0,1.0,3.0,2.0,3.0,3.0,4.0,4.0,4.0,4.0,3.0,2.0
DB02,4.0,4.0,5.0,4.0,5.0,5.0,5.0,5.0,5.0,6.0,5.0,5.0,5.0,4.0,5.0,5.0,5.0,6.0,6.0,5.0,5.0,4.0,5.0,4.0,5.0,5.0,5.0,5.0,3.0,2.0,1.0,1.0,3.0,4.0,4.0,4.0,4.0,4.0,4.0,6.0,5.0,6.0,6.0,5.0,5.0,6.0,5.0,5.0,6.0,6.0,5.0,5.0,5.0,4.0,3.0,4.0,4.0,3.0,4.0,3.0,3.0,5.0,5.0,4.0,5.0,5.0,4.0,4.0,5.0,5.0,5.0,5.0,6.0,5.0,6.0,5.0,6.0,5.0,5.0,5.0,5.0,6.0,6.0,6.0,4.0,5.0,5.0,5.0,3.0,1.0,1.0,1.0,3.0,4.0,4.0,4.0,4.0,2.0,0.0,2.0,4.0,4.0,5.0,5.0,1.0,1.0,3.0,5.0,3.0,5.0,4.0,6.0,4.0,4.0,3.0,6.0,5.0,inf,inf,inf,inf,inf,inf,inf,inf,5.0,6.0,6.0,5.0,5.0,6.0,5.0,7.0,6.0,5.0,6.0,6.0,4.0,4.0,inf,inf,inf,inf,inf,inf,inf,inf,inf,inf,inf,inf,4.0,5.0,5.0,6.0,5.0,5.0,7.0,5.0,4.0,4.0,5.0,6.0,5.0,6.0,6.0,5.0,inf,inf,5.0,5.0,5.0,4.0,4.0,4.0,5.0,5.0,5.0,4.0,5.0,4.0,6.0,4.0,5.0,4.0,5.0,5.0,5.0,5.0,5.0,5.0,5.0,5.0,3.0,5.0,5.0,4.0,5.0,5.0,4.0,4.0,5.0,5.0,5.0,5.0,6.0,5.0,5.0,5.0,5.0,5.0,5.0,5.0,4.0,5.0,6.0,5.0,4.0,5.0,4.0,4.0,5.0,5.0,4.0,4.0,5.0,4.0,4.0,4.0,4.0,5.0,6.0,5.0,5.0,5.0,5.0,5.0,5.0,5.0,5.0,5.0,5.0,4.0,5.0,5.0,5.0,5.0,4.0,5.0,6.0,5.0,6.0,5.0,5.0,5.0,4.0,5.0,5.0,5.0,6.0,4.0,3.0,2.0,2.0,3.0,3.0,4.0,4.0,4.0,4.0,4.0,4.0,3.0,2.0,2.0,3.0,4.0,5.0,5.0,5.0,5.0,5.0,5.0,4.0,3.0,4.0,6.0,6.0,6.0,3.0,2.0,1.0,1.0,2.0,3.0,5.0,5.0,5.0,5.0,5.0,5.0,4.0
DB03,3.0,4.0,4.0,5.0,4.0,5.0,4.0,4.0,4.0,5.0,4.0,4.0,4.0,3.0,4.0,5.0,4.0,5.0,5.0,4.0,4.0,4.0,4.0,3.0,4.0,4.0,4.0,4.0,3.0,3.0,3.0,1.0,1.0,3.0,3.0,3.0,3.0,3.0,3.0,5.0,5.0,5.0,5.0,4.0,4.0,4.0,4.0,5.0,5.0,5.0,5.0,4.0,5.0,2.0,2.0,3.0,3.0,3.0,3.0,3.0,3.0,3.0,4.0,3.0,4.0,4.0,3.0,3.0,4.0,4.0,3.0,4.0,5.0,5.0,4.0,5.0,5.0,4.0,4.0,4.0,3.0,4.0,5.0,5.0,3.0,4.0,4.0,4.0,3.0,3.0,2.0,1.0,1.0,3.0,3.0,3.0,3.0,4.0,2.0,0.0,2.0,3.0,4.0,3.0,2.0,1.0,1.0,3.0,1.0,3.0,4.0,4.0,4.0,4.0,4.0,4.0,3.0,inf,inf,inf,inf,inf,inf,inf,inf,4.0,4.0,4.0,5.0,4.0,4.0,4.0,5.0,4.0,5.0,5.0,5.0,3.0,3.0,inf,inf,inf,inf,inf,inf,inf,inf,inf,inf,inf,inf,4.0,4.0,4.0,5.0,4.0,5.0,5.0,4.0,3.0,3.0,4.0,5.0,4.0,5.0,5.0,4.0,inf,inf,4.0,4.0,3.0,3.0,3.0,2.0,3.0,4.0,3.0,2.0,3.0,4.0,4.0,4.0,3.0,3.0,3.0,3.0,3.0,4.0,4.0,4.0,4.0,4.0,4.0,4.0,4.0,3.0,4.0,4.0,3.0,4.0,4.0,4.0,4.0,4.0,4.0,4.0,4.0,4.0,4.0,4.0,4.0,4.0,4.0,5.0,5.0,4.0,3.0,4.0,4.0,4.0,4.0,4.0,3.0,3.0,4.0,3.0,3.0,3.0,3.0,4.0,4.0,4.0,4.0,4.0,4.0,4.0,4.0,4.0,4.0,4.0,4.0,3.0,4.0,4.0,4.0,4.0,3.0,4.0,5.0,4.0,5.0,3.0,5.0,3.0,4.0,4.0,5.0,5.0,5.0,3.0,3.0,3.0,2.0,2.0,2.0,3.0,3.0,3.0,3.0,3.0,3.0,2.0,3.0,2.0,2.0,2.0,4.0,4.0,4.0,4.0,4.0,4.0,4.0,3.0,4.0,4.0,4.0,4.0,3.0,3.0,2.0,1.0,1.0,1.0,3.0,4.0,4.0,3.0,4.0,3.0,3.0
DB04,4.0,4.0,4.0,5.0,4.0,5.0,5.0,4.0,4.0,5.0,4.0,5.0,4.0,4.0,4.0,5.0,4.0,5.0,5.0,5.0,4.0,4.0,4.0,3.0,4.0,5.0,5.0,4.0,3.0,3.0,4.0,3.0,3.0,1.0,3.0,3.0,4.0,3.0,3.0,5.0,5.0,5.0,5.0,4.0,4.0,4.0,5.0,5.0,5.0,5.0,5.0,4.0,5.0,2.0,3.0,3.0,3.0,3.0,3.0,3.0,3.0,4.0,4.0,4.0,4.0,4.0,3.0,3.0,4.0,4.0,3.0,4.0,5.0,5.0,4.0,5.0,5.0,5.0,5.0,4.0,3.0,4.0,5.0,5.0,3.0,4.0,4.0,4.0,3.0,3.0,3.0,2.0,1.0,3.0,3.0,3.0,3.0,4.0,3.0,3.0,0.0,3.0,4.0,2.0,4.0,3.0,1.0,1.0,1.0,1.0,4.0,4.0,4.0,4.0,4.0,4.0,3.0,inf,inf,inf,inf,inf,inf,inf,inf,4.0,4.0,4.0,5.0,4.0,4.0,4.0,5.0,4.0,5.0,5.0,5.0,3.0,3.0,inf,inf,inf,inf,inf,inf,inf,inf,inf,inf,inf,inf,4.0,5.0,4.0,5.0,4.0,5.0,5.0,4.0,4.0,4.0,5.0,5.0,4.0,5.0,5.0,4.0,inf,inf,5.0,5.0,3.0,3.0,3.0,4.0,3.0,4.0,3.0,2.0,5.0,4.0,5.0,4.0,3.0,3.0,3.0,3.0,3.0,4.0,4.0,5.0,4.0,4.0,4.0,4.0,4.0,4.0,4.0,4.0,4.0,4.0,4.0,4.0,4.0,4.0,4.0,4.0,4.0,4.0,4.0,4.0,4.0,4.0,5.0,5.0,5.0,4.0,4.0,4.0,4.0,4.0,4.0,4.0,4.0,4.0,5.0,4.0,4.0,3.0,4.0,4.0,4.0,4.0,4.0,4.0,4.0,4.0,4.0,4.0,4.0,5.0,4.0,4.0,4.0,4.0,4.0,4.0,4.0,4.0,5.0,5.0,5.0,3.0,5.0,3.0,4.0,4.0,5.0,5.0,5.0,3.0,3.0,3.0,3.0,3.0,2.0,3.0,3.0,3.0,3.0,3.0,3.0,3.0,4.0,4.0,3.0,2.0,4.0,4.0,4.0,4.0,4.0,4.0,4.0,3.0,4.0,4.0,4.0,4.0,4.0,4.0,3.0,3.0,2.0,1.0,3.0,3.0,3.0,3.0,3.0,3.0,2.0
DB05,3.0,4.0,4.0,5.0,4.0,5.0,4.0,4.0,4.0,5.0,4.0,4.0,4.0,3.0,4.0,5.0,4.0,5.0,5.0,4.0,4.0,4.0,4.0,3.0,4.0,4.0,4.0,4.0,3.0,3.0,3.0,3.0,3.0,3.0,1.0,1.0,3.0,3.0,3.0,5.0,5.0,5.0,5.0,4.0,4.0,4.0,4.0,5.0,5.0,5.0,5.0,4.0,4.0,2.0,2.0,3.0,3.0,3.0,3.0,3.0,3.0,4.0,4.0,3.0,4.0,4.0,3.0,3.0,4.0,4.0,3.0,4.0,5.0,5.0,4.0,5.0,5.0,4.0,4.0,4.0,3.0,4.0,5.0,5.0,3.0,4.0,4.0,4.0,3.0,3.0,3.0,3.0,2.0,1.0,1.0,1.0,3.0,4.0,3.0,3.0,3.0,0.0,2.0,2.0,3.0,3.0,2.0,2.0,2.0,3.0,3.0,4.0,4.0,4.0,4.0,4.0,3.0,inf,inf,inf,inf,inf,inf,inf,inf,4.0,4.0,4.0,5.0,4.0,4.0,4.0,5.0,4.0,5.0,5.0,5.0,3.0,3.0,inf,inf,inf,inf,inf,inf,inf,inf,inf,inf,inf,inf,4.0,4.0,4.0,5.0,4.0,5.0,5.0,4.0,3.0,3.0,4.0,5.0,4.0,5.0,5.0,4.0,inf,inf,4.0,4.0,3.0,3.0,3.0,4.0,3.0,4.0,3.0,2.0,4.0,4.0,5.0,4.0,3.0,3.0,3.0,3.0,3.0,4.0,4.0,4.0,4.0,4.0,4.0,4.0,4.0,3.0,4.0,4.0,3.0,4.0,4.0,4.0,4.0,4.0,4.0,4.0,4.0,4.0,4.0,4.0,4.0,4.0,4.0,5.0,5.0,4.0,3.0,4.0,4.0,4.0,4.0,4.0,3.0,3.0,4.0,3.0,3.0,3.0,3.0,4.0,4.0,4.0,4.0,4.0,4.0,4.0,4.0,4.0,4.0,4.0,4.0,3.0,4.0,4.0,4.0,4.0,3.0,4.0,5.0,4.0,5.0,3.0,5.0,3.0,4.0,4.0,5.0,5.0,5.0,3.0,3.0,3.0,2.0,2.0,2.0,2.0,3.0,3.0,3.0,3.0,3.0,2.0,3.0,2.0,2.0,2.0,2.0,2.0,3.0,3.0,3.0,3.0,4.0,3.0,4.0,4.0,4.0,3.0,3.0,3.0,3.0,1.0,1.0,1.0,1.0,2.0,2.0,2.0,2.0,2.0,2.0
DB06,4.0,4.0,5.0,5.0,4.0,4.0,4.0,4.0,4.0,4.0,4.0,4.0,3.0,3.0,4.0,4.0,4.0,4.0,4.0,4.0,3.0,3.0,4.0,4.0,4.0,4.0,4.0,3.0,3.0,3.0,3.0,3.0,3.0,3.0,3.0,1.0,1.0,3.0,2.0,4.0,4.0,5.0,5.0,4.0,4.0,4.0,4.0,5.0,5.0,5.0,5.0,3.0,3.0,3.0,3.0,3.0,3.0,4.0,3.0,3.0,3.0,4.0,5.0,4.0,4.0,4.0,4.0,4.0,3.0,3.0,3.0,4.0,5.0,4.0,5.0,4.0,5.0,4.0,4.0,4.0,4.0,5.0,5.0,5.0,4.0,4.0,4.0,4.0,4.0,3.0,4.0,4.0,4.0,3.0,2.0,1.0,1.0,4.0,3.0,3.0,3.0,4.0,0.0,2.0,4.0,4.0,3.0,2.0,2.0,2.0,2.0,4.0,3.0,4.0,5.0,4.0,4.0,inf,inf,inf,inf,inf,inf,inf,inf,4.0,4.0,5.0,4.0,4.0,4.0,5.0,5.0,4.0,4.0,4.0,4.0,3.0,4.0,inf,inf,inf,inf,inf,inf,inf,inf,inf,inf,inf,inf,4.0,4.0,4.0,4.0,4.0,4.0,5.0,5.0,3.0,4.0,5.0,4.0,4.0,5.0,4.0,3.0,inf,inf,4.0,4.0,4.0,3.0,3.0,4.0,4.0,4.0,4.0,3.0,4.0,3.0,4.0,4.0,3.0,2.0,3.0,4.0,3.0,3.0,4.0,4.0,4.0,4.0,4.0,4.0,5.0,3.0,3.0,3.0,4.0,3.0,4.0,4.0,3.0,3.0,4.0,4.0,4.0,4.0,4.0,4.0,4.0,4.0,4.0,5.0,4.0,3.0,3.0,3.0,4.0,4.0,4.0,4.0,4.0,3.0,3.0,3.0,3.0,4.0,4.0,4.0,4.0,4.0,4.0,4.0,4.0,4.0,4.0,4.0,4.0,3.0,3.0,3.0,3.0,4.0,4.0,3.0,4.0,4.0,5.0,4.0,4.0,4.0,5.0,3.0,4.0,3.0,4.0,5.0,4.0,4.0,3.0,4.0,4.0,4.0,3.0,2.0,2.0,2.0,3.0,2.0,2.0,3.0,4.0,4.0,4.0,4.0,2.0,2.0,2.0,3.0,3.0,3.0,4.0,4.0,4.0,5.0,5.0,3.0,4.0,4.0,4.0,4.0,4.0,3.0,1.0,1.0,1.0,2.0,2.0,2.0,2.0
DB07,4.0,4.0,4.0,4.0,4.0,4.0,4.0,4.0,4.0,4.0,4.0,4.0,3.0,3.0,4.0,4.0,4.0,4.0,4.0,4.0,3.0,3.0,4.0,4.0,4.0,4.0,4.0,3.0,3.0,3.0,3.0,3.0,3.0,3.0,3.0,3.0,3.0,1.0,1.0,4.0,4.0,5.0,5.0,4.0,4.0,4.0,4.0,5.0,5.0,5.0,5.0,3.0,3.0,3.0,2.0,3.0,3.0,3.0,3.0,3.0,3.0,4.0,4.0,3.0,3.0,4.0,3.0,4.0,3.0,3.0,3.0,4.0,5.0,4.0,5.0,4.0,5.0,4.0,4.0,4.0,4.0,4.0,5.0,5.0,4.0,4.0,4.0,4.0,3.0,3.0,3.0,3.0,3.0,3.0,3.0,2.0,1.0,4.0,3.0,3.0,3.0,3.0,4.0,0.0,4.0,4.0,4.0,2.0,3.0,1.0,2.0,4.0,3.0,3.0,4.0,4.0,4.0,inf,inf,inf,inf,inf,inf,inf,inf,4.0,4.0,5.0,4.0,4.0,4.0,5.0,5.0,4.0,4.0,4.0,4.0,3.0,3.0,inf,inf,inf,inf,inf,inf,inf,inf,inf,inf,inf,inf,4.0,4.0,4.0,4.0,4.0,4.0,5.0,4.0,3.0,3.0,4.0,4.0,4.0,5.0,4.0,3.0,inf,inf,4.0,4.0,4.0,3.0,2.0,3.0,3.0,4.0,4.0,3.0,4.0,3.0,4.0,4.0,3.0,2.0,2.0,3.0,3.0,3.0,4.0,4.0,4.0,4.0,3.0,4.0,4.0,3.0,3.0,3.0,4.0,3.0,4.0,4.0,3.0,3.0,4.0,4.0,4.0,4.0,4.0,4.0,4.0,4.0,4.0,5.0,4.0,3.0,3.0,3.0,4.0,4.0,4.0,4.0,4.0,3.0,3.0,3.0,3.0,4.0,3.0,4.0,4.0,4.0,4.0,4.0,4.0,4.0,4.0,4.0,3.0,3.0,3.0,3.0,3.0,4.0,4.0,3.0,3.0,4.0,5.0,4.0,4.0,4.0,5.0,3.0,4.0,3.0,4.0,5.0,4.0,4.0,3.0,3.0,3.0,3.0,3.0,3.0,2.0,2.0,2.0,2.0,2.0,3.0,4.0,3.0,3.0,4.0,3.0,2.0,2.0,2.0,2.0,2.0,4.0,4.0,4.0,5.0,5.0,2.0,4.0,4.0,4.0,4.0,4.0,4.0,3.0,1.0,1.0,1.0,1.0,1.0,1.0
DD01,4.0,4.0,5.0,4.0,5.0,5.0,4.0,4.0,5.0,5.0,5.0,5.0,4.0,4.0,4.0,5.0,5.0,6.0,5.0,5.0,5.0,5.0,5.0,3.0,5.0,5.0,5.0,4.0,2.0,2.0,3.0,3.0,4.0,4.0,4.0,4.0,4.0,4.0,4.0,5.0,5.0,5.0,6.0,4.0,4.0,5.0,5.0,5.0,6.0,5.0,5.0,5.0,5.0,3.0,3.0,4.0,4.0,3.0,4.0,2.0,4.0,5.0,4.0,4.0,4.0,5.0,4.0,4.0,4.0,4.0,4.0,5.0,5.0,5.0,5.0,5.0,5.0,5.0,5.0,5.0,4.0,5.0,6.0,6.0,4.0,5.0,4.0,5.0,3.0,1.0,2.0,3.0,4.0,4.0,4.0,4.0,4.0,2.0,4.0,3.0,3.0,4.0,5.0,4.0,0.0,3.0,4.0,4.0,4.0,4.0,4.0,5.0,4.0,4.0,3.0,5.0,5.0,inf,inf,inf,inf,inf,inf,inf,inf,5.0,5.0,5.0,5.0,5.0,5.0,5.0,6.0,5.0,5.0,5.0,5.0,4.0,4.0,inf,inf,inf,inf,inf,inf,inf,inf,inf,inf,inf,inf,5.0,5.0,5.0,5.0,5.0,5.0,6.0,5.0,4.0,4.0,5.0,6.0,5.0,6.0,6.0,5.0,inf,inf,5.0,5.0,5.0,3.0,3.0,4.0,4.0,5.0,4.0,5.0,4.0,4.0,5.0,4.0,4.0,3.0,5.0,4.0,4.0,5.0,5.0,5.0,4.0,4.0,3.0,4.0,5.0,4.0,4.0,4.0,4.0,5.0,5.0,5.0,5.0,4.0,5.0,5.0,5.0,4.0,4.0,4.0,4.0,5.0,4.0,6.0,5.0,4.0,4.0,4.0,3.0,5.0,4.0,4.0,4.0,4.0,5.0,4.0,3.0,3.0,3.0,4.0,5.0,4.0,4.0,4.0,5.0,4.0,4.0,4.0,4.0,5.0,4.0,4.0,4.0,4.0,4.0,5.0,4.0,5.0,6.0,5.0,5.0,5.0,5.0,4.0,5.0,5.0,5.0,5.0,5.0,3.0,2.0,3.0,3.0,4.0,4.0,4.0,4.0,4.0,4.0,4.0,4.0,3.0,2.0,3.0,4.0,5.0,4.0,4.0,4.0,5.0,5.0,4.0,4.0,3.0,4.0,6.0,6.0,5.0,3.0,1.0,2.0,3.0,4.0,4.0,5.0,5.0,5.0,5.0,5.0,5.0,4.0
DD02,5.0,5.0,5.0,5.0,5.0,5.0,5.0,5.0,5.0,6.0,5.0,5.0,5.0,5.0,5.0,5.0,5.0,6.0,6.0,6.0,5.0,4.0,5.0,4.0,5.0,5.0,5.0,5.0,4.0,4.0,4.0,2.0,3.0,4.0,4.0,4.0,4.0,4.0,4.0,6.0,5.0,6.0,6.0,5.0,5.0,6.0,5.0,5.0,6.0,6.0,5.0,6.0,5.0,4.0,3.0,4.0,4.0,3.0,4.0,3.0,3.0,5.0,5.0,4.0,5.0,6.0,4.0,5.0,5.0,5.0,5.0,6.0,6.0,5.0,6.0,5.0,6.0,5.0,6.0,5.0,5.0,6.0,6.0,6.0,4.0,5.0,5.0,6.0,4.0,3.0,1.0,2.0,3.0,4.0,4.0,4.0,4.0,4.0,3.0,2.0,4.0,4.0,5.0,5.0,2.0,0.0,3.0,5.0,3.0,5.0,5.0,6.0,4.0,5.0,5.0,6.0,5.0,inf,inf,inf,inf,inf,inf,inf,inf,5.0,6.0,6.0,6.0,5.0,6.0,5.0,7.0,6.0,5.0,6.0,6.0,4.0,4.0,inf,inf,inf,inf,inf,inf,inf,inf,inf,inf,inf,inf,4.0,5.0,5.0,6.0,5.0,5.0,7.0,5.0,4.0,4.0,5.0,6.0,5.0,6.0,6.0,5.0,inf,inf,5.0,6.0,5.0,4.0,4.0,4.0,5.0,5.0,5.0,4.0,5.0,4.0,6.0,4.0,5.0,4.0,5.0,5.0,5.0,5.0,5.0,5.0,5.0,5.0,5.0,5.0,5.0,4.0,5.0,5.0,5.0,4.0,5.0,5.0,5.0,5.0,6.0,5.0,5.0,5.0,5.0,5.0,5.0,5.0,5.0,5.0,6.0,5.0,5.0,5.0,4.0,4.0,5.0,5.0,5.0,5.0,5.0,4.0,4.0,4.0,4.0,5.0,6.0,5.0,5.0,5.0,5.0,5.0,5.0,5.0,5.0,5.0,5.0,5.0,5.0,5.0,5.0,5.0,4.0,5.0,6.0,5.0,6.0,5.0,5.0,5.0,4.0,5.0,6.0,5.0,6.0,4.0,3.0,2.0,2.0,3.0,4.0,4.0,4.0,4.0,4.0,4.0,4.0,4.0,2.0,2.0,3.0,4.0,5.0,5.0,5.0,5.0,5.0,5.0,4.0,3.0,4.0,6.0,6.0,6.0,4.0,3.0,1.0,1.0,3.0,3.0,5.0,5.0,5.0,5.0,5.0,5.0,5.0
DD03,4.0,5.0,5.0,6.0,5.0,6.0,5.0,5.0,5.0,6.0,5.0,5.0,5.0,4.0,5.0,6.0,5.0,6.0,6.0,5.0,5.0,5.0,5.0,4.0,5.0,5.0,5.0,5.0,4.0,4.0,4.0,4.0,4.0,3.0,4.0,4.0,4.0,4.0,4.0,6.0,6.0,6.0,6.0,5.0,5.0,5.0,5.0,6.0,6.0,6.0,6.0,5.0,6.0,3.0,3.0,4.0,4.0,4.0,4.0,4.0,4.0,5.0,5.0,4.0,5.0,5.0,4.0,4.0,5.0,5.0,4.0,5.0,6.0,6.0,5.0,6.0,6.0,5.0,5.0,5.0,4.0,5.0,6.0,6.0,4.0,5.0,5.0,5.0,4.0,4.0,4.0,2.0,1.0,4.0,4.0,4.0,4.0,5.0,3.0,4.0,2.0,4.0,5.0,4.0,4.0,3.0,0.0,3.0,3.0,3.0,5.0,5.0,5.0,5.0,5.0,5.0,4.0,inf,inf,inf,inf,inf,inf,inf,inf,5.0,5.0,5.0,6.0,5.0,5.0,5.0,6.0,5.0,6.0,6.0,6.0,4.0,4.0,inf,inf,inf,inf,inf,inf,inf,inf,inf,inf,inf,inf,5.0,5.0,5.0,6.0,5.0,6.0,6.0,5.0,4.0,4.0,5.0,6.0,5.0,6.0,6.0,5.0,inf,inf,5.0,5.0,4.0,4.0,4.0,5.0,4.0,5.0,4.0,3.0,5.0,5.0,6.0,5.0,4.0,4.0,4.0,4.0,4.0,5.0,5.0,5.0,5.0,5.0,5.0,5.0,5.0,4.0,5.0,5.0,4.0,5.0,5.0,5.0,5.0,5.0,5.0,5.0,5.0,5.0,5.0,5.0,5.0,5.0,5.0,6.0,6.0,5.0,4.0,5.0,5.0,5.0,5.0,5.0,4.0,4.0,5.0,4.0,4.0,4.0,4.0,5.0,5.0,5.0,5.0,5.0,5.0,5.0,5.0,5.0,5.0,5.0,5.0,4.0,5.0,5.0,5.0,5.0,4.0,5.0,6.0,5.0,6.0,4.0,6.0,4.0,5.0,5.0,6.0,6.0,6.0,4.0,4.0,4.0,4.0,3.0,3.0,4.0,4.0,4.0,4.0,4.0,4.0,3.0,4.0,4.0,3.0,3.0,5.0,5.0,5.0,5.0,5.0,5.0,5.0,4.0,5.0,5.0,5.0,5.0,4.0,4.0,4.0,3.0,2.0,2.0,4.0,5.0,5.0,5.0,5.0,4.0,4.0
DD04,inf,inf,inf,inf,inf,inf,inf,inf,inf,inf,inf,inf,inf,inf,inf,inf,inf,inf,inf,inf,inf,inf,inf,inf,inf,inf,inf,inf,inf,inf,inf,inf,inf,inf,inf,inf,inf,inf,inf,inf,inf,inf,inf,inf,inf,inf,inf,inf,inf,inf,inf,inf,inf,inf,inf,inf,inf,inf,inf,inf,inf,inf,inf,inf,inf,inf,inf,inf,inf,inf,inf,inf,inf,inf,inf,inf,inf,inf,inf,inf,inf,inf,inf,inf,inf,inf,inf,inf,inf,inf,inf,inf,inf,inf,inf,inf,inf,inf,inf,inf,inf,inf,inf,inf,inf,inf,inf,0.0,inf,inf,inf,inf,inf,inf,inf,inf,inf,inf,inf,inf,inf,inf,inf,inf,inf,inf,inf,inf,inf,inf,inf,inf,inf,inf,inf,inf,inf,inf,inf,inf,inf,inf,inf,inf,inf,inf,inf,inf,inf,inf,inf,inf,inf,inf,inf,inf,inf,inf,inf,inf,inf,inf,inf,inf,inf,inf,inf,inf,inf,inf,inf,inf,inf,inf,inf,inf,inf,inf,inf,inf,inf,inf,inf,inf,inf,inf,inf,inf,inf,inf,inf,inf,inf,inf,inf,inf,inf,inf,inf,inf,inf,inf,inf,inf,inf,inf,inf,inf,inf,inf,inf,inf,inf,inf,inf,inf,inf,inf,inf,inf,inf,inf,inf,inf,inf,inf,inf,inf,inf,inf,inf,inf,inf,inf,inf,inf,inf,inf,inf,inf,inf,inf,inf,inf,inf,inf,inf,inf,inf,inf,inf,inf,inf,inf,inf,inf,inf,inf,inf,inf,inf,inf,inf,inf,inf,inf,inf,inf,inf,inf,inf,inf,inf,inf,inf,inf,inf,inf,inf,inf,inf,inf,inf,inf,inf,inf,inf,inf,inf,inf,inf,inf,inf,inf,inf,inf,inf,inf,inf,inf,inf,inf
DD05,inf,inf,inf,inf,inf,inf,inf,inf,inf,inf,inf,inf,inf,inf,inf,inf,inf,inf,inf,inf,inf,inf,inf,inf,inf,inf,inf,inf,inf,inf,inf,inf,inf,inf,inf,inf,inf,inf,inf,inf,inf,inf,inf,inf,inf,inf,inf,inf,inf,inf,inf,inf,inf,inf,inf,inf,inf,inf,inf,inf,inf,inf,inf,inf,inf,inf,inf,inf,inf,inf,inf,inf,inf,inf,inf,inf,inf,inf,inf,inf,inf,inf,inf,inf,inf,inf,inf,inf,inf,inf,inf,inf,inf,inf,inf,inf,inf,inf,inf,inf,inf,inf,inf,inf,inf,inf,inf,inf,0.0,inf,inf,inf,inf,inf,inf,inf,inf,inf,inf,inf,inf,inf,inf,inf,inf,inf,inf,inf,inf,inf,inf,inf,inf,inf,inf,inf,inf,inf,inf,inf,inf,inf,inf,inf,inf,inf,inf,inf,inf,inf,inf,inf,inf,inf,inf,inf,inf,inf,inf,inf,inf,inf,inf,inf,inf,inf,inf,inf,inf,inf,inf,inf,inf,inf,inf,inf,inf,inf,inf,inf,inf,inf,inf,inf,inf,inf,inf,inf,inf,inf,inf,inf,inf,inf,inf,inf,inf,inf,inf,inf,inf,inf,inf,inf,inf,inf,inf,inf,inf,inf,inf,inf,inf,inf,inf,inf,inf,inf,inf,inf,inf,inf,inf,inf,inf,inf,inf,inf,inf,inf,inf,inf,inf,inf,inf,inf,inf,inf,inf,inf,inf,inf,inf,inf,inf,inf,inf,inf,inf,inf,inf,inf,inf,inf,inf,inf,inf,inf,inf,inf,inf,inf,inf,inf,inf,inf,inf,inf,inf,inf,inf,inf,inf,inf,inf,inf,inf,inf,inf,inf,inf,inf,inf,inf,inf,inf,inf,inf,inf,inf,inf,inf,inf,inf,inf,inf,inf,inf,inf,inf,inf,inf
DD06,5.0,4.0,4.0,4.0,4.0,4.0,4.0,4.0,5.0,5.0,5.0,5.0,4.0,4.0,5.0,5.0,4.0,5.0,5.0,5.0,4.0,4.0,4.0,4.0,4.0,4.0,4.0,3.0,3.0,3.0,4.0,3.0,3.0,3.0,3.0,3.0,3.0,2.0,2.0,5.0,5.0,5.0,5.0,5.0,4.0,5.0,4.0,5.0,5.0,6.0,5.0,4.0,4.0,3.0,2.0,3.0,3.0,3.0,3.0,3.0,3.0,4.0,4.0,4.0,3.0,4.0,3.0,4.0,4.0,4.0,3.0,5.0,5.0,5.0,5.0,4.0,5.0,5.0,4.0,4.0,5.0,4.0,5.0,5.0,4.0,5.0,4.0,4.0,3.0,3.0,3.0,3.0,3.0,3.0,3.0,3.0,2.0,4.0,3.0,3.0,3.0,3.0,4.0,1.0,4.0,4.0,4.0,3.0,4.0,0.0,3.0,4.0,4.0,3.0,4.0,5.0,4.0,inf,inf,inf,inf,inf,inf,inf,inf,4.0,4.0,5.0,5.0,4.0,4.0,5.0,5.0,5.0,5.0,5.0,5.0,3.0,3.0,inf,inf,inf,inf,inf,inf,inf,inf,inf,inf,inf,inf,4.0,5.0,5.0,5.0,4.0,5.0,5.0,4.0,3.0,3.0,5.0,4.0,4.0,5.0,4.0,3.0,inf,inf,4.0,5.0,4.0,3.0,2.0,3.0,3.0,4.0,4.0,4.0,4.0,3.0,5.0,4.0,3.0,3.0,2.0,3.0,4.0,4.0,4.0,5.0,5.0,5.0,3.0,5.0,4.0,3.0,4.0,4.0,4.0,4.0,4.0,4.0,4.0,4.0,5.0,4.0,4.0,5.0,5.0,5.0,5.0,5.0,4.0,5.0,5.0,4.0,4.0,4.0,4.0,4.0,5.0,4.0,5.0,4.0,4.0,3.0,4.0,4.0,3.0,4.0,4.0,5.0,5.0,4.0,5.0,4.0,5.0,4.0,3.0,4.0,4.0,4.0,4.0,4.0,5.0,4.0,3.0,4.0,5.0,5.0,5.0,5.0,5.0,4.0,4.0,4.0,5.0,5.0,5.0,4.0,3.0,3.0,3.0,3.0,3.0,3.0,3.0,3.0,3.0,3.0,2.0,4.0,4.0,3.0,3.0,4.0,3.0,3.0,3.0,3.0,3.0,3.0,4.0,4.0,4.0,5.0,5.0,3.0,4.0,4.0,4.0,4.0,4.0,4.0,4.0,2.0,2.0,2.0,2.0,2.0,1.0
DVA,2.0,2.0,3.0,3.0,2.0,2.0,3.0,2.0,2.0,2.0,2.0,2.0,2.0,2.0,2.0,2.0,2.0,2.0,2.0,2.0,1.0,1.0,2.0,2.0,2.0,2.0,2.0,1.0,2.0,2.0,2.0,2.0,2.0,2.0,2.0,2.0,2.0,2.0,2.0,2.0,2.0,3.0,3.0,2.0,2.0,2.0,2.0,3.0,3.0,3.0,3.0,1.0,1.0,1.0,1.0,1.0,1.0,2.0,1.0,1.0,1.0,2.0,3.0,2.0,2.0,2.0,2.0,2.0,2.0,2.0,2.0,3.0,3.0,2.0,3.0,2.0,3.0,2.0,2.0,2.0,3.0,3.0,3.0,3.0,2.0,3.0,2.0,2.0,2.0,1.0,2.0,2.0,2.0,2.0,2.0,2.0,2.0,2.0,1.0,1.0,1.0,2.0,3.0,1.0,2.0,2.0,2.0,2.0,2.0,2.0,0.0,3.0,2.0,2.0,3.0,2.0,2.0,inf,inf,inf,inf,inf,inf,inf,inf,2.0,2.0,3.0,2.0,2.0,2.0,3.0,3.0,2.0,3.0,3.0,3.0,2.0,2.0,inf,inf,inf,inf,inf,inf,inf,inf,inf,inf,inf,inf,2.0,2.0,2.0,3.0,2.0,3.0,4.0,3.0,1.0,2.0,3.0,3.0,3.0,4.0,3.0,2.0,inf,inf,2.0,2.0,2.0,1.0,1.0,2.0,2.0,2.0,2.0,2.0,2.0,1.0,3.0,2.0,1.0,2.0,2.0,2.0,1.0,1.0,2.0,2.0,2.0,2.0,2.0,3.0,3.0,2.0,2.0,2.0,2.0,1.0,2.0,2.0,1.0,2.0,2.0,2.0,2.0,2.0,2.0,2.0,2.0,2.0,2.0,3.0,3.0,2.0,2.0,2.0,2.0,2.0,3.0,3.0,2.0,1.0,1.0,1.0,1.0,2.0,2.0,2.0,2.0,2.0,2.0,2.0,2.0,2.0,3.0,2.0,2.0,1.0,1.0,1.0,1.0,2.0,2.0,1.0,2.0,2.0,3.0,3.0,3.0,3.0,3.0,1.0,2.0,1.0,3.0,3.0,3.0,2.0,1.0,2.0,2.0,2.0,1.0,2.0,1.0,2.0,2.0,2.0,1.0,1.0,2.0,2.0,2.0,2.0,2.0,1.0,2.0,3.0,3.0,1.0,3.0,3.0,2.0,3.0,3.0,3.0,2.0,2.0,2.0,2.0,2.0,2.0,2.0,2.0,2.0,2.0,2.0,2.0,2.0
DVB,2.0,3.0,4.0,4.0,3.0,3.0,3.0,3.0,4.0,3.0,3.0,3.0,2.0,2.0,4.0,3.0,3.0,4.0,4.0,3.0,3.0,3.0,3.0,3.0,4.0,3.0,3.0,2.0,3.0,3.0,3.0,3.0,3.0,3.0,3.0,3.0,3.0,3.0,3.0,4.0,3.0,4.0,4.0,3.0,3.0,4.0,4.0,3.0,4.0,4.0,3.0,3.0,3.0,2.0,2.0,2.0,2.0,3.0,2.0,2.0,3.0,3.0,3.0,3.0,3.0,2.0,3.0,3.0,2.0,2.0,1.0,3.0,4.0,3.0,3.0,3.0,4.0,3.0,3.0,3.0,3.0,3.0,4.0,4.0,3.0,3.0,3.0,3.0,3.0,3.0,3.0,3.0,3.0,3.0,2.0,1.0,2.0,3.0,3.0,3.0,3.0,3.0,3.0,2.0,2.0,3.0,3.0,2.0,2.0,1.0,2.0,0.0,1.0,3.0,4.0,3.0,2.0,inf,inf,inf,inf,inf,inf,inf,inf,4.0,4.0,3.0,4.0,3.0,4.0,4.0,5.0,4.0,4.0,4.0,4.0,2.0,3.0,inf,inf,inf,inf,inf,inf,inf,inf,inf,inf,inf,inf,4.0,3.0,4.0,4.0,3.0,3.0,1.0,4.0,3.0,3.0,3.0,2.0,3.0,3.0,1.0,2.0,inf,inf,4.0,4.0,3.0,2.0,2.0,2.0,2.0,3.0,3.0,2.0,1.0,2.0,3.0,2.0,3.0,2.0,2.0,3.0,3.0,3.0,2.0,2.0,3.0,3.0,3.0,3.0,3.0,2.0,2.0,3.0,3.0,2.0,3.0,4.0,2.0,2.0,3.0,2.0,3.0,3.0,3.0,3.0,4.0,3.0,3.0,3.0,3.0,3.0,2.0,2.0,3.0,3.0,3.0,3.0,3.0,3.0,3.0,3.0,2.0,2.0,2.0,3.0,4.0,3.0,3.0,3.0,3.0,3.0,3.0,3.0,3.0,3.0,3.0,3.0,3.0,3.0,3.0,3.0,3.0,4.0,4.0,2.0,4.0,3.0,4.0,3.0,3.0,3.0,3.0,4.0,3.0,3.0,3.0,3.0,3.0,3.0,3.0,3.0,3.0,3.0,3.0,3.0,2.0,3.0,3.0,3.0,3.0,3.0,3.0,3.0,3.0,3.0,3.0,3.0,2.0,2.0,3.0,3.0,3.0,2.0,3.0,3.0,3.0,3.0,3.0,3.0,3.0,2.0,2.0,2.0,2.0,2.0,1.0
DVC,3.0,3.0,3.0,3.0,2.0,3.0,2.0,2.0,3.0,2.0,3.0,2.0,1.0,1.0,3.0,3.0,2.0,3.0,3.0,2.0,2.0,2.0,3.0,3.0,3.0,2.0,2.0,2.0,2.0,2.0,3.0,2.0,2.0,2.0,2.0,2.0,2.0,2.0,2.0,3.0,3.0,3.0,3.0,2.0,2.0,3.0,3.0,3.0,4.0,3.0,3.0,2.0,2.0,1.0,1.0,1.0,2.0,2.0,2.0,2.0,2.0,3.0,3.0,3.0,3.0,3.0,3.0,2.0,1.0,2.0,2.0,2.0,3.0,3.0,3.0,3.0,3.0,2.0,2.0,2.0,3.0,3.0,4.0,4.0,3.0,3.0,2.0,3.0,2.0,2.0,2.0,2.0,2.0,2.0,2.0,2.0,2.0,3.0,2.0,2.0,3.0,2.0,3.0,2.0,3.0,3.0,3.0,3.0,3.0,3.0,2.0,3.0,0.0,2.0,3.0,3.0,3.0,inf,inf,inf,inf,inf,inf,inf,inf,3.0,3.0,2.0,3.0,2.0,3.0,4.0,4.0,3.0,3.0,3.0,3.0,2.0,2.0,inf,inf,inf,inf,inf,inf,inf,inf,inf,inf,inf,inf,3.0,2.0,3.0,3.0,2.0,2.0,4.0,3.0,2.0,2.0,4.0,4.0,3.0,4.0,4.0,3.0,inf,inf,3.0,3.0,3.0,2.0,2.0,2.0,1.0,3.0,2.0,2.0,2.0,2.0,3.0,3.0,2.0,1.0,3.0,3.0,2.0,2.0,1.0,1.0,3.0,2.0,3.0,2.0,3.0,1.0,1.0,2.0,2.0,2.0,2.0,3.0,2.0,2.0,2.0,1.0,2.0,3.0,2.0,2.0,3.0,2.0,2.0,2.0,2.0,2.0,1.0,1.0,2.0,3.0,2.0,2.0,2.0,2.0,2.0,2.0,3.0,2.0,2.0,2.0,3.0,2.0,2.0,2.0,2.0,2.0,2.0,3.0,2.0,3.0,3.0,2.0,3.0,2.0,2.0,2.0,2.0,3.0,4.0,1.0,3.0,3.0,3.0,2.0,2.0,2.0,3.0,3.0,2.0,2.0,2.0,2.0,2.0,2.0,2.0,2.0,2.0,2.0,2.0,2.0,2.0,2.0,2.0,3.0,3.0,2.0,2.0,3.0,2.0,3.0,3.0,3.0,3.0,3.0,2.0,4.0,4.0,3.0,3.0,3.0,3.0,3.0,3.0,3.0,3.0,3.0,1.0,3.0,3.0,3.0,3.0
FLPL,2.0,2.0,1.0,1.0,3.0,3.0,3.0,2.0,3.0,3.0,3.0,2.0,1.0,1.0,3.0,3.0,3.0,3.0,3.0,2.0,2.0,2.0,2.0,2.0,3.0,3.0,2.0,2.0,2.0,2.0,2.0,2.0,2.0,2.0,2.0,2.0,2.0,2.0,2.0,3.0,3.0,3.0,3.0,2.0,2.0,3.0,2.0,3.0,3.0,3.0,3.0,2.0,2.0,1.0,1.0,1.0,1.0,1.0,1.0,2.0,2.0,3.0,3.0,3.0,2.0,3.0,2.0,2.0,2.0,2.0,2.0,3.0,4.0,3.0,3.0,3.0,3.0,2.0,3.0,3.0,2.0,3.0,3.0,3.0,2.0,2.0,2.0,2.0,2.0,2.0,2.0,2.0,2.0,2.0,2.0,2.0,2.0,2.0,2.0,2.0,2.0,2.0,3.0,2.0,1.0,3.0,3.0,3.0,3.0,3.0,1.0,3.0,2.0,0.0,1.0,3.0,2.0,inf,inf,inf,inf,inf,inf,inf,inf,3.0,3.0,2.0,2.0,3.0,3.0,3.0,4.0,2.0,2.0,3.0,3.0,2.0,2.0,inf,inf,inf,inf,inf,inf,inf,inf,inf,inf,inf,inf,2.0,2.0,3.0,3.0,3.0,3.0,4.0,3.0,2.0,2.0,4.0,4.0,3.0,4.0,4.0,3.0,inf,inf,3.0,3.0,2.0,2.0,1.0,2.0,2.0,3.0,2.0,2.0,3.0,2.0,3.0,3.0,2.0,3.0,3.0,2.0,2.0,2.0,2.0,2.0,3.0,2.0,2.0,2.0,3.0,2.0,2.0,2.0,2.0,2.0,3.0,3.0,2.0,1.0,2.0,2.0,2.0,2.0,2.0,2.0,3.0,3.0,3.0,3.0,2.0,2.0,2.0,2.0,2.0,2.0,2.0,2.0,2.0,2.0,2.0,2.0,2.0,2.0,2.0,2.0,3.0,2.0,2.0,3.0,2.0,2.0,2.0,3.0,2.0,2.0,2.0,2.0,2.0,2.0,2.0,2.0,2.0,3.0,3.0,3.0,3.0,2.0,2.0,2.0,2.0,2.0,2.0,3.0,2.0,1.0,2.0,2.0,2.0,2.0,2.0,2.0,2.0,2.0,2.0,2.0,2.0,2.0,2.0,2.0,2.0,3.0,2.0,2.0,2.0,3.0,3.0,2.0,3.0,3.0,2.0,3.0,3.0,3.0,2.0,2.0,2.0,3.0,3.0,3.0,3.0,3.0,3.0,3.0,3.0,3.0,3.0
FLPR,1.0,1.0,2.0,1.0,3.0,3.0,2.0,2.0,3.0,3.0,2.0,3.0,2.0,2.0,3.0,3.0,2.0,3.0,3.0,3.0,2.0,2.0,2.0,2.0,3.0,3.0,2.0,2.0,2.0,2.0,2.0,2.0,2.0,2.0,2.0,2.0,2.0,2.0,2.0,3.0,3.0,3.0,3.0,3.0,2.0,3.0,2.0,3.0,3.0,3.0,3.0,2.0,2.0,1.0,1.0,1.0,1.0,1.0,1.0,1.0,1.0,3.0,2.0,2.0,2.0,3.0,1.0,1.0,3.0,3.0,2.0,2.0,3.0,3.0,3.0,3.0,3.0,3.0,3.0,3.0,3.0,3.0,3.0,3.0,2.0,2.0,3.0,2.0,2.0,2.0,2.0,2.0,2.0,2.0,2.0,2.0,2.0,2.0,2.0,2.0,2.0,2.0,3.0,2.0,2.0,3.0,3.0,3.0,3.0,3.0,1.0,3.0,2.0,1.0,0.0,3.0,2.0,inf,inf,inf,inf,inf,inf,inf,inf,3.0,3.0,3.0,2.0,3.0,3.0,3.0,4.0,3.0,2.0,4.0,3.0,2.0,2.0,inf,inf,inf,inf,inf,inf,inf,inf,inf,inf,inf,inf,2.0,2.0,3.0,3.0,3.0,3.0,4.0,3.0,2.0,2.0,3.0,4.0,3.0,4.0,4.0,3.0,inf,inf,3.0,3.0,2.0,1.0,2.0,3.0,3.0,3.0,2.0,2.0,2.0,2.0,3.0,2.0,2.0,2.0,3.0,3.0,2.0,2.0,3.0,3.0,2.0,2.0,2.0,3.0,2.0,2.0,2.0,3.0,2.0,2.0,2.0,2.0,2.0,2.0,3.0,2.0,3.0,3.0,2.0,2.0,3.0,3.0,3.0,3.0,3.0,3.0,2.0,3.0,2.0,2.0,3.0,3.0,2.0,2.0,2.0,2.0,2.0,2.0,2.0,2.0,3.0,3.0,3.0,3.0,3.0,2.0,3.0,2.0,3.0,2.0,2.0,2.0,2.0,3.0,3.0,2.0,2.0,3.0,3.0,2.0,3.0,3.0,2.0,2.0,2.0,2.0,2.0,3.0,3.0,2.0,2.0,2.0,2.0,2.0,2.0,2.0,2.0,2.0,2.0,2.0,2.0,1.0,2.0,3.0,2.0,3.0,2.0,2.0,2.0,3.0,3.0,2.0,3.0,3.0,2.0,3.0,3.0,3.0,2.0,2.0,2.0,3.0,3.0,3.0,3.0,3.0,3.0,3.0,3.0,3.0,3.0
HSNL,2.0,2.0,3.0,2.0,2.0,2.0,1.0,1.0,2.0,2.0,1.0,2.0,2.0,2.0,2.0,1.0,2.0,3.0,2.0,2.0,1.0,1.0,2.0,2.0,2.0,3.0,2.0,2.0,3.0,3.0,3.0,3.0,2.0,3.0,3.0,3.0,3.0,2.0,3.0,2.0,2.0,2.0,2.0,1.0,1.0,2.0,3.0,2.0,1.0,1.0,1.0,2.0,2.0,2.0,2.0,2.0,2.0,2.0,2.0,2.0,2.0,1.0,1.0,2.0,2.0,2.0,1.0,2.0,3.0,2.0,2.0,3.0,2.0,1.0,1.0,1.0,2.0,2.0,3.0,2.0,3.0,2.0,3.0,3.0,3.0,3.0,3.0,2.0,3.0,3.0,3.0,3.0,2.0,2.0,3.0,2.0,3.0,3.0,3.0,3.0,3.0,2.0,4.0,3.0,3.0,3.0,3.0,3.0,3.0,2.0,2.0,2.0,2.0,3.0,3.0,0.0,1.0,inf,inf,inf,inf,inf,inf,inf,inf,3.0,3.0,3.0,3.0,3.0,3.0,4.0,4.0,3.0,2.0,4.0,3.0,3.0,3.0,inf,inf,inf,inf,inf,inf,inf,inf,inf,inf,inf,inf,3.0,2.0,3.0,2.0,2.0,2.0,3.0,4.0,3.0,2.0,3.0,4.0,4.0,4.0,3.0,4.0,inf,inf,3.0,3.0,3.0,2.0,2.0,2.0,3.0,3.0,2.0,2.0,2.0,2.0,1.0,2.0,2.0,2.0,3.0,3.0,2.0,2.0,2.0,3.0,2.0,2.0,3.0,1.0,2.0,2.0,2.0,3.0,1.0,2.0,2.0,2.0,1.0,2.0,3.0,3.0,2.0,2.0,2.0,2.0,3.0,2.0,3.0,3.0,3.0,3.0,2.0,2.0,2.0,1.0,3.0,3.0,2.0,2.0,2.0,2.0,2.0,3.0,2.0,3.0,3.0,2.0,2.0,3.0,2.0,2.0,3.0,2.0,3.0,2.0,2.0,2.0,2.0,2.0,2.0,2.0,3.0,3.0,3.0,3.0,3.0,3.0,2.0,2.0,2.0,2.0,3.0,4.0,2.0,3.0,2.0,3.0,3.0,3.0,2.0,3.0,3.0,3.0,3.0,3.0,3.0,2.0,2.0,3.0,3.0,3.0,3.0,3.0,3.0,4.0,3.0,3.0,2.0,2.0,2.0,2.0,1.0,3.0,3.0,3.0,3.0,3.0,3.0,3.0,3.0,3.0,3.0,3.0,2.0,3.0,3.0
HSNR,2.0,2.0,3.0,2.0,2.0,2.0,2.0,2.0,2.0,3.0,1.0,2.0,1.0,2.0,2.0,2.0,2.0,3.0,2.0,3.0,1.0,1.0,2.0,2.0,2.0,3.0,2.0,2.0,2.0,2.0,2.0,3.0,1.0,3.0,2.0,2.0,3.0,2.0,2.0,2.0,2.0,2.0,3.0,1.0,2.0,3.0,3.0,2.0,2.0,2.0,2.0,3.0,3.0,2.0,2.0,2.0,2.0,2.0,1.0,1.0,1.0,1.0,1.0,2.0,1.0,1.0,1.0,2.0,2.0,2.0,2.0,3.0,2.0,2.0,1.0,2.0,2.0,2.0,3.0,3.0,2.0,1.0,3.0,3.0,2.0,3.0,3.0,2.0,2.0,2.0,2.0,2.0,1.0,1.0,2.0,2.0,2.0,2.0,3.0,2.0,2.0,1.0,3.0,3.0,2.0,2.0,2.0,2.0,3.0,2.0,2.0,2.0,2.0,2.0,3.0,1.0,0.0,inf,inf,inf,inf,inf,inf,inf,inf,3.0,3.0,3.0,3.0,3.0,3.0,3.0,4.0,3.0,2.0,3.0,3.0,2.0,3.0,inf,inf,inf,inf,inf,inf,inf,inf,inf,inf,inf,inf,2.0,2.0,3.0,3.0,3.0,3.0,3.0,4.0,3.0,2.0,3.0,4.0,3.0,4.0,3.0,4.0,inf,inf,3.0,3.0,2.0,2.0,2.0,2.0,2.0,3.0,2.0,1.0,2.0,1.0,2.0,1.0,2.0,1.0,2.0,2.0,2.0,2.0,2.0,2.0,3.0,2.0,3.0,2.0,1.0,2.0,2.0,2.0,1.0,1.0,2.0,2.0,2.0,2.0,3.0,3.0,2.0,1.0,2.0,2.0,2.0,2.0,3.0,3.0,3.0,2.0,2.0,2.0,2.0,1.0,3.0,3.0,2.0,2.0,2.0,2.0,1.0,2.0,1.0,2.0,3.0,2.0,2.0,3.0,2.0,2.0,3.0,3.0,2.0,2.0,2.0,2.0,2.0,2.0,2.0,2.0,2.0,3.0,2.0,3.0,3.0,2.0,3.0,2.0,2.0,2.0,3.0,3.0,3.0,2.0,2.0,2.0,2.0,2.0,1.0,3.0,3.0,3.0,3.0,2.0,3.0,2.0,2.0,3.0,2.0,2.0,3.0,3.0,3.0,4.0,3.0,3.0,2.0,1.0,1.0,1.0,1.0,3.0,2.0,2.0,2.0,2.0,2.0,2.0,2.0,3.0,3.0,3.0,2.0,2.0,2.0
I1L,5.0,6.0,5.0,6.0,4.0,5.0,5.0,6.0,5.0,6.0,5.0,6.0,5.0,5.0,6.0,6.0,5.0,6.0,5.0,5.0,5.0,5.0,6.0,6.0,6.0,6.0,6.0,6.0,6.0,6.0,6.0,6.0,6.0,6.0,6.0,6.0,6.0,6.0,6.0,6.0,6.0,6.0,6.0,6.0,6.0,6.0,6.0,6.0,7.0,6.0,7.0,5.0,5.0,5.0,5.0,6.0,6.0,6.0,5.0,5.0,5.0,6.0,7.0,7.0,6.0,6.0,6.0,6.0,6.0,6.0,6.0,7.0,6.0,6.0,5.0,6.0,6.0,5.0,4.0,5.0,6.0,7.0,7.0,7.0,5.0,6.0,5.0,5.0,6.0,6.0,6.0,6.0,6.0,6.0,6.0,6.0,6.0,6.0,6.0,6.0,6.0,6.0,7.0,6.0,6.0,6.0,6.0,7.0,7.0,7.0,6.0,7.0,6.0,6.0,7.0,6.0,6.0,0.0,2.0,1.0,2.0,1.0,2.0,1.0,1.0,6.0,5.0,6.0,6.0,5.0,6.0,6.0,6.0,5.0,5.0,5.0,5.0,6.0,6.0,2.0,1.0,2.0,1.0,1.0,2.0,2.0,1.0,1.0,1.0,1.0,2.0,4.0,6.0,5.0,4.0,4.0,5.0,8.0,7.0,6.0,6.0,8.0,8.0,7.0,8.0,8.0,7.0,inf,inf,6.0,7.0,6.0,6.0,6.0,7.0,7.0,7.0,6.0,7.0,6.0,6.0,6.0,7.0,6.0,6.0,7.0,7.0,5.0,5.0,5.0,5.0,5.0,5.0,5.0,6.0,6.0,5.0,5.0,4.0,6.0,6.0,3.0,5.0,5.0,6.0,5.0,5.0,5.0,6.0,5.0,6.0,5.0,5.0,6.0,5.0,5.0,5.0,6.0,6.0,6.0,6.0,5.0,5.0,6.0,6.0,6.0,6.0,6.0,6.0,6.0,7.0,6.0,6.0,6.0,5.0,6.0,5.0,6.0,6.0,5.0,5.0,6.0,5.0,6.0,5.0,5.0,5.0,5.0,6.0,6.0,6.0,5.0,6.0,6.0,5.0,5.0,5.0,6.0,5.0,5.0,6.0,6.0,6.0,6.0,6.0,6.0,6.0,6.0,6.0,6.0,6.0,6.0,6.0,6.0,7.0,7.0,7.0,7.0,7.0,7.0,7.0,7.0,7.0,7.0,7.0,7.0,7.0,7.0,7.0,7.0,6.0,6.0,7.0,6.0,7.0,7.0,7.0,7.0,7.0,7.0,7.0,6.0
I1R,4.0,5.0,4.0,5.0,3.0,4.0,4.0,5.0,4.0,5.0,4.0,5.0,4.0,4.0,5.0,5.0,4.0,5.0,4.0,4.0,4.0,4.0,5.0,5.0,5.0,5.0,5.0,5.0,5.0,5.0,5.0,5.0,5.0,5.0,5.0,5.0,5.0,5.0,5.0,5.0,5.0,5.0,5.0,5.0,5.0,5.0,5.0,5.0,6.0,5.0,6.0,4.0,4.0,4.0,4.0,5.0,5.0,5.0,4.0,4.0,4.0,5.0,6.0,6.0,5.0,5.0,5.0,5.0,5.0,5.0,5.0,6.0,5.0,5.0,4.0,5.0,5.0,4.0,3.0,4.0,5.0,6.0,6.0,6.0,4.0,5.0,4.0,4.0,5.0,5.0,5.0,5.0,5.0,5.0,5.0,5.0,5.0,5.0,5.0,5.0,5.0,5.0,6.0,5.0,5.0,5.0,5.0,6.0,6.0,6.0,5.0,6.0,5.0,5.0,6.0,5.0,5.0,2.0,0.0,2.0,1.0,1.0,2.0,1.0,2.0,5.0,4.0,5.0,5.0,4.0,5.0,5.0,5.0,4.0,4.0,4.0,4.0,5.0,5.0,1.0,1.0,1.0,1.0,1.0,2.0,2.0,1.0,1.0,1.0,1.0,1.0,3.0,5.0,4.0,3.0,3.0,4.0,7.0,6.0,5.0,5.0,7.0,7.0,6.0,7.0,7.0,6.0,inf,inf,5.0,6.0,5.0,5.0,5.0,6.0,6.0,6.0,5.0,6.0,5.0,5.0,5.0,6.0,5.0,5.0,6.0,6.0,4.0,4.0,4.0,4.0,4.0,4.0,4.0,5.0,5.0,4.0,4.0,3.0,5.0,5.0,2.0,4.0,4.0,5.0,4.0,4.0,4.0,5.0,4.0,5.0,4.0,4.0,5.0,4.0,4.0,4.0,5.0,5.0,5.0,5.0,4.0,4.0,5.0,5.0,5.0,5.0,5.0,5.0,5.0,6.0,5.0,5.0,5.0,4.0,5.0,4.0,5.0,5.0,4.0,4.0,5.0,4.0,5.0,4.0,4.0,4.0,4.0,5.0,5.0,5.0,4.0,5.0,5.0,4.0,4.0,4.0,5.0,4.0,4.0,5.0,5.0,5.0,5.0,5.0,5.0,5.0,5.0,5.0,5.0,5.0,5.0,5.0,5.0,6.0,6.0,6.0,6.0,6.0,6.0,6.0,6.0,6.0,6.0,6.0,6.0,6.0,6.0,6.0,6.0,5.0,5.0,6.0,5.0,6.0,6.0,6.0,6.0,6.0,6.0,6.0,5.0
I2L,4.0,5.0,4.0,5.0,3.0,4.0,4.0,5.0,4.0,5.0,4.0,5.0,4.0,4.0,5.0,5.0,4.0,5.0,4.0,4.0,4.0,4.0,5.0,5.0,5.0,5.0,5.0,5.0,5.0,5.0,5.0,5.0,5.0,5.0,5.0,5.0,5.0,5.0,5.0,5.0,5.0,5.0,5.0,5.0,5.0,5.0,5.0,5.0,6.0,5.0,6.0,4.0,4.0,4.0,4.0,5.0,5.0,5.0,4.0,4.0,4.0,5.0,6.0,6.0,5.0,5.0,5.0,5.0,5.0,5.0,5.0,6.0,5.0,5.0,4.0,5.0,5.0,4.0,3.0,4.0,5.0,6.0,6.0,6.0,4.0,5.0,4.0,4.0,5.0,5.0,5.0,5.0,5.0,5.0,5.0,5.0,5.0,5.0,5.0,5.0,5.0,5.0,6.0,5.0,5.0,5.0,5.0,6.0,6.0,6.0,5.0,6.0,5.0,5.0,6.0,5.0,5.0,1.0,2.0,0.0,1.0,2.0,1.0,1.0,1.0,5.0,4.0,5.0,5.0,4.0,5.0,5.0,5.0,4.0,4.0,4.0,4.0,5.0,5.0,1.0,2.0,2.0,2.0,1.0,1.0,2.0,2.0,2.0,2.0,1.0,1.0,3.0,5.0,4.0,3.0,3.0,4.0,7.0,6.0,5.0,5.0,7.0,7.0,6.0,7.0,7.0,6.0,inf,inf,5.0,6.0,5.0,5.0,5.0,6.0,6.0,6.0,5.0,6.0,5.0,5.0,5.0,6.0,5.0,5.0,6.0,6.0,4.0,4.0,4.0,4.0,4.0,4.0,4.0,5.0,5.0,4.0,4.0,3.0,5.0,5.0,2.0,4.0,4.0,5.0,4.0,4.0,4.0,5.0,4.0,5.0,4.0,4.0,5.0,4.0,4.0,4.0,5.0,5.0,5.0,5.0,4.0,4.0,5.0,5.0,5.0,5.0,5.0,5.0,5.0,6.0,5.0,5.0,5.0,4.0,5.0,4.0,5.0,5.0,4.0,4.0,5.0,4.0,5.0,4.0,4.0,4.0,4.0,5.0,5.0,5.0,4.0,5.0,5.0,4.0,4.0,4.0,5.0,4.0,4.0,5.0,5.0,5.0,5.0,5.0,5.0,5.0,5.0,5.0,5.0,5.0,5.0,5.0,5.0,6.0,6.0,6.0,6.0,6.0,6.0,6.0,6.0,6.0,6.0,6.0,6.0,6.0,6.0,6.0,6.0,5.0,5.0,6.0,5.0,6.0,6.0,6.0,6.0,6.0,6.0,6.0,5.0
I2R,4.0,5.0,4.0,5.0,3.0,4.0,4.0,5.0,4.0,5.0,4.0,5.0,4.0,4.0,5.0,5.0,4.0,5.0,4.0,4.0,4.0,4.0,5.0,5.0,5.0,5.0,5.0,5.0,5.0,5.0,5.0,5.0,5.0,5.0,5.0,5.0,5.0,5.0,5.0,5.0,5.0,5.0,5.0,5.0,5.0,5.0,5.0,5.0,6.0,5.0,6.0,4.0,4.0,4.0,4.0,5.0,5.0,5.0,4.0,4.0,4.0,5.0,6.0,6.0,5.0,5.0,5.0,5.0,5.0,5.0,5.0,6.0,5.0,5.0,4.0,5.0,5.0,4.0,3.0,4.0,5.0,6.0,6.0,6.0,4.0,5.0,4.0,4.0,5.0,5.0,5.0,5.0,5.0,5.0,5.0,5.0,5.0,5.0,5.0,5.0,5.0,5.0,6.0,5.0,5.0,5.0,5.0,6.0,6.0,6.0,5.0,6.0,5.0,5.0,6.0,5.0,5.0,2.0,1.0,1.0,0.0,2.0,1.0,1.0,1.0,5.0,4.0,5.0,5.0,4.0,5.0,5.0,5.0,4.0,4.0,4.0,4.0,5.0,5.0,1.0,2.0,1.0,2.0,1.0,1.0,2.0,1.0,2.0,2.0,1.0,1.0,3.0,5.0,4.0,3.0,3.0,4.0,7.0,6.0,5.0,5.0,7.0,7.0,6.0,7.0,7.0,6.0,inf,inf,5.0,6.0,5.0,5.0,5.0,6.0,6.0,6.0,5.0,6.0,5.0,5.0,5.0,6.0,5.0,5.0,6.0,6.0,4.0,4.0,4.0,4.0,4.0,4.0,4.0,5.0,5.0,4.0,4.0,3.0,5.0,5.0,2.0,4.0,4.0,5.0,4.0,4.0,4.0,5.0,4.0,5.0,4.0,4.0,5.0,4.0,4.0,4.0,5.0,5.0,5.0,5.0,4.0,4.0,5.0,5.0,5.0,5.0,5.0,5.0,5.0,6.0,5.0,5.0,5.0,4.0,5.0,4.0,5.0,5.0,4.0,4.0,5.0,4.0,5.0,4.0,4.0,4.0,4.0,5.0,5.0,5.0,4.0,5.0,5.0,4.0,4.0,4.0,5.0,4.0,4.0,5.0,5.0,5.0,5.0,5.0,5.0,5.0,5.0,5.0,5.0,5.0,5.0,5.0,5.0,6.0,6.0,6.0,6.0,6.0,6.0,6.0,6.0,6.0,6.0,6.0,6.0,6.0,6.0,6.0,6.0,5.0,5.0,6.0,5.0,6.0,6.0,6.0,6.0,6.0,6.0,6.0,5.0
I3,4.0,5.0,4.0,5.0,3.0,4.0,4.0,5.0,4.0,5.0,4.0,5.0,4.0,4.0,5.0,5.0,4.0,5.0,4.0,4.0,4.0,4.0,5.0,5.0,5.0,5.0,5.0,5.0,5.0,5.0,5.0,5.0,5.0,5.0,5.0,5.0,5.0,5.0,5.0,5.0,5.0,5.0,5.0,5.0,5.0,5.0,5.0,5.0,6.0,5.0,6.0,4.0,4.0,4.0,4.0,5.0,5.0,5.0,4.0,4.0,4.0,5.0,6.0,6.0,5.0,5.0,5.0,5.0,5.0,5.0,5.0,6.0,5.0,5.0,4.0,5.0,5.0,4.0,3.0,4.0,5.0,6.0,6.0,6.0,4.0,5.0,4.0,4.0,5.0,5.0,5.0,5.0,5.0,5.0,5.0,5.0,5.0,5.0,5.0,5.0,5.0,5.0,6.0,5.0,5.0,5.0,5.0,6.0,6.0,6.0,5.0,6.0,5.0,5.0,6.0,5.0,5.0,1.0,1.0,2.0,2.0,0.0,2.0,1.0,1.0,5.0,4.0,5.0,5.0,4.0,5.0,5.0,5.0,4.0,4.0,4.0,4.0,5.0,5.0,1.0,1.0,2.0,1.0,1.0,1.0,2.0,1.0,1.0,1.0,2.0,1.0,3.0,5.0,4.0,3.0,3.0,4.0,7.0,6.0,5.0,5.0,7.0,7.0,6.0,7.0,7.0,6.0,inf,inf,5.0,6.0,5.0,5.0,5.0,6.0,6.0,6.0,5.0,6.0,5.0,5.0,5.0,6.0,5.0,5.0,6.0,6.0,4.0,4.0,4.0,4.0,4.0,4.0,4.0,5.0,5.0,4.0,4.0,3.0,5.0,5.0,2.0,4.0,4.0,5.0,4.0,4.0,4.0,5.0,4.0,5.0,4.0,4.0,5.0,4.0,4.0,4.0,5.0,5.0,5.0,5.0,4.0,4.0,5.0,5.0,5.0,5.0,5.0,5.0,5.0,6.0,5.0,5.0,5.0,4.0,5.0,4.0,5.0,5.0,4.0,4.0,5.0,4.0,5.0,4.0,4.0,4.0,4.0,5.0,5.0,5.0,4.0,5.0,5.0,4.0,4.0,4.0,5.0,4.0,4.0,5.0,5.0,5.0,5.0,5.0,5.0,5.0,5.0,5.0,5.0,5.0,5.0,5.0,5.0,6.0,6.0,6.0,6.0,6.0,6.0,6.0,6.0,6.0,6.0,6.0,6.0,6.0,6.0,6.0,6.0,5.0,5.0,6.0,5.0,6.0,6.0,6.0,6.0,6.0,6.0,6.0,5.0
I4,5.0,6.0,5.0,6.0,4.0,5.0,5.0,6.0,5.0,6.0,5.0,6.0,5.0,5.0,6.0,6.0,5.0,6.0,5.0,5.0,5.0,5.0,6.0,6.0,6.0,6.0,6.0,6.0,6.0,6.0,6.0,6.0,6.0,6.0,6.0,6.0,6.0,6.0,6.0,6.0,6.0,6.0,6.0,6.0,6.0,6.0,6.0,6.0,7.0,6.0,7.0,5.0,5.0,5.0,5.0,6.0,6.0,6.0,5.0,5.0,5.0,6.0,7.0,7.0,6.0,6.0,6.0,6.0,6.0,6.0,6.0,7.0,6.0,6.0,5.0,6.0,6.0,5.0,4.0,5.0,6.0,7.0,7.0,7.0,5.0,6.0,5.0,5.0,6.0,6.0,6.0,6.0,6.0,6.0,6.0,6.0,6.0,6.0,6.0,6.0,6.0,6.0,7.0,6.0,6.0,6.0,6.0,7.0,7.0,7.0,6.0,7.0,6.0,6.0,7.0,6.0,6.0,2.0,2.0,2.0,1.0,2.0,0.0,1.0,2.0,6.0,5.0,6.0,6.0,5.0,6.0,6.0,6.0,5.0,5.0,5.0,5.0,6.0,6.0,2.0,1.0,2.0,1.0,1.0,2.0,2.0,2.0,3.0,1.0,1.0,1.0,4.0,6.0,5.0,4.0,4.0,5.0,8.0,7.0,6.0,6.0,8.0,8.0,7.0,8.0,8.0,7.0,inf,inf,6.0,7.0,6.0,6.0,6.0,7.0,7.0,7.0,6.0,7.0,6.0,6.0,6.0,7.0,6.0,6.0,7.0,7.0,5.0,5.0,5.0,5.0,5.0,5.0,5.0,6.0,6.0,5.0,5.0,4.0,6.0,6.0,3.0,5.0,5.0,6.0,5.0,5.0,5.0,6.0,5.0,6.0,5.0,5.0,6.0,5.0,5.0,5.0,6.0,6.0,6.0,6.0,5.0,5.0,6.0,6.0,6.0,6.0,6.0,6.0,6.0,7.0,6.0,6.0,6.0,5.0,6.0,5.0,6.0,6.0,5.0,5.0,6.0,5.0,6.0,5.0,5.0,5.0,5.0,6.0,6.0,6.0,5.0,6.0,6.0,5.0,5.0,5.0,6.0,5.0,5.0,6.0,6.0,6.0,6.0,6.0,6.0,6.0,6.0,6.0,6.0,6.0,6.0,6.0,6.0,7.0,7.0,7.0,7.0,7.0,7.0,7.0,7.0,7.0,7.0,7.0,7.0,7.0,7.0,7.0,7.0,6.0,6.0,7.0,6.0,7.0,7.0,7.0,7.0,7.0,7.0,7.0,6.0
I5,4.0,5.0,4.0,5.0,3.0,4.0,4.0,5.0,4.0,5.0,4.0,5.0,4.0,4.0,5.0,5.0,4.0,5.0,4.0,4.0,4.0,4.0,5.0,5.0,5.0,5.0,5.0,5.0,5.0,5.0,5.0,5.0,5.0,5.0,5.0,5.0,5.0,5.0,5.0,5.0,5.0,5.0,5.0,5.0,5.0,5.0,5.0,5.0,6.0,5.0,6.0,4.0,4.0,4.0,4.0,5.0,5.0,5.0,4.0,4.0,4.0,5.0,6.0,6.0,5.0,5.0,5.0,5.0,5.0,5.0,5.0,6.0,5.0,5.0,4.0,5.0,5.0,4.0,3.0,4.0,5.0,6.0,6.0,6.0,4.0,5.0,4.0,4.0,5.0,5.0,5.0,5.0,5.0,5.0,5.0,5.0,5.0,5.0,5.0,5.0,5.0,5.0,6.0,5.0,5.0,5.0,5.0,6.0,6.0,6.0,5.0,6.0,5.0,5.0,6.0,5.0,5.0,1.0,2.0,1.0,1.0,1.0,1.0,0.0,2.0,5.0,4.0,5.0,5.0,4.0,5.0,5.0,5.0,4.0,4.0,4.0,4.0,5.0,5.0,1.0,1.0,2.0,1.0,1.0,1.0,1.0,2.0,2.0,1.0,1.0,1.0,3.0,5.0,4.0,3.0,3.0,4.0,7.0,6.0,5.0,5.0,7.0,7.0,6.0,7.0,7.0,6.0,inf,inf,5.0,6.0,5.0,5.0,5.0,6.0,6.0,6.0,5.0,6.0,5.0,5.0,5.0,6.0,5.0,5.0,6.0,6.0,4.0,4.0,4.0,4.0,4.0,4.0,4.0,5.0,5.0,4.0,4.0,3.0,5.0,5.0,2.0,4.0,4.0,5.0,4.0,4.0,4.0,5.0,4.0,5.0,4.0,4.0,5.0,4.0,4.0,4.0,5.0,5.0,5.0,5.0,4.0,4.0,5.0,5.0,5.0,5.0,5.0,5.0,5.0,6.0,5.0,5.0,5.0,4.0,5.0,4.0,5.0,5.0,4.0,4.0,5.0,4.0,5.0,4.0,4.0,4.0,4.0,5.0,5.0,5.0,4.0,5.0,5.0,4.0,4.0,4.0,5.0,4.0,4.0,5.0,5.0,5.0,5.0,5.0,5.0,5.0,5.0,5.0,5.0,5.0,5.0,5.0,5.0,6.0,6.0,6.0,6.0,6.0,6.0,6.0,6.0,6.0,6.0,6.0,6.0,6.0,6.0,6.0,6.0,5.0,5.0,6.0,5.0,6.0,6.0,6.0,6.0,6.0,6.0,6.0,5.0
I6,5.0,6.0,5.0,6.0,4.0,5.0,5.0,6.0,5.0,6.0,5.0,6.0,5.0,5.0,6.0,6.0,5.0,6.0,5.0,5.0,5.0,5.0,6.0,6.0,6.0,6.0,6.0,6.0,6.0,6.0,6.0,6.0,6.0,6.0,6.0,6.0,6.0,6.0,6.0,6.0,6.0,6.0,6.0,6.0,6.0,6.0,6.0,6.0,7.0,6.0,7.0,5.0,5.0,5.0,5.0,6.0,6.0,6.0,5.0,5.0,5.0,6.0,7.0,7.0,6.0,6.0,6.0,6.0,6.0,6.0,6.0,7.0,6.0,6.0,5.0,6.0,6.0,5.0,4.0,5.0,6.0,7.0,7.0,7.0,5.0,6.0,5.0,5.0,6.0,6.0,6.0,6.0,6.0,6.0,6.0,6.0,6.0,6.0,6.0,6.0,6.0,6.0,7.0,6.0,6.0,6.0,6.0,7.0,7.0,7.0,6.0,7.0,6.0,6.0,7.0,6.0,6.0,2.0,1.0,1.0,1.0,1.0,2.0,2.0,0.0,6.0,5.0,6.0,6.0,5.0,6.0,6.0,6.0,5.0,5.0,5.0,5.0,6.0,6.0,2.0,2.0,2.0,1.0,2.0,1.0,3.0,2.0,2.0,2.0,1.0,1.0,4.0,6.0,5.0,4.0,4.0,5.0,8.0,7.0,6.0,6.0,8.0,8.0,7.0,8.0,8.0,7.0,inf,inf,6.0,7.0,6.0,6.0,6.0,7.0,7.0,7.0,6.0,7.0,6.0,6.0,6.0,7.0,6.0,6.0,7.0,7.0,5.0,5.0,5.0,5.0,5.0,5.0,5.0,6.0,6.0,5.0,5.0,4.0,6.0,6.0,3.0,5.0,5.0,6.0,5.0,5.0,5.0,6.0,5.0,6.0,5.0,5.0,6.0,5.0,5.0,5.0,6.0,6.0,6.0,6.0,5.0,5.0,6.0,6.0,6.0,6.0,6.0,6.0,6.0,7.0,6.0,6.0,6.0,5.0,6.0,5.0,6.0,6.0,5.0,5.0,6.0,5.0,6.0,5.0,5.0,5.0,5.0,6.0,6.0,6.0,5.0,6.0,6.0,5.0,5.0,5.0,6.0,5.0,5.0,6.0,6.0,6.0,6.0,6.0,6.0,6.0,6.0,6.0,6.0,6.0,6.0,6.0,6.0,7.0,7.0,7.0,7.0,7.0,7.0,7.0,7.0,7.0,7.0,7.0,7.0,7.0,7.0,7.0,7.0,6.0,6.0,7.0,6.0,7.0,7.0,7.0,7.0,7.0,7.0,7.0,6.0
IL1DL,3.0,3.0,3.0,3.0,2.0,3.0,3.0,3.0,3.0,4.0,3.0,4.0,3.0,3.0,4.0,4.0,3.0,4.0,3.0,3.0,3.0,3.0,4.0,3.0,4.0,4.0,4.0,4.0,3.0,3.0,3.0,3.0,3.0,4.0,4.0,4.0,4.0,3.0,4.0,4.0,4.0,4.0,4.0,4.0,4.0,4.0,4.0,4.0,5.0,4.0,5.0,2.0,3.0,3.0,3.0,3.0,2.0,3.0,3.0,3.0,2.0,4.0,4.0,5.0,4.0,4.0,3.0,4.0,4.0,3.0,3.0,5.0,4.0,4.0,3.0,4.0,4.0,3.0,2.0,3.0,4.0,4.0,5.0,5.0,2.0,3.0,3.0,3.0,3.0,3.0,3.0,4.0,4.0,4.0,3.0,4.0,4.0,4.0,4.0,3.0,4.0,4.0,4.0,4.0,4.0,4.0,4.0,4.0,4.0,4.0,3.0,4.0,3.0,4.0,4.0,4.0,3.0,inf,inf,inf,inf,inf,inf,inf,inf,0.0,3.0,3.0,2.0,3.0,3.0,1.0,4.0,3.0,3.0,3.0,2.0,4.0,4.0,inf,inf,inf,inf,inf,inf,inf,inf,inf,inf,inf,inf,2.0,2.0,2.0,2.0,2.0,2.0,5.0,5.0,4.0,4.0,6.0,6.0,5.0,6.0,5.0,5.0,inf,inf,4.0,3.0,4.0,4.0,4.0,4.0,4.0,4.0,4.0,4.0,4.0,4.0,4.0,4.0,4.0,4.0,4.0,5.0,3.0,3.0,2.0,3.0,3.0,3.0,3.0,4.0,4.0,3.0,3.0,2.0,3.0,3.0,1.0,2.0,3.0,3.0,3.0,3.0,2.0,1.0,3.0,2.0,1.0,2.0,2.0,1.0,2.0,2.0,4.0,4.0,3.0,3.0,2.0,3.0,4.0,4.0,3.0,4.0,3.0,3.0,3.0,4.0,4.0,4.0,3.0,3.0,2.0,3.0,2.0,3.0,3.0,3.0,3.0,3.0,4.0,3.0,3.0,3.0,3.0,1.0,4.0,3.0,3.0,3.0,3.0,3.0,3.0,3.0,4.0,3.0,2.0,3.0,3.0,3.0,3.0,4.0,4.0,3.0,4.0,4.0,4.0,4.0,4.0,4.0,4.0,4.0,4.0,5.0,4.0,4.0,5.0,5.0,5.0,4.0,4.0,4.0,4.0,4.0,4.0,4.0,4.0,4.0,3.0,4.0,4.0,4.0,4.0,4.0,4.0,4.0,4.0,4.0,4.0
IL1DR,3.0,2.0,3.0,2.0,3.0,2.0,3.0,3.0,3.0,3.0,3.0,3.0,3.0,3.0,4.0,3.0,3.0,4.0,3.0,3.0,3.0,3.0,4.0,3.0,2.0,3.0,3.0,3.0,3.0,3.0,3.0,3.0,3.0,3.0,3.0,3.0,3.0,3.0,3.0,4.0,3.0,3.0,3.0,4.0,3.0,3.0,3.0,3.0,4.0,4.0,4.0,3.0,3.0,3.0,2.0,2.0,2.0,3.0,3.0,2.0,2.0,4.0,3.0,3.0,3.0,4.0,2.0,2.0,2.0,3.0,3.0,3.0,4.0,3.0,4.0,3.0,2.0,3.0,3.0,2.0,4.0,3.0,5.0,5.0,3.0,2.0,2.0,2.0,3.0,3.0,3.0,3.0,2.0,3.0,3.0,3.0,2.0,4.0,2.0,2.0,2.0,3.0,4.0,2.0,3.0,3.0,3.0,3.0,3.0,3.0,2.0,4.0,3.0,3.0,3.0,4.0,3.0,inf,inf,inf,inf,inf,inf,inf,inf,3.0,0.0,2.0,1.0,2.0,2.0,4.0,1.0,3.0,2.0,3.0,3.0,3.0,3.0,inf,inf,inf,inf,inf,inf,inf,inf,inf,inf,inf,inf,3.0,1.0,3.0,2.0,2.0,2.0,5.0,4.0,3.0,2.0,4.0,5.0,4.0,5.0,5.0,4.0,inf,inf,3.0,4.0,4.0,2.0,3.0,4.0,4.0,2.0,4.0,3.0,4.0,3.0,4.0,3.0,1.0,3.0,4.0,4.0,2.0,2.0,3.0,2.0,2.0,2.0,3.0,4.0,3.0,3.0,3.0,2.0,3.0,3.0,2.0,1.0,3.0,2.0,3.0,3.0,1.0,2.0,2.0,2.0,2.0,1.0,2.0,2.0,2.0,2.0,3.0,3.0,3.0,3.0,2.0,3.0,3.0,3.0,3.0,3.0,2.0,3.0,3.0,3.0,2.0,3.0,3.0,2.0,3.0,3.0,3.0,3.0,2.0,3.0,2.0,3.0,3.0,2.0,2.0,2.0,2.0,2.0,1.0,2.0,2.0,3.0,2.0,3.0,2.0,3.0,1.0,3.0,3.0,3.0,3.0,3.0,3.0,3.0,3.0,3.0,3.0,3.0,3.0,3.0,3.0,3.0,3.0,2.0,3.0,4.0,3.0,2.0,3.0,4.0,4.0,3.0,4.0,4.0,3.0,4.0,4.0,4.0,4.0,3.0,3.0,3.0,3.0,3.0,4.0,3.0,3.0,3.0,3.0,3.0,3.0
IL1L,2.0,3.0,1.0,2.0,3.0,3.0,2.0,3.0,3.0,3.0,3.0,3.0,3.0,2.0,2.0,3.0,3.0,4.0,3.0,3.0,3.0,2.0,3.0,2.0,3.0,3.0,3.0,3.0,2.0,2.0,2.0,3.0,3.0,3.0,3.0,3.0,3.0,3.0,3.0,3.0,3.0,3.0,4.0,2.0,3.0,3.0,3.0,3.0,4.0,3.0,4.0,3.0,3.0,2.0,2.0,2.0,2.0,2.0,2.0,2.0,1.0,3.0,2.0,3.0,2.0,3.0,3.0,3.0,3.0,2.0,2.0,4.0,3.0,3.0,3.0,3.0,3.0,3.0,3.0,3.0,2.0,3.0,4.0,4.0,2.0,2.0,2.0,3.0,2.0,2.0,2.0,3.0,3.0,3.0,3.0,3.0,3.0,3.0,3.0,2.0,3.0,3.0,4.0,3.0,3.0,3.0,3.0,4.0,3.0,3.0,3.0,3.0,2.0,2.0,3.0,3.0,3.0,inf,inf,inf,inf,inf,inf,inf,inf,3.0,2.0,0.0,2.0,2.0,3.0,3.0,3.0,1.0,3.0,3.0,2.0,3.0,3.0,inf,inf,inf,inf,inf,inf,inf,inf,inf,inf,inf,inf,1.0,2.0,2.0,3.0,2.0,2.0,4.0,4.0,3.0,3.0,4.0,5.0,4.0,5.0,4.0,4.0,inf,inf,3.0,3.0,3.0,3.0,3.0,3.0,3.0,3.0,3.0,3.0,2.0,3.0,3.0,3.0,2.0,3.0,3.0,4.0,2.0,2.0,2.0,3.0,2.0,2.0,2.0,2.0,3.0,2.0,2.0,2.0,3.0,2.0,2.0,3.0,3.0,2.0,2.0,2.0,1.0,2.0,2.0,1.0,1.0,1.0,3.0,2.0,1.0,2.0,3.0,3.0,1.0,2.0,2.0,2.0,2.0,2.0,3.0,3.0,2.0,2.0,2.0,3.0,3.0,2.0,2.0,2.0,2.0,3.0,2.0,2.0,2.0,3.0,2.0,2.0,3.0,2.0,2.0,3.0,2.0,3.0,3.0,1.0,3.0,1.0,3.0,2.0,2.0,2.0,3.0,2.0,2.0,2.0,2.0,2.0,2.0,3.0,3.0,3.0,3.0,3.0,3.0,3.0,3.0,2.0,3.0,3.0,3.0,4.0,4.0,3.0,4.0,4.0,4.0,4.0,3.0,3.0,3.0,4.0,4.0,3.0,3.0,3.0,3.0,3.0,3.0,3.0,4.0,4.0,3.0,4.0,3.0,3.0,3.0
IL1R,3.0,2.0,3.0,2.0,3.0,2.0,3.0,2.0,3.0,3.0,4.0,3.0,3.0,3.0,3.0,2.0,3.0,3.0,4.0,3.0,3.0,2.0,3.0,2.0,2.0,3.0,3.0,3.0,2.0,2.0,2.0,3.0,3.0,3.0,3.0,3.0,3.0,3.0,3.0,4.0,3.0,3.0,3.0,3.0,3.0,4.0,3.0,3.0,3.0,4.0,3.0,3.0,2.0,2.0,2.0,2.0,2.0,2.0,2.0,1.0,1.0,3.0,3.0,3.0,3.0,3.0,3.0,3.0,3.0,2.0,3.0,4.0,4.0,3.0,4.0,2.0,4.0,3.0,3.0,3.0,3.0,3.0,4.0,4.0,2.0,2.0,2.0,2.0,2.0,2.0,2.0,2.0,3.0,3.0,3.0,3.0,3.0,3.0,3.0,2.0,2.0,3.0,4.0,3.0,3.0,3.0,3.0,3.0,3.0,3.0,3.0,4.0,3.0,3.0,3.0,3.0,3.0,inf,inf,inf,inf,inf,inf,inf,inf,3.0,2.0,2.0,0.0,3.0,2.0,3.0,3.0,3.0,2.0,4.0,2.0,3.0,3.0,inf,inf,inf,inf,inf,inf,inf,inf,inf,inf,inf,inf,2.0,1.0,3.0,2.0,2.0,2.0,5.0,4.0,3.0,3.0,4.0,5.0,4.0,5.0,5.0,4.0,inf,inf,3.0,3.0,3.0,2.0,2.0,3.0,3.0,3.0,3.0,3.0,3.0,3.0,3.0,4.0,3.0,2.0,4.0,3.0,2.0,2.0,3.0,2.0,2.0,2.0,2.0,3.0,2.0,3.0,2.0,3.0,2.0,2.0,3.0,2.0,2.0,2.0,2.0,3.0,1.0,1.0,1.0,1.0,1.0,1.0,2.0,1.0,2.0,2.0,3.0,2.0,2.0,2.0,1.0,3.0,3.0,3.0,2.0,3.0,2.0,2.0,2.0,3.0,3.0,2.0,3.0,2.0,2.0,3.0,2.0,3.0,2.0,3.0,2.0,3.0,2.0,2.0,2.0,2.0,2.0,3.0,3.0,2.0,3.0,3.0,2.0,3.0,1.0,3.0,3.0,3.0,2.0,2.0,2.0,2.0,2.0,3.0,3.0,3.0,3.0,3.0,3.0,3.0,3.0,3.0,3.0,3.0,3.0,4.0,3.0,3.0,3.0,4.0,4.0,3.0,4.0,4.0,3.0,4.0,4.0,4.0,3.0,2.0,2.0,3.0,3.0,3.0,4.0,4.0,4.0,4.0,4.0,4.0,3.0
IL1VL,2.0,3.0,2.0,3.0,2.0,3.0,3.0,3.0,3.0,4.0,3.0,4.0,3.0,3.0,3.0,3.0,3.0,4.0,3.0,3.0,3.0,3.0,3.0,3.0,3.0,3.0,3.0,3.0,3.0,3.0,3.0,3.0,3.0,3.0,3.0,3.0,3.0,3.0,3.0,4.0,4.0,4.0,4.0,3.0,3.0,3.0,4.0,4.0,4.0,4.0,4.0,3.0,3.0,2.0,2.0,3.0,2.0,3.0,2.0,2.0,2.0,3.0,3.0,3.0,3.0,3.0,3.0,2.0,3.0,2.0,1.0,3.0,4.0,4.0,3.0,3.0,4.0,3.0,2.0,3.0,3.0,3.0,4.0,4.0,3.0,2.0,2.0,3.0,3.0,3.0,3.0,3.0,3.0,3.0,3.0,3.0,3.0,3.0,3.0,3.0,3.0,3.0,4.0,3.0,2.0,3.0,3.0,4.0,4.0,2.0,4.0,2.0,2.0,3.0,3.0,3.0,2.0,inf,inf,inf,inf,inf,inf,inf,inf,3.0,2.0,1.0,2.0,0.0,4.0,4.0,3.0,2.0,3.0,3.0,3.0,3.0,3.0,inf,inf,inf,inf,inf,inf,inf,inf,inf,inf,inf,inf,2.0,3.0,3.0,2.0,1.0,3.0,3.0,4.0,3.0,3.0,4.0,4.0,4.0,5.0,3.0,4.0,inf,inf,3.0,4.0,3.0,3.0,3.0,4.0,3.0,3.0,3.0,3.0,3.0,2.0,3.0,3.0,3.0,3.0,2.0,3.0,2.0,2.0,2.0,3.0,2.0,2.0,2.0,3.0,3.0,3.0,3.0,2.0,3.0,2.0,1.0,3.0,3.0,2.0,3.0,3.0,1.0,3.0,3.0,2.0,2.0,1.0,3.0,2.0,2.0,2.0,3.0,3.0,2.0,3.0,1.0,3.0,3.0,3.0,2.0,3.0,2.0,2.0,2.0,3.0,4.0,3.0,3.0,2.0,3.0,2.0,3.0,2.0,2.0,3.0,2.0,3.0,3.0,3.0,3.0,3.0,2.0,4.0,3.0,1.0,3.0,2.0,3.0,2.0,2.0,3.0,3.0,1.0,3.0,3.0,3.0,3.0,3.0,3.0,3.0,3.0,3.0,3.0,3.0,3.0,3.0,3.0,4.0,4.0,4.0,4.0,4.0,4.0,4.0,4.0,4.0,3.0,2.0,2.0,3.0,3.0,3.0,2.0,3.0,3.0,3.0,3.0,3.0,3.0,4.0,4.0,3.0,4.0,3.0,2.0,3.0
IL1VR,4.0,2.0,3.0,2.0,4.0,2.0,4.0,2.0,3.0,3.0,4.0,3.0,3.0,3.0,4.0,3.0,3.0,4.0,3.0,3.0,3.0,3.0,4.0,3.0,3.0,3.0,3.0,3.0,3.0,3.0,3.0,3.0,3.0,4.0,3.0,3.0,4.0,3.0,3.0,4.0,3.0,3.0,3.0,4.0,3.0,4.0,3.0,3.0,4.0,4.0,4.0,4.0,3.0,2.0,3.0,3.0,2.0,3.0,3.0,2.0,2.0,4.0,4.0,4.0,3.0,4.0,3.0,3.0,3.0,3.0,3.0,4.0,4.0,3.0,4.0,3.0,4.0,3.0,3.0,2.0,4.0,3.0,5.0,5.0,2.0,2.0,3.0,2.0,3.0,3.0,3.0,3.0,3.0,3.0,3.0,3.0,3.0,4.0,4.0,3.0,3.0,3.0,4.0,3.0,4.0,4.0,4.0,4.0,4.0,4.0,4.0,4.0,3.0,3.0,3.0,4.0,3.0,inf,inf,inf,inf,inf,inf,inf,inf,3.0,2.0,3.0,1.0,4.0,0.0,3.0,3.0,3.0,2.0,3.0,1.0,3.0,3.0,inf,inf,inf,inf,inf,inf,inf,inf,inf,inf,inf,inf,3.0,1.0,3.0,2.0,3.0,1.0,5.0,4.0,4.0,4.0,5.0,5.0,4.0,5.0,5.0,4.0,inf,inf,3.0,3.0,4.0,3.0,3.0,4.0,4.0,4.0,3.0,4.0,4.0,3.0,4.0,4.0,3.0,2.0,4.0,4.0,3.0,2.0,3.0,2.0,3.0,2.0,3.0,4.0,3.0,3.0,3.0,2.0,3.0,3.0,3.0,1.0,3.0,2.0,3.0,3.0,2.0,1.0,2.0,2.0,1.0,2.0,2.0,2.0,2.0,2.0,3.0,3.0,3.0,3.0,2.0,2.0,4.0,3.0,3.0,3.0,3.0,3.0,3.0,3.0,4.0,3.0,2.0,3.0,2.0,3.0,2.0,3.0,3.0,3.0,3.0,4.0,3.0,2.0,2.0,2.0,2.0,3.0,3.0,3.0,1.0,3.0,2.0,4.0,2.0,3.0,3.0,4.0,2.0,3.0,3.0,3.0,3.0,3.0,3.0,3.0,3.0,3.0,3.0,3.0,3.0,3.0,4.0,4.0,4.0,4.0,4.0,4.0,4.0,4.0,4.0,4.0,4.0,4.0,4.0,4.0,4.0,4.0,4.0,3.0,3.0,4.0,4.0,4.0,4.0,4.0,4.0,4.0,4.0,4.0,4.0
IL2DL,3.0,3.0,3.0,3.0,2.0,2.0,3.0,3.0,3.0,3.0,3.0,3.0,3.0,2.0,3.0,3.0,3.0,3.0,2.0,2.0,2.0,2.0,3.0,3.0,3.0,3.0,3.0,3.0,2.0,3.0,2.0,2.0,2.0,3.0,3.0,3.0,3.0,2.0,3.0,3.0,3.0,3.0,3.0,3.0,3.0,3.0,4.0,3.0,4.0,4.0,4.0,1.0,2.0,2.0,2.0,2.0,1.0,2.0,2.0,2.0,2.0,3.0,3.0,4.0,3.0,3.0,2.0,3.0,3.0,3.0,3.0,4.0,3.0,3.0,3.0,3.0,3.0,3.0,2.0,2.0,4.0,3.0,4.0,4.0,2.0,3.0,2.0,2.0,3.0,3.0,2.0,3.0,3.0,3.0,2.0,3.0,3.0,3.0,3.0,3.0,3.0,3.0,3.0,3.0,3.0,3.0,3.0,3.0,4.0,4.0,2.0,4.0,2.0,3.0,4.0,3.0,2.0,inf,inf,inf,inf,inf,inf,inf,inf,1.0,3.0,2.0,2.0,3.0,3.0,0.0,4.0,2.0,2.0,2.0,2.0,3.0,3.0,inf,inf,inf,inf,inf,inf,inf,inf,inf,inf,inf,inf,2.0,2.0,1.0,2.0,2.0,2.0,5.0,4.0,3.0,3.0,5.0,5.0,4.0,5.0,5.0,4.0,inf,inf,3.0,4.0,3.0,3.0,3.0,3.0,3.0,4.0,3.0,3.0,3.0,3.0,4.0,3.0,3.0,3.0,4.0,4.0,2.0,2.0,1.0,2.0,2.0,2.0,2.0,4.0,3.0,2.0,3.0,1.0,2.0,3.0,1.0,2.0,3.0,2.0,3.0,3.0,2.0,2.0,3.0,2.0,2.0,3.0,1.0,1.0,1.0,1.0,3.0,3.0,3.0,3.0,1.0,2.0,3.0,3.0,2.0,3.0,3.0,3.0,3.0,3.0,4.0,3.0,3.0,3.0,3.0,3.0,3.0,2.0,3.0,3.0,3.0,3.0,3.0,2.0,2.0,2.0,2.0,1.0,3.0,3.0,2.0,3.0,3.0,2.0,2.0,2.0,3.0,3.0,2.0,3.0,3.0,3.0,2.0,3.0,3.0,2.0,3.0,3.0,3.0,3.0,3.0,3.0,3.0,3.0,3.0,4.0,3.0,3.0,4.0,4.0,4.0,3.0,4.0,3.0,3.0,3.0,3.0,4.0,3.0,3.0,2.0,3.0,3.0,3.0,3.0,3.0,3.0,3.0,3.0,4.0,3.0
IL2DR,2.0,2.0,3.0,3.0,2.0,2.0,3.0,2.0,3.0,3.0,3.0,3.0,2.0,2.0,3.0,3.0,3.0,4.0,3.0,3.0,2.0,3.0,4.0,3.0,3.0,3.0,3.0,3.0,3.0,3.0,3.0,3.0,3.0,3.0,3.0,3.0,3.0,3.0,3.0,3.0,3.0,3.0,4.0,3.0,3.0,4.0,4.0,3.0,4.0,4.0,4.0,3.0,3.0,2.0,2.0,3.0,2.0,3.0,3.0,2.0,3.0,3.0,3.0,4.0,3.0,4.0,3.0,3.0,3.0,2.0,3.0,4.0,4.0,3.0,3.0,3.0,3.0,3.0,2.0,2.0,3.0,2.0,5.0,5.0,2.0,1.0,2.0,3.0,3.0,3.0,3.0,3.0,3.0,3.0,3.0,3.0,3.0,4.0,3.0,3.0,3.0,3.0,4.0,3.0,3.0,4.0,4.0,4.0,4.0,4.0,3.0,4.0,3.0,3.0,4.0,3.0,3.0,inf,inf,inf,inf,inf,inf,inf,inf,3.0,1.0,2.0,2.0,3.0,3.0,3.0,0.0,3.0,3.0,3.0,3.0,3.0,3.0,inf,inf,inf,inf,inf,inf,inf,inf,inf,inf,inf,inf,2.0,2.0,3.0,1.0,2.0,2.0,5.0,4.0,3.0,3.0,5.0,5.0,4.0,5.0,5.0,4.0,inf,inf,3.0,4.0,4.0,3.0,3.0,4.0,4.0,3.0,3.0,3.0,3.0,3.0,3.0,4.0,2.0,3.0,4.0,4.0,3.0,3.0,2.0,2.0,1.0,1.0,3.0,3.0,2.0,3.0,3.0,2.0,2.0,2.0,1.0,1.0,3.0,2.0,2.0,2.0,2.0,2.0,3.0,2.0,3.0,2.0,1.0,1.0,1.0,1.0,2.0,2.0,2.0,2.0,2.0,2.0,3.0,3.0,2.0,3.0,3.0,3.0,3.0,3.0,3.0,3.0,3.0,3.0,3.0,3.0,3.0,3.0,2.0,2.0,2.0,3.0,3.0,2.0,2.0,2.0,2.0,3.0,1.0,3.0,2.0,3.0,2.0,3.0,2.0,3.0,2.0,3.0,3.0,3.0,3.0,3.0,3.0,3.0,3.0,3.0,3.0,3.0,3.0,3.0,3.0,2.0,3.0,3.0,4.0,4.0,4.0,3.0,4.0,4.0,4.0,4.0,4.0,4.0,4.0,4.0,4.0,4.0,3.0,3.0,3.0,4.0,4.0,4.0,4.0,4.0,4.0,4.0,4.0,4.0,4.0
IL2L,2.0,2.0,1.0,2.0,2.0,2.0,3.0,2.0,3.0,3.0,3.0,3.0,3.0,3.0,2.0,3.0,3.0,3.0,2.0,2.0,2.0,2.0,3.0,2.0,4.0,3.0,3.0,3.0,2.0,3.0,2.0,3.0,3.0,3.0,3.0,3.0,3.0,3.0,3.0,3.0,3.0,3.0,3.0,2.0,3.0,2.0,3.0,3.0,4.0,3.0,4.0,2.0,2.0,2.0,2.0,2.0,3.0,2.0,2.0,1.0,2.0,3.0,3.0,3.0,2.0,3.0,3.0,2.0,3.0,2.0,2.0,3.0,3.0,3.0,3.0,3.0,3.0,3.0,2.0,2.0,2.0,3.0,4.0,4.0,2.0,3.0,2.0,2.0,2.0,2.0,2.0,2.0,3.0,3.0,3.0,3.0,3.0,3.0,3.0,2.0,2.0,3.0,4.0,3.0,3.0,3.0,3.0,3.0,3.0,3.0,3.0,3.0,2.0,2.0,3.0,3.0,2.0,inf,inf,inf,inf,inf,inf,inf,inf,2.0,3.0,1.0,3.0,2.0,3.0,3.0,4.0,0.0,2.0,2.0,2.0,3.0,3.0,inf,inf,inf,inf,inf,inf,inf,inf,inf,inf,inf,inf,2.0,2.0,1.0,2.0,1.0,2.0,4.0,4.0,3.0,3.0,4.0,5.0,4.0,5.0,4.0,4.0,inf,inf,3.0,3.0,3.0,2.0,2.0,3.0,3.0,3.0,3.0,3.0,3.0,3.0,3.0,3.0,3.0,2.0,3.0,3.0,2.0,2.0,2.0,2.0,1.0,2.0,2.0,2.0,3.0,2.0,2.0,1.0,2.0,2.0,2.0,2.0,2.0,2.0,2.0,2.0,2.0,2.0,2.0,1.0,2.0,2.0,2.0,2.0,1.0,1.0,3.0,2.0,2.0,3.0,2.0,2.0,3.0,2.0,2.0,3.0,2.0,2.0,2.0,3.0,3.0,3.0,2.0,2.0,3.0,2.0,2.0,2.0,3.0,2.0,2.0,2.0,3.0,2.0,2.0,2.0,2.0,3.0,3.0,1.0,2.0,2.0,2.0,1.0,3.0,2.0,3.0,3.0,2.0,2.0,3.0,2.0,2.0,3.0,3.0,3.0,3.0,3.0,3.0,3.0,3.0,2.0,3.0,3.0,3.0,4.0,3.0,3.0,3.0,4.0,4.0,3.0,3.0,3.0,3.0,3.0,3.0,3.0,3.0,2.0,2.0,3.0,3.0,3.0,4.0,4.0,3.0,4.0,4.0,3.0,3.0
IL2R,3.0,2.0,2.0,1.0,3.0,2.0,3.0,2.0,3.0,3.0,3.0,3.0,3.0,3.0,4.0,2.0,3.0,3.0,2.0,2.0,2.0,2.0,3.0,3.0,2.0,3.0,2.0,3.0,2.0,2.0,2.0,3.0,3.0,3.0,3.0,3.0,3.0,3.0,3.0,3.0,3.0,3.0,3.0,3.0,2.0,4.0,2.0,3.0,3.0,4.0,3.0,3.0,2.0,2.0,2.0,2.0,2.0,2.0,2.0,2.0,1.0,3.0,3.0,4.0,3.0,3.0,2.0,2.0,3.0,2.0,3.0,3.0,3.0,3.0,3.0,2.0,3.0,3.0,2.0,2.0,3.0,3.0,4.0,4.0,2.0,2.0,2.0,2.0,2.0,2.0,2.0,3.0,3.0,3.0,3.0,3.0,3.0,3.0,3.0,2.0,3.0,3.0,4.0,3.0,3.0,3.0,3.0,4.0,3.0,4.0,3.0,4.0,3.0,2.0,2.0,3.0,3.0,inf,inf,inf,inf,inf,inf,inf,inf,3.0,2.0,2.0,1.0,3.0,2.0,3.0,3.0,2.0,0.0,2.0,2.0,3.0,3.0,inf,inf,inf,inf,inf,inf,inf,inf,inf,inf,inf,inf,2.0,1.0,2.0,1.0,2.0,1.0,5.0,4.0,3.0,3.0,5.0,5.0,4.0,5.0,5.0,4.0,inf,inf,3.0,3.0,3.0,3.0,3.0,4.0,4.0,3.0,3.0,3.0,3.0,3.0,3.0,3.0,3.0,2.0,4.0,4.0,2.0,2.0,2.0,2.0,2.0,2.0,3.0,3.0,2.0,2.0,2.0,1.0,2.0,2.0,2.0,2.0,2.0,2.0,2.0,3.0,2.0,2.0,1.0,2.0,2.0,2.0,2.0,1.0,2.0,1.0,3.0,2.0,3.0,1.0,2.0,2.0,2.0,3.0,3.0,2.0,2.0,2.0,2.0,3.0,3.0,2.0,3.0,3.0,2.0,2.0,2.0,3.0,2.0,2.0,3.0,3.0,2.0,2.0,2.0,2.0,2.0,3.0,1.0,3.0,1.0,3.0,1.0,3.0,1.0,3.0,2.0,3.0,2.0,2.0,2.0,2.0,2.0,3.0,3.0,3.0,3.0,3.0,3.0,3.0,3.0,3.0,3.0,3.0,3.0,4.0,4.0,4.0,4.0,4.0,4.0,4.0,4.0,4.0,3.0,4.0,4.0,4.0,3.0,3.0,3.0,3.0,3.0,3.0,4.0,4.0,4.0,4.0,4.0,4.0,4.0
IL2VL,3.0,3.0,2.0,3.0,2.0,2.0,3.0,3.0,3.0,3.0,3.0,3.0,2.0,2.0,3.0,3.0,3.0,3.0,2.0,2.0,2.0,2.0,3.0,3.0,4.0,3.0,3.0,2.0,3.0,3.0,3.0,3.0,3.0,3.0,3.0,3.0,3.0,3.0,3.0,3.0,3.0,3.0,3.0,3.0,3.0,3.0,4.0,3.0,4.0,4.0,4.0,3.0,2.0,2.0,2.0,2.0,3.0,3.0,2.0,2.0,2.0,4.0,3.0,4.0,3.0,4.0,3.0,3.0,2.0,3.0,2.0,3.0,3.0,3.0,3.0,3.0,3.0,3.0,2.0,1.0,3.0,4.0,4.0,4.0,2.0,3.0,2.0,2.0,3.0,3.0,3.0,3.0,3.0,3.0,3.0,3.0,3.0,3.0,3.0,3.0,3.0,3.0,4.0,3.0,3.0,4.0,4.0,4.0,4.0,3.0,3.0,3.0,1.0,3.0,4.0,3.0,3.0,inf,inf,inf,inf,inf,inf,inf,inf,3.0,3.0,2.0,2.0,1.0,3.0,3.0,4.0,1.0,2.0,0.0,2.0,3.0,3.0,inf,inf,inf,inf,inf,inf,inf,inf,inf,inf,inf,inf,2.0,2.0,2.0,2.0,1.0,2.0,4.0,4.0,3.0,3.0,5.0,5.0,4.0,5.0,4.0,4.0,inf,inf,3.0,3.0,3.0,3.0,3.0,3.0,2.0,4.0,3.0,3.0,3.0,3.0,4.0,4.0,3.0,2.0,3.0,4.0,1.0,2.0,2.0,2.0,2.0,3.0,3.0,3.0,4.0,2.0,2.0,1.0,2.0,2.0,1.0,2.0,2.0,2.0,2.0,2.0,2.0,2.0,2.0,2.0,2.0,2.0,2.0,1.0,1.0,1.0,2.0,2.0,3.0,3.0,2.0,2.0,2.0,3.0,3.0,3.0,3.0,3.0,3.0,3.0,3.0,2.0,3.0,2.0,2.0,2.0,3.0,3.0,3.0,3.0,2.0,3.0,3.0,2.0,2.0,2.0,2.0,3.0,3.0,1.0,2.0,3.0,3.0,2.0,3.0,3.0,3.0,2.0,2.0,3.0,3.0,3.0,3.0,3.0,3.0,3.0,3.0,3.0,3.0,3.0,3.0,3.0,3.0,4.0,4.0,3.0,3.0,4.0,3.0,4.0,4.0,4.0,3.0,3.0,3.0,4.0,4.0,3.0,4.0,3.0,3.0,4.0,4.0,4.0,4.0,4.0,2.0,4.0,4.0,3.0,4.0
IL2VR,3.0,2.0,3.0,3.0,3.0,2.0,3.0,1.0,3.0,3.0,3.0,2.0,3.0,2.0,3.0,2.0,3.0,3.0,2.0,2.0,2.0,2.0,3.0,2.0,2.0,3.0,3.0,3.0,3.0,2.0,3.0,2.0,2.0,3.0,2.0,2.0,3.0,2.0,2.0,3.0,2.0,3.0,3.0,3.0,2.0,3.0,3.0,3.0,3.0,3.0,3.0,3.0,2.0,1.0,2.0,2.0,2.0,2.0,2.0,2.0,2.0,3.0,3.0,3.0,3.0,3.0,2.0,2.0,3.0,3.0,3.0,3.0,3.0,3.0,3.0,2.0,3.0,2.0,2.0,2.0,3.0,3.0,4.0,4.0,2.0,2.0,2.0,2.0,2.0,2.0,2.0,2.0,2.0,2.0,2.0,2.0,2.0,3.0,3.0,3.0,3.0,2.0,3.0,2.0,3.0,3.0,3.0,3.0,3.0,3.0,3.0,4.0,3.0,3.0,3.0,3.0,3.0,inf,inf,inf,inf,inf,inf,inf,inf,3.0,3.0,2.0,2.0,3.0,1.0,3.0,4.0,2.0,2.0,2.0,0.0,2.0,2.0,inf,inf,inf,inf,inf,inf,inf,inf,inf,inf,inf,inf,3.0,2.0,2.0,2.0,2.0,1.0,5.0,3.0,3.0,3.0,4.0,4.0,3.0,4.0,4.0,3.0,inf,inf,3.0,3.0,3.0,2.0,2.0,3.0,3.0,4.0,2.0,3.0,3.0,3.0,4.0,3.0,3.0,2.0,3.0,3.0,2.0,1.0,2.0,2.0,2.0,2.0,3.0,3.0,2.0,3.0,2.0,1.0,3.0,3.0,2.0,1.0,2.0,2.0,2.0,2.0,2.0,2.0,2.0,2.0,2.0,2.0,1.0,1.0,1.0,1.0,3.0,3.0,3.0,2.0,3.0,2.0,3.0,2.0,3.0,3.0,3.0,2.0,3.0,2.0,3.0,2.0,1.0,2.0,2.0,3.0,2.0,2.0,3.0,3.0,2.0,3.0,2.0,2.0,2.0,2.0,2.0,3.0,3.0,3.0,1.0,3.0,2.0,3.0,1.0,3.0,3.0,3.0,2.0,2.0,2.0,2.0,2.0,2.0,2.0,2.0,2.0,2.0,2.0,2.0,2.0,3.0,3.0,3.0,3.0,3.0,3.0,3.0,3.0,3.0,3.0,3.0,4.0,4.0,3.0,4.0,4.0,4.0,3.0,3.0,3.0,3.0,3.0,3.0,3.0,3.0,3.0,3.0,3.0,3.0,3.0
LUAL,3.0,3.0,3.0,3.0,3.0,3.0,3.0,3.0,4.0,3.0,3.0,3.0,3.0,3.0,3.0,3.0,2.0,4.0,4.0,4.0,3.0,3.0,2.0,2.0,3.0,3.0,3.0,3.0,2.0,2.0,3.0,2.0,2.0,2.0,2.0,2.0,2.0,2.0,2.0,3.0,3.0,4.0,3.0,4.0,2.0,3.0,3.0,3.0,3.0,4.0,3.0,4.0,3.0,1.0,1.0,2.0,2.0,1.0,1.0,2.0,2.0,3.0,2.0,2.0,2.0,3.0,1.0,1.0,3.0,3.0,2.0,2.0,4.0,3.0,3.0,3.0,4.0,4.0,3.0,3.0,2.0,2.0,3.0,3.0,3.0,3.0,3.0,3.0,2.0,2.0,2.0,2.0,2.0,2.0,2.0,2.0,2.0,2.0,2.0,2.0,2.0,2.0,3.0,2.0,2.0,3.0,3.0,3.0,3.0,3.0,3.0,3.0,2.0,3.0,2.0,3.0,3.0,inf,inf,inf,inf,inf,inf,inf,inf,3.0,4.0,4.0,4.0,4.0,4.0,4.0,5.0,4.0,4.0,4.0,4.0,0.0,2.0,inf,inf,inf,inf,inf,inf,inf,inf,inf,inf,inf,inf,3.0,3.0,4.0,4.0,3.0,4.0,4.0,3.0,2.0,2.0,3.0,4.0,1.0,2.0,3.0,3.0,inf,inf,3.0,4.0,2.0,2.0,2.0,2.0,3.0,3.0,1.0,2.0,3.0,2.0,3.0,2.0,3.0,2.0,1.0,2.0,2.0,3.0,3.0,3.0,3.0,3.0,2.0,3.0,2.0,2.0,3.0,3.0,3.0,3.0,3.0,3.0,3.0,2.0,3.0,3.0,3.0,3.0,3.0,3.0,3.0,3.0,3.0,4.0,4.0,3.0,3.0,3.0,3.0,3.0,4.0,3.0,3.0,3.0,3.0,2.0,2.0,2.0,2.0,3.0,4.0,3.0,4.0,3.0,3.0,3.0,4.0,3.0,3.0,3.0,3.0,4.0,3.0,3.0,3.0,3.0,2.0,3.0,3.0,3.0,4.0,3.0,4.0,3.0,3.0,4.0,3.0,4.0,3.0,2.0,2.0,2.0,2.0,2.0,2.0,2.0,2.0,2.0,2.0,2.0,2.0,3.0,3.0,3.0,3.0,3.0,3.0,3.0,3.0,3.0,3.0,3.0,3.0,3.0,3.0,4.0,4.0,3.0,3.0,3.0,3.0,3.0,3.0,3.0,3.0,3.0,3.0,3.0,3.0,2.0,3.0
LUAR,3.0,2.0,3.0,3.0,3.0,3.0,3.0,3.0,4.0,4.0,3.0,3.0,3.0,3.0,3.0,3.0,3.0,4.0,4.0,4.0,3.0,3.0,2.0,2.0,2.0,3.0,3.0,2.0,2.0,2.0,3.0,2.0,2.0,2.0,2.0,2.0,2.0,2.0,2.0,4.0,3.0,4.0,3.0,4.0,3.0,4.0,3.0,3.0,3.0,4.0,3.0,3.0,3.0,1.0,1.0,2.0,2.0,1.0,1.0,2.0,2.0,3.0,2.0,2.0,2.0,3.0,2.0,1.0,2.0,3.0,2.0,2.0,4.0,3.0,4.0,3.0,4.0,4.0,3.0,3.0,2.0,2.0,3.0,3.0,3.0,3.0,3.0,2.0,2.0,2.0,2.0,2.0,2.0,2.0,2.0,2.0,2.0,2.0,2.0,2.0,2.0,2.0,3.0,2.0,2.0,3.0,3.0,3.0,3.0,2.0,2.0,3.0,2.0,2.0,2.0,3.0,3.0,inf,inf,inf,inf,inf,inf,inf,inf,3.0,2.0,3.0,3.0,2.0,2.0,4.0,3.0,4.0,4.0,4.0,3.0,2.0,0.0,inf,inf,inf,inf,inf,inf,inf,inf,inf,inf,inf,inf,3.0,3.0,4.0,3.0,3.0,3.0,4.0,1.0,2.0,2.0,3.0,4.0,2.0,3.0,4.0,3.0,inf,inf,3.0,4.0,1.0,2.0,1.0,2.0,2.0,2.0,1.0,2.0,3.0,2.0,3.0,2.0,1.0,2.0,1.0,1.0,2.0,3.0,3.0,3.0,3.0,3.0,2.0,3.0,3.0,2.0,3.0,3.0,3.0,3.0,2.0,2.0,3.0,3.0,3.0,3.0,3.0,3.0,3.0,3.0,3.0,3.0,3.0,3.0,4.0,3.0,3.0,3.0,3.0,3.0,3.0,3.0,3.0,3.0,3.0,2.0,2.0,2.0,2.0,3.0,2.0,3.0,4.0,3.0,3.0,3.0,3.0,3.0,2.0,3.0,3.0,3.0,3.0,3.0,3.0,3.0,2.0,2.0,3.0,3.0,3.0,3.0,3.0,3.0,3.0,3.0,3.0,3.0,3.0,2.0,2.0,2.0,2.0,2.0,2.0,2.0,2.0,2.0,2.0,2.0,2.0,3.0,3.0,2.0,2.0,3.0,2.0,2.0,2.0,3.0,3.0,2.0,3.0,3.0,3.0,4.0,4.0,3.0,3.0,3.0,3.0,3.0,3.0,3.0,3.0,3.0,3.0,3.0,3.0,2.0,2.0
M1,3.0,4.0,3.0,4.0,2.0,3.0,3.0,4.0,3.0,4.0,3.0,4.0,3.0,3.0,4.0,4.0,3.0,4.0,3.0,3.0,3.0,3.0,4.0,4.0,4.0,4.0,4.0,4.0,4.0,4.0,4.0,4.0,4.0,4.0,4.0,4.0,4.0,4.0,4.0,4.0,4.0,4.0,4.0,4.0,4.0,4.0,4.0,4.0,5.0,4.0,5.0,3.0,3.0,3.0,3.0,4.0,4.0,4.0,3.0,3.0,3.0,4.0,5.0,5.0,4.0,4.0,4.0,4.0,4.0,4.0,4.0,5.0,4.0,4.0,3.0,4.0,4.0,3.0,2.0,3.0,4.0,5.0,5.0,5.0,3.0,4.0,3.0,3.0,4.0,4.0,4.0,4.0,4.0,4.0,4.0,4.0,4.0,4.0,4.0,4.0,4.0,4.0,5.0,4.0,4.0,4.0,4.0,5.0,5.0,5.0,4.0,5.0,4.0,4.0,5.0,4.0,4.0,2.0,1.0,1.0,1.0,1.0,1.0,1.0,2.0,4.0,3.0,4.0,4.0,3.0,4.0,4.0,4.0,3.0,3.0,3.0,3.0,4.0,4.0,0.0,2.0,2.0,2.0,2.0,1.0,1.0,2.0,2.0,1.0,1.0,2.0,2.0,4.0,3.0,2.0,2.0,3.0,6.0,5.0,4.0,4.0,6.0,6.0,5.0,6.0,6.0,5.0,inf,inf,4.0,5.0,4.0,4.0,4.0,5.0,5.0,5.0,4.0,5.0,4.0,4.0,4.0,5.0,4.0,4.0,5.0,5.0,3.0,3.0,3.0,3.0,3.0,3.0,3.0,4.0,4.0,3.0,3.0,2.0,4.0,4.0,1.0,3.0,3.0,4.0,3.0,3.0,3.0,4.0,3.0,4.0,3.0,3.0,4.0,3.0,3.0,3.0,4.0,4.0,4.0,4.0,3.0,3.0,4.0,4.0,4.0,4.0,4.0,4.0,4.0,5.0,4.0,4.0,4.0,3.0,4.0,3.0,4.0,4.0,3.0,3.0,4.0,3.0,4.0,3.0,3.0,3.0,3.0,4.0,4.0,4.0,3.0,4.0,4.0,3.0,3.0,3.0,4.0,3.0,3.0,4.0,4.0,4.0,4.0,4.0,4.0,4.0,4.0,4.0,4.0,4.0,4.0,4.0,4.0,5.0,5.0,5.0,5.0,5.0,5.0,5.0,5.0,5.0,5.0,5.0,5.0,5.0,5.0,5.0,5.0,4.0,4.0,5.0,4.0,5.0,5.0,5.0,5.0,5.0,5.0,5.0,4.0
M2L,5.0,6.0,5.0,6.0,4.0,5.0,5.0,6.0,5.0,6.0,5.0,6.0,5.0,5.0,6.0,6.0,5.0,6.0,5.0,5.0,5.0,5.0,6.0,6.0,6.0,6.0,6.0,6.0,6.0,6.0,6.0,6.0,6.0,6.0,6.0,6.0,6.0,6.0,6.0,6.0,6.0,6.0,6.0,6.0,6.0,6.0,6.0,6.0,7.0,6.0,7.0,5.0,5.0,5.0,5.0,6.0,6.0,6.0,5.0,5.0,5.0,6.0,7.0,7.0,6.0,6.0,6.0,6.0,6.0,6.0,6.0,7.0,6.0,6.0,5.0,6.0,6.0,5.0,4.0,5.0,6.0,7.0,7.0,7.0,5.0,6.0,5.0,5.0,6.0,6.0,6.0,6.0,6.0,6.0,6.0,6.0,6.0,6.0,6.0,6.0,6.0,6.0,7.0,6.0,6.0,6.0,6.0,7.0,7.0,7.0,6.0,7.0,6.0,6.0,7.0,6.0,6.0,2.0,2.0,2.0,2.0,1.0,1.0,1.0,2.0,6.0,5.0,6.0,6.0,5.0,6.0,6.0,6.0,5.0,5.0,5.0,5.0,6.0,6.0,2.0,0.0,3.0,1.0,1.0,2.0,2.0,2.0,2.0,2.0,2.0,2.0,4.0,6.0,5.0,4.0,4.0,5.0,8.0,7.0,6.0,6.0,8.0,8.0,7.0,8.0,8.0,7.0,inf,inf,6.0,7.0,6.0,6.0,6.0,7.0,7.0,7.0,6.0,7.0,6.0,6.0,6.0,7.0,6.0,6.0,7.0,7.0,5.0,5.0,5.0,5.0,5.0,5.0,5.0,6.0,6.0,5.0,5.0,4.0,6.0,6.0,3.0,5.0,5.0,6.0,5.0,5.0,5.0,6.0,5.0,6.0,5.0,5.0,6.0,5.0,5.0,5.0,6.0,6.0,6.0,6.0,5.0,5.0,6.0,6.0,6.0,6.0,6.0,6.0,6.0,7.0,6.0,6.0,6.0,5.0,6.0,5.0,6.0,6.0,5.0,5.0,6.0,5.0,6.0,5.0,5.0,5.0,5.0,6.0,6.0,6.0,5.0,6.0,6.0,5.0,5.0,5.0,6.0,5.0,5.0,6.0,6.0,6.0,6.0,6.0,6.0,6.0,6.0,6.0,6.0,6.0,6.0,6.0,6.0,7.0,7.0,7.0,7.0,7.0,7.0,7.0,7.0,7.0,7.0,7.0,7.0,7.0,7.0,7.0,7.0,6.0,6.0,7.0,6.0,7.0,7.0,7.0,7.0,7.0,7.0,7.0,6.0
M2R,5.0,6.0,5.0,6.0,4.0,5.0,5.0,6.0,5.0,6.0,5.0,6.0,5.0,5.0,6.0,6.0,5.0,6.0,5.0,5.0,5.0,5.0,6.0,6.0,6.0,6.0,6.0,6.0,6.0,6.0,6.0,6.0,6.0,6.0,6.0,6.0,6.0,6.0,6.0,6.0,6.0,6.0,6.0,6.0,6.0,6.0,6.0,6.0,7.0,6.0,7.0,5.0,5.0,5.0,5.0,6.0,6.0,6.0,5.0,5.0,5.0,6.0,7.0,7.0,6.0,6.0,6.0,6.0,6.0,6.0,6.0,7.0,6.0,6.0,5.0,6.0,6.0,5.0,4.0,5.0,6.0,7.0,7.0,7.0,5.0,6.0,5.0,5.0,6.0,6.0,6.0,6.0,6.0,6.0,6.0,6.0,6.0,6.0,6.0,6.0,6.0,6.0,7.0,6.0,6.0,6.0,6.0,7.0,7.0,7.0,6.0,7.0,6.0,6.0,7.0,6.0,6.0,2.0,3.0,2.0,2.0,2.0,1.0,1.0,2.0,6.0,5.0,6.0,6.0,5.0,6.0,6.0,6.0,5.0,5.0,5.0,5.0,6.0,6.0,2.0,2.0,0.0,1.0,1.0,2.0,2.0,3.0,3.0,2.0,2.0,1.0,4.0,6.0,5.0,4.0,4.0,5.0,8.0,7.0,6.0,6.0,8.0,8.0,7.0,8.0,8.0,7.0,inf,inf,6.0,7.0,6.0,6.0,6.0,7.0,7.0,7.0,6.0,7.0,6.0,6.0,6.0,7.0,6.0,6.0,7.0,7.0,5.0,5.0,5.0,5.0,5.0,5.0,5.0,6.0,6.0,5.0,5.0,4.0,6.0,6.0,3.0,5.0,5.0,6.0,5.0,5.0,5.0,6.0,5.0,6.0,5.0,5.0,6.0,5.0,5.0,5.0,6.0,6.0,6.0,6.0,5.0,5.0,6.0,6.0,6.0,6.0,6.0,6.0,6.0,7.0,6.0,6.0,6.0,5.0,6.0,5.0,6.0,6.0,5.0,5.0,6.0,5.0,6.0,5.0,5.0,5.0,5.0,6.0,6.0,6.0,5.0,6.0,6.0,5.0,5.0,5.0,6.0,5.0,5.0,6.0,6.0,6.0,6.0,6.0,6.0,6.0,6.0,6.0,6.0,6.0,6.0,6.0,6.0,7.0,7.0,7.0,7.0,7.0,7.0,7.0,7.0,7.0,7.0,7.0,7.0,7.0,7.0,7.0,7.0,6.0,6.0,7.0,6.0,7.0,7.0,7.0,7.0,7.0,7.0,7.0,6.0
M3L,7.0,8.0,7.0,8.0,6.0,7.0,7.0,8.0,7.0,8.0,7.0,8.0,7.0,7.0,8.0,8.0,7.0,8.0,7.0,7.0,7.0,7.0,8.0,8.0,8.0,8.0,8.0,8.0,8.0,8.0,8.0,8.0,8.0,8.0,8.0,8.0,8.0,8.0,8.0,8.0,8.0,8.0,8.0,8.0,8.0,8.0,8.0,8.0,9.0,8.0,9.0,7.0,7.0,7.0,7.0,8.0,8.0,8.0,7.0,7.0,7.0,8.0,9.0,9.0,8.0,8.0,8.0,8.0,8.0,8.0,8.0,9.0,8.0,8.0,7.0,8.0,8.0,7.0,6.0,7.0,8.0,9.0,9.0,9.0,7.0,8.0,7.0,7.0,8.0,8.0,8.0,8.0,8.0,8.0,8.0,8.0,8.0,8.0,8.0,8.0,8.0,8.0,9.0,8.0,8.0,8.0,8.0,9.0,9.0,9.0,8.0,9.0,8.0,8.0,9.0,8.0,8.0,4.0,3.0,3.0,3.0,3.0,2.0,3.0,2.0,8.0,7.0,8.0,8.0,7.0,8.0,8.0,8.0,7.0,7.0,7.0,7.0,8.0,8.0,4.0,3.0,4.0,0.0,2.0,2.0,4.0,3.0,4.0,3.0,1.0,2.0,6.0,8.0,7.0,6.0,6.0,7.0,10.0,9.0,8.0,8.0,10.0,10.0,9.0,10.0,10.0,9.0,inf,inf,8.0,9.0,8.0,8.0,8.0,9.0,9.0,9.0,8.0,9.0,8.0,8.0,8.0,9.0,8.0,8.0,9.0,9.0,7.0,7.0,7.0,7.0,7.0,7.0,7.0,8.0,8.0,7.0,7.0,6.0,8.0,8.0,5.0,7.0,7.0,8.0,7.0,7.0,7.0,8.0,7.0,8.0,7.0,7.0,8.0,7.0,7.0,7.0,8.0,8.0,8.0,8.0,7.0,7.0,8.0,8.0,8.0,8.0,8.0,8.0,8.0,9.0,8.0,8.0,8.0,7.0,8.0,7.0,8.0,8.0,7.0,7.0,8.0,7.0,8.0,7.0,7.0,7.0,7.0,8.0,8.0,8.0,7.0,8.0,8.0,7.0,7.0,7.0,8.0,7.0,7.0,8.0,8.0,8.0,8.0,8.0,8.0,8.0,8.0,8.0,8.0,8.0,8.0,8.0,8.0,9.0,9.0,9.0,9.0,9.0,9.0,9.0,9.0,9.0,9.0,9.0,9.0,9.0,9.0,9.0,9.0,8.0,8.0,9.0,8.0,9.0,9.0,9.0,9.0,9.0,9.0,9.0,8.0
M3R,6.0,7.0,6.0,7.0,5.0,6.0,6.0,7.0,6.0,7.0,6.0,7.0,6.0,6.0,7.0,7.0,6.0,7.0,6.0,6.0,6.0,6.0,7.0,7.0,7.0,7.0,7.0,7.0,7.0,7.0,7.0,7.0,7.0,7.0,7.0,7.0,7.0,7.0,7.0,7.0,7.0,7.0,7.0,7.0,7.0,7.0,7.0,7.0,8.0,7.0,8.0,6.0,6.0,6.0,6.0,7.0,7.0,7.0,6.0,6.0,6.0,7.0,8.0,8.0,7.0,7.0,7.0,7.0,7.0,7.0,7.0,8.0,7.0,7.0,6.0,7.0,7.0,6.0,5.0,6.0,7.0,8.0,8.0,8.0,6.0,7.0,6.0,6.0,7.0,7.0,7.0,7.0,7.0,7.0,7.0,7.0,7.0,7.0,7.0,7.0,7.0,7.0,8.0,7.0,7.0,7.0,7.0,8.0,8.0,8.0,7.0,8.0,7.0,7.0,8.0,7.0,7.0,3.0,4.0,3.0,3.0,3.0,2.0,2.0,4.0,7.0,6.0,7.0,7.0,6.0,7.0,7.0,7.0,6.0,6.0,6.0,6.0,7.0,7.0,3.0,2.0,4.0,2.0,0.0,1.0,3.0,2.0,4.0,3.0,3.0,3.0,5.0,7.0,6.0,5.0,5.0,6.0,9.0,8.0,7.0,7.0,9.0,9.0,8.0,9.0,9.0,8.0,inf,inf,7.0,8.0,7.0,7.0,7.0,8.0,8.0,8.0,7.0,8.0,7.0,7.0,7.0,8.0,7.0,7.0,8.0,8.0,6.0,6.0,6.0,6.0,6.0,6.0,6.0,7.0,7.0,6.0,6.0,5.0,7.0,7.0,4.0,6.0,6.0,7.0,6.0,6.0,6.0,7.0,6.0,7.0,6.0,6.0,7.0,6.0,6.0,6.0,7.0,7.0,7.0,7.0,6.0,6.0,7.0,7.0,7.0,7.0,7.0,7.0,7.0,8.0,7.0,7.0,7.0,6.0,7.0,6.0,7.0,7.0,6.0,6.0,7.0,6.0,7.0,6.0,6.0,6.0,6.0,7.0,7.0,7.0,6.0,7.0,7.0,6.0,6.0,6.0,7.0,6.0,6.0,7.0,7.0,7.0,7.0,7.0,7.0,7.0,7.0,7.0,7.0,7.0,7.0,7.0,7.0,8.0,8.0,8.0,8.0,8.0,8.0,8.0,8.0,8.0,8.0,8.0,8.0,8.0,8.0,8.0,8.0,7.0,7.0,8.0,7.0,8.0,8.0,8.0,8.0,8.0,8.0,8.0,7.0
M4,5.0,6.0,5.0,6.0,4.0,5.0,5.0,6.0,5.0,6.0,5.0,6.0,5.0,5.0,6.0,6.0,5.0,6.0,5.0,5.0,5.0,5.0,6.0,6.0,6.0,6.0,6.0,6.0,6.0,6.0,6.0,6.0,6.0,6.0,6.0,6.0,6.0,6.0,6.0,6.0,6.0,6.0,6.0,6.0,6.0,6.0,6.0,6.0,7.0,6.0,7.0,5.0,5.0,5.0,5.0,6.0,6.0,6.0,5.0,5.0,5.0,6.0,7.0,7.0,6.0,6.0,6.0,6.0,6.0,6.0,6.0,7.0,6.0,6.0,5.0,6.0,6.0,5.0,4.0,5.0,6.0,7.0,7.0,7.0,5.0,6.0,5.0,5.0,6.0,6.0,6.0,6.0,6.0,6.0,6.0,6.0,6.0,6.0,6.0,6.0,6.0,6.0,7.0,6.0,6.0,6.0,6.0,7.0,7.0,7.0,6.0,7.0,6.0,6.0,7.0,6.0,6.0,2.0,3.0,2.0,2.0,2.0,1.0,1.0,3.0,6.0,5.0,6.0,6.0,5.0,6.0,6.0,6.0,5.0,5.0,5.0,5.0,6.0,6.0,2.0,1.0,3.0,1.0,2.0,0.0,2.0,1.0,3.0,2.0,2.0,2.0,4.0,6.0,5.0,4.0,4.0,5.0,8.0,7.0,6.0,6.0,8.0,8.0,7.0,8.0,8.0,7.0,inf,inf,6.0,7.0,6.0,6.0,6.0,7.0,7.0,7.0,6.0,7.0,6.0,6.0,6.0,7.0,6.0,6.0,7.0,7.0,5.0,5.0,5.0,5.0,5.0,5.0,5.0,6.0,6.0,5.0,5.0,4.0,6.0,6.0,3.0,5.0,5.0,6.0,5.0,5.0,5.0,6.0,5.0,6.0,5.0,5.0,6.0,5.0,5.0,5.0,6.0,6.0,6.0,6.0,5.0,5.0,6.0,6.0,6.0,6.0,6.0,6.0,6.0,7.0,6.0,6.0,6.0,5.0,6.0,5.0,6.0,6.0,5.0,5.0,6.0,5.0,6.0,5.0,5.0,5.0,5.0,6.0,6.0,6.0,5.0,6.0,6.0,5.0,5.0,5.0,6.0,5.0,5.0,6.0,6.0,6.0,6.0,6.0,6.0,6.0,6.0,6.0,6.0,6.0,6.0,6.0,6.0,7.0,7.0,7.0,7.0,7.0,7.0,7.0,7.0,7.0,7.0,7.0,7.0,7.0,7.0,7.0,7.0,6.0,6.0,7.0,6.0,7.0,7.0,7.0,7.0,7.0,7.0,7.0,6.0
M5,4.0,5.0,4.0,5.0,3.0,4.0,4.0,5.0,4.0,5.0,4.0,5.0,4.0,4.0,5.0,5.0,4.0,5.0,4.0,4.0,4.0,4.0,5.0,5.0,5.0,5.0,5.0,5.0,5.0,5.0,5.0,5.0,5.0,5.0,5.0,5.0,5.0,5.0,5.0,5.0,5.0,5.0,5.0,5.0,5.0,5.0,5.0,5.0,6.0,5.0,6.0,4.0,4.0,4.0,4.0,5.0,5.0,5.0,4.0,4.0,4.0,5.0,6.0,6.0,5.0,5.0,5.0,5.0,5.0,5.0,5.0,6.0,5.0,5.0,4.0,5.0,5.0,4.0,3.0,4.0,5.0,6.0,6.0,6.0,4.0,5.0,4.0,4.0,5.0,5.0,5.0,5.0,5.0,5.0,5.0,5.0,5.0,5.0,5.0,5.0,5.0,5.0,6.0,5.0,5.0,5.0,5.0,6.0,6.0,6.0,5.0,6.0,5.0,5.0,6.0,5.0,5.0,2.0,2.0,2.0,2.0,2.0,2.0,1.0,3.0,5.0,4.0,5.0,5.0,4.0,5.0,5.0,5.0,4.0,4.0,4.0,4.0,5.0,5.0,1.0,2.0,3.0,2.0,2.0,2.0,0.0,3.0,3.0,2.0,2.0,2.0,3.0,5.0,4.0,3.0,3.0,4.0,7.0,6.0,5.0,5.0,7.0,7.0,6.0,7.0,7.0,6.0,inf,inf,5.0,6.0,5.0,5.0,5.0,6.0,6.0,6.0,5.0,6.0,5.0,5.0,5.0,6.0,5.0,5.0,6.0,6.0,4.0,4.0,4.0,4.0,4.0,4.0,4.0,5.0,5.0,4.0,4.0,3.0,5.0,5.0,2.0,4.0,4.0,5.0,4.0,4.0,4.0,5.0,4.0,5.0,4.0,4.0,5.0,4.0,4.0,4.0,5.0,5.0,5.0,5.0,4.0,4.0,5.0,5.0,5.0,5.0,5.0,5.0,5.0,6.0,5.0,5.0,5.0,4.0,5.0,4.0,5.0,5.0,4.0,4.0,5.0,4.0,5.0,4.0,4.0,4.0,4.0,5.0,5.0,5.0,4.0,5.0,5.0,4.0,4.0,4.0,5.0,4.0,4.0,5.0,5.0,5.0,5.0,5.0,5.0,5.0,5.0,5.0,5.0,5.0,5.0,5.0,5.0,6.0,6.0,6.0,6.0,6.0,6.0,6.0,6.0,6.0,6.0,6.0,6.0,6.0,6.0,6.0,6.0,5.0,5.0,6.0,5.0,6.0,6.0,6.0,6.0,6.0,6.0,6.0,5.0
MCL,inf,inf,inf,inf,inf,inf,inf,inf,inf,inf,inf,inf,inf,inf,inf,inf,inf,inf,inf,inf,inf,inf,inf,inf,inf,inf,inf,inf,inf,inf,inf,inf,inf,inf,inf,inf,inf,inf,inf,inf,inf,inf,inf,inf,inf,inf,inf,inf,inf,inf,inf,inf,inf,inf,inf,inf,inf,inf,inf,inf,inf,inf,inf,inf,inf,inf,inf,inf,inf,inf,inf,inf,inf,inf,inf,inf,inf,inf,inf,inf,inf,inf,inf,inf,inf,inf,inf,inf,inf,inf,inf,inf,inf,inf,inf,inf,inf,inf,inf,inf,inf,inf,inf,inf,inf,inf,inf,inf,inf,inf,inf,inf,inf,inf,inf,inf,inf,inf,inf,inf,inf,inf,inf,inf,inf,inf,inf,inf,inf,inf,inf,inf,inf,inf,inf,inf,inf,inf,inf,inf,inf,inf,inf,inf,inf,inf,0.0,inf,inf,inf,inf,inf,inf,inf,inf,inf,inf,inf,inf,inf,inf,inf,inf,inf,inf,inf,inf,inf,inf,inf,inf,inf,inf,inf,inf,inf,inf,inf,inf,inf,inf,inf,inf,inf,inf,inf,inf,inf,inf,inf,inf,inf,inf,inf,inf,inf,inf,inf,inf,inf,inf,inf,inf,inf,inf,inf,inf,inf,inf,inf,inf,inf,inf,inf,inf,inf,inf,inf,inf,inf,inf,inf,inf,inf,inf,inf,inf,inf,inf,inf,inf,inf,inf,inf,inf,inf,inf,inf,inf,inf,inf,inf,inf,inf,inf,inf,inf,inf,inf,inf,inf,inf,inf,inf,inf,inf,inf,inf,inf,inf,inf,inf,inf,inf,inf,inf,inf,inf,inf,inf,inf,inf,inf,inf,inf,inf,inf,inf,inf,inf,inf,inf,inf,inf,inf,inf,inf,inf,inf,inf,inf,inf,inf,inf,inf,inf,inf,inf,inf,inf,inf,inf
MCR,inf,inf,inf,inf,inf,inf,inf,inf,inf,inf,inf,inf,inf,inf,inf,inf,inf,inf,inf,inf,inf,inf,inf,inf,inf,inf,inf,inf,inf,inf,inf,inf,inf,inf,inf,inf,inf,inf,inf,inf,inf,inf,inf,inf,inf,inf,inf,inf,inf,inf,inf,inf,inf,inf,inf,inf,inf,inf,inf,inf,inf,inf,inf,inf,inf,inf,inf,inf,inf,inf,inf,inf,inf,inf,inf,inf,inf,inf,inf,inf,inf,inf,inf,inf,inf,inf,inf,inf,inf,inf,inf,inf,inf,inf,inf,inf,inf,inf,inf,inf,inf,inf,inf,inf,inf,inf,inf,inf,inf,inf,inf,inf,inf,inf,inf,inf,inf,inf,inf,inf,inf,inf,inf,inf,inf,inf,inf,inf,inf,inf,inf,inf,inf,inf,inf,inf,inf,inf,inf,inf,inf,inf,inf,inf,inf,inf,inf,0.0,inf,inf,inf,inf,inf,inf,inf,inf,inf,inf,inf,inf,inf,inf,inf,inf,inf,inf,inf,inf,inf,inf,inf,inf,inf,inf,inf,inf,inf,inf,inf,inf,inf,inf,inf,inf,inf,inf,inf,inf,inf,inf,inf,inf,inf,inf,inf,inf,inf,inf,inf,inf,inf,inf,inf,inf,inf,inf,inf,inf,inf,inf,inf,inf,inf,inf,inf,inf,inf,inf,inf,inf,inf,inf,inf,inf,inf,inf,inf,inf,inf,inf,inf,inf,inf,inf,inf,inf,inf,inf,inf,inf,inf,inf,inf,inf,inf,inf,inf,inf,inf,inf,inf,inf,inf,inf,inf,inf,inf,inf,inf,inf,inf,inf,inf,inf,inf,inf,inf,inf,inf,inf,inf,inf,inf,inf,inf,inf,inf,inf,inf,inf,inf,inf,inf,inf,inf,inf,inf,inf,inf,inf,inf,inf,inf,inf,inf,inf,inf,inf,inf,inf,inf,inf
MI,4.0,5.0,4.0,5.0,3.0,4.0,4.0,5.0,4.0,5.0,4.0,5.0,4.0,4.0,5.0,5.0,4.0,5.0,4.0,4.0,4.0,4.0,5.0,5.0,5.0,5.0,5.0,5.0,5.0,5.0,5.0,5.0,5.0,5.0,5.0,5.0,5.0,5.0,5.0,5.0,5.0,5.0,5.0,5.0,5.0,5.0,5.0,5.0,6.0,5.0,6.0,4.0,4.0,4.0,4.0,5.0,5.0,5.0,4.0,4.0,4.0,5.0,6.0,6.0,5.0,5.0,5.0,5.0,5.0,5.0,5.0,6.0,5.0,5.0,4.0,5.0,5.0,4.0,3.0,4.0,5.0,6.0,6.0,6.0,4.0,5.0,4.0,4.0,5.0,5.0,5.0,5.0,5.0,5.0,5.0,5.0,5.0,5.0,5.0,5.0,5.0,5.0,6.0,5.0,5.0,5.0,5.0,6.0,6.0,6.0,5.0,6.0,5.0,5.0,6.0,5.0,5.0,1.0,2.0,2.0,2.0,1.0,1.0,2.0,2.0,5.0,4.0,5.0,5.0,4.0,5.0,5.0,5.0,4.0,4.0,4.0,4.0,5.0,5.0,1.0,1.0,1.0,1.0,1.0,2.0,2.0,1.0,2.0,0.0,1.0,1.0,3.0,5.0,4.0,3.0,3.0,4.0,7.0,6.0,5.0,5.0,7.0,7.0,6.0,7.0,7.0,6.0,inf,inf,5.0,6.0,5.0,5.0,5.0,6.0,6.0,6.0,5.0,6.0,5.0,5.0,5.0,6.0,5.0,5.0,6.0,6.0,4.0,4.0,4.0,4.0,4.0,4.0,4.0,5.0,5.0,4.0,4.0,3.0,5.0,5.0,2.0,4.0,4.0,5.0,4.0,4.0,4.0,5.0,4.0,5.0,4.0,4.0,5.0,4.0,4.0,4.0,5.0,5.0,5.0,5.0,4.0,4.0,5.0,5.0,5.0,5.0,5.0,5.0,5.0,6.0,5.0,5.0,5.0,4.0,5.0,4.0,5.0,5.0,4.0,4.0,5.0,4.0,5.0,4.0,4.0,4.0,4.0,5.0,5.0,5.0,4.0,5.0,5.0,4.0,4.0,4.0,5.0,4.0,4.0,5.0,5.0,5.0,5.0,5.0,5.0,5.0,5.0,5.0,5.0,5.0,5.0,5.0,5.0,6.0,6.0,6.0,6.0,6.0,6.0,6.0,6.0,6.0,6.0,6.0,6.0,6.0,6.0,6.0,6.0,5.0,5.0,6.0,5.0,6.0,6.0,6.0,6.0,6.0,6.0,6.0,5.0
NSML,6.0,7.0,6.0,7.0,5.0,6.0,6.0,7.0,6.0,7.0,6.0,7.0,6.0,6.0,7.0,7.0,6.0,7.0,6.0,6.0,6.0,6.0,7.0,7.0,7.0,7.0,7.0,7.0,7.0,7.0,7.0,7.0,7.0,7.0,7.0,7.0,7.0,7.0,7.0,7.0,7.0,7.0,7.0,7.0,7.0,7.0,7.0,7.0,8.0,7.0,8.0,6.0,6.0,6.0,6.0,7.0,7.0,7.0,6.0,6.0,6.0,7.0,8.0,8.0,7.0,7.0,7.0,7.0,7.0,7.0,7.0,8.0,7.0,7.0,6.0,7.0,7.0,6.0,5.0,6.0,7.0,8.0,8.0,8.0,6.0,7.0,6.0,6.0,7.0,7.0,7.0,7.0,7.0,7.0,7.0,7.0,7.0,7.0,7.0,7.0,7.0,7.0,8.0,7.0,7.0,7.0,7.0,8.0,8.0,8.0,7.0,8.0,7.0,7.0,8.0,7.0,7.0,3.0,2.0,2.0,2.0,2.0,1.0,2.0,1.0,7.0,6.0,7.0,7.0,6.0,7.0,7.0,7.0,6.0,6.0,6.0,6.0,7.0,7.0,3.0,2.0,3.0,1.0,1.0,1.0,3.0,2.0,3.0,2.0,0.0,1.0,5.0,7.0,6.0,5.0,5.0,6.0,9.0,8.0,7.0,7.0,9.0,9.0,8.0,9.0,9.0,8.0,inf,inf,7.0,8.0,7.0,7.0,7.0,8.0,8.0,8.0,7.0,8.0,7.0,7.0,7.0,8.0,7.0,7.0,8.0,8.0,6.0,6.0,6.0,6.0,6.0,6.0,6.0,7.0,7.0,6.0,6.0,5.0,7.0,7.0,4.0,6.0,6.0,7.0,6.0,6.0,6.0,7.0,6.0,7.0,6.0,6.0,7.0,6.0,6.0,6.0,7.0,7.0,7.0,7.0,6.0,6.0,7.0,7.0,7.0,7.0,7.0,7.0,7.0,8.0,7.0,7.0,7.0,6.0,7.0,6.0,7.0,7.0,6.0,6.0,7.0,6.0,7.0,6.0,6.0,6.0,6.0,7.0,7.0,7.0,6.0,7.0,7.0,6.0,6.0,6.0,7.0,6.0,6.0,7.0,7.0,7.0,7.0,7.0,7.0,7.0,7.0,7.0,7.0,7.0,7.0,7.0,7.0,8.0,8.0,8.0,8.0,8.0,8.0,8.0,8.0,8.0,8.0,8.0,8.0,8.0,8.0,8.0,8.0,7.0,7.0,8.0,7.0,8.0,8.0,8.0,8.0,8.0,8.0,8.0,7.0
NSMR,5.0,6.0,5.0,6.0,4.0,5.0,5.0,6.0,5.0,6.0,5.0,6.0,5.0,5.0,6.0,6.0,5.0,6.0,5.0,5.0,5.0,5.0,6.0,6.0,6.0,6.0,6.0,6.0,6.0,6.0,6.0,6.0,6.0,6.0,6.0,6.0,6.0,6.0,6.0,6.0,6.0,6.0,6.0,6.0,6.0,6.0,6.0,6.0,7.0,6.0,7.0,5.0,5.0,5.0,5.0,6.0,6.0,6.0,5.0,5.0,5.0,6.0,7.0,7.0,6.0,6.0,6.0,6.0,6.0,6.0,6.0,7.0,6.0,6.0,5.0,6.0,6.0,5.0,4.0,5.0,6.0,7.0,7.0,7.0,5.0,6.0,5.0,5.0,6.0,6.0,6.0,6.0,6.0,6.0,6.0,6.0,6.0,6.0,6.0,6.0,6.0,6.0,7.0,6.0,6.0,6.0,6.0,7.0,7.0,7.0,6.0,7.0,6.0,6.0,7.0,6.0,6.0,2.0,2.0,1.0,1.0,2.0,1.0,2.0,1.0,6.0,5.0,6.0,6.0,5.0,6.0,6.0,6.0,5.0,5.0,5.0,5.0,6.0,6.0,2.0,2.0,2.0,2.0,1.0,2.0,3.0,2.0,3.0,2.0,2.0,0.0,4.0,6.0,5.0,4.0,4.0,5.0,8.0,7.0,6.0,6.0,8.0,8.0,7.0,8.0,8.0,7.0,inf,inf,6.0,7.0,6.0,6.0,6.0,7.0,7.0,7.0,6.0,7.0,6.0,6.0,6.0,7.0,6.0,6.0,7.0,7.0,5.0,5.0,5.0,5.0,5.0,5.0,5.0,6.0,6.0,5.0,5.0,4.0,6.0,6.0,3.0,5.0,5.0,6.0,5.0,5.0,5.0,6.0,5.0,6.0,5.0,5.0,6.0,5.0,5.0,5.0,6.0,6.0,6.0,6.0,5.0,5.0,6.0,6.0,6.0,6.0,6.0,6.0,6.0,7.0,6.0,6.0,6.0,5.0,6.0,5.0,6.0,6.0,5.0,5.0,6.0,5.0,6.0,5.0,5.0,5.0,5.0,6.0,6.0,6.0,5.0,6.0,6.0,5.0,5.0,5.0,6.0,5.0,5.0,6.0,6.0,6.0,6.0,6.0,6.0,6.0,6.0,6.0,6.0,6.0,6.0,6.0,6.0,7.0,7.0,7.0,7.0,7.0,7.0,7.0,7.0,7.0,7.0,7.0,7.0,7.0,7.0,7.0,7.0,6.0,6.0,7.0,6.0,7.0,7.0,7.0,7.0,7.0,7.0,7.0,6.0
OLLL,2.0,3.0,1.0,2.0,3.0,3.0,3.0,3.0,2.0,3.0,3.0,3.0,3.0,2.0,3.0,3.0,2.0,3.0,3.0,3.0,2.0,2.0,3.0,2.0,3.0,2.0,2.0,3.0,2.0,2.0,2.0,3.0,3.0,3.0,3.0,3.0,3.0,3.0,3.0,3.0,3.0,2.0,3.0,3.0,3.0,3.0,3.0,2.0,4.0,3.0,3.0,2.0,3.0,2.0,2.0,3.0,2.0,2.0,2.0,2.0,1.0,3.0,3.0,4.0,2.0,3.0,3.0,2.0,3.0,2.0,2.0,3.0,4.0,3.0,3.0,3.0,4.0,3.0,3.0,2.0,2.0,3.0,4.0,4.0,1.0,2.0,1.0,3.0,2.0,2.0,2.0,3.0,3.0,3.0,3.0,3.0,3.0,3.0,3.0,2.0,3.0,3.0,4.0,3.0,3.0,3.0,3.0,4.0,3.0,3.0,3.0,3.0,2.0,2.0,3.0,3.0,3.0,inf,inf,inf,inf,inf,inf,inf,inf,2.0,2.0,2.0,2.0,1.0,3.0,2.0,3.0,2.0,3.0,3.0,2.0,3.0,3.0,inf,inf,inf,inf,inf,inf,inf,inf,inf,inf,inf,inf,0.0,2.0,2.0,3.0,2.0,2.0,4.0,4.0,3.0,3.0,5.0,5.0,4.0,5.0,4.0,4.0,inf,inf,2.0,3.0,3.0,3.0,3.0,4.0,3.0,3.0,3.0,3.0,3.0,3.0,3.0,3.0,2.0,3.0,3.0,4.0,2.0,2.0,1.0,2.0,2.0,2.0,2.0,2.0,3.0,2.0,2.0,2.0,2.0,2.0,2.0,2.0,3.0,2.0,2.0,2.0,1.0,2.0,1.0,2.0,1.0,2.0,2.0,1.0,2.0,2.0,3.0,2.0,2.0,2.0,2.0,2.0,3.0,2.0,3.0,2.0,2.0,2.0,2.0,3.0,3.0,2.0,2.0,2.0,2.0,2.0,2.0,2.0,2.0,2.0,2.0,2.0,2.0,1.0,1.0,2.0,1.0,2.0,3.0,2.0,3.0,2.0,3.0,2.0,2.0,1.0,3.0,1.0,2.0,2.0,2.0,2.0,2.0,3.0,3.0,3.0,3.0,3.0,3.0,3.0,3.0,2.0,3.0,3.0,3.0,4.0,4.0,3.0,4.0,4.0,4.0,4.0,3.0,3.0,4.0,4.0,4.0,3.0,3.0,3.0,3.0,3.0,3.0,3.0,4.0,4.0,3.0,4.0,4.0,3.0,3.0
OLLR,3.0,2.0,2.0,1.0,3.0,3.0,3.0,2.0,3.0,3.0,3.0,3.0,2.0,2.0,3.0,3.0,2.0,3.0,3.0,3.0,3.0,2.0,3.0,2.0,3.0,2.0,2.0,3.0,2.0,3.0,2.0,3.0,3.0,3.0,3.0,3.0,3.0,3.0,3.0,3.0,3.0,2.0,2.0,3.0,3.0,3.0,2.0,2.0,4.0,3.0,3.0,3.0,2.0,2.0,2.0,2.0,3.0,2.0,2.0,1.0,2.0,3.0,3.0,3.0,3.0,4.0,3.0,2.0,2.0,2.0,2.0,3.0,4.0,3.0,4.0,3.0,3.0,3.0,2.0,3.0,3.0,2.0,4.0,4.0,2.0,1.0,2.0,1.0,2.0,2.0,2.0,2.0,3.0,3.0,3.0,3.0,3.0,3.0,3.0,2.0,2.0,3.0,4.0,3.0,3.0,3.0,3.0,3.0,3.0,3.0,3.0,3.0,3.0,2.0,2.0,3.0,3.0,inf,inf,inf,inf,inf,inf,inf,inf,3.0,1.0,2.0,2.0,3.0,1.0,3.0,2.0,2.0,1.0,3.0,2.0,3.0,3.0,inf,inf,inf,inf,inf,inf,inf,inf,inf,inf,inf,inf,3.0,0.0,3.0,1.0,2.0,2.0,4.0,4.0,3.0,3.0,4.0,5.0,4.0,5.0,4.0,4.0,inf,inf,2.0,3.0,3.0,2.0,2.0,3.0,3.0,3.0,3.0,3.0,3.0,3.0,3.0,3.0,2.0,2.0,3.0,3.0,2.0,2.0,2.0,1.0,2.0,2.0,3.0,3.0,2.0,2.0,2.0,2.0,2.0,2.0,3.0,2.0,3.0,1.0,2.0,2.0,2.0,1.0,1.0,1.0,2.0,1.0,1.0,2.0,1.0,2.0,3.0,2.0,2.0,2.0,2.0,2.0,3.0,3.0,3.0,2.0,2.0,2.0,2.0,3.0,3.0,2.0,2.0,2.0,2.0,2.0,2.0,2.0,2.0,2.0,2.0,3.0,2.0,1.0,1.0,1.0,1.0,3.0,2.0,2.0,2.0,3.0,2.0,3.0,2.0,2.0,2.0,3.0,2.0,2.0,3.0,2.0,2.0,3.0,3.0,3.0,3.0,3.0,3.0,3.0,3.0,2.0,3.0,3.0,3.0,4.0,3.0,3.0,3.0,4.0,4.0,3.0,3.0,3.0,3.0,4.0,4.0,3.0,3.0,2.0,2.0,3.0,3.0,3.0,4.0,4.0,4.0,4.0,4.0,3.0,4.0
OLQDL,3.0,2.0,3.0,3.0,3.0,2.0,3.0,3.0,2.0,3.0,3.0,3.0,2.0,2.0,3.0,3.0,2.0,3.0,2.0,2.0,2.0,2.0,4.0,2.0,3.0,3.0,2.0,3.0,3.0,3.0,3.0,3.0,3.0,3.0,3.0,3.0,3.0,3.0,3.0,3.0,3.0,3.0,3.0,3.0,3.0,3.0,4.0,3.0,4.0,4.0,4.0,3.0,2.0,2.0,2.0,3.0,3.0,3.0,3.0,2.0,2.0,4.0,3.0,4.0,3.0,3.0,3.0,4.0,3.0,2.0,3.0,4.0,3.0,3.0,3.0,3.0,3.0,3.0,2.0,2.0,3.0,3.0,5.0,5.0,1.0,2.0,2.0,2.0,3.0,3.0,3.0,3.0,3.0,3.0,3.0,3.0,3.0,3.0,3.0,3.0,3.0,3.0,4.0,3.0,3.0,3.0,3.0,4.0,4.0,4.0,3.0,4.0,3.0,3.0,4.0,4.0,3.0,inf,inf,inf,inf,inf,inf,inf,inf,2.0,2.0,3.0,2.0,3.0,3.0,2.0,3.0,2.0,2.0,2.0,2.0,3.0,3.0,inf,inf,inf,inf,inf,inf,inf,inf,inf,inf,inf,inf,2.0,2.0,0.0,2.0,2.0,2.0,5.0,4.0,3.0,3.0,5.0,5.0,4.0,5.0,5.0,4.0,inf,inf,3.0,3.0,4.0,3.0,3.0,3.0,4.0,3.0,3.0,4.0,2.0,3.0,3.0,4.0,3.0,3.0,4.0,4.0,2.0,2.0,2.0,2.0,2.0,1.0,2.0,3.0,3.0,3.0,3.0,1.0,2.0,2.0,2.0,2.0,3.0,2.0,2.0,3.0,1.0,1.0,3.0,2.0,2.0,2.0,1.0,1.0,2.0,2.0,2.0,3.0,2.0,3.0,1.0,2.0,3.0,3.0,2.0,3.0,3.0,3.0,3.0,3.0,4.0,3.0,2.0,3.0,2.0,3.0,2.0,1.0,3.0,3.0,2.0,3.0,3.0,2.0,2.0,2.0,2.0,2.0,3.0,3.0,2.0,2.0,2.0,3.0,2.0,1.0,3.0,3.0,2.0,3.0,3.0,3.0,3.0,3.0,3.0,3.0,3.0,3.0,3.0,3.0,3.0,2.0,3.0,4.0,4.0,4.0,4.0,4.0,4.0,4.0,4.0,4.0,4.0,4.0,4.0,4.0,4.0,4.0,3.0,3.0,3.0,4.0,3.0,4.0,4.0,4.0,4.0,4.0,4.0,4.0,3.0
OLQDR,2.0,2.0,3.0,3.0,3.0,2.0,3.0,2.0,3.0,3.0,3.0,3.0,2.0,2.0,3.0,4.0,3.0,3.0,2.0,2.0,2.0,2.0,3.0,3.0,3.0,3.0,3.0,3.0,3.0,3.0,3.0,3.0,3.0,3.0,3.0,3.0,3.0,3.0,3.0,3.0,3.0,3.0,3.0,3.0,3.0,4.0,4.0,3.0,4.0,4.0,4.0,3.0,2.0,2.0,2.0,3.0,3.0,3.0,2.0,3.0,2.0,4.0,3.0,4.0,3.0,4.0,3.0,3.0,3.0,2.0,3.0,4.0,3.0,3.0,4.0,3.0,3.0,3.0,2.0,2.0,3.0,3.0,4.0,4.0,2.0,2.0,2.0,2.0,3.0,3.0,3.0,3.0,3.0,3.0,3.0,3.0,3.0,3.0,3.0,3.0,3.0,3.0,4.0,3.0,3.0,3.0,3.0,4.0,4.0,4.0,3.0,4.0,3.0,3.0,4.0,4.0,3.0,inf,inf,inf,inf,inf,inf,inf,inf,3.0,1.0,2.0,2.0,3.0,3.0,3.0,2.0,2.0,2.0,2.0,2.0,3.0,3.0,inf,inf,inf,inf,inf,inf,inf,inf,inf,inf,inf,inf,3.0,2.0,2.0,0.0,2.0,2.0,5.0,4.0,3.0,3.0,5.0,5.0,4.0,5.0,5.0,4.0,inf,inf,3.0,4.0,3.0,3.0,3.0,4.0,4.0,3.0,3.0,4.0,3.0,3.0,3.0,4.0,2.0,3.0,4.0,4.0,2.0,2.0,2.0,2.0,1.0,1.0,2.0,3.0,3.0,3.0,3.0,1.0,2.0,2.0,2.0,2.0,3.0,3.0,2.0,2.0,1.0,3.0,2.0,2.0,2.0,2.0,3.0,3.0,1.0,2.0,2.0,2.0,2.0,3.0,2.0,1.0,3.0,3.0,2.0,3.0,3.0,3.0,3.0,3.0,3.0,3.0,3.0,2.0,3.0,3.0,3.0,3.0,1.0,2.0,2.0,3.0,3.0,2.0,2.0,2.0,2.0,3.0,2.0,3.0,2.0,3.0,2.0,3.0,3.0,3.0,2.0,3.0,2.0,3.0,3.0,3.0,3.0,3.0,3.0,3.0,3.0,3.0,3.0,3.0,3.0,2.0,3.0,3.0,4.0,4.0,4.0,3.0,4.0,4.0,4.0,4.0,4.0,4.0,4.0,4.0,4.0,4.0,3.0,3.0,4.0,4.0,3.0,4.0,4.0,4.0,4.0,4.0,4.0,4.0,3.0
OLQVL,2.0,2.0,2.0,3.0,3.0,3.0,3.0,2.0,3.0,4.0,3.0,3.0,3.0,3.0,3.0,3.0,3.0,4.0,3.0,3.0,3.0,3.0,2.0,3.0,3.0,3.0,3.0,3.0,3.0,2.0,3.0,2.0,2.0,3.0,2.0,2.0,3.0,2.0,2.0,4.0,3.0,3.0,4.0,3.0,3.0,3.0,4.0,3.0,3.0,4.0,4.0,3.0,3.0,1.0,2.0,2.0,3.0,2.0,1.0,2.0,2.0,3.0,3.0,3.0,3.0,3.0,3.0,2.0,3.0,3.0,3.0,3.0,4.0,4.0,4.0,3.0,4.0,3.0,3.0,3.0,3.0,3.0,3.0,3.0,2.0,2.0,2.0,3.0,2.0,2.0,2.0,2.0,2.0,2.0,2.0,2.0,2.0,2.0,3.0,3.0,2.0,2.0,3.0,2.0,3.0,3.0,3.0,3.0,3.0,3.0,3.0,4.0,2.0,3.0,3.0,4.0,3.0,inf,inf,inf,inf,inf,inf,inf,inf,3.0,2.0,2.0,2.0,3.0,4.0,3.0,3.0,1.0,3.0,3.0,3.0,2.0,2.0,inf,inf,inf,inf,inf,inf,inf,inf,inf,inf,inf,inf,3.0,3.0,2.0,3.0,0.0,3.0,5.0,3.0,3.0,3.0,4.0,4.0,3.0,4.0,4.0,3.0,inf,inf,2.0,4.0,2.0,2.0,2.0,3.0,3.0,4.0,2.0,3.0,3.0,3.0,4.0,3.0,3.0,3.0,3.0,3.0,2.0,2.0,3.0,3.0,1.0,2.0,2.0,3.0,3.0,3.0,3.0,2.0,2.0,2.0,3.0,3.0,3.0,3.0,3.0,2.0,2.0,3.0,3.0,2.0,3.0,1.0,3.0,3.0,2.0,2.0,3.0,2.0,3.0,3.0,1.0,3.0,3.0,3.0,2.0,3.0,2.0,2.0,2.0,3.0,3.0,2.0,3.0,1.0,3.0,1.0,3.0,3.0,2.0,2.0,2.0,2.0,3.0,2.0,2.0,3.0,2.0,3.0,3.0,2.0,3.0,3.0,2.0,2.0,2.0,3.0,3.0,3.0,3.0,2.0,2.0,2.0,2.0,2.0,2.0,2.0,2.0,2.0,2.0,2.0,2.0,3.0,3.0,3.0,3.0,3.0,3.0,3.0,3.0,3.0,3.0,3.0,4.0,4.0,3.0,4.0,4.0,4.0,3.0,3.0,3.0,3.0,3.0,3.0,3.0,3.0,3.0,3.0,3.0,3.0,3.0
OLQVR,3.0,2.0,3.0,3.0,3.0,2.0,3.0,3.0,3.0,3.0,3.0,3.0,2.0,2.0,3.0,4.0,3.0,3.0,2.0,2.0,2.0,2.0,4.0,3.0,4.0,3.0,3.0,3.0,3.0,3.0,3.0,3.0,3.0,3.0,3.0,3.0,3.0,3.0,3.0,3.0,3.0,3.0,3.0,3.0,3.0,4.0,4.0,3.0,5.0,4.0,4.0,3.0,2.0,2.0,2.0,3.0,2.0,3.0,3.0,3.0,2.0,4.0,3.0,4.0,3.0,4.0,3.0,4.0,3.0,2.0,3.0,4.0,3.0,3.0,4.0,3.0,3.0,3.0,2.0,2.0,3.0,3.0,5.0,5.0,2.0,2.0,2.0,2.0,3.0,3.0,3.0,3.0,3.0,3.0,3.0,3.0,3.0,4.0,3.0,3.0,4.0,3.0,4.0,3.0,3.0,4.0,4.0,4.0,4.0,4.0,3.0,4.0,3.0,3.0,4.0,4.0,3.0,inf,inf,inf,inf,inf,inf,inf,inf,3.0,3.0,2.0,2.0,3.0,1.0,3.0,4.0,2.0,2.0,2.0,2.0,3.0,3.0,inf,inf,inf,inf,inf,inf,inf,inf,inf,inf,inf,inf,3.0,2.0,2.0,2.0,2.0,0.0,5.0,4.0,3.0,3.0,5.0,5.0,4.0,5.0,5.0,4.0,inf,inf,3.0,3.0,4.0,3.0,3.0,4.0,4.0,3.0,3.0,4.0,3.0,3.0,3.0,4.0,3.0,3.0,4.0,4.0,2.0,2.0,2.0,2.0,2.0,1.0,3.0,3.0,3.0,3.0,3.0,1.0,2.0,2.0,2.0,1.0,3.0,3.0,2.0,3.0,3.0,2.0,2.0,2.0,1.0,2.0,3.0,3.0,1.0,2.0,2.0,3.0,2.0,3.0,2.0,1.0,3.0,3.0,3.0,3.0,3.0,3.0,3.0,3.0,4.0,3.0,2.0,3.0,2.0,3.0,1.0,3.0,3.0,3.0,2.0,3.0,3.0,2.0,2.0,2.0,2.0,3.0,3.0,3.0,2.0,3.0,2.0,3.0,3.0,3.0,3.0,3.0,2.0,3.0,3.0,3.0,3.0,3.0,3.0,3.0,3.0,3.0,3.0,3.0,3.0,2.0,3.0,4.0,4.0,4.0,4.0,4.0,4.0,4.0,4.0,4.0,4.0,4.0,4.0,4.0,4.0,4.0,3.0,3.0,3.0,4.0,4.0,4.0,4.0,4.0,4.0,4.0,4.0,4.0,4.0
PDA,3.0,3.0,3.0,4.0,3.0,4.0,4.0,4.0,3.0,4.0,3.0,4.0,3.0,3.0,3.0,4.0,3.0,4.0,4.0,4.0,3.0,3.0,3.0,2.0,3.0,4.0,4.0,3.0,3.0,3.0,3.0,3.0,3.0,3.0,3.0,3.0,3.0,3.0,2.0,4.0,4.0,4.0,4.0,3.0,3.0,3.0,4.0,4.0,4.0,4.0,4.0,3.0,3.0,2.0,2.0,3.0,2.0,2.0,2.0,2.0,3.0,3.0,3.0,3.0,3.0,3.0,2.0,2.0,3.0,3.0,2.0,3.0,4.0,4.0,3.0,4.0,4.0,4.0,4.0,3.0,2.0,3.0,4.0,4.0,2.0,3.0,3.0,3.0,3.0,3.0,3.0,3.0,3.0,3.0,3.0,2.0,1.0,3.0,3.0,2.0,3.0,3.0,4.0,2.0,3.0,2.0,3.0,3.0,3.0,1.0,2.0,3.0,3.0,3.0,3.0,3.0,2.0,inf,inf,inf,inf,inf,inf,inf,inf,3.0,3.0,3.0,4.0,3.0,3.0,3.0,4.0,3.0,4.0,4.0,4.0,3.0,3.0,inf,inf,inf,inf,inf,inf,inf,inf,inf,inf,inf,inf,3.0,4.0,3.0,4.0,3.0,4.0,0.0,4.0,3.0,3.0,4.0,4.0,3.0,4.0,4.0,3.0,inf,inf,4.0,4.0,2.0,3.0,2.0,3.0,2.0,3.0,3.0,1.0,4.0,3.0,4.0,3.0,2.0,2.0,2.0,2.0,3.0,3.0,3.0,4.0,3.0,3.0,3.0,3.0,3.0,3.0,3.0,3.0,3.0,3.0,3.0,3.0,3.0,3.0,4.0,4.0,3.0,3.0,4.0,4.0,3.0,4.0,4.0,4.0,4.0,3.0,3.0,3.0,3.0,3.0,3.0,3.0,3.0,3.0,3.0,3.0,3.0,3.0,3.0,3.0,3.0,4.0,3.0,3.0,4.0,4.0,3.0,4.0,3.0,3.0,3.0,3.0,3.0,4.0,4.0,3.0,3.0,3.0,4.0,4.0,4.0,2.0,4.0,2.0,4.0,3.0,4.0,4.0,4.0,3.0,3.0,3.0,3.0,2.0,3.0,3.0,3.0,3.0,3.0,2.0,2.0,3.0,3.0,3.0,3.0,3.0,3.0,3.0,3.0,3.0,2.0,2.0,3.0,2.0,3.0,3.0,3.0,2.0,3.0,3.0,2.0,2.0,3.0,2.0,2.0,3.0,2.0,2.0,1.0,1.0,1.0
PDB,5.0,4.0,4.0,4.0,4.0,4.0,4.0,4.0,5.0,5.0,5.0,5.0,4.0,4.0,5.0,5.0,4.0,5.0,5.0,5.0,4.0,4.0,4.0,4.0,4.0,4.0,4.0,3.0,3.0,3.0,4.0,3.0,3.0,3.0,3.0,3.0,3.0,3.0,3.0,5.0,5.0,5.0,5.0,5.0,4.0,5.0,4.0,5.0,5.0,6.0,5.0,4.0,4.0,3.0,2.0,3.0,3.0,3.0,3.0,3.0,3.0,4.0,4.0,3.0,3.0,4.0,3.0,4.0,4.0,4.0,3.0,5.0,5.0,5.0,5.0,4.0,5.0,5.0,4.0,4.0,4.0,4.0,5.0,5.0,4.0,5.0,4.0,4.0,3.0,3.0,3.0,3.0,3.0,3.0,3.0,3.0,3.0,4.0,3.0,3.0,3.0,3.0,4.0,2.0,4.0,4.0,4.0,4.0,4.0,1.0,3.0,4.0,4.0,3.0,4.0,5.0,4.0,inf,inf,inf,inf,inf,inf,inf,inf,4.0,4.0,5.0,5.0,4.0,4.0,5.0,5.0,5.0,5.0,5.0,5.0,3.0,3.0,inf,inf,inf,inf,inf,inf,inf,inf,inf,inf,inf,inf,4.0,5.0,5.0,5.0,4.0,5.0,5.0,0.0,3.0,3.0,4.0,4.0,4.0,5.0,4.0,3.0,inf,inf,4.0,5.0,4.0,3.0,2.0,3.0,3.0,4.0,4.0,3.0,4.0,3.0,5.0,4.0,3.0,3.0,2.0,3.0,4.0,4.0,4.0,5.0,5.0,5.0,3.0,5.0,4.0,3.0,4.0,4.0,4.0,4.0,4.0,4.0,4.0,4.0,5.0,4.0,4.0,5.0,5.0,5.0,5.0,5.0,4.0,5.0,5.0,4.0,4.0,4.0,4.0,4.0,5.0,4.0,5.0,4.0,4.0,3.0,4.0,4.0,3.0,4.0,4.0,5.0,5.0,4.0,5.0,4.0,5.0,4.0,3.0,4.0,4.0,4.0,4.0,4.0,5.0,4.0,3.0,4.0,5.0,5.0,5.0,4.0,5.0,4.0,4.0,4.0,5.0,5.0,5.0,4.0,3.0,3.0,3.0,3.0,3.0,3.0,3.0,3.0,3.0,2.0,2.0,4.0,4.0,3.0,3.0,4.0,3.0,3.0,3.0,4.0,3.0,2.0,4.0,4.0,4.0,5.0,5.0,2.0,4.0,4.0,4.0,4.0,4.0,4.0,4.0,3.0,3.0,3.0,3.0,1.0,1.0
PDEL,3.0,2.0,4.0,3.0,3.0,3.0,3.0,3.0,3.0,3.0,3.0,3.0,3.0,3.0,3.0,3.0,3.0,3.0,3.0,3.0,2.0,2.0,3.0,3.0,2.0,3.0,3.0,2.0,3.0,3.0,3.0,3.0,3.0,3.0,3.0,3.0,3.0,3.0,3.0,3.0,3.0,4.0,3.0,3.0,3.0,3.0,3.0,4.0,4.0,4.0,4.0,2.0,2.0,2.0,2.0,2.0,2.0,3.0,2.0,2.0,2.0,3.0,3.0,3.0,3.0,3.0,2.0,2.0,1.0,3.0,3.0,2.0,4.0,3.0,4.0,3.0,4.0,3.0,3.0,3.0,3.0,3.0,4.0,4.0,3.0,3.0,3.0,2.0,3.0,2.0,3.0,3.0,2.0,3.0,3.0,3.0,2.0,3.0,2.0,2.0,2.0,3.0,4.0,2.0,3.0,3.0,3.0,3.0,3.0,3.0,1.0,4.0,3.0,3.0,3.0,3.0,3.0,inf,inf,inf,inf,inf,inf,inf,inf,3.0,2.0,3.0,3.0,2.0,2.0,4.0,3.0,3.0,4.0,4.0,3.0,3.0,3.0,inf,inf,inf,inf,inf,inf,inf,inf,inf,inf,inf,inf,3.0,3.0,3.0,3.0,3.0,3.0,5.0,4.0,0.0,1.0,4.0,4.0,4.0,5.0,4.0,3.0,inf,inf,3.0,3.0,3.0,2.0,2.0,3.0,3.0,1.0,3.0,3.0,3.0,2.0,4.0,3.0,1.0,3.0,3.0,3.0,2.0,2.0,3.0,3.0,3.0,3.0,3.0,4.0,3.0,3.0,3.0,3.0,2.0,2.0,2.0,2.0,2.0,3.0,2.0,3.0,3.0,3.0,2.0,3.0,3.0,3.0,3.0,3.0,4.0,3.0,2.0,3.0,3.0,3.0,3.0,3.0,2.0,2.0,2.0,2.0,2.0,3.0,3.0,3.0,2.0,3.0,3.0,3.0,2.0,3.0,2.0,3.0,3.0,2.0,2.0,2.0,2.0,3.0,3.0,2.0,3.0,2.0,3.0,3.0,3.0,4.0,3.0,2.0,3.0,2.0,3.0,3.0,3.0,3.0,2.0,3.0,3.0,3.0,2.0,3.0,2.0,3.0,3.0,3.0,2.0,2.0,2.0,2.0,3.0,3.0,3.0,2.0,3.0,4.0,4.0,2.0,4.0,3.0,3.0,4.0,4.0,4.0,3.0,3.0,3.0,3.0,3.0,3.0,3.0,3.0,3.0,3.0,3.0,3.0,3.0
PDER,3.0,3.0,3.0,3.0,3.0,3.0,4.0,2.0,3.0,3.0,3.0,3.0,3.0,3.0,3.0,3.0,3.0,3.0,3.0,3.0,2.0,2.0,3.0,3.0,3.0,3.0,3.0,2.0,2.0,2.0,3.0,3.0,3.0,3.0,3.0,3.0,3.0,3.0,3.0,3.0,3.0,4.0,4.0,3.0,2.0,3.0,3.0,4.0,4.0,4.0,4.0,2.0,2.0,2.0,2.0,2.0,2.0,2.0,2.0,2.0,2.0,3.0,3.0,2.0,2.0,3.0,2.0,2.0,1.0,3.0,2.0,2.0,4.0,3.0,3.0,3.0,4.0,3.0,3.0,3.0,3.0,3.0,4.0,4.0,3.0,3.0,3.0,3.0,3.0,2.0,3.0,2.0,2.0,3.0,2.0,2.0,3.0,3.0,2.0,2.0,2.0,2.0,3.0,2.0,2.0,2.0,3.0,3.0,3.0,3.0,1.0,3.0,3.0,2.0,3.0,3.0,3.0,inf,inf,inf,inf,inf,inf,inf,inf,3.0,3.0,3.0,3.0,3.0,3.0,4.0,4.0,3.0,4.0,4.0,4.0,3.0,2.0,inf,inf,inf,inf,inf,inf,inf,inf,inf,inf,inf,inf,3.0,3.0,3.0,4.0,3.0,3.0,4.0,3.0,2.0,0.0,3.0,4.0,4.0,4.0,4.0,3.0,inf,inf,3.0,3.0,3.0,1.0,1.0,2.0,2.0,1.0,3.0,3.0,3.0,2.0,4.0,3.0,2.0,3.0,3.0,2.0,2.0,2.0,3.0,3.0,3.0,3.0,2.0,4.0,3.0,3.0,3.0,3.0,2.0,2.0,3.0,3.0,2.0,2.0,2.0,3.0,3.0,3.0,2.0,3.0,3.0,3.0,3.0,4.0,4.0,3.0,2.0,3.0,3.0,3.0,3.0,4.0,2.0,2.0,2.0,2.0,2.0,3.0,3.0,3.0,3.0,3.0,3.0,3.0,2.0,2.0,2.0,2.0,2.0,2.0,2.0,2.0,2.0,3.0,3.0,2.0,3.0,3.0,4.0,4.0,4.0,4.0,3.0,2.0,3.0,2.0,3.0,4.0,3.0,3.0,2.0,2.0,3.0,3.0,2.0,3.0,2.0,3.0,3.0,3.0,2.0,2.0,1.0,2.0,2.0,3.0,2.0,2.0,2.0,4.0,4.0,2.0,3.0,2.0,3.0,4.0,4.0,3.0,3.0,2.0,2.0,3.0,3.0,3.0,3.0,3.0,3.0,3.0,3.0,3.0,3.0
PHAL,3.0,3.0,4.0,3.0,3.0,2.0,3.0,2.0,3.0,3.0,2.0,3.0,3.0,3.0,2.0,3.0,3.0,3.0,3.0,3.0,2.0,2.0,2.0,3.0,3.0,3.0,3.0,2.0,3.0,3.0,3.0,3.0,3.0,3.0,3.0,3.0,3.0,2.0,2.0,3.0,3.0,3.0,3.0,3.0,2.0,3.0,3.0,2.0,3.0,2.0,2.0,2.0,2.0,2.0,2.0,2.0,2.0,2.0,1.0,2.0,2.0,1.0,2.0,1.0,1.0,1.0,2.0,2.0,3.0,3.0,2.0,3.0,2.0,3.0,2.0,2.0,3.0,3.0,3.0,3.0,3.0,2.0,3.0,3.0,3.0,4.0,3.0,3.0,2.0,2.0,2.0,2.0,2.0,2.0,2.0,1.0,2.0,2.0,2.0,2.0,2.0,3.0,3.0,2.0,2.0,3.0,3.0,2.0,2.0,2.0,1.0,2.0,2.0,3.0,3.0,2.0,2.0,inf,inf,inf,inf,inf,inf,inf,inf,3.0,3.0,4.0,3.0,3.0,3.0,4.0,4.0,3.0,4.0,4.0,4.0,2.0,3.0,inf,inf,inf,inf,inf,inf,inf,inf,inf,inf,inf,inf,3.0,3.0,3.0,4.0,3.0,3.0,3.0,4.0,2.0,2.0,0.0,1.0,1.0,1.0,2.0,2.0,inf,inf,3.0,3.0,2.0,2.0,2.0,3.0,3.0,3.0,2.0,2.0,2.0,2.0,1.0,2.0,2.0,2.0,3.0,3.0,2.0,2.0,3.0,3.0,3.0,3.0,3.0,2.0,2.0,2.0,3.0,3.0,3.0,2.0,3.0,3.0,2.0,3.0,3.0,3.0,3.0,3.0,3.0,3.0,3.0,3.0,3.0,4.0,4.0,3.0,3.0,3.0,2.0,3.0,3.0,3.0,3.0,2.0,2.0,2.0,2.0,2.0,2.0,3.0,3.0,3.0,3.0,3.0,3.0,3.0,3.0,3.0,3.0,2.0,2.0,2.0,2.0,3.0,3.0,2.0,3.0,3.0,3.0,3.0,4.0,3.0,3.0,2.0,3.0,2.0,4.0,4.0,3.0,3.0,2.0,2.0,3.0,2.0,2.0,3.0,2.0,3.0,3.0,2.0,2.0,2.0,2.0,3.0,3.0,3.0,3.0,2.0,3.0,3.0,3.0,2.0,2.0,3.0,3.0,3.0,3.0,3.0,2.0,3.0,3.0,3.0,3.0,3.0,3.0,2.0,2.0,2.0,2.0,2.0,2.0
PHAR,2.0,3.0,4.0,3.0,3.0,3.0,3.0,2.0,3.0,3.0,2.0,2.0,2.0,2.0,3.0,2.0,3.0,3.0,3.0,3.0,2.0,2.0,2.0,3.0,3.0,3.0,3.0,2.0,3.0,3.0,3.0,3.0,3.0,3.0,3.0,3.0,3.0,2.0,2.0,3.0,2.0,3.0,3.0,3.0,3.0,3.0,3.0,2.0,3.0,2.0,2.0,2.0,2.0,2.0,2.0,2.0,2.0,2.0,1.0,2.0,2.0,2.0,2.0,1.0,2.0,1.0,2.0,2.0,2.0,2.0,2.0,3.0,2.0,2.0,2.0,3.0,3.0,3.0,3.0,3.0,3.0,3.0,3.0,3.0,3.0,3.0,3.0,3.0,2.0,2.0,2.0,2.0,2.0,2.0,2.0,1.0,2.0,2.0,2.0,2.0,2.0,3.0,3.0,2.0,2.0,3.0,3.0,2.0,2.0,2.0,1.0,3.0,2.0,3.0,3.0,2.0,2.0,inf,inf,inf,inf,inf,inf,inf,inf,3.0,3.0,4.0,3.0,3.0,3.0,4.0,4.0,3.0,3.0,3.0,3.0,2.0,3.0,inf,inf,inf,inf,inf,inf,inf,inf,inf,inf,inf,inf,3.0,3.0,3.0,3.0,3.0,3.0,4.0,4.0,2.0,3.0,1.0,0.0,1.0,1.0,2.0,2.0,inf,inf,3.0,3.0,2.0,2.0,2.0,2.0,3.0,3.0,2.0,2.0,1.0,2.0,1.0,1.0,2.0,1.0,3.0,3.0,2.0,2.0,3.0,3.0,3.0,3.0,3.0,3.0,2.0,2.0,2.0,2.0,3.0,2.0,3.0,3.0,2.0,2.0,3.0,3.0,3.0,3.0,3.0,3.0,3.0,3.0,3.0,4.0,3.0,2.0,2.0,2.0,2.0,2.0,3.0,3.0,3.0,2.0,2.0,2.0,2.0,2.0,2.0,3.0,3.0,3.0,3.0,3.0,3.0,3.0,3.0,3.0,3.0,2.0,2.0,2.0,2.0,3.0,3.0,2.0,3.0,3.0,4.0,3.0,3.0,3.0,3.0,2.0,3.0,2.0,3.0,4.0,3.0,3.0,2.0,2.0,3.0,2.0,2.0,3.0,2.0,3.0,3.0,2.0,2.0,2.0,3.0,3.0,3.0,3.0,3.0,2.0,3.0,3.0,3.0,2.0,2.0,2.0,3.0,3.0,3.0,3.0,2.0,3.0,3.0,3.0,3.0,3.0,3.0,2.0,2.0,2.0,2.0,2.0,2.0
PHBL,3.0,3.0,3.0,3.0,3.0,3.0,3.0,2.0,4.0,4.0,3.0,3.0,3.0,3.0,3.0,3.0,3.0,4.0,4.0,4.0,3.0,3.0,2.0,3.0,3.0,3.0,3.0,3.0,2.0,2.0,3.0,2.0,2.0,2.0,2.0,2.0,2.0,2.0,1.0,4.0,3.0,4.0,4.0,4.0,2.0,4.0,3.0,3.0,3.0,4.0,3.0,3.0,3.0,1.0,1.0,2.0,2.0,1.0,1.0,2.0,2.0,2.0,3.0,1.0,3.0,3.0,2.0,2.0,3.0,3.0,2.0,3.0,4.0,3.0,3.0,4.0,4.0,3.0,4.0,3.0,2.0,2.0,3.0,3.0,3.0,3.0,3.0,3.0,2.0,2.0,2.0,2.0,2.0,2.0,2.0,1.0,2.0,2.0,2.0,2.0,2.0,2.0,3.0,2.0,2.0,3.0,3.0,2.0,2.0,2.0,2.0,3.0,2.0,3.0,3.0,3.0,3.0,inf,inf,inf,inf,inf,inf,inf,inf,3.0,4.0,4.0,4.0,4.0,4.0,4.0,5.0,4.0,4.0,4.0,4.0,2.0,2.0,inf,inf,inf,inf,inf,inf,inf,inf,inf,inf,inf,inf,3.0,3.0,4.0,4.0,3.0,3.0,4.0,3.0,2.0,2.0,2.0,3.0,0.0,1.0,2.0,2.0,inf,inf,3.0,3.0,2.0,1.0,2.0,2.0,3.0,3.0,1.0,2.0,3.0,2.0,3.0,2.0,3.0,2.0,2.0,2.0,2.0,3.0,3.0,3.0,3.0,3.0,2.0,3.0,3.0,2.0,3.0,3.0,3.0,3.0,3.0,3.0,3.0,2.0,3.0,3.0,3.0,3.0,3.0,3.0,3.0,3.0,3.0,4.0,4.0,3.0,3.0,3.0,3.0,3.0,4.0,3.0,3.0,3.0,3.0,2.0,2.0,2.0,2.0,3.0,4.0,3.0,4.0,3.0,3.0,2.0,4.0,2.0,3.0,3.0,3.0,3.0,2.0,3.0,3.0,3.0,2.0,3.0,3.0,3.0,4.0,3.0,3.0,3.0,3.0,3.0,3.0,4.0,3.0,2.0,2.0,2.0,2.0,2.0,2.0,2.0,2.0,2.0,2.0,2.0,1.0,3.0,3.0,3.0,2.0,3.0,2.0,2.0,2.0,3.0,3.0,2.0,2.0,3.0,3.0,4.0,4.0,3.0,3.0,3.0,3.0,3.0,3.0,3.0,3.0,2.0,2.0,2.0,2.0,2.0,2.0
PHBR,4.0,3.0,3.0,3.0,3.0,3.0,3.0,2.0,4.0,4.0,3.0,3.0,3.0,3.0,4.0,3.0,3.0,4.0,4.0,4.0,3.0,3.0,2.0,3.0,3.0,3.0,3.0,2.0,2.0,2.0,3.0,2.0,2.0,2.0,2.0,2.0,2.0,2.0,2.0,4.0,3.0,4.0,4.0,4.0,2.0,4.0,3.0,3.0,3.0,4.0,3.0,3.0,3.0,1.0,1.0,2.0,2.0,1.0,1.0,2.0,2.0,3.0,3.0,2.0,2.0,2.0,2.0,2.0,3.0,3.0,2.0,3.0,4.0,3.0,3.0,3.0,4.0,3.0,3.0,3.0,3.0,3.0,3.0,3.0,3.0,3.0,3.0,3.0,2.0,2.0,2.0,2.0,2.0,2.0,2.0,2.0,2.0,2.0,2.0,2.0,2.0,2.0,3.0,2.0,3.0,3.0,3.0,3.0,3.0,2.0,2.0,3.0,2.0,2.0,3.0,3.0,3.0,inf,inf,inf,inf,inf,inf,inf,inf,3.0,3.0,4.0,4.0,3.0,3.0,4.0,4.0,4.0,4.0,4.0,4.0,2.0,2.0,inf,inf,inf,inf,inf,inf,inf,inf,inf,inf,inf,inf,3.0,3.0,4.0,4.0,3.0,3.0,4.0,3.0,2.0,2.0,3.0,2.0,1.0,0.0,1.0,1.0,inf,inf,3.0,3.0,2.0,1.0,1.0,2.0,2.0,3.0,2.0,3.0,3.0,2.0,3.0,2.0,2.0,3.0,3.0,2.0,2.0,3.0,3.0,3.0,3.0,3.0,2.0,4.0,3.0,2.0,3.0,3.0,3.0,3.0,3.0,3.0,3.0,2.0,3.0,3.0,3.0,3.0,3.0,3.0,3.0,3.0,3.0,4.0,4.0,3.0,3.0,3.0,3.0,3.0,4.0,3.0,3.0,3.0,3.0,2.0,2.0,2.0,2.0,3.0,3.0,3.0,4.0,3.0,3.0,2.0,4.0,2.0,2.0,3.0,3.0,3.0,2.0,3.0,3.0,3.0,2.0,3.0,4.0,3.0,4.0,4.0,3.0,3.0,3.0,3.0,3.0,4.0,3.0,2.0,2.0,2.0,2.0,2.0,2.0,2.0,2.0,2.0,2.0,2.0,1.0,3.0,3.0,2.0,2.0,3.0,2.0,2.0,2.0,3.0,3.0,2.0,3.0,3.0,3.0,4.0,4.0,3.0,3.0,3.0,3.0,3.0,3.0,3.0,3.0,3.0,3.0,3.0,3.0,2.0,2.0
PHCL,3.0,3.0,4.0,3.0,3.0,3.0,3.0,2.0,3.0,3.0,2.0,2.0,3.0,3.0,3.0,2.0,3.0,3.0,3.0,3.0,2.0,2.0,3.0,3.0,3.0,3.0,3.0,2.0,2.0,2.0,3.0,2.0,2.0,3.0,2.0,2.0,2.0,2.0,2.0,3.0,2.0,3.0,3.0,3.0,2.0,3.0,3.0,2.0,3.0,3.0,2.0,2.0,2.0,1.0,2.0,2.0,2.0,2.0,2.0,2.0,2.0,2.0,2.0,2.0,2.0,1.0,2.0,2.0,3.0,3.0,2.0,3.0,3.0,2.0,2.0,3.0,3.0,3.0,3.0,3.0,3.0,3.0,4.0,4.0,3.0,3.0,3.0,3.0,2.0,2.0,2.0,2.0,2.0,2.0,2.0,2.0,1.0,3.0,2.0,2.0,2.0,2.0,3.0,2.0,2.0,3.0,3.0,3.0,3.0,2.0,1.0,3.0,2.0,3.0,3.0,3.0,3.0,inf,inf,inf,inf,inf,inf,inf,inf,3.0,3.0,4.0,3.0,3.0,3.0,4.0,4.0,3.0,3.0,4.0,4.0,1.0,2.0,inf,inf,inf,inf,inf,inf,inf,inf,inf,inf,inf,inf,3.0,3.0,3.0,3.0,3.0,3.0,4.0,3.0,2.0,3.0,2.0,1.0,2.0,2.0,0.0,1.0,inf,inf,3.0,3.0,3.0,1.0,2.0,3.0,3.0,3.0,2.0,3.0,2.0,2.0,2.0,1.0,2.0,2.0,2.0,3.0,2.0,2.0,3.0,3.0,3.0,3.0,2.0,3.0,2.0,2.0,3.0,3.0,3.0,2.0,3.0,3.0,2.0,2.0,3.0,3.0,3.0,3.0,3.0,3.0,3.0,3.0,3.0,4.0,4.0,3.0,3.0,3.0,3.0,2.0,4.0,3.0,3.0,2.0,2.0,2.0,2.0,2.0,3.0,3.0,3.0,3.0,3.0,3.0,3.0,2.0,4.0,2.0,3.0,2.0,2.0,2.0,2.0,3.0,3.0,2.0,3.0,3.0,4.0,3.0,4.0,4.0,3.0,2.0,3.0,2.0,3.0,4.0,3.0,2.0,2.0,2.0,2.0,2.0,2.0,2.0,2.0,2.0,2.0,2.0,1.0,2.0,3.0,3.0,2.0,3.0,2.0,2.0,2.0,3.0,3.0,2.0,3.0,2.0,3.0,4.0,4.0,3.0,2.0,3.0,3.0,3.0,3.0,3.0,3.0,3.0,2.0,2.0,2.0,2.0,2.0
PHCR,3.0,3.0,3.0,3.0,3.0,3.0,3.0,2.0,3.0,3.0,2.0,2.0,3.0,3.0,3.0,2.0,3.0,3.0,3.0,3.0,2.0,2.0,3.0,3.0,3.0,3.0,3.0,2.0,3.0,3.0,3.0,3.0,3.0,3.0,3.0,2.0,2.0,2.0,2.0,3.0,2.0,3.0,3.0,3.0,3.0,3.0,3.0,2.0,3.0,3.0,2.0,2.0,2.0,2.0,2.0,2.0,2.0,2.0,2.0,2.0,2.0,2.0,2.0,2.0,2.0,1.0,3.0,2.0,3.0,3.0,2.0,3.0,3.0,2.0,2.0,3.0,3.0,3.0,3.0,3.0,3.0,3.0,4.0,4.0,3.0,4.0,3.0,3.0,3.0,2.0,3.0,2.0,2.0,3.0,2.0,2.0,1.0,3.0,2.0,2.0,2.0,2.0,3.0,2.0,2.0,3.0,3.0,3.0,3.0,2.0,1.0,3.0,2.0,2.0,3.0,3.0,3.0,inf,inf,inf,inf,inf,inf,inf,inf,3.0,3.0,4.0,3.0,3.0,3.0,4.0,4.0,3.0,3.0,4.0,4.0,2.0,1.0,inf,inf,inf,inf,inf,inf,inf,inf,inf,inf,inf,inf,3.0,3.0,3.0,3.0,3.0,3.0,4.0,2.0,2.0,3.0,2.0,1.0,2.0,2.0,1.0,0.0,inf,inf,3.0,3.0,2.0,2.0,1.0,2.0,2.0,3.0,2.0,3.0,2.0,2.0,2.0,1.0,2.0,2.0,2.0,2.0,2.0,2.0,3.0,3.0,3.0,3.0,2.0,3.0,2.0,2.0,3.0,3.0,3.0,2.0,3.0,3.0,2.0,3.0,3.0,3.0,3.0,3.0,3.0,3.0,3.0,3.0,3.0,4.0,4.0,3.0,3.0,3.0,3.0,2.0,4.0,3.0,3.0,2.0,2.0,2.0,2.0,3.0,3.0,3.0,3.0,3.0,3.0,3.0,3.0,3.0,4.0,3.0,2.0,2.0,2.0,2.0,2.0,3.0,3.0,2.0,3.0,3.0,4.0,3.0,4.0,4.0,3.0,2.0,3.0,2.0,4.0,4.0,4.0,3.0,2.0,3.0,3.0,3.0,2.0,3.0,2.0,3.0,3.0,2.0,1.0,2.0,3.0,2.0,2.0,3.0,2.0,2.0,2.0,3.0,3.0,2.0,3.0,2.0,3.0,4.0,4.0,3.0,2.0,3.0,3.0,3.0,3.0,3.0,3.0,3.0,2.0,2.0,2.0,2.0,2.0
PLML,3.0,3.0,4.0,4.0,3.0,3.0,3.0,3.0,3.0,3.0,3.0,3.0,3.0,3.0,3.0,3.0,3.0,3.0,3.0,3.0,2.0,2.0,2.0,3.0,3.0,3.0,3.0,2.0,2.0,2.0,3.0,2.0,2.0,2.0,2.0,2.0,2.0,2.0,2.0,3.0,3.0,4.0,4.0,3.0,3.0,3.0,3.0,4.0,3.0,4.0,4.0,2.0,2.0,1.0,1.0,2.0,2.0,2.0,1.0,2.0,2.0,3.0,3.0,3.0,3.0,3.0,3.0,2.0,2.0,3.0,3.0,3.0,4.0,3.0,4.0,3.0,4.0,3.0,3.0,3.0,3.0,3.0,3.0,3.0,3.0,4.0,3.0,3.0,2.0,2.0,2.0,2.0,2.0,2.0,2.0,2.0,2.0,2.0,2.0,2.0,2.0,2.0,3.0,2.0,3.0,3.0,3.0,2.0,2.0,2.0,1.0,4.0,2.0,3.0,3.0,3.0,3.0,inf,inf,inf,inf,inf,inf,inf,inf,3.0,3.0,4.0,3.0,3.0,3.0,4.0,4.0,3.0,4.0,4.0,4.0,2.0,2.0,inf,inf,inf,inf,inf,inf,inf,inf,inf,inf,inf,inf,3.0,3.0,3.0,4.0,3.0,4.0,5.0,3.0,1.0,1.0,4.0,4.0,3.0,4.0,4.0,3.0,0.0,inf,3.0,3.0,2.0,2.0,2.0,3.0,3.0,2.0,2.0,3.0,3.0,2.0,4.0,3.0,2.0,3.0,3.0,3.0,2.0,2.0,3.0,3.0,3.0,3.0,3.0,4.0,4.0,2.0,3.0,3.0,3.0,2.0,3.0,3.0,2.0,3.0,3.0,3.0,3.0,3.0,3.0,3.0,3.0,3.0,3.0,4.0,4.0,3.0,3.0,3.0,3.0,3.0,4.0,3.0,3.0,2.0,2.0,2.0,2.0,2.0,2.0,3.0,3.0,3.0,3.0,3.0,3.0,3.0,3.0,3.0,3.0,2.0,2.0,2.0,2.0,3.0,3.0,2.0,2.0,3.0,4.0,3.0,4.0,4.0,4.0,2.0,3.0,2.0,4.0,4.0,4.0,2.0,2.0,2.0,2.0,2.0,2.0,2.0,2.0,1.0,2.0,2.0,2.0,2.0,2.0,3.0,3.0,3.0,3.0,2.0,2.0,3.0,3.0,2.0,4.0,3.0,3.0,4.0,4.0,4.0,3.0,3.0,3.0,3.0,3.0,3.0,3.0,3.0,2.0,2.0,2.0,3.0,3.0
PLMR,3.0,3.0,4.0,4.0,3.0,3.0,3.0,3.0,3.0,3.0,3.0,3.0,3.0,3.0,3.0,3.0,3.0,3.0,3.0,3.0,2.0,2.0,2.0,3.0,3.0,3.0,3.0,2.0,2.0,2.0,3.0,2.0,2.0,2.0,2.0,2.0,2.0,2.0,2.0,3.0,3.0,4.0,4.0,3.0,3.0,3.0,3.0,4.0,3.0,4.0,4.0,2.0,2.0,1.0,1.0,2.0,2.0,1.0,1.0,2.0,2.0,3.0,3.0,3.0,3.0,3.0,2.0,2.0,2.0,3.0,3.0,3.0,4.0,3.0,4.0,3.0,4.0,3.0,3.0,3.0,3.0,3.0,3.0,3.0,3.0,4.0,3.0,3.0,2.0,2.0,2.0,2.0,2.0,2.0,2.0,2.0,2.0,2.0,2.0,2.0,2.0,2.0,3.0,2.0,3.0,3.0,3.0,3.0,3.0,3.0,1.0,4.0,2.0,3.0,3.0,3.0,3.0,inf,inf,inf,inf,inf,inf,inf,inf,3.0,3.0,4.0,3.0,3.0,3.0,4.0,4.0,3.0,4.0,4.0,4.0,2.0,2.0,inf,inf,inf,inf,inf,inf,inf,inf,inf,inf,inf,inf,3.0,3.0,3.0,4.0,3.0,4.0,5.0,3.0,1.0,1.0,4.0,4.0,3.0,4.0,4.0,3.0,inf,0.0,3.0,3.0,2.0,2.0,2.0,3.0,3.0,2.0,2.0,3.0,3.0,2.0,4.0,3.0,2.0,3.0,3.0,3.0,2.0,2.0,3.0,3.0,3.0,3.0,3.0,4.0,3.0,2.0,3.0,3.0,3.0,2.0,3.0,3.0,2.0,3.0,3.0,3.0,3.0,3.0,3.0,3.0,3.0,3.0,3.0,4.0,4.0,3.0,3.0,3.0,3.0,3.0,4.0,3.0,3.0,2.0,2.0,2.0,2.0,2.0,2.0,3.0,3.0,3.0,3.0,3.0,3.0,3.0,3.0,3.0,3.0,2.0,2.0,2.0,2.0,3.0,3.0,2.0,2.0,3.0,4.0,3.0,4.0,4.0,4.0,2.0,3.0,2.0,4.0,4.0,4.0,2.0,2.0,2.0,2.0,2.0,2.0,2.0,2.0,2.0,2.0,2.0,2.0,2.0,2.0,3.0,3.0,3.0,3.0,2.0,3.0,3.0,3.0,2.0,4.0,3.0,3.0,4.0,4.0,4.0,3.0,3.0,3.0,3.0,3.0,3.0,3.0,3.0,3.0,3.0,3.0,3.0,3.0
PLNL,3.0,3.0,2.0,3.0,3.0,4.0,3.0,3.0,4.0,4.0,3.0,4.0,2.0,3.0,2.0,4.0,4.0,4.0,4.0,4.0,3.0,3.0,4.0,3.0,5.0,3.0,3.0,3.0,3.0,3.0,3.0,3.0,3.0,4.0,3.0,3.0,4.0,3.0,3.0,4.0,4.0,3.0,4.0,3.0,3.0,4.0,4.0,3.0,4.0,3.0,3.0,4.0,4.0,2.0,3.0,3.0,2.0,3.0,3.0,3.0,3.0,2.0,3.0,3.0,3.0,2.0,3.0,2.0,3.0,3.0,3.0,3.0,4.0,4.0,3.0,4.0,4.0,4.0,4.0,3.0,3.0,4.0,5.0,5.0,3.0,3.0,3.0,3.0,3.0,3.0,3.0,3.0,3.0,3.0,3.0,3.0,3.0,4.0,4.0,4.0,4.0,3.0,4.0,3.0,4.0,4.0,4.0,4.0,4.0,4.0,3.0,3.0,3.0,3.0,3.0,3.0,3.0,inf,inf,inf,inf,inf,inf,inf,inf,4.0,3.0,3.0,4.0,4.0,3.0,4.0,4.0,2.0,3.0,4.0,4.0,3.0,3.0,inf,inf,inf,inf,inf,inf,inf,inf,inf,inf,inf,inf,3.0,2.0,3.0,3.0,3.0,4.0,4.0,4.0,4.0,3.0,4.0,5.0,4.0,5.0,4.0,4.0,inf,inf,0.0,4.0,4.0,3.0,3.0,3.0,4.0,4.0,3.0,4.0,2.0,4.0,3.0,3.0,4.0,4.0,4.0,4.0,3.0,3.0,3.0,3.0,3.0,3.0,3.0,3.0,3.0,2.0,3.0,3.0,2.0,2.0,4.0,4.0,3.0,3.0,3.0,2.0,3.0,3.0,3.0,3.0,4.0,2.0,3.0,4.0,3.0,2.0,3.0,2.0,3.0,4.0,3.0,3.0,1.0,3.0,3.0,3.0,2.0,3.0,4.0,4.0,3.0,3.0,3.0,1.0,3.0,4.0,3.0,4.0,2.0,2.0,3.0,1.0,4.0,3.0,3.0,3.0,2.0,4.0,4.0,3.0,4.0,3.0,4.0,3.0,4.0,4.0,4.0,4.0,4.0,3.0,3.0,3.0,3.0,3.0,3.0,3.0,3.0,3.0,3.0,3.0,3.0,3.0,3.0,4.0,4.0,4.0,4.0,4.0,4.0,4.0,4.0,4.0,3.0,4.0,4.0,4.0,4.0,4.0,4.0,4.0,3.0,4.0,4.0,4.0,4.0,4.0,4.0,4.0,4.0,4.0,4.0
PLNR,3.0,3.0,3.0,3.0,4.0,3.0,3.0,2.0,3.0,4.0,4.0,3.0,2.0,2.0,3.0,3.0,3.0,4.0,4.0,3.0,3.0,3.0,4.0,3.0,3.0,2.0,2.0,3.0,3.0,3.0,3.0,3.0,3.0,3.0,3.0,3.0,3.0,3.0,3.0,4.0,3.0,3.0,3.0,3.0,3.0,4.0,4.0,3.0,4.0,4.0,4.0,3.0,3.0,2.0,2.0,3.0,3.0,3.0,3.0,3.0,2.0,3.0,3.0,4.0,2.0,3.0,3.0,3.0,3.0,3.0,3.0,4.0,4.0,4.0,4.0,3.0,4.0,3.0,3.0,3.0,4.0,3.0,5.0,5.0,2.0,3.0,3.0,2.0,3.0,3.0,3.0,3.0,3.0,3.0,3.0,3.0,3.0,4.0,3.0,3.0,3.0,3.0,4.0,3.0,3.0,4.0,4.0,4.0,4.0,4.0,3.0,4.0,3.0,3.0,4.0,4.0,4.0,inf,inf,inf,inf,inf,inf,inf,inf,3.0,3.0,3.0,2.0,3.0,3.0,3.0,4.0,2.0,3.0,4.0,2.0,3.0,3.0,inf,inf,inf,inf,inf,inf,inf,inf,inf,inf,inf,inf,2.0,2.0,3.0,3.0,3.0,2.0,5.0,4.0,3.0,3.0,5.0,5.0,4.0,5.0,5.0,4.0,inf,inf,2.0,0.0,4.0,3.0,3.0,4.0,4.0,3.0,3.0,4.0,3.0,3.0,4.0,3.0,2.0,3.0,4.0,4.0,2.0,2.0,3.0,2.0,3.0,3.0,3.0,3.0,3.0,3.0,3.0,3.0,2.0,2.0,3.0,3.0,3.0,3.0,2.0,3.0,3.0,2.0,2.0,2.0,1.0,2.0,3.0,3.0,3.0,2.0,2.0,2.0,2.0,2.0,3.0,3.0,3.0,1.0,1.0,3.0,2.0,3.0,3.0,3.0,3.0,3.0,2.0,3.0,1.0,3.0,2.0,2.0,3.0,3.0,2.0,3.0,1.0,3.0,2.0,1.0,2.0,3.0,4.0,3.0,3.0,3.0,3.0,3.0,3.0,3.0,4.0,3.0,2.0,3.0,3.0,3.0,3.0,3.0,3.0,3.0,3.0,3.0,3.0,3.0,3.0,3.0,4.0,3.0,4.0,4.0,4.0,3.0,4.0,4.0,4.0,4.0,4.0,4.0,4.0,5.0,5.0,4.0,3.0,4.0,4.0,4.0,4.0,4.0,4.0,4.0,4.0,4.0,4.0,4.0,4.0
PQR,3.0,3.0,3.0,3.0,3.0,2.0,3.0,2.0,4.0,3.0,3.0,3.0,3.0,3.0,3.0,3.0,3.0,4.0,4.0,3.0,3.0,3.0,2.0,2.0,3.0,3.0,3.0,2.0,2.0,2.0,3.0,2.0,2.0,2.0,2.0,2.0,2.0,2.0,1.0,4.0,3.0,4.0,3.0,3.0,2.0,4.0,3.0,3.0,3.0,4.0,3.0,3.0,3.0,1.0,1.0,2.0,2.0,1.0,1.0,2.0,2.0,2.0,2.0,1.0,1.0,2.0,2.0,1.0,3.0,3.0,2.0,2.0,4.0,3.0,3.0,2.0,4.0,3.0,3.0,3.0,2.0,2.0,3.0,3.0,3.0,3.0,3.0,3.0,2.0,2.0,2.0,2.0,2.0,2.0,2.0,1.0,2.0,2.0,2.0,2.0,2.0,2.0,3.0,1.0,2.0,2.0,3.0,2.0,2.0,2.0,2.0,3.0,2.0,2.0,2.0,3.0,2.0,inf,inf,inf,inf,inf,inf,inf,inf,3.0,3.0,4.0,3.0,3.0,3.0,4.0,4.0,4.0,4.0,4.0,4.0,2.0,1.0,inf,inf,inf,inf,inf,inf,inf,inf,inf,inf,inf,inf,3.0,3.0,4.0,4.0,3.0,3.0,4.0,2.0,2.0,2.0,2.0,3.0,1.0,2.0,3.0,3.0,inf,inf,3.0,3.0,0.0,1.0,1.0,2.0,2.0,3.0,1.0,2.0,2.0,1.0,3.0,2.0,2.0,2.0,2.0,2.0,2.0,2.0,3.0,3.0,3.0,3.0,2.0,3.0,2.0,2.0,2.0,3.0,3.0,2.0,3.0,3.0,2.0,2.0,3.0,3.0,3.0,3.0,3.0,3.0,3.0,3.0,3.0,4.0,4.0,3.0,3.0,3.0,3.0,3.0,3.0,3.0,3.0,3.0,3.0,2.0,2.0,2.0,2.0,3.0,3.0,3.0,3.0,3.0,3.0,2.0,4.0,2.0,2.0,3.0,2.0,3.0,2.0,3.0,3.0,3.0,2.0,3.0,3.0,3.0,4.0,3.0,3.0,3.0,2.0,3.0,3.0,4.0,3.0,2.0,2.0,2.0,2.0,2.0,2.0,2.0,2.0,2.0,2.0,2.0,2.0,3.0,3.0,2.0,2.0,3.0,2.0,2.0,2.0,3.0,3.0,2.0,2.0,3.0,3.0,3.0,3.0,3.0,2.0,3.0,3.0,3.0,3.0,3.0,3.0,2.0,2.0,2.0,2.0,2.0,2.0
PVCL,3.0,2.0,3.0,3.0,3.0,2.0,3.0,1.0,3.0,3.0,3.0,2.0,3.0,2.0,3.0,3.0,2.0,3.0,3.0,3.0,2.0,2.0,2.0,2.0,3.0,3.0,2.0,2.0,1.0,1.0,2.0,2.0,2.0,2.0,2.0,2.0,2.0,2.0,2.0,3.0,2.0,3.0,3.0,3.0,1.0,3.0,3.0,3.0,3.0,3.0,3.0,2.0,2.0,1.0,1.0,1.0,1.0,1.0,1.0,1.0,1.0,2.0,2.0,1.0,2.0,3.0,1.0,1.0,2.0,2.0,2.0,2.0,3.0,2.0,2.0,3.0,3.0,2.0,3.0,3.0,3.0,3.0,3.0,3.0,2.0,2.0,2.0,2.0,2.0,2.0,2.0,2.0,1.0,2.0,2.0,1.0,2.0,2.0,1.0,1.0,1.0,1.0,3.0,1.0,2.0,2.0,2.0,2.0,2.0,2.0,1.0,3.0,2.0,2.0,2.0,2.0,2.0,inf,inf,inf,inf,inf,inf,inf,inf,3.0,3.0,3.0,3.0,3.0,3.0,3.0,4.0,3.0,3.0,4.0,3.0,2.0,2.0,inf,inf,inf,inf,inf,inf,inf,inf,inf,inf,inf,inf,2.0,2.0,3.0,3.0,3.0,2.0,4.0,3.0,1.0,2.0,2.0,3.0,3.0,3.0,4.0,3.0,inf,inf,3.0,2.0,2.0,0.0,1.0,2.0,2.0,2.0,2.0,2.0,2.0,2.0,3.0,2.0,2.0,2.0,2.0,2.0,2.0,2.0,2.0,2.0,2.0,2.0,1.0,3.0,2.0,2.0,3.0,3.0,2.0,2.0,3.0,2.0,2.0,1.0,3.0,3.0,2.0,2.0,2.0,2.0,3.0,3.0,2.0,3.0,3.0,2.0,3.0,3.0,2.0,2.0,3.0,3.0,3.0,2.0,2.0,2.0,2.0,2.0,2.0,2.0,3.0,2.0,3.0,3.0,2.0,1.0,3.0,1.0,2.0,2.0,2.0,2.0,1.0,2.0,2.0,2.0,2.0,3.0,3.0,3.0,3.0,3.0,2.0,2.0,2.0,2.0,2.0,3.0,2.0,2.0,2.0,2.0,2.0,2.0,2.0,2.0,2.0,2.0,2.0,2.0,2.0,2.0,2.0,2.0,1.0,2.0,1.0,1.0,1.0,3.0,3.0,1.0,2.0,3.0,2.0,3.0,3.0,3.0,2.0,2.0,2.0,2.0,2.0,2.0,2.0,2.0,2.0,2.0,2.0,2.0,2.0
PVCR,3.0,2.0,2.0,2.0,3.0,2.0,3.0,2.0,3.0,3.0,3.0,3.0,2.0,2.0,3.0,3.0,3.0,3.0,3.0,3.0,2.0,2.0,2.0,2.0,2.0,3.0,3.0,1.0,2.0,2.0,2.0,2.0,2.0,2.0,2.0,2.0,2.0,2.0,2.0,3.0,3.0,4.0,3.0,3.0,2.0,3.0,3.0,3.0,3.0,4.0,3.0,2.0,2.0,1.0,1.0,1.0,1.0,1.0,1.0,1.0,1.0,2.0,2.0,2.0,1.0,2.0,2.0,2.0,2.0,2.0,1.0,3.0,4.0,3.0,3.0,2.0,4.0,3.0,2.0,2.0,3.0,2.0,3.0,3.0,2.0,3.0,3.0,2.0,2.0,1.0,2.0,1.0,1.0,2.0,1.0,2.0,2.0,2.0,1.0,1.0,1.0,1.0,2.0,1.0,2.0,2.0,2.0,2.0,2.0,2.0,1.0,2.0,2.0,1.0,2.0,3.0,2.0,inf,inf,inf,inf,inf,inf,inf,inf,3.0,2.0,3.0,3.0,2.0,2.0,3.0,3.0,3.0,3.0,4.0,3.0,2.0,1.0,inf,inf,inf,inf,inf,inf,inf,inf,inf,inf,inf,inf,2.0,3.0,3.0,3.0,3.0,3.0,3.0,2.0,1.0,2.0,3.0,4.0,3.0,4.0,3.0,3.0,inf,inf,3.0,3.0,2.0,1.0,0.0,1.0,1.0,2.0,2.0,2.0,2.0,1.0,3.0,2.0,1.0,2.0,2.0,1.0,2.0,2.0,3.0,3.0,3.0,3.0,1.0,3.0,2.0,2.0,2.0,3.0,3.0,2.0,2.0,2.0,2.0,2.0,3.0,3.0,3.0,3.0,3.0,3.0,3.0,3.0,2.0,3.0,3.0,3.0,3.0,3.0,2.0,2.0,3.0,3.0,3.0,2.0,2.0,2.0,2.0,2.0,2.0,2.0,2.0,3.0,3.0,2.0,3.0,2.0,3.0,2.0,1.0,2.0,2.0,2.0,2.0,3.0,3.0,2.0,2.0,2.0,3.0,3.0,3.0,3.0,3.0,2.0,2.0,2.0,3.0,3.0,3.0,2.0,2.0,2.0,2.0,2.0,2.0,2.0,2.0,2.0,2.0,2.0,2.0,2.0,2.0,1.0,1.0,2.0,1.0,1.0,1.0,3.0,3.0,1.0,2.0,2.0,2.0,3.0,3.0,2.0,2.0,2.0,2.0,2.0,2.0,2.0,2.0,2.0,2.0,2.0,2.0,2.0,2.0
PVDL,2.0,3.0,3.0,3.0,3.0,3.0,3.0,2.0,4.0,3.0,3.0,3.0,3.0,3.0,2.0,3.0,3.0,4.0,4.0,4.0,3.0,3.0,2.0,3.0,3.0,3.0,3.0,2.0,2.0,2.0,3.0,2.0,2.0,2.0,2.0,2.0,2.0,2.0,2.0,4.0,3.0,3.0,4.0,3.0,2.0,4.0,3.0,3.0,3.0,3.0,3.0,3.0,3.0,1.0,1.0,2.0,2.0,1.0,1.0,2.0,2.0,1.0,2.0,1.0,2.0,2.0,2.0,2.0,3.0,3.0,2.0,3.0,3.0,3.0,3.0,3.0,4.0,3.0,3.0,3.0,3.0,3.0,3.0,3.0,3.0,3.0,3.0,3.0,2.0,2.0,2.0,2.0,2.0,2.0,2.0,2.0,2.0,2.0,2.0,2.0,2.0,2.0,3.0,2.0,3.0,3.0,3.0,3.0,1.0,3.0,2.0,2.0,2.0,2.0,3.0,2.0,2.0,inf,inf,inf,inf,inf,inf,inf,inf,3.0,3.0,4.0,4.0,3.0,3.0,4.0,4.0,4.0,4.0,4.0,4.0,2.0,2.0,inf,inf,inf,inf,inf,inf,inf,inf,inf,inf,inf,inf,3.0,3.0,4.0,4.0,3.0,3.0,3.0,3.0,2.0,2.0,2.0,3.0,3.0,3.0,3.0,3.0,inf,inf,3.0,3.0,2.0,1.0,1.0,0.0,1.0,3.0,2.0,2.0,1.0,2.0,2.0,2.0,2.0,2.0,3.0,2.0,2.0,3.0,3.0,3.0,3.0,3.0,2.0,2.0,2.0,2.0,3.0,3.0,3.0,3.0,3.0,3.0,2.0,2.0,3.0,3.0,3.0,3.0,3.0,3.0,3.0,3.0,3.0,4.0,4.0,3.0,3.0,3.0,3.0,3.0,4.0,3.0,3.0,3.0,3.0,2.0,2.0,2.0,2.0,3.0,3.0,3.0,4.0,3.0,3.0,2.0,4.0,2.0,2.0,3.0,3.0,2.0,2.0,3.0,3.0,3.0,2.0,3.0,4.0,3.0,4.0,3.0,3.0,3.0,3.0,3.0,3.0,4.0,3.0,2.0,2.0,2.0,2.0,2.0,2.0,2.0,2.0,2.0,2.0,2.0,2.0,2.0,2.0,2.0,2.0,2.0,2.0,2.0,2.0,2.0,3.0,2.0,2.0,3.0,3.0,3.0,3.0,3.0,3.0,3.0,3.0,3.0,3.0,3.0,3.0,3.0,3.0,1.0,3.0,3.0,3.0
PVDR,3.0,2.0,3.0,3.0,3.0,3.0,3.0,2.0,3.0,3.0,3.0,3.0,3.0,3.0,3.0,3.0,3.0,3.0,3.0,3.0,2.0,2.0,3.0,3.0,2.0,3.0,3.0,2.0,2.0,2.0,3.0,2.0,2.0,2.0,2.0,2.0,2.0,2.0,2.0,3.0,3.0,4.0,3.0,3.0,2.0,3.0,3.0,4.0,4.0,4.0,4.0,2.0,2.0,1.0,1.0,2.0,2.0,1.0,2.0,2.0,2.0,2.0,3.0,2.0,2.0,3.0,2.0,2.0,2.0,3.0,2.0,3.0,4.0,3.0,3.0,3.0,4.0,3.0,3.0,3.0,3.0,3.0,4.0,4.0,3.0,3.0,3.0,2.0,2.0,2.0,2.0,2.0,2.0,2.0,2.0,2.0,2.0,3.0,2.0,2.0,2.0,2.0,3.0,2.0,3.0,3.0,2.0,2.0,2.0,2.0,1.0,3.0,2.0,2.0,3.0,3.0,3.0,inf,inf,inf,inf,inf,inf,inf,inf,3.0,2.0,3.0,3.0,2.0,2.0,4.0,3.0,3.0,4.0,4.0,3.0,2.0,2.0,inf,inf,inf,inf,inf,inf,inf,inf,inf,inf,inf,inf,3.0,3.0,3.0,3.0,3.0,3.0,4.0,3.0,2.0,2.0,3.0,3.0,3.0,4.0,3.0,2.0,inf,inf,3.0,3.0,3.0,1.0,1.0,1.0,0.0,2.0,2.0,2.0,2.0,2.0,3.0,3.0,1.0,3.0,3.0,2.0,2.0,2.0,3.0,3.0,3.0,3.0,2.0,3.0,3.0,2.0,3.0,3.0,3.0,2.0,2.0,2.0,2.0,2.0,3.0,3.0,3.0,3.0,3.0,3.0,3.0,3.0,3.0,3.0,4.0,3.0,3.0,3.0,3.0,3.0,3.0,3.0,3.0,2.0,2.0,2.0,2.0,2.0,2.0,3.0,2.0,3.0,3.0,3.0,3.0,2.0,3.0,2.0,2.0,2.0,2.0,2.0,2.0,3.0,3.0,2.0,2.0,2.0,3.0,3.0,3.0,3.0,3.0,2.0,3.0,2.0,3.0,3.0,3.0,2.0,2.0,2.0,2.0,2.0,2.0,2.0,2.0,1.0,2.0,2.0,1.0,2.0,3.0,2.0,2.0,1.0,1.0,2.0,2.0,3.0,3.0,2.0,3.0,3.0,3.0,4.0,4.0,3.0,3.0,3.0,3.0,3.0,3.0,2.0,2.0,3.0,2.0,2.0,2.0,2.0,2.0
PVM,3.0,2.0,3.0,2.0,3.0,3.0,3.0,2.0,3.0,3.0,3.0,3.0,3.0,3.0,3.0,3.0,3.0,3.0,3.0,3.0,2.0,2.0,3.0,3.0,2.0,3.0,3.0,2.0,2.0,2.0,3.0,3.0,3.0,3.0,3.0,3.0,3.0,3.0,3.0,3.0,3.0,4.0,3.0,3.0,2.0,3.0,3.0,4.0,4.0,4.0,4.0,2.0,2.0,2.0,2.0,2.0,2.0,2.0,2.0,2.0,2.0,3.0,3.0,2.0,2.0,3.0,2.0,2.0,1.0,3.0,2.0,1.0,4.0,3.0,3.0,3.0,4.0,3.0,3.0,3.0,2.0,2.0,4.0,4.0,3.0,3.0,3.0,2.0,2.0,2.0,3.0,2.0,2.0,3.0,2.0,2.0,2.0,3.0,2.0,2.0,2.0,2.0,3.0,2.0,3.0,3.0,3.0,3.0,3.0,3.0,1.0,3.0,3.0,2.0,3.0,3.0,3.0,inf,inf,inf,inf,inf,inf,inf,inf,3.0,2.0,3.0,3.0,2.0,2.0,4.0,3.0,3.0,3.0,4.0,3.0,3.0,2.0,inf,inf,inf,inf,inf,inf,inf,inf,inf,inf,inf,inf,3.0,3.0,3.0,3.0,3.0,3.0,4.0,3.0,1.0,1.0,3.0,4.0,4.0,4.0,4.0,3.0,inf,inf,3.0,3.0,3.0,1.0,1.0,2.0,2.0,0.0,2.0,2.0,3.0,2.0,4.0,3.0,1.0,3.0,3.0,2.0,2.0,2.0,3.0,3.0,3.0,3.0,2.0,3.0,3.0,3.0,3.0,3.0,2.0,2.0,2.0,2.0,2.0,2.0,2.0,3.0,3.0,3.0,2.0,3.0,3.0,3.0,3.0,3.0,4.0,3.0,2.0,3.0,3.0,3.0,3.0,3.0,2.0,2.0,2.0,2.0,2.0,3.0,3.0,3.0,2.0,3.0,3.0,3.0,2.0,2.0,2.0,2.0,2.0,2.0,2.0,2.0,2.0,3.0,3.0,2.0,3.0,2.0,3.0,3.0,3.0,3.0,3.0,2.0,3.0,2.0,3.0,3.0,3.0,3.0,2.0,3.0,3.0,3.0,2.0,3.0,2.0,3.0,3.0,3.0,2.0,2.0,2.0,2.0,2.0,3.0,2.0,2.0,2.0,4.0,4.0,2.0,3.0,3.0,3.0,4.0,4.0,3.0,3.0,3.0,3.0,3.0,3.0,3.0,3.0,3.0,3.0,3.0,3.0,3.0,3.0
PVNL,2.0,3.0,2.0,2.0,3.0,2.0,3.0,2.0,3.0,3.0,3.0,3.0,2.0,2.0,3.0,3.0,2.0,4.0,3.0,3.0,3.0,3.0,2.0,2.0,2.0,3.0,3.0,2.0,2.0,2.0,2.0,2.0,2.0,3.0,2.0,2.0,2.0,2.0,2.0,3.0,3.0,4.0,3.0,3.0,2.0,3.0,3.0,3.0,3.0,3.0,3.0,3.0,3.0,1.0,2.0,2.0,1.0,1.0,1.0,2.0,2.0,2.0,2.0,1.0,2.0,3.0,1.0,1.0,2.0,2.0,1.0,2.0,4.0,3.0,3.0,3.0,4.0,3.0,3.0,3.0,1.0,1.0,3.0,3.0,2.0,3.0,3.0,2.0,2.0,2.0,2.0,2.0,2.0,2.0,2.0,2.0,2.0,2.0,2.0,2.0,2.0,2.0,3.0,2.0,1.0,2.0,3.0,3.0,2.0,2.0,2.0,2.0,2.0,3.0,2.0,2.0,2.0,inf,inf,inf,inf,inf,inf,inf,inf,3.0,3.0,3.0,3.0,3.0,3.0,3.0,4.0,3.0,3.0,3.0,3.0,1.0,2.0,inf,inf,inf,inf,inf,inf,inf,inf,inf,inf,inf,inf,3.0,3.0,3.0,3.0,3.0,3.0,3.0,3.0,2.0,3.0,2.0,3.0,2.0,3.0,3.0,2.0,inf,inf,4.0,3.0,1.0,1.0,2.0,1.0,2.0,3.0,0.0,1.0,2.0,1.0,3.0,2.0,2.0,1.0,1.0,1.0,2.0,2.0,3.0,3.0,3.0,3.0,2.0,2.0,2.0,2.0,2.0,2.0,3.0,2.0,3.0,3.0,3.0,2.0,3.0,3.0,3.0,3.0,3.0,3.0,3.0,3.0,3.0,3.0,3.0,2.0,2.0,2.0,2.0,3.0,3.0,3.0,2.0,3.0,3.0,3.0,2.0,2.0,2.0,2.0,3.0,3.0,3.0,3.0,3.0,2.0,3.0,2.0,3.0,3.0,3.0,3.0,2.0,3.0,3.0,3.0,3.0,2.0,2.0,3.0,3.0,2.0,3.0,2.0,2.0,3.0,3.0,4.0,3.0,2.0,2.0,2.0,2.0,2.0,2.0,2.0,2.0,2.0,2.0,2.0,1.0,3.0,3.0,3.0,2.0,3.0,2.0,2.0,2.0,3.0,3.0,2.0,2.0,2.0,3.0,3.0,3.0,2.0,3.0,2.0,2.0,2.0,3.0,2.0,2.0,3.0,3.0,2.0,3.0,1.0,2.0
PVNR,2.0,2.0,2.0,3.0,2.0,3.0,3.0,3.0,2.0,3.0,2.0,3.0,2.0,2.0,2.0,3.0,2.0,3.0,3.0,3.0,2.0,2.0,2.0,1.0,2.0,3.0,3.0,2.0,2.0,2.0,2.0,2.0,2.0,3.0,2.0,2.0,2.0,2.0,2.0,3.0,3.0,3.0,3.0,2.0,2.0,2.0,4.0,3.0,3.0,3.0,3.0,2.0,3.0,1.0,2.0,2.0,1.0,1.0,1.0,1.0,2.0,2.0,2.0,2.0,2.0,2.0,1.0,1.0,2.0,2.0,1.0,2.0,3.0,3.0,2.0,3.0,3.0,3.0,3.0,2.0,1.0,2.0,3.0,3.0,1.0,2.0,2.0,2.0,2.0,2.0,2.0,2.0,2.0,2.0,2.0,2.0,2.0,2.0,2.0,1.0,2.0,2.0,3.0,2.0,2.0,1.0,2.0,2.0,2.0,2.0,2.0,2.0,2.0,2.0,2.0,2.0,1.0,inf,inf,inf,inf,inf,inf,inf,inf,2.0,2.0,2.0,3.0,2.0,2.0,2.0,3.0,2.0,3.0,3.0,3.0,2.0,2.0,inf,inf,inf,inf,inf,inf,inf,inf,inf,inf,inf,inf,2.0,3.0,2.0,3.0,2.0,3.0,3.0,3.0,2.0,2.0,3.0,4.0,2.0,3.0,3.0,3.0,inf,inf,3.0,4.0,1.0,2.0,1.0,2.0,1.0,2.0,2.0,0.0,3.0,2.0,3.0,2.0,1.0,1.0,1.0,1.0,2.0,3.0,2.0,3.0,2.0,2.0,2.0,2.0,2.0,2.0,2.0,2.0,2.0,2.0,2.0,2.0,2.0,2.0,3.0,3.0,2.0,2.0,3.0,3.0,2.0,3.0,3.0,3.0,3.0,2.0,2.0,2.0,2.0,2.0,2.0,2.0,2.0,3.0,3.0,3.0,2.0,2.0,2.0,2.0,2.0,3.0,2.0,2.0,3.0,3.0,2.0,3.0,2.0,3.0,2.0,3.0,3.0,3.0,3.0,3.0,3.0,2.0,3.0,3.0,3.0,1.0,3.0,1.0,3.0,2.0,3.0,3.0,3.0,2.0,2.0,2.0,2.0,1.0,2.0,2.0,2.0,2.0,2.0,1.0,2.0,3.0,2.0,2.0,2.0,2.0,2.0,2.0,2.0,3.0,2.0,2.0,2.0,1.0,2.0,2.0,2.0,2.0,2.0,2.0,1.0,1.0,2.0,1.0,1.0,3.0,3.0,3.0,2.0,1.0,1.0
PVPL,1.0,2.0,3.0,3.0,2.0,2.0,2.0,2.0,3.0,2.0,2.0,3.0,2.0,2.0,3.0,2.0,3.0,4.0,3.0,3.0,2.0,2.0,2.0,3.0,3.0,2.0,3.0,1.0,2.0,2.0,2.0,2.0,2.0,2.0,2.0,2.0,2.0,2.0,2.0,3.0,3.0,3.0,3.0,2.0,2.0,3.0,3.0,3.0,3.0,3.0,2.0,2.0,3.0,1.0,1.0,1.0,1.0,2.0,1.0,2.0,2.0,2.0,2.0,2.0,2.0,1.0,2.0,2.0,3.0,2.0,2.0,3.0,3.0,3.0,2.0,2.0,3.0,3.0,2.0,2.0,3.0,3.0,3.0,3.0,3.0,3.0,3.0,3.0,2.0,2.0,2.0,2.0,2.0,2.0,2.0,2.0,2.0,2.0,2.0,2.0,2.0,2.0,3.0,2.0,3.0,3.0,3.0,3.0,2.0,3.0,2.0,3.0,2.0,2.0,3.0,2.0,2.0,inf,inf,inf,inf,inf,inf,inf,inf,3.0,3.0,3.0,3.0,3.0,3.0,4.0,4.0,3.0,3.0,3.0,3.0,2.0,2.0,inf,inf,inf,inf,inf,inf,inf,inf,inf,inf,inf,inf,3.0,3.0,3.0,3.0,2.0,3.0,4.0,3.0,2.0,2.0,3.0,4.0,3.0,4.0,4.0,3.0,inf,inf,3.0,3.0,2.0,1.0,1.0,1.0,2.0,3.0,2.0,2.0,0.0,2.0,3.0,3.0,2.0,3.0,3.0,2.0,2.0,2.0,2.0,3.0,2.0,2.0,2.0,3.0,3.0,1.0,2.0,2.0,2.0,3.0,2.0,3.0,1.0,2.0,3.0,3.0,3.0,3.0,3.0,3.0,3.0,3.0,3.0,3.0,3.0,3.0,3.0,3.0,2.0,2.0,3.0,2.0,3.0,3.0,3.0,2.0,2.0,2.0,2.0,2.0,3.0,3.0,3.0,3.0,3.0,2.0,3.0,2.0,2.0,2.0,3.0,2.0,2.0,3.0,3.0,3.0,2.0,3.0,4.0,2.0,3.0,3.0,3.0,2.0,2.0,3.0,3.0,4.0,3.0,2.0,2.0,2.0,2.0,2.0,2.0,2.0,2.0,2.0,2.0,2.0,2.0,3.0,2.0,2.0,2.0,3.0,2.0,2.0,2.0,3.0,3.0,2.0,3.0,3.0,2.0,3.0,3.0,3.0,3.0,3.0,2.0,3.0,3.0,3.0,3.0,3.0,3.0,2.0,3.0,3.0,3.0
PVPR,3.0,2.0,3.0,3.0,3.0,1.0,3.0,2.0,3.0,2.0,2.0,2.0,2.0,2.0,3.0,2.0,2.0,3.0,3.0,2.0,2.0,2.0,3.0,3.0,2.0,3.0,2.0,1.0,2.0,2.0,2.0,2.0,2.0,2.0,2.0,2.0,2.0,2.0,2.0,3.0,2.0,3.0,3.0,2.0,1.0,3.0,3.0,2.0,3.0,3.0,2.0,3.0,2.0,1.0,1.0,1.0,1.0,2.0,2.0,2.0,2.0,2.0,2.0,1.0,1.0,2.0,1.0,2.0,2.0,2.0,1.0,3.0,3.0,2.0,2.0,2.0,3.0,2.0,2.0,2.0,3.0,2.0,4.0,4.0,3.0,2.0,2.0,2.0,2.0,2.0,2.0,2.0,2.0,2.0,2.0,2.0,2.0,3.0,2.0,2.0,2.0,2.0,3.0,2.0,2.0,1.0,3.0,3.0,3.0,2.0,2.0,2.0,1.0,2.0,3.0,2.0,1.0,inf,inf,inf,inf,inf,inf,inf,inf,3.0,3.0,3.0,2.0,3.0,3.0,4.0,4.0,3.0,3.0,3.0,3.0,2.0,2.0,inf,inf,inf,inf,inf,inf,inf,inf,inf,inf,inf,inf,3.0,3.0,3.0,3.0,3.0,2.0,3.0,3.0,2.0,2.0,2.0,3.0,3.0,3.0,3.0,3.0,inf,inf,3.0,3.0,3.0,1.0,1.0,2.0,2.0,3.0,2.0,2.0,2.0,0.0,3.0,1.0,2.0,2.0,2.0,2.0,2.0,1.0,2.0,2.0,3.0,2.0,2.0,3.0,2.0,2.0,1.0,2.0,2.0,1.0,3.0,2.0,2.0,2.0,2.0,2.0,2.0,2.0,2.0,2.0,2.0,2.0,3.0,3.0,3.0,3.0,2.0,2.0,3.0,2.0,2.0,3.0,3.0,2.0,2.0,2.0,2.0,2.0,2.0,2.0,3.0,2.0,2.0,2.0,2.0,2.0,3.0,2.0,2.0,3.0,2.0,3.0,2.0,2.0,2.0,2.0,2.0,3.0,3.0,2.0,3.0,3.0,2.0,2.0,1.0,3.0,3.0,3.0,2.0,2.0,2.0,2.0,2.0,2.0,2.0,2.0,2.0,2.0,2.0,2.0,2.0,2.0,2.0,2.0,2.0,3.0,2.0,2.0,2.0,3.0,3.0,2.0,2.0,2.0,2.0,2.0,2.0,2.0,2.0,3.0,2.0,2.0,3.0,3.0,3.0,3.0,2.0,3.0,3.0,2.0,3.0
PVQL,2.0,3.0,3.0,3.0,2.0,3.0,2.0,2.0,2.0,3.0,1.0,3.0,2.0,2.0,2.0,2.0,3.0,3.0,2.0,3.0,2.0,2.0,2.0,3.0,3.0,3.0,3.0,2.0,3.0,3.0,3.0,3.0,2.0,3.0,3.0,3.0,3.0,3.0,3.0,2.0,2.0,2.0,3.0,2.0,2.0,3.0,3.0,1.0,2.0,1.0,2.0,3.0,3.0,2.0,2.0,2.0,2.0,3.0,2.0,2.0,2.0,2.0,2.0,2.0,2.0,1.0,2.0,2.0,3.0,3.0,3.0,3.0,1.0,2.0,2.0,2.0,2.0,2.0,3.0,3.0,3.0,2.0,3.0,3.0,2.0,3.0,3.0,3.0,3.0,3.0,3.0,3.0,2.0,2.0,2.0,1.0,3.0,3.0,3.0,3.0,3.0,2.0,3.0,2.0,3.0,3.0,3.0,2.0,2.0,1.0,2.0,3.0,3.0,3.0,3.0,1.0,1.0,inf,inf,inf,inf,inf,inf,inf,inf,3.0,4.0,3.0,3.0,4.0,3.0,3.0,5.0,3.0,3.0,4.0,3.0,3.0,3.0,inf,inf,inf,inf,inf,inf,inf,inf,inf,inf,inf,inf,3.0,3.0,3.0,3.0,3.0,3.0,4.0,4.0,3.0,3.0,3.0,4.0,4.0,4.0,4.0,4.0,inf,inf,3.0,4.0,3.0,2.0,2.0,2.0,3.0,4.0,3.0,2.0,1.0,2.0,0.0,2.0,3.0,2.0,3.0,3.0,3.0,3.0,3.0,3.0,3.0,3.0,2.0,2.0,2.0,2.0,3.0,3.0,2.0,2.0,3.0,3.0,2.0,3.0,3.0,3.0,3.0,2.0,2.0,2.0,2.0,3.0,3.0,4.0,3.0,3.0,3.0,3.0,1.0,2.0,2.0,2.0,2.0,3.0,3.0,3.0,2.0,3.0,2.0,3.0,3.0,2.0,2.0,2.0,3.0,3.0,2.0,2.0,2.0,2.0,3.0,2.0,3.0,2.0,2.0,3.0,3.0,3.0,3.0,3.0,4.0,3.0,3.0,2.0,3.0,3.0,4.0,4.0,3.0,3.0,3.0,3.0,3.0,3.0,2.0,3.0,3.0,3.0,3.0,3.0,3.0,3.0,3.0,3.0,3.0,3.0,3.0,3.0,3.0,3.0,3.0,3.0,3.0,2.0,2.0,2.0,2.0,3.0,3.0,3.0,3.0,3.0,3.0,3.0,3.0,2.0,2.0,2.0,2.0,2.0,2.0
PVQR,2.0,2.0,3.0,2.0,2.0,2.0,2.0,2.0,2.0,2.0,1.0,1.0,2.0,2.0,2.0,1.0,3.0,3.0,2.0,2.0,2.0,2.0,2.0,3.0,2.0,3.0,2.0,3.0,2.0,3.0,2.0,2.0,2.0,3.0,3.0,3.0,3.0,2.0,3.0,2.0,1.0,2.0,2.0,2.0,2.0,2.0,2.0,1.0,2.0,2.0,1.0,3.0,2.0,2.0,2.0,2.0,1.0,2.0,2.0,2.0,2.0,2.0,1.0,2.0,2.0,2.0,2.0,2.0,2.0,2.0,1.0,3.0,3.0,1.0,3.0,2.0,2.0,2.0,3.0,3.0,3.0,2.0,3.0,3.0,2.0,3.0,3.0,2.0,3.0,2.0,2.0,3.0,3.0,3.0,2.0,3.0,3.0,3.0,3.0,3.0,2.0,3.0,3.0,2.0,1.0,2.0,2.0,3.0,3.0,1.0,3.0,2.0,1.0,3.0,3.0,2.0,2.0,inf,inf,inf,inf,inf,inf,inf,inf,3.0,3.0,3.0,3.0,3.0,3.0,3.0,4.0,3.0,2.0,3.0,3.0,3.0,3.0,inf,inf,inf,inf,inf,inf,inf,inf,inf,inf,inf,inf,3.0,2.0,3.0,2.0,3.0,3.0,3.0,4.0,3.0,3.0,3.0,4.0,4.0,4.0,3.0,4.0,inf,inf,4.0,3.0,3.0,2.0,2.0,2.0,2.0,3.0,3.0,2.0,3.0,2.0,2.0,0.0,3.0,1.0,2.0,3.0,3.0,2.0,2.0,2.0,3.0,3.0,3.0,2.0,1.0,2.0,2.0,2.0,3.0,2.0,3.0,2.0,2.0,2.0,3.0,2.0,2.0,3.0,2.0,2.0,3.0,2.0,3.0,3.0,3.0,2.0,2.0,2.0,2.0,1.0,3.0,3.0,2.0,3.0,3.0,2.0,2.0,2.0,2.0,3.0,3.0,2.0,3.0,3.0,2.0,2.0,3.0,3.0,3.0,3.0,3.0,3.0,2.0,3.0,3.0,3.0,3.0,3.0,3.0,2.0,3.0,3.0,3.0,3.0,2.0,3.0,3.0,4.0,3.0,2.0,2.0,3.0,2.0,3.0,3.0,2.0,3.0,3.0,3.0,3.0,3.0,2.0,3.0,3.0,3.0,3.0,3.0,3.0,3.0,4.0,3.0,3.0,2.0,1.0,2.0,3.0,3.0,2.0,1.0,2.0,2.0,2.0,2.0,2.0,3.0,3.0,2.0,3.0,2.0,2.0,2.0
PVR,3.0,1.0,3.0,3.0,2.0,2.0,2.0,2.0,3.0,3.0,3.0,3.0,2.0,2.0,3.0,3.0,2.0,3.0,3.0,3.0,2.0,2.0,3.0,2.0,1.0,3.0,3.0,2.0,2.0,2.0,2.0,2.0,2.0,2.0,3.0,3.0,3.0,2.0,2.0,3.0,3.0,3.0,2.0,3.0,2.0,3.0,3.0,3.0,4.0,4.0,3.0,2.0,2.0,2.0,2.0,1.0,1.0,2.0,2.0,2.0,2.0,3.0,2.0,2.0,2.0,3.0,1.0,1.0,1.0,3.0,2.0,2.0,3.0,3.0,3.0,3.0,3.0,3.0,2.0,2.0,3.0,2.0,4.0,4.0,3.0,2.0,3.0,1.0,3.0,2.0,2.0,2.0,1.0,3.0,2.0,2.0,1.0,3.0,1.0,1.0,1.0,2.0,3.0,1.0,2.0,2.0,2.0,2.0,2.0,2.0,1.0,3.0,3.0,3.0,2.0,3.0,2.0,inf,inf,inf,inf,inf,inf,inf,inf,2.0,1.0,2.0,2.0,1.0,1.0,3.0,2.0,3.0,3.0,3.0,2.0,3.0,3.0,inf,inf,inf,inf,inf,inf,inf,inf,inf,inf,inf,inf,2.0,2.0,3.0,2.0,2.0,2.0,4.0,4.0,2.0,1.0,3.0,4.0,4.0,4.0,4.0,3.0,inf,inf,3.0,3.0,3.0,1.0,2.0,3.0,3.0,1.0,3.0,2.0,3.0,2.0,3.0,2.0,0.0,3.0,3.0,3.0,2.0,2.0,3.0,3.0,2.0,2.0,2.0,3.0,2.0,3.0,3.0,2.0,2.0,2.0,1.0,1.0,2.0,2.0,2.0,2.0,2.0,2.0,2.0,3.0,2.0,2.0,3.0,2.0,3.0,3.0,2.0,3.0,3.0,3.0,2.0,2.0,2.0,2.0,2.0,2.0,1.0,2.0,3.0,2.0,1.0,2.0,3.0,3.0,2.0,2.0,2.0,2.0,3.0,2.0,2.0,2.0,2.0,2.0,2.0,2.0,3.0,1.0,2.0,2.0,2.0,3.0,2.0,2.0,2.0,2.0,2.0,2.0,2.0,3.0,2.0,3.0,2.0,2.0,2.0,2.0,2.0,2.0,2.0,2.0,2.0,2.0,2.0,1.0,2.0,3.0,2.0,1.0,2.0,3.0,3.0,2.0,3.0,3.0,2.0,3.0,3.0,3.0,3.0,3.0,2.0,2.0,2.0,2.0,3.0,2.0,2.0,2.0,2.0,2.0,2.0
PVT,3.0,3.0,3.0,3.0,2.0,2.0,2.0,2.0,3.0,2.0,3.0,2.0,1.0,1.0,3.0,3.0,3.0,3.0,2.0,2.0,2.0,2.0,3.0,3.0,3.0,2.0,2.0,2.0,3.0,3.0,3.0,3.0,3.0,3.0,3.0,3.0,3.0,3.0,3.0,3.0,3.0,3.0,3.0,2.0,2.0,3.0,3.0,3.0,4.0,3.0,3.0,2.0,2.0,2.0,2.0,2.0,2.0,2.0,3.0,2.0,2.0,3.0,3.0,3.0,3.0,3.0,3.0,3.0,1.0,1.0,1.0,2.0,3.0,3.0,3.0,3.0,3.0,2.0,2.0,2.0,2.0,3.0,4.0,4.0,2.0,2.0,2.0,2.0,3.0,3.0,3.0,3.0,3.0,3.0,3.0,3.0,3.0,4.0,3.0,3.0,3.0,3.0,4.0,3.0,2.0,3.0,3.0,4.0,4.0,2.0,2.0,2.0,1.0,2.0,3.0,3.0,2.0,inf,inf,inf,inf,inf,inf,inf,inf,3.0,3.0,3.0,3.0,3.0,3.0,3.0,4.0,2.0,2.0,2.0,2.0,3.0,3.0,inf,inf,inf,inf,inf,inf,inf,inf,inf,inf,inf,inf,3.0,2.0,2.0,2.0,2.0,2.0,3.0,4.0,2.0,2.0,4.0,4.0,4.0,5.0,3.0,4.0,inf,inf,3.0,3.0,4.0,3.0,3.0,3.0,2.0,2.0,3.0,3.0,2.0,2.0,2.0,3.0,3.0,0.0,2.0,3.0,2.0,2.0,2.0,2.0,3.0,2.0,3.0,2.0,3.0,1.0,1.0,1.0,2.0,2.0,2.0,2.0,2.0,1.0,2.0,2.0,2.0,2.0,2.0,2.0,3.0,3.0,2.0,3.0,2.0,1.0,1.0,1.0,2.0,3.0,2.0,2.0,2.0,2.0,2.0,2.0,2.0,2.0,2.0,3.0,3.0,2.0,2.0,3.0,2.0,2.0,2.0,3.0,2.0,2.0,3.0,3.0,3.0,2.0,2.0,2.0,2.0,3.0,3.0,2.0,2.0,3.0,3.0,2.0,2.0,3.0,2.0,3.0,2.0,3.0,3.0,3.0,3.0,3.0,3.0,3.0,3.0,3.0,3.0,3.0,3.0,2.0,3.0,3.0,4.0,3.0,3.0,3.0,3.0,4.0,4.0,3.0,2.0,2.0,3.0,3.0,3.0,2.0,3.0,3.0,3.0,3.0,3.0,3.0,4.0,4.0,2.0,4.0,3.0,2.0,3.0
PVWL,4.0,3.0,3.0,3.0,3.0,3.0,3.0,2.0,4.0,3.0,4.0,3.0,2.0,2.0,4.0,4.0,2.0,4.0,3.0,3.0,3.0,3.0,3.0,3.0,3.0,3.0,3.0,2.0,2.0,2.0,3.0,3.0,3.0,3.0,3.0,3.0,3.0,3.0,3.0,3.0,3.0,4.0,3.0,3.0,2.0,3.0,4.0,4.0,4.0,4.0,4.0,3.0,3.0,2.0,2.0,2.0,2.0,2.0,2.0,2.0,2.0,3.0,3.0,2.0,2.0,3.0,1.0,2.0,2.0,2.0,2.0,3.0,4.0,3.0,3.0,3.0,4.0,3.0,3.0,3.0,3.0,3.0,4.0,4.0,3.0,3.0,3.0,3.0,3.0,2.0,3.0,2.0,2.0,3.0,2.0,2.0,3.0,3.0,2.0,2.0,2.0,2.0,3.0,2.0,3.0,3.0,3.0,3.0,3.0,2.0,2.0,3.0,2.0,2.0,3.0,3.0,3.0,inf,inf,inf,inf,inf,inf,inf,inf,4.0,3.0,4.0,4.0,3.0,3.0,4.0,4.0,3.0,3.0,3.0,3.0,3.0,2.0,inf,inf,inf,inf,inf,inf,inf,inf,inf,inf,inf,inf,3.0,3.0,3.0,3.0,3.0,3.0,4.0,3.0,2.0,3.0,3.0,4.0,4.0,4.0,4.0,3.0,inf,inf,4.0,3.0,3.0,1.0,1.0,2.0,2.0,3.0,3.0,2.0,3.0,2.0,3.0,3.0,2.0,1.0,0.0,1.0,3.0,3.0,3.0,3.0,3.0,3.0,2.0,3.0,2.0,2.0,2.0,2.0,3.0,3.0,3.0,3.0,3.0,2.0,3.0,3.0,3.0,3.0,3.0,3.0,3.0,4.0,3.0,4.0,3.0,2.0,2.0,2.0,3.0,3.0,3.0,3.0,3.0,3.0,3.0,3.0,2.0,3.0,3.0,3.0,3.0,3.0,3.0,3.0,3.0,2.0,3.0,2.0,2.0,3.0,3.0,3.0,2.0,3.0,3.0,3.0,3.0,3.0,4.0,3.0,3.0,3.0,3.0,3.0,3.0,3.0,3.0,4.0,3.0,3.0,3.0,3.0,3.0,3.0,3.0,3.0,3.0,3.0,3.0,2.0,2.0,3.0,3.0,2.0,2.0,3.0,2.0,2.0,2.0,4.0,3.0,2.0,3.0,3.0,3.0,4.0,4.0,2.0,3.0,3.0,3.0,3.0,3.0,3.0,3.0,3.0,3.0,3.0,3.0,1.0,3.0
PVWR,4.0,3.0,3.0,3.0,3.0,3.0,3.0,3.0,4.0,3.0,3.0,3.0,2.0,2.0,4.0,4.0,4.0,4.0,3.0,3.0,3.0,3.0,2.0,3.0,3.0,3.0,3.0,2.0,2.0,2.0,3.0,2.0,2.0,2.0,2.0,2.0,2.0,2.0,2.0,4.0,4.0,4.0,4.0,3.0,3.0,4.0,3.0,4.0,3.0,4.0,4.0,3.0,3.0,2.0,1.0,2.0,2.0,2.0,1.0,2.0,2.0,3.0,3.0,3.0,2.0,3.0,3.0,2.0,2.0,2.0,1.0,3.0,4.0,4.0,3.0,3.0,4.0,3.0,3.0,3.0,3.0,3.0,3.0,3.0,3.0,3.0,3.0,3.0,2.0,2.0,2.0,2.0,2.0,2.0,2.0,2.0,2.0,2.0,2.0,2.0,2.0,2.0,3.0,2.0,2.0,3.0,3.0,3.0,3.0,2.0,2.0,2.0,2.0,2.0,3.0,3.0,2.0,inf,inf,inf,inf,inf,inf,inf,inf,3.0,3.0,4.0,4.0,3.0,3.0,4.0,4.0,3.0,3.0,3.0,3.0,2.0,1.0,inf,inf,inf,inf,inf,inf,inf,inf,inf,inf,inf,inf,3.0,3.0,3.0,3.0,3.0,3.0,3.0,2.0,2.0,2.0,4.0,3.0,3.0,4.0,3.0,2.0,inf,inf,3.0,4.0,2.0,2.0,1.0,2.0,2.0,3.0,2.0,3.0,3.0,2.0,3.0,3.0,2.0,1.0,2.0,0.0,3.0,3.0,3.0,3.0,4.0,3.0,2.0,3.0,3.0,2.0,2.0,2.0,3.0,2.0,3.0,3.0,3.0,2.0,3.0,3.0,3.0,3.0,3.0,3.0,4.0,4.0,3.0,4.0,3.0,2.0,2.0,2.0,3.0,3.0,3.0,3.0,3.0,3.0,3.0,2.0,2.0,2.0,2.0,3.0,3.0,3.0,3.0,3.0,3.0,3.0,3.0,3.0,2.0,3.0,3.0,3.0,3.0,3.0,3.0,3.0,2.0,3.0,4.0,3.0,3.0,4.0,4.0,3.0,3.0,3.0,3.0,4.0,3.0,3.0,2.0,2.0,2.0,2.0,2.0,2.0,2.0,2.0,2.0,2.0,1.0,3.0,3.0,2.0,2.0,3.0,2.0,2.0,2.0,3.0,3.0,2.0,2.0,2.0,3.0,3.0,3.0,2.0,3.0,3.0,3.0,3.0,3.0,3.0,3.0,3.0,3.0,3.0,3.0,2.0,2.0
RIAL,2.0,2.0,3.0,2.0,2.0,2.0,3.0,3.0,2.0,2.0,2.0,3.0,2.0,2.0,2.0,2.0,2.0,3.0,2.0,3.0,1.0,2.0,3.0,2.0,3.0,2.0,2.0,1.0,3.0,2.0,3.0,2.0,2.0,3.0,2.0,2.0,3.0,2.0,2.0,2.0,3.0,2.0,3.0,2.0,2.0,2.0,3.0,2.0,3.0,3.0,3.0,2.0,2.0,1.0,2.0,2.0,2.0,2.0,2.0,2.0,2.0,3.0,2.0,3.0,3.0,3.0,2.0,2.0,2.0,2.0,3.0,3.0,3.0,3.0,3.0,2.0,3.0,2.0,2.0,1.0,3.0,3.0,4.0,4.0,1.0,2.0,2.0,2.0,2.0,2.0,2.0,2.0,2.0,2.0,2.0,2.0,2.0,3.0,3.0,3.0,3.0,2.0,3.0,2.0,3.0,3.0,3.0,3.0,3.0,3.0,2.0,4.0,2.0,3.0,3.0,2.0,2.0,inf,inf,inf,inf,inf,inf,inf,inf,2.0,2.0,2.0,2.0,3.0,3.0,2.0,3.0,2.0,3.0,3.0,2.0,2.0,2.0,inf,inf,inf,inf,inf,inf,inf,inf,inf,inf,inf,inf,2.0,2.0,2.0,3.0,2.0,2.0,5.0,3.0,3.0,3.0,4.0,4.0,3.0,4.0,4.0,3.0,inf,inf,2.0,2.0,3.0,2.0,2.0,3.0,3.0,3.0,2.0,3.0,2.0,2.0,3.0,3.0,2.0,3.0,3.0,3.0,0.0,1.0,1.0,2.0,2.0,2.0,2.0,3.0,3.0,2.0,2.0,2.0,1.0,1.0,2.0,3.0,1.0,2.0,1.0,1.0,1.0,1.0,1.0,1.0,1.0,1.0,2.0,3.0,3.0,2.0,2.0,2.0,2.0,2.0,2.0,2.0,1.0,2.0,2.0,2.0,2.0,2.0,3.0,2.0,2.0,1.0,2.0,2.0,1.0,2.0,2.0,2.0,2.0,2.0,1.0,2.0,2.0,1.0,1.0,1.0,1.0,2.0,3.0,2.0,3.0,2.0,3.0,1.0,2.0,2.0,3.0,3.0,2.0,2.0,2.0,2.0,2.0,2.0,2.0,2.0,2.0,2.0,2.0,2.0,2.0,2.0,2.0,3.0,3.0,3.0,3.0,3.0,3.0,3.0,3.0,3.0,4.0,3.0,3.0,3.0,3.0,4.0,3.0,3.0,3.0,3.0,3.0,3.0,3.0,3.0,3.0,3.0,3.0,3.0,3.0
RIAR,3.0,2.0,2.0,2.0,3.0,1.0,3.0,2.0,3.0,2.0,3.0,3.0,2.0,2.0,3.0,3.0,2.0,2.0,3.0,2.0,2.0,2.0,3.0,2.0,3.0,2.0,2.0,2.0,2.0,2.0,3.0,2.0,2.0,2.0,2.0,2.0,2.0,3.0,2.0,3.0,3.0,2.0,2.0,3.0,2.0,3.0,3.0,2.0,4.0,3.0,3.0,3.0,1.0,2.0,1.0,2.0,2.0,2.0,2.0,2.0,2.0,3.0,3.0,3.0,2.0,3.0,3.0,3.0,3.0,2.0,3.0,4.0,4.0,2.0,3.0,2.0,3.0,2.0,2.0,2.0,3.0,3.0,4.0,4.0,2.0,2.0,1.0,1.0,2.0,2.0,2.0,2.0,2.0,2.0,2.0,2.0,2.0,3.0,2.0,2.0,3.0,2.0,3.0,3.0,3.0,3.0,3.0,3.0,3.0,3.0,3.0,4.0,3.0,3.0,3.0,3.0,3.0,inf,inf,inf,inf,inf,inf,inf,inf,3.0,2.0,2.0,1.0,2.0,2.0,3.0,3.0,2.0,3.0,3.0,2.0,2.0,2.0,inf,inf,inf,inf,inf,inf,inf,inf,inf,inf,inf,inf,2.0,2.0,3.0,3.0,2.0,2.0,5.0,3.0,2.0,2.0,4.0,5.0,3.0,4.0,5.0,4.0,inf,inf,2.0,2.0,3.0,2.0,2.0,3.0,3.0,3.0,3.0,3.0,3.0,2.0,3.0,3.0,2.0,3.0,3.0,3.0,1.0,0.0,2.0,1.0,2.0,2.0,3.0,3.0,3.0,2.0,2.0,2.0,2.0,2.0,2.0,2.0,2.0,2.0,1.0,1.0,1.0,1.0,1.0,1.0,1.0,1.0,2.0,2.0,3.0,2.0,2.0,2.0,2.0,2.0,2.0,2.0,2.0,1.0,2.0,2.0,2.0,3.0,2.0,2.0,3.0,2.0,1.0,1.0,2.0,2.0,2.0,2.0,2.0,2.0,1.0,2.0,1.0,1.0,1.0,1.0,1.0,3.0,3.0,2.0,2.0,3.0,3.0,2.0,2.0,2.0,3.0,2.0,2.0,3.0,2.0,2.0,2.0,2.0,2.0,2.0,2.0,2.0,2.0,2.0,3.0,2.0,3.0,3.0,3.0,3.0,3.0,3.0,3.0,3.0,3.0,3.0,4.0,4.0,3.0,4.0,4.0,4.0,3.0,3.0,3.0,3.0,3.0,3.0,3.0,3.0,3.0,3.0,3.0,3.0,3.0
RIBL,3.0,3.0,3.0,3.0,2.0,3.0,2.0,2.0,3.0,3.0,3.0,2.0,2.0,1.0,3.0,3.0,3.0,4.0,2.0,2.0,2.0,2.0,2.0,2.0,3.0,2.0,3.0,2.0,2.0,2.0,2.0,2.0,2.0,3.0,2.0,2.0,3.0,2.0,2.0,3.0,3.0,3.0,3.0,3.0,3.0,3.0,3.0,3.0,3.0,4.0,3.0,1.0,3.0,1.0,2.0,2.0,1.0,2.0,1.0,1.0,1.0,3.0,3.0,3.0,3.0,3.0,2.0,2.0,2.0,2.0,2.0,3.0,3.0,3.0,3.0,3.0,3.0,2.0,2.0,1.0,3.0,3.0,3.0,3.0,2.0,2.0,1.0,2.0,2.0,2.0,2.0,2.0,2.0,2.0,2.0,2.0,2.0,2.0,3.0,2.0,2.0,2.0,3.0,2.0,3.0,3.0,3.0,3.0,3.0,3.0,2.0,3.0,1.0,3.0,3.0,3.0,2.0,inf,inf,inf,inf,inf,inf,inf,inf,2.0,3.0,2.0,3.0,2.0,3.0,3.0,4.0,3.0,3.0,3.0,3.0,2.0,2.0,inf,inf,inf,inf,inf,inf,inf,inf,inf,inf,inf,inf,2.0,2.0,2.0,3.0,2.0,3.0,4.0,3.0,3.0,3.0,4.0,4.0,3.0,4.0,4.0,3.0,inf,inf,2.0,3.0,2.0,2.0,2.0,3.0,2.0,3.0,2.0,3.0,2.0,3.0,3.0,3.0,2.0,2.0,3.0,3.0,1.0,2.0,0.0,2.0,2.0,2.0,3.0,3.0,3.0,1.0,2.0,2.0,1.0,2.0,2.0,3.0,2.0,1.0,2.0,2.0,2.0,2.0,2.0,1.0,2.0,2.0,2.0,3.0,3.0,2.0,2.0,2.0,2.0,2.0,2.0,2.0,2.0,2.0,2.0,2.0,2.0,2.0,2.0,3.0,3.0,2.0,3.0,2.0,2.0,2.0,2.0,3.0,2.0,3.0,2.0,2.0,3.0,2.0,2.0,2.0,1.0,3.0,3.0,2.0,3.0,3.0,3.0,2.0,2.0,1.0,2.0,2.0,2.0,2.0,2.0,2.0,2.0,2.0,2.0,2.0,2.0,2.0,2.0,2.0,2.0,2.0,3.0,3.0,3.0,3.0,3.0,3.0,3.0,3.0,3.0,3.0,3.0,3.0,3.0,3.0,3.0,3.0,3.0,2.0,2.0,3.0,3.0,3.0,3.0,3.0,2.0,3.0,3.0,3.0,3.0
RIBR,3.0,2.0,3.0,2.0,3.0,2.0,3.0,3.0,3.0,2.0,3.0,2.0,1.0,2.0,3.0,3.0,1.0,2.0,2.0,2.0,2.0,1.0,3.0,2.0,3.0,2.0,2.0,3.0,2.0,2.0,2.0,2.0,2.0,2.0,2.0,2.0,2.0,2.0,2.0,2.0,2.0,3.0,2.0,2.0,2.0,2.0,3.0,3.0,4.0,3.0,3.0,3.0,1.0,2.0,1.0,1.0,2.0,2.0,2.0,1.0,1.0,3.0,3.0,3.0,3.0,3.0,3.0,2.0,2.0,2.0,2.0,3.0,3.0,2.0,3.0,3.0,3.0,2.0,1.0,2.0,3.0,3.0,4.0,4.0,2.0,2.0,2.0,2.0,2.0,2.0,2.0,2.0,2.0,2.0,2.0,2.0,2.0,3.0,2.0,2.0,2.0,2.0,3.0,3.0,3.0,3.0,3.0,3.0,3.0,3.0,2.0,3.0,2.0,2.0,3.0,3.0,3.0,inf,inf,inf,inf,inf,inf,inf,inf,3.0,2.0,2.0,2.0,3.0,2.0,3.0,3.0,2.0,2.0,2.0,2.0,2.0,2.0,inf,inf,inf,inf,inf,inf,inf,inf,inf,inf,inf,inf,2.0,1.0,2.0,2.0,2.0,2.0,4.0,3.0,2.0,2.0,4.0,5.0,3.0,4.0,4.0,4.0,inf,inf,2.0,3.0,3.0,2.0,2.0,3.0,3.0,3.0,3.0,2.0,3.0,2.0,3.0,3.0,2.0,2.0,3.0,3.0,2.0,1.0,2.0,0.0,3.0,3.0,2.0,2.0,3.0,2.0,1.0,1.0,2.0,2.0,2.0,2.0,2.0,1.0,2.0,2.0,2.0,2.0,2.0,2.0,2.0,1.0,1.0,3.0,2.0,2.0,2.0,2.0,2.0,2.0,2.0,3.0,2.0,2.0,2.0,2.0,2.0,2.0,2.0,2.0,3.0,2.0,2.0,2.0,2.0,2.0,2.0,2.0,2.0,2.0,2.0,3.0,2.0,1.0,2.0,1.0,1.0,3.0,3.0,2.0,2.0,3.0,3.0,3.0,2.0,2.0,2.0,3.0,1.0,2.0,2.0,2.0,2.0,2.0,2.0,2.0,2.0,2.0,2.0,2.0,3.0,2.0,2.0,3.0,3.0,3.0,3.0,3.0,3.0,3.0,3.0,3.0,3.0,3.0,2.0,4.0,4.0,3.0,3.0,2.0,2.0,3.0,3.0,3.0,3.0,3.0,3.0,3.0,3.0,3.0,3.0
RICL,1.0,1.0,3.0,2.0,3.0,3.0,2.0,1.0,2.0,3.0,2.0,2.0,2.0,2.0,3.0,3.0,2.0,3.0,3.0,3.0,2.0,2.0,3.0,2.0,3.0,2.0,2.0,3.0,2.0,2.0,3.0,2.0,2.0,2.0,2.0,2.0,2.0,2.0,2.0,3.0,2.0,2.0,3.0,3.0,2.0,3.0,3.0,2.0,4.0,3.0,3.0,3.0,3.0,1.0,1.0,2.0,2.0,2.0,2.0,2.0,2.0,3.0,3.0,3.0,3.0,3.0,2.0,2.0,2.0,2.0,3.0,3.0,3.0,3.0,3.0,3.0,3.0,2.0,3.0,3.0,3.0,3.0,4.0,4.0,1.0,2.0,1.0,2.0,2.0,2.0,2.0,2.0,2.0,2.0,2.0,2.0,2.0,3.0,2.0,2.0,3.0,2.0,3.0,2.0,3.0,3.0,3.0,3.0,3.0,3.0,3.0,4.0,2.0,3.0,3.0,3.0,3.0,inf,inf,inf,inf,inf,inf,inf,inf,2.0,2.0,3.0,2.0,2.0,3.0,2.0,3.0,2.0,2.0,3.0,3.0,2.0,2.0,inf,inf,inf,inf,inf,inf,inf,inf,inf,inf,inf,inf,2.0,2.0,2.0,2.0,1.0,2.0,5.0,3.0,2.0,2.0,4.0,4.0,3.0,4.0,4.0,3.0,inf,inf,2.0,3.0,3.0,2.0,2.0,3.0,3.0,3.0,2.0,3.0,2.0,3.0,3.0,3.0,2.0,3.0,3.0,3.0,2.0,2.0,2.0,2.0,0.0,1.0,3.0,3.0,2.0,2.0,3.0,2.0,1.0,1.0,2.0,2.0,3.0,2.0,2.0,1.0,2.0,3.0,2.0,2.0,2.0,2.0,2.0,3.0,3.0,3.0,2.0,1.0,2.0,2.0,2.0,2.0,2.0,2.0,1.0,2.0,2.0,2.0,2.0,2.0,2.0,2.0,2.0,2.0,2.0,2.0,2.0,2.0,2.0,1.0,1.0,2.0,2.0,1.0,1.0,2.0,1.0,2.0,3.0,2.0,3.0,2.0,1.0,2.0,2.0,2.0,2.0,2.0,3.0,2.0,2.0,2.0,2.0,2.0,2.0,2.0,2.0,2.0,2.0,2.0,2.0,2.0,3.0,3.0,3.0,3.0,3.0,3.0,3.0,3.0,3.0,3.0,4.0,4.0,3.0,4.0,4.0,4.0,3.0,3.0,3.0,3.0,3.0,3.0,3.0,3.0,3.0,3.0,3.0,3.0,3.0
RICR,2.0,1.0,3.0,2.0,2.0,3.0,2.0,2.0,2.0,3.0,2.0,2.0,1.0,1.0,2.0,3.0,2.0,3.0,3.0,2.0,1.0,2.0,3.0,2.0,3.0,2.0,2.0,2.0,2.0,2.0,3.0,2.0,2.0,2.0,2.0,2.0,2.0,2.0,2.0,2.0,3.0,2.0,3.0,2.0,2.0,3.0,3.0,2.0,4.0,3.0,3.0,2.0,3.0,1.0,1.0,2.0,2.0,2.0,2.0,2.0,2.0,3.0,2.0,3.0,3.0,3.0,2.0,3.0,2.0,1.0,3.0,3.0,3.0,3.0,3.0,3.0,3.0,2.0,2.0,3.0,2.0,2.0,4.0,4.0,1.0,1.0,2.0,2.0,2.0,2.0,2.0,2.0,2.0,2.0,2.0,2.0,2.0,3.0,2.0,2.0,3.0,2.0,3.0,2.0,2.0,3.0,3.0,3.0,3.0,3.0,2.0,4.0,2.0,2.0,3.0,3.0,3.0,inf,inf,inf,inf,inf,inf,inf,inf,2.0,2.0,3.0,2.0,3.0,3.0,2.0,3.0,2.0,2.0,3.0,3.0,2.0,2.0,inf,inf,inf,inf,inf,inf,inf,inf,inf,inf,inf,inf,2.0,2.0,2.0,2.0,2.0,3.0,5.0,3.0,2.0,2.0,4.0,4.0,3.0,4.0,4.0,3.0,inf,inf,2.0,3.0,3.0,2.0,2.0,3.0,3.0,2.0,2.0,3.0,2.0,3.0,2.0,4.0,2.0,2.0,3.0,3.0,2.0,2.0,2.0,2.0,1.0,0.0,2.0,2.0,2.0,2.0,2.0,2.0,1.0,1.0,2.0,2.0,3.0,2.0,1.0,2.0,2.0,2.0,2.0,2.0,2.0,2.0,2.0,3.0,3.0,3.0,1.0,2.0,1.0,2.0,2.0,2.0,2.0,2.0,2.0,2.0,2.0,2.0,2.0,2.0,3.0,2.0,2.0,2.0,2.0,2.0,2.0,2.0,2.0,2.0,1.0,2.0,2.0,1.0,1.0,1.0,1.0,2.0,2.0,3.0,3.0,2.0,1.0,2.0,2.0,2.0,2.0,3.0,3.0,2.0,2.0,2.0,2.0,2.0,2.0,2.0,2.0,2.0,2.0,2.0,2.0,1.0,2.0,3.0,3.0,3.0,3.0,3.0,3.0,3.0,3.0,3.0,4.0,3.0,3.0,4.0,4.0,4.0,2.0,2.0,3.0,3.0,3.0,3.0,3.0,3.0,3.0,3.0,3.0,3.0,3.0
RID,3.0,3.0,2.0,2.0,4.0,4.0,4.0,3.0,4.0,4.0,4.0,3.0,2.0,2.0,4.0,4.0,3.0,4.0,4.0,3.0,3.0,3.0,3.0,3.0,4.0,3.0,3.0,3.0,2.0,2.0,3.0,3.0,3.0,3.0,3.0,3.0,3.0,3.0,1.0,4.0,4.0,3.0,4.0,3.0,3.0,4.0,3.0,3.0,4.0,4.0,4.0,3.0,3.0,2.0,2.0,2.0,2.0,2.0,2.0,3.0,3.0,4.0,4.0,3.0,3.0,4.0,3.0,3.0,3.0,3.0,3.0,4.0,5.0,4.0,4.0,4.0,4.0,3.0,3.0,3.0,3.0,4.0,4.0,4.0,3.0,3.0,3.0,3.0,2.0,1.0,2.0,3.0,2.0,1.0,3.0,3.0,3.0,1.0,3.0,3.0,3.0,2.0,4.0,2.0,1.0,1.0,1.0,3.0,4.0,2.0,2.0,4.0,3.0,1.0,2.0,4.0,3.0,inf,inf,inf,inf,inf,inf,inf,inf,4.0,4.0,3.0,3.0,4.0,4.0,4.0,5.0,3.0,3.0,4.0,4.0,3.0,3.0,inf,inf,inf,inf,inf,inf,inf,inf,inf,inf,inf,inf,3.0,3.0,4.0,4.0,4.0,4.0,5.0,4.0,3.0,3.0,4.0,4.0,4.0,5.0,4.0,3.0,inf,inf,4.0,4.0,3.0,3.0,2.0,3.0,3.0,4.0,3.0,3.0,4.0,3.0,4.0,4.0,3.0,3.0,2.0,3.0,3.0,3.0,2.0,2.0,4.0,3.0,0.0,3.0,4.0,3.0,3.0,3.0,3.0,3.0,4.0,4.0,3.0,2.0,3.0,3.0,3.0,3.0,3.0,3.0,4.0,3.0,1.0,4.0,3.0,3.0,3.0,3.0,3.0,3.0,3.0,3.0,3.0,3.0,3.0,3.0,3.0,3.0,3.0,3.0,4.0,3.0,3.0,4.0,3.0,3.0,3.0,4.0,3.0,3.0,3.0,3.0,3.0,2.0,2.0,3.0,3.0,4.0,4.0,4.0,4.0,3.0,3.0,3.0,3.0,3.0,3.0,4.0,3.0,2.0,3.0,3.0,3.0,2.0,2.0,3.0,3.0,3.0,3.0,3.0,2.0,2.0,3.0,3.0,2.0,3.0,3.0,3.0,3.0,4.0,4.0,3.0,4.0,4.0,3.0,4.0,4.0,3.0,2.0,2.0,2.0,2.0,1.0,2.0,2.0,3.0,3.0,3.0,3.0,2.0,1.0
RIFL,2.0,3.0,3.0,3.0,3.0,3.0,3.0,2.0,3.0,3.0,3.0,3.0,2.0,2.0,2.0,3.0,3.0,4.0,3.0,3.0,3.0,3.0,3.0,1.0,4.0,3.0,3.0,2.0,2.0,3.0,2.0,2.0,2.0,3.0,3.0,3.0,3.0,2.0,3.0,3.0,3.0,3.0,3.0,3.0,3.0,4.0,3.0,3.0,4.0,3.0,2.0,3.0,3.0,2.0,2.0,1.0,1.0,2.0,2.0,2.0,2.0,2.0,2.0,2.0,2.0,1.0,2.0,1.0,3.0,2.0,2.0,2.0,3.0,3.0,2.0,3.0,3.0,3.0,3.0,3.0,2.0,3.0,4.0,4.0,2.0,3.0,2.0,3.0,3.0,3.0,2.0,3.0,2.0,3.0,2.0,3.0,3.0,3.0,3.0,3.0,3.0,3.0,3.0,3.0,3.0,3.0,3.0,3.0,3.0,3.0,2.0,3.0,3.0,3.0,2.0,3.0,2.0,inf,inf,inf,inf,inf,inf,inf,inf,3.0,4.0,3.0,3.0,3.0,4.0,3.0,5.0,3.0,4.0,4.0,4.0,3.0,3.0,inf,inf,inf,inf,inf,inf,inf,inf,inf,inf,inf,inf,3.0,3.0,3.0,4.0,3.0,3.0,4.0,4.0,3.0,3.0,3.0,4.0,4.0,4.0,4.0,4.0,inf,inf,3.0,3.0,3.0,2.0,2.0,2.0,3.0,3.0,3.0,2.0,1.0,2.0,3.0,2.0,3.0,3.0,3.0,3.0,2.0,3.0,2.0,3.0,2.0,2.0,2.0,0.0,3.0,2.0,3.0,3.0,1.0,2.0,3.0,3.0,2.0,3.0,3.0,3.0,3.0,2.0,2.0,2.0,3.0,3.0,3.0,4.0,4.0,3.0,2.0,2.0,2.0,3.0,3.0,3.0,2.0,2.0,2.0,2.0,3.0,2.0,3.0,2.0,3.0,3.0,3.0,3.0,3.0,3.0,3.0,3.0,3.0,2.0,2.0,2.0,3.0,2.0,2.0,2.0,3.0,3.0,4.0,3.0,4.0,3.0,3.0,3.0,3.0,3.0,4.0,3.0,4.0,3.0,2.0,3.0,2.0,3.0,3.0,2.0,3.0,3.0,2.0,2.0,3.0,2.0,2.0,3.0,3.0,4.0,3.0,3.0,3.0,3.0,3.0,3.0,3.0,3.0,2.0,3.0,3.0,3.0,3.0,3.0,2.0,3.0,3.0,3.0,3.0,3.0,3.0,3.0,3.0,3.0,3.0
RIFR,3.0,2.0,3.0,3.0,2.0,2.0,2.0,1.0,2.0,3.0,2.0,2.0,2.0,2.0,2.0,2.0,2.0,3.0,3.0,2.0,1.0,2.0,3.0,2.0,2.0,3.0,3.0,2.0,2.0,2.0,2.0,2.0,2.0,3.0,3.0,3.0,3.0,2.0,3.0,2.0,2.0,3.0,2.0,2.0,1.0,3.0,3.0,3.0,2.0,2.0,2.0,3.0,2.0,2.0,2.0,1.0,1.0,2.0,2.0,2.0,2.0,1.0,2.0,2.0,2.0,2.0,1.0,1.0,2.0,2.0,2.0,2.0,3.0,2.0,2.0,1.0,3.0,2.0,3.0,2.0,3.0,2.0,4.0,4.0,3.0,2.0,2.0,1.0,3.0,2.0,2.0,2.0,2.0,2.0,2.0,2.0,3.0,3.0,2.0,2.0,2.0,2.0,3.0,2.0,3.0,2.0,3.0,3.0,3.0,3.0,2.0,2.0,2.0,2.0,2.0,1.0,1.0,inf,inf,inf,inf,inf,inf,inf,inf,3.0,3.0,3.0,2.0,3.0,2.0,4.0,4.0,3.0,3.0,3.0,2.0,3.0,2.0,inf,inf,inf,inf,inf,inf,inf,inf,inf,inf,inf,inf,3.0,2.0,3.0,2.0,3.0,2.0,3.0,3.0,2.0,2.0,3.0,4.0,4.0,4.0,3.0,4.0,inf,inf,3.0,3.0,3.0,1.0,1.0,2.0,2.0,3.0,2.0,2.0,2.0,1.0,2.0,2.0,2.0,2.0,3.0,2.0,2.0,1.0,3.0,2.0,2.0,2.0,2.0,1.0,0.0,2.0,2.0,2.0,2.0,1.0,3.0,1.0,2.0,2.0,2.0,2.0,2.0,2.0,2.0,2.0,2.0,2.0,3.0,3.0,3.0,3.0,2.0,2.0,3.0,2.0,3.0,2.0,3.0,2.0,2.0,2.0,2.0,2.0,2.0,2.0,3.0,2.0,2.0,2.0,2.0,2.0,3.0,2.0,2.0,2.0,2.0,2.0,2.0,2.0,2.0,2.0,2.0,3.0,3.0,3.0,2.0,3.0,2.0,3.0,1.0,2.0,3.0,3.0,2.0,3.0,2.0,3.0,2.0,3.0,2.0,2.0,3.0,3.0,2.0,2.0,3.0,2.0,2.0,2.0,2.0,3.0,2.0,2.0,2.0,3.0,3.0,2.0,2.0,2.0,2.0,2.0,2.0,3.0,3.0,3.0,2.0,3.0,3.0,3.0,3.0,3.0,3.0,3.0,3.0,3.0,3.0
RIGL,2.0,2.0,3.0,3.0,1.0,2.0,1.0,2.0,2.0,2.0,2.0,2.0,2.0,1.0,2.0,2.0,3.0,3.0,2.0,2.0,1.0,1.0,2.0,2.0,3.0,1.0,3.0,2.0,2.0,2.0,2.0,3.0,3.0,3.0,3.0,3.0,3.0,3.0,3.0,2.0,2.0,2.0,3.0,2.0,2.0,2.0,3.0,3.0,3.0,3.0,3.0,2.0,2.0,2.0,2.0,2.0,2.0,2.0,2.0,1.0,1.0,3.0,2.0,3.0,3.0,2.0,2.0,2.0,2.0,1.0,3.0,3.0,2.0,2.0,2.0,2.0,2.0,2.0,2.0,1.0,2.0,3.0,3.0,3.0,2.0,3.0,2.0,2.0,2.0,2.0,2.0,2.0,3.0,3.0,3.0,3.0,3.0,3.0,2.0,2.0,2.0,3.0,4.0,2.0,3.0,3.0,3.0,3.0,3.0,3.0,1.0,4.0,2.0,3.0,3.0,2.0,2.0,inf,inf,inf,inf,inf,inf,inf,inf,2.0,3.0,3.0,3.0,3.0,3.0,3.0,4.0,2.0,2.0,2.0,2.0,3.0,3.0,inf,inf,inf,inf,inf,inf,inf,inf,inf,inf,inf,inf,2.0,3.0,2.0,2.0,1.0,2.0,5.0,4.0,2.0,3.0,4.0,4.0,4.0,5.0,4.0,3.0,inf,inf,3.0,3.0,3.0,2.0,2.0,2.0,3.0,2.0,3.0,3.0,1.0,2.0,2.0,3.0,2.0,2.0,3.0,3.0,2.0,2.0,1.0,2.0,2.0,2.0,2.0,2.0,3.0,0.0,2.0,1.0,2.0,2.0,2.0,2.0,1.0,2.0,2.0,3.0,3.0,2.0,2.0,2.0,2.0,2.0,3.0,3.0,2.0,2.0,2.0,3.0,1.0,2.0,2.0,1.0,2.0,2.0,2.0,2.0,2.0,2.0,2.0,3.0,3.0,2.0,2.0,2.0,3.0,2.0,2.0,2.0,2.0,2.0,2.0,2.0,2.0,2.0,2.0,2.0,2.0,3.0,3.0,3.0,2.0,3.0,3.0,1.0,2.0,2.0,3.0,3.0,2.0,2.0,2.0,2.0,2.0,3.0,2.0,3.0,2.0,3.0,3.0,3.0,2.0,2.0,2.0,3.0,3.0,3.0,3.0,2.0,3.0,4.0,4.0,2.0,4.0,3.0,3.0,3.0,3.0,4.0,3.0,2.0,2.0,3.0,3.0,3.0,3.0,3.0,3.0,3.0,3.0,3.0,3.0
RIGR,3.0,2.0,3.0,2.0,2.0,2.0,3.0,2.0,2.0,1.0,3.0,2.0,1.0,2.0,3.0,2.0,2.0,3.0,3.0,2.0,2.0,1.0,3.0,3.0,2.0,3.0,1.0,2.0,2.0,2.0,2.0,2.0,3.0,3.0,3.0,3.0,3.0,2.0,2.0,2.0,2.0,3.0,3.0,2.0,2.0,3.0,3.0,3.0,3.0,3.0,3.0,2.0,2.0,2.0,2.0,2.0,2.0,1.0,2.0,2.0,1.0,3.0,3.0,3.0,3.0,3.0,2.0,3.0,1.0,1.0,2.0,2.0,3.0,2.0,3.0,2.0,3.0,2.0,1.0,2.0,2.0,3.0,4.0,4.0,2.0,2.0,2.0,2.0,2.0,2.0,2.0,2.0,2.0,3.0,3.0,2.0,3.0,3.0,2.0,2.0,2.0,3.0,4.0,2.0,3.0,3.0,3.0,3.0,3.0,3.0,1.0,3.0,1.0,2.0,3.0,2.0,3.0,inf,inf,inf,inf,inf,inf,inf,inf,3.0,3.0,3.0,2.0,3.0,2.0,3.0,4.0,3.0,3.0,3.0,3.0,2.0,3.0,inf,inf,inf,inf,inf,inf,inf,inf,inf,inf,inf,inf,2.0,2.0,3.0,3.0,3.0,1.0,4.0,4.0,2.0,2.0,4.0,4.0,3.0,4.0,4.0,3.0,inf,inf,3.0,3.0,3.0,2.0,2.0,3.0,2.0,2.0,3.0,3.0,2.0,2.0,2.0,3.0,2.0,1.0,3.0,3.0,2.0,1.0,2.0,1.0,2.0,2.0,2.0,2.0,2.0,2.0,0.0,2.0,2.0,2.0,3.0,2.0,1.0,2.0,2.0,2.0,2.0,2.0,2.0,2.0,2.0,2.0,2.0,3.0,2.0,2.0,2.0,2.0,2.0,2.0,1.0,2.0,2.0,2.0,2.0,2.0,2.0,2.0,2.0,3.0,3.0,2.0,2.0,2.0,2.0,3.0,2.0,2.0,2.0,2.0,2.0,2.0,2.0,2.0,2.0,2.0,2.0,3.0,3.0,2.0,2.0,3.0,2.0,2.0,1.0,2.0,3.0,3.0,1.0,2.0,2.0,2.0,2.0,2.0,2.0,3.0,2.0,3.0,2.0,3.0,2.0,2.0,3.0,3.0,3.0,3.0,3.0,2.0,3.0,3.0,4.0,2.0,3.0,3.0,3.0,4.0,3.0,3.0,3.0,3.0,3.0,3.0,3.0,3.0,3.0,3.0,2.0,3.0,3.0,3.0,3.0
RIH,3.0,2.0,2.0,2.0,2.0,1.0,3.0,2.0,2.0,2.0,2.0,2.0,2.0,2.0,3.0,3.0,2.0,2.0,1.0,1.0,1.0,1.0,3.0,2.0,3.0,3.0,3.0,2.0,3.0,3.0,3.0,3.0,3.0,3.0,3.0,3.0,3.0,3.0,3.0,2.0,2.0,3.0,2.0,3.0,2.0,3.0,3.0,3.0,4.0,3.0,3.0,2.0,1.0,2.0,2.0,2.0,2.0,3.0,2.0,2.0,2.0,3.0,3.0,3.0,2.0,3.0,3.0,3.0,3.0,2.0,2.0,4.0,2.0,2.0,3.0,2.0,2.0,2.0,1.0,1.0,3.0,3.0,4.0,4.0,1.0,2.0,1.0,1.0,3.0,3.0,3.0,3.0,3.0,3.0,3.0,3.0,3.0,3.0,3.0,3.0,3.0,3.0,4.0,3.0,3.0,3.0,3.0,4.0,4.0,3.0,2.0,3.0,2.0,3.0,3.0,3.0,2.0,inf,inf,inf,inf,inf,inf,inf,inf,2.0,2.0,2.0,2.0,2.0,2.0,2.0,3.0,1.0,1.0,1.0,1.0,3.0,3.0,inf,inf,inf,inf,inf,inf,inf,inf,inf,inf,inf,inf,2.0,2.0,1.0,1.0,1.0,1.0,4.0,4.0,3.0,3.0,4.0,5.0,4.0,5.0,4.0,4.0,inf,inf,3.0,3.0,3.0,3.0,3.0,4.0,3.0,3.0,3.0,3.0,3.0,2.0,3.0,3.0,2.0,2.0,3.0,4.0,1.0,1.0,1.0,1.0,2.0,2.0,2.0,3.0,3.0,2.0,2.0,0.0,2.0,2.0,1.0,1.0,2.0,2.0,2.0,2.0,2.0,2.0,2.0,2.0,2.0,2.0,2.0,2.0,1.0,1.0,3.0,3.0,2.0,2.0,2.0,2.0,2.0,2.0,3.0,3.0,3.0,3.0,3.0,3.0,3.0,2.0,2.0,2.0,2.0,2.0,2.0,2.0,2.0,2.0,2.0,2.0,2.0,2.0,2.0,2.0,2.0,2.0,2.0,2.0,1.0,2.0,2.0,2.0,2.0,2.0,3.0,2.0,1.0,3.0,3.0,3.0,3.0,3.0,3.0,3.0,3.0,3.0,3.0,3.0,3.0,3.0,2.0,3.0,4.0,4.0,4.0,3.0,4.0,4.0,4.0,3.0,3.0,3.0,3.0,3.0,3.0,3.0,3.0,3.0,3.0,4.0,3.0,4.0,4.0,4.0,3.0,4.0,4.0,3.0,3.0
RIML,2.0,2.0,3.0,2.0,3.0,3.0,3.0,2.0,3.0,3.0,3.0,2.0,1.0,1.0,3.0,3.0,3.0,3.0,3.0,2.0,2.0,2.0,3.0,3.0,3.0,2.0,2.0,2.0,2.0,2.0,2.0,2.0,2.0,2.0,2.0,2.0,2.0,2.0,2.0,3.0,3.0,2.0,3.0,2.0,2.0,3.0,2.0,2.0,4.0,3.0,3.0,2.0,3.0,1.0,1.0,1.0,1.0,2.0,2.0,2.0,1.0,3.0,3.0,3.0,3.0,3.0,2.0,2.0,2.0,1.0,2.0,3.0,3.0,3.0,3.0,3.0,3.0,2.0,2.0,2.0,2.0,3.0,4.0,4.0,2.0,2.0,2.0,2.0,2.0,2.0,2.0,2.0,2.0,2.0,2.0,2.0,2.0,3.0,2.0,2.0,3.0,2.0,3.0,2.0,2.0,3.0,3.0,3.0,3.0,3.0,2.0,3.0,2.0,2.0,3.0,3.0,2.0,inf,inf,inf,inf,inf,inf,inf,inf,2.0,3.0,2.0,2.0,3.0,3.0,3.0,4.0,2.0,3.0,3.0,3.0,2.0,2.0,inf,inf,inf,inf,inf,inf,inf,inf,inf,inf,inf,inf,2.0,2.0,3.0,3.0,3.0,3.0,4.0,3.0,2.0,2.0,4.0,4.0,3.0,4.0,4.0,3.0,inf,inf,2.0,2.0,3.0,2.0,2.0,3.0,3.0,2.0,2.0,2.0,2.0,2.0,2.0,3.0,2.0,2.0,3.0,3.0,1.0,2.0,1.0,2.0,2.0,1.0,3.0,2.0,3.0,2.0,2.0,2.0,0.0,1.0,2.0,3.0,2.0,2.0,2.0,2.0,2.0,2.0,1.0,1.0,2.0,2.0,3.0,3.0,3.0,2.0,1.0,1.0,2.0,2.0,2.0,2.0,1.0,1.0,1.0,1.0,2.0,2.0,2.0,2.0,3.0,2.0,2.0,2.0,2.0,2.0,2.0,2.0,2.0,2.0,2.0,2.0,2.0,1.0,1.0,1.0,2.0,3.0,3.0,3.0,3.0,3.0,2.0,2.0,2.0,2.0,3.0,3.0,3.0,2.0,2.0,2.0,2.0,2.0,2.0,2.0,2.0,2.0,2.0,2.0,2.0,1.0,2.0,3.0,3.0,3.0,3.0,3.0,3.0,3.0,3.0,3.0,3.0,3.0,2.0,3.0,3.0,3.0,2.0,2.0,2.0,3.0,3.0,3.0,3.0,3.0,3.0,3.0,3.0,3.0,3.0
RIMR,2.0,1.0,3.0,2.0,3.0,3.0,3.0,3.0,3.0,3.0,3.0,3.0,1.0,2.0,3.0,3.0,2.0,3.0,3.0,3.0,3.0,2.0,3.0,3.0,3.0,2.0,2.0,3.0,2.0,2.0,2.0,2.0,2.0,3.0,2.0,2.0,3.0,2.0,2.0,3.0,3.0,2.0,3.0,2.0,2.0,3.0,2.0,2.0,4.0,3.0,3.0,3.0,2.0,1.0,2.0,1.0,1.0,2.0,2.0,2.0,2.0,3.0,3.0,3.0,2.0,3.0,1.0,2.0,1.0,2.0,2.0,2.0,4.0,3.0,3.0,3.0,3.0,3.0,2.0,3.0,3.0,3.0,4.0,4.0,2.0,2.0,2.0,2.0,2.0,2.0,2.0,2.0,2.0,2.0,2.0,2.0,2.0,3.0,3.0,3.0,3.0,2.0,3.0,2.0,2.0,3.0,3.0,3.0,3.0,3.0,2.0,3.0,2.0,2.0,3.0,3.0,2.0,inf,inf,inf,inf,inf,inf,inf,inf,2.0,3.0,2.0,2.0,3.0,3.0,3.0,4.0,2.0,3.0,3.0,3.0,2.0,2.0,inf,inf,inf,inf,inf,inf,inf,inf,inf,inf,inf,inf,3.0,2.0,3.0,3.0,3.0,3.0,4.0,3.0,2.0,2.0,4.0,4.0,3.0,4.0,4.0,3.0,inf,inf,2.0,3.0,3.0,2.0,2.0,3.0,3.0,3.0,2.0,2.0,3.0,2.0,3.0,3.0,2.0,2.0,3.0,3.0,2.0,2.0,2.0,1.0,3.0,2.0,3.0,2.0,2.0,3.0,2.0,2.0,1.0,0.0,2.0,2.0,3.0,1.0,2.0,2.0,2.0,2.0,1.0,1.0,2.0,2.0,2.0,3.0,3.0,2.0,1.0,1.0,2.0,3.0,2.0,3.0,2.0,2.0,1.0,1.0,2.0,2.0,3.0,2.0,3.0,2.0,2.0,2.0,2.0,2.0,2.0,2.0,2.0,2.0,2.0,2.0,2.0,1.0,1.0,1.0,1.0,3.0,3.0,3.0,3.0,3.0,3.0,3.0,2.0,2.0,2.0,3.0,2.0,2.0,2.0,2.0,2.0,2.0,2.0,2.0,2.0,2.0,2.0,2.0,2.0,1.0,2.0,3.0,3.0,3.0,3.0,3.0,3.0,3.0,3.0,3.0,3.0,3.0,2.0,3.0,3.0,3.0,2.0,2.0,2.0,3.0,3.0,3.0,3.0,3.0,3.0,3.0,3.0,3.0,3.0
RIPL,2.0,3.0,2.0,3.0,1.0,2.0,2.0,3.0,2.0,3.0,2.0,3.0,2.0,2.0,3.0,3.0,2.0,3.0,2.0,2.0,2.0,2.0,3.0,3.0,3.0,3.0,3.0,3.0,3.0,3.0,3.0,3.0,3.0,3.0,3.0,3.0,3.0,3.0,3.0,3.0,3.0,3.0,3.0,3.0,3.0,3.0,3.0,3.0,4.0,3.0,4.0,2.0,2.0,2.0,2.0,3.0,3.0,3.0,2.0,2.0,2.0,3.0,4.0,4.0,3.0,3.0,3.0,3.0,3.0,3.0,3.0,4.0,3.0,3.0,2.0,3.0,3.0,2.0,1.0,2.0,3.0,4.0,4.0,4.0,2.0,3.0,2.0,2.0,3.0,3.0,3.0,3.0,3.0,3.0,3.0,3.0,3.0,3.0,3.0,3.0,3.0,3.0,4.0,3.0,3.0,3.0,3.0,4.0,4.0,4.0,3.0,4.0,3.0,3.0,4.0,3.0,3.0,inf,inf,inf,inf,inf,inf,inf,inf,3.0,2.0,3.0,3.0,2.0,3.0,3.0,3.0,2.0,2.0,2.0,2.0,3.0,3.0,inf,inf,inf,inf,inf,inf,inf,inf,inf,inf,inf,inf,1.0,3.0,2.0,1.0,1.0,2.0,5.0,4.0,3.0,3.0,5.0,5.0,4.0,5.0,5.0,4.0,inf,inf,3.0,4.0,3.0,3.0,3.0,4.0,4.0,4.0,3.0,4.0,3.0,3.0,3.0,4.0,3.0,3.0,4.0,4.0,2.0,2.0,2.0,2.0,2.0,2.0,2.0,3.0,3.0,2.0,2.0,1.0,3.0,3.0,0.0,2.0,2.0,3.0,2.0,2.0,2.0,3.0,2.0,3.0,2.0,2.0,3.0,2.0,2.0,2.0,3.0,3.0,3.0,3.0,2.0,2.0,3.0,3.0,3.0,3.0,3.0,3.0,3.0,4.0,3.0,3.0,3.0,2.0,3.0,2.0,3.0,3.0,2.0,2.0,3.0,2.0,3.0,2.0,2.0,2.0,2.0,3.0,3.0,3.0,2.0,3.0,3.0,2.0,2.0,2.0,3.0,2.0,2.0,3.0,3.0,3.0,3.0,3.0,3.0,3.0,3.0,3.0,3.0,3.0,3.0,3.0,3.0,4.0,4.0,4.0,4.0,4.0,4.0,4.0,4.0,4.0,4.0,4.0,4.0,4.0,4.0,4.0,4.0,3.0,3.0,4.0,3.0,4.0,4.0,4.0,4.0,4.0,4.0,4.0,3.0
RIPR,3.0,2.0,3.0,2.0,3.0,1.0,3.0,2.0,3.0,2.0,3.0,3.0,3.0,2.0,4.0,3.0,3.0,3.0,2.0,2.0,2.0,2.0,4.0,3.0,3.0,3.0,3.0,2.0,2.0,3.0,2.0,2.0,2.0,3.0,3.0,3.0,3.0,2.0,3.0,3.0,3.0,4.0,3.0,3.0,2.0,3.0,3.0,4.0,4.0,4.0,4.0,3.0,2.0,2.0,2.0,2.0,1.0,2.0,3.0,2.0,2.0,3.0,3.0,3.0,2.0,3.0,2.0,3.0,3.0,3.0,3.0,4.0,3.0,2.0,3.0,2.0,3.0,2.0,2.0,1.0,4.0,3.0,5.0,5.0,2.0,2.0,2.0,2.0,3.0,3.0,2.0,3.0,3.0,3.0,2.0,3.0,3.0,3.0,3.0,3.0,3.0,3.0,3.0,3.0,3.0,3.0,3.0,3.0,4.0,4.0,3.0,4.0,3.0,3.0,3.0,3.0,2.0,inf,inf,inf,inf,inf,inf,inf,inf,3.0,2.0,3.0,1.0,3.0,2.0,3.0,3.0,2.0,2.0,2.0,2.0,3.0,3.0,inf,inf,inf,inf,inf,inf,inf,inf,inf,inf,inf,inf,3.0,2.0,2.0,1.0,2.0,1.0,5.0,4.0,3.0,3.0,4.0,5.0,4.0,5.0,5.0,4.0,inf,inf,3.0,3.0,4.0,3.0,3.0,3.0,4.0,4.0,3.0,3.0,3.0,2.0,4.0,3.0,3.0,2.0,4.0,4.0,2.0,2.0,2.0,2.0,2.0,2.0,3.0,4.0,3.0,2.0,2.0,1.0,3.0,3.0,2.0,0.0,2.0,3.0,3.0,3.0,2.0,2.0,2.0,2.0,2.0,2.0,3.0,2.0,2.0,2.0,3.0,3.0,3.0,2.0,2.0,2.0,3.0,3.0,3.0,3.0,3.0,3.0,3.0,3.0,3.0,2.0,3.0,3.0,2.0,3.0,2.0,3.0,2.0,2.0,2.0,3.0,2.0,3.0,3.0,2.0,3.0,3.0,3.0,3.0,1.0,3.0,1.0,3.0,2.0,3.0,3.0,3.0,2.0,3.0,3.0,3.0,2.0,3.0,3.0,2.0,3.0,3.0,3.0,3.0,3.0,3.0,3.0,3.0,3.0,4.0,3.0,4.0,4.0,4.0,4.0,4.0,4.0,3.0,3.0,3.0,3.0,4.0,3.0,3.0,2.0,3.0,3.0,3.0,3.0,3.0,3.0,3.0,3.0,4.0,4.0
RIR,2.0,1.0,3.0,2.0,1.0,1.0,2.0,2.0,2.0,1.0,2.0,2.0,2.0,2.0,2.0,1.0,3.0,3.0,2.0,2.0,1.0,1.0,2.0,2.0,2.0,2.0,2.0,1.0,2.0,3.0,2.0,3.0,3.0,3.0,3.0,3.0,3.0,3.0,3.0,2.0,2.0,3.0,2.0,1.0,1.0,2.0,3.0,3.0,2.0,2.0,2.0,1.0,2.0,2.0,2.0,2.0,2.0,2.0,2.0,1.0,2.0,2.0,2.0,2.0,2.0,2.0,2.0,2.0,2.0,2.0,2.0,3.0,3.0,2.0,2.0,1.0,3.0,2.0,2.0,1.0,3.0,2.0,3.0,3.0,2.0,2.0,2.0,2.0,2.0,2.0,2.0,2.0,3.0,3.0,3.0,3.0,3.0,3.0,2.0,2.0,2.0,3.0,4.0,2.0,3.0,2.0,3.0,3.0,3.0,3.0,1.0,3.0,2.0,3.0,3.0,1.0,2.0,inf,inf,inf,inf,inf,inf,inf,inf,2.0,3.0,3.0,2.0,3.0,3.0,3.0,4.0,2.0,2.0,3.0,3.0,3.0,3.0,inf,inf,inf,inf,inf,inf,inf,inf,inf,inf,inf,inf,3.0,2.0,3.0,2.0,2.0,2.0,4.0,4.0,2.0,3.0,3.0,4.0,4.0,4.0,4.0,3.0,inf,inf,3.0,3.0,3.0,2.0,2.0,2.0,3.0,3.0,3.0,2.0,1.0,1.0,2.0,2.0,2.0,2.0,3.0,3.0,1.0,1.0,2.0,2.0,2.0,2.0,2.0,2.0,2.0,1.0,1.0,2.0,2.0,2.0,2.0,2.0,0.0,3.0,2.0,2.0,2.0,2.0,2.0,2.0,2.0,2.0,3.0,3.0,3.0,3.0,3.0,3.0,1.0,1.0,2.0,2.0,2.0,2.0,2.0,2.0,2.0,2.0,2.0,3.0,3.0,2.0,2.0,2.0,2.0,2.0,2.0,2.0,2.0,2.0,2.0,2.0,2.0,2.0,2.0,2.0,2.0,3.0,3.0,3.0,3.0,3.0,2.0,1.0,1.0,2.0,2.0,3.0,2.0,2.0,2.0,2.0,2.0,3.0,2.0,3.0,2.0,3.0,3.0,3.0,2.0,2.0,2.0,3.0,3.0,3.0,3.0,2.0,3.0,4.0,4.0,2.0,3.0,3.0,3.0,3.0,2.0,3.0,3.0,2.0,2.0,3.0,3.0,3.0,3.0,3.0,3.0,3.0,3.0,3.0,3.0
RIS,3.0,2.0,3.0,2.0,3.0,3.0,3.0,2.0,2.0,3.0,3.0,3.0,2.0,2.0,3.0,3.0,2.0,3.0,3.0,3.0,3.0,2.0,3.0,2.0,3.0,2.0,2.0,3.0,2.0,2.0,2.0,3.0,3.0,3.0,3.0,3.0,3.0,3.0,3.0,3.0,3.0,2.0,2.0,3.0,3.0,3.0,3.0,2.0,4.0,3.0,3.0,2.0,2.0,2.0,2.0,2.0,2.0,2.0,2.0,1.0,1.0,3.0,3.0,3.0,3.0,3.0,2.0,3.0,1.0,1.0,1.0,2.0,3.0,3.0,3.0,3.0,2.0,3.0,2.0,2.0,2.0,2.0,4.0,4.0,1.0,1.0,1.0,1.0,2.0,2.0,2.0,2.0,3.0,3.0,3.0,3.0,3.0,3.0,3.0,2.0,2.0,3.0,4.0,3.0,2.0,3.0,3.0,3.0,3.0,2.0,2.0,2.0,2.0,3.0,3.0,3.0,2.0,inf,inf,inf,inf,inf,inf,inf,inf,2.0,2.0,2.0,2.0,2.0,2.0,2.0,3.0,2.0,2.0,3.0,2.0,3.0,3.0,inf,inf,inf,inf,inf,inf,inf,inf,inf,inf,inf,inf,2.0,1.0,2.0,2.0,2.0,2.0,3.0,4.0,2.0,2.0,4.0,4.0,4.0,5.0,3.0,4.0,inf,inf,2.0,3.0,3.0,2.0,2.0,3.0,3.0,2.0,3.0,3.0,2.0,2.0,2.0,3.0,2.0,2.0,2.0,3.0,2.0,2.0,1.0,1.0,2.0,2.0,3.0,3.0,2.0,2.0,2.0,2.0,1.0,1.0,2.0,2.0,3.0,0.0,2.0,2.0,1.0,1.0,1.0,1.0,2.0,2.0,2.0,3.0,2.0,1.0,2.0,2.0,2.0,2.0,2.0,2.0,2.0,2.0,2.0,2.0,2.0,2.0,2.0,3.0,3.0,2.0,2.0,2.0,2.0,2.0,2.0,2.0,2.0,2.0,2.0,2.0,2.0,1.0,1.0,1.0,1.0,2.0,2.0,2.0,2.0,2.0,2.0,2.0,2.0,2.0,1.0,2.0,1.0,2.0,2.0,2.0,2.0,3.0,3.0,3.0,3.0,3.0,3.0,3.0,3.0,2.0,3.0,3.0,3.0,4.0,3.0,3.0,3.0,4.0,4.0,3.0,2.0,2.0,3.0,3.0,3.0,2.0,3.0,2.0,2.0,3.0,3.0,3.0,4.0,4.0,3.0,4.0,3.0,2.0,3.0
RIVL,3.0,3.0,3.0,2.0,3.0,2.0,3.0,3.0,3.0,3.0,3.0,3.0,2.0,2.0,3.0,3.0,3.0,3.0,3.0,3.0,2.0,2.0,3.0,3.0,3.0,2.0,2.0,2.0,3.0,3.0,3.0,3.0,3.0,3.0,3.0,3.0,3.0,3.0,3.0,3.0,3.0,2.0,3.0,3.0,3.0,3.0,3.0,2.0,4.0,3.0,3.0,3.0,2.0,2.0,2.0,3.0,3.0,3.0,3.0,3.0,2.0,3.0,3.0,4.0,3.0,3.0,3.0,3.0,3.0,2.0,3.0,4.0,4.0,3.0,4.0,3.0,4.0,3.0,3.0,2.0,3.0,4.0,4.0,4.0,2.0,3.0,2.0,2.0,3.0,3.0,3.0,3.0,3.0,3.0,3.0,3.0,3.0,4.0,3.0,3.0,3.0,3.0,4.0,3.0,4.0,4.0,4.0,4.0,4.0,4.0,3.0,4.0,3.0,3.0,3.0,3.0,3.0,inf,inf,inf,inf,inf,inf,inf,inf,3.0,3.0,2.0,2.0,3.0,3.0,3.0,4.0,2.0,3.0,4.0,2.0,3.0,3.0,inf,inf,inf,inf,inf,inf,inf,inf,inf,inf,inf,inf,2.0,2.0,3.0,3.0,3.0,2.0,5.0,4.0,3.0,3.0,5.0,5.0,4.0,5.0,5.0,4.0,inf,inf,2.0,2.0,4.0,3.0,3.0,4.0,4.0,3.0,3.0,4.0,3.0,3.0,3.0,4.0,2.0,3.0,4.0,4.0,1.0,1.0,2.0,2.0,3.0,3.0,3.0,3.0,3.0,3.0,3.0,3.0,2.0,2.0,3.0,3.0,2.0,2.0,0.0,1.0,2.0,2.0,1.0,2.0,1.0,2.0,3.0,3.0,3.0,3.0,2.0,2.0,2.0,3.0,2.0,2.0,2.0,1.0,3.0,3.0,2.0,3.0,3.0,3.0,3.0,2.0,2.0,2.0,1.0,3.0,2.0,2.0,2.0,3.0,2.0,2.0,2.0,2.0,1.0,1.0,2.0,3.0,4.0,3.0,3.0,3.0,3.0,2.0,2.0,3.0,3.0,3.0,2.0,3.0,3.0,3.0,3.0,3.0,3.0,3.0,3.0,3.0,3.0,3.0,3.0,3.0,3.0,3.0,4.0,4.0,4.0,3.0,4.0,4.0,4.0,4.0,4.0,4.0,4.0,4.0,4.0,4.0,4.0,4.0,4.0,4.0,4.0,4.0,4.0,4.0,4.0,4.0,4.0,4.0,4.0
RIVR,3.0,3.0,2.0,3.0,3.0,2.0,3.0,3.0,3.0,3.0,3.0,3.0,2.0,2.0,2.0,3.0,3.0,3.0,3.0,3.0,2.0,3.0,4.0,3.0,4.0,3.0,3.0,2.0,3.0,3.0,3.0,3.0,3.0,3.0,3.0,3.0,3.0,3.0,3.0,3.0,4.0,3.0,3.0,3.0,3.0,3.0,3.0,3.0,4.0,3.0,3.0,3.0,2.0,2.0,2.0,3.0,2.0,3.0,3.0,2.0,2.0,2.0,3.0,3.0,3.0,2.0,3.0,2.0,3.0,2.0,3.0,3.0,4.0,3.0,3.0,3.0,4.0,3.0,3.0,2.0,3.0,3.0,5.0,5.0,2.0,2.0,2.0,2.0,3.0,3.0,3.0,3.0,3.0,3.0,3.0,3.0,3.0,4.0,3.0,3.0,3.0,3.0,4.0,3.0,3.0,4.0,4.0,4.0,4.0,4.0,3.0,3.0,3.0,3.0,3.0,3.0,3.0,inf,inf,inf,inf,inf,inf,inf,inf,3.0,2.0,2.0,2.0,3.0,3.0,3.0,3.0,2.0,3.0,4.0,3.0,3.0,3.0,inf,inf,inf,inf,inf,inf,inf,inf,inf,inf,inf,inf,3.0,2.0,3.0,3.0,2.0,3.0,4.0,4.0,3.0,3.0,4.0,5.0,4.0,5.0,4.0,4.0,inf,inf,2.0,3.0,4.0,3.0,3.0,3.0,4.0,3.0,3.0,4.0,2.0,3.0,3.0,3.0,3.0,3.0,4.0,4.0,1.0,1.0,2.0,2.0,3.0,3.0,3.0,3.0,3.0,2.0,3.0,3.0,2.0,2.0,3.0,3.0,2.0,2.0,1.0,0.0,1.0,2.0,2.0,1.0,2.0,1.0,2.0,3.0,2.0,2.0,3.0,2.0,2.0,3.0,2.0,1.0,1.0,2.0,3.0,2.0,2.0,3.0,3.0,3.0,3.0,2.0,2.0,1.0,2.0,2.0,3.0,3.0,2.0,2.0,2.0,1.0,2.0,1.0,2.0,2.0,1.0,3.0,3.0,2.0,3.0,3.0,3.0,2.0,3.0,2.0,3.0,3.0,3.0,3.0,3.0,3.0,3.0,3.0,3.0,3.0,3.0,3.0,3.0,3.0,3.0,2.0,3.0,4.0,4.0,4.0,4.0,4.0,4.0,4.0,4.0,4.0,3.0,4.0,4.0,4.0,4.0,4.0,3.0,3.0,3.0,4.0,4.0,4.0,4.0,4.0,4.0,4.0,4.0,4.0,4.0
RMDDL,3.0,3.0,3.0,3.0,3.0,3.0,3.0,3.0,3.0,3.0,3.0,3.0,3.0,3.0,3.0,3.0,3.0,4.0,3.0,3.0,2.0,2.0,3.0,3.0,3.0,3.0,3.0,2.0,2.0,2.0,2.0,3.0,3.0,3.0,3.0,3.0,3.0,3.0,3.0,3.0,3.0,3.0,4.0,3.0,3.0,3.0,4.0,3.0,4.0,4.0,4.0,3.0,3.0,2.0,2.0,3.0,3.0,2.0,2.0,2.0,1.0,3.0,3.0,4.0,4.0,3.0,3.0,3.0,3.0,3.0,3.0,4.0,4.0,3.0,4.0,3.0,3.0,3.0,3.0,2.0,4.0,3.0,4.0,4.0,2.0,2.0,1.0,3.0,2.0,2.0,2.0,3.0,3.0,3.0,3.0,3.0,3.0,3.0,3.0,2.0,3.0,3.0,4.0,3.0,3.0,3.0,3.0,4.0,3.0,4.0,3.0,4.0,3.0,3.0,3.0,3.0,3.0,inf,inf,inf,inf,inf,inf,inf,inf,3.0,1.0,2.0,1.0,2.0,3.0,3.0,2.0,3.0,3.0,3.0,2.0,3.0,3.0,inf,inf,inf,inf,inf,inf,inf,inf,inf,inf,inf,inf,2.0,2.0,3.0,3.0,2.0,2.0,5.0,4.0,3.0,3.0,5.0,5.0,4.0,5.0,5.0,4.0,inf,inf,3.0,3.0,3.0,3.0,3.0,4.0,4.0,3.0,3.0,4.0,3.0,3.0,4.0,4.0,2.0,3.0,4.0,4.0,1.0,2.0,2.0,2.0,2.0,2.0,2.0,3.0,3.0,3.0,3.0,2.0,2.0,2.0,2.0,2.0,2.0,2.0,2.0,2.0,0.0,2.0,2.0,2.0,1.0,1.0,2.0,2.0,3.0,1.0,3.0,3.0,2.0,2.0,1.0,2.0,2.0,3.0,2.0,3.0,2.0,2.0,2.0,3.0,3.0,2.0,3.0,2.0,2.0,3.0,2.0,3.0,2.0,3.0,2.0,2.0,3.0,2.0,2.0,2.0,2.0,3.0,2.0,2.0,3.0,3.0,3.0,2.0,2.0,3.0,2.0,2.0,2.0,2.0,2.0,2.0,2.0,3.0,3.0,3.0,3.0,3.0,3.0,3.0,3.0,3.0,3.0,3.0,3.0,4.0,4.0,3.0,4.0,4.0,4.0,4.0,4.0,4.0,4.0,4.0,4.0,4.0,3.0,3.0,3.0,3.0,3.0,3.0,4.0,4.0,4.0,4.0,4.0,4.0,3.0
RMDDR,4.0,3.0,3.0,4.0,4.0,3.0,4.0,3.0,3.0,4.0,4.0,4.0,4.0,4.0,4.0,4.0,3.0,4.0,4.0,4.0,3.0,3.0,4.0,3.0,4.0,3.0,4.0,3.0,3.0,3.0,3.0,3.0,3.0,3.0,3.0,3.0,3.0,4.0,3.0,4.0,4.0,4.0,4.0,4.0,4.0,4.0,4.0,4.0,5.0,5.0,5.0,4.0,3.0,3.0,2.0,3.0,3.0,3.0,3.0,3.0,2.0,4.0,4.0,4.0,4.0,4.0,4.0,4.0,4.0,3.0,3.0,5.0,5.0,4.0,4.0,4.0,4.0,4.0,4.0,3.0,4.0,3.0,5.0,5.0,2.0,2.0,2.0,3.0,3.0,3.0,3.0,3.0,3.0,3.0,3.0,3.0,3.0,4.0,3.0,3.0,4.0,3.0,4.0,4.0,4.0,4.0,4.0,4.0,4.0,4.0,4.0,4.0,3.0,4.0,4.0,4.0,4.0,inf,inf,inf,inf,inf,inf,inf,inf,3.0,2.0,2.0,2.0,3.0,3.0,3.0,3.0,3.0,4.0,4.0,2.0,3.0,3.0,inf,inf,inf,inf,inf,inf,inf,inf,inf,inf,inf,inf,3.0,3.0,3.0,3.0,2.0,2.0,5.0,4.0,3.0,3.0,5.0,6.0,4.0,5.0,5.0,5.0,inf,inf,3.0,3.0,4.0,3.0,3.0,4.0,4.0,4.0,4.0,4.0,4.0,4.0,4.0,5.0,3.0,4.0,4.0,4.0,2.0,2.0,3.0,3.0,3.0,3.0,3.0,4.0,3.0,3.0,4.0,3.0,3.0,3.0,3.0,3.0,3.0,3.0,3.0,3.0,1.0,0.0,3.0,2.0,1.0,1.0,3.0,3.0,3.0,2.0,4.0,4.0,3.0,3.0,2.0,3.0,3.0,3.0,3.0,3.0,3.0,3.0,3.0,3.0,4.0,3.0,3.0,2.0,2.0,3.0,2.0,3.0,2.0,3.0,2.0,3.0,3.0,3.0,3.0,3.0,3.0,3.0,3.0,2.0,3.0,3.0,3.0,3.0,3.0,3.0,3.0,3.0,2.0,3.0,3.0,3.0,3.0,3.0,3.0,3.0,3.0,3.0,3.0,3.0,4.0,4.0,4.0,4.0,4.0,4.0,4.0,4.0,4.0,4.0,4.0,4.0,4.0,4.0,4.0,5.0,5.0,4.0,4.0,4.0,4.0,4.0,4.0,4.0,4.0,4.0,4.0,4.0,4.0,4.0,4.0
RMDL,3.0,2.0,2.0,1.0,3.0,2.0,3.0,2.0,3.0,3.0,3.0,3.0,2.0,2.0,3.0,2.0,2.0,3.0,3.0,3.0,2.0,2.0,3.0,3.0,2.0,2.0,2.0,2.0,3.0,3.0,3.0,3.0,3.0,3.0,3.0,3.0,3.0,3.0,3.0,3.0,3.0,2.0,3.0,3.0,3.0,3.0,2.0,2.0,3.0,3.0,3.0,3.0,2.0,2.0,2.0,2.0,2.0,3.0,2.0,2.0,2.0,3.0,3.0,4.0,2.0,3.0,3.0,2.0,2.0,1.0,2.0,3.0,3.0,3.0,4.0,2.0,3.0,3.0,2.0,2.0,2.0,3.0,4.0,4.0,2.0,2.0,2.0,2.0,3.0,3.0,3.0,3.0,3.0,3.0,3.0,3.0,3.0,3.0,3.0,3.0,3.0,3.0,4.0,3.0,3.0,3.0,3.0,4.0,4.0,3.0,3.0,3.0,2.0,2.0,2.0,3.0,3.0,inf,inf,inf,inf,inf,inf,inf,inf,3.0,2.0,1.0,1.0,3.0,2.0,3.0,3.0,2.0,2.0,3.0,2.0,3.0,3.0,inf,inf,inf,inf,inf,inf,inf,inf,inf,inf,inf,inf,2.0,1.0,3.0,2.0,2.0,2.0,4.0,4.0,3.0,3.0,5.0,5.0,4.0,5.0,4.0,4.0,inf,inf,3.0,2.0,3.0,3.0,3.0,3.0,3.0,2.0,3.0,3.0,2.0,3.0,2.0,3.0,2.0,3.0,3.0,4.0,1.0,1.0,2.0,1.0,2.0,2.0,2.0,3.0,2.0,2.0,2.0,2.0,1.0,2.0,3.0,2.0,2.0,1.0,1.0,2.0,2.0,1.0,0.0,1.0,1.0,1.0,2.0,2.0,2.0,2.0,2.0,1.0,2.0,2.0,1.0,2.0,2.0,2.0,2.0,2.0,3.0,3.0,3.0,3.0,3.0,2.0,2.0,2.0,2.0,3.0,2.0,3.0,1.0,2.0,2.0,3.0,1.0,2.0,1.0,2.0,2.0,3.0,3.0,2.0,3.0,2.0,2.0,2.0,1.0,3.0,2.0,3.0,2.0,3.0,3.0,3.0,3.0,3.0,3.0,3.0,3.0,3.0,3.0,3.0,3.0,2.0,3.0,3.0,4.0,4.0,4.0,3.0,4.0,4.0,4.0,4.0,3.0,3.0,3.0,4.0,4.0,3.0,3.0,3.0,3.0,4.0,3.0,4.0,4.0,4.0,3.0,4.0,4.0,3.0,3.0
RMDR,2.0,2.0,2.0,2.0,3.0,2.0,2.0,3.0,3.0,3.0,3.0,3.0,2.0,2.0,2.0,3.0,3.0,3.0,3.0,3.0,2.0,2.0,3.0,3.0,3.0,2.0,2.0,2.0,3.0,3.0,3.0,3.0,3.0,3.0,3.0,3.0,3.0,3.0,3.0,3.0,3.0,2.0,3.0,2.0,3.0,3.0,3.0,2.0,4.0,3.0,3.0,3.0,2.0,2.0,2.0,2.0,2.0,3.0,3.0,2.0,2.0,3.0,2.0,3.0,3.0,3.0,2.0,3.0,2.0,1.0,2.0,3.0,3.0,3.0,3.0,3.0,3.0,3.0,3.0,2.0,2.0,3.0,4.0,4.0,2.0,2.0,2.0,2.0,3.0,3.0,3.0,3.0,3.0,3.0,3.0,3.0,3.0,3.0,3.0,3.0,3.0,3.0,4.0,3.0,3.0,3.0,3.0,4.0,4.0,3.0,3.0,3.0,3.0,3.0,3.0,3.0,3.0,inf,inf,inf,inf,inf,inf,inf,inf,3.0,2.0,1.0,2.0,3.0,2.0,3.0,3.0,2.0,2.0,4.0,2.0,3.0,3.0,inf,inf,inf,inf,inf,inf,inf,inf,inf,inf,inf,inf,2.0,1.0,3.0,2.0,3.0,2.0,4.0,4.0,3.0,3.0,4.0,5.0,4.0,5.0,4.0,4.0,inf,inf,2.0,3.0,4.0,3.0,3.0,3.0,4.0,2.0,3.0,3.0,2.0,3.0,2.0,4.0,3.0,3.0,3.0,4.0,1.0,1.0,2.0,2.0,3.0,3.0,2.0,2.0,3.0,2.0,3.0,3.0,2.0,1.0,3.0,3.0,2.0,1.0,2.0,2.0,1.0,2.0,1.0,0.0,1.0,2.0,2.0,3.0,2.0,2.0,2.0,2.0,1.0,3.0,2.0,2.0,2.0,2.0,2.0,2.0,3.0,3.0,3.0,3.0,3.0,2.0,2.0,1.0,2.0,3.0,2.0,2.0,2.0,2.0,2.0,2.0,2.0,2.0,1.0,2.0,2.0,3.0,3.0,2.0,3.0,2.0,3.0,2.0,2.0,3.0,2.0,3.0,2.0,3.0,3.0,3.0,3.0,3.0,3.0,3.0,3.0,3.0,3.0,3.0,3.0,2.0,3.0,4.0,4.0,4.0,4.0,4.0,4.0,4.0,4.0,4.0,3.0,3.0,3.0,4.0,4.0,3.0,3.0,3.0,3.0,4.0,3.0,4.0,4.0,4.0,4.0,4.0,3.0,3.0,3.0
RMDVL,3.0,2.0,3.0,3.0,3.0,3.0,3.0,2.0,2.0,3.0,4.0,3.0,3.0,3.0,3.0,3.0,2.0,3.0,3.0,3.0,3.0,2.0,3.0,2.0,3.0,3.0,3.0,3.0,2.0,2.0,2.0,3.0,3.0,3.0,3.0,3.0,3.0,3.0,3.0,3.0,3.0,3.0,3.0,3.0,3.0,3.0,4.0,3.0,4.0,4.0,4.0,3.0,3.0,2.0,2.0,2.0,3.0,2.0,2.0,2.0,1.0,4.0,3.0,4.0,4.0,4.0,3.0,3.0,3.0,2.0,2.0,4.0,4.0,3.0,3.0,3.0,4.0,3.0,3.0,3.0,3.0,3.0,4.0,4.0,1.0,2.0,3.0,2.0,2.0,2.0,2.0,3.0,3.0,3.0,3.0,3.0,3.0,3.0,3.0,2.0,3.0,3.0,4.0,3.0,3.0,3.0,3.0,4.0,3.0,3.0,3.0,3.0,3.0,4.0,3.0,4.0,3.0,inf,inf,inf,inf,inf,inf,inf,inf,2.0,2.0,2.0,1.0,3.0,2.0,2.0,3.0,3.0,3.0,3.0,1.0,3.0,3.0,inf,inf,inf,inf,inf,inf,inf,inf,inf,inf,inf,inf,2.0,2.0,2.0,3.0,2.0,1.0,4.0,4.0,3.0,3.0,5.0,5.0,4.0,5.0,4.0,4.0,inf,inf,3.0,2.0,3.0,3.0,3.0,4.0,4.0,3.0,3.0,3.0,3.0,3.0,3.0,4.0,3.0,3.0,3.0,4.0,2.0,2.0,2.0,2.0,2.0,2.0,3.0,3.0,3.0,3.0,3.0,2.0,3.0,2.0,2.0,2.0,3.0,2.0,3.0,3.0,2.0,1.0,2.0,1.0,0.0,1.0,2.0,2.0,2.0,2.0,3.0,3.0,2.0,2.0,2.0,2.0,3.0,3.0,3.0,3.0,2.0,2.0,2.0,3.0,4.0,3.0,2.0,2.0,1.0,3.0,1.0,2.0,2.0,3.0,2.0,3.0,3.0,3.0,2.0,2.0,3.0,2.0,3.0,2.0,2.0,2.0,3.0,3.0,2.0,2.0,3.0,3.0,1.0,2.0,2.0,2.0,2.0,3.0,3.0,3.0,3.0,3.0,3.0,3.0,3.0,3.0,3.0,3.0,3.0,4.0,4.0,4.0,4.0,4.0,4.0,4.0,3.0,3.0,3.0,4.0,4.0,3.0,3.0,3.0,3.0,3.0,3.0,3.0,4.0,4.0,4.0,4.0,4.0,3.0,4.0
RMDVR,3.0,3.0,2.0,3.0,3.0,2.0,3.0,3.0,4.0,3.0,4.0,4.0,3.0,3.0,3.0,3.0,3.0,3.0,3.0,3.0,3.0,3.0,3.0,3.0,3.0,2.0,3.0,3.0,2.0,2.0,3.0,2.0,2.0,2.0,2.0,2.0,2.0,3.0,2.0,4.0,4.0,3.0,3.0,3.0,3.0,4.0,3.0,3.0,4.0,4.0,4.0,3.0,2.0,2.0,1.0,2.0,2.0,2.0,2.0,2.0,2.0,3.0,3.0,3.0,3.0,3.0,3.0,3.0,3.0,3.0,3.0,4.0,4.0,3.0,4.0,3.0,3.0,3.0,3.0,3.0,3.0,2.0,4.0,4.0,3.0,1.0,2.0,2.0,2.0,2.0,2.0,2.0,2.0,2.0,2.0,2.0,2.0,3.0,2.0,2.0,3.0,2.0,3.0,3.0,3.0,3.0,3.0,3.0,3.0,3.0,3.0,4.0,2.0,3.0,3.0,3.0,3.0,inf,inf,inf,inf,inf,inf,inf,inf,3.0,1.0,1.0,2.0,2.0,3.0,4.0,2.0,2.0,3.0,3.0,3.0,2.0,2.0,inf,inf,inf,inf,inf,inf,inf,inf,inf,inf,inf,inf,2.0,2.0,3.0,2.0,1.0,3.0,5.0,3.0,2.0,2.0,4.0,5.0,3.0,4.0,5.0,4.0,inf,inf,2.0,3.0,3.0,2.0,2.0,3.0,3.0,3.0,3.0,3.0,3.0,3.0,4.0,4.0,2.0,3.0,3.0,3.0,2.0,1.0,2.0,2.0,2.0,2.0,2.0,3.0,2.0,2.0,3.0,2.0,3.0,3.0,2.0,2.0,3.0,3.0,2.0,2.0,1.0,2.0,2.0,2.0,2.0,0.0,2.0,2.0,2.0,2.0,3.0,3.0,2.0,2.0,2.0,2.0,3.0,2.0,2.0,2.0,3.0,3.0,2.0,2.0,3.0,3.0,2.0,1.0,2.0,2.0,3.0,3.0,1.0,2.0,1.0,2.0,2.0,2.0,2.0,2.0,2.0,3.0,2.0,1.0,3.0,2.0,2.0,3.0,2.0,3.0,2.0,3.0,3.0,3.0,2.0,2.0,2.0,2.0,2.0,2.0,2.0,2.0,2.0,2.0,3.0,3.0,3.0,3.0,3.0,3.0,3.0,3.0,3.0,3.0,3.0,3.0,4.0,4.0,3.0,4.0,4.0,4.0,3.0,3.0,3.0,3.0,3.0,3.0,3.0,3.0,3.0,3.0,3.0,3.0,3.0
RMED,4.0,3.0,4.0,3.0,3.0,3.0,3.0,3.0,4.0,3.0,3.0,3.0,2.0,2.0,4.0,4.0,2.0,3.0,3.0,3.0,3.0,2.0,3.0,3.0,4.0,2.0,2.0,3.0,3.0,3.0,3.0,3.0,3.0,3.0,3.0,3.0,3.0,3.0,3.0,3.0,3.0,2.0,3.0,3.0,3.0,3.0,3.0,2.0,4.0,3.0,3.0,2.0,2.0,2.0,2.0,2.0,2.0,3.0,2.0,2.0,2.0,4.0,3.0,4.0,4.0,4.0,3.0,3.0,3.0,3.0,3.0,4.0,4.0,3.0,4.0,4.0,4.0,3.0,2.0,2.0,4.0,4.0,4.0,4.0,3.0,3.0,2.0,3.0,3.0,3.0,3.0,3.0,3.0,3.0,3.0,3.0,3.0,3.0,3.0,3.0,3.0,3.0,4.0,3.0,4.0,4.0,4.0,4.0,4.0,4.0,3.0,4.0,2.0,3.0,4.0,3.0,3.0,inf,inf,inf,inf,inf,inf,inf,inf,3.0,3.0,3.0,3.0,3.0,3.0,4.0,4.0,3.0,3.0,3.0,3.0,3.0,3.0,inf,inf,inf,inf,inf,inf,inf,inf,inf,inf,inf,inf,3.0,2.0,3.0,3.0,3.0,3.0,5.0,4.0,3.0,3.0,5.0,5.0,4.0,5.0,5.0,4.0,inf,inf,3.0,4.0,3.0,3.0,3.0,4.0,3.0,4.0,3.0,3.0,3.0,3.0,3.0,4.0,3.0,3.0,4.0,4.0,2.0,2.0,1.0,1.0,3.0,3.0,3.0,3.0,4.0,2.0,2.0,2.0,2.0,2.0,3.0,3.0,3.0,2.0,2.0,2.0,3.0,3.0,2.0,2.0,3.0,2.0,0.0,4.0,3.0,3.0,3.0,3.0,3.0,3.0,3.0,3.0,3.0,3.0,3.0,2.0,3.0,3.0,3.0,3.0,3.0,2.0,2.0,3.0,3.0,2.0,2.0,3.0,3.0,2.0,2.0,3.0,3.0,1.0,1.0,2.0,2.0,4.0,4.0,3.0,3.0,4.0,4.0,3.0,3.0,2.0,3.0,3.0,2.0,3.0,3.0,3.0,3.0,3.0,3.0,3.0,3.0,3.0,3.0,3.0,3.0,3.0,3.0,4.0,4.0,4.0,4.0,4.0,4.0,4.0,4.0,4.0,4.0,4.0,3.0,4.0,4.0,4.0,4.0,3.0,3.0,4.0,4.0,4.0,4.0,4.0,3.0,4.0,4.0,4.0,4.0
RMEL,4.0,3.0,3.0,2.0,4.0,2.0,4.0,3.0,4.0,3.0,4.0,4.0,3.0,3.0,4.0,3.0,3.0,4.0,3.0,3.0,3.0,3.0,4.0,3.0,3.0,3.0,3.0,3.0,3.0,3.0,3.0,3.0,3.0,4.0,4.0,4.0,4.0,3.0,4.0,4.0,4.0,3.0,3.0,4.0,3.0,4.0,3.0,3.0,4.0,4.0,4.0,4.0,3.0,3.0,3.0,3.0,2.0,3.0,3.0,2.0,2.0,4.0,4.0,4.0,3.0,4.0,3.0,3.0,3.0,3.0,3.0,4.0,4.0,3.0,4.0,3.0,4.0,3.0,3.0,2.0,4.0,3.0,5.0,5.0,3.0,2.0,3.0,2.0,3.0,3.0,3.0,3.0,4.0,4.0,3.0,4.0,4.0,4.0,4.0,3.0,3.0,4.0,4.0,4.0,4.0,4.0,4.0,4.0,4.0,4.0,4.0,4.0,4.0,3.0,3.0,4.0,3.0,inf,inf,inf,inf,inf,inf,inf,inf,4.0,2.0,3.0,1.0,4.0,2.0,4.0,3.0,3.0,2.0,3.0,3.0,4.0,4.0,inf,inf,inf,inf,inf,inf,inf,inf,inf,inf,inf,inf,3.0,1.0,3.0,2.0,3.0,2.0,5.0,5.0,4.0,4.0,5.0,6.0,5.0,6.0,5.0,5.0,inf,inf,3.0,4.0,4.0,3.0,3.0,4.0,4.0,4.0,4.0,4.0,4.0,3.0,4.0,4.0,3.0,3.0,4.0,4.0,3.0,3.0,3.0,2.0,3.0,3.0,3.0,4.0,3.0,3.0,3.0,2.0,3.0,3.0,3.0,1.0,3.0,2.0,3.0,3.0,2.0,2.0,2.0,2.0,2.0,2.0,2.0,0.0,2.0,1.0,4.0,3.0,3.0,3.0,2.0,3.0,4.0,4.0,3.0,3.0,3.0,3.0,3.0,4.0,4.0,3.0,3.0,3.0,3.0,3.0,3.0,3.0,3.0,3.0,3.0,4.0,3.0,2.0,2.0,2.0,2.0,4.0,3.0,3.0,2.0,4.0,2.0,4.0,2.0,3.0,3.0,4.0,3.0,3.0,3.0,3.0,3.0,4.0,4.0,3.0,4.0,4.0,4.0,4.0,4.0,3.0,4.0,4.0,4.0,5.0,4.0,4.0,4.0,5.0,5.0,4.0,4.0,4.0,4.0,4.0,4.0,4.0,4.0,3.0,3.0,4.0,4.0,4.0,4.0,4.0,4.0,4.0,4.0,4.0,4.0
RMER,3.0,4.0,2.0,3.0,4.0,4.0,3.0,3.0,4.0,4.0,4.0,3.0,4.0,2.0,3.0,4.0,4.0,5.0,4.0,3.0,4.0,3.0,4.0,3.0,4.0,4.0,4.0,3.0,3.0,3.0,3.0,4.0,4.0,4.0,4.0,4.0,4.0,4.0,4.0,4.0,4.0,4.0,4.0,3.0,4.0,4.0,4.0,4.0,5.0,4.0,4.0,3.0,4.0,3.0,3.0,3.0,3.0,3.0,3.0,3.0,2.0,4.0,3.0,4.0,3.0,4.0,4.0,4.0,4.0,3.0,3.0,5.0,4.0,4.0,4.0,4.0,4.0,3.0,4.0,4.0,3.0,4.0,5.0,5.0,3.0,3.0,2.0,4.0,3.0,3.0,3.0,4.0,4.0,4.0,4.0,4.0,4.0,4.0,4.0,3.0,4.0,4.0,5.0,4.0,4.0,4.0,4.0,5.0,4.0,4.0,3.0,4.0,3.0,3.0,4.0,4.0,4.0,inf,inf,inf,inf,inf,inf,inf,inf,4.0,3.0,1.0,3.0,3.0,4.0,4.0,4.0,2.0,4.0,4.0,3.0,4.0,4.0,inf,inf,inf,inf,inf,inf,inf,inf,inf,inf,inf,inf,2.0,3.0,3.0,4.0,3.0,3.0,5.0,5.0,4.0,4.0,5.0,6.0,5.0,6.0,5.0,5.0,inf,inf,4.0,4.0,4.0,4.0,4.0,4.0,4.0,4.0,4.0,4.0,3.0,4.0,4.0,4.0,3.0,4.0,4.0,5.0,3.0,3.0,3.0,3.0,3.0,3.0,3.0,3.0,4.0,3.0,3.0,3.0,3.0,3.0,3.0,4.0,4.0,3.0,3.0,3.0,2.0,3.0,2.0,2.0,2.0,2.0,4.0,3.0,0.0,3.0,3.0,3.0,2.0,3.0,2.0,1.0,3.0,3.0,3.0,3.0,3.0,3.0,3.0,4.0,4.0,3.0,3.0,3.0,3.0,3.0,3.0,3.0,3.0,3.0,3.0,3.0,3.0,2.0,3.0,3.0,3.0,4.0,4.0,2.0,4.0,2.0,4.0,3.0,3.0,3.0,4.0,3.0,3.0,3.0,3.0,3.0,3.0,4.0,4.0,4.0,4.0,4.0,4.0,4.0,4.0,3.0,4.0,4.0,4.0,5.0,5.0,4.0,5.0,5.0,5.0,4.0,4.0,4.0,4.0,5.0,5.0,4.0,4.0,4.0,4.0,4.0,4.0,4.0,5.0,5.0,4.0,5.0,4.0,4.0,4.0
RMEV,4.0,3.0,3.0,3.0,3.0,2.0,4.0,3.0,3.0,3.0,3.0,3.0,2.0,3.0,4.0,4.0,2.0,3.0,2.0,2.0,2.0,2.0,3.0,3.0,3.0,2.0,2.0,3.0,3.0,3.0,3.0,3.0,3.0,3.0,3.0,3.0,3.0,3.0,3.0,3.0,3.0,2.0,3.0,3.0,3.0,3.0,4.0,2.0,4.0,3.0,3.0,3.0,2.0,3.0,2.0,2.0,3.0,3.0,3.0,2.0,2.0,4.0,4.0,4.0,3.0,4.0,3.0,3.0,2.0,2.0,2.0,3.0,3.0,3.0,4.0,3.0,3.0,3.0,2.0,2.0,3.0,3.0,4.0,4.0,2.0,2.0,2.0,2.0,3.0,3.0,3.0,3.0,3.0,3.0,3.0,3.0,3.0,4.0,3.0,3.0,3.0,3.0,4.0,3.0,3.0,4.0,4.0,4.0,4.0,3.0,3.0,3.0,3.0,3.0,4.0,3.0,3.0,inf,inf,inf,inf,inf,inf,inf,inf,3.0,2.0,3.0,2.0,3.0,3.0,3.0,3.0,2.0,2.0,2.0,2.0,3.0,3.0,inf,inf,inf,inf,inf,inf,inf,inf,inf,inf,inf,inf,3.0,2.0,2.0,2.0,2.0,2.0,4.0,4.0,3.0,3.0,5.0,5.0,4.0,5.0,4.0,5.0,inf,inf,2.0,3.0,4.0,3.0,3.0,4.0,4.0,3.0,4.0,3.0,3.0,3.0,3.0,4.0,2.0,3.0,3.0,4.0,2.0,2.0,2.0,1.0,3.0,3.0,3.0,3.0,3.0,3.0,2.0,1.0,2.0,2.0,2.0,2.0,3.0,1.0,2.0,3.0,1.0,1.0,2.0,2.0,2.0,2.0,1.0,3.0,2.0,0.0,3.0,3.0,3.0,3.0,2.0,3.0,3.0,3.0,3.0,3.0,3.0,3.0,3.0,3.0,3.0,3.0,2.0,3.0,2.0,3.0,2.0,2.0,3.0,3.0,2.0,3.0,3.0,2.0,1.0,1.0,2.0,3.0,3.0,3.0,2.0,3.0,3.0,3.0,3.0,3.0,2.0,3.0,2.0,3.0,3.0,3.0,3.0,3.0,3.0,3.0,3.0,3.0,3.0,3.0,4.0,3.0,3.0,3.0,4.0,4.0,4.0,3.0,4.0,4.0,4.0,4.0,3.0,3.0,3.0,4.0,4.0,3.0,4.0,3.0,3.0,4.0,4.0,4.0,4.0,4.0,4.0,4.0,4.0,3.0,4.0
RMFL,3.0,2.0,3.0,3.0,3.0,2.0,3.0,3.0,3.0,3.0,3.0,3.0,2.0,2.0,3.0,3.0,2.0,3.0,3.0,3.0,3.0,2.0,4.0,3.0,3.0,2.0,2.0,3.0,3.0,3.0,3.0,3.0,3.0,3.0,3.0,3.0,3.0,3.0,3.0,3.0,3.0,3.0,3.0,3.0,3.0,3.0,2.0,3.0,4.0,3.0,4.0,3.0,2.0,2.0,2.0,2.0,2.0,3.0,3.0,2.0,2.0,4.0,3.0,4.0,3.0,3.0,2.0,3.0,1.0,1.0,2.0,2.0,3.0,3.0,4.0,3.0,3.0,3.0,1.0,2.0,2.0,3.0,5.0,5.0,2.0,2.0,2.0,2.0,3.0,3.0,3.0,3.0,3.0,3.0,3.0,3.0,3.0,3.0,3.0,3.0,3.0,3.0,4.0,3.0,3.0,3.0,3.0,4.0,4.0,3.0,2.0,3.0,1.0,3.0,4.0,3.0,3.0,inf,inf,inf,inf,inf,inf,inf,inf,2.0,3.0,2.0,2.0,3.0,3.0,3.0,4.0,2.0,3.0,3.0,3.0,3.0,3.0,inf,inf,inf,inf,inf,inf,inf,inf,inf,inf,inf,inf,3.0,2.0,3.0,3.0,3.0,3.0,4.0,4.0,2.0,2.0,5.0,5.0,4.0,5.0,4.0,4.0,inf,inf,2.0,3.0,4.0,3.0,3.0,3.0,2.0,2.0,3.0,3.0,2.0,3.0,2.0,4.0,2.0,1.0,3.0,4.0,2.0,2.0,2.0,1.0,2.0,2.0,2.0,3.0,3.0,2.0,2.0,2.0,2.0,1.0,2.0,2.0,3.0,1.0,2.0,2.0,2.0,2.0,2.0,1.0,2.0,2.0,2.0,3.0,3.0,2.0,0.0,2.0,2.0,3.0,1.0,2.0,2.0,2.0,2.0,1.0,3.0,3.0,3.0,3.0,3.0,2.0,2.0,2.0,2.0,3.0,2.0,2.0,3.0,2.0,3.0,3.0,3.0,2.0,2.0,1.0,2.0,3.0,3.0,2.0,2.0,3.0,3.0,3.0,2.0,3.0,2.0,3.0,2.0,3.0,3.0,3.0,3.0,3.0,3.0,3.0,3.0,3.0,3.0,3.0,3.0,2.0,3.0,3.0,4.0,3.0,3.0,3.0,3.0,4.0,4.0,3.0,3.0,3.0,3.0,4.0,4.0,3.0,3.0,3.0,3.0,4.0,3.0,4.0,4.0,4.0,2.0,4.0,4.0,3.0,3.0
RMFR,3.0,3.0,3.0,2.0,3.0,2.0,3.0,3.0,3.0,3.0,3.0,3.0,2.0,2.0,3.0,3.0,3.0,3.0,2.0,2.0,2.0,2.0,4.0,3.0,3.0,3.0,3.0,3.0,3.0,3.0,3.0,3.0,3.0,3.0,3.0,3.0,3.0,3.0,3.0,3.0,3.0,3.0,3.0,3.0,3.0,4.0,3.0,3.0,4.0,3.0,4.0,3.0,2.0,2.0,2.0,2.0,3.0,3.0,3.0,2.0,2.0,4.0,3.0,4.0,3.0,3.0,3.0,3.0,1.0,1.0,3.0,2.0,3.0,3.0,4.0,3.0,3.0,3.0,2.0,2.0,2.0,3.0,5.0,5.0,2.0,3.0,2.0,2.0,3.0,3.0,3.0,3.0,3.0,3.0,3.0,3.0,3.0,4.0,3.0,3.0,3.0,3.0,4.0,3.0,3.0,4.0,4.0,4.0,4.0,3.0,2.0,4.0,1.0,3.0,3.0,3.0,3.0,inf,inf,inf,inf,inf,inf,inf,inf,3.0,3.0,2.0,2.0,3.0,3.0,3.0,4.0,2.0,2.0,2.0,2.0,3.0,3.0,inf,inf,inf,inf,inf,inf,inf,inf,inf,inf,inf,inf,3.0,2.0,2.0,2.0,2.0,2.0,5.0,4.0,2.0,2.0,5.0,5.0,4.0,5.0,5.0,4.0,inf,inf,3.0,3.0,4.0,3.0,3.0,3.0,2.0,2.0,3.0,3.0,2.0,3.0,2.0,4.0,3.0,2.0,4.0,4.0,2.0,2.0,2.0,2.0,3.0,3.0,3.0,3.0,3.0,2.0,2.0,1.0,2.0,2.0,2.0,2.0,3.0,2.0,2.0,2.0,2.0,2.0,1.0,1.0,2.0,2.0,3.0,3.0,2.0,2.0,2.0,0.0,2.0,3.0,2.0,2.0,2.0,2.0,3.0,3.0,3.0,3.0,3.0,3.0,3.0,2.0,3.0,2.0,2.0,3.0,2.0,3.0,2.0,2.0,3.0,3.0,2.0,3.0,2.0,3.0,2.0,3.0,3.0,2.0,2.0,3.0,3.0,3.0,2.0,3.0,3.0,3.0,2.0,3.0,3.0,3.0,3.0,3.0,3.0,3.0,3.0,3.0,3.0,3.0,3.0,2.0,3.0,3.0,4.0,3.0,3.0,3.0,3.0,4.0,4.0,3.0,4.0,4.0,3.0,4.0,4.0,4.0,3.0,3.0,3.0,4.0,4.0,4.0,4.0,4.0,2.0,4.0,4.0,4.0,4.0
RMGL,1.0,3.0,2.0,2.0,2.0,3.0,1.0,2.0,2.0,3.0,2.0,2.0,2.0,1.0,1.0,3.0,2.0,3.0,3.0,2.0,2.0,2.0,2.0,2.0,3.0,2.0,2.0,2.0,2.0,2.0,2.0,2.0,2.0,3.0,2.0,2.0,3.0,2.0,2.0,2.0,2.0,2.0,3.0,1.0,2.0,2.0,3.0,2.0,3.0,2.0,3.0,2.0,3.0,1.0,2.0,2.0,1.0,2.0,2.0,1.0,2.0,2.0,1.0,2.0,2.0,2.0,2.0,2.0,3.0,2.0,3.0,3.0,2.0,3.0,2.0,3.0,2.0,2.0,3.0,2.0,3.0,3.0,3.0,3.0,1.0,2.0,2.0,3.0,2.0,2.0,2.0,2.0,2.0,2.0,2.0,2.0,2.0,2.0,3.0,2.0,2.0,2.0,3.0,2.0,2.0,2.0,2.0,3.0,3.0,3.0,2.0,3.0,3.0,2.0,3.0,2.0,2.0,inf,inf,inf,inf,inf,inf,inf,inf,2.0,3.0,2.0,2.0,3.0,2.0,2.0,4.0,2.0,3.0,3.0,2.0,2.0,2.0,inf,inf,inf,inf,inf,inf,inf,inf,inf,inf,inf,inf,2.0,2.0,2.0,3.0,2.0,2.0,4.0,3.0,3.0,3.0,3.0,4.0,3.0,4.0,4.0,3.0,inf,inf,2.0,3.0,3.0,2.0,2.0,2.0,3.0,3.0,2.0,3.0,1.0,2.0,2.0,3.0,3.0,2.0,3.0,3.0,2.0,2.0,2.0,2.0,2.0,2.0,1.0,1.0,3.0,2.0,3.0,2.0,2.0,2.0,2.0,3.0,2.0,2.0,2.0,2.0,2.0,1.0,1.0,1.0,1.0,2.0,2.0,3.0,2.0,2.0,2.0,2.0,0.0,3.0,1.0,1.0,1.0,2.0,2.0,2.0,2.0,2.0,2.0,2.0,2.0,1.0,1.0,1.0,2.0,2.0,1.0,1.0,1.0,2.0,2.0,1.0,2.0,1.0,1.0,2.0,2.0,2.0,3.0,2.0,3.0,2.0,3.0,1.0,2.0,2.0,3.0,3.0,2.0,2.0,2.0,2.0,2.0,2.0,2.0,2.0,2.0,2.0,2.0,2.0,2.0,2.0,3.0,3.0,3.0,3.0,3.0,3.0,3.0,3.0,3.0,3.0,3.0,3.0,3.0,3.0,3.0,4.0,3.0,2.0,2.0,3.0,2.0,3.0,3.0,3.0,3.0,3.0,2.0,3.0,2.0
RMGR,3.0,1.0,2.0,1.0,2.0,2.0,3.0,2.0,3.0,2.0,3.0,2.0,2.0,2.0,3.0,1.0,2.0,3.0,3.0,3.0,2.0,2.0,2.0,3.0,1.0,3.0,1.0,2.0,2.0,2.0,2.0,2.0,2.0,3.0,2.0,2.0,3.0,2.0,2.0,3.0,3.0,3.0,2.0,2.0,1.0,3.0,2.0,3.0,2.0,3.0,2.0,2.0,2.0,1.0,2.0,1.0,1.0,1.0,2.0,2.0,1.0,2.0,2.0,3.0,2.0,2.0,1.0,2.0,2.0,2.0,2.0,3.0,3.0,2.0,2.0,2.0,3.0,3.0,2.0,2.0,3.0,2.0,3.0,3.0,2.0,2.0,2.0,2.0,2.0,2.0,2.0,2.0,2.0,2.0,2.0,2.0,2.0,3.0,3.0,2.0,3.0,2.0,3.0,2.0,3.0,3.0,3.0,3.0,3.0,3.0,2.0,3.0,2.0,2.0,2.0,2.0,2.0,inf,inf,inf,inf,inf,inf,inf,inf,2.0,2.0,2.0,2.0,3.0,2.0,3.0,3.0,3.0,1.0,3.0,3.0,2.0,2.0,inf,inf,inf,inf,inf,inf,inf,inf,inf,inf,inf,inf,2.0,1.0,3.0,2.0,2.0,2.0,4.0,3.0,3.0,3.0,4.0,4.0,3.0,4.0,4.0,3.0,inf,inf,3.0,2.0,3.0,2.0,2.0,3.0,3.0,3.0,2.0,2.0,2.0,2.0,3.0,3.0,2.0,2.0,3.0,3.0,2.0,2.0,3.0,2.0,3.0,2.0,3.0,3.0,2.0,2.0,1.0,2.0,2.0,2.0,2.0,2.0,1.0,2.0,2.0,2.0,1.0,2.0,1.0,1.0,2.0,1.0,2.0,2.0,2.0,2.0,3.0,2.0,2.0,0.0,2.0,3.0,1.0,2.0,3.0,1.0,2.0,2.0,2.0,2.0,2.0,1.0,3.0,2.0,1.0,1.0,3.0,2.0,2.0,2.0,2.0,3.0,1.0,2.0,2.0,2.0,2.0,3.0,2.0,2.0,2.0,3.0,2.0,2.0,1.0,3.0,2.0,3.0,2.0,2.0,2.0,2.0,2.0,2.0,2.0,2.0,2.0,2.0,2.0,2.0,2.0,3.0,2.0,3.0,3.0,3.0,3.0,3.0,3.0,3.0,3.0,3.0,3.0,3.0,2.0,3.0,3.0,3.0,3.0,3.0,2.0,3.0,3.0,3.0,3.0,3.0,3.0,3.0,3.0,3.0,3.0
RMHL,2.0,2.0,3.0,3.0,3.0,2.0,3.0,2.0,3.0,3.0,3.0,3.0,2.0,2.0,3.0,2.0,3.0,3.0,4.0,3.0,2.0,3.0,3.0,3.0,2.0,3.0,3.0,3.0,2.0,2.0,3.0,2.0,2.0,2.0,2.0,2.0,2.0,3.0,2.0,3.0,3.0,3.0,3.0,3.0,3.0,4.0,3.0,3.0,3.0,4.0,3.0,3.0,2.0,2.0,1.0,2.0,2.0,2.0,2.0,2.0,2.0,3.0,3.0,3.0,3.0,3.0,3.0,3.0,3.0,2.0,3.0,4.0,4.0,3.0,4.0,2.0,4.0,3.0,3.0,3.0,3.0,3.0,4.0,4.0,2.0,2.0,2.0,3.0,2.0,2.0,2.0,2.0,2.0,2.0,2.0,2.0,2.0,2.0,2.0,2.0,3.0,2.0,3.0,3.0,2.0,2.0,2.0,3.0,3.0,3.0,3.0,4.0,3.0,2.0,3.0,3.0,3.0,inf,inf,inf,inf,inf,inf,inf,inf,3.0,2.0,2.0,1.0,3.0,3.0,3.0,3.0,3.0,3.0,4.0,3.0,2.0,2.0,inf,inf,inf,inf,inf,inf,inf,inf,inf,inf,inf,inf,3.0,2.0,3.0,3.0,2.0,2.0,5.0,3.0,2.0,2.0,4.0,5.0,3.0,4.0,5.0,4.0,inf,inf,3.0,3.0,3.0,2.0,2.0,3.0,3.0,3.0,3.0,3.0,3.0,3.0,3.0,4.0,3.0,3.0,3.0,3.0,2.0,2.0,3.0,3.0,1.0,1.0,1.0,3.0,2.0,2.0,2.0,3.0,2.0,2.0,3.0,2.0,2.0,2.0,2.0,2.0,1.0,2.0,2.0,1.0,2.0,2.0,2.0,2.0,3.0,2.0,2.0,2.0,2.0,2.0,0.0,3.0,3.0,3.0,1.0,2.0,2.0,3.0,2.0,3.0,3.0,2.0,3.0,2.0,2.0,3.0,3.0,3.0,3.0,2.0,2.0,3.0,2.0,2.0,2.0,2.0,2.0,3.0,3.0,3.0,3.0,3.0,2.0,3.0,1.0,3.0,3.0,3.0,3.0,3.0,2.0,2.0,2.0,2.0,2.0,2.0,2.0,2.0,2.0,2.0,3.0,2.0,3.0,3.0,3.0,3.0,3.0,3.0,3.0,3.0,3.0,3.0,4.0,4.0,3.0,4.0,4.0,4.0,3.0,3.0,3.0,3.0,2.0,3.0,3.0,3.0,3.0,3.0,3.0,3.0,2.0
RMHR,2.0,3.0,3.0,2.0,3.0,3.0,2.0,2.0,3.0,3.0,3.0,2.0,3.0,1.0,2.0,3.0,3.0,4.0,3.0,2.0,3.0,3.0,3.0,3.0,3.0,3.0,3.0,2.0,3.0,3.0,3.0,3.0,3.0,3.0,3.0,3.0,3.0,3.0,3.0,3.0,3.0,3.0,3.0,2.0,3.0,3.0,3.0,3.0,4.0,3.0,3.0,2.0,3.0,2.0,2.0,3.0,2.0,3.0,3.0,2.0,2.0,3.0,2.0,3.0,3.0,3.0,3.0,3.0,3.0,2.0,3.0,4.0,3.0,3.0,3.0,3.0,3.0,2.0,3.0,3.0,3.0,4.0,4.0,4.0,2.0,3.0,1.0,3.0,3.0,3.0,3.0,3.0,3.0,3.0,3.0,3.0,3.0,3.0,3.0,3.0,3.0,3.0,4.0,3.0,3.0,3.0,3.0,4.0,4.0,4.0,2.0,4.0,3.0,3.0,3.0,3.0,3.0,inf,inf,inf,inf,inf,inf,inf,inf,3.0,3.0,2.0,2.0,2.0,3.0,3.0,4.0,3.0,3.0,4.0,3.0,3.0,3.0,inf,inf,inf,inf,inf,inf,inf,inf,inf,inf,inf,inf,2.0,2.0,3.0,3.0,2.0,3.0,5.0,4.0,3.0,3.0,4.0,5.0,4.0,5.0,5.0,4.0,inf,inf,3.0,3.0,4.0,3.0,3.0,3.0,4.0,3.0,3.0,4.0,2.0,3.0,3.0,4.0,2.0,3.0,4.0,4.0,2.0,2.0,2.0,2.0,2.0,2.0,2.0,2.0,3.0,2.0,3.0,3.0,2.0,2.0,2.0,3.0,3.0,2.0,2.0,2.0,2.0,2.0,1.0,1.0,2.0,2.0,3.0,3.0,1.0,3.0,2.0,2.0,1.0,3.0,1.0,0.0,2.0,2.0,2.0,2.0,3.0,3.0,3.0,3.0,3.0,2.0,2.0,2.0,3.0,2.0,2.0,2.0,2.0,2.0,3.0,2.0,2.0,1.0,2.0,2.0,2.0,3.0,4.0,2.0,4.0,3.0,3.0,2.0,2.0,2.0,3.0,2.0,3.0,3.0,3.0,3.0,3.0,3.0,3.0,3.0,3.0,3.0,3.0,3.0,3.0,2.0,3.0,3.0,4.0,4.0,4.0,3.0,4.0,4.0,4.0,3.0,4.0,4.0,4.0,4.0,4.0,4.0,3.0,3.0,3.0,4.0,3.0,4.0,4.0,4.0,4.0,4.0,3.0,4.0,3.0
SAADL,3.0,2.0,3.0,2.0,2.0,3.0,2.0,3.0,3.0,3.0,3.0,3.0,1.0,2.0,3.0,3.0,3.0,4.0,3.0,3.0,2.0,2.0,3.0,3.0,4.0,2.0,3.0,3.0,3.0,2.0,3.0,2.0,2.0,3.0,2.0,2.0,3.0,2.0,2.0,3.0,3.0,3.0,3.0,2.0,2.0,3.0,3.0,3.0,4.0,3.0,4.0,3.0,3.0,1.0,2.0,2.0,2.0,2.0,2.0,2.0,2.0,3.0,3.0,3.0,3.0,3.0,2.0,3.0,2.0,2.0,3.0,3.0,3.0,3.0,3.0,3.0,3.0,3.0,3.0,2.0,3.0,3.0,4.0,4.0,3.0,2.0,3.0,2.0,2.0,2.0,2.0,2.0,2.0,2.0,2.0,2.0,2.0,3.0,3.0,3.0,3.0,2.0,3.0,2.0,3.0,3.0,3.0,3.0,3.0,3.0,2.0,4.0,2.0,2.0,3.0,3.0,3.0,inf,inf,inf,inf,inf,inf,inf,inf,3.0,2.0,2.0,3.0,3.0,2.0,4.0,3.0,3.0,2.0,3.0,3.0,2.0,2.0,inf,inf,inf,inf,inf,inf,inf,inf,inf,inf,inf,inf,3.0,1.0,3.0,2.0,2.0,3.0,5.0,3.0,3.0,3.0,4.0,4.0,3.0,4.0,4.0,3.0,inf,inf,3.0,3.0,3.0,2.0,2.0,3.0,3.0,3.0,2.0,3.0,2.0,3.0,3.0,4.0,3.0,3.0,3.0,3.0,2.0,2.0,2.0,2.0,3.0,2.0,2.0,2.0,3.0,1.0,2.0,2.0,1.0,1.0,3.0,3.0,2.0,2.0,2.0,1.0,2.0,2.0,2.0,2.0,3.0,1.0,2.0,3.0,2.0,3.0,2.0,1.0,2.0,3.0,3.0,2.0,0.0,2.0,2.0,2.0,1.0,2.0,3.0,3.0,4.0,3.0,2.0,2.0,2.0,3.0,3.0,3.0,1.0,3.0,2.0,2.0,3.0,2.0,2.0,2.0,2.0,4.0,3.0,2.0,3.0,3.0,3.0,2.0,3.0,3.0,3.0,4.0,3.0,2.0,2.0,2.0,2.0,2.0,2.0,2.0,2.0,2.0,2.0,2.0,2.0,2.0,3.0,3.0,3.0,3.0,3.0,3.0,3.0,3.0,3.0,3.0,4.0,4.0,3.0,4.0,4.0,4.0,3.0,3.0,3.0,3.0,3.0,3.0,3.0,3.0,3.0,3.0,3.0,3.0,3.0
SAADR,2.0,2.0,2.0,3.0,3.0,3.0,2.0,2.0,3.0,3.0,3.0,2.0,1.0,1.0,2.0,3.0,3.0,4.0,3.0,2.0,3.0,2.0,3.0,3.0,3.0,2.0,2.0,2.0,2.0,2.0,3.0,2.0,2.0,2.0,2.0,2.0,2.0,2.0,2.0,3.0,3.0,3.0,3.0,2.0,2.0,3.0,3.0,3.0,4.0,3.0,3.0,2.0,3.0,1.0,1.0,2.0,2.0,2.0,2.0,2.0,2.0,3.0,2.0,3.0,2.0,3.0,2.0,3.0,2.0,2.0,3.0,3.0,3.0,3.0,3.0,3.0,3.0,2.0,2.0,3.0,3.0,3.0,4.0,4.0,2.0,3.0,2.0,2.0,2.0,2.0,2.0,2.0,2.0,2.0,2.0,2.0,2.0,3.0,2.0,2.0,3.0,2.0,3.0,2.0,3.0,3.0,3.0,3.0,3.0,3.0,2.0,4.0,2.0,2.0,3.0,3.0,3.0,inf,inf,inf,inf,inf,inf,inf,inf,3.0,3.0,3.0,3.0,2.0,3.0,3.0,4.0,2.0,3.0,3.0,3.0,2.0,2.0,inf,inf,inf,inf,inf,inf,inf,inf,inf,inf,inf,inf,1.0,3.0,3.0,3.0,3.0,3.0,5.0,3.0,2.0,2.0,4.0,4.0,3.0,4.0,4.0,3.0,inf,inf,2.0,1.0,3.0,2.0,2.0,3.0,3.0,3.0,2.0,3.0,2.0,3.0,3.0,3.0,2.0,2.0,3.0,3.0,2.0,2.0,2.0,2.0,3.0,2.0,2.0,2.0,3.0,2.0,2.0,2.0,1.0,1.0,3.0,3.0,3.0,2.0,2.0,3.0,2.0,2.0,2.0,2.0,2.0,3.0,2.0,2.0,3.0,2.0,1.0,1.0,1.0,2.0,2.0,2.0,2.0,0.0,2.0,2.0,1.0,2.0,2.0,2.0,3.0,2.0,2.0,2.0,2.0,2.0,2.0,2.0,2.0,2.0,1.0,2.0,1.0,2.0,2.0,1.0,2.0,3.0,4.0,3.0,3.0,3.0,3.0,2.0,3.0,2.0,3.0,2.0,3.0,2.0,2.0,2.0,2.0,2.0,2.0,2.0,2.0,2.0,2.0,2.0,2.0,2.0,3.0,3.0,3.0,3.0,3.0,3.0,3.0,3.0,3.0,3.0,4.0,4.0,3.0,4.0,4.0,4.0,3.0,3.0,3.0,3.0,3.0,3.0,3.0,3.0,3.0,3.0,3.0,3.0,3.0
SAAVL,3.0,2.0,3.0,2.0,3.0,3.0,3.0,3.0,4.0,3.0,3.0,3.0,1.0,2.0,4.0,4.0,3.0,3.0,3.0,3.0,3.0,2.0,3.0,3.0,3.0,2.0,2.0,3.0,3.0,2.0,3.0,2.0,2.0,3.0,2.0,2.0,3.0,2.0,2.0,4.0,3.0,2.0,3.0,2.0,2.0,4.0,3.0,2.0,4.0,3.0,3.0,3.0,3.0,1.0,2.0,2.0,2.0,2.0,2.0,2.0,2.0,3.0,4.0,3.0,3.0,3.0,2.0,3.0,2.0,2.0,3.0,3.0,4.0,3.0,3.0,4.0,4.0,3.0,3.0,3.0,3.0,3.0,4.0,4.0,3.0,2.0,3.0,2.0,2.0,2.0,2.0,2.0,2.0,2.0,2.0,2.0,2.0,3.0,3.0,3.0,3.0,2.0,3.0,2.0,3.0,3.0,3.0,3.0,3.0,3.0,3.0,4.0,2.0,2.0,3.0,3.0,3.0,inf,inf,inf,inf,inf,inf,inf,inf,3.0,2.0,3.0,3.0,3.0,2.0,4.0,3.0,2.0,2.0,3.0,3.0,2.0,2.0,inf,inf,inf,inf,inf,inf,inf,inf,inf,inf,inf,inf,3.0,1.0,3.0,2.0,3.0,3.0,5.0,3.0,3.0,3.0,4.0,4.0,3.0,4.0,4.0,3.0,inf,inf,2.0,3.0,3.0,2.0,2.0,3.0,3.0,3.0,2.0,3.0,3.0,3.0,3.0,4.0,2.0,3.0,3.0,3.0,2.0,2.0,2.0,2.0,3.0,2.0,3.0,2.0,3.0,3.0,2.0,2.0,1.0,1.0,3.0,3.0,3.0,2.0,2.0,3.0,3.0,2.0,2.0,2.0,3.0,2.0,2.0,3.0,2.0,3.0,2.0,1.0,3.0,3.0,3.0,3.0,2.0,2.0,0.0,2.0,1.0,2.0,3.0,2.0,3.0,3.0,2.0,3.0,2.0,3.0,2.0,2.0,2.0,2.0,1.0,3.0,3.0,2.0,1.0,1.0,2.0,3.0,3.0,3.0,3.0,4.0,3.0,3.0,3.0,3.0,3.0,4.0,3.0,2.0,2.0,2.0,2.0,2.0,2.0,2.0,2.0,2.0,2.0,2.0,2.0,2.0,3.0,3.0,3.0,3.0,3.0,3.0,3.0,3.0,3.0,3.0,4.0,4.0,3.0,4.0,4.0,4.0,3.0,3.0,3.0,3.0,3.0,3.0,3.0,3.0,3.0,3.0,3.0,3.0,3.0
SAAVR,3.0,2.0,3.0,2.0,2.0,2.0,3.0,2.0,3.0,3.0,2.0,2.0,2.0,1.0,3.0,4.0,3.0,3.0,3.0,2.0,2.0,3.0,3.0,3.0,4.0,3.0,1.0,2.0,2.0,2.0,3.0,2.0,2.0,2.0,2.0,2.0,2.0,2.0,2.0,2.0,2.0,3.0,2.0,3.0,2.0,3.0,1.0,3.0,4.0,3.0,3.0,2.0,2.0,2.0,1.0,1.0,2.0,2.0,2.0,2.0,2.0,3.0,3.0,3.0,3.0,3.0,2.0,2.0,2.0,2.0,2.0,3.0,4.0,2.0,3.0,3.0,2.0,2.0,2.0,3.0,3.0,4.0,4.0,4.0,3.0,3.0,2.0,2.0,2.0,2.0,2.0,2.0,2.0,2.0,2.0,2.0,2.0,3.0,2.0,2.0,3.0,2.0,3.0,3.0,3.0,3.0,3.0,3.0,3.0,3.0,2.0,3.0,3.0,3.0,3.0,3.0,3.0,inf,inf,inf,inf,inf,inf,inf,inf,1.0,3.0,3.0,2.0,3.0,3.0,2.0,4.0,3.0,3.0,3.0,3.0,2.0,2.0,inf,inf,inf,inf,inf,inf,inf,inf,inf,inf,inf,inf,2.0,3.0,3.0,2.0,2.0,3.0,4.0,3.0,2.0,2.0,4.0,5.0,3.0,4.0,4.0,4.0,inf,inf,3.0,3.0,3.0,2.0,2.0,3.0,3.0,3.0,3.0,2.0,3.0,2.0,3.0,3.0,3.0,3.0,3.0,3.0,2.0,1.0,2.0,2.0,3.0,2.0,3.0,3.0,3.0,2.0,3.0,2.0,1.0,1.0,1.0,3.0,3.0,2.0,2.0,2.0,2.0,2.0,2.0,2.0,2.0,2.0,2.0,2.0,3.0,1.0,2.0,2.0,3.0,3.0,3.0,3.0,2.0,2.0,2.0,0.0,3.0,3.0,2.0,2.0,2.0,2.0,2.0,2.0,3.0,2.0,2.0,3.0,3.0,1.0,2.0,2.0,2.0,1.0,2.0,2.0,2.0,2.0,4.0,3.0,3.0,3.0,3.0,3.0,3.0,2.0,3.0,3.0,3.0,3.0,2.0,2.0,2.0,2.0,2.0,2.0,2.0,2.0,2.0,2.0,3.0,2.0,2.0,3.0,3.0,3.0,3.0,3.0,3.0,3.0,3.0,3.0,3.0,3.0,2.0,4.0,4.0,3.0,3.0,3.0,3.0,3.0,3.0,3.0,3.0,3.0,3.0,3.0,3.0,3.0,3.0
SABD,3.0,3.0,3.0,3.0,3.0,4.0,3.0,3.0,4.0,4.0,4.0,3.0,2.0,2.0,3.0,4.0,4.0,5.0,4.0,3.0,3.0,3.0,4.0,4.0,4.0,3.0,3.0,3.0,3.0,3.0,4.0,3.0,3.0,3.0,3.0,3.0,3.0,3.0,3.0,4.0,4.0,4.0,4.0,3.0,3.0,4.0,4.0,4.0,5.0,4.0,4.0,3.0,4.0,2.0,2.0,3.0,3.0,3.0,3.0,3.0,3.0,4.0,3.0,4.0,3.0,4.0,3.0,4.0,3.0,3.0,4.0,4.0,4.0,4.0,4.0,4.0,4.0,3.0,3.0,3.0,4.0,4.0,5.0,5.0,3.0,3.0,3.0,3.0,3.0,3.0,3.0,3.0,3.0,3.0,3.0,3.0,3.0,4.0,3.0,3.0,4.0,3.0,4.0,3.0,4.0,4.0,4.0,4.0,4.0,4.0,3.0,5.0,3.0,3.0,4.0,4.0,4.0,inf,inf,inf,inf,inf,inf,inf,inf,4.0,3.0,3.0,4.0,3.0,3.0,4.0,4.0,3.0,3.0,4.0,4.0,3.0,3.0,inf,inf,inf,inf,inf,inf,inf,inf,inf,inf,inf,inf,2.0,2.0,4.0,3.0,3.0,4.0,6.0,4.0,3.0,3.0,5.0,5.0,4.0,5.0,5.0,4.0,inf,inf,3.0,2.0,4.0,3.0,3.0,4.0,4.0,4.0,3.0,4.0,3.0,4.0,4.0,4.0,3.0,3.0,4.0,4.0,3.0,3.0,3.0,3.0,4.0,3.0,3.0,3.0,4.0,2.0,3.0,3.0,2.0,2.0,4.0,4.0,3.0,3.0,3.0,2.0,3.0,3.0,3.0,3.0,3.0,2.0,3.0,3.0,3.0,3.0,2.0,2.0,2.0,3.0,3.0,3.0,1.0,1.0,3.0,3.0,0.0,3.0,3.0,3.0,4.0,3.0,3.0,3.0,3.0,3.0,3.0,3.0,2.0,3.0,2.0,3.0,2.0,3.0,3.0,2.0,3.0,4.0,4.0,3.0,4.0,4.0,4.0,3.0,4.0,3.0,4.0,3.0,4.0,3.0,3.0,3.0,3.0,3.0,3.0,3.0,3.0,3.0,3.0,3.0,3.0,3.0,4.0,4.0,4.0,4.0,4.0,4.0,4.0,4.0,4.0,4.0,5.0,5.0,4.0,5.0,5.0,5.0,4.0,4.0,4.0,4.0,4.0,4.0,4.0,4.0,4.0,4.0,4.0,4.0,4.0
SABVL,4.0,3.0,4.0,3.0,3.0,3.0,4.0,3.0,3.0,2.0,4.0,3.0,2.0,3.0,4.0,3.0,3.0,4.0,4.0,3.0,3.0,2.0,4.0,4.0,3.0,4.0,2.0,3.0,3.0,3.0,3.0,3.0,4.0,4.0,4.0,4.0,4.0,3.0,3.0,3.0,3.0,4.0,4.0,3.0,3.0,4.0,4.0,4.0,4.0,4.0,4.0,3.0,3.0,3.0,3.0,3.0,3.0,2.0,3.0,3.0,2.0,4.0,4.0,4.0,4.0,4.0,3.0,4.0,2.0,2.0,3.0,3.0,4.0,3.0,4.0,3.0,4.0,3.0,2.0,3.0,3.0,4.0,5.0,5.0,3.0,3.0,3.0,3.0,3.0,3.0,3.0,3.0,3.0,4.0,4.0,3.0,4.0,4.0,3.0,3.0,3.0,4.0,5.0,3.0,4.0,4.0,4.0,4.0,4.0,4.0,2.0,4.0,2.0,3.0,4.0,3.0,4.0,inf,inf,inf,inf,inf,inf,inf,inf,4.0,4.0,4.0,3.0,4.0,3.0,4.0,5.0,4.0,4.0,4.0,4.0,3.0,4.0,inf,inf,inf,inf,inf,inf,inf,inf,inf,inf,inf,inf,3.0,3.0,4.0,4.0,4.0,2.0,5.0,5.0,3.0,3.0,5.0,5.0,4.0,5.0,5.0,4.0,inf,inf,4.0,4.0,4.0,3.0,3.0,4.0,3.0,3.0,4.0,4.0,3.0,3.0,3.0,4.0,3.0,2.0,4.0,4.0,3.0,2.0,3.0,2.0,3.0,3.0,3.0,3.0,3.0,3.0,1.0,3.0,3.0,3.0,4.0,3.0,2.0,3.0,3.0,3.0,3.0,3.0,3.0,3.0,3.0,3.0,3.0,4.0,3.0,3.0,3.0,3.0,3.0,3.0,2.0,3.0,3.0,3.0,3.0,3.0,3.0,0.0,3.0,4.0,4.0,3.0,3.0,3.0,3.0,4.0,3.0,3.0,3.0,3.0,3.0,3.0,3.0,3.0,3.0,3.0,3.0,4.0,4.0,3.0,3.0,4.0,3.0,3.0,2.0,3.0,4.0,4.0,2.0,3.0,3.0,3.0,3.0,3.0,3.0,4.0,3.0,4.0,3.0,4.0,3.0,3.0,4.0,4.0,4.0,4.0,4.0,3.0,4.0,4.0,5.0,3.0,4.0,4.0,4.0,5.0,4.0,4.0,4.0,4.0,4.0,4.0,4.0,4.0,4.0,4.0,3.0,4.0,4.0,4.0,4.0
SABVR,inf,inf,inf,inf,inf,inf,inf,inf,inf,inf,inf,inf,inf,inf,inf,inf,inf,inf,inf,inf,inf,inf,inf,inf,inf,inf,inf,inf,inf,inf,inf,inf,inf,inf,inf,inf,inf,inf,inf,inf,inf,inf,inf,inf,inf,inf,inf,inf,inf,inf,inf,inf,inf,inf,inf,inf,inf,inf,inf,inf,inf,inf,inf,inf,inf,inf,inf,inf,inf,inf,inf,inf,inf,inf,inf,inf,inf,inf,inf,inf,inf,inf,inf,inf,inf,inf,inf,inf,inf,inf,inf,inf,inf,inf,inf,inf,inf,inf,inf,inf,inf,inf,inf,inf,inf,inf,inf,inf,inf,inf,inf,inf,inf,inf,inf,inf,inf,inf,inf,inf,inf,inf,inf,inf,inf,inf,inf,inf,inf,inf,inf,inf,inf,inf,inf,inf,inf,inf,inf,inf,inf,inf,inf,inf,inf,inf,inf,inf,inf,inf,inf,inf,inf,inf,inf,inf,inf,inf,inf,inf,inf,inf,inf,inf,inf,inf,inf,inf,inf,inf,inf,inf,inf,inf,inf,inf,inf,inf,inf,inf,inf,inf,inf,inf,inf,inf,inf,inf,inf,inf,inf,inf,inf,inf,inf,inf,inf,inf,inf,inf,inf,inf,inf,inf,inf,inf,inf,inf,inf,inf,inf,inf,inf,inf,inf,inf,inf,inf,inf,inf,inf,inf,inf,inf,inf,inf,inf,inf,inf,0.0,inf,inf,inf,inf,inf,inf,inf,inf,inf,inf,inf,inf,inf,inf,inf,inf,inf,inf,inf,inf,inf,inf,inf,inf,inf,inf,inf,inf,inf,inf,inf,inf,inf,inf,inf,inf,inf,inf,inf,inf,inf,inf,inf,inf,inf,inf,inf,inf,inf,inf,inf,inf,inf,inf,inf,inf,inf,inf,inf,inf,inf,inf,inf,inf,inf,inf,inf,inf,inf,inf,inf,inf
SDQL,3.0,2.0,2.0,2.0,3.0,2.0,3.0,2.0,3.0,3.0,3.0,2.0,2.0,1.0,2.0,3.0,3.0,3.0,3.0,2.0,2.0,2.0,3.0,1.0,2.0,2.0,2.0,2.0,2.0,2.0,2.0,2.0,2.0,2.0,2.0,2.0,2.0,2.0,2.0,3.0,3.0,3.0,3.0,3.0,2.0,3.0,3.0,3.0,4.0,3.0,3.0,2.0,2.0,1.0,1.0,1.0,1.0,1.0,2.0,1.0,2.0,3.0,3.0,2.0,3.0,3.0,2.0,2.0,2.0,2.0,2.0,3.0,4.0,3.0,3.0,3.0,3.0,2.0,2.0,2.0,2.0,3.0,4.0,4.0,2.0,2.0,2.0,2.0,2.0,2.0,2.0,2.0,2.0,2.0,2.0,2.0,2.0,3.0,2.0,2.0,2.0,2.0,3.0,2.0,2.0,3.0,3.0,3.0,3.0,3.0,1.0,3.0,2.0,1.0,2.0,3.0,2.0,inf,inf,inf,inf,inf,inf,inf,inf,3.0,2.0,3.0,2.0,2.0,2.0,3.0,3.0,3.0,3.0,3.0,3.0,2.0,2.0,inf,inf,inf,inf,inf,inf,inf,inf,inf,inf,inf,inf,2.0,2.0,3.0,2.0,3.0,2.0,4.0,3.0,2.0,2.0,3.0,4.0,3.0,4.0,4.0,3.0,inf,inf,3.0,2.0,3.0,1.0,2.0,3.0,3.0,2.0,2.0,2.0,2.0,2.0,3.0,3.0,1.0,2.0,3.0,3.0,2.0,2.0,2.0,2.0,2.0,1.0,2.0,2.0,3.0,2.0,3.0,2.0,2.0,2.0,2.0,1.0,2.0,1.0,2.0,3.0,2.0,2.0,2.0,2.0,3.0,3.0,2.0,3.0,3.0,2.0,1.0,2.0,2.0,3.0,2.0,3.0,2.0,1.0,2.0,2.0,2.0,2.0,2.0,0.0,2.0,2.0,1.0,3.0,2.0,2.0,2.0,1.0,3.0,2.0,1.0,2.0,2.0,2.0,2.0,2.0,2.0,2.0,3.0,3.0,2.0,3.0,2.0,2.0,3.0,2.0,2.0,3.0,2.0,2.0,2.0,2.0,2.0,2.0,2.0,2.0,2.0,2.0,2.0,2.0,2.0,2.0,2.0,2.0,2.0,3.0,2.0,2.0,2.0,3.0,3.0,2.0,3.0,3.0,2.0,3.0,3.0,3.0,3.0,2.0,2.0,3.0,3.0,3.0,3.0,3.0,3.0,3.0,3.0,3.0,3.0
SDQR,2.0,2.0,3.0,3.0,3.0,3.0,1.0,2.0,3.0,3.0,2.0,3.0,1.0,2.0,2.0,3.0,3.0,3.0,3.0,3.0,2.0,2.0,2.0,1.0,3.0,3.0,2.0,2.0,2.0,2.0,2.0,2.0,2.0,3.0,2.0,2.0,3.0,2.0,2.0,2.0,2.0,2.0,3.0,2.0,2.0,3.0,3.0,3.0,3.0,3.0,4.0,2.0,2.0,1.0,2.0,1.0,1.0,2.0,2.0,2.0,2.0,3.0,2.0,3.0,3.0,3.0,2.0,2.0,3.0,2.0,2.0,3.0,2.0,3.0,2.0,3.0,2.0,3.0,3.0,3.0,2.0,3.0,3.0,3.0,2.0,2.0,2.0,3.0,2.0,2.0,2.0,2.0,2.0,2.0,2.0,2.0,2.0,3.0,2.0,2.0,2.0,2.0,3.0,2.0,3.0,3.0,3.0,3.0,3.0,3.0,1.0,3.0,3.0,2.0,3.0,3.0,2.0,inf,inf,inf,inf,inf,inf,inf,inf,3.0,3.0,3.0,2.0,3.0,3.0,3.0,4.0,3.0,3.0,4.0,4.0,2.0,2.0,inf,inf,inf,inf,inf,inf,inf,inf,inf,inf,inf,inf,3.0,3.0,3.0,3.0,2.0,3.0,4.0,3.0,2.0,3.0,4.0,4.0,3.0,4.0,4.0,3.0,inf,inf,3.0,3.0,3.0,2.0,2.0,3.0,3.0,3.0,2.0,2.0,3.0,2.0,3.0,3.0,2.0,3.0,3.0,3.0,2.0,2.0,3.0,2.0,1.0,1.0,2.0,2.0,3.0,2.0,2.0,3.0,2.0,2.0,2.0,2.0,2.0,2.0,2.0,2.0,2.0,2.0,2.0,2.0,3.0,3.0,3.0,3.0,2.0,3.0,2.0,2.0,2.0,3.0,1.0,1.0,2.0,2.0,2.0,2.0,2.0,2.0,3.0,1.0,0.0,1.0,2.0,3.0,2.0,2.0,3.0,2.0,2.0,2.0,2.0,2.0,2.0,2.0,2.0,2.0,2.0,3.0,3.0,3.0,3.0,3.0,2.0,2.0,2.0,2.0,3.0,3.0,3.0,2.0,2.0,2.0,2.0,2.0,2.0,2.0,2.0,2.0,2.0,2.0,2.0,2.0,2.0,3.0,3.0,3.0,3.0,2.0,3.0,3.0,3.0,2.0,3.0,3.0,2.0,3.0,3.0,3.0,3.0,3.0,2.0,3.0,3.0,3.0,3.0,3.0,3.0,3.0,3.0,3.0,3.0
SIADL,3.0,3.0,3.0,2.0,3.0,3.0,2.0,3.0,3.0,4.0,2.0,3.0,2.0,3.0,2.0,3.0,3.0,4.0,3.0,3.0,2.0,3.0,3.0,2.0,3.0,3.0,1.0,3.0,3.0,3.0,3.0,3.0,3.0,4.0,3.0,3.0,4.0,3.0,3.0,3.0,3.0,3.0,4.0,3.0,2.0,4.0,3.0,3.0,3.0,3.0,3.0,3.0,3.0,2.0,3.0,2.0,2.0,3.0,3.0,2.0,2.0,2.0,1.0,2.0,2.0,2.0,2.0,2.0,3.0,2.0,3.0,3.0,3.0,3.0,3.0,3.0,3.0,3.0,3.0,3.0,3.0,3.0,4.0,4.0,3.0,3.0,3.0,3.0,3.0,3.0,3.0,3.0,3.0,3.0,3.0,3.0,3.0,4.0,3.0,3.0,3.0,3.0,4.0,3.0,3.0,3.0,4.0,4.0,3.0,3.0,2.0,3.0,3.0,3.0,3.0,2.0,2.0,inf,inf,inf,inf,inf,inf,inf,inf,3.0,3.0,2.0,2.0,4.0,3.0,4.0,4.0,3.0,3.0,3.0,3.0,3.0,3.0,inf,inf,inf,inf,inf,inf,inf,inf,inf,inf,inf,inf,3.0,2.0,3.0,3.0,3.0,3.0,4.0,4.0,3.0,3.0,3.0,4.0,4.0,4.0,4.0,4.0,inf,inf,3.0,3.0,4.0,3.0,2.0,2.0,3.0,3.0,3.0,3.0,3.0,2.0,2.0,3.0,3.0,3.0,4.0,3.0,2.0,2.0,3.0,2.0,2.0,2.0,3.0,3.0,3.0,3.0,3.0,2.0,2.0,2.0,3.0,3.0,3.0,2.0,2.0,2.0,2.0,2.0,1.0,2.0,2.0,2.0,2.0,3.0,3.0,3.0,3.0,2.0,2.0,3.0,2.0,2.0,3.0,3.0,3.0,2.0,3.0,3.0,3.0,2.0,1.0,0.0,3.0,2.0,3.0,1.0,3.0,3.0,2.0,1.0,3.0,2.0,2.0,1.0,2.0,2.0,2.0,4.0,4.0,3.0,3.0,3.0,3.0,3.0,2.0,2.0,3.0,4.0,3.0,3.0,2.0,3.0,3.0,3.0,3.0,3.0,3.0,3.0,3.0,3.0,3.0,3.0,3.0,3.0,3.0,4.0,3.0,3.0,3.0,4.0,3.0,3.0,3.0,3.0,3.0,3.0,3.0,4.0,3.0,3.0,3.0,4.0,4.0,4.0,4.0,4.0,4.0,3.0,2.0,4.0,4.0
SIADR,3.0,3.0,3.0,3.0,3.0,3.0,3.0,3.0,2.0,3.0,3.0,3.0,3.0,2.0,2.0,4.0,2.0,3.0,3.0,3.0,3.0,2.0,3.0,1.0,3.0,2.0,2.0,3.0,3.0,2.0,3.0,2.0,2.0,3.0,2.0,2.0,3.0,2.0,2.0,3.0,3.0,2.0,3.0,3.0,3.0,3.0,4.0,2.0,4.0,3.0,3.0,3.0,3.0,1.0,2.0,2.0,2.0,2.0,2.0,2.0,2.0,3.0,3.0,3.0,3.0,3.0,3.0,3.0,3.0,3.0,3.0,4.0,4.0,3.0,3.0,4.0,4.0,3.0,3.0,3.0,2.0,3.0,4.0,4.0,1.0,2.0,2.0,3.0,2.0,2.0,2.0,2.0,2.0,2.0,2.0,2.0,2.0,3.0,3.0,3.0,3.0,2.0,3.0,2.0,3.0,3.0,3.0,3.0,3.0,3.0,2.0,4.0,3.0,2.0,3.0,3.0,3.0,inf,inf,inf,inf,inf,inf,inf,inf,2.0,3.0,3.0,2.0,3.0,1.0,2.0,4.0,3.0,3.0,3.0,2.0,2.0,2.0,inf,inf,inf,inf,inf,inf,inf,inf,inf,inf,inf,inf,2.0,2.0,2.0,3.0,3.0,2.0,5.0,3.0,3.0,3.0,4.0,4.0,3.0,4.0,4.0,3.0,inf,inf,3.0,3.0,3.0,2.0,2.0,3.0,3.0,3.0,2.0,3.0,3.0,3.0,3.0,4.0,2.0,3.0,3.0,3.0,2.0,2.0,2.0,3.0,2.0,2.0,3.0,2.0,3.0,3.0,3.0,2.0,3.0,2.0,2.0,2.0,3.0,2.0,2.0,3.0,2.0,2.0,3.0,2.0,2.0,3.0,2.0,3.0,3.0,3.0,2.0,3.0,2.0,3.0,2.0,2.0,3.0,2.0,2.0,3.0,3.0,2.0,3.0,1.0,3.0,3.0,0.0,3.0,2.0,3.0,1.0,2.0,3.0,2.0,1.0,3.0,3.0,2.0,1.0,2.0,3.0,2.0,3.0,3.0,2.0,2.0,3.0,3.0,3.0,2.0,3.0,3.0,3.0,2.0,2.0,2.0,2.0,2.0,2.0,2.0,2.0,2.0,2.0,2.0,2.0,3.0,3.0,3.0,3.0,3.0,3.0,3.0,3.0,3.0,3.0,3.0,4.0,4.0,3.0,4.0,4.0,4.0,3.0,3.0,3.0,3.0,3.0,3.0,3.0,3.0,3.0,3.0,3.0,3.0,3.0
SIAVL,2.0,3.0,1.0,2.0,3.0,3.0,3.0,3.0,3.0,3.0,3.0,3.0,3.0,2.0,2.0,4.0,3.0,4.0,3.0,3.0,3.0,3.0,3.0,2.0,4.0,3.0,3.0,3.0,3.0,3.0,3.0,3.0,3.0,3.0,3.0,3.0,3.0,3.0,3.0,4.0,4.0,3.0,4.0,3.0,3.0,3.0,3.0,3.0,4.0,3.0,3.0,3.0,3.0,2.0,2.0,3.0,2.0,2.0,2.0,2.0,2.0,2.0,3.0,3.0,2.0,2.0,3.0,2.0,3.0,3.0,2.0,3.0,4.0,4.0,3.0,3.0,4.0,3.0,3.0,3.0,2.0,3.0,4.0,4.0,2.0,3.0,2.0,3.0,3.0,3.0,3.0,3.0,3.0,3.0,3.0,3.0,3.0,3.0,3.0,3.0,3.0,3.0,4.0,3.0,3.0,3.0,3.0,4.0,4.0,3.0,3.0,3.0,3.0,2.0,3.0,3.0,3.0,inf,inf,inf,inf,inf,inf,inf,inf,3.0,3.0,2.0,3.0,3.0,3.0,3.0,4.0,1.0,3.0,3.0,3.0,3.0,3.0,inf,inf,inf,inf,inf,inf,inf,inf,inf,inf,inf,inf,2.0,3.0,2.0,3.0,2.0,3.0,4.0,4.0,3.0,3.0,4.0,5.0,4.0,5.0,4.0,4.0,inf,inf,1.0,3.0,3.0,3.0,3.0,3.0,4.0,4.0,3.0,3.0,2.0,3.0,3.0,3.0,3.0,3.0,3.0,4.0,2.0,2.0,3.0,3.0,2.0,3.0,2.0,2.0,3.0,2.0,2.0,2.0,2.0,3.0,3.0,3.0,3.0,3.0,2.0,2.0,2.0,3.0,2.0,2.0,3.0,2.0,2.0,3.0,2.0,2.0,3.0,3.0,2.0,3.0,2.0,2.0,2.0,2.0,3.0,3.0,3.0,3.0,3.0,3.0,3.0,3.0,2.0,0.0,3.0,3.0,2.0,3.0,1.0,2.0,2.0,1.0,3.0,2.0,3.0,2.0,1.0,3.0,4.0,2.0,3.0,2.0,3.0,2.0,3.0,3.0,4.0,3.0,3.0,3.0,3.0,3.0,3.0,3.0,3.0,3.0,3.0,3.0,3.0,3.0,3.0,2.0,3.0,4.0,4.0,4.0,4.0,4.0,4.0,4.0,4.0,4.0,3.0,3.0,4.0,4.0,4.0,3.0,3.0,3.0,3.0,4.0,3.0,4.0,4.0,4.0,4.0,4.0,4.0,3.0,3.0
SIAVR,3.0,3.0,3.0,2.0,4.0,3.0,4.0,3.0,4.0,4.0,4.0,4.0,3.0,3.0,4.0,3.0,3.0,4.0,4.0,4.0,3.0,3.0,4.0,4.0,3.0,3.0,2.0,3.0,4.0,4.0,4.0,4.0,4.0,4.0,4.0,4.0,4.0,4.0,4.0,4.0,4.0,3.0,4.0,4.0,4.0,4.0,3.0,3.0,4.0,4.0,4.0,4.0,3.0,3.0,3.0,3.0,3.0,4.0,3.0,3.0,3.0,4.0,4.0,4.0,3.0,3.0,4.0,3.0,3.0,2.0,3.0,4.0,4.0,4.0,4.0,3.0,4.0,4.0,3.0,3.0,3.0,4.0,5.0,5.0,3.0,3.0,3.0,3.0,4.0,4.0,4.0,4.0,4.0,4.0,4.0,4.0,4.0,4.0,4.0,4.0,4.0,4.0,5.0,4.0,4.0,4.0,4.0,5.0,4.0,4.0,4.0,4.0,3.0,3.0,3.0,4.0,4.0,inf,inf,inf,inf,inf,inf,inf,inf,4.0,3.0,2.0,2.0,4.0,3.0,4.0,4.0,3.0,3.0,4.0,3.0,4.0,4.0,inf,inf,inf,inf,inf,inf,inf,inf,inf,inf,inf,inf,3.0,2.0,4.0,3.0,3.0,3.0,5.0,5.0,4.0,4.0,5.0,6.0,5.0,6.0,5.0,5.0,inf,inf,3.0,1.0,4.0,3.0,3.0,3.0,4.0,3.0,4.0,4.0,2.0,4.0,3.0,4.0,3.0,4.0,4.0,4.0,2.0,2.0,3.0,2.0,3.0,3.0,3.0,4.0,3.0,3.0,3.0,3.0,2.0,3.0,4.0,3.0,3.0,2.0,2.0,3.0,3.0,2.0,1.0,2.0,2.0,2.0,3.0,3.0,3.0,3.0,3.0,2.0,3.0,3.0,2.0,3.0,3.0,2.0,2.0,3.0,3.0,4.0,4.0,3.0,4.0,3.0,3.0,3.0,0.0,4.0,3.0,1.0,2.0,3.0,2.0,4.0,2.0,3.0,2.0,2.0,3.0,4.0,4.0,3.0,4.0,3.0,3.0,3.0,2.0,4.0,3.0,4.0,3.0,4.0,4.0,4.0,4.0,4.0,4.0,4.0,4.0,4.0,4.0,4.0,4.0,3.0,4.0,4.0,4.0,5.0,4.0,4.0,4.0,5.0,5.0,4.0,4.0,4.0,4.0,5.0,5.0,4.0,4.0,4.0,4.0,5.0,4.0,5.0,5.0,5.0,4.0,4.0,5.0,4.0,4.0
SIBDL,4.0,4.0,4.0,3.0,4.0,4.0,3.0,4.0,4.0,5.0,3.0,4.0,3.0,4.0,3.0,4.0,4.0,5.0,4.0,4.0,3.0,4.0,4.0,3.0,4.0,4.0,2.0,4.0,4.0,4.0,4.0,4.0,4.0,5.0,4.0,4.0,5.0,4.0,4.0,4.0,4.0,4.0,5.0,4.0,3.0,5.0,4.0,4.0,4.0,4.0,4.0,4.0,4.0,3.0,4.0,3.0,3.0,4.0,4.0,3.0,3.0,3.0,2.0,3.0,3.0,3.0,3.0,3.0,4.0,3.0,4.0,4.0,4.0,4.0,4.0,4.0,4.0,4.0,4.0,4.0,4.0,4.0,5.0,5.0,4.0,4.0,4.0,4.0,4.0,4.0,4.0,4.0,4.0,4.0,4.0,4.0,4.0,5.0,4.0,4.0,4.0,4.0,5.0,4.0,4.0,4.0,5.0,5.0,4.0,4.0,3.0,4.0,4.0,4.0,4.0,3.0,3.0,inf,inf,inf,inf,inf,inf,inf,inf,4.0,4.0,3.0,3.0,5.0,4.0,5.0,5.0,4.0,4.0,4.0,4.0,4.0,4.0,inf,inf,inf,inf,inf,inf,inf,inf,inf,inf,inf,inf,4.0,3.0,4.0,4.0,4.0,4.0,5.0,5.0,4.0,4.0,4.0,5.0,5.0,5.0,5.0,5.0,inf,inf,4.0,4.0,5.0,4.0,3.0,3.0,4.0,4.0,4.0,4.0,4.0,3.0,3.0,4.0,4.0,4.0,5.0,4.0,3.0,3.0,4.0,3.0,3.0,3.0,4.0,4.0,4.0,4.0,4.0,3.0,3.0,3.0,4.0,4.0,4.0,3.0,3.0,3.0,3.0,3.0,2.0,3.0,3.0,3.0,3.0,4.0,4.0,4.0,4.0,3.0,3.0,4.0,3.0,3.0,4.0,4.0,4.0,3.0,4.0,4.0,4.0,3.0,2.0,1.0,4.0,3.0,4.0,0.0,4.0,4.0,3.0,2.0,4.0,3.0,3.0,2.0,3.0,3.0,3.0,5.0,5.0,4.0,4.0,4.0,4.0,4.0,3.0,3.0,4.0,5.0,4.0,4.0,3.0,4.0,4.0,4.0,4.0,4.0,4.0,4.0,4.0,4.0,4.0,4.0,4.0,4.0,4.0,5.0,4.0,4.0,4.0,5.0,4.0,4.0,4.0,4.0,4.0,4.0,4.0,5.0,4.0,4.0,4.0,5.0,5.0,5.0,5.0,5.0,5.0,4.0,3.0,5.0,5.0
SIBDR,4.0,3.0,4.0,3.0,4.0,3.0,4.0,4.0,3.0,4.0,3.0,3.0,3.0,3.0,3.0,4.0,3.0,3.0,4.0,4.0,3.0,2.0,3.0,2.0,4.0,2.0,2.0,3.0,3.0,3.0,3.0,3.0,3.0,4.0,3.0,3.0,4.0,3.0,3.0,4.0,3.0,2.0,4.0,4.0,4.0,4.0,4.0,2.0,4.0,3.0,3.0,3.0,3.0,2.0,3.0,3.0,3.0,3.0,3.0,3.0,2.0,4.0,4.0,4.0,4.0,4.0,3.0,4.0,3.0,3.0,3.0,4.0,4.0,3.0,4.0,4.0,4.0,3.0,4.0,3.0,3.0,4.0,4.0,4.0,2.0,3.0,3.0,3.0,3.0,3.0,3.0,3.0,3.0,3.0,3.0,3.0,3.0,4.0,4.0,3.0,4.0,3.0,4.0,3.0,4.0,4.0,4.0,4.0,4.0,4.0,3.0,4.0,3.0,3.0,4.0,3.0,3.0,inf,inf,inf,inf,inf,inf,inf,inf,3.0,4.0,3.0,3.0,4.0,2.0,3.0,5.0,3.0,4.0,4.0,3.0,3.0,3.0,inf,inf,inf,inf,inf,inf,inf,inf,inf,inf,inf,inf,3.0,3.0,3.0,4.0,4.0,3.0,5.0,4.0,4.0,4.0,5.0,5.0,4.0,5.0,5.0,4.0,inf,inf,3.0,4.0,4.0,3.0,3.0,4.0,4.0,4.0,3.0,4.0,4.0,4.0,3.0,4.0,3.0,4.0,4.0,4.0,2.0,2.0,2.0,3.0,3.0,3.0,4.0,3.0,4.0,3.0,4.0,3.0,3.0,2.0,3.0,3.0,3.0,2.0,2.0,3.0,3.0,3.0,3.0,2.0,3.0,3.0,3.0,4.0,4.0,3.0,3.0,3.0,3.0,3.0,3.0,3.0,3.0,3.0,3.0,3.0,3.0,3.0,3.0,2.0,4.0,3.0,1.0,3.0,3.0,3.0,0.0,3.0,4.0,3.0,2.0,4.0,3.0,2.0,1.0,2.0,3.0,3.0,4.0,4.0,3.0,3.0,4.0,3.0,3.0,3.0,3.0,4.0,3.0,3.0,3.0,3.0,3.0,3.0,3.0,3.0,3.0,3.0,3.0,3.0,3.0,3.0,4.0,4.0,4.0,4.0,4.0,4.0,4.0,4.0,4.0,4.0,4.0,4.0,4.0,4.0,4.0,4.0,4.0,4.0,4.0,4.0,4.0,4.0,4.0,4.0,4.0,4.0,4.0,4.0,4.0
SIBVL,2.0,3.0,3.0,2.0,3.0,3.0,3.0,3.0,4.0,3.0,3.0,4.0,3.0,3.0,4.0,3.0,4.0,4.0,4.0,4.0,3.0,3.0,3.0,3.0,4.0,2.0,1.0,2.0,3.0,3.0,3.0,3.0,3.0,3.0,3.0,3.0,3.0,3.0,3.0,4.0,4.0,3.0,4.0,3.0,3.0,4.0,3.0,3.0,4.0,4.0,3.0,3.0,4.0,2.0,2.0,2.0,2.0,3.0,2.0,3.0,3.0,3.0,3.0,3.0,3.0,2.0,3.0,3.0,4.0,3.0,3.0,4.0,4.0,4.0,3.0,3.0,4.0,4.0,3.0,3.0,4.0,4.0,4.0,4.0,3.0,3.0,4.0,3.0,3.0,3.0,3.0,3.0,3.0,3.0,3.0,3.0,3.0,3.0,3.0,3.0,3.0,3.0,4.0,3.0,4.0,4.0,4.0,4.0,3.0,4.0,3.0,4.0,3.0,3.0,3.0,3.0,3.0,inf,inf,inf,inf,inf,inf,inf,inf,3.0,4.0,3.0,3.0,4.0,3.0,4.0,5.0,3.0,3.0,4.0,4.0,3.0,3.0,inf,inf,inf,inf,inf,inf,inf,inf,inf,inf,inf,inf,4.0,3.0,4.0,4.0,3.0,4.0,5.0,4.0,3.0,3.0,4.0,5.0,4.0,5.0,5.0,4.0,inf,inf,3.0,2.0,3.0,2.0,2.0,2.0,3.0,4.0,3.0,3.0,1.0,3.0,4.0,4.0,3.0,4.0,4.0,3.0,3.0,3.0,3.0,3.0,3.0,3.0,3.0,4.0,4.0,2.0,3.0,3.0,2.0,3.0,3.0,3.0,2.0,3.0,2.0,3.0,4.0,3.0,2.0,3.0,3.0,3.0,2.0,4.0,4.0,3.0,3.0,3.0,3.0,3.0,3.0,3.0,3.0,3.0,2.0,2.0,3.0,3.0,3.0,2.0,3.0,3.0,2.0,3.0,1.0,3.0,3.0,0.0,3.0,2.0,1.0,3.0,3.0,3.0,2.0,2.0,3.0,4.0,4.0,3.0,4.0,4.0,3.0,3.0,3.0,4.0,4.0,5.0,4.0,3.0,3.0,3.0,3.0,3.0,3.0,3.0,3.0,3.0,3.0,3.0,3.0,3.0,3.0,3.0,3.0,4.0,3.0,3.0,3.0,4.0,4.0,3.0,4.0,4.0,3.0,4.0,4.0,4.0,4.0,4.0,3.0,4.0,4.0,4.0,4.0,4.0,4.0,3.0,4.0,4.0,4.0
SIBVR,3.0,4.0,2.0,3.0,4.0,4.0,4.0,4.0,4.0,4.0,4.0,4.0,3.0,3.0,3.0,4.0,4.0,5.0,4.0,4.0,4.0,3.0,2.0,3.0,4.0,4.0,4.0,3.0,3.0,3.0,3.0,3.0,3.0,3.0,3.0,3.0,3.0,2.0,2.0,5.0,4.0,4.0,5.0,4.0,4.0,4.0,4.0,4.0,3.0,4.0,4.0,4.0,4.0,2.0,2.0,2.0,3.0,2.0,1.0,3.0,2.0,3.0,3.0,3.0,3.0,3.0,3.0,2.0,3.0,4.0,3.0,3.0,5.0,4.0,4.0,4.0,5.0,4.0,4.0,4.0,3.0,4.0,3.0,3.0,3.0,4.0,3.0,4.0,2.0,2.0,2.0,2.0,2.0,2.0,3.0,2.0,2.0,2.0,3.0,3.0,2.0,3.0,4.0,3.0,2.0,2.0,2.0,3.0,3.0,3.0,3.0,4.0,2.0,2.0,3.0,4.0,4.0,inf,inf,inf,inf,inf,inf,inf,inf,4.0,4.0,3.0,4.0,4.0,4.0,4.0,5.0,2.0,4.0,4.0,4.0,2.0,3.0,inf,inf,inf,inf,inf,inf,inf,inf,inf,inf,inf,inf,3.0,4.0,3.0,4.0,3.0,4.0,5.0,4.0,3.0,3.0,4.0,5.0,3.0,4.0,5.0,4.0,inf,inf,2.0,4.0,2.0,3.0,2.0,3.0,3.0,4.0,3.0,3.0,3.0,3.0,4.0,3.0,3.0,3.0,3.0,3.0,3.0,3.0,3.0,3.0,3.0,4.0,1.0,3.0,4.0,3.0,3.0,3.0,3.0,3.0,4.0,4.0,4.0,3.0,3.0,3.0,3.0,4.0,3.0,3.0,4.0,3.0,2.0,4.0,3.0,3.0,3.0,3.0,3.0,3.0,3.0,3.0,3.0,3.0,4.0,3.0,2.0,2.0,2.0,3.0,4.0,4.0,3.0,1.0,4.0,4.0,3.0,4.0,0.0,3.0,3.0,2.0,4.0,3.0,3.0,3.0,2.0,4.0,5.0,3.0,4.0,3.0,4.0,3.0,3.0,4.0,4.0,4.0,4.0,3.0,2.0,2.0,3.0,2.0,3.0,3.0,3.0,3.0,3.0,2.0,3.0,3.0,3.0,3.0,3.0,4.0,3.0,3.0,3.0,4.0,3.0,3.0,4.0,4.0,3.0,5.0,5.0,4.0,3.0,3.0,3.0,3.0,2.0,3.0,3.0,3.0,3.0,3.0,3.0,3.0,2.0
SMBDL,3.0,3.0,2.0,2.0,2.0,2.0,2.0,3.0,2.0,3.0,2.0,3.0,2.0,2.0,2.0,4.0,3.0,3.0,2.0,2.0,1.0,2.0,3.0,2.0,4.0,3.0,1.0,3.0,3.0,3.0,3.0,3.0,3.0,3.0,3.0,3.0,3.0,3.0,3.0,2.0,3.0,3.0,3.0,3.0,3.0,3.0,2.0,3.0,4.0,3.0,3.0,3.0,2.0,2.0,2.0,2.0,2.0,3.0,3.0,2.0,2.0,2.0,2.0,3.0,3.0,2.0,3.0,2.0,3.0,2.0,3.0,3.0,3.0,3.0,3.0,3.0,3.0,2.0,2.0,2.0,3.0,4.0,4.0,4.0,2.0,3.0,2.0,2.0,3.0,3.0,3.0,3.0,3.0,3.0,3.0,3.0,3.0,4.0,3.0,3.0,3.0,3.0,4.0,3.0,3.0,3.0,4.0,4.0,4.0,4.0,2.0,3.0,3.0,3.0,3.0,3.0,3.0,inf,inf,inf,inf,inf,inf,inf,inf,2.0,3.0,3.0,3.0,3.0,3.0,3.0,4.0,2.0,2.0,2.0,2.0,3.0,3.0,inf,inf,inf,inf,inf,inf,inf,inf,inf,inf,inf,inf,3.0,3.0,2.0,2.0,2.0,2.0,4.0,4.0,3.0,3.0,4.0,5.0,4.0,5.0,4.0,4.0,inf,inf,2.0,4.0,4.0,3.0,3.0,3.0,4.0,3.0,3.0,3.0,2.0,3.0,3.0,3.0,3.0,3.0,4.0,4.0,2.0,2.0,2.0,2.0,2.0,2.0,3.0,3.0,3.0,2.0,3.0,1.0,2.0,2.0,2.0,2.0,3.0,2.0,3.0,2.0,3.0,3.0,2.0,2.0,3.0,2.0,1.0,3.0,2.0,2.0,3.0,3.0,3.0,3.0,2.0,2.0,2.0,3.0,3.0,1.0,3.0,3.0,3.0,2.0,1.0,1.0,3.0,1.0,3.0,2.0,3.0,3.0,2.0,0.0,3.0,1.0,3.0,1.0,2.0,2.0,2.0,3.0,3.0,3.0,2.0,3.0,3.0,3.0,3.0,2.0,3.0,3.0,2.0,3.0,3.0,3.0,3.0,3.0,3.0,3.0,3.0,3.0,3.0,3.0,3.0,3.0,2.0,4.0,4.0,4.0,4.0,3.0,4.0,4.0,4.0,3.0,3.0,3.0,3.0,4.0,4.0,4.0,4.0,3.0,3.0,4.0,4.0,4.0,4.0,4.0,4.0,4.0,3.0,4.0,4.0
SMBDR,3.0,3.0,3.0,3.0,3.0,3.0,3.0,3.0,3.0,4.0,3.0,3.0,2.0,2.0,3.0,4.0,3.0,3.0,3.0,3.0,2.0,2.0,3.0,2.0,3.0,1.0,2.0,3.0,3.0,2.0,3.0,2.0,2.0,3.0,2.0,2.0,3.0,2.0,2.0,3.0,3.0,2.0,4.0,3.0,3.0,4.0,3.0,2.0,4.0,3.0,3.0,3.0,3.0,1.0,2.0,2.0,2.0,2.0,2.0,2.0,2.0,3.0,3.0,3.0,3.0,3.0,3.0,3.0,3.0,3.0,3.0,4.0,4.0,3.0,4.0,4.0,4.0,3.0,3.0,3.0,3.0,3.0,4.0,4.0,2.0,3.0,3.0,3.0,2.0,2.0,2.0,2.0,2.0,2.0,2.0,2.0,2.0,3.0,3.0,3.0,3.0,2.0,3.0,2.0,3.0,3.0,3.0,3.0,3.0,3.0,2.0,4.0,3.0,2.0,3.0,3.0,3.0,inf,inf,inf,inf,inf,inf,inf,inf,3.0,3.0,3.0,3.0,3.0,2.0,3.0,4.0,3.0,3.0,3.0,3.0,2.0,2.0,inf,inf,inf,inf,inf,inf,inf,inf,inf,inf,inf,inf,3.0,2.0,3.0,3.0,3.0,3.0,5.0,3.0,3.0,3.0,4.0,4.0,3.0,4.0,4.0,3.0,inf,inf,3.0,2.0,3.0,2.0,2.0,3.0,3.0,3.0,2.0,3.0,3.0,3.0,3.0,4.0,2.0,3.0,3.0,3.0,2.0,2.0,2.0,2.0,3.0,2.0,3.0,3.0,4.0,3.0,3.0,2.0,2.0,2.0,3.0,2.0,3.0,2.0,1.0,2.0,3.0,2.0,2.0,2.0,2.0,3.0,1.0,4.0,3.0,3.0,2.0,2.0,2.0,3.0,2.0,3.0,3.0,2.0,1.0,2.0,2.0,2.0,3.0,1.0,2.0,2.0,1.0,2.0,1.0,3.0,2.0,2.0,3.0,1.0,0.0,2.0,3.0,2.0,1.0,2.0,3.0,3.0,4.0,4.0,3.0,3.0,3.0,3.0,3.0,3.0,3.0,4.0,3.0,2.0,2.0,2.0,2.0,2.0,2.0,2.0,2.0,2.0,2.0,2.0,2.0,3.0,3.0,3.0,3.0,3.0,3.0,3.0,3.0,3.0,3.0,3.0,4.0,4.0,3.0,4.0,4.0,4.0,3.0,3.0,3.0,3.0,3.0,3.0,3.0,3.0,3.0,3.0,3.0,3.0,3.0
SMBVL,2.0,3.0,2.0,3.0,3.0,3.0,3.0,2.0,3.0,3.0,2.0,3.0,2.0,2.0,1.0,3.0,3.0,3.0,3.0,3.0,2.0,3.0,3.0,2.0,4.0,3.0,2.0,2.0,2.0,3.0,2.0,2.0,2.0,3.0,3.0,3.0,3.0,2.0,3.0,3.0,3.0,2.0,3.0,3.0,3.0,3.0,3.0,2.0,3.0,2.0,2.0,3.0,3.0,2.0,2.0,2.0,1.0,2.0,2.0,3.0,2.0,1.0,2.0,2.0,2.0,1.0,2.0,1.0,3.0,3.0,2.0,2.0,3.0,3.0,2.0,3.0,3.0,3.0,3.0,3.0,3.0,3.0,4.0,4.0,2.0,2.0,3.0,3.0,3.0,3.0,2.0,3.0,3.0,3.0,2.0,3.0,3.0,3.0,3.0,3.0,3.0,3.0,3.0,3.0,3.0,3.0,3.0,3.0,3.0,3.0,2.0,2.0,3.0,3.0,2.0,2.0,2.0,inf,inf,inf,inf,inf,inf,inf,inf,3.0,2.0,2.0,3.0,3.0,3.0,3.0,3.0,2.0,3.0,3.0,3.0,3.0,3.0,inf,inf,inf,inf,inf,inf,inf,inf,inf,inf,inf,inf,3.0,2.0,3.0,3.0,2.0,3.0,3.0,4.0,3.0,2.0,3.0,4.0,4.0,4.0,3.0,4.0,inf,inf,1.0,4.0,3.0,2.0,2.0,2.0,3.0,3.0,2.0,3.0,1.0,3.0,2.0,2.0,3.0,3.0,3.0,3.0,3.0,2.0,3.0,2.0,3.0,3.0,2.0,2.0,2.0,2.0,3.0,2.0,2.0,2.0,3.0,3.0,2.0,2.0,3.0,2.0,2.0,2.0,3.0,3.0,3.0,1.0,2.0,3.0,3.0,1.0,3.0,2.0,2.0,3.0,3.0,3.0,1.0,3.0,3.0,2.0,2.0,2.0,3.0,3.0,2.0,2.0,3.0,1.0,3.0,3.0,3.0,3.0,2.0,1.0,2.0,0.0,3.0,2.0,2.0,2.0,2.0,3.0,3.0,2.0,3.0,3.0,3.0,2.0,3.0,3.0,3.0,4.0,3.0,3.0,3.0,3.0,2.0,3.0,3.0,2.0,3.0,3.0,3.0,3.0,3.0,2.0,2.0,3.0,3.0,4.0,3.0,3.0,3.0,4.0,4.0,3.0,2.0,3.0,3.0,3.0,3.0,3.0,3.0,3.0,2.0,3.0,3.0,3.0,3.0,3.0,3.0,3.0,3.0,3.0,3.0
SMBVR,3.0,2.0,3.0,2.0,3.0,2.0,3.0,1.0,3.0,3.0,3.0,2.0,2.0,2.0,3.0,2.0,3.0,3.0,3.0,3.0,3.0,3.0,3.0,3.0,2.0,2.0,2.0,3.0,3.0,3.0,3.0,3.0,3.0,3.0,3.0,3.0,3.0,3.0,3.0,3.0,2.0,3.0,2.0,3.0,2.0,3.0,3.0,3.0,3.0,3.0,3.0,3.0,2.0,2.0,2.0,2.0,2.0,2.0,2.0,2.0,2.0,2.0,2.0,3.0,1.0,2.0,2.0,2.0,2.0,2.0,3.0,3.0,4.0,3.0,3.0,2.0,3.0,2.0,3.0,3.0,3.0,2.0,4.0,4.0,3.0,2.0,2.0,1.0,3.0,3.0,3.0,3.0,2.0,3.0,3.0,3.0,2.0,3.0,2.0,2.0,2.0,3.0,4.0,2.0,2.0,3.0,3.0,3.0,3.0,3.0,2.0,3.0,3.0,3.0,3.0,3.0,3.0,inf,inf,inf,inf,inf,inf,inf,inf,3.0,2.0,2.0,2.0,2.0,2.0,4.0,3.0,3.0,2.0,3.0,2.0,3.0,3.0,inf,inf,inf,inf,inf,inf,inf,inf,inf,inf,inf,inf,2.0,2.0,3.0,3.0,3.0,2.0,4.0,4.0,3.0,2.0,4.0,5.0,4.0,5.0,4.0,4.0,inf,inf,3.0,1.0,3.0,2.0,3.0,3.0,4.0,2.0,3.0,3.0,2.0,2.0,3.0,2.0,1.0,3.0,4.0,4.0,2.0,1.0,3.0,2.0,2.0,2.0,3.0,3.0,2.0,3.0,2.0,2.0,2.0,2.0,2.0,2.0,2.0,2.0,2.0,2.0,2.0,2.0,1.0,1.0,2.0,2.0,2.0,3.0,3.0,1.0,2.0,2.0,2.0,1.0,2.0,2.0,2.0,1.0,2.0,2.0,2.0,3.0,3.0,2.0,2.0,2.0,2.0,2.0,1.0,2.0,3.0,2.0,2.0,2.0,1.0,3.0,0.0,2.0,2.0,2.0,2.0,2.0,3.0,3.0,2.0,3.0,2.0,3.0,2.0,3.0,3.0,3.0,2.0,3.0,3.0,3.0,3.0,3.0,3.0,3.0,3.0,3.0,3.0,3.0,3.0,3.0,3.0,2.0,3.0,4.0,3.0,2.0,3.0,4.0,4.0,3.0,3.0,3.0,3.0,4.0,4.0,4.0,2.0,3.0,3.0,3.0,3.0,3.0,4.0,3.0,3.0,3.0,3.0,3.0,3.0
SMDDL,3.0,2.0,3.0,2.0,3.0,2.0,3.0,3.0,3.0,3.0,3.0,3.0,2.0,2.0,3.0,3.0,3.0,3.0,3.0,3.0,2.0,2.0,3.0,2.0,3.0,2.0,2.0,2.0,2.0,2.0,2.0,3.0,3.0,3.0,3.0,3.0,3.0,3.0,3.0,3.0,3.0,2.0,3.0,3.0,3.0,3.0,2.0,2.0,4.0,3.0,3.0,3.0,2.0,2.0,2.0,2.0,2.0,2.0,2.0,1.0,1.0,3.0,2.0,3.0,3.0,3.0,2.0,3.0,2.0,2.0,2.0,3.0,4.0,3.0,4.0,3.0,3.0,3.0,3.0,2.0,3.0,3.0,4.0,4.0,2.0,2.0,2.0,2.0,2.0,2.0,2.0,2.0,3.0,3.0,3.0,3.0,3.0,3.0,3.0,2.0,2.0,3.0,4.0,3.0,3.0,3.0,3.0,3.0,3.0,3.0,3.0,3.0,3.0,3.0,3.0,3.0,3.0,inf,inf,inf,inf,inf,inf,inf,inf,2.0,3.0,2.0,2.0,3.0,3.0,3.0,4.0,2.0,3.0,3.0,3.0,3.0,3.0,inf,inf,inf,inf,inf,inf,inf,inf,inf,inf,inf,inf,2.0,2.0,2.0,3.0,3.0,3.0,4.0,4.0,3.0,3.0,4.0,5.0,4.0,5.0,4.0,4.0,inf,inf,2.0,3.0,3.0,2.0,2.0,3.0,3.0,3.0,3.0,3.0,3.0,3.0,3.0,4.0,2.0,2.0,3.0,3.0,1.0,1.0,2.0,2.0,3.0,2.0,3.0,3.0,3.0,3.0,3.0,2.0,1.0,1.0,2.0,3.0,2.0,1.0,2.0,1.0,2.0,2.0,1.0,1.0,2.0,2.0,2.0,3.0,3.0,2.0,2.0,2.0,2.0,2.0,2.0,2.0,2.0,2.0,2.0,1.0,2.0,2.0,2.0,3.0,2.0,1.0,2.0,2.0,2.0,1.0,2.0,2.0,2.0,1.0,2.0,2.0,2.0,0.0,1.0,1.0,1.0,3.0,3.0,3.0,3.0,3.0,3.0,2.0,2.0,1.0,2.0,3.0,2.0,2.0,2.0,2.0,2.0,3.0,3.0,3.0,3.0,3.0,3.0,3.0,3.0,2.0,3.0,3.0,3.0,4.0,3.0,3.0,3.0,4.0,4.0,3.0,3.0,3.0,3.0,4.0,4.0,3.0,3.0,2.0,2.0,3.0,3.0,3.0,4.0,4.0,4.0,4.0,3.0,3.0,4.0
SMDDR,3.0,2.0,3.0,2.0,3.0,2.0,3.0,3.0,3.0,3.0,2.0,2.0,2.0,2.0,3.0,3.0,3.0,2.0,3.0,3.0,2.0,1.0,2.0,2.0,3.0,1.0,1.0,2.0,2.0,2.0,2.0,3.0,3.0,3.0,3.0,3.0,3.0,3.0,3.0,3.0,2.0,1.0,3.0,3.0,3.0,3.0,3.0,1.0,3.0,2.0,2.0,2.0,2.0,2.0,2.0,2.0,2.0,2.0,2.0,2.0,1.0,3.0,3.0,4.0,3.0,3.0,2.0,3.0,2.0,2.0,2.0,3.0,3.0,2.0,3.0,3.0,3.0,2.0,3.0,2.0,3.0,3.0,3.0,3.0,2.0,2.0,2.0,2.0,2.0,2.0,2.0,3.0,3.0,3.0,3.0,3.0,3.0,3.0,3.0,2.0,3.0,3.0,4.0,3.0,3.0,3.0,3.0,4.0,3.0,3.0,2.0,3.0,2.0,3.0,3.0,2.0,2.0,inf,inf,inf,inf,inf,inf,inf,inf,3.0,3.0,2.0,2.0,3.0,2.0,3.0,4.0,2.0,3.0,4.0,3.0,3.0,3.0,inf,inf,inf,inf,inf,inf,inf,inf,inf,inf,inf,inf,2.0,2.0,3.0,3.0,3.0,3.0,4.0,4.0,3.0,3.0,5.0,5.0,4.0,5.0,4.0,4.0,inf,inf,2.0,3.0,3.0,3.0,3.0,3.0,3.0,3.0,3.0,3.0,3.0,3.0,2.0,3.0,2.0,3.0,3.0,4.0,1.0,1.0,1.0,2.0,3.0,3.0,3.0,3.0,3.0,2.0,3.0,3.0,2.0,1.0,3.0,3.0,2.0,1.0,1.0,2.0,2.0,2.0,2.0,1.0,2.0,2.0,2.0,3.0,3.0,2.0,2.0,2.0,2.0,2.0,2.0,3.0,2.0,2.0,2.0,2.0,2.0,2.0,2.0,2.0,3.0,2.0,1.0,2.0,2.0,2.0,1.0,2.0,3.0,2.0,1.0,3.0,2.0,1.0,0.0,1.0,2.0,3.0,3.0,3.0,3.0,3.0,3.0,2.0,2.0,2.0,2.0,3.0,2.0,2.0,2.0,2.0,2.0,3.0,3.0,3.0,3.0,3.0,3.0,3.0,3.0,2.0,3.0,3.0,3.0,4.0,4.0,3.0,4.0,4.0,4.0,3.0,3.0,3.0,3.0,3.0,3.0,3.0,3.0,3.0,3.0,3.0,3.0,3.0,4.0,4.0,3.0,4.0,4.0,3.0,4.0
SMDVL,3.0,2.0,2.0,2.0,3.0,2.0,3.0,2.0,3.0,3.0,3.0,3.0,2.0,2.0,3.0,3.0,2.0,3.0,3.0,3.0,2.0,2.0,3.0,2.0,2.0,1.0,1.0,2.0,3.0,3.0,3.0,3.0,3.0,3.0,3.0,3.0,3.0,3.0,3.0,3.0,3.0,2.0,2.0,3.0,3.0,3.0,3.0,2.0,4.0,3.0,3.0,3.0,2.0,2.0,2.0,2.0,2.0,3.0,3.0,2.0,2.0,3.0,3.0,3.0,3.0,3.0,2.0,2.0,2.0,3.0,3.0,3.0,4.0,3.0,4.0,3.0,4.0,3.0,2.0,2.0,3.0,3.0,4.0,4.0,2.0,2.0,2.0,1.0,3.0,3.0,3.0,3.0,2.0,3.0,3.0,3.0,2.0,4.0,2.0,2.0,2.0,3.0,4.0,2.0,3.0,3.0,3.0,3.0,3.0,3.0,2.0,4.0,3.0,3.0,3.0,3.0,3.0,inf,inf,inf,inf,inf,inf,inf,inf,3.0,2.0,2.0,2.0,2.0,2.0,3.0,3.0,1.0,3.0,3.0,2.0,3.0,3.0,inf,inf,inf,inf,inf,inf,inf,inf,inf,inf,inf,inf,3.0,2.0,2.0,3.0,2.0,2.0,5.0,4.0,3.0,2.0,4.0,5.0,4.0,5.0,5.0,4.0,inf,inf,1.0,2.0,4.0,2.0,3.0,3.0,4.0,2.0,3.0,3.0,2.0,3.0,3.0,3.0,1.0,3.0,4.0,4.0,1.0,1.0,2.0,1.0,2.0,2.0,3.0,3.0,3.0,3.0,2.0,2.0,2.0,2.0,2.0,2.0,2.0,2.0,1.0,2.0,2.0,1.0,2.0,2.0,2.0,2.0,2.0,3.0,2.0,2.0,3.0,3.0,2.0,3.0,2.0,2.0,2.0,2.0,2.0,2.0,2.0,3.0,3.0,2.0,2.0,2.0,1.0,2.0,1.0,3.0,2.0,1.0,2.0,2.0,2.0,2.0,2.0,2.0,1.0,0.0,1.0,2.0,3.0,2.0,2.0,3.0,3.0,2.0,3.0,3.0,3.0,3.0,2.0,3.0,3.0,3.0,3.0,3.0,3.0,3.0,3.0,3.0,3.0,3.0,3.0,2.0,3.0,2.0,3.0,4.0,3.0,2.0,3.0,4.0,4.0,3.0,4.0,4.0,3.0,4.0,4.0,4.0,3.0,3.0,3.0,3.0,3.0,3.0,4.0,3.0,3.0,3.0,3.0,3.0,3.0
SMDVR,2.0,3.0,2.0,3.0,3.0,2.0,3.0,2.0,3.0,3.0,3.0,2.0,2.0,1.0,3.0,3.0,3.0,3.0,3.0,2.0,2.0,2.0,3.0,3.0,3.0,2.0,2.0,2.0,2.0,2.0,2.0,2.0,2.0,2.0,2.0,2.0,2.0,3.0,2.0,3.0,3.0,3.0,3.0,3.0,3.0,3.0,3.0,3.0,4.0,4.0,3.0,2.0,2.0,2.0,1.0,2.0,2.0,2.0,2.0,2.0,1.0,3.0,3.0,3.0,3.0,3.0,3.0,3.0,3.0,2.0,3.0,4.0,4.0,3.0,4.0,3.0,3.0,2.0,3.0,2.0,3.0,4.0,4.0,4.0,2.0,3.0,1.0,2.0,2.0,2.0,2.0,2.0,2.0,2.0,2.0,2.0,2.0,3.0,2.0,2.0,3.0,2.0,3.0,3.0,2.0,3.0,3.0,3.0,3.0,3.0,2.0,4.0,3.0,3.0,3.0,3.0,3.0,inf,inf,inf,inf,inf,inf,inf,inf,3.0,2.0,3.0,2.0,2.0,3.0,3.0,3.0,2.0,3.0,4.0,3.0,2.0,2.0,inf,inf,inf,inf,inf,inf,inf,inf,inf,inf,inf,inf,2.0,3.0,3.0,3.0,2.0,3.0,5.0,3.0,2.0,2.0,4.0,5.0,3.0,4.0,5.0,4.0,inf,inf,1.0,3.0,3.0,2.0,2.0,3.0,3.0,3.0,3.0,3.0,3.0,3.0,3.0,4.0,2.0,3.0,3.0,3.0,1.0,1.0,2.0,2.0,2.0,2.0,2.0,3.0,3.0,2.0,3.0,3.0,1.0,2.0,2.0,3.0,2.0,2.0,2.0,1.0,1.0,2.0,2.0,2.0,2.0,2.0,1.0,3.0,3.0,2.0,2.0,2.0,2.0,2.0,2.0,2.0,2.0,2.0,2.0,2.0,2.0,2.0,2.0,3.0,3.0,2.0,2.0,1.0,2.0,2.0,2.0,2.0,1.0,2.0,2.0,2.0,2.0,1.0,2.0,1.0,0.0,3.0,3.0,2.0,3.0,3.0,3.0,2.0,2.0,2.0,3.0,2.0,3.0,2.0,2.0,2.0,2.0,2.0,2.0,2.0,2.0,2.0,2.0,2.0,3.0,1.0,2.0,3.0,3.0,3.0,3.0,3.0,3.0,3.0,3.0,3.0,4.0,3.0,3.0,4.0,4.0,4.0,2.0,2.0,3.0,3.0,3.0,3.0,3.0,3.0,3.0,3.0,3.0,3.0,3.0
URADL,3.0,3.0,3.0,3.0,2.0,2.0,3.0,3.0,3.0,3.0,3.0,3.0,3.0,3.0,4.0,4.0,3.0,3.0,2.0,2.0,2.0,2.0,4.0,3.0,4.0,4.0,4.0,3.0,4.0,4.0,4.0,4.0,4.0,4.0,4.0,4.0,4.0,4.0,4.0,3.0,3.0,4.0,3.0,4.0,3.0,4.0,4.0,4.0,5.0,4.0,4.0,3.0,2.0,3.0,3.0,3.0,3.0,4.0,3.0,3.0,3.0,4.0,4.0,4.0,3.0,4.0,4.0,4.0,4.0,3.0,3.0,5.0,3.0,3.0,3.0,3.0,3.0,3.0,2.0,2.0,4.0,4.0,5.0,5.0,2.0,3.0,2.0,2.0,4.0,4.0,4.0,4.0,4.0,4.0,4.0,4.0,4.0,4.0,4.0,4.0,4.0,4.0,5.0,4.0,4.0,4.0,4.0,5.0,5.0,4.0,3.0,4.0,3.0,4.0,4.0,4.0,3.0,inf,inf,inf,inf,inf,inf,inf,inf,1.0,3.0,3.0,2.0,3.0,3.0,2.0,4.0,2.0,2.0,2.0,2.0,4.0,4.0,inf,inf,inf,inf,inf,inf,inf,inf,inf,inf,inf,inf,2.0,2.0,2.0,2.0,2.0,2.0,5.0,5.0,4.0,4.0,5.0,6.0,5.0,6.0,5.0,5.0,inf,inf,4.0,4.0,4.0,4.0,4.0,5.0,4.0,4.0,4.0,4.0,4.0,3.0,4.0,4.0,3.0,3.0,4.0,5.0,2.0,2.0,2.0,2.0,3.0,3.0,3.0,4.0,4.0,3.0,3.0,1.0,3.0,3.0,1.0,2.0,3.0,3.0,3.0,3.0,3.0,2.0,3.0,3.0,2.0,3.0,3.0,1.0,2.0,2.0,4.0,4.0,3.0,3.0,3.0,3.0,3.0,3.0,4.0,4.0,4.0,4.0,4.0,4.0,4.0,3.0,3.0,3.0,3.0,3.0,3.0,3.0,3.0,3.0,3.0,3.0,3.0,3.0,3.0,3.0,3.0,0.0,3.0,3.0,2.0,3.0,3.0,3.0,3.0,3.0,4.0,3.0,2.0,4.0,4.0,4.0,4.0,4.0,4.0,4.0,4.0,4.0,4.0,4.0,4.0,4.0,3.0,4.0,5.0,5.0,5.0,4.0,5.0,5.0,5.0,4.0,4.0,4.0,4.0,4.0,4.0,4.0,4.0,4.0,4.0,5.0,4.0,5.0,5.0,5.0,4.0,5.0,5.0,4.0,4.0
URADR,4.0,3.0,3.0,3.0,4.0,2.0,4.0,3.0,3.0,3.0,3.0,3.0,3.0,3.0,4.0,3.0,3.0,4.0,3.0,3.0,3.0,3.0,4.0,3.0,3.0,4.0,4.0,3.0,3.0,3.0,3.0,3.0,3.0,4.0,4.0,4.0,4.0,3.0,4.0,4.0,3.0,4.0,3.0,4.0,3.0,3.0,4.0,4.0,4.0,4.0,4.0,4.0,3.0,3.0,3.0,2.0,2.0,3.0,3.0,2.0,2.0,4.0,4.0,4.0,3.0,4.0,3.0,3.0,3.0,4.0,3.0,4.0,4.0,3.0,4.0,3.0,2.0,3.0,3.0,2.0,4.0,3.0,5.0,5.0,3.0,2.0,3.0,3.0,3.0,3.0,3.0,3.0,3.0,4.0,3.0,4.0,3.0,4.0,3.0,3.0,3.0,4.0,4.0,3.0,4.0,4.0,4.0,4.0,4.0,4.0,3.0,4.0,4.0,4.0,4.0,4.0,3.0,inf,inf,inf,inf,inf,inf,inf,inf,4.0,1.0,2.0,2.0,3.0,3.0,4.0,2.0,3.0,3.0,3.0,3.0,4.0,4.0,inf,inf,inf,inf,inf,inf,inf,inf,inf,inf,inf,inf,3.0,2.0,3.0,2.0,3.0,2.0,5.0,5.0,4.0,3.0,5.0,6.0,5.0,6.0,5.0,5.0,inf,inf,3.0,4.0,4.0,3.0,3.0,4.0,4.0,3.0,4.0,3.0,4.0,3.0,4.0,4.0,2.0,3.0,4.0,4.0,3.0,3.0,3.0,2.0,3.0,3.0,4.0,4.0,3.0,3.0,3.0,2.0,3.0,3.0,3.0,1.0,3.0,3.0,4.0,3.0,2.0,3.0,3.0,3.0,3.0,2.0,2.0,3.0,1.0,3.0,4.0,4.0,3.0,3.0,3.0,2.0,4.0,4.0,4.0,3.0,3.0,3.0,3.0,3.0,3.0,3.0,4.0,3.0,3.0,3.0,3.0,4.0,3.0,3.0,3.0,4.0,3.0,2.0,3.0,3.0,2.0,3.0,0.0,3.0,2.0,3.0,2.0,4.0,2.0,3.0,1.0,4.0,3.0,3.0,3.0,3.0,3.0,4.0,4.0,3.0,4.0,4.0,3.0,3.0,4.0,3.0,3.0,3.0,4.0,5.0,4.0,3.0,4.0,4.0,4.0,4.0,4.0,4.0,3.0,4.0,4.0,4.0,4.0,3.0,3.0,4.0,4.0,4.0,4.0,4.0,4.0,4.0,4.0,4.0,4.0
URAVL,3.0,3.0,2.0,3.0,2.0,3.0,3.0,3.0,3.0,3.0,3.0,3.0,2.0,2.0,3.0,3.0,3.0,4.0,3.0,3.0,3.0,2.0,3.0,3.0,3.0,3.0,3.0,3.0,2.0,2.0,2.0,3.0,3.0,3.0,3.0,3.0,3.0,3.0,3.0,4.0,3.0,3.0,4.0,3.0,3.0,3.0,4.0,3.0,4.0,4.0,4.0,2.0,3.0,2.0,2.0,2.0,2.0,2.0,2.0,2.0,1.0,3.0,3.0,4.0,3.0,3.0,3.0,3.0,2.0,3.0,2.0,3.0,4.0,3.0,3.0,3.0,4.0,3.0,2.0,2.0,3.0,3.0,4.0,4.0,2.0,2.0,1.0,3.0,2.0,2.0,2.0,3.0,3.0,3.0,3.0,3.0,3.0,3.0,3.0,2.0,3.0,3.0,4.0,3.0,3.0,3.0,3.0,4.0,3.0,3.0,3.0,3.0,1.0,3.0,3.0,4.0,3.0,inf,inf,inf,inf,inf,inf,inf,inf,3.0,2.0,1.0,2.0,1.0,3.0,3.0,3.0,2.0,3.0,3.0,3.0,3.0,3.0,inf,inf,inf,inf,inf,inf,inf,inf,inf,inf,inf,inf,2.0,2.0,3.0,2.0,2.0,3.0,4.0,4.0,3.0,3.0,5.0,5.0,4.0,5.0,4.0,4.0,inf,inf,3.0,4.0,3.0,3.0,3.0,3.0,2.0,3.0,3.0,3.0,3.0,3.0,4.0,4.0,2.0,2.0,3.0,4.0,2.0,2.0,1.0,2.0,2.0,2.0,3.0,3.0,3.0,2.0,2.0,2.0,2.0,2.0,1.0,2.0,3.0,2.0,3.0,2.0,1.0,2.0,3.0,2.0,2.0,1.0,2.0,1.0,1.0,1.0,2.0,2.0,2.0,2.0,2.0,2.0,3.0,3.0,3.0,3.0,2.0,2.0,2.0,3.0,3.0,3.0,3.0,2.0,3.0,3.0,3.0,3.0,2.0,3.0,2.0,2.0,3.0,3.0,2.0,2.0,2.0,3.0,3.0,0.0,3.0,2.0,3.0,2.0,2.0,2.0,3.0,2.0,3.0,2.0,2.0,2.0,2.0,3.0,3.0,3.0,3.0,3.0,3.0,3.0,3.0,3.0,3.0,3.0,3.0,3.0,3.0,3.0,3.0,4.0,4.0,4.0,3.0,3.0,3.0,4.0,4.0,3.0,3.0,3.0,3.0,3.0,3.0,3.0,4.0,4.0,2.0,4.0,4.0,3.0,4.0
URAVR,4.0,1.0,3.0,3.0,3.0,2.0,3.0,2.0,3.0,3.0,3.0,3.0,2.0,2.0,4.0,3.0,3.0,3.0,2.0,2.0,2.0,2.0,3.0,3.0,3.0,3.0,3.0,3.0,3.0,3.0,3.0,3.0,3.0,3.0,3.0,3.0,3.0,3.0,3.0,3.0,3.0,3.0,3.0,3.0,2.0,4.0,4.0,3.0,4.0,4.0,4.0,3.0,2.0,2.0,2.0,2.0,2.0,2.0,2.0,2.0,2.0,3.0,4.0,4.0,3.0,4.0,2.0,3.0,2.0,2.0,2.0,3.0,3.0,3.0,3.0,3.0,3.0,3.0,2.0,2.0,3.0,4.0,4.0,4.0,2.0,3.0,2.0,2.0,3.0,3.0,3.0,3.0,3.0,3.0,3.0,3.0,3.0,3.0,3.0,3.0,3.0,3.0,4.0,3.0,3.0,4.0,4.0,4.0,4.0,3.0,3.0,3.0,2.0,3.0,4.0,3.0,3.0,inf,inf,inf,inf,inf,inf,inf,inf,3.0,3.0,2.0,1.0,3.0,1.0,3.0,4.0,2.0,2.0,2.0,1.0,3.0,3.0,inf,inf,inf,inf,inf,inf,inf,inf,inf,inf,inf,inf,3.0,2.0,2.0,2.0,2.0,2.0,4.0,4.0,3.0,3.0,5.0,5.0,4.0,5.0,4.0,4.0,inf,inf,3.0,3.0,3.0,3.0,3.0,4.0,3.0,3.0,3.0,3.0,3.0,3.0,3.0,4.0,2.0,1.0,3.0,4.0,2.0,2.0,2.0,2.0,3.0,3.0,3.0,3.0,2.0,2.0,2.0,1.0,3.0,2.0,2.0,1.0,3.0,2.0,3.0,2.0,2.0,1.0,2.0,2.0,1.0,2.0,2.0,1.0,1.0,1.0,2.0,2.0,3.0,3.0,2.0,2.0,3.0,3.0,3.0,3.0,3.0,3.0,3.0,3.0,3.0,3.0,2.0,3.0,2.0,3.0,2.0,2.0,3.0,3.0,2.0,3.0,3.0,3.0,2.0,2.0,3.0,3.0,3.0,3.0,0.0,3.0,2.0,3.0,2.0,3.0,2.0,3.0,1.0,3.0,3.0,3.0,3.0,3.0,3.0,3.0,3.0,3.0,3.0,3.0,3.0,3.0,3.0,3.0,4.0,4.0,4.0,3.0,4.0,4.0,4.0,4.0,3.0,3.0,3.0,4.0,4.0,3.0,4.0,3.0,3.0,4.0,4.0,4.0,4.0,4.0,3.0,4.0,4.0,3.0,4.0
URBL,1.0,2.0,2.0,3.0,2.0,3.0,2.0,2.0,2.0,3.0,2.0,3.0,2.0,2.0,2.0,3.0,2.0,3.0,3.0,3.0,2.0,3.0,3.0,2.0,2.0,2.0,3.0,3.0,3.0,3.0,3.0,2.0,2.0,3.0,3.0,3.0,3.0,2.0,3.0,3.0,3.0,3.0,3.0,2.0,3.0,2.0,4.0,3.0,4.0,3.0,4.0,2.0,3.0,2.0,2.0,1.0,2.0,2.0,2.0,2.0,2.0,3.0,3.0,3.0,3.0,3.0,2.0,2.0,2.0,2.0,2.0,3.0,3.0,3.0,3.0,3.0,3.0,3.0,3.0,2.0,3.0,3.0,4.0,4.0,1.0,2.0,2.0,2.0,3.0,3.0,3.0,3.0,2.0,3.0,2.0,3.0,2.0,3.0,2.0,2.0,2.0,3.0,3.0,2.0,3.0,3.0,3.0,3.0,3.0,3.0,2.0,3.0,3.0,3.0,3.0,3.0,2.0,inf,inf,inf,inf,inf,inf,inf,inf,2.0,2.0,1.0,3.0,2.0,2.0,2.0,3.0,2.0,3.0,3.0,3.0,3.0,3.0,inf,inf,inf,inf,inf,inf,inf,inf,inf,inf,inf,inf,1.0,3.0,2.0,3.0,2.0,3.0,4.0,4.0,3.0,2.0,4.0,5.0,4.0,5.0,4.0,4.0,inf,inf,2.0,3.0,3.0,2.0,2.0,3.0,3.0,2.0,3.0,2.0,2.0,2.0,3.0,3.0,1.0,3.0,3.0,3.0,2.0,3.0,2.0,3.0,1.0,1.0,2.0,3.0,3.0,2.0,3.0,2.0,2.0,2.0,2.0,2.0,2.0,2.0,2.0,2.0,2.0,1.0,2.0,2.0,2.0,2.0,2.0,2.0,2.0,3.0,2.0,2.0,2.0,3.0,2.0,1.0,3.0,3.0,2.0,3.0,2.0,3.0,3.0,2.0,2.0,3.0,1.0,1.0,2.0,3.0,2.0,3.0,2.0,2.0,1.0,2.0,3.0,2.0,2.0,2.0,2.0,2.0,3.0,2.0,3.0,0.0,2.0,1.0,3.0,1.0,3.0,2.0,3.0,3.0,2.0,3.0,3.0,3.0,3.0,3.0,3.0,3.0,2.0,2.0,3.0,2.0,2.0,2.0,3.0,4.0,3.0,2.0,3.0,3.0,3.0,3.0,3.0,3.0,2.0,3.0,3.0,3.0,3.0,3.0,3.0,3.0,3.0,3.0,3.0,3.0,3.0,3.0,3.0,3.0,3.0
URBR,2.0,1.0,2.0,1.0,3.0,2.0,3.0,1.0,3.0,3.0,3.0,2.0,2.0,2.0,3.0,2.0,3.0,3.0,3.0,3.0,2.0,3.0,3.0,3.0,2.0,3.0,2.0,3.0,2.0,3.0,2.0,2.0,2.0,3.0,3.0,3.0,3.0,2.0,2.0,3.0,2.0,3.0,2.0,3.0,2.0,3.0,2.0,3.0,3.0,3.0,3.0,3.0,2.0,2.0,2.0,2.0,1.0,1.0,2.0,2.0,2.0,3.0,2.0,3.0,2.0,3.0,2.0,2.0,3.0,2.0,3.0,3.0,4.0,3.0,3.0,2.0,3.0,2.0,3.0,3.0,3.0,2.0,4.0,4.0,2.0,1.0,2.0,1.0,2.0,2.0,2.0,2.0,2.0,3.0,2.0,2.0,3.0,3.0,3.0,3.0,3.0,3.0,3.0,3.0,3.0,3.0,3.0,3.0,3.0,3.0,3.0,4.0,2.0,2.0,2.0,3.0,2.0,inf,inf,inf,inf,inf,inf,inf,inf,3.0,1.0,2.0,1.0,3.0,2.0,3.0,2.0,3.0,1.0,3.0,2.0,2.0,3.0,inf,inf,inf,inf,inf,inf,inf,inf,inf,inf,inf,inf,3.0,1.0,3.0,1.0,2.0,2.0,5.0,4.0,3.0,3.0,4.0,4.0,3.0,4.0,4.0,3.0,inf,inf,3.0,2.0,3.0,2.0,3.0,3.0,3.0,3.0,3.0,3.0,3.0,3.0,3.0,3.0,2.0,3.0,3.0,4.0,2.0,2.0,3.0,2.0,1.0,1.0,2.0,3.0,2.0,2.0,2.0,2.0,2.0,2.0,3.0,2.0,2.0,2.0,2.0,2.0,2.0,2.0,1.0,1.0,2.0,2.0,2.0,2.0,2.0,2.0,2.0,2.0,2.0,1.0,2.0,2.0,2.0,2.0,2.0,2.0,2.0,2.0,2.0,3.0,2.0,1.0,2.0,2.0,1.0,2.0,1.0,2.0,1.0,1.0,2.0,2.0,1.0,2.0,2.0,2.0,2.0,3.0,2.0,3.0,2.0,3.0,0.0,3.0,1.0,3.0,2.0,3.0,2.0,2.0,3.0,2.0,2.0,2.0,3.0,2.0,3.0,3.0,2.0,3.0,2.0,2.0,3.0,3.0,3.0,4.0,3.0,3.0,3.0,3.0,4.0,3.0,4.0,3.0,3.0,3.0,3.0,4.0,3.0,3.0,2.0,3.0,3.0,3.0,3.0,3.0,3.0,3.0,3.0,3.0,3.0
URXL,1.0,2.0,2.0,3.0,1.0,2.0,2.0,2.0,2.0,2.0,2.0,3.0,2.0,2.0,1.0,2.0,2.0,3.0,2.0,2.0,1.0,2.0,2.0,2.0,3.0,2.0,3.0,2.0,2.0,2.0,2.0,2.0,2.0,3.0,2.0,2.0,3.0,2.0,2.0,2.0,2.0,2.0,3.0,1.0,2.0,1.0,3.0,2.0,3.0,2.0,3.0,1.0,3.0,1.0,2.0,1.0,2.0,2.0,1.0,1.0,2.0,2.0,2.0,3.0,2.0,2.0,2.0,1.0,3.0,2.0,2.0,2.0,3.0,2.0,2.0,2.0,2.0,2.0,2.0,1.0,3.0,2.0,3.0,3.0,1.0,2.0,2.0,2.0,2.0,2.0,2.0,2.0,2.0,2.0,2.0,2.0,2.0,2.0,3.0,2.0,2.0,2.0,3.0,2.0,2.0,2.0,2.0,3.0,3.0,3.0,2.0,3.0,2.0,2.0,2.0,2.0,1.0,inf,inf,inf,inf,inf,inf,inf,inf,1.0,3.0,2.0,3.0,3.0,3.0,2.0,4.0,1.0,3.0,3.0,3.0,2.0,2.0,inf,inf,inf,inf,inf,inf,inf,inf,inf,inf,inf,inf,2.0,3.0,2.0,3.0,1.0,3.0,4.0,3.0,3.0,3.0,4.0,4.0,3.0,4.0,4.0,3.0,inf,inf,3.0,3.0,2.0,2.0,2.0,3.0,3.0,3.0,2.0,2.0,2.0,2.0,2.0,2.0,3.0,2.0,3.0,3.0,1.0,2.0,2.0,2.0,1.0,2.0,1.0,2.0,2.0,1.0,2.0,2.0,2.0,2.0,2.0,3.0,1.0,2.0,2.0,2.0,2.0,2.0,2.0,2.0,2.0,2.0,2.0,2.0,2.0,2.0,2.0,2.0,1.0,2.0,2.0,2.0,2.0,3.0,2.0,3.0,2.0,2.0,2.0,2.0,3.0,2.0,2.0,2.0,2.0,2.0,2.0,2.0,2.0,2.0,2.0,2.0,3.0,2.0,2.0,2.0,2.0,2.0,3.0,2.0,3.0,2.0,2.0,0.0,2.0,2.0,3.0,3.0,3.0,2.0,2.0,2.0,2.0,2.0,2.0,2.0,2.0,2.0,2.0,2.0,2.0,3.0,2.0,3.0,3.0,3.0,3.0,3.0,3.0,3.0,3.0,3.0,3.0,2.0,2.0,2.0,2.0,3.0,3.0,2.0,2.0,3.0,2.0,3.0,3.0,3.0,3.0,3.0,3.0,3.0,2.0
URXR,3.0,1.0,3.0,2.0,2.0,1.0,3.0,1.0,3.0,2.0,3.0,2.0,2.0,2.0,3.0,1.0,2.0,2.0,3.0,2.0,2.0,2.0,2.0,3.0,1.0,3.0,2.0,2.0,2.0,2.0,2.0,2.0,2.0,2.0,2.0,2.0,2.0,2.0,2.0,3.0,2.0,3.0,2.0,2.0,2.0,3.0,3.0,3.0,2.0,3.0,2.0,2.0,1.0,2.0,1.0,1.0,1.0,2.0,2.0,2.0,1.0,2.0,2.0,3.0,2.0,2.0,2.0,2.0,2.0,2.0,2.0,3.0,4.0,2.0,3.0,1.0,3.0,2.0,2.0,2.0,3.0,2.0,3.0,3.0,2.0,1.0,2.0,2.0,2.0,2.0,2.0,2.0,2.0,2.0,2.0,2.0,2.0,3.0,2.0,2.0,3.0,2.0,3.0,3.0,3.0,3.0,3.0,3.0,3.0,3.0,2.0,3.0,2.0,3.0,3.0,2.0,2.0,inf,inf,inf,inf,inf,inf,inf,inf,3.0,2.0,2.0,2.0,3.0,2.0,3.0,3.0,3.0,2.0,3.0,3.0,2.0,2.0,inf,inf,inf,inf,inf,inf,inf,inf,inf,inf,inf,inf,2.0,2.0,3.0,2.0,3.0,1.0,4.0,3.0,2.0,2.0,4.0,5.0,3.0,4.0,4.0,4.0,inf,inf,3.0,2.0,3.0,2.0,2.0,3.0,3.0,3.0,3.0,2.0,2.0,2.0,3.0,3.0,2.0,2.0,3.0,3.0,2.0,1.0,3.0,2.0,2.0,1.0,3.0,2.0,1.0,2.0,1.0,2.0,2.0,2.0,3.0,1.0,1.0,2.0,2.0,2.0,1.0,2.0,2.0,1.0,2.0,2.0,3.0,3.0,2.0,2.0,2.0,3.0,2.0,1.0,2.0,2.0,2.0,2.0,3.0,2.0,2.0,2.0,2.0,2.0,2.0,1.0,2.0,2.0,1.0,2.0,2.0,2.0,2.0,2.0,2.0,3.0,1.0,2.0,2.0,2.0,2.0,3.0,2.0,3.0,2.0,3.0,1.0,2.0,0.0,3.0,2.0,3.0,2.0,2.0,2.0,2.0,2.0,2.0,2.0,2.0,2.0,2.0,2.0,2.0,3.0,2.0,2.0,3.0,3.0,3.0,3.0,3.0,3.0,3.0,3.0,3.0,3.0,3.0,2.0,3.0,3.0,3.0,3.0,3.0,2.0,3.0,3.0,3.0,3.0,3.0,3.0,3.0,3.0,3.0,3.0
URYDL,3.0,3.0,2.0,3.0,2.0,3.0,3.0,3.0,2.0,3.0,2.0,3.0,2.0,2.0,3.0,3.0,3.0,3.0,3.0,3.0,1.0,2.0,3.0,2.0,3.0,2.0,2.0,3.0,2.0,2.0,2.0,3.0,3.0,3.0,3.0,3.0,3.0,3.0,3.0,2.0,3.0,2.0,3.0,3.0,3.0,3.0,3.0,2.0,4.0,3.0,3.0,2.0,3.0,2.0,2.0,3.0,2.0,2.0,2.0,1.0,1.0,3.0,3.0,3.0,3.0,3.0,3.0,3.0,3.0,2.0,3.0,4.0,4.0,3.0,3.0,3.0,3.0,2.0,3.0,2.0,3.0,4.0,4.0,4.0,2.0,3.0,2.0,3.0,2.0,2.0,2.0,2.0,3.0,3.0,3.0,3.0,3.0,3.0,3.0,2.0,2.0,3.0,4.0,3.0,3.0,3.0,3.0,3.0,3.0,3.0,2.0,4.0,2.0,3.0,3.0,3.0,3.0,inf,inf,inf,inf,inf,inf,inf,inf,1.0,3.0,3.0,2.0,2.0,3.0,2.0,4.0,3.0,3.0,3.0,2.0,3.0,3.0,inf,inf,inf,inf,inf,inf,inf,inf,inf,inf,inf,inf,1.0,3.0,1.0,3.0,3.0,2.0,5.0,4.0,3.0,3.0,4.0,5.0,4.0,5.0,5.0,4.0,inf,inf,3.0,3.0,3.0,2.0,2.0,3.0,3.0,3.0,3.0,4.0,3.0,3.0,3.0,4.0,3.0,2.0,4.0,3.0,2.0,2.0,1.0,3.0,3.0,2.0,3.0,3.0,3.0,2.0,3.0,2.0,2.0,2.0,2.0,3.0,3.0,2.0,2.0,2.0,2.0,1.0,2.0,2.0,1.0,2.0,2.0,2.0,3.0,3.0,3.0,3.0,2.0,2.0,2.0,3.0,3.0,3.0,3.0,2.0,2.0,2.0,2.0,3.0,3.0,2.0,2.0,3.0,2.0,2.0,2.0,2.0,3.0,2.0,2.0,2.0,3.0,1.0,1.0,2.0,2.0,2.0,4.0,3.0,3.0,3.0,3.0,3.0,2.0,0.0,3.0,2.0,2.0,2.0,2.0,2.0,2.0,3.0,3.0,3.0,3.0,3.0,3.0,3.0,3.0,3.0,2.0,3.0,3.0,4.0,3.0,3.0,3.0,4.0,4.0,3.0,4.0,3.0,4.0,4.0,4.0,4.0,3.0,2.0,2.0,3.0,3.0,3.0,4.0,4.0,3.0,4.0,4.0,4.0,4.0
URYDR,3.0,2.0,3.0,3.0,3.0,2.0,3.0,2.0,2.0,3.0,2.0,2.0,2.0,2.0,3.0,2.0,2.0,3.0,2.0,3.0,2.0,2.0,3.0,2.0,2.0,3.0,3.0,3.0,2.0,2.0,2.0,2.0,2.0,3.0,3.0,3.0,3.0,2.0,3.0,3.0,2.0,3.0,2.0,3.0,3.0,2.0,3.0,3.0,3.0,3.0,3.0,3.0,2.0,2.0,2.0,1.0,2.0,2.0,2.0,1.0,1.0,3.0,3.0,3.0,3.0,3.0,3.0,2.0,3.0,3.0,2.0,3.0,3.0,3.0,3.0,2.0,1.0,2.0,2.0,3.0,3.0,2.0,4.0,4.0,2.0,1.0,2.0,3.0,2.0,2.0,2.0,2.0,2.0,3.0,2.0,3.0,3.0,3.0,3.0,2.0,2.0,3.0,3.0,3.0,3.0,3.0,3.0,3.0,3.0,3.0,2.0,3.0,3.0,3.0,3.0,3.0,3.0,inf,inf,inf,inf,inf,inf,inf,inf,3.0,1.0,2.0,2.0,3.0,3.0,3.0,2.0,3.0,3.0,3.0,3.0,3.0,3.0,inf,inf,inf,inf,inf,inf,inf,inf,inf,inf,inf,inf,2.0,2.0,3.0,1.0,2.0,2.0,4.0,4.0,3.0,3.0,4.0,5.0,4.0,5.0,4.0,4.0,inf,inf,2.0,3.0,3.0,2.0,2.0,3.0,3.0,3.0,3.0,2.0,3.0,2.0,3.0,3.0,2.0,2.0,3.0,3.0,2.0,2.0,2.0,1.0,2.0,2.0,3.0,3.0,2.0,3.0,2.0,2.0,2.0,2.0,3.0,2.0,2.0,2.0,3.0,2.0,1.0,3.0,2.0,2.0,2.0,1.0,1.0,3.0,2.0,2.0,3.0,3.0,2.0,2.0,2.0,2.0,3.0,3.0,3.0,2.0,2.0,2.0,2.0,2.0,3.0,2.0,3.0,2.0,2.0,2.0,3.0,3.0,2.0,2.0,2.0,3.0,2.0,1.0,2.0,2.0,1.0,3.0,2.0,2.0,3.0,3.0,2.0,3.0,1.0,2.0,0.0,3.0,2.0,2.0,2.0,2.0,2.0,3.0,3.0,3.0,3.0,3.0,2.0,2.0,3.0,2.0,2.0,3.0,3.0,4.0,3.0,3.0,3.0,3.0,3.0,3.0,3.0,3.0,2.0,4.0,4.0,3.0,3.0,2.0,2.0,3.0,3.0,3.0,3.0,3.0,3.0,3.0,3.0,3.0,3.0
URYVL,1.0,3.0,2.0,3.0,2.0,2.0,2.0,3.0,3.0,3.0,2.0,3.0,2.0,2.0,2.0,3.0,3.0,3.0,2.0,2.0,2.0,2.0,2.0,2.0,3.0,3.0,2.0,2.0,2.0,2.0,2.0,2.0,2.0,3.0,3.0,3.0,3.0,2.0,2.0,3.0,3.0,3.0,3.0,2.0,3.0,2.0,4.0,3.0,3.0,3.0,3.0,2.0,2.0,2.0,2.0,2.0,1.0,2.0,1.0,2.0,1.0,3.0,2.0,3.0,3.0,3.0,2.0,1.0,2.0,2.0,2.0,2.0,3.0,3.0,3.0,3.0,3.0,3.0,2.0,2.0,3.0,3.0,3.0,3.0,2.0,2.0,1.0,2.0,2.0,2.0,2.0,2.0,2.0,2.0,2.0,2.0,2.0,2.0,3.0,2.0,2.0,3.0,3.0,3.0,2.0,2.0,2.0,3.0,3.0,3.0,3.0,3.0,2.0,2.0,2.0,3.0,2.0,inf,inf,inf,inf,inf,inf,inf,inf,2.0,2.0,2.0,2.0,1.0,3.0,3.0,3.0,2.0,2.0,2.0,2.0,2.0,3.0,inf,inf,inf,inf,inf,inf,inf,inf,inf,inf,inf,inf,1.0,2.0,2.0,2.0,1.0,2.0,4.0,4.0,3.0,3.0,4.0,5.0,3.0,4.0,4.0,4.0,inf,inf,2.0,3.0,2.0,2.0,2.0,3.0,3.0,3.0,3.0,3.0,2.0,3.0,3.0,2.0,2.0,3.0,3.0,3.0,1.0,2.0,1.0,2.0,2.0,2.0,1.0,3.0,3.0,2.0,3.0,1.0,2.0,2.0,2.0,2.0,2.0,1.0,2.0,2.0,1.0,2.0,2.0,2.0,2.0,1.0,2.0,2.0,2.0,2.0,3.0,3.0,2.0,2.0,2.0,2.0,2.0,3.0,3.0,3.0,2.0,2.0,2.0,3.0,3.0,2.0,3.0,2.0,2.0,2.0,3.0,1.0,1.0,3.0,2.0,2.0,3.0,2.0,2.0,2.0,1.0,3.0,3.0,2.0,2.0,3.0,3.0,1.0,2.0,2.0,2.0,0.0,2.0,2.0,2.0,2.0,2.0,2.0,3.0,2.0,3.0,3.0,3.0,2.0,3.0,2.0,3.0,3.0,3.0,4.0,3.0,3.0,3.0,4.0,3.0,3.0,3.0,3.0,3.0,3.0,3.0,3.0,3.0,3.0,2.0,3.0,2.0,3.0,3.0,3.0,3.0,3.0,3.0,3.0,2.0
URYVR,3.0,1.0,3.0,2.0,4.0,2.0,3.0,2.0,3.0,3.0,3.0,3.0,2.0,2.0,3.0,3.0,2.0,3.0,3.0,3.0,3.0,2.0,3.0,2.0,3.0,2.0,2.0,3.0,2.0,2.0,2.0,2.0,2.0,3.0,2.0,2.0,3.0,2.0,2.0,3.0,3.0,3.0,2.0,3.0,2.0,3.0,3.0,3.0,4.0,4.0,4.0,3.0,2.0,1.0,2.0,1.0,2.0,2.0,2.0,1.0,2.0,3.0,3.0,3.0,3.0,3.0,2.0,2.0,3.0,2.0,1.0,3.0,4.0,3.0,3.0,3.0,3.0,3.0,2.0,3.0,3.0,3.0,4.0,4.0,2.0,2.0,2.0,1.0,2.0,2.0,2.0,2.0,2.0,2.0,2.0,2.0,2.0,3.0,3.0,2.0,2.0,2.0,3.0,2.0,2.0,3.0,3.0,3.0,3.0,2.0,2.0,2.0,2.0,3.0,3.0,3.0,2.0,inf,inf,inf,inf,inf,inf,inf,inf,3.0,3.0,2.0,2.0,3.0,1.0,3.0,4.0,2.0,3.0,3.0,2.0,2.0,2.0,inf,inf,inf,inf,inf,inf,inf,inf,inf,inf,inf,inf,3.0,2.0,3.0,3.0,3.0,2.0,3.0,3.0,3.0,3.0,4.0,4.0,3.0,4.0,3.0,3.0,inf,inf,2.0,3.0,3.0,2.0,2.0,3.0,3.0,3.0,2.0,2.0,2.0,2.0,3.0,3.0,2.0,2.0,2.0,3.0,2.0,1.0,3.0,1.0,2.0,2.0,3.0,3.0,2.0,3.0,2.0,2.0,2.0,2.0,3.0,2.0,3.0,2.0,2.0,2.0,2.0,1.0,1.0,2.0,1.0,2.0,2.0,3.0,3.0,3.0,3.0,2.0,2.0,3.0,2.0,2.0,3.0,2.0,2.0,3.0,2.0,2.0,2.0,2.0,3.0,3.0,2.0,2.0,2.0,3.0,1.0,1.0,2.0,2.0,1.0,3.0,2.0,2.0,2.0,1.0,2.0,3.0,3.0,3.0,2.0,3.0,3.0,3.0,2.0,3.0,2.0,3.0,0.0,2.0,2.0,2.0,2.0,2.0,2.0,2.0,2.0,2.0,2.0,2.0,2.0,3.0,2.0,3.0,3.0,3.0,3.0,3.0,3.0,3.0,3.0,3.0,2.0,2.0,2.0,3.0,3.0,2.0,3.0,2.0,2.0,3.0,3.0,3.0,3.0,3.0,3.0,3.0,3.0,2.0,3.0
VA01,3.0,4.0,5.0,4.0,5.0,5.0,4.0,4.0,6.0,5.0,4.0,4.0,4.0,3.0,4.0,6.0,5.0,6.0,5.0,4.0,5.0,5.0,5.0,4.0,6.0,5.0,5.0,4.0,3.0,2.0,4.0,3.0,4.0,5.0,5.0,5.0,5.0,5.0,4.0,5.0,5.0,5.0,5.0,5.0,5.0,5.0,5.0,5.0,6.0,5.0,5.0,4.0,5.0,4.0,4.0,4.0,4.0,4.0,4.0,3.0,4.0,4.0,5.0,5.0,5.0,4.0,4.0,4.0,4.0,4.0,5.0,5.0,5.0,5.0,5.0,5.0,5.0,4.0,4.0,5.0,5.0,6.0,6.0,6.0,5.0,5.0,5.0,5.0,3.0,1.0,2.0,3.0,4.0,4.0,5.0,5.0,5.0,2.0,4.0,3.0,4.0,5.0,6.0,5.0,1.0,3.0,4.0,5.0,4.0,5.0,4.0,5.0,4.0,4.0,3.0,5.0,5.0,inf,inf,inf,inf,inf,inf,inf,inf,5.0,5.0,5.0,5.0,5.0,5.0,6.0,6.0,5.0,5.0,6.0,6.0,5.0,5.0,inf,inf,inf,inf,inf,inf,inf,inf,inf,inf,inf,inf,4.0,4.0,6.0,5.0,5.0,5.0,6.0,6.0,5.0,5.0,6.0,7.0,6.0,7.0,6.0,6.0,inf,inf,4.0,4.0,5.0,4.0,4.0,5.0,5.0,5.0,5.0,5.0,4.0,5.0,5.0,5.0,5.0,4.0,5.0,5.0,4.0,5.0,4.0,4.0,4.0,4.0,3.0,5.0,5.0,4.0,5.0,5.0,3.0,4.0,4.0,5.0,5.0,4.0,5.0,4.0,5.0,5.0,4.0,4.0,5.0,4.0,4.0,5.0,5.0,4.0,3.0,4.0,4.0,5.0,4.0,5.0,3.0,3.0,4.0,4.0,3.0,4.0,4.0,5.0,5.0,4.0,5.0,4.0,5.0,4.0,4.0,5.0,4.0,4.0,4.0,3.0,4.0,4.0,4.0,4.0,4.0,6.0,6.0,4.0,5.0,6.0,5.0,4.0,5.0,5.0,5.0,5.0,5.0,0.0,3.0,3.0,3.0,4.0,5.0,5.0,5.0,5.0,5.0,5.0,5.0,2.0,3.0,3.0,4.0,5.0,5.0,5.0,5.0,6.0,6.0,5.0,5.0,4.0,5.0,6.0,6.0,6.0,1.0,2.0,2.0,3.0,4.0,4.0,5.0,6.0,5.0,6.0,6.0,5.0,4.0
VA02,2.0,4.0,4.0,4.0,4.0,4.0,3.0,3.0,4.0,4.0,3.0,3.0,3.0,2.0,3.0,4.0,4.0,5.0,4.0,3.0,3.0,3.0,3.0,3.0,4.0,4.0,4.0,3.0,2.0,2.0,3.0,2.0,2.0,3.0,2.0,2.0,3.0,2.0,2.0,4.0,4.0,4.0,4.0,4.0,3.0,4.0,4.0,4.0,4.0,4.0,4.0,3.0,4.0,1.0,2.0,2.0,3.0,2.0,2.0,2.0,2.0,3.0,4.0,3.0,3.0,3.0,3.0,3.0,3.0,3.0,3.0,4.0,4.0,4.0,4.0,4.0,4.0,3.0,3.0,3.0,3.0,3.0,4.0,4.0,3.0,4.0,4.0,4.0,2.0,2.0,2.0,2.0,2.0,2.0,2.0,2.0,2.0,3.0,3.0,3.0,3.0,2.0,3.0,2.0,1.0,2.0,3.0,3.0,3.0,3.0,3.0,4.0,3.0,3.0,3.0,4.0,4.0,inf,inf,inf,inf,inf,inf,inf,inf,4.0,4.0,4.0,4.0,4.0,4.0,4.0,5.0,4.0,4.0,5.0,4.0,2.0,2.0,inf,inf,inf,inf,inf,inf,inf,inf,inf,inf,inf,inf,3.0,3.0,4.0,4.0,4.0,4.0,5.0,3.0,3.0,3.0,4.0,4.0,3.0,4.0,4.0,3.0,inf,inf,3.0,3.0,3.0,2.0,2.0,3.0,3.0,4.0,2.0,3.0,3.0,3.0,4.0,3.0,3.0,3.0,3.0,3.0,2.0,3.0,3.0,3.0,3.0,3.0,3.0,4.0,4.0,3.0,3.0,4.0,2.0,3.0,3.0,4.0,3.0,3.0,3.0,3.0,3.0,3.0,3.0,3.0,3.0,3.0,4.0,4.0,4.0,3.0,2.0,3.0,3.0,3.0,3.0,4.0,2.0,2.0,3.0,3.0,2.0,2.0,3.0,3.0,4.0,3.0,4.0,3.0,3.0,3.0,3.0,3.0,3.0,3.0,3.0,2.0,3.0,3.0,3.0,3.0,3.0,4.0,4.0,3.0,4.0,4.0,4.0,3.0,3.0,4.0,4.0,4.0,4.0,1.0,0.0,1.0,2.0,2.0,2.0,2.0,2.0,2.0,2.0,2.0,2.0,1.0,1.0,2.0,3.0,3.0,3.0,3.0,3.0,3.0,3.0,3.0,3.0,2.0,3.0,5.0,5.0,4.0,1.0,1.0,2.0,3.0,3.0,3.0,3.0,3.0,3.0,3.0,3.0,3.0,3.0
VA03,4.0,4.0,4.0,4.0,4.0,4.0,4.0,4.0,4.0,5.0,4.0,4.0,4.0,4.0,4.0,4.0,4.0,5.0,5.0,5.0,4.0,3.0,4.0,3.0,4.0,4.0,4.0,4.0,2.0,3.0,3.0,3.0,3.0,3.0,3.0,3.0,3.0,3.0,3.0,5.0,4.0,5.0,5.0,4.0,4.0,5.0,4.0,4.0,5.0,5.0,4.0,5.0,4.0,3.0,2.0,3.0,3.0,2.0,3.0,2.0,2.0,4.0,4.0,3.0,4.0,5.0,3.0,4.0,4.0,4.0,4.0,5.0,5.0,4.0,5.0,4.0,5.0,4.0,5.0,4.0,4.0,5.0,5.0,5.0,3.0,4.0,4.0,5.0,3.0,2.0,2.0,3.0,3.0,3.0,3.0,3.0,3.0,3.0,3.0,3.0,3.0,3.0,4.0,4.0,1.0,1.0,3.0,4.0,4.0,4.0,4.0,5.0,3.0,4.0,4.0,5.0,4.0,inf,inf,inf,inf,inf,inf,inf,inf,4.0,5.0,5.0,5.0,4.0,5.0,4.0,6.0,5.0,4.0,5.0,5.0,3.0,3.0,inf,inf,inf,inf,inf,inf,inf,inf,inf,inf,inf,inf,3.0,4.0,4.0,5.0,4.0,4.0,6.0,4.0,3.0,3.0,4.0,5.0,4.0,5.0,5.0,4.0,inf,inf,4.0,5.0,4.0,3.0,3.0,4.0,4.0,4.0,4.0,4.0,4.0,3.0,5.0,3.0,4.0,3.0,4.0,4.0,4.0,4.0,4.0,4.0,4.0,4.0,4.0,4.0,4.0,3.0,4.0,4.0,4.0,3.0,4.0,4.0,4.0,4.0,5.0,4.0,4.0,4.0,4.0,4.0,4.0,4.0,4.0,4.0,5.0,4.0,4.0,4.0,3.0,3.0,4.0,4.0,4.0,4.0,4.0,3.0,3.0,3.0,3.0,4.0,5.0,4.0,4.0,4.0,4.0,4.0,4.0,4.0,4.0,4.0,4.0,4.0,4.0,4.0,4.0,4.0,3.0,4.0,5.0,4.0,5.0,4.0,4.0,4.0,3.0,4.0,5.0,4.0,5.0,3.0,2.0,0.0,1.0,2.0,3.0,3.0,3.0,3.0,3.0,3.0,3.0,3.0,1.0,1.0,2.0,3.0,4.0,4.0,4.0,4.0,4.0,4.0,3.0,2.0,3.0,5.0,5.0,5.0,3.0,1.0,1.0,2.0,3.0,3.0,4.0,4.0,4.0,4.0,4.0,4.0,4.0
VA04,4.0,3.0,3.0,3.0,3.0,3.0,3.0,3.0,3.0,4.0,4.0,3.0,3.0,3.0,4.0,3.0,3.0,4.0,4.0,4.0,3.0,2.0,3.0,3.0,3.0,3.0,3.0,3.0,2.0,2.0,2.0,2.0,2.0,2.0,2.0,2.0,2.0,2.0,2.0,4.0,3.0,4.0,4.0,4.0,3.0,4.0,3.0,4.0,4.0,4.0,4.0,4.0,3.0,2.0,1.0,2.0,2.0,1.0,2.0,2.0,1.0,3.0,4.0,2.0,3.0,4.0,2.0,3.0,3.0,3.0,3.0,4.0,4.0,3.0,4.0,3.0,4.0,3.0,4.0,3.0,4.0,4.0,4.0,4.0,2.0,3.0,3.0,4.0,2.0,2.0,2.0,2.0,2.0,2.0,2.0,2.0,2.0,3.0,2.0,2.0,3.0,2.0,3.0,3.0,3.0,1.0,2.0,3.0,3.0,3.0,3.0,4.0,2.0,3.0,3.0,4.0,3.0,inf,inf,inf,inf,inf,inf,inf,inf,3.0,4.0,4.0,4.0,3.0,4.0,3.0,5.0,4.0,3.0,4.0,4.0,2.0,2.0,inf,inf,inf,inf,inf,inf,inf,inf,inf,inf,inf,inf,2.0,3.0,3.0,4.0,3.0,3.0,5.0,3.0,2.0,2.0,3.0,4.0,3.0,4.0,4.0,3.0,inf,inf,3.0,4.0,3.0,2.0,2.0,3.0,3.0,3.0,3.0,3.0,3.0,3.0,4.0,3.0,3.0,3.0,3.0,3.0,3.0,3.0,3.0,3.0,3.0,3.0,3.0,4.0,3.0,2.0,3.0,3.0,3.0,2.0,3.0,3.0,3.0,3.0,4.0,3.0,3.0,4.0,3.0,3.0,3.0,3.0,3.0,3.0,4.0,3.0,3.0,3.0,3.0,2.0,3.0,3.0,3.0,3.0,3.0,2.0,2.0,2.0,2.0,3.0,4.0,3.0,3.0,3.0,3.0,3.0,3.0,3.0,3.0,3.0,3.0,4.0,3.0,3.0,3.0,3.0,2.0,3.0,4.0,3.0,4.0,3.0,3.0,3.0,2.0,3.0,4.0,3.0,4.0,2.0,2.0,2.0,0.0,2.0,2.0,2.0,2.0,2.0,2.0,2.0,2.0,3.0,3.0,1.0,1.0,2.0,3.0,3.0,3.0,3.0,3.0,3.0,3.0,4.0,3.0,4.0,4.0,4.0,3.0,3.0,2.0,1.0,2.0,3.0,3.0,3.0,3.0,3.0,3.0,3.0,3.0
VA05,3.0,5.0,5.0,5.0,4.0,5.0,4.0,4.0,5.0,5.0,4.0,4.0,4.0,3.0,4.0,4.0,4.0,6.0,5.0,4.0,4.0,4.0,4.0,4.0,5.0,4.0,4.0,4.0,2.0,2.0,4.0,3.0,3.0,3.0,3.0,3.0,3.0,4.0,3.0,5.0,4.0,5.0,5.0,5.0,4.0,5.0,4.0,4.0,5.0,5.0,4.0,4.0,5.0,3.0,2.0,3.0,3.0,3.0,3.0,3.0,3.0,3.0,4.0,2.0,4.0,4.0,3.0,3.0,4.0,4.0,4.0,4.0,5.0,4.0,5.0,5.0,5.0,4.0,4.0,4.0,4.0,4.0,5.0,5.0,4.0,5.0,4.0,5.0,3.0,3.0,2.0,3.0,2.0,3.0,3.0,3.0,3.0,3.0,3.0,3.0,3.0,3.0,4.0,4.0,3.0,1.0,1.0,4.0,4.0,4.0,4.0,4.0,3.0,4.0,4.0,4.0,4.0,inf,inf,inf,inf,inf,inf,inf,inf,4.0,5.0,5.0,5.0,5.0,5.0,5.0,6.0,5.0,5.0,5.0,5.0,3.0,3.0,inf,inf,inf,inf,inf,inf,inf,inf,inf,inf,inf,inf,4.0,4.0,5.0,5.0,4.0,5.0,5.0,4.0,3.0,3.0,3.0,4.0,4.0,4.0,5.0,5.0,inf,inf,4.0,4.0,4.0,3.0,3.0,4.0,4.0,4.0,3.0,3.0,4.0,4.0,4.0,3.0,4.0,3.0,4.0,4.0,4.0,4.0,4.0,4.0,4.0,4.0,3.0,4.0,4.0,3.0,4.0,4.0,3.0,4.0,4.0,5.0,4.0,4.0,5.0,4.0,4.0,5.0,4.0,4.0,5.0,4.0,4.0,5.0,5.0,4.0,3.0,4.0,4.0,4.0,4.0,4.0,3.0,3.0,4.0,3.0,3.0,4.0,3.0,4.0,5.0,4.0,5.0,4.0,5.0,4.0,4.0,4.0,4.0,4.0,4.0,3.0,4.0,4.0,4.0,4.0,3.0,5.0,5.0,4.0,5.0,4.0,5.0,4.0,4.0,5.0,5.0,5.0,5.0,3.0,3.0,3.0,2.0,0.0,1.0,3.0,3.0,3.0,3.0,3.0,4.0,2.0,3.0,3.0,1.0,2.0,4.0,4.0,4.0,4.0,4.0,4.0,3.0,4.0,4.0,5.0,5.0,5.0,3.0,3.0,2.0,2.0,1.0,2.0,4.0,4.0,4.0,4.0,4.0,4.0,4.0
VA06,3.0,4.0,4.0,4.0,3.0,4.0,3.0,3.0,4.0,4.0,4.0,4.0,4.0,3.0,4.0,4.0,4.0,5.0,4.0,4.0,3.0,3.0,3.0,3.0,4.0,3.0,3.0,3.0,1.0,1.0,3.0,2.0,2.0,2.0,2.0,2.0,2.0,3.0,2.0,4.0,4.0,4.0,4.0,4.0,3.0,4.0,3.0,4.0,4.0,5.0,4.0,4.0,4.0,2.0,1.0,2.0,2.0,2.0,2.0,2.0,2.0,3.0,4.0,2.0,3.0,4.0,3.0,3.0,3.0,3.0,3.0,4.0,4.0,4.0,4.0,4.0,4.0,4.0,4.0,3.0,3.0,4.0,4.0,4.0,3.0,4.0,3.0,4.0,2.0,2.0,2.0,2.0,2.0,2.0,2.0,2.0,2.0,2.0,2.0,2.0,3.0,2.0,3.0,3.0,2.0,2.0,1.0,3.0,3.0,3.0,3.0,4.0,3.0,3.0,3.0,4.0,3.0,inf,inf,inf,inf,inf,inf,inf,inf,3.0,4.0,4.0,4.0,4.0,4.0,4.0,5.0,4.0,4.0,4.0,4.0,2.0,2.0,inf,inf,inf,inf,inf,inf,inf,inf,inf,inf,inf,inf,3.0,4.0,4.0,4.0,3.0,4.0,5.0,3.0,2.0,2.0,3.0,4.0,3.0,4.0,5.0,4.0,inf,inf,3.0,4.0,3.0,2.0,2.0,3.0,3.0,3.0,3.0,2.0,3.0,3.0,4.0,3.0,3.0,3.0,3.0,3.0,3.0,3.0,3.0,4.0,4.0,4.0,2.0,4.0,4.0,2.0,4.0,3.0,3.0,3.0,3.0,4.0,3.0,3.0,4.0,3.0,3.0,4.0,4.0,4.0,4.0,4.0,3.0,4.0,4.0,3.0,3.0,4.0,3.0,3.0,4.0,3.0,3.0,3.0,4.0,2.0,3.0,3.0,2.0,3.0,4.0,4.0,4.0,3.0,4.0,3.0,4.0,3.0,3.0,3.0,4.0,3.0,3.0,3.0,4.0,3.0,2.0,4.0,5.0,4.0,4.0,3.0,4.0,3.0,3.0,4.0,4.0,4.0,4.0,3.0,2.0,2.0,2.0,1.0,0.0,2.0,2.0,2.0,2.0,2.0,3.0,2.0,3.0,3.0,1.0,1.0,3.0,3.0,3.0,3.0,3.0,3.0,3.0,3.0,3.0,4.0,4.0,4.0,2.0,2.0,3.0,2.0,1.0,1.0,3.0,3.0,3.0,3.0,3.0,3.0,3.0
VA07,4.0,4.0,4.0,4.0,4.0,4.0,5.0,4.0,4.0,4.0,4.0,4.0,4.0,4.0,4.0,4.0,4.0,4.0,4.0,4.0,3.0,3.0,4.0,3.0,4.0,4.0,4.0,3.0,1.0,1.0,1.0,3.0,3.0,4.0,3.0,3.0,4.0,3.0,3.0,4.0,4.0,5.0,5.0,4.0,4.0,4.0,4.0,5.0,5.0,5.0,5.0,3.0,3.0,2.0,3.0,3.0,3.0,3.0,3.0,3.0,3.0,4.0,4.0,4.0,4.0,4.0,3.0,3.0,4.0,4.0,3.0,4.0,5.0,4.0,4.0,4.0,5.0,4.0,4.0,4.0,3.0,4.0,5.0,5.0,3.0,4.0,4.0,4.0,2.0,3.0,2.0,3.0,2.0,3.0,3.0,3.0,3.0,2.0,3.0,3.0,3.0,3.0,4.0,3.0,2.0,3.0,1.0,1.0,3.0,4.0,2.0,4.0,4.0,3.0,3.0,4.0,3.0,inf,inf,inf,inf,inf,inf,inf,inf,4.0,4.0,4.0,4.0,4.0,4.0,4.0,5.0,4.0,5.0,5.0,5.0,3.0,3.0,inf,inf,inf,inf,inf,inf,inf,inf,inf,inf,inf,inf,4.0,4.0,4.0,5.0,4.0,5.0,5.0,4.0,3.0,4.0,5.0,5.0,4.0,5.0,5.0,4.0,inf,inf,4.0,4.0,3.0,3.0,3.0,4.0,3.0,4.0,3.0,2.0,4.0,3.0,5.0,4.0,3.0,3.0,3.0,3.0,3.0,3.0,4.0,4.0,4.0,4.0,2.0,4.0,4.0,4.0,4.0,4.0,4.0,3.0,4.0,4.0,3.0,4.0,4.0,4.0,4.0,4.0,4.0,4.0,4.0,4.0,3.0,5.0,5.0,4.0,4.0,4.0,4.0,4.0,4.0,4.0,4.0,3.0,3.0,3.0,3.0,3.0,4.0,4.0,4.0,4.0,4.0,4.0,4.0,4.0,4.0,4.0,4.0,3.0,3.0,3.0,3.0,4.0,4.0,3.0,4.0,4.0,5.0,5.0,5.0,3.0,5.0,3.0,4.0,3.0,5.0,5.0,5.0,3.0,3.0,3.0,3.0,3.0,2.0,0.0,2.0,3.0,3.0,3.0,3.0,3.0,3.0,3.0,3.0,2.0,1.0,2.0,4.0,4.0,4.0,3.0,4.0,3.0,4.0,4.0,4.0,4.0,2.0,2.0,2.0,3.0,3.0,1.0,1.0,3.0,3.0,4.0,4.0,3.0,3.0
VA08,4.0,4.0,4.0,4.0,4.0,4.0,4.0,4.0,4.0,4.0,4.0,4.0,3.0,3.0,4.0,4.0,4.0,4.0,4.0,4.0,3.0,3.0,4.0,3.0,4.0,4.0,4.0,3.0,3.0,1.0,1.0,1.0,1.0,3.0,3.0,4.0,4.0,4.0,3.0,4.0,4.0,5.0,5.0,4.0,4.0,4.0,4.0,5.0,5.0,5.0,5.0,3.0,3.0,3.0,3.0,3.0,3.0,3.0,3.0,3.0,3.0,3.0,4.0,3.0,4.0,4.0,3.0,3.0,3.0,3.0,3.0,4.0,5.0,4.0,4.0,4.0,5.0,4.0,4.0,4.0,3.0,4.0,5.0,5.0,3.0,4.0,4.0,4.0,3.0,3.0,2.0,2.0,3.0,3.0,4.0,4.0,4.0,2.0,2.0,3.0,3.0,4.0,5.0,3.0,2.0,2.0,2.0,1.0,1.0,3.0,2.0,4.0,3.0,3.0,3.0,4.0,3.0,inf,inf,inf,inf,inf,inf,inf,inf,4.0,4.0,4.0,4.0,4.0,4.0,4.0,5.0,4.0,4.0,4.0,4.0,4.0,4.0,inf,inf,inf,inf,inf,inf,inf,inf,inf,inf,inf,inf,4.0,4.0,4.0,4.0,4.0,4.0,5.0,5.0,3.0,4.0,4.0,5.0,4.0,5.0,5.0,4.0,inf,inf,4.0,4.0,3.0,3.0,3.0,2.0,3.0,4.0,4.0,2.0,3.0,3.0,4.0,4.0,3.0,2.0,3.0,3.0,3.0,3.0,4.0,4.0,4.0,4.0,2.0,4.0,4.0,3.0,3.0,3.0,4.0,3.0,4.0,4.0,3.0,3.0,4.0,4.0,4.0,4.0,4.0,4.0,4.0,4.0,3.0,5.0,4.0,3.0,3.0,3.0,4.0,4.0,4.0,4.0,4.0,3.0,3.0,3.0,3.0,4.0,4.0,4.0,4.0,4.0,4.0,4.0,4.0,4.0,4.0,4.0,4.0,3.0,3.0,3.0,3.0,4.0,4.0,3.0,4.0,4.0,5.0,4.0,4.0,3.0,5.0,3.0,4.0,3.0,4.0,5.0,4.0,4.0,3.0,3.0,3.0,3.0,3.0,2.0,0.0,2.0,3.0,3.0,3.0,3.0,3.0,3.0,3.0,3.0,1.0,2.0,2.0,4.0,4.0,3.0,4.0,3.0,4.0,4.0,4.0,4.0,3.0,2.0,2.0,2.0,2.0,2.0,1.0,1.0,1.0,3.0,3.0,3.0,3.0
VA09,5.0,5.0,5.0,5.0,4.0,4.0,4.0,4.0,5.0,4.0,5.0,4.0,3.0,3.0,5.0,5.0,5.0,5.0,4.0,4.0,4.0,4.0,4.0,4.0,5.0,4.0,4.0,4.0,3.0,3.0,4.0,3.0,3.0,1.0,1.0,3.0,3.0,3.0,3.0,5.0,5.0,5.0,5.0,4.0,4.0,5.0,4.0,5.0,5.0,5.0,5.0,4.0,4.0,3.0,2.0,3.0,3.0,3.0,3.0,3.0,3.0,5.0,5.0,4.0,4.0,5.0,4.0,4.0,3.0,3.0,3.0,4.0,5.0,5.0,5.0,5.0,5.0,4.0,4.0,4.0,4.0,5.0,5.0,5.0,4.0,4.0,4.0,4.0,3.0,3.0,3.0,3.0,2.0,3.0,3.0,3.0,3.0,4.0,3.0,3.0,2.0,3.0,4.0,2.0,4.0,4.0,2.0,1.0,1.0,1.0,4.0,4.0,3.0,4.0,4.0,5.0,4.0,inf,inf,inf,inf,inf,inf,inf,inf,4.0,5.0,5.0,5.0,5.0,5.0,5.0,6.0,4.0,4.0,4.0,4.0,3.0,3.0,inf,inf,inf,inf,inf,inf,inf,inf,inf,inf,inf,inf,4.0,4.0,4.0,4.0,4.0,4.0,5.0,4.0,3.0,3.0,5.0,5.0,4.0,5.0,5.0,4.0,inf,inf,4.0,5.0,4.0,3.0,3.0,4.0,4.0,4.0,4.0,3.0,4.0,4.0,4.0,5.0,4.0,2.0,3.0,4.0,4.0,4.0,4.0,4.0,5.0,4.0,4.0,4.0,5.0,3.0,3.0,3.0,4.0,4.0,4.0,4.0,4.0,3.0,4.0,4.0,4.0,4.0,4.0,4.0,5.0,5.0,4.0,5.0,4.0,3.0,3.0,3.0,4.0,4.0,4.0,4.0,4.0,4.0,4.0,3.0,4.0,4.0,3.0,4.0,5.0,4.0,4.0,4.0,4.0,4.0,4.0,4.0,4.0,4.0,5.0,5.0,4.0,4.0,4.0,4.0,3.0,5.0,5.0,4.0,4.0,4.0,5.0,4.0,4.0,5.0,4.0,5.0,4.0,4.0,3.0,3.0,3.0,3.0,3.0,3.0,3.0,0.0,2.0,2.0,3.0,4.0,4.0,4.0,4.0,3.0,3.0,1.0,1.0,2.0,2.0,4.0,4.0,4.0,4.0,5.0,5.0,4.0,4.0,4.0,4.0,4.0,3.0,2.0,2.0,2.0,1.0,1.0,1.0,3.0,2.0
VA10,5.0,5.0,5.0,5.0,4.0,4.0,4.0,4.0,5.0,4.0,5.0,4.0,3.0,3.0,5.0,5.0,5.0,5.0,4.0,4.0,4.0,4.0,4.0,4.0,5.0,4.0,4.0,4.0,3.0,3.0,4.0,3.0,3.0,1.0,1.0,3.0,3.0,1.0,3.0,5.0,5.0,5.0,5.0,4.0,4.0,5.0,4.0,5.0,5.0,5.0,5.0,4.0,4.0,3.0,2.0,3.0,3.0,3.0,3.0,3.0,3.0,4.0,5.0,3.0,4.0,4.0,4.0,4.0,3.0,3.0,3.0,4.0,5.0,5.0,5.0,5.0,5.0,4.0,4.0,4.0,4.0,5.0,5.0,5.0,4.0,4.0,4.0,4.0,3.0,3.0,3.0,3.0,2.0,3.0,3.0,3.0,3.0,4.0,3.0,3.0,2.0,3.0,4.0,2.0,4.0,4.0,2.0,3.0,1.0,1.0,4.0,4.0,3.0,4.0,4.0,5.0,4.0,inf,inf,inf,inf,inf,inf,inf,inf,4.0,5.0,5.0,5.0,5.0,5.0,5.0,6.0,4.0,4.0,4.0,4.0,3.0,3.0,inf,inf,inf,inf,inf,inf,inf,inf,inf,inf,inf,inf,4.0,4.0,4.0,4.0,4.0,4.0,5.0,4.0,3.0,3.0,4.0,4.0,4.0,5.0,4.0,3.0,inf,inf,4.0,5.0,4.0,3.0,3.0,4.0,4.0,4.0,4.0,3.0,4.0,4.0,4.0,4.0,4.0,2.0,3.0,3.0,4.0,4.0,4.0,4.0,5.0,4.0,4.0,4.0,5.0,3.0,3.0,3.0,4.0,4.0,4.0,4.0,4.0,3.0,4.0,4.0,4.0,4.0,4.0,4.0,5.0,5.0,4.0,5.0,4.0,3.0,3.0,3.0,4.0,4.0,4.0,4.0,4.0,4.0,4.0,3.0,4.0,4.0,3.0,4.0,5.0,4.0,4.0,4.0,4.0,4.0,4.0,4.0,4.0,4.0,5.0,5.0,4.0,4.0,4.0,4.0,3.0,5.0,5.0,4.0,4.0,4.0,5.0,4.0,4.0,5.0,4.0,5.0,4.0,4.0,3.0,3.0,3.0,3.0,3.0,3.0,3.0,3.0,0.0,2.0,2.0,4.0,4.0,4.0,4.0,3.0,3.0,3.0,1.0,1.0,2.0,2.0,4.0,4.0,4.0,5.0,5.0,2.0,4.0,4.0,4.0,4.0,3.0,2.0,2.0,3.0,2.0,1.0,1.0,1.0,2.0
VA11,3.0,3.0,3.0,4.0,3.0,4.0,4.0,4.0,3.0,4.0,3.0,4.0,3.0,3.0,3.0,4.0,3.0,4.0,4.0,4.0,3.0,3.0,3.0,2.0,3.0,4.0,4.0,3.0,3.0,3.0,3.0,3.0,3.0,3.0,1.0,1.0,1.0,3.0,3.0,4.0,4.0,4.0,4.0,3.0,3.0,3.0,4.0,4.0,4.0,4.0,4.0,3.0,4.0,2.0,2.0,3.0,2.0,2.0,2.0,2.0,3.0,3.0,3.0,3.0,3.0,3.0,2.0,2.0,3.0,3.0,2.0,3.0,4.0,4.0,3.0,4.0,4.0,4.0,4.0,3.0,2.0,3.0,4.0,4.0,2.0,3.0,3.0,3.0,3.0,3.0,3.0,3.0,3.0,3.0,3.0,3.0,3.0,3.0,3.0,2.0,3.0,3.0,4.0,2.0,3.0,2.0,3.0,3.0,3.0,1.0,3.0,3.0,3.0,3.0,3.0,3.0,2.0,inf,inf,inf,inf,inf,inf,inf,inf,3.0,3.0,3.0,4.0,3.0,3.0,3.0,4.0,3.0,4.0,4.0,4.0,3.0,3.0,inf,inf,inf,inf,inf,inf,inf,inf,inf,inf,inf,inf,3.0,4.0,3.0,4.0,3.0,4.0,4.0,4.0,3.0,3.0,4.0,4.0,3.0,4.0,4.0,3.0,inf,inf,4.0,5.0,2.0,3.0,2.0,3.0,2.0,3.0,3.0,1.0,4.0,3.0,4.0,3.0,2.0,2.0,2.0,2.0,3.0,4.0,3.0,4.0,3.0,3.0,3.0,3.0,3.0,3.0,3.0,3.0,3.0,3.0,3.0,3.0,3.0,3.0,4.0,4.0,3.0,3.0,4.0,4.0,3.0,4.0,4.0,4.0,4.0,3.0,3.0,3.0,3.0,3.0,3.0,3.0,3.0,4.0,4.0,3.0,3.0,3.0,3.0,3.0,3.0,4.0,3.0,3.0,4.0,4.0,3.0,4.0,3.0,4.0,3.0,4.0,4.0,4.0,4.0,4.0,3.0,3.0,4.0,4.0,4.0,2.0,4.0,2.0,4.0,3.0,4.0,4.0,4.0,3.0,3.0,3.0,3.0,2.0,3.0,3.0,3.0,3.0,3.0,0.0,2.0,4.0,3.0,3.0,3.0,3.0,3.0,3.0,3.0,4.0,1.0,2.0,3.0,2.0,3.0,3.0,3.0,2.0,3.0,3.0,2.0,2.0,3.0,2.0,2.0,2.0,2.0,3.0,1.0,1.0,2.0
VA12,4.0,3.0,3.0,3.0,4.0,3.0,4.0,2.0,4.0,4.0,3.0,3.0,3.0,3.0,4.0,3.0,3.0,4.0,4.0,4.0,3.0,3.0,3.0,3.0,3.0,4.0,3.0,2.0,2.0,2.0,3.0,2.0,2.0,3.0,2.0,1.0,1.0,1.0,1.0,4.0,3.0,4.0,4.0,4.0,2.0,4.0,4.0,3.0,4.0,4.0,3.0,3.0,3.0,1.0,2.0,2.0,2.0,2.0,2.0,2.0,2.0,3.0,3.0,2.0,2.0,2.0,2.0,2.0,3.0,3.0,2.0,3.0,4.0,3.0,3.0,3.0,4.0,3.0,3.0,3.0,3.0,3.0,4.0,4.0,3.0,3.0,3.0,3.0,2.0,2.0,2.0,2.0,2.0,2.0,2.0,1.0,1.0,3.0,2.0,2.0,2.0,2.0,3.0,1.0,3.0,3.0,3.0,2.0,2.0,1.0,2.0,3.0,3.0,2.0,3.0,3.0,3.0,inf,inf,inf,inf,inf,inf,inf,inf,4.0,3.0,4.0,4.0,3.0,3.0,4.0,4.0,4.0,4.0,5.0,4.0,1.0,2.0,inf,inf,inf,inf,inf,inf,inf,inf,inf,inf,inf,inf,3.0,3.0,4.0,4.0,4.0,3.0,4.0,3.0,2.0,3.0,3.0,2.0,2.0,3.0,2.0,1.0,inf,inf,4.0,3.0,3.0,1.0,1.0,2.0,2.0,3.0,2.0,2.0,3.0,2.0,3.0,2.0,2.0,3.0,2.0,2.0,2.0,3.0,3.0,3.0,3.0,3.0,2.0,4.0,3.0,3.0,3.0,4.0,3.0,3.0,3.0,3.0,3.0,2.0,3.0,3.0,3.0,3.0,3.0,3.0,3.0,3.0,3.0,4.0,4.0,3.0,4.0,4.0,3.0,3.0,4.0,4.0,3.0,3.0,3.0,3.0,3.0,2.0,3.0,3.0,3.0,3.0,4.0,3.0,3.0,2.0,4.0,2.0,2.0,3.0,3.0,3.0,2.0,3.0,3.0,3.0,3.0,3.0,4.0,4.0,4.0,3.0,3.0,3.0,3.0,3.0,3.0,4.0,3.0,2.0,2.0,2.0,2.0,2.0,2.0,2.0,2.0,2.0,2.0,1.0,0.0,3.0,3.0,2.0,2.0,3.0,2.0,2.0,2.0,3.0,2.0,1.0,3.0,3.0,3.0,4.0,4.0,2.0,3.0,3.0,3.0,3.0,3.0,3.0,3.0,2.0,2.0,2.0,2.0,1.0,1.0
VB01,1.0,3.0,3.0,3.0,3.0,3.0,2.0,2.0,4.0,3.0,2.0,2.0,2.0,1.0,2.0,4.0,3.0,4.0,3.0,2.0,3.0,3.0,3.0,3.0,4.0,3.0,3.0,2.0,2.0,3.0,3.0,3.0,3.0,3.0,3.0,3.0,3.0,3.0,3.0,3.0,3.0,3.0,3.0,3.0,3.0,3.0,3.0,3.0,4.0,3.0,3.0,2.0,3.0,2.0,2.0,2.0,2.0,2.0,2.0,2.0,2.0,2.0,3.0,3.0,3.0,2.0,3.0,2.0,2.0,2.0,3.0,3.0,3.0,3.0,3.0,3.0,3.0,2.0,2.0,3.0,3.0,4.0,4.0,4.0,3.0,3.0,3.0,3.0,3.0,2.0,3.0,3.0,3.0,3.0,3.0,3.0,3.0,3.0,3.0,3.0,3.0,3.0,4.0,3.0,1.0,2.0,3.0,4.0,4.0,4.0,2.0,3.0,2.0,3.0,3.0,3.0,3.0,inf,inf,inf,inf,inf,inf,inf,inf,3.0,3.0,3.0,3.0,3.0,3.0,4.0,4.0,3.0,3.0,4.0,4.0,3.0,3.0,inf,inf,inf,inf,inf,inf,inf,inf,inf,inf,inf,inf,2.0,2.0,4.0,3.0,3.0,3.0,4.0,4.0,3.0,3.0,4.0,5.0,4.0,5.0,4.0,4.0,inf,inf,2.0,2.0,3.0,3.0,3.0,3.0,3.0,3.0,3.0,3.0,2.0,3.0,3.0,3.0,3.0,2.0,4.0,4.0,2.0,3.0,2.0,2.0,2.0,2.0,3.0,3.0,3.0,2.0,3.0,3.0,1.0,2.0,2.0,3.0,3.0,2.0,3.0,2.0,3.0,3.0,2.0,2.0,3.0,2.0,3.0,3.0,3.0,2.0,1.0,2.0,2.0,3.0,2.0,3.0,1.0,1.0,2.0,2.0,1.0,3.0,3.0,3.0,3.0,2.0,3.0,2.0,3.0,2.0,2.0,3.0,2.0,2.0,2.0,1.0,2.0,2.0,2.0,2.0,2.0,4.0,4.0,2.0,3.0,4.0,3.0,2.0,3.0,3.0,3.0,3.0,3.0,1.0,1.0,1.0,1.0,3.0,3.0,3.0,3.0,3.0,3.0,3.0,3.0,0.0,1.0,2.0,2.0,3.0,4.0,3.0,4.0,4.0,4.0,3.0,3.0,2.0,3.0,4.0,4.0,4.0,1.0,1.0,2.0,2.0,3.0,3.0,4.0,4.0,3.0,4.0,4.0,4.0,4.0
VB02,3.0,4.0,4.0,4.0,4.0,3.0,3.0,3.0,4.0,4.0,3.0,3.0,3.0,3.0,3.0,3.0,4.0,5.0,4.0,4.0,4.0,4.0,4.0,2.0,4.0,4.0,4.0,3.0,2.0,3.0,2.0,3.0,3.0,3.0,3.0,3.0,3.0,3.0,3.0,4.0,3.0,4.0,4.0,3.0,3.0,4.0,4.0,3.0,4.0,4.0,3.0,4.0,4.0,2.0,2.0,3.0,3.0,2.0,3.0,1.0,3.0,3.0,3.0,3.0,3.0,4.0,3.0,3.0,3.0,3.0,3.0,4.0,4.0,3.0,4.0,4.0,4.0,4.0,4.0,4.0,3.0,4.0,5.0,5.0,3.0,4.0,3.0,4.0,2.0,2.0,2.0,2.0,3.0,3.0,3.0,3.0,3.0,3.0,3.0,2.0,2.0,3.0,4.0,3.0,1.0,1.0,2.0,3.0,3.0,3.0,3.0,4.0,2.0,3.0,3.0,4.0,3.0,inf,inf,inf,inf,inf,inf,inf,inf,4.0,4.0,4.0,4.0,4.0,4.0,4.0,5.0,4.0,4.0,4.0,4.0,3.0,3.0,inf,inf,inf,inf,inf,inf,inf,inf,inf,inf,inf,inf,4.0,4.0,4.0,4.0,4.0,4.0,5.0,4.0,3.0,3.0,4.0,5.0,4.0,5.0,5.0,4.0,inf,inf,4.0,4.0,4.0,2.0,2.0,3.0,3.0,4.0,3.0,3.0,3.0,2.0,4.0,2.0,3.0,2.0,4.0,3.0,3.0,3.0,3.0,3.0,3.0,3.0,3.0,3.0,3.0,3.0,3.0,3.0,3.0,3.0,4.0,4.0,4.0,3.0,4.0,3.0,4.0,3.0,3.0,3.0,3.0,4.0,4.0,4.0,4.0,3.0,3.0,3.0,2.0,3.0,3.0,3.0,3.0,3.0,4.0,3.0,2.0,2.0,2.0,3.0,4.0,3.0,3.0,3.0,4.0,3.0,3.0,3.0,3.0,4.0,3.0,3.0,3.0,3.0,3.0,4.0,3.0,4.0,5.0,3.0,4.0,4.0,4.0,3.0,3.0,4.0,4.0,4.0,4.0,2.0,1.0,1.0,2.0,3.0,3.0,3.0,3.0,3.0,3.0,3.0,3.0,2.0,0.0,2.0,3.0,3.0,3.0,3.0,3.0,4.0,4.0,3.0,2.0,1.0,2.0,4.0,4.0,4.0,2.0,1.0,1.0,2.0,2.0,2.0,3.0,4.0,3.0,4.0,4.0,4.0,4.0
VB03,4.0,4.0,4.0,4.0,4.0,4.0,4.0,4.0,4.0,5.0,5.0,4.0,4.0,4.0,5.0,4.0,4.0,5.0,5.0,5.0,4.0,3.0,4.0,4.0,4.0,4.0,4.0,4.0,3.0,3.0,3.0,3.0,3.0,3.0,3.0,3.0,3.0,3.0,3.0,5.0,4.0,5.0,5.0,5.0,4.0,5.0,4.0,5.0,5.0,5.0,5.0,5.0,4.0,3.0,2.0,3.0,3.0,2.0,3.0,3.0,2.0,4.0,5.0,3.0,4.0,5.0,3.0,4.0,4.0,4.0,4.0,5.0,5.0,4.0,5.0,4.0,5.0,4.0,5.0,4.0,5.0,5.0,5.0,5.0,3.0,4.0,4.0,5.0,3.0,3.0,2.0,3.0,3.0,3.0,3.0,3.0,3.0,4.0,3.0,3.0,4.0,3.0,4.0,4.0,2.0,1.0,2.0,4.0,4.0,4.0,4.0,5.0,3.0,4.0,4.0,5.0,4.0,inf,inf,inf,inf,inf,inf,inf,inf,4.0,5.0,5.0,5.0,4.0,5.0,4.0,6.0,5.0,4.0,5.0,5.0,3.0,3.0,inf,inf,inf,inf,inf,inf,inf,inf,inf,inf,inf,inf,3.0,4.0,4.0,5.0,4.0,4.0,6.0,4.0,3.0,3.0,4.0,5.0,4.0,5.0,5.0,4.0,inf,inf,4.0,5.0,4.0,3.0,3.0,4.0,4.0,4.0,4.0,4.0,4.0,4.0,5.0,4.0,4.0,4.0,4.0,4.0,4.0,4.0,4.0,4.0,4.0,4.0,4.0,5.0,4.0,3.0,4.0,4.0,4.0,3.0,4.0,4.0,4.0,4.0,5.0,4.0,4.0,5.0,4.0,4.0,4.0,4.0,4.0,4.0,5.0,4.0,4.0,4.0,4.0,3.0,4.0,4.0,4.0,4.0,4.0,3.0,3.0,3.0,3.0,4.0,5.0,4.0,4.0,4.0,4.0,4.0,4.0,4.0,4.0,4.0,4.0,4.0,4.0,4.0,4.0,4.0,3.0,4.0,5.0,4.0,5.0,4.0,4.0,4.0,3.0,4.0,5.0,4.0,5.0,3.0,3.0,2.0,1.0,1.0,2.0,3.0,3.0,3.0,3.0,3.0,3.0,3.0,2.0,0.0,2.0,3.0,4.0,4.0,4.0,4.0,4.0,4.0,4.0,3.0,4.0,5.0,5.0,5.0,4.0,3.0,1.0,1.0,2.0,3.0,4.0,4.0,4.0,4.0,4.0,4.0,4.0
VB04,3.0,4.0,4.0,4.0,4.0,4.0,4.0,3.0,4.0,4.0,3.0,3.0,3.0,3.0,3.0,3.0,3.0,5.0,4.0,4.0,4.0,3.0,3.0,3.0,4.0,4.0,4.0,3.0,3.0,3.0,3.0,3.0,3.0,3.0,3.0,3.0,3.0,3.0,3.0,4.0,3.0,4.0,4.0,4.0,3.0,4.0,4.0,3.0,4.0,4.0,3.0,4.0,4.0,2.0,2.0,2.0,2.0,2.0,2.0,2.0,2.0,2.0,3.0,1.0,3.0,3.0,2.0,2.0,3.0,3.0,3.0,3.0,4.0,3.0,4.0,4.0,4.0,4.0,4.0,4.0,3.0,3.0,4.0,4.0,3.0,4.0,4.0,4.0,3.0,3.0,2.0,3.0,2.0,3.0,3.0,2.0,3.0,3.0,3.0,3.0,3.0,3.0,4.0,3.0,3.0,1.0,1.0,3.0,3.0,3.0,3.0,3.0,2.0,3.0,3.0,3.0,3.0,inf,inf,inf,inf,inf,inf,inf,inf,4.0,4.0,4.0,5.0,4.0,4.0,4.0,5.0,4.0,4.0,4.0,4.0,3.0,3.0,inf,inf,inf,inf,inf,inf,inf,inf,inf,inf,inf,inf,3.0,4.0,4.0,4.0,4.0,4.0,4.0,4.0,3.0,3.0,2.0,3.0,3.0,3.0,4.0,4.0,inf,inf,4.0,4.0,3.0,2.0,2.0,3.0,3.0,4.0,2.0,2.0,4.0,3.0,3.0,2.0,3.0,2.0,3.0,3.0,3.0,4.0,3.0,3.0,4.0,4.0,3.0,3.0,3.0,3.0,3.0,3.0,3.0,3.0,4.0,4.0,4.0,3.0,4.0,3.0,4.0,4.0,4.0,4.0,4.0,4.0,4.0,4.0,4.0,3.0,3.0,3.0,3.0,3.0,4.0,4.0,3.0,3.0,4.0,3.0,3.0,3.0,3.0,3.0,4.0,4.0,4.0,4.0,4.0,3.0,4.0,3.0,3.0,4.0,4.0,3.0,3.0,4.0,4.0,4.0,3.0,4.0,4.0,3.0,4.0,3.0,4.0,3.0,3.0,4.0,4.0,4.0,4.0,3.0,3.0,3.0,1.0,1.0,2.0,3.0,3.0,3.0,3.0,3.0,3.0,2.0,3.0,2.0,0.0,1.0,3.0,3.0,3.0,4.0,4.0,3.0,2.0,3.0,3.0,4.0,4.0,4.0,3.0,3.0,2.0,1.0,1.0,2.0,3.0,3.0,3.0,3.0,3.0,3.0,3.0
VB05,4.0,4.0,4.0,5.0,4.0,5.0,4.0,4.0,4.0,5.0,4.0,5.0,4.0,4.0,4.0,5.0,4.0,5.0,5.0,5.0,4.0,4.0,4.0,3.0,4.0,4.0,4.0,4.0,2.0,2.0,4.0,3.0,3.0,3.0,3.0,3.0,3.0,3.0,3.0,5.0,5.0,5.0,5.0,4.0,4.0,4.0,4.0,5.0,5.0,5.0,5.0,4.0,5.0,2.0,2.0,3.0,3.0,3.0,3.0,3.0,3.0,4.0,4.0,3.0,4.0,4.0,3.0,3.0,4.0,4.0,3.0,4.0,5.0,5.0,4.0,5.0,5.0,5.0,5.0,4.0,3.0,4.0,5.0,5.0,3.0,4.0,4.0,4.0,3.0,3.0,3.0,3.0,2.0,3.0,3.0,3.0,3.0,3.0,3.0,3.0,3.0,3.0,4.0,3.0,3.0,3.0,1.0,4.0,4.0,4.0,4.0,4.0,4.0,4.0,4.0,4.0,3.0,inf,inf,inf,inf,inf,inf,inf,inf,4.0,4.0,4.0,5.0,4.0,4.0,4.0,5.0,4.0,5.0,5.0,5.0,3.0,3.0,inf,inf,inf,inf,inf,inf,inf,inf,inf,inf,inf,inf,4.0,5.0,4.0,5.0,4.0,5.0,5.0,4.0,3.0,3.0,4.0,5.0,4.0,5.0,5.0,4.0,inf,inf,4.0,5.0,3.0,3.0,3.0,4.0,3.0,4.0,3.0,2.0,4.0,4.0,5.0,4.0,3.0,3.0,3.0,3.0,3.0,4.0,4.0,5.0,4.0,4.0,3.0,4.0,4.0,3.0,4.0,4.0,4.0,4.0,4.0,4.0,4.0,4.0,4.0,4.0,4.0,4.0,4.0,4.0,4.0,4.0,4.0,5.0,5.0,4.0,4.0,4.0,4.0,4.0,4.0,4.0,4.0,4.0,5.0,3.0,4.0,3.0,3.0,4.0,4.0,4.0,4.0,4.0,4.0,4.0,4.0,4.0,4.0,4.0,4.0,4.0,4.0,4.0,4.0,4.0,3.0,4.0,5.0,5.0,5.0,3.0,5.0,3.0,4.0,4.0,5.0,5.0,5.0,3.0,3.0,3.0,3.0,2.0,1.0,3.0,3.0,3.0,3.0,3.0,3.0,3.0,4.0,4.0,2.0,0.0,4.0,4.0,4.0,4.0,4.0,4.0,4.0,3.0,4.0,4.0,4.0,4.0,3.0,3.0,3.0,3.0,2.0,1.0,3.0,4.0,4.0,4.0,4.0,3.0,3.0
VB06,3.0,3.0,3.0,4.0,3.0,3.0,4.0,3.0,3.0,3.0,3.0,3.0,3.0,3.0,3.0,3.0,3.0,3.0,3.0,3.0,2.0,2.0,3.0,2.0,3.0,3.0,3.0,2.0,2.0,2.0,2.0,2.0,2.0,3.0,3.0,3.0,3.0,3.0,3.0,3.0,3.0,4.0,4.0,3.0,3.0,3.0,3.0,4.0,4.0,4.0,4.0,2.0,2.0,2.0,2.0,2.0,2.0,2.0,2.0,2.0,2.0,3.0,3.0,3.0,3.0,3.0,2.0,2.0,3.0,3.0,2.0,3.0,4.0,3.0,3.0,3.0,4.0,3.0,3.0,3.0,2.0,3.0,4.0,4.0,2.0,3.0,3.0,3.0,3.0,2.0,3.0,3.0,3.0,3.0,3.0,3.0,3.0,3.0,2.0,2.0,2.0,3.0,4.0,2.0,3.0,2.0,2.0,1.0,2.0,3.0,1.0,3.0,3.0,3.0,3.0,3.0,2.0,inf,inf,inf,inf,inf,inf,inf,inf,3.0,3.0,3.0,3.0,3.0,3.0,3.0,4.0,3.0,4.0,4.0,4.0,3.0,3.0,inf,inf,inf,inf,inf,inf,inf,inf,inf,inf,inf,inf,3.0,3.0,3.0,4.0,3.0,4.0,4.0,4.0,2.0,3.0,4.0,4.0,3.0,4.0,4.0,3.0,inf,inf,3.0,3.0,2.0,2.0,2.0,3.0,2.0,3.0,3.0,1.0,3.0,2.0,4.0,3.0,2.0,2.0,2.0,2.0,2.0,2.0,3.0,3.0,3.0,3.0,3.0,3.0,3.0,3.0,3.0,3.0,3.0,2.0,3.0,3.0,2.0,3.0,3.0,3.0,3.0,3.0,3.0,3.0,3.0,3.0,3.0,4.0,4.0,3.0,3.0,3.0,3.0,3.0,3.0,3.0,3.0,2.0,2.0,2.0,2.0,3.0,3.0,3.0,3.0,3.0,3.0,3.0,3.0,3.0,3.0,3.0,3.0,2.0,2.0,2.0,2.0,3.0,3.0,2.0,3.0,3.0,4.0,4.0,4.0,2.0,4.0,2.0,3.0,2.0,4.0,4.0,4.0,3.0,2.0,3.0,3.0,2.0,2.0,1.0,1.0,2.0,2.0,2.0,2.0,2.0,3.0,3.0,3.0,2.0,0.0,1.0,3.0,3.0,3.0,2.0,3.0,2.0,3.0,3.0,3.0,3.0,3.0,3.0,2.0,2.0,3.0,1.0,1.0,2.0,2.0,3.0,3.0,2.0,2.0
VB07,5.0,5.0,5.0,5.0,4.0,4.0,4.0,4.0,5.0,4.0,5.0,4.0,3.0,3.0,5.0,5.0,5.0,5.0,4.0,4.0,4.0,4.0,5.0,5.0,5.0,4.0,4.0,4.0,4.0,3.0,3.0,3.0,3.0,2.0,2.0,4.0,4.0,2.0,4.0,5.0,5.0,5.0,5.0,4.0,4.0,5.0,5.0,5.0,6.0,5.0,5.0,4.0,4.0,4.0,3.0,4.0,4.0,4.0,4.0,4.0,4.0,5.0,5.0,4.0,5.0,5.0,5.0,5.0,3.0,3.0,3.0,4.0,5.0,5.0,5.0,5.0,5.0,4.0,4.0,4.0,4.0,5.0,6.0,6.0,4.0,4.0,4.0,4.0,4.0,4.0,4.0,4.0,3.0,4.0,4.0,4.0,4.0,4.0,4.0,4.0,3.0,4.0,5.0,3.0,4.0,4.0,3.0,1.0,1.0,2.0,4.0,4.0,3.0,4.0,5.0,5.0,4.0,inf,inf,inf,inf,inf,inf,inf,inf,5.0,5.0,5.0,5.0,5.0,5.0,5.0,6.0,4.0,4.0,4.0,4.0,4.0,4.0,inf,inf,inf,inf,inf,inf,inf,inf,inf,inf,inf,inf,5.0,4.0,4.0,4.0,4.0,4.0,5.0,5.0,4.0,4.0,5.0,5.0,5.0,6.0,5.0,4.0,inf,inf,5.0,5.0,5.0,4.0,4.0,4.0,4.0,4.0,5.0,4.0,4.0,4.0,4.0,5.0,5.0,2.0,4.0,4.0,4.0,4.0,4.0,4.0,5.0,4.0,4.0,4.0,5.0,3.0,3.0,3.0,4.0,4.0,4.0,4.0,4.0,3.0,4.0,4.0,4.0,4.0,4.0,4.0,5.0,5.0,4.0,5.0,4.0,3.0,3.0,3.0,4.0,5.0,4.0,4.0,4.0,4.0,4.0,4.0,4.0,4.0,4.0,5.0,5.0,4.0,4.0,5.0,4.0,4.0,4.0,5.0,4.0,4.0,5.0,5.0,5.0,4.0,4.0,4.0,4.0,5.0,5.0,4.0,4.0,5.0,5.0,4.0,4.0,5.0,4.0,5.0,4.0,5.0,4.0,4.0,4.0,4.0,4.0,4.0,2.0,1.0,1.0,3.0,3.0,4.0,5.0,5.0,5.0,4.0,3.0,0.0,2.0,2.0,3.0,3.0,4.0,4.0,5.0,5.0,5.0,3.0,5.0,4.0,4.0,4.0,4.0,3.0,3.0,1.0,1.0,2.0,2.0,2.0,3.0
VB08,4.0,4.0,4.0,5.0,4.0,5.0,5.0,5.0,4.0,5.0,4.0,5.0,4.0,4.0,4.0,5.0,4.0,5.0,5.0,5.0,4.0,4.0,4.0,3.0,4.0,5.0,5.0,4.0,4.0,4.0,4.0,4.0,4.0,3.0,2.0,2.0,2.0,3.0,3.0,5.0,5.0,5.0,5.0,4.0,4.0,4.0,5.0,5.0,5.0,5.0,5.0,4.0,5.0,3.0,3.0,4.0,3.0,3.0,3.0,3.0,4.0,4.0,4.0,4.0,4.0,4.0,3.0,3.0,4.0,4.0,3.0,4.0,5.0,5.0,4.0,5.0,5.0,5.0,5.0,4.0,3.0,4.0,5.0,5.0,3.0,4.0,4.0,4.0,4.0,4.0,4.0,4.0,4.0,4.0,4.0,4.0,3.0,4.0,4.0,3.0,4.0,4.0,5.0,2.0,4.0,3.0,4.0,3.0,1.0,1.0,4.0,4.0,4.0,4.0,4.0,4.0,3.0,inf,inf,inf,inf,inf,inf,inf,inf,4.0,4.0,4.0,5.0,4.0,4.0,4.0,5.0,4.0,5.0,5.0,5.0,4.0,4.0,inf,inf,inf,inf,inf,inf,inf,inf,inf,inf,inf,inf,4.0,5.0,4.0,5.0,4.0,5.0,5.0,5.0,4.0,4.0,5.0,5.0,4.0,5.0,5.0,4.0,inf,inf,5.0,6.0,3.0,4.0,3.0,4.0,3.0,4.0,4.0,2.0,5.0,4.0,5.0,4.0,3.0,3.0,3.0,3.0,4.0,5.0,4.0,5.0,4.0,4.0,4.0,4.0,4.0,4.0,4.0,4.0,4.0,4.0,4.0,4.0,4.0,4.0,5.0,5.0,4.0,4.0,5.0,5.0,4.0,5.0,5.0,5.0,5.0,4.0,4.0,4.0,4.0,4.0,4.0,4.0,4.0,5.0,5.0,4.0,4.0,4.0,4.0,4.0,4.0,5.0,4.0,4.0,5.0,5.0,4.0,5.0,4.0,5.0,4.0,5.0,5.0,5.0,5.0,5.0,4.0,4.0,5.0,5.0,5.0,3.0,5.0,3.0,5.0,4.0,5.0,5.0,5.0,4.0,4.0,4.0,4.0,3.0,4.0,4.0,4.0,2.0,2.0,1.0,3.0,5.0,4.0,4.0,4.0,4.0,4.0,3.0,0.0,2.0,2.0,3.0,4.0,3.0,4.0,4.0,4.0,3.0,4.0,4.0,3.0,3.0,4.0,3.0,3.0,3.0,1.0,1.0,2.0,2.0,2.0
VB09,4.0,4.0,4.0,5.0,4.0,4.0,4.0,4.0,4.0,4.0,4.0,4.0,3.0,3.0,4.0,5.0,4.0,5.0,4.0,4.0,4.0,4.0,4.0,3.0,4.0,4.0,4.0,4.0,3.0,3.0,4.0,3.0,3.0,3.0,2.0,2.0,2.0,3.0,3.0,5.0,5.0,5.0,5.0,4.0,4.0,4.0,4.0,5.0,5.0,5.0,5.0,4.0,4.0,3.0,2.0,3.0,3.0,3.0,3.0,3.0,3.0,4.0,4.0,4.0,4.0,4.0,3.0,3.0,3.0,3.0,3.0,4.0,5.0,5.0,4.0,5.0,5.0,4.0,4.0,4.0,3.0,4.0,5.0,5.0,3.0,4.0,4.0,4.0,3.0,3.0,3.0,3.0,3.0,3.0,3.0,3.0,3.0,4.0,3.0,3.0,4.0,3.0,4.0,2.0,4.0,3.0,4.0,4.0,1.0,1.0,4.0,4.0,3.0,4.0,4.0,4.0,3.0,inf,inf,inf,inf,inf,inf,inf,inf,4.0,4.0,4.0,5.0,4.0,4.0,4.0,5.0,4.0,4.0,4.0,4.0,3.0,3.0,inf,inf,inf,inf,inf,inf,inf,inf,inf,inf,inf,inf,4.0,4.0,4.0,4.0,4.0,4.0,5.0,4.0,3.0,3.0,5.0,5.0,4.0,5.0,5.0,4.0,inf,inf,4.0,5.0,3.0,3.0,3.0,4.0,3.0,4.0,4.0,2.0,4.0,4.0,4.0,4.0,3.0,2.0,3.0,3.0,4.0,4.0,4.0,4.0,4.0,4.0,4.0,4.0,4.0,3.0,3.0,3.0,4.0,4.0,4.0,4.0,4.0,3.0,4.0,4.0,4.0,4.0,4.0,4.0,4.0,5.0,4.0,5.0,4.0,3.0,3.0,3.0,4.0,4.0,4.0,4.0,4.0,4.0,4.0,3.0,4.0,4.0,3.0,4.0,4.0,4.0,4.0,4.0,4.0,4.0,4.0,4.0,4.0,4.0,4.0,5.0,4.0,4.0,4.0,4.0,3.0,4.0,5.0,4.0,4.0,3.0,5.0,3.0,4.0,4.0,4.0,5.0,4.0,4.0,3.0,3.0,3.0,3.0,3.0,3.0,3.0,3.0,2.0,1.0,3.0,4.0,4.0,4.0,4.0,4.0,4.0,4.0,3.0,0.0,2.0,3.0,4.0,3.0,4.0,4.0,4.0,3.0,4.0,4.0,3.0,3.0,4.0,3.0,3.0,3.0,3.0,1.0,1.0,2.0,2.0
VB10,4.0,4.0,4.0,4.0,3.0,3.0,3.0,3.0,4.0,3.0,4.0,3.0,2.0,2.0,4.0,4.0,4.0,4.0,3.0,3.0,3.0,3.0,4.0,3.0,4.0,3.0,3.0,3.0,3.0,3.0,4.0,3.0,3.0,3.0,2.0,2.0,2.0,3.0,3.0,4.0,4.0,4.0,4.0,3.0,3.0,4.0,4.0,4.0,5.0,4.0,4.0,3.0,3.0,3.0,2.0,3.0,3.0,3.0,3.0,3.0,3.0,4.0,4.0,3.0,4.0,4.0,3.0,3.0,2.0,2.0,2.0,3.0,4.0,4.0,4.0,4.0,4.0,3.0,3.0,3.0,3.0,4.0,5.0,5.0,3.0,3.0,3.0,3.0,3.0,3.0,3.0,3.0,3.0,3.0,3.0,3.0,3.0,4.0,3.0,3.0,4.0,3.0,4.0,2.0,3.0,3.0,4.0,4.0,4.0,1.0,3.0,3.0,2.0,3.0,4.0,4.0,3.0,inf,inf,inf,inf,inf,inf,inf,inf,4.0,4.0,4.0,4.0,4.0,4.0,4.0,5.0,3.0,3.0,3.0,3.0,3.0,3.0,inf,inf,inf,inf,inf,inf,inf,inf,inf,inf,inf,inf,4.0,3.0,3.0,3.0,3.0,3.0,4.0,4.0,3.0,3.0,4.0,4.0,4.0,5.0,4.0,3.0,inf,inf,4.0,4.0,3.0,3.0,3.0,4.0,3.0,3.0,4.0,2.0,3.0,3.0,3.0,4.0,3.0,1.0,3.0,3.0,3.0,3.0,3.0,3.0,4.0,3.0,4.0,3.0,4.0,2.0,2.0,2.0,3.0,3.0,3.0,3.0,3.0,2.0,3.0,3.0,3.0,3.0,3.0,3.0,4.0,4.0,3.0,4.0,3.0,2.0,2.0,2.0,3.0,4.0,3.0,3.0,3.0,3.0,3.0,3.0,3.0,3.0,3.0,4.0,4.0,3.0,3.0,4.0,3.0,3.0,3.0,4.0,3.0,3.0,4.0,4.0,4.0,3.0,3.0,3.0,3.0,4.0,4.0,3.0,3.0,3.0,4.0,3.0,3.0,4.0,3.0,4.0,3.0,4.0,3.0,3.0,3.0,3.0,3.0,3.0,3.0,3.0,3.0,1.0,2.0,3.0,4.0,4.0,4.0,4.0,4.0,4.0,4.0,4.0,0.0,2.0,3.0,3.0,4.0,4.0,4.0,2.0,4.0,4.0,3.0,3.0,4.0,3.0,3.0,3.0,3.0,3.0,1.0,1.0,2.0
VB11,4.0,3.0,3.0,3.0,4.0,3.0,4.0,3.0,4.0,4.0,4.0,4.0,3.0,3.0,4.0,4.0,3.0,4.0,4.0,4.0,3.0,3.0,3.0,3.0,3.0,4.0,4.0,2.0,3.0,3.0,3.0,3.0,3.0,3.0,3.0,2.0,2.0,2.0,2.0,4.0,4.0,5.0,4.0,4.0,3.0,4.0,4.0,4.0,4.0,5.0,4.0,3.0,3.0,2.0,2.0,2.0,2.0,2.0,2.0,2.0,2.0,3.0,3.0,3.0,2.0,3.0,2.0,3.0,3.0,3.0,2.0,4.0,5.0,4.0,4.0,3.0,5.0,4.0,3.0,3.0,4.0,3.0,4.0,4.0,3.0,4.0,4.0,3.0,3.0,2.0,3.0,2.0,2.0,3.0,2.0,2.0,2.0,3.0,2.0,2.0,2.0,2.0,3.0,2.0,3.0,3.0,3.0,3.0,3.0,1.0,2.0,3.0,3.0,2.0,3.0,4.0,3.0,inf,inf,inf,inf,inf,inf,inf,inf,4.0,3.0,4.0,4.0,3.0,3.0,4.0,4.0,4.0,4.0,4.0,4.0,2.0,2.0,inf,inf,inf,inf,inf,inf,inf,inf,inf,inf,inf,inf,3.0,4.0,4.0,4.0,4.0,4.0,4.0,3.0,2.0,3.0,4.0,3.0,3.0,4.0,3.0,2.0,inf,inf,4.0,4.0,3.0,2.0,1.0,2.0,2.0,3.0,3.0,3.0,3.0,2.0,4.0,3.0,2.0,2.0,1.0,1.0,3.0,3.0,4.0,4.0,4.0,4.0,2.0,4.0,3.0,3.0,3.0,3.0,4.0,3.0,3.0,3.0,3.0,3.0,4.0,4.0,4.0,4.0,4.0,4.0,4.0,4.0,3.0,4.0,4.0,3.0,3.0,3.0,3.0,3.0,4.0,4.0,4.0,3.0,3.0,3.0,3.0,3.0,3.0,3.0,3.0,4.0,4.0,3.0,4.0,3.0,4.0,3.0,2.0,3.0,3.0,3.0,3.0,4.0,4.0,3.0,3.0,3.0,4.0,4.0,4.0,4.0,4.0,3.0,3.0,3.0,4.0,4.0,4.0,3.0,3.0,3.0,3.0,3.0,3.0,3.0,3.0,3.0,3.0,2.0,1.0,3.0,3.0,2.0,2.0,3.0,2.0,2.0,2.0,4.0,3.0,0.0,3.0,3.0,3.0,4.0,4.0,2.0,3.0,3.0,3.0,3.0,3.0,3.0,3.0,3.0,3.0,3.0,3.0,1.0,1.0
VC01,3.0,3.0,4.0,4.0,3.0,2.0,3.0,3.0,4.0,3.0,3.0,3.0,2.0,2.0,2.0,3.0,3.0,4.0,3.0,3.0,3.0,3.0,4.0,3.0,3.0,3.0,3.0,2.0,2.0,3.0,3.0,3.0,3.0,3.0,3.0,3.0,3.0,2.0,3.0,4.0,3.0,3.0,4.0,3.0,2.0,4.0,4.0,3.0,3.0,3.0,3.0,3.0,3.0,2.0,2.0,2.0,2.0,3.0,3.0,2.0,3.0,1.0,2.0,2.0,2.0,2.0,2.0,3.0,2.0,2.0,1.0,3.0,3.0,3.0,3.0,3.0,4.0,3.0,3.0,3.0,3.0,3.0,5.0,5.0,3.0,3.0,3.0,3.0,3.0,2.0,2.0,3.0,2.0,3.0,3.0,3.0,3.0,3.0,3.0,3.0,2.0,3.0,4.0,3.0,1.0,1.0,1.0,2.0,3.0,2.0,3.0,2.0,1.0,3.0,4.0,2.0,2.0,inf,inf,inf,inf,inf,inf,inf,inf,4.0,4.0,3.0,3.0,3.0,4.0,4.0,5.0,3.0,3.0,3.0,3.0,3.0,3.0,inf,inf,inf,inf,inf,inf,inf,inf,inf,inf,inf,inf,4.0,3.0,3.0,3.0,3.0,3.0,3.0,4.0,3.0,2.0,3.0,4.0,4.0,4.0,3.0,4.0,inf,inf,3.0,4.0,3.0,2.0,2.0,3.0,2.0,3.0,2.0,2.0,3.0,1.0,2.0,2.0,3.0,1.0,2.0,3.0,3.0,2.0,2.0,2.0,4.0,3.0,3.0,2.0,2.0,2.0,2.0,2.0,3.0,2.0,3.0,3.0,3.0,2.0,3.0,2.0,3.0,3.0,3.0,3.0,3.0,3.0,3.0,3.0,3.0,2.0,2.0,2.0,3.0,3.0,3.0,3.0,3.0,3.0,3.0,3.0,2.0,2.0,2.0,3.0,4.0,3.0,3.0,3.0,3.0,3.0,3.0,3.0,3.0,3.0,3.0,2.0,3.0,3.0,3.0,3.0,3.0,4.0,4.0,2.0,3.0,3.0,3.0,3.0,2.0,3.0,3.0,4.0,3.0,2.0,2.0,2.0,2.0,2.0,2.0,3.0,3.0,3.0,3.0,3.0,3.0,2.0,2.0,2.0,2.0,2.0,3.0,3.0,3.0,4.0,4.0,3.0,0.0,1.0,1.0,3.0,3.0,2.0,1.0,1.0,1.0,1.0,1.0,1.0,2.0,4.0,2.0,3.0,3.0,2.0,3.0
VC02,3.0,3.0,4.0,3.0,3.0,2.0,3.0,2.0,3.0,3.0,2.0,2.0,2.0,2.0,3.0,2.0,3.0,4.0,3.0,3.0,3.0,3.0,3.0,3.0,3.0,3.0,3.0,2.0,2.0,2.0,3.0,3.0,3.0,2.0,3.0,3.0,3.0,3.0,3.0,3.0,2.0,3.0,3.0,3.0,2.0,3.0,3.0,2.0,3.0,3.0,2.0,3.0,3.0,2.0,2.0,2.0,2.0,2.0,2.0,2.0,2.0,2.0,2.0,2.0,2.0,3.0,2.0,2.0,2.0,2.0,2.0,3.0,4.0,2.0,3.0,3.0,3.0,3.0,3.0,3.0,3.0,3.0,4.0,4.0,3.0,3.0,3.0,3.0,3.0,2.0,2.0,3.0,2.0,3.0,3.0,2.0,3.0,3.0,2.0,2.0,1.0,2.0,4.0,2.0,1.0,1.0,1.0,2.0,2.0,2.0,2.0,3.0,1.0,3.0,3.0,3.0,2.0,inf,inf,inf,inf,inf,inf,inf,inf,4.0,4.0,3.0,3.0,3.0,4.0,4.0,5.0,3.0,3.0,3.0,3.0,3.0,3.0,inf,inf,inf,inf,inf,inf,inf,inf,inf,inf,inf,inf,3.0,3.0,3.0,3.0,3.0,3.0,4.0,4.0,2.0,3.0,3.0,4.0,4.0,4.0,4.0,4.0,inf,inf,4.0,3.0,3.0,1.0,2.0,3.0,2.0,3.0,3.0,2.0,3.0,1.0,3.0,1.0,3.0,1.0,3.0,3.0,3.0,2.0,2.0,2.0,3.0,3.0,2.0,3.0,2.0,2.0,2.0,2.0,3.0,2.0,3.0,3.0,3.0,2.0,3.0,2.0,3.0,3.0,3.0,3.0,3.0,3.0,3.0,3.0,3.0,2.0,2.0,2.0,3.0,2.0,3.0,3.0,3.0,3.0,3.0,3.0,3.0,2.0,3.0,3.0,4.0,3.0,3.0,3.0,3.0,2.0,3.0,2.0,3.0,3.0,3.0,3.0,2.0,3.0,3.0,3.0,3.0,4.0,4.0,2.0,3.0,3.0,3.0,3.0,2.0,3.0,3.0,4.0,3.0,2.0,2.0,3.0,2.0,2.0,2.0,3.0,3.0,3.0,3.0,3.0,3.0,2.0,2.0,2.0,2.0,2.0,2.0,2.0,2.0,4.0,4.0,2.0,1.0,0.0,1.0,3.0,3.0,3.0,1.0,1.0,2.0,1.0,1.0,1.0,2.0,3.0,2.0,3.0,3.0,3.0,3.0
VC03,3.0,3.0,3.0,3.0,3.0,2.0,3.0,3.0,3.0,3.0,2.0,2.0,2.0,2.0,3.0,2.0,2.0,4.0,3.0,3.0,2.0,2.0,3.0,2.0,3.0,3.0,3.0,2.0,2.0,3.0,3.0,2.0,2.0,3.0,3.0,3.0,3.0,2.0,3.0,3.0,2.0,3.0,3.0,2.0,2.0,3.0,3.0,2.0,3.0,3.0,2.0,3.0,3.0,2.0,2.0,1.0,2.0,2.0,2.0,2.0,2.0,2.0,2.0,2.0,2.0,2.0,1.0,2.0,2.0,2.0,1.0,3.0,3.0,2.0,2.0,3.0,3.0,3.0,3.0,3.0,2.0,2.0,4.0,4.0,2.0,3.0,3.0,3.0,3.0,2.0,2.0,3.0,2.0,2.0,2.0,3.0,3.0,3.0,3.0,2.0,2.0,2.0,3.0,3.0,1.0,1.0,1.0,1.0,3.0,2.0,2.0,2.0,2.0,3.0,3.0,2.0,1.0,inf,inf,inf,inf,inf,inf,inf,inf,3.0,3.0,3.0,3.0,3.0,3.0,3.0,4.0,3.0,3.0,3.0,3.0,3.0,3.0,inf,inf,inf,inf,inf,inf,inf,inf,inf,inf,inf,inf,3.0,3.0,3.0,3.0,3.0,3.0,3.0,4.0,3.0,3.0,3.0,4.0,3.0,4.0,3.0,4.0,inf,inf,4.0,4.0,2.0,2.0,2.0,3.0,2.0,3.0,3.0,1.0,3.0,1.0,3.0,1.0,2.0,1.0,2.0,2.0,3.0,2.0,3.0,3.0,3.0,3.0,3.0,3.0,2.0,2.0,2.0,2.0,2.0,2.0,3.0,3.0,3.0,2.0,3.0,3.0,3.0,2.0,3.0,3.0,3.0,3.0,3.0,4.0,3.0,2.0,2.0,2.0,3.0,2.0,3.0,3.0,3.0,3.0,3.0,3.0,2.0,1.0,2.0,2.0,3.0,3.0,3.0,3.0,3.0,3.0,3.0,3.0,3.0,3.0,3.0,3.0,3.0,3.0,3.0,3.0,3.0,3.0,3.0,3.0,3.0,2.0,3.0,2.0,2.0,3.0,3.0,4.0,3.0,2.0,2.0,2.0,2.0,2.0,2.0,2.0,3.0,3.0,2.0,2.0,3.0,2.0,1.0,2.0,1.0,2.0,2.0,2.0,3.0,3.0,3.0,3.0,1.0,1.0,0.0,2.0,2.0,2.0,1.0,1.0,1.0,1.0,1.0,1.0,1.0,3.0,3.0,3.0,3.0,2.0,2.0
VC04,3.0,3.0,4.0,4.0,3.0,3.0,3.0,2.0,4.0,3.0,3.0,3.0,3.0,2.0,3.0,3.0,3.0,4.0,3.0,3.0,3.0,3.0,3.0,3.0,3.0,3.0,3.0,2.0,2.0,3.0,2.0,2.0,2.0,3.0,3.0,3.0,3.0,2.0,3.0,3.0,3.0,4.0,3.0,3.0,3.0,4.0,4.0,3.0,3.0,3.0,2.0,3.0,3.0,2.0,2.0,2.0,1.0,2.0,2.0,3.0,2.0,2.0,2.0,2.0,2.0,1.0,2.0,2.0,3.0,3.0,2.0,3.0,3.0,3.0,2.0,3.0,3.0,3.0,3.0,3.0,3.0,3.0,4.0,4.0,3.0,4.0,4.0,3.0,3.0,3.0,2.0,3.0,3.0,3.0,2.0,3.0,3.0,3.0,3.0,3.0,3.0,3.0,3.0,3.0,2.0,2.0,2.0,2.0,4.0,3.0,2.0,3.0,2.0,4.0,3.0,2.0,2.0,inf,inf,inf,inf,inf,inf,inf,inf,4.0,3.0,4.0,4.0,3.0,3.0,4.0,4.0,4.0,4.0,4.0,4.0,3.0,3.0,inf,inf,inf,inf,inf,inf,inf,inf,inf,inf,inf,inf,3.0,3.0,4.0,4.0,3.0,3.0,4.0,4.0,3.0,3.0,3.0,4.0,4.0,4.0,4.0,4.0,inf,inf,3.0,4.0,3.0,3.0,3.0,3.0,3.0,3.0,3.0,2.0,2.0,2.0,3.0,2.0,2.0,2.0,3.0,3.0,3.0,3.0,3.0,3.0,3.0,3.0,3.0,3.0,3.0,2.0,3.0,3.0,3.0,3.0,3.0,3.0,2.0,3.0,4.0,3.0,3.0,3.0,4.0,4.0,4.0,3.0,3.0,4.0,4.0,3.0,3.0,3.0,3.0,3.0,4.0,3.0,3.0,3.0,3.0,3.0,3.0,2.0,3.0,3.0,3.0,3.0,4.0,3.0,4.0,3.0,3.0,3.0,4.0,2.0,3.0,2.0,3.0,3.0,4.0,3.0,3.0,3.0,4.0,3.0,4.0,3.0,3.0,3.0,3.0,3.0,4.0,4.0,4.0,3.0,3.0,3.0,2.0,3.0,3.0,2.0,3.0,3.0,3.0,3.0,3.0,3.0,2.0,3.0,2.0,3.0,3.0,3.0,4.0,4.0,4.0,3.0,2.0,2.0,1.0,0.0,1.0,3.0,2.0,2.0,2.0,2.0,2.0,2.0,2.0,3.0,3.0,3.0,3.0,3.0,3.0
VC05,3.0,2.0,4.0,3.0,3.0,3.0,2.0,2.0,3.0,3.0,2.0,3.0,2.0,2.0,2.0,2.0,3.0,4.0,3.0,3.0,2.0,2.0,3.0,3.0,2.0,3.0,3.0,3.0,3.0,3.0,3.0,3.0,2.0,3.0,3.0,3.0,3.0,2.0,3.0,3.0,3.0,3.0,3.0,2.0,2.0,3.0,4.0,3.0,2.0,2.0,2.0,3.0,3.0,2.0,2.0,2.0,2.0,3.0,2.0,2.0,2.0,1.0,1.0,2.0,2.0,2.0,2.0,2.0,2.0,2.0,2.0,3.0,3.0,2.0,2.0,2.0,3.0,3.0,3.0,3.0,3.0,2.0,4.0,4.0,3.0,3.0,3.0,2.0,3.0,3.0,3.0,3.0,2.0,2.0,3.0,3.0,2.0,3.0,2.0,2.0,2.0,2.0,4.0,2.0,3.0,3.0,3.0,3.0,3.0,3.0,2.0,2.0,1.0,3.0,3.0,1.0,1.0,inf,inf,inf,inf,inf,inf,inf,inf,3.0,2.0,3.0,3.0,2.0,2.0,4.0,3.0,3.0,3.0,3.0,3.0,3.0,3.0,inf,inf,inf,inf,inf,inf,inf,inf,inf,inf,inf,inf,3.0,3.0,3.0,3.0,3.0,3.0,3.0,4.0,3.0,2.0,3.0,4.0,4.0,4.0,3.0,4.0,inf,inf,3.0,4.0,3.0,2.0,2.0,2.0,2.0,2.0,2.0,2.0,3.0,2.0,2.0,2.0,1.0,1.0,3.0,3.0,3.0,3.0,2.0,2.0,3.0,3.0,3.0,2.0,2.0,2.0,2.0,2.0,2.0,2.0,2.0,2.0,2.0,2.0,3.0,2.0,2.0,2.0,3.0,3.0,3.0,3.0,3.0,3.0,3.0,2.0,2.0,2.0,2.0,2.0,3.0,3.0,3.0,3.0,3.0,3.0,2.0,3.0,2.0,3.0,2.0,3.0,3.0,3.0,3.0,3.0,3.0,3.0,3.0,3.0,3.0,2.0,3.0,3.0,3.0,3.0,3.0,2.0,3.0,2.0,3.0,3.0,3.0,3.0,3.0,3.0,3.0,3.0,3.0,3.0,2.0,3.0,3.0,3.0,2.0,3.0,3.0,3.0,3.0,3.0,3.0,2.0,2.0,2.0,3.0,3.0,3.0,2.0,3.0,4.0,3.0,3.0,2.0,2.0,2.0,1.0,0.0,3.0,3.0,3.0,3.0,3.0,3.0,3.0,3.0,3.0,2.0,3.0,2.0,3.0,3.0
VC06,3.0,3.0,3.0,4.0,3.0,3.0,4.0,3.0,3.0,4.0,3.0,3.0,3.0,3.0,3.0,3.0,3.0,4.0,4.0,4.0,3.0,3.0,3.0,2.0,3.0,4.0,4.0,3.0,3.0,3.0,3.0,3.0,3.0,3.0,3.0,3.0,3.0,3.0,3.0,4.0,3.0,4.0,4.0,3.0,3.0,3.0,4.0,3.0,4.0,4.0,3.0,3.0,4.0,2.0,2.0,2.0,2.0,2.0,2.0,2.0,2.0,2.0,3.0,1.0,3.0,3.0,2.0,2.0,3.0,2.0,1.0,3.0,4.0,3.0,3.0,4.0,4.0,4.0,4.0,3.0,2.0,3.0,4.0,4.0,2.0,3.0,3.0,3.0,3.0,3.0,3.0,3.0,3.0,3.0,3.0,2.0,3.0,3.0,3.0,2.0,3.0,3.0,4.0,2.0,2.0,2.0,3.0,3.0,3.0,1.0,3.0,2.0,2.0,3.0,3.0,3.0,2.0,inf,inf,inf,inf,inf,inf,inf,inf,3.0,3.0,3.0,4.0,3.0,3.0,3.0,4.0,3.0,4.0,4.0,4.0,3.0,3.0,inf,inf,inf,inf,inf,inf,inf,inf,inf,inf,inf,inf,3.0,3.0,3.0,4.0,3.0,4.0,3.0,4.0,3.0,3.0,2.0,3.0,3.0,3.0,3.0,3.0,inf,inf,4.0,4.0,2.0,2.0,2.0,3.0,2.0,3.0,2.0,1.0,3.0,2.0,3.0,2.0,2.0,2.0,2.0,2.0,3.0,3.0,3.0,3.0,3.0,3.0,3.0,3.0,3.0,3.0,3.0,3.0,3.0,2.0,3.0,3.0,3.0,2.0,4.0,3.0,3.0,3.0,3.0,3.0,3.0,4.0,4.0,4.0,4.0,3.0,3.0,3.0,3.0,3.0,3.0,3.0,3.0,3.0,3.0,3.0,2.0,2.0,2.0,3.0,3.0,3.0,3.0,3.0,4.0,3.0,3.0,3.0,3.0,3.0,3.0,3.0,3.0,3.0,3.0,3.0,3.0,3.0,4.0,3.0,4.0,2.0,4.0,2.0,3.0,3.0,3.0,4.0,3.0,3.0,3.0,3.0,3.0,2.0,2.0,3.0,3.0,3.0,3.0,2.0,2.0,3.0,3.0,3.0,3.0,3.0,3.0,3.0,3.0,4.0,2.0,2.0,2.0,2.0,3.0,3.0,3.0,0.0,3.0,3.0,2.0,2.0,3.0,2.0,2.0,3.0,3.0,3.0,1.0,1.0,2.0
VD01,2.0,4.0,4.0,4.0,4.0,4.0,3.0,3.0,5.0,4.0,3.0,3.0,3.0,2.0,3.0,5.0,4.0,5.0,4.0,3.0,4.0,4.0,4.0,4.0,5.0,4.0,4.0,3.0,3.0,3.0,4.0,4.0,4.0,4.0,4.0,4.0,4.0,4.0,4.0,4.0,4.0,4.0,4.0,4.0,4.0,4.0,4.0,4.0,5.0,4.0,4.0,3.0,4.0,3.0,3.0,3.0,3.0,3.0,3.0,3.0,3.0,3.0,4.0,4.0,4.0,3.0,4.0,3.0,3.0,3.0,4.0,4.0,4.0,4.0,4.0,4.0,4.0,3.0,3.0,4.0,4.0,5.0,5.0,5.0,4.0,4.0,4.0,4.0,4.0,2.0,3.0,4.0,4.0,4.0,4.0,4.0,4.0,3.0,4.0,4.0,4.0,4.0,5.0,4.0,1.0,3.0,4.0,5.0,5.0,5.0,3.0,4.0,3.0,4.0,4.0,4.0,4.0,inf,inf,inf,inf,inf,inf,inf,inf,4.0,4.0,4.0,4.0,4.0,4.0,5.0,5.0,4.0,4.0,5.0,5.0,4.0,4.0,inf,inf,inf,inf,inf,inf,inf,inf,inf,inf,inf,inf,3.0,3.0,5.0,4.0,4.0,4.0,5.0,5.0,4.0,4.0,5.0,6.0,5.0,6.0,5.0,5.0,inf,inf,3.0,3.0,4.0,4.0,4.0,4.0,4.0,4.0,4.0,4.0,3.0,4.0,4.0,4.0,4.0,3.0,5.0,5.0,3.0,4.0,3.0,3.0,3.0,3.0,4.0,4.0,4.0,3.0,4.0,4.0,2.0,3.0,3.0,4.0,4.0,3.0,4.0,3.0,4.0,4.0,3.0,3.0,4.0,3.0,4.0,4.0,4.0,3.0,2.0,3.0,3.0,4.0,3.0,4.0,2.0,2.0,3.0,3.0,2.0,4.0,4.0,4.0,4.0,3.0,4.0,3.0,4.0,3.0,3.0,4.0,3.0,3.0,3.0,2.0,3.0,3.0,3.0,3.0,3.0,5.0,5.0,3.0,4.0,5.0,4.0,3.0,4.0,4.0,4.0,4.0,4.0,1.0,2.0,2.0,2.0,4.0,4.0,4.0,4.0,4.0,4.0,4.0,4.0,1.0,2.0,3.0,3.0,4.0,5.0,4.0,5.0,5.0,5.0,4.0,4.0,3.0,4.0,5.0,5.0,5.0,0.0,2.0,3.0,3.0,4.0,4.0,5.0,5.0,4.0,5.0,5.0,5.0,5.0
VD02,3.0,4.0,4.0,4.0,4.0,4.0,3.0,3.0,4.0,4.0,4.0,4.0,3.0,3.0,3.0,4.0,4.0,5.0,4.0,4.0,4.0,4.0,4.0,2.0,4.0,4.0,4.0,3.0,1.0,3.0,2.0,3.0,3.0,3.0,3.0,3.0,3.0,3.0,3.0,4.0,4.0,4.0,5.0,3.0,3.0,4.0,4.0,4.0,5.0,4.0,4.0,4.0,4.0,2.0,2.0,3.0,3.0,2.0,3.0,1.0,3.0,4.0,3.0,3.0,3.0,4.0,3.0,3.0,3.0,3.0,3.0,4.0,4.0,4.0,4.0,4.0,4.0,4.0,4.0,4.0,3.0,4.0,5.0,5.0,3.0,4.0,3.0,4.0,2.0,2.0,2.0,2.0,3.0,3.0,3.0,3.0,3.0,2.0,3.0,2.0,2.0,3.0,4.0,3.0,1.0,2.0,3.0,3.0,3.0,3.0,3.0,4.0,3.0,3.0,3.0,4.0,4.0,inf,inf,inf,inf,inf,inf,inf,inf,4.0,4.0,4.0,4.0,4.0,4.0,4.0,5.0,4.0,4.0,4.0,4.0,3.0,3.0,inf,inf,inf,inf,inf,inf,inf,inf,inf,inf,inf,inf,4.0,4.0,4.0,4.0,4.0,4.0,5.0,4.0,3.0,3.0,4.0,5.0,4.0,5.0,5.0,4.0,inf,inf,4.0,4.0,4.0,2.0,2.0,3.0,3.0,4.0,3.0,4.0,3.0,3.0,4.0,3.0,3.0,2.0,4.0,3.0,3.0,4.0,4.0,4.0,3.0,3.0,3.0,3.0,4.0,3.0,3.0,3.0,3.0,4.0,4.0,4.0,4.0,3.0,4.0,4.0,4.0,3.0,3.0,3.0,3.0,4.0,4.0,5.0,4.0,3.0,3.0,3.0,2.0,4.0,3.0,3.0,3.0,3.0,4.0,3.0,2.0,2.0,2.0,3.0,4.0,3.0,3.0,3.0,4.0,3.0,3.0,3.0,3.0,4.0,3.0,3.0,3.0,3.0,3.0,4.0,3.0,4.0,5.0,4.0,4.0,4.0,4.0,3.0,4.0,4.0,4.0,4.0,4.0,2.0,1.0,2.0,2.0,3.0,3.0,3.0,3.0,3.0,3.0,3.0,3.0,2.0,1.0,3.0,3.0,4.0,3.0,3.0,3.0,4.0,4.0,3.0,3.0,2.0,3.0,5.0,5.0,4.0,2.0,0.0,2.0,3.0,3.0,3.0,4.0,4.0,4.0,4.0,4.0,4.0,4.0
VD03,4.0,5.0,5.0,5.0,5.0,4.0,4.0,4.0,5.0,5.0,4.0,4.0,4.0,4.0,4.0,4.0,5.0,6.0,5.0,5.0,5.0,4.0,5.0,3.0,5.0,5.0,5.0,4.0,3.0,3.0,3.0,4.0,4.0,4.0,4.0,4.0,4.0,4.0,4.0,5.0,4.0,5.0,5.0,4.0,4.0,5.0,5.0,4.0,5.0,5.0,4.0,5.0,5.0,3.0,3.0,4.0,4.0,3.0,4.0,2.0,3.0,4.0,4.0,4.0,4.0,5.0,4.0,4.0,4.0,4.0,4.0,5.0,5.0,4.0,5.0,5.0,5.0,5.0,5.0,5.0,4.0,5.0,6.0,6.0,4.0,5.0,4.0,5.0,3.0,2.0,3.0,3.0,4.0,4.0,4.0,4.0,4.0,3.0,4.0,3.0,3.0,4.0,5.0,4.0,1.0,2.0,3.0,4.0,4.0,4.0,4.0,5.0,3.0,4.0,4.0,5.0,4.0,inf,inf,inf,inf,inf,inf,inf,inf,5.0,5.0,5.0,5.0,5.0,5.0,5.0,6.0,5.0,5.0,5.0,5.0,4.0,4.0,inf,inf,inf,inf,inf,inf,inf,inf,inf,inf,inf,inf,4.0,5.0,5.0,5.0,5.0,5.0,6.0,5.0,4.0,4.0,5.0,6.0,5.0,6.0,6.0,5.0,inf,inf,5.0,5.0,5.0,3.0,3.0,4.0,4.0,5.0,4.0,4.0,4.0,3.0,5.0,3.0,4.0,3.0,5.0,4.0,4.0,4.0,4.0,4.0,4.0,4.0,4.0,4.0,4.0,4.0,4.0,4.0,4.0,4.0,5.0,5.0,5.0,4.0,5.0,4.0,5.0,4.0,4.0,4.0,4.0,5.0,5.0,5.0,5.0,4.0,4.0,4.0,3.0,4.0,4.0,4.0,4.0,4.0,5.0,4.0,3.0,3.0,3.0,4.0,5.0,4.0,4.0,4.0,5.0,4.0,4.0,4.0,4.0,5.0,4.0,4.0,4.0,4.0,4.0,5.0,4.0,5.0,6.0,4.0,5.0,5.0,5.0,4.0,4.0,5.0,5.0,5.0,5.0,3.0,2.0,1.0,2.0,2.0,3.0,4.0,4.0,4.0,4.0,4.0,4.0,3.0,1.0,1.0,3.0,4.0,4.0,4.0,4.0,5.0,5.0,4.0,3.0,2.0,3.0,5.0,5.0,5.0,3.0,2.0,0.0,2.0,3.0,3.0,4.0,5.0,4.0,5.0,5.0,5.0,5.0
VD04,5.0,4.0,4.0,4.0,4.0,4.0,4.0,4.0,4.0,5.0,5.0,4.0,4.0,4.0,5.0,4.0,4.0,5.0,5.0,5.0,4.0,3.0,4.0,4.0,4.0,4.0,4.0,4.0,3.0,3.0,3.0,3.0,3.0,3.0,3.0,3.0,3.0,3.0,3.0,5.0,4.0,5.0,5.0,5.0,4.0,5.0,4.0,5.0,5.0,5.0,5.0,5.0,4.0,3.0,2.0,3.0,3.0,2.0,3.0,3.0,2.0,4.0,5.0,3.0,4.0,5.0,3.0,4.0,4.0,4.0,4.0,5.0,5.0,4.0,5.0,4.0,5.0,4.0,5.0,4.0,5.0,5.0,5.0,5.0,3.0,4.0,4.0,5.0,3.0,3.0,3.0,3.0,3.0,3.0,3.0,3.0,3.0,4.0,3.0,3.0,4.0,3.0,4.0,4.0,3.0,2.0,3.0,4.0,4.0,4.0,4.0,5.0,3.0,4.0,4.0,5.0,4.0,inf,inf,inf,inf,inf,inf,inf,inf,4.0,5.0,5.0,5.0,4.0,5.0,4.0,6.0,5.0,4.0,5.0,5.0,3.0,3.0,inf,inf,inf,inf,inf,inf,inf,inf,inf,inf,inf,inf,3.0,4.0,4.0,5.0,4.0,4.0,6.0,4.0,3.0,3.0,4.0,5.0,4.0,5.0,5.0,4.0,inf,inf,4.0,5.0,4.0,3.0,3.0,4.0,4.0,4.0,4.0,4.0,4.0,4.0,5.0,4.0,4.0,4.0,4.0,4.0,4.0,4.0,4.0,4.0,4.0,4.0,4.0,5.0,4.0,3.0,4.0,4.0,4.0,3.0,4.0,4.0,4.0,4.0,5.0,4.0,4.0,5.0,4.0,4.0,4.0,4.0,4.0,4.0,5.0,4.0,4.0,4.0,4.0,3.0,4.0,4.0,4.0,4.0,4.0,3.0,3.0,3.0,3.0,4.0,5.0,4.0,4.0,4.0,4.0,4.0,4.0,4.0,4.0,4.0,4.0,5.0,4.0,4.0,4.0,4.0,3.0,4.0,5.0,4.0,5.0,4.0,4.0,4.0,3.0,4.0,5.0,4.0,5.0,3.0,3.0,3.0,1.0,2.0,3.0,3.0,3.0,3.0,3.0,3.0,3.0,4.0,3.0,1.0,2.0,3.0,4.0,4.0,4.0,4.0,4.0,4.0,4.0,4.0,4.0,5.0,5.0,5.0,4.0,4.0,2.0,0.0,3.0,4.0,4.0,4.0,4.0,4.0,4.0,4.0,4.0
VD05,2.0,4.0,4.0,4.0,3.0,4.0,3.0,3.0,4.0,4.0,3.0,3.0,3.0,2.0,3.0,4.0,4.0,5.0,4.0,3.0,3.0,3.0,3.0,3.0,4.0,3.0,3.0,3.0,2.0,2.0,3.0,2.0,2.0,2.0,2.0,2.0,2.0,3.0,2.0,4.0,4.0,4.0,4.0,4.0,3.0,4.0,3.0,4.0,4.0,4.0,4.0,3.0,4.0,2.0,1.0,2.0,2.0,2.0,2.0,2.0,2.0,3.0,4.0,2.0,3.0,3.0,3.0,3.0,3.0,3.0,3.0,4.0,4.0,4.0,4.0,4.0,4.0,3.0,3.0,3.0,4.0,4.0,4.0,4.0,3.0,4.0,3.0,4.0,2.0,2.0,2.0,2.0,2.0,2.0,2.0,2.0,2.0,3.0,2.0,2.0,3.0,2.0,3.0,3.0,2.0,2.0,1.0,3.0,3.0,3.0,3.0,4.0,3.0,3.0,3.0,4.0,3.0,inf,inf,inf,inf,inf,inf,inf,inf,3.0,4.0,4.0,4.0,4.0,4.0,4.0,5.0,4.0,4.0,4.0,4.0,2.0,2.0,inf,inf,inf,inf,inf,inf,inf,inf,inf,inf,inf,inf,3.0,3.0,4.0,4.0,3.0,4.0,5.0,3.0,2.0,2.0,3.0,4.0,3.0,4.0,5.0,4.0,inf,inf,3.0,3.0,3.0,2.0,2.0,3.0,3.0,3.0,3.0,3.0,3.0,3.0,4.0,3.0,3.0,3.0,3.0,3.0,3.0,3.0,3.0,3.0,3.0,3.0,3.0,4.0,4.0,2.0,4.0,3.0,2.0,3.0,3.0,4.0,3.0,3.0,4.0,3.0,3.0,4.0,3.0,3.0,4.0,3.0,3.0,4.0,4.0,3.0,2.0,3.0,3.0,3.0,3.0,3.0,2.0,2.0,3.0,2.0,2.0,3.0,2.0,3.0,4.0,3.0,4.0,3.0,4.0,3.0,3.0,3.0,3.0,3.0,3.0,2.0,3.0,3.0,3.0,3.0,2.0,4.0,5.0,3.0,4.0,4.0,4.0,3.0,3.0,4.0,4.0,4.0,4.0,2.0,2.0,2.0,2.0,1.0,1.0,2.0,2.0,2.0,2.0,2.0,3.0,1.0,2.0,3.0,1.0,2.0,3.0,3.0,3.0,3.0,3.0,3.0,3.0,3.0,3.0,4.0,4.0,4.0,2.0,2.0,3.0,2.0,0.0,2.0,3.0,3.0,3.0,3.0,3.0,3.0,3.0
VD06,3.0,3.0,3.0,4.0,3.0,4.0,4.0,3.0,3.0,4.0,3.0,4.0,3.0,3.0,3.0,4.0,3.0,4.0,4.0,4.0,3.0,3.0,3.0,2.0,3.0,4.0,4.0,3.0,2.0,2.0,3.0,2.0,2.0,3.0,2.0,2.0,3.0,2.0,2.0,4.0,4.0,4.0,4.0,3.0,3.0,3.0,4.0,4.0,4.0,4.0,4.0,3.0,4.0,1.0,2.0,2.0,2.0,2.0,2.0,2.0,2.0,3.0,3.0,3.0,3.0,3.0,2.0,2.0,3.0,3.0,2.0,3.0,4.0,4.0,3.0,4.0,4.0,4.0,4.0,3.0,2.0,3.0,4.0,4.0,2.0,3.0,3.0,3.0,2.0,2.0,2.0,2.0,2.0,2.0,2.0,2.0,2.0,3.0,3.0,2.0,3.0,2.0,3.0,2.0,3.0,2.0,1.0,3.0,3.0,3.0,3.0,3.0,3.0,3.0,3.0,3.0,2.0,inf,inf,inf,inf,inf,inf,inf,inf,3.0,3.0,3.0,4.0,3.0,3.0,3.0,4.0,3.0,4.0,4.0,4.0,2.0,2.0,inf,inf,inf,inf,inf,inf,inf,inf,inf,inf,inf,inf,3.0,4.0,3.0,4.0,3.0,4.0,4.0,3.0,3.0,3.0,4.0,4.0,3.0,4.0,4.0,3.0,inf,inf,4.0,4.0,2.0,2.0,2.0,3.0,2.0,3.0,2.0,1.0,4.0,3.0,4.0,3.0,2.0,2.0,2.0,2.0,2.0,3.0,3.0,4.0,3.0,3.0,3.0,3.0,3.0,3.0,3.0,3.0,3.0,3.0,3.0,3.0,3.0,3.0,3.0,3.0,3.0,3.0,3.0,3.0,3.0,3.0,4.0,4.0,4.0,3.0,3.0,3.0,3.0,3.0,3.0,3.0,3.0,4.0,4.0,3.0,3.0,2.0,3.0,3.0,3.0,3.0,3.0,3.0,3.0,3.0,3.0,3.0,3.0,4.0,3.0,4.0,3.0,3.0,3.0,3.0,3.0,3.0,4.0,4.0,4.0,2.0,4.0,2.0,3.0,3.0,4.0,4.0,4.0,2.0,2.0,2.0,2.0,2.0,1.0,2.0,2.0,2.0,2.0,2.0,2.0,3.0,3.0,3.0,2.0,1.0,3.0,3.0,3.0,3.0,3.0,3.0,3.0,2.0,3.0,3.0,3.0,3.0,3.0,3.0,2.0,2.0,2.0,0.0,2.0,3.0,3.0,3.0,3.0,2.0,2.0
VD07,4.0,4.0,4.0,5.0,4.0,4.0,5.0,4.0,4.0,4.0,4.0,4.0,4.0,4.0,4.0,4.0,4.0,4.0,4.0,4.0,3.0,3.0,4.0,3.0,4.0,4.0,4.0,3.0,2.0,2.0,2.0,3.0,3.0,3.0,3.0,4.0,4.0,3.0,4.0,4.0,4.0,5.0,5.0,4.0,4.0,4.0,4.0,5.0,5.0,5.0,5.0,3.0,3.0,3.0,3.0,3.0,3.0,3.0,3.0,3.0,3.0,4.0,4.0,4.0,4.0,4.0,3.0,3.0,4.0,4.0,3.0,4.0,5.0,4.0,4.0,4.0,5.0,4.0,4.0,4.0,3.0,4.0,5.0,5.0,3.0,4.0,4.0,4.0,3.0,3.0,3.0,4.0,3.0,4.0,4.0,4.0,4.0,3.0,3.0,3.0,3.0,4.0,5.0,3.0,3.0,3.0,2.0,1.0,2.0,3.0,2.0,4.0,4.0,4.0,4.0,4.0,3.0,inf,inf,inf,inf,inf,inf,inf,inf,4.0,4.0,4.0,4.0,4.0,4.0,4.0,5.0,4.0,5.0,5.0,5.0,4.0,4.0,inf,inf,inf,inf,inf,inf,inf,inf,inf,inf,inf,inf,4.0,4.0,4.0,5.0,4.0,5.0,5.0,5.0,3.0,4.0,5.0,5.0,4.0,5.0,5.0,4.0,inf,inf,4.0,4.0,3.0,3.0,3.0,4.0,3.0,4.0,4.0,2.0,4.0,3.0,5.0,4.0,3.0,3.0,3.0,3.0,3.0,3.0,4.0,4.0,4.0,4.0,3.0,4.0,4.0,4.0,4.0,4.0,4.0,3.0,4.0,4.0,3.0,4.0,4.0,4.0,4.0,4.0,4.0,4.0,4.0,4.0,4.0,5.0,5.0,4.0,4.0,4.0,4.0,4.0,4.0,4.0,4.0,3.0,3.0,3.0,3.0,4.0,4.0,4.0,4.0,4.0,4.0,4.0,4.0,4.0,4.0,4.0,4.0,3.0,3.0,3.0,3.0,4.0,4.0,3.0,4.0,4.0,5.0,5.0,5.0,3.0,5.0,3.0,4.0,3.0,5.0,5.0,5.0,4.0,3.0,4.0,4.0,3.0,3.0,1.0,2.0,2.0,2.0,3.0,3.0,3.0,4.0,4.0,4.0,3.0,1.0,1.0,3.0,3.0,4.0,3.0,4.0,3.0,4.0,4.0,4.0,4.0,3.0,3.0,3.0,3.0,4.0,2.0,0.0,2.0,2.0,3.0,3.0,3.0,3.0
VD08,4.0,4.0,4.0,4.0,3.0,3.0,3.0,3.0,4.0,3.0,4.0,3.0,2.0,2.0,4.0,4.0,4.0,4.0,3.0,3.0,3.0,3.0,4.0,4.0,4.0,3.0,3.0,3.0,4.0,2.0,2.0,2.0,2.0,2.0,2.0,4.0,4.0,3.0,4.0,4.0,4.0,4.0,4.0,3.0,3.0,4.0,4.0,4.0,5.0,4.0,4.0,3.0,3.0,3.0,3.0,3.0,3.0,3.0,4.0,3.0,3.0,4.0,4.0,4.0,4.0,4.0,4.0,4.0,2.0,2.0,2.0,3.0,4.0,4.0,4.0,4.0,4.0,3.0,3.0,3.0,3.0,4.0,5.0,5.0,3.0,3.0,3.0,3.0,4.0,4.0,3.0,3.0,3.0,4.0,4.0,4.0,4.0,3.0,3.0,4.0,3.0,4.0,5.0,3.0,3.0,3.0,3.0,1.0,2.0,2.0,3.0,3.0,2.0,3.0,4.0,4.0,3.0,inf,inf,inf,inf,inf,inf,inf,inf,4.0,4.0,4.0,4.0,4.0,4.0,4.0,5.0,3.0,3.0,3.0,3.0,4.0,4.0,inf,inf,inf,inf,inf,inf,inf,inf,inf,inf,inf,inf,4.0,3.0,3.0,3.0,3.0,3.0,4.0,5.0,3.0,3.0,5.0,5.0,5.0,6.0,4.0,5.0,inf,inf,4.0,4.0,4.0,4.0,4.0,3.0,3.0,3.0,4.0,3.0,3.0,3.0,3.0,4.0,4.0,1.0,3.0,4.0,3.0,3.0,3.0,3.0,4.0,3.0,3.0,3.0,4.0,2.0,2.0,2.0,3.0,3.0,3.0,3.0,3.0,2.0,3.0,3.0,3.0,3.0,3.0,3.0,4.0,4.0,3.0,4.0,3.0,2.0,2.0,2.0,3.0,4.0,3.0,3.0,3.0,3.0,3.0,3.0,3.0,3.0,3.0,4.0,4.0,3.0,3.0,4.0,3.0,3.0,3.0,4.0,3.0,3.0,4.0,4.0,4.0,3.0,3.0,3.0,3.0,4.0,4.0,3.0,3.0,4.0,4.0,3.0,3.0,4.0,3.0,4.0,3.0,4.0,4.0,4.0,4.0,4.0,4.0,3.0,1.0,1.0,2.0,3.0,4.0,3.0,4.0,4.0,4.0,4.0,2.0,1.0,2.0,3.0,3.0,4.0,3.0,3.0,4.0,4.0,4.0,3.0,4.0,3.0,3.0,3.0,3.0,3.0,2.0,0.0,2.0,2.0,2.0,3.0,3.0
VD09,5.0,5.0,5.0,6.0,5.0,5.0,5.0,5.0,5.0,5.0,5.0,5.0,4.0,4.0,5.0,6.0,5.0,6.0,5.0,5.0,5.0,5.0,5.0,4.0,5.0,5.0,5.0,5.0,4.0,4.0,5.0,4.0,4.0,2.0,2.0,3.0,3.0,4.0,4.0,6.0,6.0,6.0,6.0,5.0,5.0,5.0,5.0,6.0,6.0,6.0,6.0,5.0,5.0,4.0,3.0,4.0,4.0,4.0,4.0,4.0,4.0,5.0,5.0,5.0,5.0,5.0,4.0,4.0,4.0,4.0,4.0,5.0,6.0,6.0,5.0,6.0,6.0,5.0,5.0,5.0,4.0,5.0,6.0,6.0,4.0,5.0,5.0,5.0,4.0,4.0,4.0,4.0,3.0,4.0,4.0,4.0,4.0,5.0,4.0,4.0,3.0,4.0,5.0,3.0,5.0,4.0,3.0,2.0,2.0,2.0,5.0,5.0,4.0,5.0,5.0,5.0,4.0,inf,inf,inf,inf,inf,inf,inf,inf,5.0,5.0,5.0,6.0,5.0,5.0,5.0,6.0,5.0,5.0,5.0,5.0,4.0,4.0,inf,inf,inf,inf,inf,inf,inf,inf,inf,inf,inf,inf,5.0,5.0,5.0,5.0,5.0,5.0,6.0,5.0,4.0,4.0,6.0,6.0,5.0,6.0,6.0,5.0,inf,inf,5.0,6.0,4.0,4.0,4.0,5.0,4.0,5.0,5.0,3.0,5.0,5.0,5.0,5.0,4.0,3.0,4.0,4.0,5.0,5.0,5.0,5.0,5.0,5.0,5.0,5.0,5.0,4.0,4.0,4.0,5.0,5.0,5.0,5.0,5.0,4.0,5.0,5.0,5.0,5.0,5.0,5.0,5.0,6.0,5.0,6.0,5.0,4.0,4.0,4.0,5.0,5.0,5.0,5.0,5.0,5.0,5.0,4.0,5.0,5.0,4.0,5.0,5.0,5.0,5.0,5.0,5.0,5.0,5.0,5.0,5.0,5.0,5.0,6.0,5.0,5.0,5.0,5.0,4.0,5.0,6.0,5.0,5.0,4.0,6.0,4.0,5.0,5.0,5.0,6.0,5.0,5.0,4.0,4.0,4.0,4.0,4.0,4.0,4.0,1.0,3.0,2.0,4.0,5.0,5.0,5.0,5.0,4.0,4.0,2.0,1.0,3.0,3.0,4.0,5.0,4.0,5.0,5.0,5.0,4.0,5.0,5.0,4.0,4.0,4.0,3.0,3.0,3.0,0.0,2.0,2.0,3.0,3.0
VD10,5.0,5.0,5.0,6.0,5.0,5.0,5.0,5.0,5.0,5.0,5.0,5.0,4.0,4.0,5.0,6.0,5.0,6.0,5.0,5.0,5.0,5.0,5.0,4.0,5.0,5.0,5.0,5.0,4.0,4.0,5.0,4.0,4.0,2.0,2.0,3.0,3.0,2.0,4.0,6.0,6.0,6.0,6.0,5.0,5.0,5.0,5.0,6.0,6.0,6.0,6.0,5.0,5.0,4.0,3.0,4.0,4.0,4.0,4.0,4.0,4.0,5.0,5.0,4.0,5.0,5.0,4.0,4.0,4.0,4.0,4.0,5.0,6.0,6.0,5.0,6.0,6.0,5.0,5.0,5.0,4.0,5.0,6.0,6.0,4.0,5.0,5.0,5.0,4.0,4.0,4.0,4.0,3.0,4.0,4.0,4.0,4.0,5.0,4.0,4.0,3.0,4.0,5.0,3.0,5.0,4.0,3.0,4.0,2.0,2.0,5.0,5.0,4.0,5.0,5.0,5.0,4.0,inf,inf,inf,inf,inf,inf,inf,inf,5.0,5.0,5.0,6.0,5.0,5.0,5.0,6.0,5.0,5.0,5.0,5.0,4.0,4.0,inf,inf,inf,inf,inf,inf,inf,inf,inf,inf,inf,inf,5.0,5.0,5.0,5.0,5.0,5.0,6.0,5.0,4.0,4.0,5.0,5.0,5.0,6.0,5.0,4.0,inf,inf,5.0,6.0,4.0,4.0,4.0,5.0,4.0,5.0,5.0,3.0,5.0,5.0,5.0,5.0,4.0,3.0,4.0,4.0,5.0,5.0,5.0,5.0,5.0,5.0,5.0,5.0,5.0,4.0,4.0,4.0,5.0,5.0,5.0,5.0,5.0,4.0,5.0,5.0,5.0,5.0,5.0,5.0,5.0,6.0,5.0,6.0,5.0,4.0,4.0,4.0,5.0,5.0,5.0,5.0,5.0,5.0,5.0,4.0,5.0,5.0,4.0,5.0,5.0,5.0,5.0,5.0,5.0,5.0,5.0,5.0,5.0,5.0,5.0,6.0,5.0,5.0,5.0,5.0,4.0,5.0,6.0,5.0,5.0,4.0,6.0,4.0,5.0,5.0,5.0,6.0,5.0,5.0,4.0,4.0,4.0,4.0,4.0,4.0,4.0,4.0,1.0,2.0,3.0,5.0,5.0,5.0,5.0,4.0,4.0,4.0,2.0,1.0,3.0,3.0,5.0,4.0,5.0,5.0,5.0,3.0,5.0,5.0,4.0,4.0,4.0,3.0,3.0,4.0,3.0,0.0,2.0,2.0,3.0
VD11,4.0,4.0,4.0,4.0,3.0,3.0,3.0,3.0,4.0,3.0,4.0,3.0,2.0,2.0,4.0,4.0,4.0,4.0,3.0,3.0,3.0,3.0,3.0,3.0,4.0,3.0,3.0,3.0,2.0,2.0,3.0,2.0,2.0,2.0,2.0,2.0,2.0,3.0,2.0,4.0,4.0,4.0,4.0,3.0,3.0,4.0,3.0,4.0,4.0,4.0,4.0,3.0,3.0,2.0,1.0,2.0,2.0,2.0,2.0,2.0,2.0,4.0,4.0,3.0,3.0,4.0,3.0,3.0,2.0,2.0,2.0,3.0,4.0,4.0,4.0,4.0,4.0,3.0,3.0,3.0,3.0,4.0,4.0,4.0,3.0,3.0,3.0,3.0,2.0,2.0,2.0,2.0,2.0,2.0,2.0,2.0,2.0,3.0,2.0,2.0,3.0,2.0,3.0,2.0,3.0,3.0,3.0,3.0,3.0,1.0,3.0,3.0,2.0,3.0,3.0,4.0,3.0,inf,inf,inf,inf,inf,inf,inf,inf,3.0,4.0,4.0,4.0,4.0,4.0,4.0,5.0,3.0,3.0,3.0,3.0,2.0,2.0,inf,inf,inf,inf,inf,inf,inf,inf,inf,inf,inf,inf,3.0,3.0,3.0,3.0,3.0,3.0,4.0,3.0,2.0,2.0,4.0,5.0,3.0,4.0,4.0,4.0,inf,inf,3.0,4.0,3.0,2.0,2.0,3.0,3.0,3.0,3.0,2.0,3.0,3.0,3.0,4.0,3.0,1.0,3.0,3.0,3.0,3.0,3.0,3.0,4.0,3.0,3.0,3.0,4.0,2.0,2.0,2.0,3.0,3.0,3.0,3.0,3.0,2.0,3.0,3.0,3.0,3.0,3.0,3.0,4.0,4.0,3.0,4.0,3.0,2.0,2.0,2.0,3.0,3.0,3.0,3.0,3.0,3.0,3.0,2.0,3.0,3.0,2.0,3.0,4.0,3.0,3.0,3.0,3.0,3.0,3.0,3.0,3.0,3.0,4.0,4.0,3.0,3.0,3.0,3.0,2.0,4.0,4.0,3.0,3.0,3.0,4.0,3.0,3.0,4.0,3.0,4.0,3.0,3.0,2.0,2.0,2.0,2.0,2.0,2.0,2.0,2.0,2.0,1.0,3.0,3.0,3.0,3.0,3.0,3.0,3.0,3.0,3.0,3.0,1.0,3.0,3.0,3.0,3.0,4.0,4.0,3.0,3.0,3.0,3.0,3.0,3.0,3.0,3.0,3.0,3.0,3.0,0.0,2.0,2.0
VD12,4.0,4.0,4.0,4.0,4.0,4.0,5.0,3.0,4.0,5.0,4.0,4.0,4.0,4.0,4.0,4.0,4.0,5.0,5.0,5.0,4.0,4.0,4.0,3.0,4.0,5.0,4.0,3.0,3.0,3.0,4.0,3.0,3.0,4.0,2.0,2.0,2.0,2.0,2.0,5.0,4.0,5.0,5.0,4.0,3.0,4.0,5.0,4.0,5.0,5.0,4.0,4.0,4.0,2.0,3.0,3.0,3.0,3.0,3.0,3.0,3.0,3.0,4.0,2.0,3.0,3.0,3.0,3.0,4.0,3.0,2.0,4.0,5.0,4.0,4.0,4.0,5.0,4.0,4.0,4.0,3.0,4.0,5.0,5.0,3.0,4.0,4.0,4.0,3.0,3.0,3.0,3.0,3.0,3.0,3.0,2.0,2.0,4.0,3.0,3.0,3.0,3.0,4.0,2.0,3.0,3.0,4.0,3.0,3.0,1.0,3.0,3.0,3.0,3.0,4.0,4.0,3.0,inf,inf,inf,inf,inf,inf,inf,inf,4.0,4.0,4.0,5.0,4.0,4.0,4.0,5.0,4.0,5.0,5.0,5.0,2.0,3.0,inf,inf,inf,inf,inf,inf,inf,inf,inf,inf,inf,inf,4.0,4.0,4.0,5.0,4.0,4.0,4.0,4.0,3.0,4.0,3.0,3.0,3.0,4.0,3.0,2.0,inf,inf,5.0,4.0,3.0,2.0,2.0,3.0,3.0,4.0,3.0,2.0,4.0,3.0,4.0,3.0,3.0,3.0,2.0,2.0,3.0,4.0,4.0,4.0,4.0,4.0,3.0,4.0,4.0,4.0,4.0,4.0,4.0,3.0,4.0,4.0,4.0,3.0,4.0,4.0,4.0,4.0,4.0,4.0,4.0,4.0,4.0,5.0,5.0,4.0,4.0,4.0,4.0,4.0,4.0,4.0,4.0,4.0,4.0,4.0,3.0,3.0,3.0,4.0,4.0,4.0,4.0,4.0,4.0,3.0,4.0,3.0,3.0,4.0,4.0,4.0,3.0,4.0,4.0,4.0,4.0,4.0,5.0,4.0,5.0,3.0,4.0,3.0,4.0,4.0,4.0,5.0,4.0,3.0,3.0,3.0,3.0,3.0,3.0,3.0,3.0,3.0,3.0,1.0,1.0,4.0,4.0,3.0,3.0,4.0,3.0,3.0,3.0,4.0,2.0,1.0,3.0,3.0,4.0,4.0,4.0,1.0,4.0,4.0,3.0,3.0,4.0,3.0,3.0,3.0,3.0,3.0,2.0,0.0,2.0
VD13,4.0,3.0,3.0,3.0,3.0,3.0,3.0,3.0,4.0,4.0,4.0,4.0,3.0,3.0,4.0,4.0,3.0,4.0,4.0,4.0,3.0,3.0,3.0,3.0,3.0,3.0,3.0,2.0,2.0,2.0,3.0,2.0,2.0,2.0,2.0,2.0,2.0,2.0,2.0,4.0,4.0,4.0,4.0,4.0,3.0,4.0,3.0,4.0,4.0,5.0,4.0,3.0,3.0,2.0,1.0,2.0,2.0,2.0,2.0,2.0,2.0,3.0,3.0,3.0,2.0,3.0,2.0,3.0,3.0,3.0,2.0,4.0,4.0,4.0,4.0,3.0,4.0,4.0,3.0,3.0,4.0,3.0,4.0,4.0,3.0,4.0,3.0,3.0,2.0,2.0,2.0,2.0,2.0,2.0,2.0,2.0,2.0,3.0,2.0,2.0,2.0,2.0,3.0,2.0,3.0,3.0,3.0,3.0,3.0,1.0,2.0,3.0,3.0,2.0,3.0,4.0,3.0,inf,inf,inf,inf,inf,inf,inf,inf,3.0,3.0,4.0,4.0,3.0,3.0,4.0,4.0,4.0,4.0,4.0,4.0,2.0,2.0,inf,inf,inf,inf,inf,inf,inf,inf,inf,inf,inf,inf,3.0,4.0,4.0,4.0,3.0,4.0,4.0,3.0,2.0,2.0,4.0,3.0,3.0,4.0,3.0,2.0,inf,inf,3.0,4.0,3.0,2.0,1.0,2.0,2.0,3.0,3.0,3.0,3.0,2.0,4.0,3.0,2.0,2.0,1.0,2.0,3.0,3.0,3.0,4.0,4.0,4.0,2.0,4.0,3.0,2.0,3.0,3.0,3.0,3.0,3.0,3.0,3.0,3.0,4.0,3.0,3.0,4.0,4.0,4.0,4.0,4.0,3.0,4.0,4.0,3.0,3.0,3.0,3.0,3.0,4.0,3.0,4.0,3.0,3.0,2.0,3.0,3.0,2.0,3.0,3.0,4.0,4.0,3.0,4.0,3.0,4.0,3.0,2.0,3.0,3.0,3.0,3.0,3.0,4.0,3.0,2.0,3.0,4.0,4.0,4.0,4.0,4.0,3.0,3.0,3.0,4.0,4.0,4.0,3.0,2.0,2.0,2.0,2.0,2.0,2.0,2.0,2.0,2.0,2.0,1.0,3.0,3.0,2.0,2.0,3.0,2.0,2.0,2.0,3.0,3.0,2.0,3.0,3.0,3.0,4.0,4.0,2.0,3.0,3.0,3.0,3.0,3.0,3.0,3.0,3.0,3.0,3.0,3.0,1.0,0.0
