,ADAL,ADAR,ADEL,ADER,ADFL,ADFR,ADLL,ADLR,AFDL,AFDR,AIAL,AIAR,AIBL,AIBR,AIML,AIMR,AINL,AINR,AIYL,AIYR,AIZL,AIZR,ALA,ALML,ALMR,ALNL,ALNR,AQR,AS01,AS02,AS03,AS04,AS05,AS06,AS07,AS08,AS09,AS10,AS11,ASEL,ASER,ASGL,ASGR,ASHL,ASHR,ASIL,ASIR,ASJL,ASJR,ASKL,ASKR,AUAL,AUAR,AVAL,AVAR,AVBL,AVBR,AVDL,AVDR,AVEL,AVER,AVFL,AVFR,AVG,AVHL,AVHR,AVJL,AVJR,AVKL,AVKR,AVL,AVM,AWAL,AWAR,AWBL,AWBR,AWCL,AWCR,BAGL,BAGR,BDUL,BDUR,CANL,CANR,CEPDL,CEPDR,CEPVL,CEPVR,DA01,DA02,DA03,DA04,DA05,DA06,DA07,DA08,DA09,DB01,DB02,DB03,DB04,DB05,DB06,DB07,DD01,DD02,DD03,DD04,DD05,DD06,DVA,DVB,DVC,FLPL,FLPR,HSNL,HSNR,I1L,I1R,I2L,I2R,I3,I4,I5,I6,IL1DL,IL1DR,IL1L,IL1R,IL1VL,IL1VR,IL2DL,IL2DR,IL2L,IL2R,IL2VL,IL2VR,LUAL,LUAR,M1,M2L,M2R,M3L,M3R,M4,M5,MCL,MCR,MI,NSML,NSMR,OLLL,OLLR,OLQDL,OLQDR,OLQVL,OLQVR,PDA,PDB,PDEL,PDER,PHAL,PHAR,PHBL,PHBR,PHCL,PHCR,PLML,PLMR,PLNL,PLNR,PQR,PVCL,PVCR,PVDL,PVDR,PVM,PVNL,PVNR,PVPL,PVPR,PVQL,PVQR,PVR,PVT,PVWL,PVWR,RIAL,RIAR,RIBL,RIBR,RICL,RICR,RID,RIFL,RIFR,RIGL,RIGR,RIH,RIML,RIMR,RIPL,RIPR,RIR,RIS,RIVL,RIVR,RMDDL,RMDDR,RMDL,RMDR,RMDVL,RMDVR,RMED,RMEL,RMER,RMEV,RMFL,RMFR,RMGL,RMGR,RMHL,RMHR,SAADL,SAADR,SAAVL,SAAVR,SABD,SABVL,SABVR,SDQL,SDQR,SIADL,SIADR,SIAVL,SIAVR,SIBDL,SIBDR,SIBVL,SIBVR,SMBDL,SMBDR,SMBVL,SMBVR,SMDDL,SMDDR,SMDVL,SMDVR,URADL,URADR,URAVL,URAVR,URBL,URBR,URXL,URXR,URYDL,URYDR,URYVL,URYVR,VA01,VA02,VA03,VA04,VA05,VA06,VA07,VA08,VA09,VA10,VA11,VA12,VB01,VB02,VB03,VB04,VB05,VB06,VB07,VB08,VB09,VB10,VB11,VC01,VC02,VC03,VC04,VC05,VC06,VD01,VD02,VD03,VD04,VD05,VD06,VD07,VD08,VD09,VD10,VD11,VD12,VD13
ADAL,0.0,1.0,3.0,3.0,1.0,2.0,2.0,3.0,2.0,3.0,3.0,3.0,3.0,3.0,4.0,3.0,4.0,3.0,3.0,4.0,2.0,3.0,3.0,3.0,2.0,4.0,4.0,3.0,3.0,4.0,3.0,4.0,3.0,3.0,inf,inf,inf,3.0,3.0,3.0,3.0,3.0,3.0,1.0,2.0,4.0,4.0,2.0,3.0,2.0,3.0,3.0,4.0,2.0,2.0,3.0,3.0,2.0,1.0,3.0,3.0,3.0,2.0,3.0,3.0,2.0,2.0,3.0,3.0,2.0,3.0,3.0,3.0,3.0,3.0,3.0,2.0,4.0,3.0,4.0,3.0,4.0,4.0,4.0,4.0,5.0,2.0,4.0,3.0,3.0,3.0,3.0,3.0,3.0,3.0,2.0,3.0,4.0,4.0,4.0,4.0,4.0,4.0,3.0,4.0,5.0,5.0,5.0,4.0,3.0,3.0,3.0,3.0,3.0,2.0,3.0,3.0,3.0,4.0,4.0,5.0,5.0,5.0,6.0,7.0,4.0,4.0,3.0,5.0,3.0,4.0,inf,4.0,3.0,4.0,4.0,5.0,3.0,3.0,6.0,5.0,5.0,4.0,6.0,6.0,7.0,6.0,4.0,6.0,4.0,5.0,3.0,4.0,3.0,4.0,1.0,4.0,3.0,3.0,3.0,3.0,4.0,3.0,2.0,3.0,3.0,3.0,2.0,3.0,3.0,4.0,2.0,3.0,2.0,3.0,3.0,4.0,2.0,2.0,2.0,3.0,1.0,2.0,3.0,3.0,3.0,2.0,2.0,3.0,2.0,3.0,2.0,3.0,4.0,3.0,3.0,2.0,3.0,3.0,3.0,3.0,2.0,3.0,4.0,3.0,4.0,4.0,2.0,3.0,3.0,3.0,3.0,3.0,3.0,3.0,4.0,3.0,3.0,inf,2.0,3.0,3.0,4.0,4.0,4.0,4.0,3.0,3.0,3.0,3.0,4.0,3.0,2.0,4.0,3.0,4.0,2.0,3.0,3.0,3.0,3.0,3.0,3.0,3.0,3.0,3.0,3.0,3.0,inf,4.0,3.0,5.0,2.0,4.0,3.0,4.0,3.0,3.0,3.0,3.0,3.0,3.0,3.0,3.0,3.0,3.0,3.0,3.0,3.0,3.0,3.0,3.0,3.0,4.0,4.0,4.0,4.0,4.0,4.0,4.0,4.0,3.0,3.0,4.0,4.0,4.0,3.0,3.0,4.0,3.0,4.0,4.0,5.0,5.0,4.0,5.0,5.0,4.0,4.0,3.0,3.0,3.0
ADAR,1.0,0.0,4.0,2.0,2.0,1.0,3.0,3.0,3.0,2.0,3.0,2.0,3.0,3.0,4.0,3.0,3.0,3.0,4.0,4.0,3.0,2.0,3.0,3.0,3.0,4.0,3.0,4.0,3.0,4.0,3.0,4.0,3.0,3.0,inf,inf,inf,3.0,3.0,3.0,2.0,4.0,2.0,2.0,1.0,4.0,3.0,3.0,2.0,3.0,2.0,4.0,3.0,2.0,2.0,3.0,3.0,1.0,2.0,3.0,2.0,2.0,3.0,3.0,2.0,2.0,3.0,2.0,3.0,3.0,3.0,2.0,3.0,2.0,3.0,2.0,3.0,3.0,4.0,4.0,3.0,4.0,4.0,4.0,5.0,4.0,3.0,4.0,3.0,3.0,3.0,3.0,3.0,3.0,3.0,3.0,3.0,4.0,4.0,4.0,4.0,4.0,4.0,3.0,3.0,4.0,5.0,4.0,4.0,3.0,3.0,2.0,2.0,2.0,2.0,3.0,3.0,4.0,5.0,5.0,6.0,6.0,6.0,7.0,8.0,4.0,4.0,4.0,5.0,4.0,5.0,inf,5.0,4.0,3.0,4.0,5.0,3.0,3.0,7.0,6.0,6.0,5.0,7.0,7.0,8.0,7.0,5.0,7.0,5.0,6.0,4.0,5.0,4.0,3.0,2.0,4.0,2.0,3.0,3.0,3.0,3.0,3.0,3.0,3.0,3.0,3.0,2.0,3.0,4.0,4.0,2.0,3.0,3.0,3.0,3.0,3.0,3.0,2.0,3.0,3.0,2.0,1.0,3.0,2.0,3.0,2.0,3.0,3.0,3.0,4.0,3.0,2.0,4.0,2.0,3.0,3.0,4.0,2.0,3.0,3.0,3.0,4.0,5.0,4.0,4.0,3.0,3.0,4.0,4.0,3.0,3.0,3.0,4.0,4.0,4.0,3.0,4.0,inf,3.0,2.0,3.0,3.0,4.0,5.0,3.0,3.0,3.0,3.0,3.0,3.0,4.0,3.0,3.0,3.0,4.0,3.0,3.0,4.0,4.0,4.0,3.0,4.0,2.0,4.0,3.0,4.0,2.0,inf,4.0,3.0,6.0,3.0,3.0,4.0,3.0,3.0,3.0,3.0,3.0,3.0,3.0,3.0,3.0,3.0,3.0,3.0,3.0,3.0,2.0,3.0,3.0,4.0,4.0,4.0,4.0,4.0,4.0,4.0,4.0,4.0,4.0,3.0,4.0,3.0,3.0,3.0,3.0,3.0,3.0,4.0,4.0,5.0,5.0,4.0,5.0,5.0,4.0,4.0,3.0,3.0,3.0
ADEL,3.0,4.0,0.0,3.0,3.0,3.0,3.0,3.0,3.0,3.0,3.0,3.0,2.0,3.0,4.0,3.0,1.0,2.0,3.0,3.0,3.0,3.0,3.0,2.0,3.0,3.0,3.0,2.0,4.0,4.0,3.0,4.0,3.0,3.0,inf,inf,inf,3.0,3.0,4.0,3.0,3.0,2.0,3.0,3.0,3.0,3.0,2.0,3.0,3.0,4.0,3.0,2.0,3.0,2.0,2.0,2.0,3.0,2.0,3.0,3.0,4.0,3.0,4.0,4.0,3.0,3.0,3.0,2.0,2.0,3.0,3.0,4.0,4.0,3.0,3.0,4.0,3.0,2.0,3.0,4.0,4.0,4.0,4.0,4.0,3.0,3.0,3.0,3.0,3.0,3.0,3.0,3.0,3.0,3.0,3.0,3.0,3.0,3.0,3.0,3.0,3.0,3.0,3.0,3.0,4.0,4.0,4.0,4.0,4.0,3.0,4.0,3.0,3.0,3.0,4.0,4.0,4.0,5.0,5.0,6.0,6.0,6.0,7.0,8.0,3.0,3.0,2.0,4.0,3.0,4.0,inf,4.0,1.0,4.0,3.0,4.0,4.0,3.0,7.0,6.0,6.0,5.0,7.0,7.0,8.0,7.0,5.0,7.0,5.0,6.0,2.0,2.0,3.0,2.0,3.0,2.0,4.0,4.0,3.0,3.0,4.0,4.0,3.0,4.0,4.0,3.0,3.0,3.0,4.0,4.0,3.0,3.0,2.0,3.0,3.0,3.0,3.0,3.0,3.0,3.0,3.0,4.0,3.0,3.0,3.0,3.0,3.0,2.0,2.0,2.0,3.0,3.0,3.0,3.0,4.0,2.0,1.0,3.0,3.0,3.0,3.0,4.0,3.0,3.0,3.0,3.0,3.0,1.0,2.0,3.0,3.0,2.0,3.0,3.0,1.0,2.0,2.0,inf,2.0,4.0,3.0,3.0,3.0,2.0,4.0,3.0,4.0,3.0,3.0,3.0,2.0,2.0,3.0,2.0,3.0,1.0,3.0,1.0,2.0,2.0,3.0,2.0,3.0,2.0,2.0,3.0,3.0,inf,3.0,2.0,5.0,2.0,3.0,2.0,3.0,3.0,2.0,3.0,4.0,3.0,4.0,3.0,3.0,3.0,4.0,3.0,3.0,3.0,3.0,3.0,3.0,3.0,3.0,3.0,3.0,3.0,3.0,3.0,3.0,3.0,3.0,3.0,3.0,3.0,4.0,4.0,4.0,4.0,2.0,3.0,4.0,5.0,5.0,4.0,5.0,5.0,4.0,4.0,3.0,4.0,4.0
ADER,3.0,2.0,3.0,0.0,3.0,3.0,3.0,3.0,3.0,3.0,3.0,3.0,3.0,3.0,3.0,3.0,2.0,1.0,2.0,3.0,3.0,4.0,3.0,3.0,3.0,3.0,1.0,2.0,2.0,3.0,3.0,3.0,3.0,3.0,inf,inf,inf,2.0,2.0,3.0,2.0,2.0,3.0,4.0,3.0,2.0,3.0,3.0,2.0,3.0,2.0,2.0,3.0,2.0,2.0,3.0,3.0,2.0,2.0,3.0,3.0,2.0,3.0,2.0,2.0,2.0,2.0,1.0,1.0,2.0,2.0,3.0,4.0,4.0,3.0,3.0,3.0,4.0,2.0,3.0,3.0,3.0,4.0,4.0,4.0,4.0,4.0,4.0,2.0,2.0,2.0,3.0,3.0,3.0,3.0,3.0,3.0,3.0,3.0,2.0,3.0,4.0,4.0,3.0,3.0,4.0,3.0,3.0,3.0,3.0,2.0,2.0,2.0,2.0,1.0,3.0,3.0,5.0,6.0,6.0,7.0,7.0,7.0,8.0,9.0,4.0,4.0,5.0,5.0,4.0,5.0,inf,5.0,4.0,3.0,4.0,5.0,3.0,2.0,8.0,7.0,7.0,6.0,8.0,8.0,9.0,8.0,6.0,8.0,6.0,7.0,3.0,3.0,3.0,3.0,3.0,3.0,2.0,3.0,2.0,2.0,3.0,3.0,2.0,3.0,3.0,2.0,3.0,3.0,3.0,4.0,2.0,2.0,2.0,3.0,3.0,1.0,2.0,2.0,2.0,2.0,2.0,1.0,2.0,2.0,3.0,2.0,2.0,3.0,3.0,3.0,3.0,2.0,3.0,3.0,3.0,2.0,2.0,3.0,3.0,3.0,4.0,5.0,3.0,3.0,4.0,4.0,3.0,4.0,3.0,3.0,3.0,3.0,4.0,3.0,4.0,3.0,3.0,inf,4.0,2.0,3.0,3.0,3.0,4.0,3.0,3.0,3.0,3.0,3.0,3.0,3.0,3.0,3.0,3.0,3.0,3.0,3.0,3.0,3.0,2.0,2.0,2.0,2.0,2.0,3.0,3.0,4.0,inf,4.0,3.0,6.0,4.0,3.0,5.0,3.0,3.0,3.0,3.0,3.0,3.0,3.0,3.0,3.0,3.0,3.0,3.0,3.0,3.0,3.0,3.0,3.0,4.0,4.0,4.0,4.0,4.0,3.0,4.0,4.0,3.0,2.0,2.0,3.0,3.0,3.0,3.0,3.0,3.0,3.0,4.0,4.0,5.0,4.0,3.0,4.0,3.0,2.0,3.0,3.0,3.0,3.0
ADFL,1.0,2.0,3.0,3.0,0.0,3.0,3.0,4.0,1.0,2.0,3.0,3.0,2.0,2.0,3.0,4.0,3.0,2.0,2.0,3.0,1.0,2.0,4.0,3.0,3.0,3.0,4.0,4.0,3.0,5.0,4.0,5.0,4.0,4.0,inf,inf,inf,4.0,4.0,2.0,3.0,2.0,3.0,1.0,2.0,3.0,4.0,3.0,4.0,2.0,3.0,2.0,3.0,3.0,3.0,3.0,3.0,3.0,2.0,2.0,3.0,4.0,3.0,4.0,3.0,3.0,3.0,4.0,3.0,3.0,3.0,4.0,2.0,3.0,3.0,3.0,1.0,3.0,3.0,3.0,4.0,4.0,5.0,5.0,3.0,4.0,3.0,5.0,4.0,4.0,4.0,4.0,4.0,4.0,4.0,3.0,4.0,4.0,4.0,4.0,4.0,4.0,4.0,4.0,4.0,5.0,5.0,5.0,5.0,4.0,4.0,4.0,3.0,3.0,3.0,3.0,4.0,2.0,3.0,3.0,4.0,4.0,4.0,5.0,6.0,3.0,4.0,2.0,5.0,3.0,4.0,inf,3.0,2.0,4.0,3.0,5.0,4.0,4.0,5.0,4.0,4.0,3.0,5.0,5.0,6.0,5.0,3.0,5.0,3.0,4.0,3.0,4.0,2.0,3.0,2.0,4.0,4.0,4.0,4.0,4.0,4.0,4.0,3.0,4.0,4.0,4.0,3.0,4.0,4.0,5.0,3.0,4.0,3.0,4.0,4.0,4.0,3.0,3.0,3.0,3.0,2.0,3.0,4.0,3.0,4.0,3.0,1.0,4.0,2.0,3.0,2.0,3.0,4.0,4.0,4.0,2.0,3.0,2.0,3.0,3.0,1.0,2.0,4.0,3.0,3.0,3.0,3.0,3.0,3.0,4.0,3.0,3.0,2.0,3.0,3.0,3.0,3.0,inf,2.0,3.0,3.0,4.0,4.0,4.0,3.0,4.0,4.0,4.0,4.0,4.0,3.0,3.0,3.0,3.0,4.0,3.0,4.0,4.0,3.0,4.0,4.0,4.0,4.0,3.0,3.0,2.0,3.0,inf,4.0,2.0,5.0,1.0,3.0,3.0,4.0,3.0,4.0,3.0,4.0,4.0,4.0,4.0,4.0,4.0,4.0,4.0,4.0,4.0,4.0,4.0,4.0,3.0,4.0,4.0,4.0,4.0,4.0,4.0,4.0,4.0,4.0,4.0,4.0,4.0,4.0,4.0,4.0,4.0,3.0,4.0,5.0,6.0,6.0,5.0,6.0,6.0,5.0,5.0,4.0,4.0,4.0
ADFR,2.0,1.0,3.0,3.0,3.0,0.0,3.0,2.0,2.0,1.0,2.0,1.0,3.0,2.0,3.0,2.0,2.0,3.0,3.0,3.0,2.0,2.0,3.0,3.0,4.0,3.0,3.0,3.0,3.0,5.0,4.0,5.0,4.0,4.0,inf,inf,inf,3.0,3.0,2.0,2.0,3.0,1.0,3.0,2.0,3.0,2.0,3.0,3.0,3.0,2.0,3.0,2.0,3.0,3.0,4.0,4.0,2.0,3.0,2.0,3.0,3.0,4.0,4.0,3.0,3.0,4.0,3.0,2.0,2.0,3.0,3.0,2.0,1.0,2.0,1.0,3.0,2.0,4.0,3.0,4.0,4.0,4.0,4.0,5.0,3.0,2.0,3.0,4.0,4.0,4.0,4.0,4.0,4.0,4.0,4.0,4.0,4.0,5.0,4.0,5.0,5.0,5.0,4.0,3.0,4.0,5.0,5.0,5.0,4.0,3.0,3.0,3.0,2.0,3.0,3.0,3.0,5.0,6.0,6.0,7.0,7.0,7.0,8.0,9.0,4.0,3.0,4.0,4.0,4.0,5.0,inf,5.0,4.0,3.0,4.0,4.0,4.0,4.0,8.0,7.0,7.0,6.0,8.0,8.0,9.0,8.0,6.0,8.0,6.0,7.0,4.0,4.0,4.0,2.0,3.0,3.0,3.0,4.0,3.0,3.0,4.0,4.0,4.0,4.0,4.0,4.0,3.0,4.0,5.0,5.0,3.0,4.0,3.0,4.0,4.0,3.0,4.0,3.0,3.0,3.0,3.0,2.0,4.0,3.0,4.0,3.0,4.0,2.0,4.0,3.0,2.0,3.0,4.0,3.0,3.0,3.0,3.0,1.0,3.0,3.0,4.0,5.0,4.0,3.0,3.0,2.0,3.0,3.0,4.0,3.0,3.0,2.0,4.0,4.0,4.0,3.0,4.0,inf,3.0,2.0,3.0,3.0,3.0,4.0,2.0,3.0,4.0,4.0,4.0,3.0,3.0,4.0,3.0,3.0,3.0,4.0,2.0,4.0,3.0,3.0,2.0,3.0,1.0,3.0,3.0,3.0,1.0,inf,5.0,3.0,6.0,3.0,2.0,4.0,3.0,4.0,4.0,4.0,4.0,4.0,4.0,4.0,4.0,4.0,4.0,4.0,4.0,4.0,3.0,4.0,4.0,4.0,5.0,5.0,5.0,5.0,5.0,5.0,5.0,4.0,3.0,3.0,4.0,4.0,4.0,4.0,4.0,4.0,4.0,4.0,4.0,5.0,5.0,4.0,5.0,5.0,4.0,5.0,4.0,4.0,4.0
ADLL,2.0,3.0,3.0,3.0,3.0,3.0,0.0,1.0,3.0,4.0,2.0,3.0,3.0,3.0,4.0,5.0,3.0,4.0,4.0,4.0,2.0,3.0,3.0,2.0,2.0,4.0,4.0,4.0,3.0,4.0,3.0,4.0,3.0,3.0,inf,inf,inf,3.0,4.0,4.0,3.0,3.0,2.0,2.0,3.0,3.0,3.0,3.0,4.0,3.0,2.0,3.0,4.0,2.0,2.0,3.0,3.0,2.0,1.0,2.0,3.0,3.0,2.0,4.0,3.0,3.0,2.0,3.0,4.0,4.0,3.0,3.0,1.0,2.0,2.0,3.0,4.0,3.0,4.0,3.0,3.0,4.0,4.0,4.0,5.0,5.0,4.0,4.0,3.0,3.0,3.0,3.0,3.0,3.0,3.0,3.0,3.0,4.0,4.0,4.0,4.0,4.0,4.0,3.0,4.0,5.0,5.0,5.0,4.0,4.0,3.0,4.0,3.0,3.0,2.0,3.0,3.0,5.0,6.0,6.0,7.0,7.0,7.0,8.0,9.0,4.0,4.0,4.0,5.0,5.0,6.0,inf,5.0,2.0,4.0,4.0,5.0,3.0,3.0,8.0,7.0,7.0,6.0,8.0,8.0,9.0,8.0,6.0,8.0,6.0,7.0,3.0,4.0,4.0,4.0,3.0,3.0,4.0,3.0,3.0,3.0,4.0,4.0,3.0,4.0,3.0,3.0,2.0,3.0,4.0,4.0,2.0,3.0,2.0,3.0,3.0,4.0,2.0,2.0,3.0,3.0,3.0,3.0,3.0,3.0,3.0,2.0,4.0,3.0,3.0,4.0,3.0,4.0,4.0,3.0,3.0,3.0,4.0,3.0,3.0,3.0,4.0,5.0,4.0,3.0,4.0,4.0,4.0,2.0,3.0,3.0,4.0,3.0,4.0,4.0,3.0,3.0,4.0,inf,1.0,3.0,2.0,4.0,4.0,3.0,4.0,3.0,3.0,3.0,3.0,4.0,3.0,2.0,4.0,3.0,4.0,2.0,3.0,3.0,3.0,3.0,3.0,3.0,4.0,3.0,3.0,4.0,3.0,inf,4.0,3.0,7.0,3.0,4.0,2.0,4.0,3.0,3.0,3.0,3.0,3.0,3.0,3.0,3.0,3.0,3.0,3.0,3.0,3.0,3.0,3.0,3.0,3.0,4.0,4.0,4.0,4.0,4.0,4.0,4.0,4.0,3.0,3.0,4.0,4.0,4.0,3.0,3.0,4.0,4.0,4.0,4.0,5.0,5.0,4.0,5.0,5.0,4.0,4.0,3.0,4.0,3.0
ADLR,3.0,3.0,3.0,3.0,4.0,2.0,1.0,0.0,4.0,3.0,3.0,2.0,3.0,2.0,5.0,4.0,2.0,3.0,4.0,3.0,3.0,2.0,2.0,3.0,3.0,5.0,3.0,4.0,4.0,5.0,4.0,5.0,4.0,4.0,inf,inf,inf,4.0,3.0,3.0,2.0,4.0,1.0,3.0,2.0,3.0,2.0,3.0,3.0,2.0,1.0,4.0,3.0,3.0,3.0,4.0,4.0,3.0,2.0,3.0,3.0,3.0,3.0,3.0,3.0,2.0,3.0,3.0,4.0,4.0,4.0,4.0,2.0,3.0,3.0,3.0,4.0,2.0,4.0,4.0,4.0,3.0,3.0,3.0,5.0,5.0,4.0,5.0,4.0,4.0,4.0,4.0,4.0,4.0,4.0,3.0,4.0,4.0,5.0,4.0,5.0,5.0,5.0,4.0,3.0,4.0,5.0,5.0,4.0,3.0,4.0,3.0,3.0,4.0,3.0,2.0,2.0,6.0,6.0,7.0,7.0,7.0,8.0,9.0,10.0,5.0,5.0,5.0,6.0,5.0,6.0,inf,5.0,3.0,3.0,5.0,6.0,4.0,4.0,8.0,8.0,8.0,7.0,8.0,9.0,10.0,9.0,7.0,8.0,7.0,7.0,4.0,5.0,4.0,4.0,4.0,4.0,3.0,4.0,4.0,4.0,4.0,3.0,3.0,3.0,4.0,4.0,3.0,4.0,4.0,4.0,3.0,4.0,3.0,3.0,3.0,4.0,3.0,3.0,3.0,3.0,3.0,2.0,4.0,3.0,4.0,3.0,4.0,4.0,4.0,4.0,4.0,3.0,3.0,3.0,3.0,3.0,4.0,3.0,3.0,4.0,5.0,5.0,5.0,3.0,4.0,3.0,4.0,3.0,4.0,4.0,4.0,4.0,4.0,4.0,4.0,4.0,4.0,inf,2.0,2.0,3.0,3.0,4.0,4.0,4.0,4.0,4.0,4.0,4.0,5.0,4.0,3.0,4.0,3.0,5.0,3.0,4.0,4.0,4.0,4.0,4.0,4.0,3.0,3.0,4.0,4.0,3.0,inf,5.0,4.0,7.0,4.0,4.0,3.0,3.0,4.0,4.0,4.0,4.0,4.0,4.0,4.0,4.0,4.0,4.0,4.0,4.0,4.0,4.0,4.0,4.0,4.0,5.0,5.0,5.0,5.0,5.0,5.0,5.0,5.0,4.0,4.0,4.0,4.0,4.0,4.0,4.0,4.0,4.0,4.0,4.0,5.0,5.0,5.0,6.0,5.0,4.0,5.0,4.0,3.0,4.0
AFDL,2.0,3.0,3.0,3.0,1.0,2.0,3.0,4.0,0.0,1.0,2.0,3.0,1.0,2.0,3.0,4.0,4.0,3.0,1.0,2.0,2.0,2.0,3.0,3.0,3.0,3.0,4.0,3.0,2.0,4.0,4.0,4.0,4.0,4.0,inf,inf,inf,3.0,3.0,1.0,2.0,2.0,3.0,2.0,2.0,3.0,3.0,3.0,4.0,2.0,3.0,3.0,3.0,2.0,3.0,3.0,4.0,3.0,3.0,1.0,2.0,4.0,3.0,3.0,3.0,3.0,3.0,3.0,2.0,3.0,2.0,4.0,3.0,3.0,3.0,3.0,2.0,2.0,3.0,2.0,4.0,4.0,4.0,4.0,3.0,4.0,4.0,4.0,3.0,3.0,3.0,3.0,3.0,3.0,3.0,3.0,3.0,4.0,5.0,4.0,4.0,4.0,4.0,4.0,3.0,4.0,5.0,5.0,4.0,3.0,3.0,3.0,2.0,2.0,3.0,3.0,3.0,3.0,4.0,4.0,5.0,5.0,5.0,6.0,7.0,3.0,3.0,2.0,4.0,3.0,4.0,inf,3.0,2.0,3.0,4.0,5.0,3.0,3.0,6.0,5.0,5.0,4.0,6.0,6.0,7.0,6.0,4.0,6.0,4.0,5.0,3.0,3.0,2.0,3.0,3.0,3.0,3.0,4.0,4.0,3.0,3.0,4.0,4.0,4.0,3.0,3.0,3.0,3.0,4.0,4.0,3.0,3.0,3.0,4.0,3.0,3.0,3.0,3.0,3.0,2.0,3.0,3.0,4.0,3.0,3.0,3.0,2.0,3.0,3.0,3.0,3.0,3.0,4.0,3.0,4.0,3.0,2.0,3.0,2.0,2.0,2.0,3.0,3.0,2.0,2.0,3.0,3.0,3.0,3.0,3.0,3.0,2.0,2.0,3.0,3.0,2.0,3.0,inf,2.0,3.0,3.0,4.0,3.0,3.0,4.0,3.0,3.0,4.0,3.0,3.0,2.0,3.0,2.0,3.0,3.0,4.0,3.0,3.0,4.0,3.0,3.0,3.0,3.0,3.0,2.0,3.0,2.0,inf,4.0,3.0,5.0,1.0,2.0,3.0,4.0,3.0,3.0,4.0,3.0,3.0,3.0,3.0,3.0,3.0,3.0,3.0,3.0,3.0,3.0,3.0,4.0,4.0,4.0,4.0,4.0,4.0,4.0,4.0,4.0,4.0,3.0,3.0,3.0,4.0,4.0,4.0,3.0,3.0,3.0,4.0,4.0,5.0,5.0,5.0,6.0,5.0,4.0,4.0,3.0,3.0,3.0
AFDR,3.0,2.0,3.0,3.0,2.0,1.0,4.0,3.0,1.0,0.0,2.0,2.0,2.0,1.0,3.0,3.0,3.0,3.0,2.0,3.0,2.0,2.0,3.0,3.0,4.0,4.0,3.0,3.0,3.0,4.0,3.0,4.0,3.0,3.0,inf,inf,inf,3.0,3.0,1.0,1.0,2.0,2.0,2.0,1.0,3.0,3.0,3.0,3.0,3.0,2.0,3.0,3.0,3.0,2.0,3.0,4.0,3.0,3.0,2.0,2.0,3.0,3.0,3.0,2.0,3.0,3.0,3.0,3.0,3.0,3.0,4.0,3.0,2.0,3.0,2.0,2.0,1.0,3.0,3.0,4.0,4.0,4.0,4.0,4.0,3.0,3.0,3.0,3.0,3.0,3.0,3.0,3.0,3.0,4.0,3.0,3.0,4.0,4.0,4.0,4.0,4.0,4.0,3.0,4.0,5.0,5.0,4.0,4.0,3.0,3.0,3.0,2.0,3.0,4.0,3.0,3.0,4.0,5.0,5.0,6.0,6.0,6.0,7.0,8.0,3.0,2.0,3.0,3.0,4.0,4.0,inf,4.0,3.0,2.0,4.0,4.0,3.0,3.0,7.0,6.0,6.0,5.0,7.0,7.0,8.0,7.0,5.0,7.0,5.0,6.0,3.0,4.0,3.0,2.0,3.0,2.0,3.0,3.0,4.0,4.0,3.0,3.0,3.0,3.0,4.0,3.0,3.0,4.0,4.0,4.0,3.0,3.0,3.0,3.0,3.0,4.0,3.0,3.0,2.0,3.0,3.0,2.0,4.0,2.0,4.0,3.0,3.0,3.0,3.0,3.0,3.0,2.0,4.0,3.0,3.0,2.0,3.0,2.0,2.0,3.0,3.0,4.0,4.0,2.0,3.0,2.0,3.0,2.0,3.0,2.0,3.0,1.0,3.0,3.0,4.0,3.0,3.0,inf,3.0,2.0,3.0,3.0,2.0,3.0,3.0,2.0,4.0,3.0,3.0,4.0,3.0,3.0,3.0,2.0,4.0,3.0,3.0,3.0,4.0,3.0,3.0,3.0,2.0,2.0,3.0,3.0,2.0,inf,4.0,3.0,5.0,2.0,1.0,4.0,3.0,3.0,3.0,3.0,4.0,3.0,4.0,3.0,3.0,3.0,4.0,3.0,3.0,3.0,3.0,3.0,3.0,3.0,4.0,4.0,4.0,4.0,4.0,4.0,4.0,4.0,4.0,4.0,4.0,3.0,3.0,4.0,3.0,3.0,3.0,4.0,4.0,5.0,6.0,5.0,5.0,5.0,4.0,4.0,3.0,3.0,3.0
AIAL,3.0,3.0,3.0,3.0,3.0,2.0,2.0,3.0,2.0,2.0,0.0,1.0,1.0,3.0,3.0,3.0,3.0,2.0,3.0,2.0,2.0,2.0,2.0,3.0,3.0,3.0,4.0,3.0,4.0,5.0,4.0,5.0,4.0,4.0,inf,inf,inf,3.0,3.0,2.0,3.0,2.0,2.0,2.0,2.0,1.0,1.0,1.0,2.0,1.0,2.0,2.0,3.0,3.0,3.0,3.0,4.0,3.0,3.0,3.0,3.0,3.0,3.0,3.0,2.0,3.0,3.0,3.0,3.0,3.0,3.0,4.0,1.0,2.0,1.0,2.0,3.0,1.0,3.0,4.0,4.0,3.0,3.0,3.0,5.0,4.0,4.0,4.0,4.0,4.0,4.0,4.0,4.0,4.0,4.0,3.0,4.0,4.0,5.0,4.0,4.0,4.0,4.0,3.0,3.0,4.0,5.0,5.0,4.0,3.0,3.0,3.0,2.0,2.0,3.0,2.0,3.0,4.0,4.0,5.0,5.0,5.0,6.0,7.0,8.0,4.0,4.0,4.0,5.0,3.0,4.0,inf,3.0,2.0,4.0,4.0,5.0,3.0,4.0,6.0,6.0,6.0,5.0,6.0,7.0,8.0,7.0,5.0,6.0,5.0,5.0,3.0,3.0,4.0,3.0,4.0,3.0,4.0,4.0,4.0,4.0,3.0,4.0,3.0,3.0,4.0,4.0,4.0,4.0,4.0,5.0,4.0,4.0,4.0,3.0,3.0,4.0,3.0,3.0,3.0,3.0,2.0,3.0,4.0,3.0,4.0,4.0,3.0,4.0,4.0,3.0,3.0,3.0,3.0,3.0,4.0,3.0,2.0,3.0,3.0,2.0,3.0,3.0,4.0,2.0,2.0,3.0,4.0,3.0,3.0,3.0,3.0,3.0,2.0,4.0,3.0,3.0,3.0,inf,2.0,3.0,3.0,4.0,3.0,3.0,4.0,4.0,4.0,4.0,4.0,3.0,2.0,4.0,2.0,4.0,3.0,4.0,3.0,3.0,4.0,4.0,3.0,4.0,3.0,3.0,2.0,3.0,3.0,inf,4.0,3.0,5.0,3.0,3.0,3.0,4.0,4.0,3.0,4.0,4.0,4.0,4.0,4.0,4.0,4.0,4.0,4.0,4.0,4.0,4.0,4.0,4.0,4.0,4.0,5.0,4.0,4.0,4.0,4.0,4.0,4.0,4.0,4.0,4.0,4.0,4.0,4.0,3.0,3.0,3.0,4.0,4.0,5.0,5.0,5.0,6.0,5.0,4.0,4.0,3.0,3.0,3.0
AIAR,3.0,2.0,3.0,3.0,3.0,1.0,3.0,2.0,3.0,2.0,1.0,0.0,2.0,2.0,4.0,3.0,2.0,3.0,3.0,2.0,3.0,2.0,2.0,4.0,4.0,4.0,3.0,4.0,3.0,4.0,3.0,4.0,3.0,3.0,inf,inf,inf,3.0,3.0,2.0,2.0,3.0,1.0,2.0,1.0,2.0,1.0,2.0,3.0,2.0,1.0,3.0,3.0,3.0,2.0,3.0,4.0,3.0,3.0,3.0,2.0,3.0,3.0,3.0,2.0,2.0,3.0,3.0,3.0,3.0,4.0,4.0,2.0,1.0,2.0,2.0,3.0,1.0,4.0,4.0,4.0,3.0,3.0,3.0,5.0,4.0,3.0,4.0,3.0,3.0,3.0,3.0,3.0,3.0,4.0,3.0,3.0,4.0,5.0,4.0,4.0,4.0,4.0,3.0,3.0,4.0,5.0,5.0,4.0,3.0,4.0,3.0,3.0,3.0,4.0,2.0,2.0,5.0,5.0,6.0,6.0,6.0,7.0,8.0,9.0,4.0,4.0,5.0,5.0,4.0,5.0,inf,4.0,3.0,3.0,5.0,5.0,3.0,3.0,7.0,7.0,7.0,6.0,7.0,8.0,9.0,8.0,6.0,7.0,6.0,6.0,4.0,4.0,4.0,3.0,4.0,4.0,3.0,4.0,4.0,4.0,3.0,3.0,3.0,3.0,4.0,3.0,3.0,4.0,4.0,4.0,3.0,3.0,3.0,3.0,3.0,4.0,3.0,3.0,3.0,3.0,3.0,2.0,4.0,3.0,4.0,3.0,4.0,3.0,4.0,4.0,3.0,2.0,3.0,3.0,3.0,3.0,3.0,2.0,3.0,3.0,4.0,4.0,5.0,3.0,3.0,3.0,3.0,4.0,4.0,3.0,3.0,3.0,3.0,4.0,4.0,3.0,4.0,inf,3.0,2.0,3.0,3.0,4.0,4.0,3.0,3.0,4.0,3.0,3.0,4.0,3.0,4.0,3.0,3.0,4.0,3.0,3.0,4.0,4.0,4.0,3.0,4.0,2.0,3.0,3.0,4.0,2.0,inf,4.0,4.0,6.0,4.0,3.0,4.0,3.0,4.0,3.0,3.0,4.0,3.0,4.0,3.0,3.0,3.0,4.0,3.0,3.0,3.0,3.0,3.0,3.0,4.0,4.0,4.0,4.0,4.0,4.0,4.0,4.0,4.0,4.0,4.0,4.0,4.0,4.0,4.0,4.0,4.0,4.0,4.0,4.0,5.0,5.0,5.0,6.0,5.0,4.0,4.0,3.0,3.0,4.0
AIBL,3.0,3.0,2.0,3.0,2.0,3.0,3.0,3.0,1.0,2.0,1.0,2.0,0.0,2.0,3.0,3.0,3.0,3.0,2.0,2.0,2.0,1.0,3.0,3.0,2.0,2.0,3.0,2.0,3.0,4.0,3.0,4.0,3.0,3.0,inf,inf,inf,3.0,3.0,2.0,3.0,2.0,2.0,2.0,2.0,2.0,2.0,2.0,3.0,1.0,2.0,3.0,3.0,2.0,2.0,2.0,3.0,2.0,3.0,2.0,2.0,3.0,3.0,2.0,2.0,2.0,2.0,3.0,2.0,2.0,2.0,3.0,2.0,2.0,2.0,3.0,3.0,2.0,2.0,3.0,4.0,3.0,4.0,3.0,4.0,3.0,3.0,3.0,3.0,3.0,3.0,3.0,3.0,3.0,3.0,3.0,3.0,3.0,4.0,3.0,3.0,3.0,3.0,3.0,2.0,3.0,4.0,4.0,3.0,2.0,2.0,2.0,1.0,1.0,2.0,2.0,3.0,3.0,3.0,4.0,4.0,4.0,5.0,6.0,7.0,3.0,3.0,3.0,4.0,2.0,3.0,inf,2.0,3.0,4.0,4.0,4.0,3.0,3.0,5.0,5.0,5.0,4.0,5.0,6.0,7.0,6.0,4.0,5.0,4.0,4.0,3.0,2.0,3.0,2.0,3.0,2.0,3.0,3.0,3.0,3.0,3.0,3.0,3.0,3.0,3.0,3.0,3.0,3.0,4.0,4.0,3.0,3.0,3.0,3.0,2.0,3.0,3.0,2.0,2.0,2.0,2.0,2.0,3.0,2.0,3.0,3.0,3.0,3.0,3.0,2.0,3.0,3.0,3.0,3.0,3.0,2.0,1.0,2.0,2.0,1.0,2.0,2.0,3.0,1.0,1.0,2.0,3.0,2.0,3.0,2.0,3.0,3.0,1.0,3.0,3.0,2.0,2.0,inf,3.0,3.0,3.0,3.0,2.0,2.0,3.0,3.0,3.0,3.0,3.0,2.0,1.0,3.0,1.0,3.0,2.0,3.0,2.0,2.0,3.0,3.0,2.0,3.0,3.0,2.0,1.0,2.0,3.0,inf,3.0,3.0,4.0,2.0,3.0,4.0,4.0,3.0,2.0,3.0,3.0,3.0,3.0,3.0,3.0,3.0,3.0,3.0,3.0,3.0,3.0,3.0,3.0,3.0,3.0,4.0,3.0,3.0,3.0,3.0,3.0,3.0,3.0,3.0,3.0,3.0,3.0,3.0,2.0,2.0,2.0,3.0,3.0,4.0,4.0,4.0,5.0,4.0,3.0,3.0,2.0,3.0,2.0
AIBR,3.0,3.0,3.0,3.0,2.0,2.0,3.0,2.0,2.0,1.0,3.0,2.0,2.0,0.0,3.0,3.0,4.0,3.0,2.0,3.0,1.0,2.0,2.0,4.0,3.0,3.0,2.0,2.0,3.0,4.0,3.0,4.0,3.0,3.0,inf,inf,inf,3.0,2.0,2.0,2.0,2.0,3.0,2.0,2.0,4.0,3.0,3.0,3.0,2.0,1.0,4.0,3.0,2.0,2.0,3.0,3.0,2.0,3.0,2.0,2.0,2.0,2.0,2.0,3.0,2.0,2.0,3.0,2.0,2.0,2.0,3.0,2.0,3.0,3.0,3.0,3.0,2.0,2.0,3.0,3.0,3.0,3.0,3.0,3.0,4.0,3.0,4.0,3.0,3.0,3.0,3.0,3.0,3.0,3.0,3.0,3.0,3.0,4.0,4.0,4.0,4.0,4.0,3.0,3.0,4.0,4.0,3.0,3.0,2.0,2.0,2.0,1.0,3.0,3.0,2.0,2.0,4.0,5.0,5.0,6.0,6.0,6.0,7.0,8.0,3.0,3.0,4.0,4.0,3.0,4.0,inf,4.0,3.0,3.0,3.0,5.0,3.0,2.0,7.0,6.0,6.0,5.0,7.0,7.0,8.0,7.0,5.0,7.0,5.0,6.0,2.0,3.0,2.0,3.0,2.0,3.0,3.0,2.0,3.0,3.0,3.0,2.0,3.0,2.0,3.0,3.0,3.0,3.0,4.0,3.0,2.0,3.0,2.0,3.0,2.0,3.0,2.0,2.0,1.0,2.0,2.0,2.0,3.0,1.0,3.0,2.0,3.0,2.0,2.0,2.0,3.0,1.0,3.0,3.0,3.0,1.0,2.0,2.0,1.0,2.0,3.0,4.0,3.0,1.0,2.0,1.0,2.0,3.0,2.0,2.0,3.0,2.0,3.0,2.0,3.0,2.0,2.0,inf,3.0,2.0,2.0,2.0,2.0,3.0,3.0,2.0,3.0,3.0,3.0,3.0,2.0,2.0,3.0,1.0,3.0,2.0,3.0,2.0,3.0,3.0,3.0,3.0,3.0,1.0,2.0,2.0,2.0,inf,4.0,2.0,5.0,3.0,2.0,4.0,2.0,2.0,3.0,2.0,3.0,3.0,3.0,3.0,3.0,3.0,3.0,3.0,3.0,3.0,3.0,3.0,2.0,3.0,4.0,4.0,4.0,4.0,4.0,4.0,4.0,4.0,3.0,3.0,3.0,2.0,2.0,3.0,2.0,2.0,2.0,3.0,4.0,5.0,5.0,4.0,4.0,4.0,3.0,3.0,2.0,2.0,2.0
AIML,4.0,4.0,4.0,3.0,3.0,3.0,4.0,5.0,3.0,3.0,3.0,4.0,3.0,3.0,0.0,3.0,3.0,2.0,4.0,5.0,2.0,3.0,4.0,4.0,4.0,3.0,4.0,4.0,4.0,5.0,4.0,5.0,4.0,4.0,inf,inf,inf,4.0,4.0,2.0,4.0,1.0,4.0,3.0,4.0,3.0,4.0,3.0,4.0,4.0,4.0,3.0,4.0,3.0,3.0,3.0,3.0,4.0,3.0,4.0,3.0,4.0,4.0,4.0,4.0,4.0,3.0,3.0,3.0,3.0,4.0,4.0,3.0,4.0,2.0,3.0,3.0,3.0,3.0,4.0,5.0,4.0,4.0,4.0,5.0,4.0,4.0,4.0,4.0,4.0,4.0,4.0,4.0,4.0,3.0,4.0,3.0,4.0,4.0,4.0,4.0,4.0,4.0,3.0,4.0,5.0,5.0,5.0,5.0,4.0,3.0,4.0,4.0,4.0,4.0,5.0,5.0,5.0,6.0,6.0,7.0,7.0,7.0,8.0,9.0,5.0,5.0,5.0,6.0,4.0,5.0,inf,5.0,4.0,4.0,5.0,5.0,4.0,4.0,8.0,7.0,7.0,6.0,8.0,8.0,9.0,8.0,6.0,8.0,6.0,7.0,4.0,4.0,4.0,3.0,4.0,3.0,4.0,4.0,4.0,3.0,5.0,4.0,4.0,4.0,4.0,3.0,4.0,3.0,5.0,4.0,4.0,3.0,2.0,3.0,3.0,4.0,4.0,4.0,4.0,4.0,4.0,4.0,3.0,3.0,3.0,3.0,3.0,4.0,3.0,2.0,4.0,4.0,4.0,4.0,4.0,3.0,3.0,3.0,4.0,4.0,4.0,5.0,4.0,3.0,2.0,3.0,3.0,3.0,4.0,4.0,3.0,4.0,4.0,4.0,5.0,4.0,4.0,inf,3.0,3.0,3.0,4.0,4.0,3.0,3.0,4.0,4.0,4.0,4.0,4.0,3.0,4.0,3.0,4.0,3.0,4.0,1.0,3.0,2.0,3.0,3.0,4.0,2.0,3.0,2.0,3.0,4.0,inf,5.0,4.0,6.0,4.0,3.0,4.0,4.0,4.0,4.0,4.0,4.0,4.0,4.0,4.0,4.0,4.0,4.0,4.0,4.0,3.0,4.0,3.0,3.0,4.0,4.0,4.0,4.0,4.0,4.0,4.0,4.0,4.0,3.0,3.0,4.0,4.0,4.0,5.0,4.0,4.0,3.0,4.0,5.0,6.0,6.0,5.0,6.0,5.0,4.0,5.0,4.0,4.0,4.0
AIMR,3.0,3.0,3.0,3.0,4.0,2.0,5.0,4.0,4.0,3.0,3.0,3.0,3.0,3.0,3.0,0.0,4.0,4.0,3.0,3.0,4.0,4.0,3.0,3.0,4.0,3.0,3.0,2.0,3.0,5.0,4.0,5.0,4.0,4.0,inf,inf,inf,3.0,3.0,4.0,3.0,4.0,3.0,3.0,3.0,4.0,4.0,2.0,1.0,3.0,3.0,4.0,4.0,3.0,3.0,3.0,4.0,3.0,4.0,3.0,2.0,3.0,3.0,3.0,4.0,3.0,3.0,4.0,2.0,1.0,3.0,4.0,4.0,3.0,4.0,3.0,5.0,4.0,3.0,4.0,4.0,4.0,4.0,4.0,5.0,4.0,4.0,1.0,3.0,4.0,4.0,4.0,4.0,4.0,4.0,3.0,4.0,4.0,5.0,4.0,4.0,4.0,4.0,4.0,4.0,5.0,4.0,4.0,4.0,3.0,3.0,3.0,3.0,4.0,4.0,3.0,4.0,5.0,6.0,6.0,7.0,7.0,7.0,8.0,9.0,4.0,4.0,5.0,4.0,4.0,3.0,inf,5.0,3.0,3.0,4.0,2.0,4.0,3.0,8.0,7.0,7.0,6.0,8.0,8.0,9.0,8.0,6.0,8.0,6.0,7.0,4.0,3.0,4.0,3.0,4.0,2.0,3.0,3.0,2.0,3.0,4.0,3.0,3.0,3.0,4.0,4.0,3.0,3.0,4.0,4.0,3.0,3.0,3.0,4.0,4.0,3.0,3.0,3.0,2.0,3.0,2.0,2.0,3.0,2.0,4.0,3.0,4.0,4.0,4.0,3.0,2.0,3.0,4.0,3.0,3.0,3.0,2.0,3.0,3.0,2.0,4.0,5.0,4.0,3.0,3.0,4.0,3.0,3.0,4.0,3.0,3.0,3.0,4.0,4.0,4.0,3.0,3.0,inf,4.0,2.0,3.0,3.0,3.0,4.0,2.0,3.0,4.0,4.0,4.0,4.0,4.0,3.0,3.0,4.0,4.0,3.0,2.0,4.0,3.0,2.0,2.0,3.0,1.0,4.0,3.0,3.0,3.0,inf,4.0,3.0,4.0,4.0,2.0,4.0,3.0,4.0,3.0,4.0,4.0,4.0,4.0,4.0,4.0,4.0,4.0,4.0,4.0,4.0,4.0,4.0,3.0,4.0,4.0,5.0,4.0,4.0,4.0,4.0,4.0,4.0,3.0,3.0,4.0,3.0,3.0,4.0,3.0,3.0,3.0,4.0,5.0,5.0,4.0,3.0,4.0,5.0,4.0,4.0,3.0,3.0,3.0
AINL,4.0,3.0,1.0,2.0,3.0,2.0,3.0,2.0,4.0,3.0,3.0,2.0,3.0,4.0,3.0,4.0,0.0,1.0,3.0,2.0,3.0,2.0,4.0,3.0,4.0,4.0,3.0,3.0,4.0,5.0,4.0,5.0,4.0,4.0,inf,inf,inf,4.0,4.0,3.0,2.0,2.0,1.0,4.0,3.0,2.0,2.0,3.0,4.0,4.0,3.0,2.0,1.0,4.0,3.0,3.0,3.0,4.0,3.0,4.0,4.0,4.0,4.0,4.0,4.0,4.0,4.0,3.0,3.0,3.0,4.0,4.0,4.0,3.0,3.0,2.0,3.0,2.0,2.0,3.0,5.0,5.0,5.0,5.0,5.0,4.0,4.0,4.0,4.0,4.0,4.0,4.0,4.0,4.0,4.0,4.0,4.0,4.0,4.0,4.0,4.0,4.0,4.0,4.0,4.0,5.0,5.0,5.0,5.0,5.0,4.0,4.0,4.0,4.0,3.0,4.0,4.0,5.0,6.0,6.0,7.0,7.0,7.0,8.0,9.0,4.0,4.0,3.0,5.0,4.0,5.0,inf,5.0,2.0,3.0,4.0,5.0,5.0,4.0,8.0,7.0,7.0,6.0,8.0,8.0,9.0,8.0,6.0,8.0,6.0,7.0,3.0,3.0,4.0,3.0,4.0,3.0,4.0,5.0,4.0,4.0,5.0,5.0,4.0,5.0,5.0,4.0,4.0,4.0,5.0,5.0,4.0,4.0,3.0,4.0,4.0,3.0,4.0,4.0,4.0,4.0,4.0,3.0,4.0,4.0,4.0,4.0,2.0,3.0,3.0,3.0,3.0,3.0,4.0,4.0,4.0,3.0,2.0,3.0,4.0,3.0,4.0,5.0,3.0,4.0,4.0,4.0,4.0,2.0,3.0,4.0,3.0,3.0,4.0,4.0,2.0,3.0,3.0,inf,3.0,3.0,4.0,4.0,4.0,3.0,4.0,4.0,5.0,4.0,4.0,4.0,3.0,3.0,4.0,3.0,4.0,2.0,4.0,2.0,3.0,3.0,4.0,3.0,3.0,3.0,3.0,3.0,3.0,inf,4.0,3.0,6.0,3.0,4.0,3.0,2.0,4.0,3.0,4.0,5.0,4.0,5.0,4.0,4.0,4.0,5.0,4.0,4.0,4.0,4.0,4.0,4.0,4.0,4.0,4.0,4.0,4.0,4.0,4.0,4.0,4.0,4.0,4.0,4.0,4.0,5.0,5.0,5.0,5.0,3.0,4.0,5.0,6.0,6.0,5.0,6.0,5.0,4.0,5.0,4.0,5.0,5.0
AINR,3.0,3.0,2.0,1.0,2.0,3.0,4.0,3.0,3.0,3.0,2.0,3.0,3.0,3.0,2.0,4.0,1.0,0.0,3.0,3.0,2.0,3.0,4.0,4.0,4.0,3.0,2.0,3.0,3.0,4.0,4.0,4.0,4.0,4.0,inf,inf,inf,3.0,3.0,2.0,3.0,1.0,2.0,3.0,4.0,1.0,2.0,3.0,3.0,3.0,3.0,1.0,2.0,3.0,3.0,3.0,3.0,3.0,3.0,3.0,3.0,3.0,4.0,3.0,3.0,3.0,3.0,2.0,2.0,3.0,3.0,4.0,3.0,4.0,2.0,3.0,2.0,3.0,1.0,2.0,4.0,4.0,5.0,5.0,4.0,4.0,4.0,4.0,3.0,3.0,3.0,4.0,4.0,4.0,4.0,4.0,4.0,4.0,4.0,3.0,4.0,4.0,4.0,4.0,4.0,5.0,4.0,4.0,4.0,4.0,3.0,3.0,3.0,3.0,2.0,4.0,4.0,4.0,5.0,5.0,6.0,6.0,6.0,7.0,8.0,4.0,4.0,4.0,5.0,4.0,5.0,inf,5.0,3.0,4.0,5.0,5.0,4.0,3.0,7.0,6.0,6.0,5.0,7.0,7.0,8.0,7.0,5.0,7.0,5.0,6.0,3.0,3.0,3.0,3.0,3.0,3.0,3.0,4.0,3.0,3.0,4.0,4.0,3.0,4.0,4.0,3.0,4.0,4.0,4.0,5.0,3.0,3.0,3.0,4.0,4.0,2.0,3.0,3.0,3.0,3.0,3.0,2.0,3.0,3.0,4.0,3.0,1.0,4.0,2.0,3.0,4.0,3.0,4.0,4.0,4.0,2.0,2.0,3.0,4.0,4.0,3.0,4.0,2.0,3.0,3.0,4.0,3.0,3.0,3.0,4.0,2.0,4.0,4.0,3.0,3.0,3.0,3.0,inf,3.0,3.0,4.0,4.0,4.0,4.0,3.0,4.0,4.0,4.0,4.0,4.0,4.0,3.0,3.0,3.0,3.0,3.0,3.0,3.0,3.0,3.0,3.0,3.0,3.0,3.0,2.0,2.0,4.0,inf,4.0,4.0,6.0,3.0,4.0,4.0,3.0,3.0,3.0,3.0,4.0,4.0,4.0,4.0,4.0,4.0,4.0,4.0,4.0,4.0,4.0,4.0,4.0,3.0,4.0,4.0,4.0,4.0,4.0,4.0,4.0,4.0,3.0,3.0,4.0,4.0,4.0,4.0,4.0,4.0,3.0,4.0,5.0,6.0,5.0,4.0,5.0,4.0,3.0,4.0,4.0,4.0,4.0
AIYL,3.0,4.0,3.0,2.0,2.0,3.0,4.0,4.0,1.0,2.0,3.0,3.0,2.0,2.0,4.0,3.0,3.0,3.0,0.0,1.0,3.0,3.0,3.0,3.0,4.0,3.0,3.0,2.0,3.0,4.0,3.0,4.0,3.0,3.0,inf,inf,inf,2.0,2.0,2.0,3.0,3.0,3.0,3.0,3.0,3.0,2.0,4.0,4.0,3.0,3.0,3.0,2.0,3.0,2.0,3.0,3.0,3.0,3.0,2.0,2.0,3.0,3.0,3.0,3.0,3.0,3.0,3.0,1.0,2.0,2.0,4.0,4.0,4.0,4.0,3.0,3.0,3.0,3.0,3.0,4.0,4.0,4.0,4.0,4.0,4.0,4.0,4.0,3.0,3.0,3.0,3.0,3.0,3.0,3.0,3.0,3.0,3.0,4.0,3.0,4.0,4.0,4.0,3.0,4.0,5.0,4.0,4.0,4.0,3.0,2.0,3.0,3.0,3.0,3.0,3.0,3.0,4.0,5.0,5.0,6.0,6.0,6.0,7.0,8.0,4.0,4.0,3.0,5.0,4.0,5.0,inf,4.0,3.0,4.0,4.0,5.0,4.0,3.0,7.0,6.0,6.0,5.0,7.0,7.0,8.0,7.0,5.0,7.0,5.0,6.0,3.0,3.0,3.0,3.0,3.0,3.0,3.0,3.0,3.0,2.0,3.0,3.0,3.0,3.0,4.0,3.0,3.0,3.0,4.0,4.0,3.0,3.0,3.0,3.0,3.0,2.0,3.0,3.0,2.0,2.0,3.0,3.0,3.0,2.0,3.0,3.0,3.0,4.0,3.0,3.0,3.0,2.0,3.0,3.0,4.0,2.0,2.0,4.0,1.0,2.0,3.0,4.0,4.0,2.0,3.0,3.0,3.0,3.0,2.0,3.0,3.0,3.0,3.0,3.0,3.0,3.0,2.0,inf,3.0,3.0,4.0,3.0,3.0,3.0,3.0,3.0,4.0,3.0,3.0,3.0,3.0,2.0,3.0,3.0,3.0,3.0,3.0,3.0,3.0,2.0,2.0,2.0,2.0,3.0,3.0,3.0,3.0,inf,4.0,3.0,6.0,2.0,3.0,4.0,3.0,3.0,3.0,3.0,4.0,3.0,4.0,3.0,3.0,3.0,4.0,3.0,3.0,3.0,3.0,3.0,3.0,4.0,4.0,4.0,4.0,4.0,4.0,4.0,4.0,3.0,2.0,2.0,3.0,3.0,3.0,4.0,3.0,3.0,3.0,4.0,4.0,5.0,5.0,4.0,5.0,4.0,3.0,4.0,3.0,3.0,3.0
AIYR,4.0,4.0,3.0,3.0,3.0,3.0,4.0,3.0,2.0,3.0,2.0,2.0,2.0,3.0,5.0,3.0,2.0,3.0,1.0,0.0,4.0,3.0,3.0,4.0,4.0,4.0,4.0,3.0,3.0,4.0,3.0,4.0,3.0,3.0,inf,inf,inf,3.0,3.0,3.0,3.0,4.0,2.0,4.0,3.0,2.0,1.0,3.0,4.0,3.0,3.0,2.0,1.0,2.0,2.0,3.0,4.0,3.0,3.0,2.0,2.0,4.0,4.0,4.0,4.0,4.0,3.0,3.0,2.0,2.0,3.0,4.0,3.0,3.0,3.0,2.0,3.0,3.0,4.0,3.0,4.0,4.0,4.0,4.0,5.0,5.0,5.0,4.0,3.0,3.0,3.0,3.0,3.0,3.0,3.0,3.0,3.0,4.0,5.0,4.0,4.0,4.0,4.0,4.0,4.0,5.0,5.0,5.0,4.0,4.0,3.0,4.0,3.0,3.0,4.0,4.0,4.0,5.0,5.0,6.0,6.0,6.0,7.0,8.0,9.0,4.0,4.0,4.0,5.0,4.0,5.0,inf,4.0,4.0,3.0,5.0,5.0,3.0,3.0,7.0,7.0,7.0,6.0,7.0,8.0,9.0,8.0,6.0,7.0,6.0,6.0,4.0,4.0,4.0,4.0,4.0,4.0,4.0,4.0,3.0,3.0,4.0,4.0,3.0,4.0,3.0,3.0,3.0,3.0,4.0,4.0,3.0,3.0,3.0,3.0,3.0,3.0,3.0,4.0,3.0,3.0,3.0,4.0,4.0,3.0,4.0,3.0,4.0,4.0,4.0,3.0,3.0,3.0,4.0,3.0,4.0,3.0,3.0,4.0,2.0,1.0,4.0,4.0,4.0,2.0,3.0,4.0,3.0,4.0,3.0,3.0,3.0,3.0,3.0,4.0,4.0,3.0,3.0,inf,3.0,3.0,4.0,4.0,4.0,4.0,4.0,3.0,3.0,3.0,3.0,3.0,3.0,3.0,2.0,4.0,4.0,3.0,4.0,4.0,4.0,3.0,3.0,3.0,3.0,3.0,3.0,3.0,3.0,inf,4.0,4.0,6.0,3.0,4.0,4.0,2.0,3.0,3.0,3.0,3.0,3.0,3.0,3.0,3.0,3.0,3.0,3.0,3.0,3.0,3.0,3.0,3.0,4.0,4.0,4.0,4.0,4.0,4.0,4.0,4.0,4.0,3.0,3.0,4.0,4.0,4.0,5.0,4.0,4.0,4.0,4.0,4.0,5.0,5.0,4.0,5.0,5.0,4.0,4.0,3.0,4.0,4.0
AIZL,2.0,3.0,3.0,3.0,1.0,2.0,2.0,3.0,2.0,2.0,2.0,3.0,2.0,1.0,2.0,4.0,3.0,2.0,3.0,4.0,0.0,1.0,3.0,3.0,4.0,3.0,3.0,3.0,4.0,5.0,4.0,5.0,4.0,4.0,inf,inf,inf,3.0,3.0,2.0,3.0,1.0,2.0,1.0,2.0,3.0,3.0,3.0,4.0,2.0,2.0,3.0,4.0,3.0,3.0,3.0,3.0,3.0,3.0,3.0,3.0,3.0,3.0,3.0,3.0,3.0,3.0,4.0,2.0,3.0,3.0,4.0,1.0,2.0,2.0,3.0,2.0,3.0,2.0,3.0,4.0,4.0,4.0,4.0,3.0,3.0,2.0,4.0,4.0,4.0,4.0,4.0,4.0,4.0,4.0,4.0,4.0,4.0,4.0,4.0,4.0,4.0,4.0,4.0,3.0,4.0,5.0,4.0,4.0,3.0,3.0,3.0,2.0,2.0,3.0,3.0,3.0,3.0,4.0,4.0,5.0,5.0,5.0,6.0,7.0,4.0,4.0,3.0,5.0,4.0,5.0,inf,4.0,3.0,4.0,4.0,5.0,4.0,3.0,6.0,5.0,5.0,4.0,6.0,6.0,7.0,6.0,4.0,6.0,4.0,5.0,2.0,3.0,2.0,2.0,2.0,3.0,4.0,3.0,4.0,3.0,4.0,3.0,4.0,3.0,4.0,4.0,4.0,4.0,5.0,4.0,3.0,4.0,3.0,4.0,3.0,3.0,3.0,3.0,2.0,3.0,3.0,3.0,4.0,2.0,4.0,3.0,2.0,3.0,2.0,3.0,2.0,2.0,4.0,3.0,4.0,1.0,2.0,1.0,2.0,3.0,2.0,3.0,3.0,2.0,3.0,2.0,3.0,3.0,3.0,3.0,3.0,3.0,3.0,2.0,4.0,3.0,2.0,inf,2.0,3.0,3.0,3.0,3.0,3.0,4.0,3.0,4.0,4.0,4.0,3.0,3.0,3.0,3.0,2.0,4.0,3.0,3.0,3.0,3.0,3.0,3.0,3.0,3.0,2.0,2.0,3.0,3.0,inf,4.0,3.0,6.0,2.0,3.0,3.0,3.0,2.0,3.0,2.0,4.0,4.0,4.0,4.0,4.0,4.0,4.0,4.0,4.0,4.0,4.0,4.0,3.0,4.0,4.0,4.0,4.0,4.0,4.0,4.0,4.0,4.0,3.0,3.0,3.0,3.0,3.0,4.0,3.0,3.0,2.0,3.0,4.0,5.0,5.0,5.0,5.0,5.0,4.0,4.0,3.0,3.0,3.0
AIZR,3.0,2.0,3.0,4.0,2.0,2.0,3.0,2.0,2.0,2.0,2.0,2.0,1.0,2.0,3.0,4.0,2.0,3.0,3.0,3.0,1.0,0.0,3.0,4.0,3.0,3.0,3.0,3.0,3.0,4.0,3.0,4.0,3.0,3.0,inf,inf,inf,3.0,3.0,3.0,2.0,2.0,1.0,2.0,1.0,3.0,2.0,3.0,4.0,2.0,2.0,4.0,3.0,3.0,2.0,3.0,4.0,3.0,3.0,3.0,2.0,3.0,3.0,3.0,2.0,3.0,3.0,3.0,3.0,3.0,3.0,4.0,2.0,1.0,3.0,3.0,3.0,2.0,3.0,4.0,4.0,4.0,4.0,4.0,4.0,4.0,3.0,4.0,3.0,3.0,3.0,3.0,3.0,3.0,4.0,3.0,3.0,4.0,5.0,4.0,4.0,4.0,4.0,3.0,3.0,4.0,5.0,5.0,4.0,3.0,3.0,3.0,2.0,2.0,3.0,3.0,3.0,4.0,4.0,5.0,5.0,5.0,6.0,7.0,8.0,4.0,4.0,4.0,5.0,3.0,4.0,inf,3.0,4.0,3.0,5.0,5.0,3.0,3.0,6.0,6.0,6.0,5.0,6.0,7.0,8.0,7.0,5.0,6.0,5.0,5.0,3.0,3.0,3.0,3.0,3.0,3.0,4.0,4.0,4.0,4.0,3.0,4.0,3.0,3.0,4.0,3.0,3.0,4.0,4.0,5.0,3.0,3.0,3.0,3.0,3.0,4.0,3.0,3.0,3.0,3.0,3.0,3.0,4.0,3.0,4.0,3.0,3.0,4.0,3.0,3.0,3.0,2.0,4.0,3.0,3.0,2.0,2.0,2.0,3.0,2.0,3.0,3.0,4.0,2.0,2.0,3.0,3.0,3.0,4.0,3.0,3.0,3.0,2.0,3.0,4.0,3.0,3.0,inf,3.0,2.0,3.0,3.0,3.0,3.0,4.0,3.0,4.0,3.0,3.0,3.0,2.0,4.0,2.0,3.0,3.0,3.0,3.0,3.0,4.0,4.0,3.0,4.0,3.0,3.0,2.0,3.0,3.0,inf,4.0,4.0,5.0,3.0,3.0,4.0,3.0,3.0,3.0,3.0,4.0,3.0,4.0,3.0,3.0,3.0,4.0,3.0,3.0,3.0,3.0,3.0,3.0,4.0,4.0,4.0,4.0,4.0,4.0,4.0,4.0,4.0,4.0,4.0,4.0,4.0,4.0,4.0,3.0,3.0,3.0,4.0,4.0,5.0,5.0,5.0,6.0,5.0,4.0,4.0,3.0,3.0,3.0
ALA,3.0,3.0,3.0,3.0,4.0,3.0,3.0,2.0,3.0,3.0,2.0,2.0,3.0,2.0,4.0,3.0,4.0,4.0,3.0,3.0,3.0,3.0,0.0,4.0,4.0,3.0,3.0,3.0,2.0,4.0,2.0,3.0,3.0,3.0,inf,inf,inf,3.0,2.0,4.0,3.0,3.0,3.0,3.0,2.0,3.0,3.0,1.0,2.0,2.0,1.0,3.0,4.0,2.0,2.0,2.0,2.0,3.0,3.0,2.0,1.0,3.0,3.0,2.0,3.0,2.0,3.0,3.0,3.0,2.0,3.0,4.0,3.0,3.0,3.0,3.0,4.0,3.0,4.0,3.0,4.0,2.0,1.0,1.0,4.0,4.0,4.0,4.0,2.0,3.0,2.0,3.0,2.0,3.0,3.0,3.0,2.0,2.0,3.0,2.0,3.0,3.0,3.0,3.0,2.0,3.0,3.0,3.0,3.0,3.0,3.0,3.0,2.0,3.0,3.0,1.0,1.0,5.0,5.0,6.0,6.0,6.0,7.0,8.0,9.0,3.0,3.0,4.0,4.0,3.0,4.0,inf,4.0,2.0,3.0,4.0,5.0,3.0,3.0,7.0,7.0,7.0,6.0,7.0,8.0,9.0,8.0,6.0,7.0,6.0,6.0,3.0,4.0,3.0,3.0,3.0,3.0,3.0,2.0,3.0,2.0,3.0,3.0,3.0,3.0,3.0,3.0,3.0,3.0,4.0,4.0,3.0,3.0,2.0,1.0,1.0,3.0,3.0,2.0,2.0,2.0,2.0,2.0,3.0,3.0,3.0,3.0,4.0,3.0,3.0,3.0,3.0,3.0,1.0,2.0,3.0,3.0,3.0,4.0,2.0,2.0,4.0,4.0,4.0,3.0,4.0,3.0,2.0,3.0,3.0,2.0,2.0,2.0,3.0,3.0,3.0,2.0,3.0,inf,3.0,2.0,3.0,3.0,3.0,4.0,3.0,3.0,3.0,3.0,3.0,4.0,3.0,3.0,3.0,3.0,3.0,3.0,3.0,3.0,3.0,3.0,3.0,4.0,3.0,3.0,2.0,3.0,3.0,inf,4.0,3.0,5.0,3.0,4.0,3.0,3.0,3.0,3.0,3.0,3.0,3.0,3.0,3.0,3.0,3.0,3.0,3.0,3.0,3.0,2.0,3.0,3.0,3.0,3.0,3.0,3.0,3.0,3.0,3.0,3.0,3.0,3.0,3.0,3.0,4.0,4.0,4.0,3.0,3.0,3.0,3.0,3.0,4.0,4.0,4.0,4.0,3.0,2.0,3.0,3.0,3.0,3.0
ALML,3.0,3.0,2.0,3.0,3.0,3.0,2.0,3.0,3.0,3.0,3.0,4.0,3.0,4.0,4.0,3.0,3.0,4.0,3.0,4.0,3.0,4.0,4.0,0.0,2.0,2.0,2.0,3.0,3.0,5.0,4.0,5.0,4.0,4.0,inf,inf,inf,3.0,3.0,4.0,4.0,3.0,4.0,2.0,3.0,4.0,4.0,3.0,4.0,3.0,4.0,3.0,4.0,3.0,3.0,3.0,3.0,2.0,3.0,2.0,3.0,3.0,2.0,3.0,3.0,3.0,3.0,3.0,2.0,2.0,3.0,1.0,3.0,4.0,2.0,3.0,4.0,4.0,4.0,3.0,3.0,2.0,4.0,4.0,5.0,4.0,4.0,3.0,4.0,4.0,4.0,4.0,4.0,4.0,3.0,3.0,2.0,3.0,4.0,3.0,4.0,4.0,3.0,2.0,4.0,5.0,4.0,4.0,4.0,3.0,2.0,3.0,3.0,3.0,3.0,3.0,3.0,5.0,6.0,6.0,7.0,7.0,7.0,8.0,9.0,4.0,3.0,4.0,4.0,4.0,5.0,inf,5.0,2.0,4.0,4.0,4.0,2.0,2.0,8.0,7.0,7.0,6.0,8.0,8.0,9.0,8.0,6.0,8.0,6.0,7.0,3.0,4.0,4.0,3.0,4.0,2.0,3.0,2.0,2.0,2.0,3.0,2.0,4.0,4.0,4.0,3.0,2.0,2.0,4.0,3.0,3.0,3.0,2.0,3.0,3.0,2.0,3.0,2.0,3.0,3.0,3.0,3.0,1.0,3.0,3.0,2.0,4.0,2.0,3.0,2.0,3.0,3.0,3.0,3.0,4.0,3.0,3.0,4.0,3.0,3.0,4.0,5.0,4.0,3.0,3.0,4.0,3.0,1.0,2.0,3.0,3.0,2.0,4.0,4.0,3.0,3.0,3.0,inf,1.0,3.0,2.0,3.0,3.0,2.0,2.0,3.0,4.0,4.0,4.0,3.0,3.0,2.0,2.0,3.0,3.0,3.0,3.0,3.0,3.0,3.0,1.0,3.0,2.0,3.0,2.0,3.0,3.0,inf,5.0,3.0,6.0,3.0,3.0,2.0,4.0,4.0,4.0,4.0,4.0,4.0,4.0,4.0,4.0,4.0,4.0,4.0,4.0,3.0,3.0,3.0,3.0,3.0,4.0,4.0,4.0,4.0,4.0,4.0,4.0,3.0,3.0,3.0,4.0,4.0,4.0,3.0,3.0,4.0,3.0,4.0,5.0,5.0,4.0,3.0,4.0,4.0,3.0,4.0,4.0,3.0,2.0
ALMR,2.0,3.0,3.0,3.0,3.0,4.0,2.0,3.0,3.0,4.0,3.0,4.0,2.0,3.0,4.0,4.0,4.0,4.0,4.0,4.0,4.0,3.0,4.0,2.0,0.0,4.0,2.0,3.0,3.0,4.0,3.0,4.0,3.0,3.0,inf,inf,inf,3.0,3.0,4.0,4.0,4.0,4.0,3.0,3.0,4.0,4.0,4.0,4.0,3.0,4.0,4.0,5.0,2.0,2.0,2.0,3.0,2.0,1.0,3.0,3.0,3.0,4.0,3.0,3.0,3.0,2.0,3.0,3.0,3.0,3.0,1.0,3.0,4.0,4.0,4.0,4.0,4.0,4.0,4.0,3.0,2.0,4.0,4.0,5.0,5.0,4.0,5.0,3.0,3.0,3.0,3.0,3.0,3.0,3.0,3.0,2.0,3.0,4.0,3.0,3.0,3.0,3.0,2.0,4.0,5.0,4.0,4.0,4.0,3.0,2.0,3.0,3.0,3.0,2.0,3.0,3.0,5.0,5.0,6.0,6.0,6.0,7.0,8.0,9.0,5.0,4.0,5.0,5.0,4.0,5.0,inf,4.0,4.0,4.0,5.0,6.0,2.0,2.0,7.0,7.0,7.0,6.0,7.0,8.0,9.0,8.0,6.0,7.0,6.0,6.0,5.0,4.0,4.0,4.0,3.0,4.0,3.0,2.0,2.0,2.0,3.0,2.0,3.0,4.0,3.0,3.0,2.0,2.0,4.0,3.0,2.0,3.0,2.0,3.0,3.0,2.0,2.0,2.0,3.0,3.0,3.0,3.0,1.0,3.0,3.0,2.0,4.0,3.0,3.0,3.0,4.0,4.0,3.0,3.0,3.0,4.0,3.0,4.0,3.0,3.0,4.0,4.0,5.0,3.0,2.0,2.0,4.0,3.0,3.0,3.0,3.0,3.0,3.0,5.0,4.0,4.0,4.0,inf,3.0,3.0,4.0,4.0,2.0,3.0,4.0,3.0,3.0,3.0,3.0,2.0,1.0,2.0,3.0,3.0,2.0,2.0,3.0,2.0,3.0,3.0,3.0,3.0,4.0,3.0,3.0,3.0,3.0,inf,4.0,4.0,6.0,4.0,5.0,4.0,4.0,3.0,3.0,3.0,3.0,3.0,3.0,3.0,3.0,3.0,3.0,3.0,3.0,3.0,3.0,3.0,3.0,3.0,3.0,4.0,3.0,3.0,3.0,3.0,3.0,3.0,3.0,3.0,4.0,4.0,4.0,4.0,4.0,4.0,4.0,4.0,4.0,5.0,4.0,3.0,4.0,4.0,3.0,4.0,3.0,3.0,2.0
ALNL,4.0,4.0,3.0,3.0,3.0,3.0,4.0,5.0,3.0,4.0,3.0,4.0,2.0,3.0,3.0,3.0,4.0,3.0,3.0,4.0,3.0,3.0,3.0,2.0,4.0,0.0,4.0,3.0,3.0,5.0,4.0,5.0,4.0,4.0,inf,inf,inf,3.0,3.0,3.0,5.0,2.0,4.0,4.0,3.0,4.0,4.0,2.0,3.0,3.0,4.0,3.0,4.0,4.0,3.0,3.0,3.0,4.0,4.0,3.0,2.0,4.0,3.0,4.0,4.0,4.0,3.0,4.0,2.0,2.0,3.0,3.0,4.0,4.0,3.0,4.0,4.0,4.0,4.0,4.0,5.0,4.0,4.0,4.0,4.0,4.0,5.0,4.0,3.0,4.0,4.0,4.0,4.0,4.0,4.0,4.0,4.0,4.0,3.0,4.0,4.0,4.0,4.0,4.0,3.0,4.0,5.0,4.0,5.0,4.0,3.0,4.0,3.0,3.0,4.0,4.0,4.0,5.0,5.0,6.0,6.0,6.0,7.0,8.0,9.0,3.0,3.0,4.0,4.0,4.0,5.0,inf,4.0,3.0,4.0,5.0,5.0,4.0,4.0,7.0,7.0,7.0,6.0,7.0,8.0,9.0,8.0,6.0,7.0,6.0,6.0,4.0,4.0,3.0,3.0,4.0,3.0,4.0,4.0,3.0,3.0,4.0,4.0,4.0,4.0,5.0,4.0,4.0,4.0,5.0,5.0,4.0,4.0,4.0,4.0,4.0,3.0,4.0,4.0,3.0,3.0,3.0,4.0,3.0,3.0,4.0,4.0,2.0,3.0,3.0,2.0,3.0,3.0,4.0,3.0,4.0,3.0,3.0,4.0,3.0,3.0,4.0,4.0,5.0,2.0,2.0,3.0,3.0,2.0,3.0,3.0,2.0,3.0,3.0,3.0,3.0,2.0,4.0,inf,3.0,3.0,4.0,4.0,4.0,3.0,2.0,3.0,3.0,4.0,4.0,3.0,3.0,3.0,2.0,4.0,3.0,4.0,3.0,4.0,3.0,3.0,1.0,3.0,2.0,3.0,1.0,1.0,4.0,inf,5.0,4.0,6.0,4.0,3.0,4.0,4.0,4.0,4.0,4.0,5.0,4.0,4.0,4.0,4.0,4.0,5.0,4.0,4.0,4.0,4.0,4.0,4.0,2.0,3.0,4.0,4.0,4.0,4.0,4.0,4.0,4.0,3.0,3.0,3.0,3.0,4.0,4.0,4.0,4.0,2.0,3.0,4.0,5.0,5.0,4.0,5.0,5.0,4.0,5.0,4.0,4.0,4.0
ALNR,4.0,3.0,3.0,1.0,4.0,3.0,4.0,3.0,4.0,3.0,4.0,3.0,3.0,2.0,4.0,3.0,3.0,2.0,3.0,4.0,3.0,3.0,3.0,2.0,2.0,4.0,0.0,3.0,3.0,4.0,4.0,4.0,4.0,4.0,inf,inf,inf,3.0,3.0,4.0,3.0,3.0,4.0,3.0,2.0,3.0,4.0,4.0,3.0,3.0,2.0,3.0,3.0,3.0,3.0,3.0,3.0,3.0,3.0,3.0,3.0,3.0,4.0,3.0,3.0,3.0,3.0,2.0,2.0,3.0,3.0,2.0,4.0,4.0,3.0,2.0,4.0,4.0,3.0,4.0,3.0,2.0,4.0,4.0,4.0,4.0,4.0,4.0,3.0,3.0,3.0,4.0,4.0,4.0,3.0,3.0,2.0,3.0,4.0,3.0,4.0,4.0,3.0,2.0,3.0,4.0,4.0,4.0,4.0,3.0,2.0,3.0,3.0,3.0,2.0,3.0,3.0,6.0,6.0,7.0,7.0,7.0,8.0,9.0,10.0,4.0,4.0,4.0,5.0,3.0,4.0,inf,5.0,3.0,2.0,5.0,5.0,2.0,2.0,8.0,8.0,8.0,7.0,8.0,9.0,10.0,9.0,7.0,8.0,7.0,7.0,4.0,4.0,3.0,3.0,3.0,3.0,3.0,2.0,2.0,2.0,3.0,2.0,3.0,4.0,4.0,3.0,2.0,2.0,4.0,3.0,3.0,3.0,2.0,3.0,3.0,2.0,3.0,2.0,3.0,2.0,3.0,2.0,1.0,3.0,3.0,2.0,3.0,2.0,2.0,2.0,3.0,3.0,3.0,4.0,2.0,3.0,3.0,4.0,3.0,3.0,5.0,5.0,4.0,2.0,4.0,3.0,2.0,3.0,2.0,3.0,3.0,3.0,4.0,4.0,3.0,3.0,3.0,inf,3.0,1.0,2.0,2.0,4.0,4.0,3.0,2.0,4.0,4.0,4.0,3.0,3.0,3.0,3.0,3.0,3.0,2.0,3.0,3.0,3.0,3.0,3.0,3.0,2.0,1.0,3.0,3.0,3.0,inf,5.0,4.0,5.0,4.0,3.0,4.0,2.0,4.0,4.0,4.0,4.0,4.0,4.0,4.0,4.0,4.0,4.0,4.0,4.0,3.0,3.0,3.0,3.0,3.0,4.0,4.0,4.0,4.0,4.0,4.0,4.0,3.0,3.0,3.0,3.0,4.0,4.0,4.0,4.0,4.0,4.0,4.0,4.0,5.0,4.0,3.0,4.0,4.0,3.0,4.0,4.0,3.0,2.0
AQR,3.0,4.0,2.0,2.0,4.0,3.0,4.0,4.0,3.0,3.0,3.0,4.0,2.0,2.0,4.0,2.0,3.0,3.0,2.0,3.0,3.0,3.0,3.0,3.0,3.0,3.0,3.0,0.0,3.0,4.0,3.0,4.0,3.0,2.0,inf,inf,inf,2.0,2.0,4.0,4.0,4.0,4.0,3.0,3.0,4.0,4.0,3.0,3.0,3.0,3.0,4.0,4.0,2.0,2.0,1.0,2.0,3.0,3.0,2.0,2.0,2.0,2.0,2.0,2.0,2.0,2.0,3.0,1.0,1.0,2.0,4.0,4.0,4.0,4.0,3.0,5.0,4.0,2.0,3.0,3.0,3.0,4.0,4.0,4.0,3.0,4.0,3.0,3.0,3.0,3.0,3.0,3.0,3.0,3.0,3.0,3.0,3.0,3.0,2.0,2.0,2.0,2.0,2.0,3.0,4.0,3.0,4.0,3.0,2.0,2.0,2.0,2.0,3.0,3.0,2.0,2.0,5.0,5.0,6.0,6.0,6.0,7.0,8.0,9.0,4.0,4.0,4.0,5.0,4.0,5.0,inf,4.0,3.0,3.0,4.0,4.0,3.0,3.0,7.0,7.0,7.0,6.0,7.0,8.0,9.0,8.0,6.0,7.0,6.0,6.0,3.0,2.0,3.0,2.0,3.0,2.0,3.0,2.0,2.0,2.0,2.0,2.0,3.0,2.0,3.0,3.0,3.0,3.0,3.0,3.0,2.0,3.0,3.0,3.0,3.0,2.0,2.0,2.0,1.0,1.0,2.0,3.0,3.0,2.0,2.0,3.0,3.0,4.0,2.0,2.0,2.0,2.0,2.0,3.0,3.0,2.0,1.0,3.0,3.0,2.0,4.0,4.0,3.0,3.0,3.0,3.0,3.0,3.0,3.0,3.0,3.0,3.0,3.0,3.0,3.0,3.0,2.0,inf,3.0,2.0,3.0,3.0,3.0,3.0,3.0,3.0,3.0,3.0,3.0,3.0,2.0,3.0,3.0,3.0,3.0,3.0,3.0,2.0,3.0,2.0,2.0,2.0,2.0,3.0,3.0,3.0,3.0,inf,3.0,3.0,6.0,4.0,3.0,4.0,3.0,3.0,2.0,3.0,3.0,3.0,3.0,3.0,3.0,3.0,3.0,3.0,3.0,3.0,3.0,3.0,2.0,2.0,2.0,3.0,2.0,2.0,2.0,2.0,2.0,2.0,2.0,2.0,2.0,3.0,3.0,3.0,3.0,3.0,2.0,3.0,4.0,5.0,4.0,3.0,4.0,4.0,3.0,4.0,3.0,2.0,2.0
AS01,3.0,3.0,4.0,2.0,3.0,3.0,3.0,4.0,2.0,3.0,4.0,3.0,3.0,3.0,4.0,3.0,4.0,3.0,3.0,3.0,4.0,3.0,2.0,3.0,3.0,3.0,3.0,3.0,0.0,2.0,3.0,3.0,3.0,3.0,inf,inf,inf,3.0,4.0,3.0,4.0,3.0,4.0,3.0,2.0,4.0,4.0,3.0,4.0,4.0,3.0,3.0,4.0,2.0,2.0,3.0,4.0,2.0,2.0,1.0,1.0,4.0,3.0,4.0,3.0,3.0,3.0,3.0,3.0,2.0,2.0,3.0,4.0,4.0,3.0,4.0,4.0,4.0,3.0,2.0,4.0,4.0,3.0,3.0,4.0,4.0,4.0,4.0,2.0,2.0,2.0,2.0,3.0,3.0,3.0,3.0,3.0,4.0,4.0,4.0,4.0,4.0,4.0,4.0,3.0,3.0,4.0,5.0,4.0,3.0,4.0,3.0,3.0,2.0,1.0,3.0,3.0,5.0,5.0,6.0,6.0,6.0,7.0,8.0,9.0,3.0,3.0,4.0,4.0,3.0,4.0,inf,4.0,3.0,4.0,5.0,5.0,3.0,3.0,7.0,7.0,7.0,6.0,7.0,8.0,9.0,8.0,6.0,7.0,6.0,6.0,4.0,4.0,3.0,3.0,3.0,3.0,3.0,4.0,3.0,4.0,3.0,4.0,3.0,4.0,3.0,3.0,3.0,3.0,4.0,4.0,3.0,3.0,3.0,3.0,3.0,3.0,3.0,3.0,3.0,2.0,3.0,3.0,4.0,3.0,3.0,3.0,4.0,3.0,3.0,3.0,3.0,3.0,3.0,2.0,4.0,4.0,3.0,3.0,2.0,2.0,4.0,4.0,3.0,2.0,4.0,3.0,2.0,3.0,3.0,2.0,2.0,2.0,3.0,3.0,3.0,2.0,3.0,inf,2.0,3.0,3.0,4.0,3.0,4.0,3.0,3.0,2.0,3.0,3.0,3.0,4.0,3.0,3.0,3.0,3.0,3.0,4.0,4.0,3.0,3.0,3.0,4.0,3.0,3.0,2.0,3.0,2.0,inf,4.0,4.0,5.0,3.0,4.0,3.0,4.0,3.0,3.0,3.0,3.0,3.0,3.0,1.0,3.0,1.0,3.0,3.0,3.0,3.0,3.0,3.0,3.0,3.0,4.0,4.0,4.0,4.0,4.0,4.0,4.0,4.0,4.0,3.0,3.0,4.0,4.0,4.0,4.0,4.0,3.0,3.0,2.0,3.0,4.0,4.0,5.0,5.0,4.0,4.0,3.0,3.0,3.0
AS02,4.0,4.0,4.0,3.0,5.0,5.0,4.0,5.0,4.0,4.0,5.0,4.0,4.0,4.0,5.0,5.0,5.0,4.0,4.0,4.0,5.0,4.0,4.0,5.0,4.0,5.0,4.0,4.0,2.0,0.0,2.0,4.0,3.0,3.0,inf,inf,inf,3.0,4.0,5.0,5.0,5.0,5.0,4.0,3.0,5.0,5.0,5.0,5.0,5.0,4.0,5.0,5.0,2.0,2.0,3.0,3.0,3.0,3.0,3.0,3.0,4.0,4.0,4.0,4.0,4.0,3.0,3.0,4.0,4.0,4.0,4.0,5.0,5.0,5.0,5.0,6.0,5.0,5.0,4.0,4.0,4.0,4.0,4.0,6.0,5.0,5.0,6.0,2.0,1.0,3.0,2.0,2.0,3.0,3.0,3.0,3.0,3.0,4.0,4.0,4.0,4.0,4.0,4.0,3.0,3.0,4.0,5.0,4.0,4.0,4.0,4.0,4.0,3.0,2.0,4.0,4.0,6.0,7.0,7.0,8.0,8.0,8.0,9.0,10.0,5.0,4.0,6.0,5.0,5.0,6.0,inf,5.0,5.0,5.0,5.0,7.0,3.0,3.0,9.0,8.0,8.0,7.0,9.0,9.0,10.0,9.0,7.0,9.0,7.0,8.0,5.0,5.0,5.0,4.0,5.0,5.0,4.0,4.0,4.0,4.0,4.0,4.0,3.0,4.0,3.0,3.0,3.0,3.0,4.0,4.0,3.0,3.0,3.0,3.0,3.0,4.0,3.0,4.0,3.0,3.0,4.0,4.0,4.0,3.0,4.0,3.0,5.0,4.0,4.0,4.0,5.0,4.0,4.0,4.0,4.0,4.0,4.0,4.0,3.0,3.0,5.0,6.0,5.0,4.0,5.0,5.0,4.0,4.0,4.0,3.0,4.0,3.0,5.0,5.0,5.0,4.0,4.0,inf,4.0,4.0,5.0,5.0,4.0,5.0,4.0,3.0,2.0,3.0,3.0,4.0,4.0,4.0,4.0,4.0,5.0,3.0,4.0,4.0,4.0,4.0,5.0,4.0,5.0,4.0,4.0,4.0,4.0,inf,4.0,4.0,7.0,5.0,5.0,5.0,5.0,3.0,3.0,3.0,3.0,2.0,3.0,1.0,1.0,2.0,3.0,2.0,3.0,3.0,3.0,3.0,3.0,3.0,3.0,2.0,3.0,4.0,4.0,4.0,4.0,4.0,4.0,3.0,4.0,4.0,4.0,5.0,4.0,4.0,4.0,3.0,2.0,3.0,4.0,5.0,5.0,5.0,4.0,4.0,3.0,4.0,4.0
AS03,3.0,3.0,3.0,3.0,4.0,4.0,3.0,4.0,4.0,3.0,4.0,3.0,3.0,3.0,4.0,4.0,4.0,4.0,3.0,3.0,4.0,3.0,2.0,4.0,3.0,4.0,4.0,3.0,3.0,2.0,0.0,3.0,2.0,2.0,inf,inf,inf,2.0,3.0,4.0,4.0,4.0,4.0,3.0,2.0,5.0,4.0,3.0,4.0,4.0,3.0,4.0,4.0,2.0,1.0,2.0,3.0,2.0,2.0,3.0,2.0,3.0,4.0,3.0,3.0,3.0,3.0,2.0,3.0,3.0,3.0,3.0,4.0,4.0,5.0,4.0,5.0,4.0,4.0,4.0,3.0,4.0,3.0,2.0,5.0,4.0,4.0,5.0,2.0,1.0,2.0,2.0,2.0,2.0,3.0,2.0,2.0,3.0,4.0,3.0,3.0,3.0,3.0,3.0,3.0,4.0,4.0,3.0,3.0,3.0,3.0,3.0,2.0,3.0,2.0,3.0,3.0,5.0,6.0,6.0,7.0,7.0,7.0,8.0,9.0,4.0,3.0,5.0,4.0,4.0,5.0,inf,4.0,4.0,4.0,4.0,6.0,3.0,2.0,8.0,7.0,7.0,6.0,8.0,8.0,9.0,8.0,6.0,8.0,6.0,7.0,4.0,4.0,4.0,3.0,4.0,4.0,3.0,4.0,3.0,2.0,4.0,3.0,2.0,3.0,3.0,2.0,2.0,3.0,3.0,4.0,2.0,2.0,2.0,2.0,1.0,3.0,3.0,3.0,3.0,3.0,3.0,3.0,3.0,2.0,3.0,2.0,4.0,3.0,3.0,3.0,4.0,3.0,3.0,3.0,4.0,3.0,3.0,4.0,2.0,2.0,4.0,5.0,5.0,3.0,4.0,4.0,3.0,3.0,3.0,2.0,3.0,2.0,4.0,4.0,4.0,3.0,3.0,inf,4.0,3.0,4.0,4.0,3.0,4.0,3.0,2.0,3.0,2.0,2.0,4.0,3.0,3.0,3.0,3.0,4.0,2.0,3.0,3.0,3.0,3.0,4.0,3.0,4.0,3.0,3.0,4.0,3.0,inf,3.0,3.0,6.0,5.0,4.0,5.0,4.0,3.0,2.0,2.0,3.0,2.0,3.0,2.0,2.0,2.0,3.0,2.0,2.0,2.0,2.0,2.0,2.0,3.0,3.0,3.0,3.0,3.0,3.0,3.0,3.0,3.0,3.0,3.0,4.0,3.0,3.0,4.0,3.0,3.0,3.0,4.0,3.0,4.0,5.0,4.0,4.0,3.0,2.0,3.0,2.0,3.0,3.0
AS04,4.0,4.0,4.0,3.0,5.0,5.0,4.0,5.0,4.0,4.0,5.0,4.0,4.0,4.0,5.0,5.0,5.0,4.0,4.0,4.0,5.0,4.0,3.0,5.0,4.0,5.0,4.0,4.0,3.0,4.0,3.0,0.0,3.0,3.0,inf,inf,inf,3.0,4.0,5.0,5.0,5.0,5.0,4.0,3.0,5.0,5.0,4.0,5.0,5.0,4.0,5.0,5.0,2.0,2.0,3.0,4.0,3.0,3.0,3.0,3.0,4.0,4.0,3.0,4.0,4.0,3.0,3.0,4.0,4.0,4.0,4.0,5.0,5.0,5.0,5.0,6.0,5.0,5.0,4.0,4.0,4.0,3.0,4.0,6.0,5.0,5.0,6.0,3.0,3.0,1.0,2.0,2.0,3.0,3.0,3.0,3.0,3.0,4.0,4.0,4.0,4.0,4.0,4.0,4.0,5.0,5.0,5.0,4.0,4.0,4.0,4.0,4.0,3.0,2.0,4.0,4.0,6.0,7.0,7.0,8.0,8.0,8.0,9.0,10.0,5.0,4.0,6.0,5.0,5.0,6.0,inf,5.0,5.0,5.0,5.0,7.0,3.0,3.0,9.0,8.0,8.0,7.0,9.0,9.0,10.0,9.0,7.0,9.0,7.0,8.0,5.0,5.0,5.0,4.0,5.0,5.0,4.0,4.0,4.0,4.0,4.0,4.0,3.0,4.0,3.0,3.0,3.0,3.0,4.0,3.0,3.0,3.0,3.0,2.0,3.0,4.0,3.0,4.0,3.0,3.0,4.0,4.0,4.0,3.0,4.0,3.0,5.0,4.0,4.0,4.0,5.0,4.0,4.0,4.0,4.0,4.0,4.0,4.0,3.0,3.0,5.0,6.0,5.0,4.0,5.0,5.0,4.0,4.0,4.0,3.0,4.0,3.0,5.0,5.0,5.0,4.0,4.0,inf,4.0,4.0,5.0,5.0,4.0,5.0,4.0,3.0,3.0,3.0,3.0,4.0,4.0,4.0,4.0,4.0,5.0,3.0,4.0,4.0,4.0,4.0,5.0,4.0,5.0,4.0,4.0,5.0,4.0,inf,4.0,4.0,7.0,5.0,5.0,5.0,5.0,3.0,3.0,3.0,3.0,3.0,2.0,3.0,3.0,3.0,2.0,3.0,3.0,3.0,3.0,3.0,3.0,4.0,4.0,4.0,4.0,4.0,4.0,4.0,4.0,4.0,4.0,3.0,4.0,4.0,4.0,5.0,4.0,4.0,4.0,3.0,4.0,5.0,6.0,5.0,6.0,5.0,4.0,4.0,3.0,4.0,4.0
AS05,3.0,3.0,3.0,3.0,4.0,4.0,3.0,4.0,4.0,3.0,4.0,3.0,3.0,3.0,4.0,4.0,4.0,4.0,3.0,3.0,4.0,3.0,3.0,4.0,3.0,4.0,4.0,3.0,3.0,3.0,2.0,3.0,0.0,2.0,inf,inf,inf,2.0,3.0,4.0,4.0,4.0,4.0,3.0,2.0,5.0,4.0,4.0,4.0,4.0,3.0,4.0,4.0,2.0,1.0,2.0,1.0,2.0,2.0,3.0,2.0,3.0,4.0,3.0,3.0,3.0,3.0,2.0,3.0,3.0,3.0,3.0,4.0,4.0,5.0,4.0,5.0,4.0,4.0,4.0,3.0,4.0,3.0,4.0,4.0,4.0,4.0,4.0,2.0,2.0,2.0,2.0,2.0,2.0,3.0,2.0,2.0,2.0,2.0,2.0,2.0,2.0,2.0,2.0,3.0,4.0,3.0,4.0,3.0,3.0,2.0,3.0,3.0,3.0,3.0,3.0,3.0,5.0,6.0,6.0,7.0,7.0,7.0,8.0,9.0,4.0,3.0,5.0,4.0,4.0,5.0,inf,4.0,4.0,4.0,4.0,5.0,3.0,2.0,8.0,7.0,7.0,6.0,8.0,8.0,9.0,8.0,6.0,8.0,6.0,7.0,4.0,4.0,3.0,3.0,3.0,3.0,3.0,3.0,3.0,3.0,4.0,3.0,2.0,3.0,3.0,2.0,2.0,3.0,3.0,4.0,2.0,2.0,2.0,2.0,3.0,3.0,2.0,2.0,3.0,3.0,3.0,3.0,3.0,2.0,3.0,2.0,3.0,3.0,2.0,2.0,4.0,3.0,2.0,3.0,4.0,3.0,3.0,4.0,2.0,2.0,4.0,5.0,5.0,3.0,4.0,4.0,3.0,3.0,3.0,2.0,3.0,2.0,4.0,4.0,4.0,3.0,3.0,inf,4.0,3.0,3.0,4.0,3.0,4.0,3.0,2.0,3.0,2.0,2.0,3.0,3.0,3.0,3.0,3.0,3.0,2.0,3.0,2.0,2.0,3.0,3.0,3.0,4.0,3.0,3.0,4.0,3.0,inf,3.0,3.0,6.0,4.0,4.0,5.0,4.0,3.0,2.0,2.0,3.0,2.0,3.0,2.0,2.0,2.0,3.0,2.0,2.0,2.0,2.0,2.0,2.0,3.0,2.0,2.0,2.0,2.0,2.0,2.0,2.0,2.0,3.0,2.0,4.0,3.0,3.0,4.0,3.0,3.0,4.0,4.0,3.0,4.0,4.0,4.0,4.0,5.0,4.0,3.0,2.0,3.0,3.0
AS06,3.0,3.0,3.0,3.0,4.0,4.0,3.0,4.0,4.0,3.0,4.0,3.0,3.0,3.0,4.0,4.0,4.0,4.0,3.0,3.0,4.0,3.0,3.0,4.0,3.0,4.0,4.0,2.0,3.0,3.0,2.0,3.0,2.0,0.0,inf,inf,inf,2.0,3.0,4.0,4.0,4.0,4.0,3.0,2.0,5.0,4.0,4.0,4.0,4.0,3.0,4.0,4.0,2.0,1.0,1.0,1.0,2.0,2.0,3.0,2.0,3.0,3.0,3.0,3.0,3.0,3.0,2.0,3.0,3.0,3.0,3.0,4.0,4.0,5.0,4.0,5.0,4.0,4.0,4.0,3.0,4.0,3.0,4.0,4.0,4.0,4.0,4.0,2.0,2.0,2.0,2.0,1.0,2.0,3.0,2.0,2.0,2.0,2.0,2.0,2.0,2.0,2.0,2.0,3.0,4.0,3.0,4.0,3.0,3.0,2.0,3.0,3.0,3.0,3.0,3.0,3.0,5.0,6.0,6.0,7.0,7.0,7.0,8.0,9.0,4.0,3.0,5.0,4.0,4.0,5.0,inf,4.0,4.0,4.0,4.0,5.0,3.0,2.0,8.0,7.0,7.0,6.0,8.0,8.0,9.0,8.0,6.0,8.0,6.0,7.0,4.0,4.0,3.0,3.0,3.0,3.0,3.0,3.0,3.0,3.0,4.0,3.0,2.0,3.0,3.0,2.0,2.0,3.0,3.0,4.0,2.0,2.0,2.0,2.0,3.0,3.0,2.0,2.0,3.0,3.0,3.0,3.0,3.0,2.0,3.0,2.0,3.0,3.0,2.0,2.0,4.0,3.0,2.0,3.0,4.0,3.0,3.0,4.0,2.0,2.0,4.0,5.0,5.0,3.0,3.0,3.0,3.0,3.0,3.0,2.0,3.0,2.0,4.0,4.0,4.0,3.0,3.0,inf,4.0,3.0,3.0,4.0,3.0,4.0,3.0,2.0,3.0,2.0,2.0,3.0,2.0,3.0,3.0,3.0,3.0,2.0,3.0,2.0,2.0,3.0,3.0,3.0,4.0,3.0,3.0,3.0,3.0,inf,3.0,3.0,6.0,4.0,4.0,5.0,4.0,3.0,2.0,2.0,3.0,2.0,3.0,2.0,2.0,2.0,3.0,2.0,2.0,2.0,2.0,2.0,2.0,2.0,2.0,2.0,2.0,2.0,2.0,2.0,2.0,2.0,2.0,2.0,4.0,3.0,3.0,4.0,3.0,3.0,4.0,4.0,3.0,4.0,4.0,4.0,4.0,5.0,4.0,3.0,2.0,3.0,3.0
AS07,inf,inf,inf,inf,inf,inf,inf,inf,inf,inf,inf,inf,inf,inf,inf,inf,inf,inf,inf,inf,inf,inf,inf,inf,inf,inf,inf,inf,inf,inf,inf,inf,inf,inf,0.0,inf,inf,inf,inf,inf,inf,inf,inf,inf,inf,inf,inf,inf,inf,inf,inf,inf,inf,inf,inf,inf,inf,inf,inf,inf,inf,inf,inf,inf,inf,inf,inf,inf,inf,inf,inf,inf,inf,inf,inf,inf,inf,inf,inf,inf,inf,inf,inf,inf,inf,inf,inf,inf,inf,inf,inf,inf,inf,inf,inf,inf,inf,inf,inf,inf,inf,inf,inf,inf,inf,inf,inf,inf,inf,inf,inf,inf,inf,inf,inf,inf,inf,inf,inf,inf,inf,inf,inf,inf,inf,inf,inf,inf,inf,inf,inf,inf,inf,inf,inf,inf,inf,inf,inf,inf,inf,inf,inf,inf,inf,inf,inf,inf,inf,inf,inf,inf,inf,inf,inf,inf,inf,inf,inf,inf,inf,inf,inf,inf,inf,inf,inf,inf,inf,inf,inf,inf,inf,inf,inf,inf,inf,inf,inf,inf,inf,inf,inf,inf,inf,inf,inf,inf,inf,inf,inf,inf,inf,inf,inf,inf,inf,inf,inf,inf,inf,inf,inf,inf,inf,inf,inf,inf,inf,inf,inf,inf,inf,inf,inf,inf,inf,inf,inf,inf,inf,inf,inf,inf,inf,inf,inf,inf,inf,inf,inf,inf,inf,inf,inf,inf,inf,inf,inf,inf,inf,inf,inf,inf,inf,inf,inf,inf,inf,inf,inf,inf,inf,inf,inf,inf,inf,inf,inf,inf,inf,inf,inf,inf,inf,inf,inf,inf,inf,inf,inf,inf,inf,inf,inf,inf,inf,inf,inf,inf,inf,inf,inf,inf,inf,inf,inf,inf,inf,inf,inf,inf,inf,inf,inf,inf,inf,inf,inf,inf,inf,inf
AS08,inf,inf,inf,inf,inf,inf,inf,inf,inf,inf,inf,inf,inf,inf,inf,inf,inf,inf,inf,inf,inf,inf,inf,inf,inf,inf,inf,inf,inf,inf,inf,inf,inf,inf,inf,0.0,inf,inf,inf,inf,inf,inf,inf,inf,inf,inf,inf,inf,inf,inf,inf,inf,inf,inf,inf,inf,inf,inf,inf,inf,inf,inf,inf,inf,inf,inf,inf,inf,inf,inf,inf,inf,inf,inf,inf,inf,inf,inf,inf,inf,inf,inf,inf,inf,inf,inf,inf,inf,inf,inf,inf,inf,inf,inf,inf,inf,inf,inf,inf,inf,inf,inf,inf,inf,inf,inf,inf,inf,inf,inf,inf,inf,inf,inf,inf,inf,inf,inf,inf,inf,inf,inf,inf,inf,inf,inf,inf,inf,inf,inf,inf,inf,inf,inf,inf,inf,inf,inf,inf,inf,inf,inf,inf,inf,inf,inf,inf,inf,inf,inf,inf,inf,inf,inf,inf,inf,inf,inf,inf,inf,inf,inf,inf,inf,inf,inf,inf,inf,inf,inf,inf,inf,inf,inf,inf,inf,inf,inf,inf,inf,inf,inf,inf,inf,inf,inf,inf,inf,inf,inf,inf,inf,inf,inf,inf,inf,inf,inf,inf,inf,inf,inf,inf,inf,inf,inf,inf,inf,inf,inf,inf,inf,inf,inf,inf,inf,inf,inf,inf,inf,inf,inf,inf,inf,inf,inf,inf,inf,inf,inf,inf,inf,inf,inf,inf,inf,inf,inf,inf,inf,inf,inf,inf,inf,inf,inf,inf,inf,inf,inf,inf,inf,inf,inf,inf,inf,inf,inf,inf,inf,inf,inf,inf,inf,inf,inf,inf,inf,inf,inf,inf,inf,inf,inf,inf,inf,inf,inf,inf,inf,inf,inf,inf,inf,inf,inf,inf,inf,inf,inf,inf,inf,inf,inf,inf,inf,inf,inf,inf,inf,inf,inf
AS09,inf,inf,inf,inf,inf,inf,inf,inf,inf,inf,inf,inf,inf,inf,inf,inf,inf,inf,inf,inf,inf,inf,inf,inf,inf,inf,inf,inf,inf,inf,inf,inf,inf,inf,inf,inf,0.0,inf,inf,inf,inf,inf,inf,inf,inf,inf,inf,inf,inf,inf,inf,inf,inf,inf,inf,inf,inf,inf,inf,inf,inf,inf,inf,inf,inf,inf,inf,inf,inf,inf,inf,inf,inf,inf,inf,inf,inf,inf,inf,inf,inf,inf,inf,inf,inf,inf,inf,inf,inf,inf,inf,inf,inf,inf,inf,inf,inf,inf,inf,inf,inf,inf,inf,inf,inf,inf,inf,inf,inf,inf,inf,inf,inf,inf,inf,inf,inf,inf,inf,inf,inf,inf,inf,inf,inf,inf,inf,inf,inf,inf,inf,inf,inf,inf,inf,inf,inf,inf,inf,inf,inf,inf,inf,inf,inf,inf,inf,inf,inf,inf,inf,inf,inf,inf,inf,inf,inf,inf,inf,inf,inf,inf,inf,inf,inf,inf,inf,inf,inf,inf,inf,inf,inf,inf,inf,inf,inf,inf,inf,inf,inf,inf,inf,inf,inf,inf,inf,inf,inf,inf,inf,inf,inf,inf,inf,inf,inf,inf,inf,inf,inf,inf,inf,inf,inf,inf,inf,inf,inf,inf,inf,inf,inf,inf,inf,inf,inf,inf,inf,inf,inf,inf,inf,inf,inf,inf,inf,inf,inf,inf,inf,inf,inf,inf,inf,inf,inf,inf,inf,inf,inf,inf,inf,inf,inf,inf,inf,inf,inf,inf,inf,inf,inf,inf,inf,inf,inf,inf,inf,inf,inf,inf,inf,inf,inf,inf,inf,inf,inf,inf,inf,inf,inf,inf,inf,inf,inf,inf,inf,inf,inf,inf,inf,inf,inf,inf,inf,inf,inf,inf,inf,inf,inf,inf,inf,inf,inf,inf,inf,inf,inf,inf
AS10,3.0,3.0,3.0,2.0,4.0,3.0,3.0,4.0,3.0,3.0,3.0,3.0,3.0,3.0,4.0,3.0,4.0,3.0,2.0,3.0,3.0,3.0,3.0,3.0,3.0,3.0,3.0,2.0,3.0,3.0,2.0,3.0,2.0,2.0,inf,inf,inf,0.0,2.0,4.0,4.0,4.0,4.0,3.0,2.0,4.0,4.0,4.0,4.0,2.0,3.0,4.0,4.0,1.0,1.0,2.0,2.0,2.0,2.0,2.0,2.0,2.0,2.0,3.0,1.0,2.0,2.0,2.0,1.0,2.0,2.0,3.0,4.0,4.0,4.0,4.0,5.0,4.0,3.0,3.0,3.0,3.0,3.0,3.0,4.0,4.0,4.0,4.0,2.0,2.0,2.0,2.0,2.0,2.0,1.0,2.0,2.0,3.0,3.0,3.0,3.0,3.0,2.0,1.0,3.0,4.0,4.0,4.0,3.0,2.0,2.0,3.0,3.0,3.0,3.0,3.0,3.0,5.0,6.0,6.0,7.0,7.0,7.0,8.0,9.0,4.0,3.0,5.0,4.0,4.0,5.0,inf,4.0,4.0,4.0,4.0,5.0,2.0,2.0,8.0,7.0,7.0,6.0,8.0,8.0,9.0,8.0,6.0,8.0,6.0,7.0,3.0,3.0,3.0,3.0,3.0,3.0,3.0,2.0,3.0,2.0,2.0,3.0,2.0,2.0,2.0,2.0,2.0,2.0,3.0,3.0,2.0,2.0,2.0,2.0,2.0,2.0,2.0,3.0,2.0,2.0,3.0,3.0,2.0,2.0,3.0,2.0,4.0,3.0,3.0,3.0,3.0,2.0,3.0,3.0,3.0,2.0,2.0,4.0,2.0,2.0,4.0,5.0,4.0,3.0,4.0,4.0,3.0,3.0,3.0,2.0,3.0,2.0,4.0,3.0,4.0,3.0,3.0,inf,3.0,3.0,4.0,3.0,3.0,4.0,3.0,2.0,2.0,2.0,2.0,3.0,3.0,3.0,3.0,3.0,3.0,2.0,3.0,3.0,3.0,2.0,2.0,2.0,2.0,3.0,3.0,4.0,3.0,inf,3.0,3.0,6.0,4.0,3.0,4.0,3.0,2.0,2.0,2.0,2.0,2.0,2.0,2.0,2.0,2.0,2.0,2.0,2.0,2.0,2.0,2.0,1.0,3.0,3.0,3.0,3.0,3.0,3.0,3.0,3.0,3.0,2.0,2.0,3.0,3.0,3.0,3.0,3.0,3.0,3.0,3.0,3.0,4.0,5.0,4.0,5.0,4.0,3.0,3.0,2.0,2.0,2.0
AS11,3.0,3.0,3.0,2.0,4.0,3.0,4.0,3.0,3.0,3.0,3.0,3.0,3.0,2.0,4.0,3.0,4.0,3.0,2.0,3.0,3.0,3.0,2.0,3.0,3.0,3.0,3.0,2.0,4.0,4.0,3.0,4.0,3.0,3.0,inf,inf,inf,2.0,0.0,4.0,3.0,4.0,4.0,3.0,2.0,4.0,4.0,3.0,3.0,2.0,2.0,4.0,4.0,2.0,2.0,2.0,2.0,2.0,3.0,3.0,3.0,1.0,2.0,1.0,1.0,1.0,2.0,2.0,1.0,2.0,2.0,3.0,4.0,4.0,4.0,4.0,5.0,4.0,3.0,4.0,3.0,3.0,3.0,3.0,4.0,4.0,4.0,4.0,3.0,3.0,3.0,3.0,3.0,3.0,2.0,1.0,2.0,2.0,3.0,2.0,3.0,3.0,3.0,2.0,3.0,4.0,3.0,4.0,3.0,2.0,1.0,1.0,2.0,3.0,3.0,2.0,3.0,5.0,6.0,6.0,7.0,7.0,7.0,8.0,9.0,4.0,4.0,5.0,5.0,5.0,6.0,inf,5.0,4.0,4.0,4.0,5.0,2.0,3.0,8.0,7.0,7.0,6.0,8.0,8.0,9.0,8.0,6.0,8.0,6.0,7.0,3.0,3.0,3.0,3.0,3.0,3.0,2.0,1.0,2.0,2.0,2.0,2.0,2.0,2.0,3.0,2.0,3.0,3.0,3.0,3.0,2.0,2.0,2.0,2.0,3.0,2.0,2.0,2.0,1.0,2.0,2.0,2.0,2.0,2.0,3.0,3.0,4.0,3.0,3.0,3.0,3.0,2.0,1.0,3.0,2.0,2.0,2.0,4.0,3.0,3.0,4.0,5.0,4.0,3.0,3.0,3.0,4.0,4.0,3.0,3.0,3.0,3.0,4.0,3.0,4.0,3.0,3.0,inf,3.0,3.0,4.0,3.0,3.0,4.0,3.0,2.0,3.0,3.0,3.0,2.0,2.0,3.0,2.0,2.0,2.0,3.0,3.0,3.0,3.0,2.0,2.0,2.0,2.0,3.0,3.0,4.0,4.0,inf,4.0,3.0,7.0,4.0,3.0,4.0,3.0,3.0,3.0,3.0,3.0,3.0,3.0,3.0,3.0,3.0,3.0,3.0,3.0,3.0,2.0,2.0,2.0,3.0,3.0,3.0,3.0,3.0,3.0,3.0,3.0,3.0,2.0,1.0,3.0,3.0,3.0,2.0,2.0,3.0,3.0,4.0,4.0,5.0,4.0,3.0,4.0,4.0,3.0,4.0,3.0,2.0,2.0
ASEL,3.0,3.0,4.0,3.0,2.0,2.0,4.0,3.0,1.0,1.0,2.0,2.0,2.0,2.0,2.0,4.0,3.0,2.0,2.0,3.0,2.0,3.0,4.0,4.0,4.0,3.0,4.0,4.0,3.0,5.0,4.0,5.0,4.0,4.0,inf,inf,inf,4.0,4.0,0.0,2.0,1.0,2.0,3.0,2.0,3.0,3.0,3.0,4.0,3.0,3.0,2.0,3.0,3.0,3.0,4.0,4.0,4.0,4.0,2.0,3.0,4.0,4.0,4.0,3.0,4.0,4.0,4.0,3.0,4.0,3.0,5.0,3.0,3.0,2.0,3.0,1.0,1.0,3.0,3.0,5.0,5.0,5.0,5.0,4.0,4.0,4.0,4.0,4.0,4.0,4.0,4.0,4.0,4.0,4.0,4.0,4.0,5.0,5.0,5.0,5.0,5.0,5.0,4.0,4.0,5.0,6.0,5.0,5.0,4.0,4.0,4.0,3.0,3.0,4.0,4.0,4.0,4.0,5.0,5.0,6.0,6.0,6.0,7.0,8.0,4.0,3.0,3.0,4.0,4.0,5.0,inf,4.0,3.0,3.0,5.0,5.0,4.0,4.0,7.0,6.0,6.0,5.0,7.0,7.0,8.0,7.0,5.0,7.0,5.0,6.0,4.0,4.0,3.0,3.0,4.0,3.0,4.0,4.0,5.0,4.0,4.0,4.0,4.0,4.0,4.0,4.0,4.0,4.0,5.0,5.0,4.0,4.0,4.0,4.0,4.0,4.0,4.0,4.0,3.0,3.0,4.0,3.0,5.0,3.0,4.0,4.0,3.0,4.0,4.0,3.0,4.0,3.0,5.0,4.0,4.0,3.0,3.0,3.0,3.0,3.0,3.0,4.0,4.0,3.0,3.0,3.0,4.0,3.0,4.0,3.0,3.0,2.0,3.0,4.0,4.0,3.0,4.0,inf,3.0,3.0,4.0,4.0,3.0,4.0,4.0,3.0,4.0,4.0,4.0,4.0,3.0,4.0,3.0,3.0,4.0,4.0,3.0,4.0,4.0,4.0,3.0,4.0,3.0,3.0,2.0,3.0,3.0,inf,5.0,4.0,6.0,2.0,2.0,4.0,4.0,4.0,4.0,4.0,4.0,4.0,4.0,4.0,4.0,4.0,4.0,4.0,4.0,4.0,4.0,4.0,4.0,4.0,5.0,5.0,5.0,5.0,5.0,5.0,5.0,5.0,4.0,4.0,4.0,4.0,4.0,5.0,4.0,4.0,3.0,4.0,5.0,6.0,6.0,6.0,6.0,6.0,5.0,5.0,4.0,4.0,4.0
ASER,3.0,2.0,3.0,2.0,3.0,2.0,3.0,2.0,2.0,1.0,3.0,2.0,3.0,2.0,4.0,3.0,2.0,3.0,3.0,3.0,3.0,2.0,3.0,4.0,4.0,5.0,3.0,4.0,4.0,5.0,4.0,5.0,4.0,4.0,inf,inf,inf,4.0,3.0,2.0,0.0,3.0,1.0,3.0,2.0,3.0,2.0,3.0,2.0,3.0,2.0,3.0,2.0,4.0,3.0,4.0,4.0,3.0,3.0,3.0,3.0,2.0,3.0,3.0,3.0,2.0,3.0,3.0,3.0,3.0,3.0,4.0,4.0,3.0,2.0,1.0,3.0,2.0,4.0,4.0,4.0,4.0,4.0,4.0,5.0,4.0,4.0,4.0,4.0,4.0,4.0,4.0,4.0,4.0,4.0,3.0,3.0,4.0,5.0,4.0,5.0,5.0,5.0,4.0,4.0,5.0,5.0,4.0,4.0,3.0,3.0,2.0,2.0,4.0,3.0,3.0,3.0,5.0,6.0,6.0,7.0,7.0,7.0,8.0,9.0,4.0,3.0,4.0,4.0,5.0,5.0,inf,5.0,4.0,3.0,4.0,5.0,4.0,3.0,8.0,7.0,7.0,6.0,8.0,8.0,9.0,8.0,6.0,8.0,6.0,7.0,4.0,5.0,4.0,3.0,4.0,3.0,2.0,3.0,4.0,4.0,4.0,3.0,3.0,3.0,5.0,4.0,4.0,4.0,4.0,4.0,4.0,3.0,3.0,4.0,3.0,3.0,3.0,3.0,3.0,3.0,2.0,1.0,3.0,2.0,3.0,2.0,4.0,4.0,4.0,4.0,2.0,3.0,4.0,4.0,3.0,3.0,4.0,3.0,3.0,4.0,4.0,5.0,5.0,3.0,4.0,3.0,4.0,3.0,4.0,3.0,4.0,2.0,4.0,4.0,4.0,3.0,4.0,inf,3.0,2.0,3.0,3.0,3.0,4.0,4.0,3.0,5.0,4.0,4.0,4.0,4.0,4.0,4.0,3.0,4.0,4.0,4.0,4.0,4.0,4.0,4.0,4.0,3.0,3.0,4.0,4.0,3.0,inf,5.0,3.0,6.0,3.0,2.0,4.0,3.0,4.0,4.0,4.0,5.0,4.0,5.0,4.0,4.0,4.0,5.0,4.0,4.0,4.0,4.0,4.0,4.0,4.0,5.0,5.0,5.0,5.0,5.0,5.0,5.0,5.0,4.0,4.0,4.0,3.0,3.0,3.0,3.0,3.0,3.0,4.0,5.0,6.0,6.0,5.0,5.0,5.0,4.0,4.0,3.0,3.0,3.0
ASGL,3.0,4.0,3.0,2.0,2.0,3.0,3.0,4.0,2.0,2.0,2.0,3.0,2.0,2.0,1.0,4.0,2.0,1.0,3.0,4.0,1.0,2.0,3.0,3.0,4.0,2.0,3.0,4.0,3.0,5.0,4.0,5.0,4.0,4.0,inf,inf,inf,4.0,4.0,1.0,3.0,0.0,3.0,2.0,3.0,2.0,3.0,2.0,3.0,3.0,3.0,2.0,3.0,4.0,3.0,3.0,3.0,4.0,4.0,3.0,2.0,4.0,3.0,4.0,4.0,4.0,3.0,3.0,3.0,3.0,4.0,4.0,2.0,3.0,1.0,2.0,2.0,2.0,2.0,3.0,5.0,5.0,4.0,4.0,4.0,4.0,3.0,4.0,3.0,4.0,4.0,4.0,4.0,4.0,4.0,4.0,4.0,4.0,4.0,4.0,4.0,4.0,4.0,4.0,3.0,4.0,5.0,4.0,5.0,4.0,3.0,4.0,3.0,3.0,3.0,4.0,4.0,4.0,5.0,5.0,6.0,6.0,6.0,7.0,8.0,4.0,4.0,4.0,5.0,4.0,5.0,inf,4.0,3.0,4.0,5.0,5.0,4.0,4.0,7.0,6.0,6.0,5.0,7.0,7.0,8.0,7.0,5.0,7.0,5.0,6.0,3.0,4.0,3.0,3.0,3.0,3.0,4.0,4.0,4.0,4.0,5.0,4.0,4.0,4.0,5.0,4.0,4.0,4.0,5.0,5.0,4.0,4.0,3.0,4.0,4.0,3.0,4.0,4.0,3.0,4.0,3.0,3.0,4.0,3.0,4.0,4.0,2.0,3.0,3.0,2.0,3.0,3.0,4.0,3.0,4.0,2.0,3.0,2.0,3.0,3.0,3.0,4.0,3.0,2.0,3.0,3.0,3.0,2.0,3.0,3.0,3.0,3.0,3.0,3.0,4.0,3.0,3.0,inf,2.0,3.0,3.0,4.0,4.0,3.0,3.0,4.0,4.0,4.0,4.0,3.0,3.0,3.0,2.0,3.0,3.0,4.0,2.0,4.0,3.0,4.0,2.0,4.0,3.0,3.0,1.0,2.0,4.0,inf,5.0,4.0,6.0,3.0,3.0,3.0,4.0,3.0,4.0,3.0,5.0,4.0,4.0,4.0,4.0,4.0,5.0,4.0,4.0,4.0,4.0,4.0,4.0,3.0,4.0,4.0,4.0,4.0,4.0,4.0,4.0,4.0,4.0,4.0,3.0,3.0,4.0,4.0,4.0,4.0,2.0,3.0,4.0,5.0,5.0,5.0,5.0,5.0,4.0,5.0,4.0,4.0,4.0
ASGR,3.0,2.0,2.0,3.0,3.0,1.0,2.0,1.0,3.0,2.0,2.0,1.0,2.0,3.0,4.0,3.0,1.0,2.0,3.0,2.0,2.0,1.0,3.0,4.0,4.0,4.0,4.0,4.0,4.0,5.0,4.0,5.0,4.0,4.0,inf,inf,inf,4.0,4.0,2.0,1.0,3.0,0.0,3.0,2.0,2.0,1.0,3.0,3.0,3.0,2.0,3.0,2.0,4.0,3.0,4.0,4.0,3.0,3.0,3.0,3.0,3.0,4.0,4.0,3.0,3.0,4.0,4.0,3.0,3.0,4.0,4.0,3.0,2.0,3.0,2.0,3.0,1.0,3.0,4.0,5.0,4.0,4.0,4.0,5.0,4.0,3.0,4.0,4.0,4.0,4.0,4.0,4.0,4.0,5.0,4.0,4.0,5.0,5.0,5.0,5.0,5.0,5.0,4.0,4.0,5.0,6.0,5.0,5.0,4.0,4.0,3.0,3.0,3.0,4.0,3.0,3.0,5.0,5.0,6.0,6.0,6.0,7.0,8.0,9.0,5.0,4.0,4.0,5.0,4.0,5.0,inf,4.0,3.0,4.0,5.0,5.0,4.0,4.0,7.0,7.0,7.0,6.0,7.0,8.0,9.0,8.0,6.0,7.0,6.0,6.0,4.0,4.0,4.0,3.0,4.0,4.0,3.0,4.0,4.0,4.0,4.0,4.0,4.0,4.0,5.0,4.0,4.0,5.0,5.0,5.0,4.0,4.0,4.0,4.0,4.0,4.0,4.0,4.0,4.0,4.0,3.0,2.0,4.0,3.0,4.0,3.0,3.0,3.0,4.0,4.0,3.0,3.0,4.0,4.0,4.0,3.0,3.0,2.0,4.0,3.0,4.0,4.0,4.0,3.0,3.0,3.0,4.0,3.0,4.0,4.0,4.0,3.0,3.0,4.0,3.0,4.0,4.0,inf,3.0,3.0,4.0,4.0,4.0,4.0,3.0,4.0,5.0,4.0,4.0,4.0,3.0,4.0,3.0,4.0,4.0,3.0,3.0,3.0,4.0,4.0,3.0,4.0,2.0,4.0,3.0,4.0,2.0,inf,5.0,4.0,6.0,4.0,3.0,4.0,3.0,4.0,4.0,4.0,5.0,4.0,5.0,4.0,4.0,4.0,5.0,4.0,4.0,4.0,4.0,4.0,4.0,5.0,5.0,5.0,5.0,5.0,5.0,5.0,5.0,5.0,4.0,4.0,5.0,4.0,4.0,4.0,4.0,4.0,4.0,5.0,5.0,6.0,6.0,5.0,6.0,6.0,5.0,5.0,4.0,4.0,4.0
ASHL,1.0,2.0,3.0,4.0,1.0,3.0,2.0,3.0,2.0,2.0,2.0,2.0,2.0,2.0,3.0,3.0,4.0,3.0,3.0,4.0,1.0,2.0,3.0,2.0,3.0,4.0,3.0,3.0,3.0,4.0,3.0,4.0,3.0,3.0,inf,inf,inf,3.0,3.0,3.0,3.0,2.0,3.0,0.0,1.0,3.0,3.0,3.0,4.0,1.0,2.0,3.0,3.0,3.0,2.0,3.0,4.0,3.0,2.0,2.0,2.0,3.0,2.0,4.0,2.0,3.0,3.0,3.0,3.0,2.0,3.0,3.0,2.0,3.0,2.0,2.0,2.0,3.0,3.0,3.0,4.0,3.0,4.0,4.0,4.0,4.0,3.0,4.0,3.0,3.0,3.0,3.0,3.0,3.0,4.0,3.0,3.0,4.0,4.0,4.0,4.0,4.0,4.0,3.0,4.0,5.0,5.0,5.0,4.0,4.0,4.0,4.0,3.0,3.0,3.0,2.0,3.0,3.0,4.0,4.0,5.0,5.0,5.0,6.0,7.0,4.0,4.0,3.0,5.0,4.0,5.0,inf,4.0,2.0,3.0,4.0,5.0,3.0,3.0,6.0,5.0,5.0,4.0,6.0,6.0,7.0,6.0,4.0,6.0,4.0,5.0,3.0,4.0,3.0,3.0,2.0,3.0,4.0,4.0,3.0,4.0,3.0,4.0,3.0,3.0,4.0,3.0,3.0,4.0,4.0,5.0,3.0,3.0,3.0,3.0,4.0,4.0,3.0,3.0,3.0,3.0,2.0,3.0,3.0,3.0,4.0,3.0,2.0,3.0,3.0,4.0,1.0,2.0,4.0,3.0,3.0,2.0,3.0,2.0,3.0,3.0,2.0,3.0,4.0,3.0,3.0,3.0,3.0,2.0,3.0,3.0,3.0,3.0,3.0,3.0,3.0,3.0,3.0,inf,1.0,2.0,2.0,3.0,4.0,3.0,4.0,3.0,4.0,3.0,3.0,4.0,3.0,3.0,3.0,3.0,4.0,3.0,4.0,4.0,3.0,3.0,3.0,4.0,3.0,3.0,3.0,3.0,3.0,inf,4.0,3.0,6.0,2.0,3.0,2.0,3.0,3.0,3.0,3.0,4.0,3.0,4.0,3.0,3.0,3.0,4.0,3.0,3.0,3.0,3.0,3.0,3.0,3.0,4.0,4.0,4.0,4.0,4.0,4.0,4.0,4.0,4.0,4.0,4.0,4.0,4.0,3.0,3.0,4.0,3.0,4.0,4.0,5.0,5.0,4.0,5.0,6.0,5.0,4.0,3.0,3.0,4.0
ASHR,2.0,1.0,3.0,3.0,2.0,2.0,3.0,2.0,2.0,1.0,2.0,1.0,2.0,2.0,4.0,3.0,3.0,4.0,3.0,3.0,2.0,1.0,2.0,3.0,3.0,3.0,2.0,3.0,2.0,3.0,2.0,3.0,2.0,2.0,inf,inf,inf,2.0,2.0,2.0,2.0,3.0,2.0,1.0,0.0,3.0,2.0,3.0,3.0,2.0,1.0,3.0,3.0,2.0,1.0,2.0,3.0,2.0,2.0,2.0,1.0,2.0,2.0,3.0,1.0,2.0,3.0,2.0,2.0,2.0,3.0,3.0,3.0,2.0,3.0,2.0,3.0,2.0,4.0,3.0,3.0,3.0,3.0,3.0,4.0,4.0,4.0,4.0,2.0,2.0,2.0,2.0,2.0,2.0,3.0,2.0,2.0,3.0,4.0,3.0,3.0,3.0,3.0,2.0,3.0,4.0,4.0,4.0,3.0,3.0,3.0,3.0,3.0,3.0,3.0,2.0,2.0,4.0,5.0,5.0,6.0,6.0,6.0,7.0,8.0,3.0,3.0,4.0,4.0,3.0,4.0,inf,4.0,3.0,2.0,4.0,5.0,2.0,2.0,7.0,6.0,6.0,5.0,7.0,7.0,8.0,7.0,5.0,7.0,5.0,6.0,4.0,4.0,3.0,3.0,3.0,3.0,3.0,3.0,3.0,3.0,2.0,3.0,2.0,2.0,3.0,2.0,2.0,3.0,3.0,4.0,2.0,2.0,2.0,2.0,3.0,3.0,2.0,3.0,3.0,2.0,3.0,2.0,3.0,2.0,3.0,2.0,3.0,3.0,3.0,3.0,2.0,1.0,3.0,2.0,2.0,3.0,3.0,3.0,2.0,2.0,3.0,4.0,4.0,3.0,3.0,3.0,2.0,3.0,3.0,2.0,2.0,2.0,3.0,3.0,3.0,2.0,3.0,inf,2.0,1.0,2.0,2.0,3.0,4.0,3.0,2.0,3.0,2.0,2.0,4.0,3.0,3.0,3.0,3.0,3.0,2.0,3.0,3.0,3.0,3.0,3.0,3.0,2.0,3.0,2.0,3.0,3.0,inf,3.0,3.0,5.0,3.0,2.0,3.0,2.0,3.0,2.0,2.0,3.0,2.0,3.0,2.0,2.0,2.0,3.0,2.0,2.0,2.0,2.0,2.0,2.0,3.0,3.0,3.0,3.0,3.0,3.0,3.0,3.0,3.0,3.0,3.0,3.0,3.0,3.0,3.0,3.0,3.0,3.0,4.0,3.0,4.0,5.0,4.0,5.0,5.0,4.0,3.0,2.0,2.0,3.0
ASIL,4.0,4.0,3.0,2.0,3.0,3.0,3.0,3.0,3.0,3.0,1.0,2.0,2.0,4.0,3.0,4.0,2.0,1.0,3.0,2.0,3.0,3.0,3.0,4.0,4.0,4.0,3.0,4.0,4.0,5.0,5.0,5.0,5.0,5.0,inf,inf,inf,4.0,4.0,3.0,3.0,2.0,2.0,3.0,3.0,0.0,1.0,2.0,3.0,2.0,3.0,2.0,3.0,4.0,4.0,4.0,4.0,4.0,4.0,4.0,4.0,4.0,4.0,4.0,3.0,4.0,4.0,3.0,3.0,4.0,4.0,5.0,2.0,3.0,2.0,3.0,3.0,2.0,2.0,3.0,5.0,4.0,4.0,4.0,5.0,5.0,5.0,5.0,4.0,4.0,4.0,5.0,5.0,5.0,5.0,4.0,5.0,5.0,5.0,4.0,5.0,5.0,5.0,4.0,4.0,5.0,5.0,5.0,5.0,4.0,4.0,4.0,3.0,3.0,3.0,3.0,4.0,5.0,5.0,6.0,6.0,6.0,7.0,8.0,9.0,5.0,5.0,5.0,6.0,4.0,5.0,inf,4.0,3.0,5.0,5.0,6.0,4.0,4.0,7.0,7.0,7.0,6.0,7.0,8.0,9.0,8.0,6.0,7.0,6.0,6.0,4.0,4.0,4.0,4.0,4.0,4.0,4.0,5.0,4.0,4.0,4.0,5.0,4.0,4.0,5.0,4.0,5.0,5.0,5.0,6.0,4.0,4.0,4.0,4.0,4.0,3.0,4.0,4.0,4.0,4.0,3.0,3.0,4.0,4.0,5.0,4.0,2.0,5.0,3.0,4.0,4.0,4.0,4.0,4.0,5.0,3.0,3.0,4.0,4.0,3.0,4.0,4.0,3.0,3.0,3.0,4.0,4.0,4.0,4.0,4.0,3.0,4.0,3.0,4.0,4.0,4.0,4.0,inf,3.0,4.0,4.0,5.0,4.0,4.0,4.0,5.0,5.0,5.0,5.0,4.0,3.0,4.0,3.0,4.0,4.0,4.0,4.0,4.0,4.0,4.0,4.0,4.0,4.0,4.0,3.0,3.0,4.0,inf,5.0,4.0,6.0,4.0,4.0,4.0,4.0,4.0,4.0,4.0,5.0,5.0,5.0,5.0,5.0,5.0,5.0,5.0,5.0,5.0,5.0,5.0,5.0,4.0,5.0,5.0,5.0,5.0,5.0,5.0,5.0,5.0,4.0,4.0,5.0,5.0,5.0,5.0,4.0,4.0,4.0,5.0,5.0,6.0,6.0,5.0,6.0,5.0,4.0,5.0,4.0,4.0,4.0
ASIR,4.0,3.0,3.0,3.0,4.0,2.0,3.0,2.0,3.0,3.0,1.0,1.0,2.0,3.0,4.0,4.0,2.0,2.0,2.0,1.0,3.0,2.0,3.0,4.0,4.0,4.0,4.0,4.0,4.0,5.0,4.0,5.0,4.0,4.0,inf,inf,inf,4.0,4.0,3.0,2.0,3.0,1.0,3.0,2.0,1.0,0.0,2.0,3.0,2.0,2.0,3.0,2.0,3.0,3.0,4.0,5.0,4.0,4.0,3.0,3.0,4.0,4.0,4.0,3.0,3.0,4.0,4.0,3.0,3.0,4.0,5.0,2.0,2.0,2.0,3.0,4.0,2.0,3.0,4.0,5.0,4.0,4.0,4.0,6.0,5.0,4.0,5.0,4.0,4.0,4.0,4.0,4.0,4.0,4.0,4.0,4.0,5.0,6.0,5.0,5.0,5.0,5.0,4.0,4.0,5.0,6.0,6.0,5.0,4.0,4.0,4.0,3.0,3.0,4.0,3.0,3.0,5.0,5.0,6.0,6.0,6.0,7.0,8.0,9.0,5.0,5.0,5.0,6.0,4.0,5.0,inf,4.0,3.0,4.0,5.0,6.0,4.0,4.0,7.0,7.0,7.0,6.0,7.0,8.0,9.0,8.0,6.0,7.0,6.0,6.0,4.0,4.0,5.0,4.0,5.0,4.0,4.0,5.0,4.0,4.0,4.0,4.0,4.0,4.0,4.0,4.0,4.0,4.0,5.0,5.0,4.0,4.0,4.0,4.0,4.0,4.0,4.0,4.0,4.0,4.0,3.0,3.0,5.0,4.0,5.0,4.0,3.0,4.0,4.0,4.0,4.0,3.0,4.0,4.0,4.0,4.0,3.0,3.0,3.0,2.0,4.0,4.0,4.0,3.0,3.0,4.0,4.0,4.0,4.0,4.0,4.0,4.0,3.0,5.0,4.0,4.0,4.0,inf,3.0,3.0,4.0,4.0,4.0,4.0,4.0,4.0,4.0,4.0,4.0,4.0,3.0,4.0,3.0,4.0,4.0,4.0,4.0,4.0,5.0,4.0,4.0,4.0,3.0,4.0,3.0,4.0,3.0,inf,5.0,4.0,6.0,4.0,4.0,4.0,3.0,4.0,4.0,4.0,4.0,4.0,4.0,4.0,4.0,4.0,4.0,4.0,4.0,4.0,4.0,4.0,4.0,5.0,5.0,5.0,5.0,5.0,5.0,5.0,5.0,5.0,4.0,4.0,5.0,5.0,5.0,5.0,4.0,4.0,4.0,5.0,5.0,6.0,6.0,5.0,6.0,6.0,5.0,5.0,4.0,4.0,4.0
ASJL,2.0,3.0,2.0,3.0,3.0,3.0,3.0,3.0,3.0,3.0,1.0,2.0,2.0,3.0,3.0,2.0,3.0,3.0,4.0,3.0,3.0,3.0,1.0,3.0,4.0,2.0,4.0,3.0,3.0,5.0,3.0,4.0,4.0,4.0,inf,inf,inf,4.0,3.0,3.0,3.0,2.0,3.0,3.0,3.0,2.0,2.0,0.0,1.0,2.0,2.0,3.0,4.0,3.0,3.0,3.0,3.0,4.0,3.0,3.0,2.0,3.0,2.0,3.0,3.0,2.0,3.0,3.0,3.0,2.0,3.0,4.0,2.0,3.0,2.0,3.0,4.0,2.0,4.0,4.0,4.0,3.0,2.0,2.0,4.0,4.0,3.0,3.0,3.0,4.0,3.0,4.0,3.0,4.0,3.0,2.0,3.0,3.0,4.0,3.0,4.0,4.0,4.0,4.0,3.0,4.0,4.0,4.0,4.0,3.0,3.0,3.0,3.0,3.0,4.0,2.0,2.0,4.0,5.0,5.0,6.0,6.0,6.0,7.0,8.0,4.0,4.0,3.0,5.0,4.0,5.0,inf,4.0,1.0,4.0,3.0,4.0,4.0,4.0,7.0,6.0,6.0,5.0,7.0,7.0,8.0,7.0,5.0,7.0,5.0,6.0,2.0,3.0,3.0,3.0,3.0,3.0,3.0,3.0,3.0,3.0,4.0,3.0,2.0,3.0,4.0,4.0,4.0,4.0,3.0,4.0,3.0,3.0,3.0,2.0,2.0,4.0,3.0,3.0,2.0,3.0,1.0,2.0,4.0,3.0,4.0,3.0,3.0,3.0,3.0,2.0,3.0,4.0,2.0,3.0,4.0,3.0,3.0,4.0,3.0,3.0,3.0,4.0,5.0,2.0,3.0,4.0,3.0,2.0,2.0,3.0,3.0,3.0,3.0,4.0,2.0,3.0,4.0,inf,2.0,3.0,3.0,4.0,4.0,3.0,3.0,4.0,4.0,4.0,4.0,3.0,3.0,3.0,2.0,3.0,3.0,3.0,3.0,3.0,3.0,3.0,2.0,4.0,3.0,3.0,1.0,2.0,4.0,inf,5.0,2.0,6.0,2.0,4.0,2.0,4.0,4.0,4.0,4.0,4.0,4.0,4.0,4.0,4.0,4.0,4.0,4.0,4.0,4.0,3.0,4.0,3.0,3.0,4.0,4.0,4.0,4.0,4.0,4.0,4.0,4.0,4.0,4.0,3.0,3.0,4.0,3.0,3.0,4.0,2.0,3.0,4.0,5.0,5.0,4.0,5.0,4.0,3.0,4.0,4.0,3.0,3.0
ASJR,3.0,2.0,3.0,2.0,4.0,3.0,4.0,3.0,4.0,3.0,2.0,3.0,3.0,3.0,4.0,1.0,4.0,3.0,4.0,4.0,4.0,4.0,2.0,4.0,4.0,3.0,3.0,3.0,4.0,5.0,4.0,5.0,4.0,4.0,inf,inf,inf,4.0,3.0,4.0,2.0,3.0,3.0,4.0,3.0,3.0,3.0,1.0,0.0,3.0,2.0,4.0,4.0,4.0,3.0,4.0,4.0,3.0,3.0,4.0,3.0,2.0,3.0,3.0,3.0,2.0,3.0,3.0,3.0,2.0,3.0,4.0,3.0,4.0,3.0,3.0,5.0,3.0,4.0,5.0,4.0,4.0,3.0,3.0,5.0,5.0,4.0,2.0,4.0,4.0,4.0,4.0,4.0,4.0,4.0,3.0,3.0,4.0,5.0,4.0,5.0,5.0,5.0,4.0,4.0,5.0,5.0,4.0,4.0,3.0,3.0,2.0,2.0,4.0,3.0,3.0,3.0,5.0,6.0,6.0,7.0,7.0,7.0,8.0,9.0,4.0,4.0,4.0,5.0,5.0,4.0,inf,5.0,2.0,4.0,4.0,3.0,4.0,3.0,8.0,7.0,7.0,6.0,8.0,8.0,9.0,8.0,6.0,8.0,6.0,7.0,3.0,4.0,4.0,4.0,4.0,3.0,2.0,3.0,3.0,4.0,4.0,3.0,3.0,3.0,5.0,4.0,4.0,4.0,4.0,4.0,4.0,3.0,3.0,3.0,3.0,3.0,3.0,3.0,3.0,3.0,2.0,1.0,3.0,2.0,3.0,2.0,4.0,4.0,4.0,3.0,3.0,4.0,3.0,4.0,4.0,4.0,3.0,4.0,4.0,3.0,4.0,5.0,5.0,3.0,4.0,4.0,4.0,3.0,3.0,4.0,4.0,4.0,4.0,4.0,3.0,3.0,4.0,inf,3.0,3.0,4.0,4.0,4.0,4.0,3.0,4.0,5.0,4.0,4.0,4.0,4.0,4.0,3.0,3.0,4.0,4.0,3.0,4.0,4.0,3.0,3.0,4.0,2.0,4.0,2.0,3.0,4.0,inf,5.0,3.0,5.0,3.0,3.0,3.0,4.0,5.0,4.0,4.0,5.0,4.0,5.0,4.0,4.0,4.0,5.0,4.0,4.0,4.0,4.0,4.0,4.0,4.0,5.0,5.0,5.0,5.0,5.0,5.0,5.0,5.0,4.0,4.0,4.0,3.0,3.0,3.0,3.0,3.0,3.0,4.0,5.0,6.0,5.0,4.0,5.0,5.0,4.0,4.0,3.0,3.0,3.0
ASKL,2.0,3.0,3.0,3.0,2.0,3.0,3.0,2.0,2.0,3.0,1.0,2.0,1.0,2.0,4.0,3.0,4.0,3.0,3.0,3.0,2.0,2.0,2.0,3.0,3.0,3.0,3.0,3.0,4.0,5.0,4.0,5.0,4.0,4.0,inf,inf,inf,2.0,2.0,3.0,3.0,3.0,3.0,1.0,2.0,2.0,2.0,2.0,3.0,0.0,1.0,3.0,4.0,3.0,3.0,3.0,3.0,2.0,3.0,3.0,3.0,2.0,2.0,3.0,1.0,2.0,3.0,2.0,3.0,2.0,3.0,3.0,2.0,3.0,2.0,3.0,3.0,2.0,3.0,4.0,3.0,2.0,3.0,3.0,5.0,4.0,4.0,4.0,4.0,4.0,4.0,4.0,4.0,4.0,3.0,2.0,3.0,4.0,4.0,4.0,4.0,4.0,3.0,2.0,3.0,4.0,5.0,5.0,4.0,3.0,3.0,3.0,2.0,2.0,3.0,1.0,2.0,4.0,4.0,5.0,5.0,5.0,6.0,7.0,8.0,4.0,4.0,4.0,5.0,3.0,4.0,inf,3.0,3.0,3.0,5.0,5.0,2.0,3.0,6.0,6.0,6.0,5.0,6.0,7.0,8.0,7.0,5.0,6.0,5.0,5.0,4.0,3.0,4.0,3.0,3.0,3.0,3.0,3.0,3.0,4.0,2.0,3.0,2.0,2.0,3.0,3.0,3.0,3.0,3.0,4.0,3.0,3.0,3.0,3.0,3.0,4.0,2.0,2.0,2.0,2.0,1.0,2.0,3.0,3.0,3.0,3.0,3.0,4.0,4.0,3.0,2.0,3.0,3.0,2.0,3.0,3.0,2.0,3.0,3.0,2.0,3.0,3.0,4.0,2.0,2.0,3.0,4.0,3.0,4.0,3.0,4.0,4.0,2.0,4.0,4.0,3.0,3.0,inf,2.0,2.0,3.0,3.0,3.0,3.0,4.0,4.0,4.0,4.0,4.0,3.0,2.0,4.0,2.0,3.0,3.0,4.0,3.0,3.0,4.0,3.0,3.0,4.0,3.0,3.0,2.0,3.0,4.0,inf,4.0,4.0,5.0,3.0,4.0,3.0,3.0,4.0,3.0,4.0,4.0,4.0,4.0,4.0,4.0,4.0,4.0,4.0,4.0,4.0,3.0,4.0,3.0,3.0,4.0,4.0,4.0,4.0,4.0,4.0,4.0,4.0,3.0,3.0,3.0,4.0,4.0,3.0,3.0,3.0,3.0,4.0,4.0,5.0,5.0,4.0,5.0,5.0,4.0,4.0,3.0,2.0,3.0
ASKR,3.0,2.0,4.0,2.0,3.0,2.0,2.0,1.0,3.0,2.0,2.0,1.0,2.0,1.0,4.0,3.0,3.0,3.0,3.0,3.0,2.0,2.0,1.0,4.0,4.0,4.0,2.0,3.0,3.0,4.0,3.0,4.0,3.0,3.0,inf,inf,inf,3.0,2.0,3.0,2.0,3.0,2.0,2.0,1.0,3.0,2.0,2.0,2.0,1.0,0.0,4.0,3.0,3.0,2.0,3.0,3.0,3.0,3.0,3.0,2.0,2.0,2.0,2.0,2.0,1.0,2.0,2.0,3.0,3.0,3.0,4.0,3.0,2.0,3.0,2.0,4.0,2.0,3.0,4.0,4.0,2.0,2.0,2.0,4.0,5.0,4.0,4.0,3.0,3.0,3.0,3.0,3.0,3.0,3.0,2.0,3.0,3.0,4.0,3.0,4.0,4.0,4.0,3.0,2.0,3.0,4.0,4.0,3.0,2.0,3.0,2.0,2.0,3.0,3.0,1.0,1.0,5.0,5.0,6.0,6.0,6.0,7.0,8.0,9.0,4.0,4.0,5.0,5.0,4.0,5.0,inf,4.0,3.0,2.0,4.0,5.0,3.0,3.0,7.0,7.0,7.0,6.0,7.0,8.0,9.0,8.0,6.0,7.0,6.0,6.0,3.0,4.0,3.0,4.0,3.0,3.0,2.0,3.0,4.0,3.0,3.0,2.0,2.0,2.0,4.0,3.0,3.0,3.0,3.0,3.0,3.0,3.0,3.0,2.0,2.0,3.0,3.0,2.0,2.0,2.0,2.0,1.0,3.0,2.0,3.0,2.0,4.0,3.0,3.0,3.0,3.0,2.0,2.0,2.0,2.0,2.0,3.0,3.0,2.0,3.0,4.0,4.0,4.0,2.0,3.0,2.0,3.0,4.0,3.0,3.0,3.0,3.0,3.0,3.0,4.0,3.0,3.0,inf,3.0,1.0,2.0,2.0,3.0,4.0,3.0,3.0,4.0,3.0,3.0,4.0,3.0,3.0,3.0,2.0,4.0,3.0,3.0,3.0,3.0,4.0,3.0,4.0,2.0,2.0,3.0,3.0,3.0,inf,4.0,3.0,6.0,4.0,3.0,4.0,2.0,3.0,3.0,3.0,4.0,3.0,4.0,3.0,3.0,3.0,4.0,3.0,3.0,3.0,3.0,3.0,3.0,3.0,4.0,4.0,4.0,4.0,4.0,4.0,4.0,4.0,3.0,3.0,3.0,3.0,3.0,3.0,3.0,3.0,3.0,3.0,3.0,4.0,4.0,5.0,5.0,4.0,3.0,4.0,3.0,2.0,3.0
AUAL,3.0,4.0,3.0,2.0,2.0,3.0,3.0,4.0,3.0,3.0,2.0,3.0,3.0,4.0,3.0,4.0,2.0,1.0,3.0,2.0,3.0,4.0,3.0,3.0,4.0,3.0,3.0,4.0,3.0,5.0,4.0,5.0,4.0,4.0,inf,inf,inf,4.0,4.0,2.0,3.0,2.0,3.0,3.0,3.0,2.0,3.0,3.0,4.0,3.0,4.0,0.0,1.0,4.0,3.0,4.0,3.0,4.0,4.0,3.0,2.0,4.0,3.0,4.0,4.0,4.0,4.0,3.0,3.0,3.0,4.0,4.0,3.0,4.0,1.0,2.0,1.0,3.0,2.0,3.0,5.0,5.0,4.0,4.0,3.0,5.0,4.0,3.0,3.0,4.0,4.0,4.0,4.0,4.0,4.0,4.0,4.0,4.0,4.0,4.0,4.0,4.0,4.0,4.0,5.0,6.0,5.0,5.0,5.0,5.0,3.0,4.0,4.0,4.0,3.0,4.0,4.0,4.0,5.0,5.0,6.0,6.0,6.0,7.0,8.0,4.0,4.0,4.0,5.0,3.0,4.0,inf,5.0,3.0,3.0,5.0,4.0,5.0,4.0,7.0,6.0,6.0,5.0,7.0,7.0,8.0,7.0,5.0,7.0,5.0,6.0,4.0,4.0,2.0,4.0,3.0,2.0,4.0,5.0,4.0,4.0,5.0,5.0,4.0,5.0,5.0,4.0,4.0,4.0,5.0,5.0,4.0,4.0,3.0,4.0,4.0,3.0,4.0,4.0,4.0,4.0,4.0,3.0,4.0,4.0,4.0,4.0,2.0,3.0,3.0,3.0,3.0,3.0,4.0,3.0,4.0,3.0,3.0,4.0,3.0,3.0,3.0,4.0,3.0,3.0,3.0,4.0,2.0,3.0,2.0,3.0,1.0,3.0,4.0,4.0,3.0,3.0,4.0,inf,2.0,3.0,3.0,3.0,4.0,4.0,2.0,3.0,4.0,4.0,4.0,4.0,3.0,4.0,4.0,4.0,2.0,4.0,3.0,3.0,2.0,3.0,3.0,4.0,3.0,3.0,3.0,2.0,4.0,inf,5.0,4.0,5.0,3.0,3.0,3.0,2.0,4.0,4.0,4.0,5.0,4.0,5.0,4.0,4.0,4.0,5.0,4.0,4.0,4.0,4.0,4.0,4.0,3.0,4.0,4.0,4.0,4.0,4.0,4.0,4.0,4.0,4.0,4.0,5.0,5.0,5.0,4.0,4.0,5.0,4.0,5.0,5.0,6.0,6.0,5.0,6.0,5.0,4.0,5.0,4.0,5.0,5.0
AUAR,4.0,3.0,2.0,3.0,3.0,2.0,4.0,3.0,3.0,3.0,3.0,3.0,3.0,3.0,4.0,4.0,1.0,2.0,2.0,1.0,4.0,3.0,4.0,4.0,5.0,4.0,3.0,4.0,4.0,5.0,4.0,5.0,4.0,4.0,inf,inf,inf,4.0,4.0,3.0,2.0,3.0,2.0,3.0,3.0,3.0,2.0,4.0,4.0,4.0,3.0,1.0,0.0,3.0,3.0,4.0,4.0,4.0,4.0,3.0,3.0,4.0,4.0,4.0,4.0,4.0,4.0,4.0,3.0,3.0,4.0,5.0,4.0,3.0,2.0,1.0,2.0,3.0,3.0,4.0,5.0,5.0,5.0,5.0,4.0,5.0,4.0,4.0,4.0,4.0,4.0,4.0,4.0,4.0,4.0,4.0,4.0,5.0,5.0,5.0,5.0,5.0,5.0,5.0,4.0,5.0,6.0,6.0,5.0,4.0,4.0,4.0,4.0,4.0,4.0,4.0,4.0,5.0,6.0,6.0,7.0,7.0,7.0,8.0,9.0,5.0,5.0,4.0,6.0,4.0,5.0,inf,5.0,3.0,2.0,5.0,5.0,4.0,4.0,8.0,7.0,7.0,6.0,8.0,8.0,9.0,8.0,6.0,8.0,6.0,7.0,4.0,4.0,3.0,4.0,4.0,3.0,4.0,5.0,4.0,4.0,4.0,5.0,4.0,5.0,4.0,4.0,4.0,4.0,5.0,5.0,4.0,4.0,4.0,4.0,4.0,4.0,4.0,4.0,4.0,3.0,4.0,3.0,4.0,4.0,4.0,4.0,3.0,4.0,4.0,4.0,2.0,2.0,5.0,4.0,3.0,4.0,3.0,3.0,3.0,2.0,4.0,5.0,4.0,3.0,4.0,4.0,3.0,3.0,3.0,4.0,2.0,4.0,4.0,5.0,3.0,4.0,4.0,inf,3.0,2.0,3.0,3.0,5.0,4.0,3.0,4.0,4.0,4.0,4.0,4.0,4.0,4.0,3.0,4.0,3.0,3.0,4.0,3.0,3.0,4.0,4.0,4.0,3.0,4.0,4.0,3.0,3.0,inf,5.0,4.0,6.0,4.0,3.0,4.0,1.0,4.0,4.0,4.0,4.0,4.0,4.0,4.0,4.0,4.0,4.0,4.0,4.0,4.0,4.0,4.0,4.0,4.0,5.0,5.0,5.0,5.0,5.0,5.0,5.0,5.0,4.0,4.0,4.0,5.0,5.0,5.0,5.0,5.0,4.0,5.0,5.0,6.0,6.0,5.0,6.0,6.0,5.0,5.0,4.0,4.0,5.0
AVAL,2.0,2.0,3.0,2.0,3.0,3.0,2.0,3.0,2.0,3.0,3.0,3.0,2.0,2.0,3.0,3.0,4.0,3.0,3.0,2.0,3.0,3.0,2.0,3.0,2.0,4.0,3.0,2.0,2.0,2.0,2.0,2.0,2.0,2.0,inf,inf,inf,1.0,2.0,3.0,4.0,4.0,4.0,3.0,2.0,4.0,3.0,3.0,4.0,3.0,3.0,4.0,3.0,0.0,1.0,2.0,2.0,1.0,1.0,1.0,2.0,2.0,2.0,2.0,2.0,2.0,1.0,1.0,2.0,2.0,2.0,2.0,3.0,4.0,3.0,3.0,4.0,4.0,3.0,2.0,2.0,2.0,3.0,2.0,4.0,4.0,4.0,4.0,1.0,1.0,1.0,1.0,1.0,1.0,1.0,1.0,1.0,2.0,3.0,3.0,3.0,3.0,3.0,2.0,2.0,3.0,4.0,3.0,3.0,2.0,2.0,2.0,2.0,2.0,2.0,2.0,2.0,5.0,5.0,6.0,6.0,6.0,7.0,8.0,9.0,3.0,3.0,4.0,4.0,4.0,5.0,inf,4.0,3.0,3.0,4.0,5.0,1.0,1.0,7.0,7.0,7.0,6.0,7.0,8.0,9.0,8.0,6.0,7.0,6.0,6.0,3.0,4.0,3.0,3.0,3.0,4.0,2.0,2.0,2.0,2.0,2.0,2.0,2.0,2.0,1.0,1.0,1.0,1.0,2.0,2.0,2.0,1.0,1.0,2.0,1.0,3.0,1.0,2.0,1.0,1.0,2.0,3.0,2.0,2.0,2.0,2.0,4.0,3.0,3.0,3.0,3.0,3.0,2.0,2.0,2.0,2.0,3.0,3.0,2.0,1.0,4.0,4.0,3.0,2.0,3.0,3.0,3.0,3.0,3.0,2.0,3.0,2.0,3.0,3.0,3.0,2.0,3.0,inf,2.0,2.0,3.0,3.0,3.0,4.0,3.0,2.0,1.0,2.0,1.0,3.0,3.0,2.0,2.0,3.0,3.0,2.0,2.0,2.0,2.0,3.0,3.0,3.0,3.0,3.0,3.0,3.0,2.0,inf,3.0,3.0,6.0,3.0,4.0,3.0,3.0,1.0,2.0,2.0,1.0,1.0,1.0,1.0,1.0,2.0,1.0,1.0,1.0,1.0,1.0,1.0,2.0,2.0,3.0,2.0,3.0,3.0,3.0,3.0,2.0,3.0,2.0,1.0,2.0,3.0,3.0,3.0,3.0,3.0,3.0,2.0,2.0,3.0,4.0,3.0,4.0,3.0,2.0,3.0,2.0,2.0,2.0
AVAR,2.0,2.0,2.0,2.0,3.0,3.0,2.0,3.0,3.0,2.0,3.0,2.0,2.0,2.0,3.0,3.0,3.0,3.0,2.0,2.0,3.0,2.0,2.0,3.0,2.0,3.0,3.0,2.0,2.0,2.0,1.0,2.0,1.0,1.0,inf,inf,inf,1.0,2.0,3.0,3.0,3.0,3.0,2.0,1.0,4.0,3.0,3.0,3.0,3.0,2.0,3.0,3.0,1.0,0.0,1.0,2.0,1.0,1.0,2.0,1.0,2.0,3.0,2.0,2.0,2.0,2.0,1.0,2.0,2.0,2.0,2.0,3.0,3.0,4.0,3.0,4.0,3.0,3.0,3.0,2.0,3.0,2.0,3.0,4.0,3.0,3.0,4.0,1.0,1.0,1.0,1.0,1.0,1.0,2.0,1.0,1.0,2.0,3.0,2.0,2.0,2.0,2.0,2.0,2.0,3.0,3.0,3.0,2.0,2.0,2.0,2.0,2.0,2.0,2.0,3.0,3.0,4.0,5.0,5.0,6.0,6.0,6.0,7.0,8.0,3.0,2.0,4.0,3.0,3.0,4.0,inf,3.0,3.0,3.0,3.0,5.0,2.0,1.0,7.0,6.0,6.0,5.0,7.0,7.0,8.0,7.0,5.0,7.0,5.0,6.0,3.0,3.0,3.0,2.0,3.0,3.0,2.0,3.0,2.0,2.0,3.0,2.0,1.0,2.0,2.0,1.0,1.0,2.0,2.0,3.0,1.0,1.0,1.0,1.0,2.0,3.0,2.0,2.0,2.0,2.0,2.0,2.0,2.0,1.0,2.0,1.0,3.0,2.0,2.0,2.0,3.0,2.0,2.0,2.0,3.0,2.0,2.0,3.0,1.0,1.0,3.0,4.0,4.0,2.0,3.0,3.0,2.0,2.0,2.0,1.0,2.0,1.0,3.0,3.0,3.0,2.0,2.0,inf,3.0,2.0,3.0,3.0,2.0,3.0,2.0,1.0,2.0,1.0,1.0,3.0,2.0,2.0,2.0,2.0,3.0,1.0,2.0,2.0,2.0,2.0,3.0,2.0,3.0,2.0,2.0,3.0,2.0,inf,2.0,2.0,5.0,4.0,3.0,4.0,3.0,2.0,1.0,1.0,2.0,1.0,2.0,1.0,1.0,1.0,2.0,1.0,1.0,1.0,1.0,1.0,1.0,2.0,2.0,2.0,2.0,2.0,2.0,2.0,2.0,2.0,2.0,2.0,3.0,2.0,2.0,3.0,2.0,2.0,3.0,3.0,2.0,3.0,4.0,3.0,4.0,4.0,3.0,2.0,1.0,2.0,2.0
AVBL,3.0,3.0,2.0,3.0,3.0,4.0,3.0,4.0,3.0,3.0,3.0,3.0,2.0,3.0,3.0,3.0,3.0,3.0,3.0,3.0,3.0,3.0,2.0,3.0,2.0,3.0,3.0,1.0,3.0,3.0,2.0,3.0,2.0,1.0,inf,inf,inf,2.0,2.0,4.0,4.0,3.0,4.0,3.0,2.0,4.0,4.0,3.0,4.0,3.0,3.0,4.0,4.0,2.0,1.0,0.0,1.0,2.0,2.0,3.0,2.0,2.0,2.0,3.0,2.0,3.0,3.0,2.0,2.0,2.0,3.0,3.0,4.0,4.0,4.0,4.0,4.0,4.0,3.0,4.0,3.0,3.0,3.0,3.0,3.0,3.0,3.0,3.0,2.0,2.0,2.0,2.0,2.0,2.0,3.0,2.0,2.0,2.0,2.0,1.0,1.0,1.0,1.0,1.0,3.0,3.0,2.0,3.0,3.0,3.0,1.0,3.0,2.0,3.0,3.0,2.0,2.0,5.0,5.0,6.0,6.0,6.0,7.0,8.0,9.0,3.0,3.0,4.0,4.0,4.0,5.0,inf,4.0,3.0,4.0,4.0,4.0,3.0,2.0,7.0,7.0,7.0,6.0,7.0,8.0,9.0,8.0,6.0,7.0,6.0,6.0,3.0,3.0,2.0,2.0,2.0,2.0,2.0,2.0,2.0,2.0,3.0,3.0,2.0,3.0,3.0,2.0,2.0,3.0,3.0,4.0,2.0,2.0,2.0,2.0,3.0,2.0,2.0,1.0,2.0,2.0,3.0,3.0,2.0,2.0,3.0,2.0,2.0,3.0,1.0,1.0,3.0,3.0,1.0,3.0,4.0,2.0,2.0,3.0,2.0,2.0,4.0,4.0,4.0,3.0,2.0,2.0,3.0,3.0,2.0,2.0,3.0,2.0,3.0,3.0,3.0,2.0,3.0,inf,3.0,3.0,3.0,3.0,2.0,3.0,3.0,2.0,2.0,2.0,2.0,2.0,1.0,2.0,2.0,2.0,2.0,2.0,2.0,1.0,2.0,3.0,2.0,2.0,3.0,2.0,2.0,2.0,3.0,inf,3.0,3.0,6.0,3.0,3.0,4.0,4.0,3.0,2.0,2.0,3.0,2.0,3.0,2.0,2.0,2.0,3.0,2.0,2.0,2.0,2.0,2.0,2.0,1.0,1.0,2.0,1.0,1.0,1.0,1.0,1.0,1.0,1.0,1.0,3.0,3.0,3.0,3.0,3.0,3.0,3.0,4.0,3.0,4.0,3.0,3.0,3.0,4.0,3.0,3.0,2.0,2.0,2.0
AVBR,3.0,3.0,2.0,3.0,3.0,4.0,3.0,4.0,4.0,4.0,4.0,4.0,3.0,3.0,3.0,4.0,3.0,3.0,3.0,4.0,3.0,4.0,2.0,3.0,3.0,3.0,3.0,2.0,4.0,3.0,3.0,4.0,1.0,1.0,inf,inf,inf,2.0,2.0,4.0,4.0,3.0,4.0,4.0,3.0,4.0,5.0,3.0,4.0,3.0,3.0,3.0,4.0,2.0,2.0,1.0,0.0,2.0,2.0,3.0,3.0,2.0,3.0,3.0,2.0,3.0,2.0,2.0,2.0,3.0,3.0,3.0,4.0,5.0,4.0,4.0,4.0,5.0,3.0,4.0,2.0,3.0,3.0,3.0,3.0,3.0,3.0,3.0,3.0,3.0,3.0,3.0,2.0,2.0,3.0,3.0,2.0,1.0,1.0,1.0,1.0,1.0,1.0,1.0,3.0,3.0,2.0,3.0,4.0,3.0,1.0,3.0,2.0,3.0,3.0,2.0,2.0,5.0,5.0,6.0,6.0,6.0,7.0,8.0,9.0,3.0,3.0,4.0,4.0,3.0,4.0,inf,4.0,3.0,4.0,4.0,4.0,2.0,2.0,7.0,7.0,7.0,6.0,7.0,8.0,9.0,8.0,6.0,7.0,6.0,6.0,3.0,3.0,2.0,2.0,2.0,2.0,2.0,2.0,2.0,2.0,3.0,3.0,3.0,3.0,3.0,3.0,3.0,3.0,4.0,4.0,2.0,2.0,2.0,2.0,3.0,2.0,1.0,1.0,2.0,2.0,3.0,3.0,2.0,2.0,3.0,2.0,2.0,3.0,1.0,1.0,4.0,3.0,1.0,3.0,3.0,2.0,2.0,3.0,3.0,3.0,4.0,4.0,4.0,3.0,3.0,3.0,2.0,3.0,2.0,3.0,2.0,3.0,3.0,3.0,3.0,2.0,3.0,inf,3.0,3.0,2.0,3.0,3.0,4.0,3.0,2.0,3.0,3.0,3.0,2.0,2.0,2.0,2.0,2.0,2.0,2.0,2.0,1.0,1.0,2.0,2.0,2.0,3.0,2.0,2.0,3.0,4.0,inf,4.0,3.0,5.0,3.0,3.0,4.0,4.0,3.0,3.0,3.0,3.0,3.0,3.0,3.0,2.0,3.0,3.0,3.0,3.0,2.0,2.0,2.0,2.0,2.0,1.0,1.0,1.0,1.0,1.0,1.0,1.0,1.0,2.0,1.0,3.0,3.0,3.0,3.0,3.0,3.0,3.0,4.0,4.0,4.0,3.0,3.0,3.0,4.0,3.0,4.0,3.0,2.0,2.0
AVDL,2.0,1.0,3.0,2.0,3.0,2.0,2.0,3.0,3.0,3.0,3.0,3.0,2.0,2.0,4.0,3.0,4.0,3.0,3.0,3.0,3.0,3.0,3.0,2.0,2.0,4.0,3.0,3.0,2.0,3.0,2.0,3.0,2.0,2.0,inf,inf,inf,2.0,2.0,4.0,3.0,4.0,3.0,3.0,2.0,4.0,4.0,4.0,3.0,2.0,3.0,4.0,4.0,1.0,1.0,2.0,2.0,0.0,1.0,2.0,2.0,2.0,2.0,2.0,1.0,2.0,2.0,1.0,2.0,2.0,2.0,1.0,3.0,3.0,4.0,3.0,4.0,4.0,4.0,3.0,2.0,3.0,3.0,3.0,5.0,4.0,3.0,4.0,2.0,2.0,2.0,2.0,2.0,2.0,2.0,2.0,2.0,3.0,3.0,3.0,3.0,3.0,3.0,2.0,2.0,3.0,4.0,3.0,3.0,2.0,2.0,2.0,2.0,1.0,1.0,2.0,2.0,4.0,5.0,5.0,6.0,6.0,6.0,7.0,8.0,3.0,3.0,4.0,4.0,4.0,5.0,inf,4.0,3.0,4.0,3.0,5.0,2.0,2.0,7.0,6.0,6.0,5.0,7.0,7.0,8.0,7.0,5.0,7.0,5.0,6.0,4.0,4.0,4.0,3.0,3.0,4.0,3.0,3.0,2.0,2.0,2.0,3.0,2.0,2.0,2.0,2.0,1.0,2.0,3.0,3.0,1.0,2.0,2.0,2.0,2.0,3.0,2.0,1.0,2.0,2.0,3.0,2.0,2.0,1.0,3.0,2.0,4.0,3.0,3.0,3.0,3.0,3.0,3.0,1.0,3.0,3.0,3.0,2.0,2.0,2.0,3.0,4.0,4.0,3.0,3.0,3.0,3.0,3.0,3.0,2.0,3.0,2.0,3.0,3.0,3.0,2.0,3.0,inf,3.0,3.0,4.0,4.0,3.0,4.0,3.0,2.0,2.0,2.0,2.0,2.0,3.0,2.0,2.0,3.0,3.0,2.0,3.0,3.0,3.0,3.0,3.0,3.0,3.0,3.0,3.0,3.0,3.0,inf,3.0,2.0,6.0,4.0,4.0,4.0,4.0,2.0,2.0,2.0,2.0,2.0,2.0,2.0,2.0,2.0,2.0,2.0,2.0,2.0,1.0,2.0,2.0,3.0,3.0,3.0,3.0,3.0,3.0,3.0,3.0,3.0,3.0,2.0,3.0,2.0,2.0,3.0,2.0,2.0,2.0,3.0,3.0,4.0,4.0,3.0,4.0,4.0,3.0,3.0,2.0,2.0,2.0
AVDR,1.0,2.0,2.0,2.0,2.0,3.0,1.0,2.0,3.0,3.0,3.0,3.0,3.0,3.0,3.0,4.0,3.0,3.0,3.0,3.0,3.0,3.0,3.0,3.0,1.0,4.0,3.0,3.0,2.0,3.0,2.0,3.0,2.0,2.0,inf,inf,inf,2.0,3.0,4.0,3.0,4.0,3.0,2.0,2.0,4.0,4.0,3.0,3.0,3.0,3.0,4.0,4.0,1.0,1.0,2.0,2.0,1.0,0.0,2.0,2.0,2.0,3.0,3.0,2.0,2.0,1.0,2.0,3.0,3.0,2.0,2.0,2.0,3.0,3.0,4.0,3.0,4.0,4.0,3.0,2.0,3.0,3.0,3.0,4.0,4.0,3.0,4.0,2.0,2.0,2.0,2.0,2.0,2.0,2.0,2.0,2.0,3.0,3.0,3.0,3.0,3.0,3.0,2.0,3.0,4.0,4.0,4.0,3.0,3.0,2.0,3.0,2.0,2.0,1.0,2.0,2.0,4.0,5.0,5.0,6.0,6.0,6.0,7.0,8.0,4.0,3.0,4.0,4.0,4.0,5.0,inf,4.0,3.0,4.0,4.0,5.0,2.0,2.0,7.0,6.0,6.0,5.0,7.0,7.0,8.0,7.0,5.0,7.0,5.0,6.0,4.0,4.0,3.0,3.0,2.0,3.0,3.0,2.0,2.0,2.0,3.0,3.0,2.0,3.0,2.0,2.0,1.0,2.0,3.0,3.0,1.0,2.0,1.0,2.0,2.0,3.0,1.0,1.0,2.0,2.0,2.0,2.0,2.0,2.0,2.0,1.0,3.0,3.0,2.0,3.0,3.0,3.0,3.0,2.0,2.0,3.0,3.0,3.0,2.0,2.0,3.0,4.0,4.0,2.0,3.0,3.0,3.0,2.0,3.0,2.0,3.0,2.0,4.0,4.0,3.0,3.0,3.0,inf,2.0,3.0,3.0,4.0,3.0,3.0,3.0,2.0,2.0,2.0,2.0,3.0,2.0,1.0,3.0,2.0,3.0,1.0,2.0,2.0,2.0,2.0,4.0,2.0,3.0,2.0,3.0,3.0,3.0,inf,3.0,3.0,6.0,3.0,4.0,3.0,4.0,2.0,2.0,2.0,2.0,2.0,2.0,2.0,2.0,2.0,2.0,2.0,2.0,2.0,2.0,2.0,2.0,3.0,3.0,3.0,3.0,3.0,3.0,3.0,3.0,3.0,2.0,2.0,3.0,3.0,3.0,3.0,3.0,3.0,3.0,3.0,3.0,4.0,4.0,3.0,4.0,4.0,3.0,3.0,2.0,3.0,2.0
AVEL,3.0,3.0,3.0,3.0,2.0,2.0,2.0,3.0,1.0,2.0,3.0,3.0,2.0,2.0,4.0,3.0,4.0,3.0,2.0,2.0,3.0,3.0,2.0,2.0,3.0,3.0,3.0,2.0,1.0,3.0,3.0,3.0,3.0,3.0,inf,inf,inf,2.0,3.0,2.0,3.0,3.0,3.0,2.0,2.0,4.0,3.0,3.0,4.0,3.0,3.0,3.0,3.0,1.0,2.0,3.0,3.0,2.0,2.0,0.0,1.0,3.0,2.0,3.0,2.0,2.0,2.0,2.0,2.0,2.0,1.0,3.0,3.0,3.0,2.0,3.0,3.0,3.0,2.0,1.0,3.0,3.0,3.0,3.0,4.0,3.0,4.0,4.0,2.0,2.0,2.0,2.0,2.0,2.0,2.0,2.0,2.0,3.0,4.0,4.0,4.0,4.0,4.0,3.0,3.0,4.0,5.0,4.0,3.0,2.0,3.0,2.0,2.0,3.0,2.0,3.0,2.0,4.0,4.0,5.0,5.0,5.0,6.0,7.0,8.0,2.0,2.0,3.0,3.0,3.0,4.0,inf,3.0,2.0,3.0,4.0,5.0,2.0,2.0,6.0,6.0,6.0,5.0,6.0,7.0,8.0,7.0,5.0,6.0,5.0,5.0,3.0,4.0,3.0,2.0,3.0,3.0,2.0,3.0,3.0,3.0,2.0,3.0,3.0,3.0,2.0,2.0,2.0,2.0,3.0,3.0,2.0,2.0,2.0,3.0,2.0,3.0,2.0,2.0,2.0,1.0,3.0,3.0,3.0,2.0,2.0,2.0,3.0,2.0,2.0,3.0,3.0,3.0,3.0,2.0,3.0,3.0,3.0,3.0,1.0,1.0,3.0,3.0,2.0,1.0,3.0,2.0,2.0,2.0,2.0,2.0,2.0,1.0,2.0,2.0,2.0,1.0,2.0,inf,1.0,2.0,2.0,3.0,2.0,3.0,3.0,2.0,2.0,3.0,2.0,3.0,3.0,2.0,2.0,2.0,3.0,3.0,3.0,3.0,3.0,3.0,3.0,3.0,3.0,2.0,2.0,2.0,1.0,inf,4.0,3.0,5.0,2.0,3.0,2.0,3.0,2.0,3.0,3.0,2.0,2.0,2.0,2.0,2.0,2.0,2.0,2.0,2.0,2.0,2.0,2.0,3.0,3.0,4.0,3.0,4.0,4.0,4.0,4.0,3.0,4.0,3.0,2.0,2.0,3.0,3.0,3.0,3.0,3.0,3.0,3.0,3.0,4.0,5.0,4.0,5.0,4.0,3.0,3.0,2.0,2.0,2.0
AVER,3.0,2.0,3.0,3.0,3.0,3.0,3.0,3.0,2.0,2.0,3.0,2.0,2.0,2.0,3.0,2.0,4.0,3.0,2.0,2.0,3.0,2.0,1.0,3.0,3.0,2.0,3.0,2.0,1.0,3.0,2.0,3.0,2.0,2.0,inf,inf,inf,2.0,3.0,3.0,3.0,2.0,3.0,2.0,1.0,4.0,3.0,2.0,3.0,3.0,2.0,2.0,3.0,2.0,1.0,2.0,3.0,2.0,2.0,1.0,0.0,3.0,3.0,3.0,2.0,3.0,3.0,2.0,2.0,1.0,2.0,3.0,4.0,3.0,3.0,3.0,3.0,3.0,3.0,2.0,3.0,3.0,2.0,2.0,3.0,3.0,3.0,3.0,1.0,2.0,2.0,2.0,2.0,2.0,3.0,2.0,2.0,3.0,4.0,3.0,3.0,3.0,3.0,3.0,3.0,4.0,4.0,4.0,3.0,3.0,3.0,3.0,3.0,3.0,2.0,2.0,2.0,4.0,4.0,5.0,5.0,5.0,6.0,7.0,8.0,2.0,2.0,3.0,3.0,2.0,3.0,inf,3.0,3.0,3.0,4.0,4.0,3.0,2.0,6.0,6.0,6.0,5.0,6.0,7.0,8.0,7.0,5.0,6.0,5.0,5.0,4.0,3.0,2.0,2.0,2.0,2.0,3.0,3.0,2.0,3.0,3.0,3.0,2.0,3.0,3.0,2.0,2.0,3.0,3.0,4.0,2.0,2.0,2.0,2.0,2.0,3.0,3.0,3.0,2.0,2.0,2.0,3.0,3.0,2.0,3.0,2.0,3.0,2.0,2.0,2.0,2.0,2.0,2.0,1.0,3.0,3.0,2.0,3.0,1.0,1.0,3.0,3.0,3.0,2.0,3.0,3.0,1.0,2.0,2.0,1.0,1.0,1.0,2.0,2.0,2.0,1.0,2.0,inf,2.0,2.0,3.0,3.0,2.0,3.0,2.0,2.0,3.0,2.0,2.0,3.0,3.0,2.0,2.0,2.0,2.0,2.0,3.0,3.0,2.0,2.0,2.0,3.0,2.0,2.0,1.0,2.0,2.0,inf,3.0,3.0,4.0,3.0,3.0,3.0,3.0,3.0,2.0,2.0,3.0,2.0,3.0,2.0,2.0,2.0,3.0,2.0,2.0,2.0,2.0,2.0,2.0,3.0,3.0,3.0,3.0,3.0,3.0,3.0,3.0,3.0,3.0,3.0,3.0,3.0,3.0,4.0,3.0,3.0,2.0,3.0,3.0,4.0,4.0,3.0,4.0,4.0,3.0,3.0,2.0,3.0,3.0
AVFL,3.0,2.0,4.0,2.0,4.0,3.0,3.0,3.0,4.0,3.0,3.0,3.0,3.0,2.0,4.0,3.0,4.0,3.0,3.0,4.0,3.0,3.0,3.0,3.0,3.0,4.0,3.0,2.0,4.0,4.0,3.0,4.0,3.0,3.0,inf,inf,inf,2.0,1.0,4.0,2.0,4.0,3.0,3.0,2.0,4.0,4.0,3.0,2.0,2.0,2.0,4.0,4.0,2.0,2.0,2.0,2.0,2.0,2.0,3.0,3.0,0.0,1.0,1.0,1.0,1.0,2.0,2.0,2.0,2.0,2.0,3.0,4.0,4.0,3.0,3.0,5.0,4.0,3.0,4.0,3.0,3.0,3.0,4.0,4.0,5.0,4.0,4.0,3.0,3.0,3.0,2.0,3.0,3.0,2.0,2.0,3.0,3.0,3.0,3.0,3.0,3.0,3.0,2.0,3.0,4.0,4.0,3.0,3.0,2.0,2.0,2.0,2.0,3.0,3.0,2.0,2.0,5.0,6.0,6.0,7.0,7.0,7.0,8.0,9.0,4.0,4.0,5.0,5.0,5.0,6.0,inf,5.0,3.0,4.0,4.0,5.0,2.0,2.0,8.0,7.0,7.0,6.0,8.0,8.0,9.0,8.0,6.0,8.0,6.0,7.0,3.0,4.0,3.0,4.0,3.0,4.0,2.0,2.0,2.0,2.0,2.0,2.0,2.0,2.0,3.0,2.0,2.0,3.0,3.0,3.0,2.0,1.0,2.0,2.0,3.0,3.0,2.0,1.0,1.0,2.0,2.0,1.0,2.0,2.0,2.0,2.0,4.0,3.0,3.0,3.0,3.0,3.0,2.0,3.0,2.0,2.0,3.0,4.0,3.0,3.0,4.0,5.0,4.0,3.0,4.0,3.0,4.0,3.0,4.0,3.0,4.0,3.0,4.0,3.0,4.0,3.0,3.0,inf,2.0,3.0,3.0,4.0,4.0,4.0,4.0,3.0,3.0,3.0,3.0,3.0,3.0,3.0,3.0,2.0,3.0,3.0,3.0,3.0,3.0,3.0,3.0,3.0,3.0,3.0,4.0,3.0,4.0,inf,4.0,3.0,7.0,4.0,4.0,3.0,4.0,3.0,3.0,3.0,3.0,3.0,3.0,3.0,3.0,3.0,3.0,3.0,3.0,3.0,3.0,3.0,2.0,2.0,3.0,3.0,3.0,3.0,3.0,3.0,3.0,3.0,2.0,2.0,3.0,3.0,2.0,1.0,1.0,2.0,3.0,4.0,4.0,5.0,4.0,3.0,4.0,4.0,3.0,3.0,2.0,1.0,2.0
AVFR,2.0,3.0,3.0,3.0,3.0,4.0,2.0,3.0,3.0,3.0,3.0,3.0,3.0,2.0,4.0,3.0,4.0,4.0,3.0,4.0,3.0,3.0,3.0,2.0,4.0,3.0,4.0,2.0,3.0,4.0,4.0,4.0,4.0,3.0,inf,inf,inf,2.0,2.0,4.0,3.0,3.0,4.0,2.0,2.0,4.0,4.0,2.0,3.0,2.0,2.0,3.0,4.0,2.0,3.0,2.0,3.0,2.0,3.0,2.0,3.0,1.0,0.0,2.0,1.0,1.0,2.0,2.0,2.0,2.0,2.0,3.0,3.0,4.0,2.0,3.0,4.0,4.0,3.0,3.0,3.0,3.0,4.0,4.0,4.0,5.0,4.0,4.0,3.0,3.0,3.0,3.0,3.0,3.0,3.0,2.0,3.0,3.0,2.0,3.0,3.0,3.0,3.0,2.0,4.0,5.0,4.0,3.0,3.0,2.0,2.0,2.0,2.0,3.0,3.0,2.0,3.0,5.0,6.0,6.0,7.0,7.0,7.0,8.0,9.0,4.0,4.0,4.0,5.0,5.0,6.0,inf,5.0,2.0,4.0,4.0,5.0,2.0,3.0,8.0,7.0,7.0,6.0,8.0,8.0,9.0,8.0,6.0,8.0,6.0,7.0,3.0,4.0,3.0,4.0,3.0,3.0,3.0,2.0,3.0,3.0,2.0,2.0,2.0,2.0,3.0,3.0,3.0,3.0,3.0,3.0,2.0,2.0,3.0,3.0,3.0,3.0,2.0,2.0,1.0,2.0,1.0,2.0,3.0,2.0,3.0,3.0,3.0,3.0,3.0,3.0,3.0,3.0,3.0,3.0,3.0,2.0,3.0,4.0,3.0,3.0,4.0,5.0,4.0,3.0,3.0,3.0,4.0,2.0,3.0,4.0,3.0,3.0,4.0,3.0,3.0,3.0,3.0,inf,1.0,3.0,2.0,4.0,4.0,3.0,3.0,2.0,2.0,4.0,3.0,3.0,3.0,3.0,3.0,2.0,3.0,3.0,4.0,3.0,3.0,3.0,3.0,3.0,3.0,3.0,3.0,2.0,3.0,inf,5.0,3.0,7.0,3.0,4.0,2.0,4.0,3.0,4.0,3.0,3.0,3.0,3.0,3.0,3.0,4.0,3.0,3.0,3.0,3.0,3.0,3.0,2.0,1.0,2.0,3.0,3.0,3.0,3.0,3.0,3.0,3.0,3.0,3.0,3.0,3.0,2.0,1.0,1.0,2.0,3.0,4.0,4.0,5.0,5.0,4.0,4.0,4.0,4.0,4.0,3.0,2.0,2.0
AVG,3.0,3.0,4.0,2.0,4.0,4.0,4.0,3.0,3.0,3.0,3.0,3.0,2.0,2.0,4.0,3.0,4.0,3.0,3.0,4.0,3.0,3.0,2.0,3.0,3.0,4.0,3.0,2.0,4.0,4.0,3.0,3.0,3.0,3.0,inf,inf,inf,3.0,1.0,4.0,3.0,4.0,4.0,4.0,3.0,4.0,4.0,3.0,3.0,3.0,2.0,4.0,4.0,2.0,2.0,3.0,3.0,2.0,3.0,3.0,3.0,1.0,2.0,0.0,2.0,1.0,2.0,1.0,2.0,2.0,2.0,3.0,4.0,4.0,4.0,3.0,5.0,4.0,3.0,4.0,3.0,3.0,2.0,3.0,4.0,5.0,3.0,4.0,3.0,3.0,2.0,3.0,2.0,3.0,3.0,2.0,2.0,2.0,3.0,3.0,4.0,4.0,4.0,3.0,2.0,3.0,4.0,3.0,2.0,1.0,2.0,2.0,1.0,3.0,3.0,2.0,3.0,4.0,5.0,5.0,6.0,6.0,6.0,7.0,8.0,3.0,3.0,4.0,4.0,4.0,5.0,inf,4.0,3.0,3.0,3.0,5.0,3.0,2.0,7.0,6.0,6.0,5.0,7.0,7.0,8.0,7.0,5.0,7.0,5.0,6.0,3.0,4.0,3.0,4.0,3.0,4.0,2.0,2.0,3.0,3.0,1.0,1.0,2.0,2.0,2.0,1.0,3.0,3.0,2.0,2.0,2.0,2.0,2.0,1.0,2.0,3.0,2.0,2.0,1.0,2.0,2.0,2.0,2.0,1.0,3.0,2.0,4.0,3.0,3.0,4.0,3.0,3.0,2.0,3.0,1.0,2.0,3.0,4.0,3.0,3.0,3.0,4.0,4.0,3.0,3.0,3.0,4.0,4.0,4.0,3.0,4.0,3.0,3.0,3.0,3.0,2.0,3.0,inf,3.0,2.0,3.0,3.0,4.0,4.0,4.0,3.0,3.0,3.0,3.0,3.0,3.0,4.0,3.0,2.0,3.0,3.0,3.0,3.0,3.0,3.0,3.0,3.0,3.0,3.0,3.0,3.0,4.0,inf,4.0,2.0,6.0,4.0,4.0,4.0,3.0,3.0,3.0,3.0,3.0,3.0,3.0,3.0,3.0,3.0,3.0,3.0,3.0,3.0,2.0,3.0,2.0,3.0,4.0,3.0,4.0,4.0,4.0,4.0,4.0,4.0,3.0,2.0,3.0,2.0,2.0,2.0,2.0,2.0,2.0,3.0,3.0,4.0,4.0,4.0,4.0,4.0,3.0,3.0,2.0,2.0,2.0
AVHL,3.0,2.0,4.0,2.0,3.0,3.0,3.0,3.0,3.0,2.0,2.0,2.0,2.0,3.0,4.0,4.0,4.0,3.0,3.0,4.0,3.0,2.0,3.0,3.0,3.0,4.0,3.0,2.0,3.0,4.0,3.0,4.0,3.0,3.0,inf,inf,inf,1.0,1.0,3.0,3.0,4.0,3.0,2.0,1.0,3.0,3.0,3.0,3.0,1.0,2.0,4.0,4.0,2.0,2.0,2.0,2.0,1.0,2.0,2.0,2.0,1.0,1.0,2.0,0.0,1.0,2.0,1.0,2.0,3.0,2.0,2.0,3.0,3.0,3.0,3.0,4.0,3.0,4.0,3.0,2.0,3.0,4.0,4.0,5.0,5.0,4.0,5.0,3.0,3.0,3.0,3.0,3.0,3.0,2.0,2.0,3.0,3.0,3.0,3.0,3.0,3.0,2.0,1.0,3.0,4.0,4.0,4.0,3.0,2.0,2.0,2.0,2.0,2.0,2.0,2.0,2.0,5.0,5.0,6.0,6.0,6.0,7.0,8.0,9.0,4.0,4.0,5.0,5.0,4.0,5.0,inf,4.0,3.0,3.0,4.0,6.0,1.0,2.0,7.0,7.0,7.0,6.0,7.0,8.0,9.0,8.0,6.0,7.0,6.0,6.0,4.0,4.0,4.0,4.0,4.0,4.0,3.0,2.0,3.0,3.0,1.0,2.0,1.0,1.0,2.0,2.0,2.0,3.0,2.0,3.0,2.0,2.0,2.0,3.0,3.0,3.0,1.0,2.0,2.0,1.0,2.0,2.0,2.0,2.0,2.0,3.0,4.0,3.0,3.0,3.0,3.0,2.0,2.0,2.0,3.0,3.0,3.0,3.0,3.0,3.0,4.0,4.0,4.0,3.0,3.0,4.0,3.0,3.0,4.0,3.0,3.0,3.0,3.0,4.0,4.0,3.0,4.0,inf,2.0,2.0,3.0,3.0,4.0,4.0,4.0,3.0,3.0,3.0,3.0,3.0,3.0,3.0,3.0,2.0,3.0,3.0,3.0,3.0,3.0,3.0,3.0,3.0,3.0,4.0,3.0,3.0,3.0,inf,4.0,3.0,6.0,4.0,3.0,3.0,3.0,3.0,3.0,3.0,3.0,3.0,3.0,3.0,3.0,3.0,3.0,3.0,3.0,3.0,2.0,3.0,2.0,2.0,3.0,3.0,3.0,3.0,3.0,3.0,3.0,3.0,2.0,2.0,2.0,3.0,3.0,2.0,2.0,3.0,3.0,4.0,4.0,5.0,5.0,4.0,5.0,5.0,4.0,3.0,2.0,1.0,2.0
AVHR,2.0,2.0,3.0,2.0,3.0,3.0,3.0,2.0,3.0,3.0,3.0,2.0,2.0,2.0,4.0,3.0,4.0,3.0,3.0,4.0,3.0,3.0,2.0,3.0,3.0,4.0,3.0,2.0,3.0,4.0,3.0,4.0,3.0,3.0,inf,inf,inf,2.0,1.0,4.0,2.0,4.0,3.0,3.0,2.0,4.0,3.0,2.0,2.0,2.0,1.0,4.0,4.0,2.0,2.0,3.0,3.0,2.0,2.0,2.0,3.0,1.0,1.0,1.0,1.0,0.0,1.0,1.0,2.0,2.0,2.0,3.0,4.0,3.0,3.0,3.0,4.0,3.0,3.0,3.0,3.0,3.0,3.0,3.0,4.0,4.0,4.0,4.0,3.0,3.0,3.0,3.0,3.0,3.0,2.0,1.0,2.0,3.0,3.0,3.0,4.0,4.0,3.0,2.0,3.0,4.0,4.0,3.0,2.0,1.0,2.0,2.0,1.0,3.0,3.0,2.0,2.0,5.0,5.0,6.0,6.0,6.0,7.0,8.0,9.0,4.0,3.0,5.0,4.0,4.0,5.0,inf,4.0,3.0,3.0,4.0,5.0,2.0,2.0,7.0,7.0,7.0,6.0,7.0,8.0,9.0,8.0,6.0,7.0,6.0,6.0,3.0,4.0,3.0,3.0,3.0,4.0,2.0,2.0,3.0,3.0,2.0,1.0,1.0,1.0,3.0,2.0,3.0,3.0,2.0,2.0,2.0,2.0,2.0,2.0,2.0,3.0,2.0,2.0,1.0,1.0,1.0,1.0,2.0,2.0,2.0,2.0,3.0,2.0,2.0,3.0,3.0,3.0,2.0,3.0,2.0,2.0,3.0,4.0,3.0,3.0,4.0,4.0,4.0,2.0,3.0,3.0,3.0,3.0,3.0,3.0,4.0,2.0,3.0,3.0,4.0,3.0,3.0,inf,2.0,2.0,3.0,3.0,3.0,4.0,4.0,3.0,3.0,3.0,3.0,3.0,3.0,3.0,3.0,1.0,3.0,2.0,3.0,2.0,3.0,3.0,3.0,3.0,3.0,3.0,3.0,3.0,3.0,inf,4.0,3.0,6.0,4.0,4.0,3.0,3.0,3.0,3.0,3.0,3.0,3.0,3.0,3.0,3.0,3.0,3.0,3.0,3.0,3.0,2.0,3.0,2.0,2.0,3.0,4.0,4.0,4.0,4.0,4.0,4.0,3.0,2.0,2.0,2.0,3.0,3.0,2.0,2.0,2.0,2.0,3.0,4.0,5.0,5.0,4.0,4.0,4.0,3.0,3.0,2.0,1.0,2.0
AVJL,2.0,3.0,3.0,2.0,3.0,4.0,2.0,3.0,3.0,3.0,3.0,3.0,2.0,2.0,3.0,3.0,4.0,3.0,3.0,3.0,3.0,3.0,3.0,3.0,2.0,3.0,3.0,2.0,3.0,3.0,3.0,3.0,3.0,3.0,inf,inf,inf,2.0,2.0,4.0,3.0,3.0,4.0,3.0,3.0,4.0,4.0,3.0,3.0,3.0,2.0,4.0,4.0,1.0,2.0,3.0,2.0,2.0,1.0,2.0,3.0,2.0,2.0,2.0,2.0,1.0,0.0,1.0,2.0,2.0,2.0,3.0,3.0,4.0,4.0,3.0,4.0,4.0,4.0,3.0,2.0,3.0,3.0,3.0,5.0,5.0,3.0,4.0,2.0,2.0,2.0,2.0,2.0,2.0,2.0,2.0,2.0,3.0,3.0,3.0,3.0,3.0,3.0,2.0,2.0,3.0,4.0,3.0,3.0,2.0,2.0,2.0,2.0,3.0,2.0,3.0,2.0,4.0,5.0,5.0,6.0,6.0,6.0,7.0,8.0,3.0,3.0,4.0,4.0,4.0,5.0,inf,4.0,3.0,3.0,3.0,5.0,1.0,1.0,7.0,6.0,6.0,5.0,7.0,7.0,8.0,7.0,5.0,7.0,5.0,6.0,4.0,4.0,4.0,4.0,3.0,4.0,2.0,1.0,2.0,2.0,2.0,2.0,2.0,2.0,2.0,2.0,2.0,2.0,3.0,3.0,1.0,1.0,1.0,2.0,2.0,3.0,1.0,2.0,2.0,1.0,2.0,2.0,2.0,1.0,1.0,1.0,3.0,3.0,3.0,3.0,3.0,3.0,2.0,3.0,1.0,3.0,3.0,4.0,2.0,2.0,3.0,4.0,4.0,1.0,3.0,3.0,3.0,3.0,3.0,2.0,3.0,3.0,3.0,3.0,3.0,2.0,3.0,inf,3.0,2.0,3.0,3.0,4.0,4.0,3.0,3.0,2.0,3.0,2.0,3.0,3.0,2.0,3.0,2.0,3.0,2.0,2.0,2.0,2.0,3.0,3.0,3.0,3.0,2.0,2.0,2.0,3.0,inf,4.0,2.0,6.0,4.0,4.0,4.0,3.0,2.0,3.0,3.0,2.0,2.0,2.0,2.0,2.0,3.0,2.0,2.0,2.0,2.0,2.0,2.0,2.0,3.0,3.0,3.0,3.0,3.0,3.0,3.0,3.0,3.0,2.0,2.0,2.0,2.0,2.0,3.0,2.0,2.0,3.0,3.0,3.0,4.0,4.0,3.0,4.0,4.0,3.0,3.0,2.0,2.0,2.0
AVJR,3.0,2.0,3.0,1.0,4.0,3.0,3.0,3.0,3.0,3.0,3.0,3.0,3.0,3.0,3.0,4.0,3.0,2.0,3.0,3.0,4.0,3.0,3.0,3.0,3.0,4.0,2.0,3.0,3.0,3.0,2.0,3.0,2.0,2.0,inf,inf,inf,2.0,2.0,4.0,3.0,3.0,4.0,3.0,2.0,3.0,4.0,3.0,3.0,2.0,2.0,3.0,4.0,1.0,1.0,2.0,2.0,1.0,2.0,2.0,2.0,2.0,2.0,1.0,1.0,1.0,1.0,0.0,2.0,3.0,3.0,2.0,4.0,4.0,4.0,4.0,4.0,4.0,3.0,3.0,2.0,3.0,3.0,3.0,5.0,4.0,4.0,5.0,2.0,2.0,2.0,2.0,2.0,2.0,2.0,2.0,2.0,3.0,3.0,3.0,3.0,3.0,3.0,2.0,3.0,4.0,4.0,4.0,3.0,2.0,2.0,3.0,2.0,2.0,2.0,2.0,2.0,5.0,6.0,6.0,7.0,7.0,7.0,8.0,9.0,4.0,3.0,5.0,4.0,4.0,5.0,inf,4.0,4.0,4.0,4.0,6.0,2.0,1.0,8.0,7.0,7.0,6.0,8.0,8.0,9.0,8.0,6.0,8.0,6.0,7.0,4.0,4.0,4.0,3.0,4.0,4.0,3.0,2.0,2.0,2.0,2.0,2.0,1.0,2.0,2.0,1.0,2.0,2.0,2.0,3.0,1.0,1.0,1.0,2.0,2.0,2.0,1.0,1.0,2.0,2.0,2.0,2.0,2.0,2.0,2.0,2.0,3.0,3.0,3.0,3.0,4.0,3.0,3.0,2.0,2.0,3.0,3.0,3.0,2.0,2.0,4.0,5.0,4.0,2.0,3.0,4.0,3.0,3.0,3.0,2.0,3.0,2.0,4.0,4.0,4.0,3.0,3.0,inf,3.0,3.0,3.0,4.0,3.0,4.0,3.0,2.0,2.0,2.0,2.0,3.0,3.0,3.0,3.0,2.0,3.0,2.0,2.0,2.0,2.0,3.0,3.0,3.0,3.0,3.0,3.0,3.0,3.0,inf,3.0,3.0,6.0,4.0,4.0,4.0,4.0,2.0,2.0,2.0,2.0,2.0,2.0,2.0,2.0,2.0,2.0,2.0,2.0,2.0,2.0,2.0,2.0,3.0,3.0,3.0,3.0,3.0,3.0,3.0,3.0,3.0,2.0,2.0,3.0,3.0,3.0,3.0,3.0,3.0,3.0,3.0,3.0,4.0,4.0,3.0,4.0,4.0,3.0,3.0,2.0,2.0,2.0
AVKL,3.0,3.0,2.0,1.0,3.0,2.0,4.0,4.0,2.0,3.0,3.0,3.0,2.0,2.0,3.0,2.0,3.0,2.0,1.0,2.0,2.0,3.0,3.0,2.0,3.0,2.0,2.0,1.0,3.0,4.0,3.0,4.0,3.0,3.0,inf,inf,inf,1.0,1.0,3.0,3.0,3.0,3.0,3.0,2.0,3.0,3.0,3.0,3.0,3.0,3.0,3.0,3.0,2.0,2.0,2.0,2.0,2.0,3.0,2.0,2.0,2.0,2.0,2.0,2.0,2.0,2.0,2.0,0.0,1.0,1.0,3.0,3.0,3.0,4.0,3.0,4.0,4.0,2.0,3.0,3.0,3.0,4.0,3.0,3.0,3.0,3.0,3.0,3.0,3.0,3.0,3.0,3.0,3.0,2.0,2.0,2.0,2.0,3.0,2.0,3.0,3.0,3.0,2.0,3.0,4.0,3.0,3.0,3.0,2.0,1.0,2.0,2.0,3.0,2.0,2.0,2.0,4.0,5.0,5.0,6.0,6.0,6.0,7.0,8.0,3.0,3.0,4.0,4.0,4.0,5.0,inf,4.0,3.0,3.0,3.0,4.0,3.0,2.0,7.0,6.0,6.0,5.0,7.0,7.0,8.0,7.0,5.0,7.0,5.0,6.0,2.0,2.0,2.0,2.0,2.0,2.0,2.0,2.0,2.0,1.0,2.0,2.0,3.0,2.0,3.0,3.0,2.0,2.0,3.0,3.0,2.0,2.0,2.0,3.0,2.0,1.0,2.0,2.0,1.0,1.0,2.0,2.0,2.0,1.0,2.0,2.0,3.0,3.0,2.0,2.0,2.0,1.0,2.0,3.0,3.0,1.0,1.0,3.0,2.0,2.0,3.0,4.0,3.0,3.0,3.0,3.0,3.0,3.0,3.0,3.0,3.0,3.0,3.0,2.0,3.0,2.0,2.0,inf,3.0,2.0,3.0,2.0,2.0,3.0,2.0,2.0,3.0,3.0,3.0,2.0,2.0,2.0,2.0,3.0,2.0,2.0,2.0,2.0,2.0,1.0,1.0,1.0,1.0,3.0,2.0,3.0,3.0,inf,3.0,2.0,6.0,3.0,2.0,4.0,2.0,2.0,2.0,2.0,3.0,3.0,3.0,3.0,3.0,3.0,3.0,3.0,3.0,3.0,3.0,2.0,2.0,3.0,3.0,3.0,3.0,3.0,3.0,3.0,3.0,2.0,1.0,1.0,2.0,2.0,2.0,3.0,2.0,2.0,2.0,3.0,4.0,5.0,4.0,3.0,4.0,3.0,2.0,3.0,2.0,2.0,2.0
AVKR,2.0,3.0,2.0,2.0,3.0,2.0,4.0,4.0,3.0,3.0,3.0,3.0,2.0,2.0,3.0,1.0,3.0,3.0,2.0,2.0,3.0,3.0,2.0,2.0,3.0,2.0,3.0,1.0,2.0,4.0,3.0,4.0,3.0,3.0,inf,inf,inf,2.0,2.0,4.0,3.0,3.0,3.0,2.0,2.0,4.0,3.0,2.0,2.0,2.0,3.0,3.0,3.0,2.0,2.0,2.0,3.0,2.0,3.0,2.0,1.0,2.0,2.0,2.0,3.0,2.0,2.0,3.0,1.0,0.0,2.0,3.0,4.0,3.0,3.0,2.0,4.0,4.0,2.0,3.0,3.0,3.0,3.0,3.0,4.0,3.0,3.0,2.0,2.0,3.0,3.0,3.0,3.0,3.0,3.0,2.0,3.0,3.0,4.0,3.0,3.0,3.0,3.0,3.0,3.0,4.0,3.0,3.0,3.0,2.0,2.0,2.0,2.0,3.0,3.0,2.0,3.0,4.0,5.0,5.0,6.0,6.0,6.0,7.0,8.0,3.0,3.0,4.0,4.0,3.0,4.0,inf,4.0,3.0,3.0,3.0,3.0,3.0,2.0,7.0,6.0,6.0,5.0,7.0,7.0,8.0,7.0,5.0,7.0,5.0,6.0,3.0,2.0,3.0,2.0,3.0,2.0,3.0,2.0,1.0,2.0,3.0,2.0,2.0,2.0,3.0,3.0,2.0,2.0,3.0,3.0,2.0,2.0,2.0,3.0,3.0,2.0,2.0,2.0,1.0,2.0,1.0,2.0,2.0,1.0,3.0,2.0,4.0,3.0,3.0,2.0,1.0,2.0,3.0,2.0,3.0,2.0,1.0,3.0,2.0,1.0,3.0,4.0,3.0,2.0,3.0,3.0,2.0,3.0,3.0,2.0,2.0,2.0,3.0,3.0,3.0,2.0,2.0,inf,3.0,2.0,3.0,3.0,2.0,3.0,2.0,2.0,3.0,3.0,3.0,3.0,3.0,2.0,2.0,3.0,3.0,2.0,2.0,3.0,2.0,1.0,1.0,2.0,1.0,3.0,2.0,3.0,3.0,inf,3.0,2.0,5.0,4.0,2.0,4.0,3.0,3.0,2.0,3.0,3.0,3.0,3.0,3.0,3.0,3.0,3.0,3.0,3.0,3.0,3.0,3.0,2.0,3.0,3.0,4.0,3.0,3.0,3.0,3.0,3.0,3.0,2.0,2.0,3.0,2.0,2.0,3.0,2.0,2.0,2.0,3.0,4.0,4.0,3.0,2.0,3.0,4.0,3.0,3.0,2.0,2.0,2.0
AVL,3.0,3.0,3.0,2.0,3.0,3.0,3.0,4.0,2.0,3.0,3.0,4.0,2.0,2.0,4.0,3.0,4.0,3.0,2.0,3.0,3.0,3.0,3.0,3.0,3.0,3.0,3.0,2.0,2.0,4.0,3.0,4.0,3.0,3.0,inf,inf,inf,2.0,2.0,3.0,3.0,4.0,4.0,3.0,3.0,4.0,4.0,3.0,3.0,3.0,3.0,4.0,4.0,2.0,2.0,3.0,3.0,2.0,2.0,1.0,2.0,2.0,2.0,2.0,2.0,2.0,2.0,3.0,1.0,2.0,0.0,3.0,4.0,4.0,3.0,3.0,4.0,4.0,3.0,2.0,3.0,3.0,4.0,3.0,4.0,4.0,3.0,4.0,3.0,3.0,3.0,3.0,3.0,3.0,3.0,2.0,1.0,3.0,4.0,3.0,4.0,4.0,4.0,3.0,3.0,4.0,4.0,3.0,2.0,1.0,2.0,1.0,1.0,3.0,3.0,2.0,2.0,4.0,5.0,5.0,6.0,6.0,6.0,7.0,8.0,3.0,3.0,4.0,4.0,4.0,5.0,inf,4.0,3.0,3.0,3.0,5.0,3.0,2.0,7.0,6.0,6.0,5.0,7.0,7.0,8.0,7.0,5.0,7.0,5.0,6.0,3.0,3.0,3.0,3.0,3.0,3.0,1.0,2.0,3.0,2.0,2.0,2.0,3.0,2.0,3.0,2.0,3.0,3.0,3.0,3.0,2.0,2.0,2.0,3.0,2.0,2.0,2.0,2.0,1.0,1.0,2.0,2.0,2.0,1.0,2.0,1.0,4.0,3.0,3.0,3.0,3.0,2.0,2.0,3.0,3.0,2.0,2.0,4.0,2.0,2.0,3.0,4.0,3.0,2.0,3.0,3.0,3.0,3.0,3.0,3.0,3.0,2.0,3.0,3.0,3.0,2.0,3.0,inf,2.0,2.0,3.0,3.0,3.0,4.0,3.0,3.0,3.0,3.0,3.0,3.0,3.0,3.0,3.0,3.0,3.0,3.0,3.0,3.0,3.0,2.0,2.0,2.0,2.0,3.0,3.0,3.0,2.0,inf,4.0,2.0,6.0,3.0,3.0,3.0,3.0,3.0,3.0,3.0,3.0,3.0,3.0,3.0,3.0,3.0,3.0,3.0,3.0,3.0,3.0,2.0,2.0,3.0,4.0,4.0,4.0,4.0,4.0,4.0,4.0,3.0,2.0,2.0,2.0,2.0,2.0,3.0,2.0,2.0,2.0,3.0,4.0,5.0,5.0,4.0,4.0,4.0,3.0,2.0,1.0,1.0,1.0
AVM,3.0,2.0,3.0,3.0,4.0,3.0,3.0,4.0,4.0,4.0,4.0,4.0,3.0,3.0,4.0,4.0,4.0,4.0,4.0,4.0,4.0,4.0,4.0,1.0,1.0,3.0,2.0,4.0,3.0,4.0,3.0,4.0,3.0,3.0,inf,inf,inf,3.0,3.0,5.0,4.0,4.0,4.0,3.0,3.0,5.0,5.0,4.0,4.0,3.0,4.0,4.0,5.0,2.0,2.0,3.0,3.0,1.0,2.0,3.0,3.0,3.0,3.0,3.0,2.0,3.0,3.0,2.0,3.0,3.0,3.0,0.0,4.0,4.0,3.0,4.0,5.0,5.0,5.0,4.0,3.0,2.0,4.0,4.0,6.0,5.0,4.0,4.0,3.0,3.0,3.0,3.0,3.0,3.0,3.0,3.0,2.0,3.0,4.0,3.0,4.0,4.0,3.0,2.0,3.0,4.0,4.0,4.0,4.0,3.0,2.0,3.0,3.0,2.0,2.0,3.0,3.0,5.0,6.0,6.0,7.0,7.0,7.0,8.0,9.0,4.0,4.0,5.0,5.0,5.0,6.0,inf,5.0,3.0,4.0,4.0,5.0,2.0,2.0,8.0,7.0,7.0,6.0,8.0,8.0,9.0,8.0,6.0,8.0,6.0,7.0,4.0,5.0,5.0,4.0,4.0,3.0,3.0,2.0,2.0,2.0,3.0,2.0,3.0,3.0,3.0,3.0,2.0,2.0,4.0,3.0,2.0,3.0,2.0,3.0,3.0,2.0,3.0,2.0,3.0,3.0,4.0,3.0,1.0,2.0,3.0,2.0,5.0,3.0,4.0,3.0,4.0,4.0,3.0,2.0,4.0,4.0,4.0,3.0,3.0,3.0,4.0,5.0,5.0,4.0,3.0,3.0,4.0,2.0,3.0,3.0,4.0,3.0,4.0,4.0,4.0,3.0,4.0,inf,2.0,3.0,3.0,4.0,3.0,3.0,3.0,3.0,3.0,3.0,3.0,3.0,2.0,3.0,3.0,4.0,3.0,3.0,3.0,3.0,3.0,4.0,2.0,4.0,3.0,3.0,3.0,4.0,4.0,inf,4.0,3.0,7.0,4.0,4.0,3.0,4.0,3.0,3.0,3.0,3.0,3.0,3.0,3.0,3.0,3.0,3.0,3.0,3.0,3.0,2.0,3.0,3.0,4.0,4.0,4.0,4.0,4.0,4.0,4.0,4.0,3.0,3.0,3.0,4.0,3.0,3.0,4.0,3.0,3.0,3.0,4.0,4.0,5.0,4.0,3.0,4.0,4.0,3.0,4.0,3.0,3.0,2.0
AWAL,3.0,3.0,4.0,4.0,2.0,2.0,1.0,2.0,3.0,3.0,1.0,2.0,2.0,2.0,3.0,4.0,4.0,3.0,4.0,3.0,1.0,2.0,3.0,3.0,3.0,4.0,4.0,4.0,4.0,5.0,4.0,5.0,4.0,4.0,inf,inf,inf,4.0,4.0,3.0,4.0,2.0,3.0,2.0,3.0,2.0,2.0,2.0,3.0,2.0,3.0,3.0,4.0,3.0,3.0,4.0,4.0,3.0,2.0,3.0,4.0,4.0,3.0,4.0,3.0,4.0,3.0,4.0,3.0,4.0,4.0,4.0,0.0,1.0,2.0,3.0,3.0,2.0,3.0,4.0,4.0,4.0,4.0,4.0,4.0,4.0,3.0,5.0,4.0,4.0,4.0,4.0,4.0,4.0,4.0,4.0,4.0,5.0,5.0,5.0,5.0,5.0,5.0,4.0,4.0,5.0,6.0,5.0,5.0,4.0,4.0,4.0,3.0,3.0,3.0,3.0,4.0,4.0,5.0,5.0,6.0,6.0,6.0,7.0,8.0,5.0,5.0,4.0,6.0,4.0,5.0,inf,4.0,3.0,5.0,5.0,6.0,4.0,4.0,7.0,6.0,6.0,5.0,7.0,7.0,8.0,7.0,5.0,7.0,5.0,6.0,3.0,4.0,3.0,3.0,3.0,4.0,5.0,4.0,4.0,4.0,4.0,4.0,4.0,4.0,4.0,4.0,3.0,4.0,5.0,5.0,3.0,4.0,3.0,4.0,4.0,4.0,3.0,3.0,3.0,4.0,3.0,4.0,4.0,3.0,4.0,3.0,3.0,4.0,3.0,4.0,3.0,3.0,4.0,4.0,4.0,2.0,3.0,2.0,3.0,3.0,3.0,4.0,4.0,3.0,3.0,3.0,4.0,3.0,4.0,4.0,4.0,4.0,3.0,3.0,4.0,4.0,3.0,inf,2.0,4.0,3.0,4.0,4.0,4.0,4.0,4.0,4.0,4.0,4.0,4.0,3.0,3.0,3.0,3.0,4.0,3.0,4.0,4.0,4.0,4.0,4.0,4.0,3.0,3.0,3.0,4.0,3.0,inf,5.0,4.0,6.0,3.0,4.0,3.0,4.0,3.0,4.0,3.0,4.0,4.0,4.0,4.0,4.0,4.0,4.0,4.0,4.0,4.0,4.0,4.0,4.0,4.0,5.0,5.0,5.0,5.0,5.0,5.0,5.0,5.0,4.0,4.0,4.0,4.0,4.0,4.0,4.0,4.0,3.0,4.0,5.0,6.0,6.0,5.0,6.0,6.0,5.0,5.0,4.0,4.0,4.0
AWAR,3.0,2.0,4.0,4.0,3.0,1.0,2.0,3.0,3.0,2.0,2.0,1.0,2.0,3.0,4.0,3.0,3.0,4.0,4.0,3.0,2.0,1.0,3.0,4.0,4.0,4.0,4.0,4.0,4.0,5.0,4.0,5.0,4.0,4.0,inf,inf,inf,4.0,4.0,3.0,3.0,3.0,2.0,3.0,2.0,3.0,2.0,3.0,4.0,3.0,2.0,4.0,3.0,4.0,3.0,4.0,5.0,3.0,3.0,3.0,3.0,4.0,4.0,4.0,3.0,3.0,4.0,4.0,3.0,3.0,4.0,4.0,1.0,0.0,3.0,2.0,4.0,2.0,4.0,4.0,5.0,4.0,4.0,4.0,5.0,4.0,3.0,4.0,4.0,4.0,4.0,4.0,4.0,4.0,5.0,4.0,4.0,5.0,6.0,5.0,5.0,5.0,5.0,4.0,4.0,5.0,6.0,6.0,5.0,4.0,4.0,4.0,3.0,3.0,4.0,3.0,3.0,5.0,5.0,6.0,6.0,6.0,7.0,8.0,9.0,5.0,4.0,5.0,5.0,4.0,5.0,inf,4.0,4.0,4.0,5.0,5.0,4.0,4.0,7.0,7.0,7.0,6.0,7.0,8.0,9.0,8.0,6.0,7.0,6.0,6.0,4.0,4.0,4.0,3.0,4.0,4.0,4.0,5.0,4.0,4.0,4.0,4.0,4.0,4.0,5.0,4.0,4.0,5.0,5.0,5.0,4.0,4.0,4.0,4.0,4.0,4.0,4.0,4.0,4.0,4.0,4.0,3.0,5.0,4.0,5.0,4.0,4.0,3.0,4.0,4.0,3.0,3.0,4.0,4.0,4.0,3.0,3.0,2.0,4.0,3.0,4.0,4.0,5.0,3.0,3.0,3.0,4.0,4.0,5.0,4.0,4.0,3.0,3.0,4.0,5.0,4.0,4.0,inf,3.0,3.0,4.0,4.0,4.0,4.0,3.0,4.0,5.0,4.0,4.0,4.0,3.0,4.0,3.0,4.0,4.0,4.0,3.0,4.0,4.0,4.0,3.0,4.0,2.0,4.0,3.0,4.0,2.0,inf,5.0,4.0,6.0,4.0,3.0,4.0,4.0,4.0,4.0,4.0,5.0,4.0,5.0,4.0,4.0,4.0,5.0,4.0,4.0,4.0,4.0,4.0,4.0,5.0,5.0,5.0,5.0,5.0,5.0,5.0,5.0,5.0,4.0,4.0,5.0,5.0,5.0,5.0,4.0,4.0,4.0,5.0,5.0,6.0,6.0,5.0,6.0,6.0,5.0,5.0,4.0,4.0,4.0
AWBL,3.0,3.0,3.0,3.0,3.0,2.0,2.0,3.0,3.0,3.0,1.0,2.0,2.0,3.0,2.0,4.0,3.0,2.0,4.0,3.0,2.0,3.0,3.0,2.0,4.0,3.0,3.0,4.0,3.0,5.0,5.0,5.0,5.0,5.0,inf,inf,inf,4.0,4.0,2.0,2.0,1.0,3.0,2.0,3.0,2.0,2.0,2.0,3.0,2.0,3.0,1.0,2.0,3.0,4.0,4.0,4.0,4.0,3.0,2.0,3.0,3.0,2.0,4.0,3.0,3.0,4.0,4.0,4.0,3.0,3.0,3.0,2.0,3.0,0.0,1.0,2.0,2.0,3.0,3.0,5.0,4.0,4.0,4.0,4.0,5.0,4.0,4.0,4.0,4.0,4.0,4.0,4.0,4.0,4.0,4.0,4.0,5.0,4.0,5.0,5.0,5.0,5.0,4.0,4.0,5.0,6.0,5.0,5.0,4.0,4.0,4.0,3.0,3.0,4.0,3.0,4.0,5.0,5.0,6.0,6.0,6.0,7.0,8.0,9.0,4.0,4.0,4.0,5.0,4.0,5.0,inf,4.0,2.0,3.0,4.0,5.0,4.0,4.0,7.0,7.0,7.0,6.0,7.0,8.0,9.0,8.0,6.0,7.0,6.0,6.0,3.0,4.0,3.0,4.0,4.0,3.0,4.0,4.0,4.0,4.0,4.0,4.0,4.0,4.0,4.0,4.0,4.0,4.0,5.0,5.0,4.0,4.0,4.0,4.0,4.0,4.0,4.0,4.0,3.0,3.0,3.0,3.0,3.0,4.0,4.0,4.0,3.0,3.0,4.0,3.0,2.0,4.0,4.0,4.0,3.0,3.0,3.0,3.0,3.0,3.0,4.0,4.0,4.0,3.0,3.0,4.0,3.0,2.0,3.0,4.0,2.0,3.0,3.0,4.0,3.0,3.0,4.0,inf,1.0,2.0,2.0,3.0,4.0,3.0,3.0,4.0,4.0,5.0,4.0,4.0,3.0,3.0,3.0,4.0,3.0,4.0,3.0,4.0,3.0,4.0,3.0,5.0,3.0,3.0,2.0,3.0,3.0,inf,5.0,3.0,6.0,3.0,4.0,2.0,3.0,4.0,4.0,4.0,4.0,4.0,4.0,4.0,4.0,4.0,4.0,4.0,4.0,4.0,4.0,4.0,4.0,3.0,4.0,5.0,5.0,5.0,5.0,5.0,5.0,5.0,5.0,4.0,4.0,4.0,4.0,3.0,3.0,4.0,3.0,4.0,5.0,6.0,6.0,5.0,6.0,6.0,5.0,5.0,4.0,4.0,4.0
AWBR,3.0,2.0,3.0,3.0,3.0,1.0,3.0,3.0,3.0,2.0,2.0,2.0,3.0,3.0,3.0,3.0,2.0,3.0,3.0,2.0,3.0,3.0,3.0,3.0,4.0,4.0,2.0,3.0,4.0,5.0,4.0,5.0,4.0,4.0,inf,inf,inf,4.0,4.0,3.0,1.0,2.0,2.0,2.0,2.0,3.0,3.0,3.0,3.0,3.0,2.0,2.0,1.0,3.0,3.0,4.0,4.0,3.0,4.0,3.0,3.0,3.0,3.0,3.0,3.0,3.0,3.0,4.0,3.0,2.0,3.0,4.0,3.0,2.0,1.0,0.0,3.0,3.0,4.0,4.0,5.0,4.0,4.0,4.0,5.0,4.0,3.0,4.0,4.0,4.0,4.0,4.0,4.0,4.0,4.0,4.0,4.0,5.0,5.0,5.0,5.0,5.0,5.0,4.0,3.0,4.0,5.0,5.0,4.0,3.0,4.0,3.0,3.0,3.0,4.0,3.0,3.0,5.0,6.0,6.0,7.0,7.0,7.0,8.0,9.0,5.0,4.0,5.0,5.0,5.0,6.0,inf,5.0,3.0,2.0,5.0,5.0,4.0,4.0,8.0,7.0,7.0,6.0,8.0,8.0,9.0,8.0,6.0,8.0,6.0,7.0,4.0,4.0,4.0,3.0,4.0,3.0,3.0,4.0,3.0,4.0,3.0,4.0,4.0,4.0,4.0,4.0,4.0,4.0,4.0,5.0,3.0,4.0,4.0,4.0,4.0,4.0,4.0,3.0,3.0,2.0,3.0,2.0,3.0,3.0,3.0,3.0,4.0,3.0,4.0,4.0,1.0,3.0,4.0,4.0,2.0,4.0,3.0,2.0,4.0,3.0,4.0,5.0,5.0,4.0,4.0,3.0,4.0,3.0,4.0,4.0,3.0,3.0,4.0,5.0,4.0,4.0,4.0,inf,2.0,1.0,2.0,2.0,4.0,4.0,3.0,4.0,4.0,4.0,4.0,4.0,4.0,4.0,4.0,4.0,4.0,4.0,3.0,4.0,3.0,3.0,3.0,4.0,2.0,3.0,3.0,4.0,2.0,inf,5.0,4.0,7.0,4.0,3.0,3.0,2.0,4.0,4.0,4.0,4.0,4.0,4.0,4.0,4.0,4.0,4.0,4.0,4.0,4.0,4.0,4.0,4.0,4.0,5.0,5.0,5.0,5.0,5.0,5.0,5.0,5.0,4.0,4.0,3.0,4.0,4.0,4.0,4.0,4.0,4.0,4.0,4.0,5.0,5.0,4.0,5.0,6.0,5.0,5.0,4.0,3.0,4.0
AWCL,2.0,3.0,4.0,3.0,1.0,3.0,4.0,4.0,2.0,2.0,3.0,3.0,3.0,3.0,3.0,5.0,3.0,2.0,3.0,3.0,2.0,3.0,4.0,4.0,4.0,4.0,4.0,5.0,4.0,6.0,5.0,6.0,5.0,5.0,inf,inf,inf,5.0,5.0,1.0,3.0,2.0,3.0,2.0,3.0,3.0,4.0,4.0,5.0,3.0,4.0,1.0,2.0,4.0,4.0,4.0,4.0,4.0,3.0,3.0,3.0,5.0,4.0,5.0,4.0,4.0,4.0,4.0,4.0,4.0,4.0,5.0,3.0,4.0,2.0,3.0,0.0,2.0,3.0,4.0,5.0,5.0,5.0,5.0,4.0,5.0,4.0,4.0,4.0,5.0,5.0,5.0,5.0,5.0,5.0,4.0,5.0,5.0,5.0,5.0,5.0,5.0,5.0,5.0,5.0,6.0,6.0,6.0,6.0,5.0,4.0,5.0,4.0,4.0,4.0,4.0,5.0,3.0,4.0,4.0,5.0,5.0,5.0,6.0,7.0,4.0,4.0,3.0,5.0,4.0,5.0,inf,4.0,3.0,4.0,4.0,5.0,5.0,5.0,6.0,5.0,5.0,4.0,6.0,6.0,7.0,6.0,4.0,6.0,4.0,5.0,4.0,5.0,3.0,4.0,3.0,3.0,5.0,5.0,5.0,5.0,5.0,5.0,4.0,5.0,5.0,5.0,4.0,5.0,5.0,6.0,4.0,5.0,4.0,5.0,5.0,4.0,4.0,4.0,4.0,4.0,3.0,4.0,5.0,4.0,5.0,4.0,2.0,4.0,3.0,4.0,3.0,4.0,5.0,4.0,5.0,3.0,4.0,3.0,4.0,4.0,2.0,3.0,4.0,4.0,4.0,4.0,3.0,4.0,3.0,4.0,2.0,3.0,3.0,4.0,4.0,4.0,4.0,inf,3.0,4.0,4.0,4.0,4.0,5.0,3.0,4.0,5.0,5.0,5.0,5.0,4.0,4.0,4.0,4.0,3.0,4.0,4.0,4.0,3.0,4.0,4.0,5.0,4.0,4.0,3.0,3.0,4.0,inf,5.0,3.0,6.0,2.0,3.0,4.0,3.0,4.0,5.0,4.0,5.0,5.0,5.0,5.0,5.0,5.0,5.0,5.0,5.0,5.0,5.0,5.0,5.0,4.0,5.0,5.0,5.0,5.0,5.0,5.0,5.0,5.0,5.0,5.0,5.0,5.0,5.0,5.0,5.0,5.0,4.0,5.0,6.0,7.0,7.0,6.0,7.0,6.0,5.0,6.0,5.0,5.0,5.0
AWCR,4.0,3.0,3.0,4.0,3.0,2.0,3.0,2.0,2.0,1.0,1.0,1.0,2.0,2.0,3.0,4.0,2.0,3.0,3.0,3.0,3.0,2.0,3.0,4.0,4.0,4.0,4.0,4.0,4.0,5.0,4.0,5.0,4.0,4.0,inf,inf,inf,4.0,4.0,1.0,2.0,2.0,1.0,3.0,2.0,2.0,2.0,2.0,3.0,2.0,2.0,3.0,3.0,4.0,3.0,4.0,5.0,4.0,4.0,3.0,3.0,4.0,4.0,4.0,3.0,3.0,4.0,4.0,4.0,4.0,4.0,5.0,2.0,2.0,2.0,3.0,2.0,0.0,4.0,4.0,5.0,4.0,4.0,4.0,5.0,4.0,4.0,4.0,4.0,4.0,4.0,4.0,4.0,4.0,5.0,4.0,4.0,5.0,5.0,5.0,5.0,5.0,5.0,4.0,4.0,5.0,6.0,5.0,5.0,4.0,4.0,4.0,3.0,3.0,4.0,3.0,3.0,5.0,5.0,6.0,6.0,6.0,7.0,8.0,9.0,4.0,3.0,4.0,4.0,4.0,5.0,inf,4.0,3.0,3.0,5.0,5.0,4.0,4.0,7.0,7.0,7.0,6.0,7.0,8.0,9.0,8.0,6.0,7.0,6.0,6.0,4.0,4.0,4.0,3.0,4.0,3.0,4.0,4.0,5.0,5.0,4.0,4.0,4.0,4.0,5.0,4.0,4.0,5.0,5.0,5.0,4.0,4.0,4.0,4.0,4.0,5.0,4.0,4.0,3.0,4.0,3.0,3.0,5.0,3.0,5.0,4.0,4.0,4.0,4.0,4.0,4.0,3.0,4.0,4.0,4.0,3.0,3.0,3.0,3.0,3.0,4.0,4.0,5.0,3.0,3.0,3.0,4.0,3.0,4.0,3.0,4.0,2.0,3.0,4.0,4.0,4.0,4.0,inf,3.0,3.0,4.0,4.0,3.0,4.0,4.0,3.0,5.0,4.0,4.0,4.0,3.0,4.0,3.0,3.0,4.0,4.0,4.0,4.0,5.0,4.0,4.0,4.0,3.0,3.0,3.0,4.0,3.0,inf,5.0,4.0,6.0,3.0,2.0,4.0,4.0,4.0,4.0,4.0,5.0,4.0,5.0,4.0,4.0,4.0,5.0,4.0,4.0,4.0,4.0,4.0,4.0,4.0,5.0,5.0,5.0,5.0,5.0,5.0,5.0,5.0,5.0,5.0,5.0,4.0,4.0,5.0,4.0,4.0,4.0,5.0,5.0,6.0,6.0,6.0,6.0,6.0,5.0,5.0,4.0,4.0,4.0
BAGL,3.0,4.0,2.0,2.0,3.0,4.0,4.0,4.0,3.0,3.0,3.0,4.0,2.0,2.0,3.0,3.0,2.0,1.0,3.0,4.0,2.0,3.0,4.0,4.0,4.0,4.0,3.0,2.0,3.0,5.0,4.0,5.0,4.0,4.0,inf,inf,inf,3.0,3.0,3.0,4.0,2.0,3.0,3.0,4.0,2.0,3.0,4.0,4.0,3.0,3.0,2.0,3.0,3.0,3.0,3.0,3.0,4.0,4.0,2.0,3.0,3.0,3.0,3.0,4.0,3.0,4.0,3.0,2.0,2.0,3.0,5.0,3.0,4.0,3.0,4.0,3.0,4.0,0.0,1.0,4.0,4.0,5.0,5.0,3.0,3.0,3.0,3.0,4.0,4.0,4.0,4.0,4.0,4.0,4.0,4.0,4.0,4.0,4.0,4.0,4.0,4.0,4.0,4.0,3.0,4.0,5.0,4.0,4.0,3.0,3.0,3.0,3.0,3.0,3.0,3.0,4.0,5.0,5.0,6.0,6.0,6.0,7.0,8.0,9.0,4.0,4.0,4.0,5.0,4.0,5.0,inf,4.0,3.0,4.0,5.0,4.0,4.0,4.0,7.0,7.0,7.0,6.0,7.0,8.0,9.0,8.0,6.0,7.0,6.0,6.0,2.0,2.0,2.0,2.0,2.0,2.0,4.0,3.0,3.0,3.0,4.0,3.0,4.0,3.0,4.0,4.0,4.0,4.0,5.0,4.0,3.0,4.0,4.0,4.0,4.0,3.0,3.0,4.0,2.0,3.0,3.0,3.0,4.0,3.0,4.0,4.0,2.0,4.0,2.0,2.0,3.0,3.0,4.0,3.0,4.0,1.0,1.0,3.0,3.0,3.0,4.0,4.0,1.0,3.0,3.0,3.0,3.0,3.0,4.0,4.0,3.0,3.0,3.0,2.0,3.0,3.0,2.0,inf,3.0,4.0,4.0,3.0,4.0,3.0,4.0,3.0,4.0,4.0,4.0,4.0,3.0,3.0,3.0,3.0,3.0,3.0,3.0,3.0,3.0,3.0,3.0,3.0,3.0,3.0,3.0,3.0,3.0,inf,3.0,4.0,6.0,3.0,3.0,4.0,4.0,2.0,2.0,2.0,4.0,4.0,4.0,4.0,4.0,4.0,4.0,4.0,4.0,4.0,4.0,4.0,3.0,4.0,4.0,4.0,4.0,4.0,4.0,4.0,4.0,4.0,3.0,3.0,3.0,3.0,4.0,4.0,4.0,4.0,2.0,3.0,4.0,5.0,5.0,4.0,5.0,5.0,4.0,5.0,4.0,4.0,3.0
BAGR,4.0,4.0,3.0,3.0,3.0,3.0,3.0,4.0,2.0,3.0,4.0,4.0,3.0,3.0,4.0,4.0,3.0,2.0,3.0,3.0,3.0,4.0,3.0,3.0,4.0,4.0,4.0,3.0,2.0,4.0,4.0,4.0,4.0,4.0,inf,inf,inf,3.0,4.0,3.0,4.0,3.0,4.0,3.0,3.0,3.0,4.0,4.0,5.0,4.0,4.0,3.0,4.0,2.0,3.0,4.0,4.0,3.0,3.0,1.0,2.0,4.0,3.0,4.0,3.0,3.0,3.0,3.0,3.0,3.0,2.0,4.0,4.0,4.0,3.0,4.0,4.0,4.0,1.0,0.0,4.0,4.0,4.0,4.0,4.0,4.0,4.0,4.0,3.0,3.0,3.0,3.0,3.0,3.0,3.0,3.0,3.0,4.0,5.0,5.0,5.0,5.0,5.0,4.0,4.0,5.0,6.0,5.0,4.0,3.0,4.0,3.0,3.0,4.0,3.0,4.0,3.0,5.0,5.0,6.0,6.0,6.0,7.0,8.0,9.0,3.0,3.0,4.0,4.0,4.0,5.0,inf,4.0,3.0,4.0,5.0,5.0,3.0,3.0,7.0,7.0,7.0,6.0,7.0,8.0,9.0,8.0,6.0,7.0,6.0,6.0,3.0,3.0,3.0,3.0,3.0,3.0,3.0,4.0,4.0,4.0,3.0,4.0,4.0,4.0,3.0,3.0,3.0,3.0,4.0,4.0,3.0,3.0,3.0,4.0,3.0,4.0,3.0,3.0,3.0,2.0,4.0,4.0,4.0,3.0,3.0,3.0,3.0,3.0,3.0,3.0,4.0,4.0,4.0,3.0,4.0,2.0,2.0,4.0,2.0,2.0,4.0,4.0,1.0,2.0,4.0,3.0,3.0,3.0,3.0,3.0,3.0,2.0,3.0,3.0,3.0,2.0,3.0,inf,2.0,3.0,3.0,4.0,3.0,4.0,4.0,3.0,3.0,4.0,3.0,4.0,4.0,3.0,3.0,3.0,4.0,4.0,4.0,4.0,4.0,4.0,4.0,4.0,4.0,3.0,3.0,3.0,2.0,inf,4.0,4.0,6.0,3.0,4.0,3.0,4.0,3.0,3.0,3.0,3.0,3.0,3.0,3.0,3.0,3.0,3.0,3.0,3.0,3.0,3.0,3.0,4.0,4.0,5.0,4.0,5.0,5.0,5.0,5.0,4.0,5.0,4.0,3.0,3.0,4.0,4.0,4.0,4.0,4.0,3.0,4.0,4.0,5.0,6.0,5.0,6.0,5.0,4.0,4.0,3.0,3.0,3.0
BDUL,3.0,3.0,4.0,3.0,4.0,4.0,3.0,4.0,4.0,4.0,4.0,4.0,4.0,3.0,5.0,4.0,5.0,4.0,4.0,4.0,4.0,4.0,4.0,3.0,3.0,5.0,3.0,3.0,4.0,4.0,3.0,4.0,3.0,3.0,inf,inf,inf,3.0,3.0,5.0,4.0,5.0,5.0,4.0,3.0,5.0,5.0,4.0,4.0,3.0,4.0,5.0,5.0,2.0,2.0,3.0,2.0,2.0,2.0,3.0,3.0,3.0,3.0,3.0,2.0,3.0,2.0,2.0,3.0,3.0,3.0,3.0,4.0,5.0,5.0,5.0,5.0,5.0,4.0,4.0,0.0,3.0,4.0,4.0,5.0,5.0,4.0,5.0,3.0,3.0,3.0,3.0,3.0,3.0,3.0,3.0,3.0,3.0,3.0,3.0,3.0,3.0,3.0,3.0,4.0,5.0,4.0,4.0,4.0,3.0,3.0,3.0,3.0,3.0,3.0,3.0,3.0,5.0,6.0,6.0,7.0,7.0,7.0,8.0,9.0,4.0,4.0,5.0,5.0,5.0,6.0,inf,5.0,4.0,5.0,4.0,6.0,2.0,3.0,8.0,7.0,7.0,6.0,8.0,8.0,9.0,8.0,6.0,8.0,6.0,7.0,4.0,5.0,4.0,4.0,4.0,4.0,4.0,3.0,2.0,2.0,3.0,3.0,3.0,3.0,3.0,3.0,1.0,3.0,4.0,4.0,2.0,2.0,3.0,3.0,3.0,3.0,1.0,2.0,2.0,3.0,3.0,3.0,2.0,2.0,3.0,3.0,4.0,4.0,3.0,3.0,4.0,4.0,3.0,3.0,3.0,3.0,4.0,4.0,3.0,3.0,4.0,5.0,5.0,3.0,5.0,4.0,4.0,4.0,4.0,3.0,4.0,3.0,4.0,4.0,4.0,3.0,4.0,inf,4.0,4.0,4.0,5.0,4.0,5.0,4.0,3.0,3.0,3.0,3.0,4.0,4.0,3.0,4.0,4.0,4.0,3.0,4.0,3.0,3.0,4.0,4.0,4.0,4.0,4.0,4.0,4.0,4.0,inf,4.0,3.0,7.0,5.0,5.0,5.0,5.0,3.0,3.0,3.0,3.0,3.0,3.0,3.0,3.0,3.0,3.0,3.0,3.0,3.0,3.0,3.0,3.0,4.0,3.0,3.0,3.0,3.0,3.0,3.0,3.0,3.0,3.0,3.0,4.0,3.0,3.0,4.0,3.0,3.0,4.0,4.0,4.0,5.0,4.0,3.0,4.0,4.0,3.0,4.0,3.0,3.0,3.0
BDUR,4.0,4.0,4.0,3.0,4.0,4.0,4.0,3.0,4.0,4.0,3.0,3.0,3.0,3.0,4.0,4.0,5.0,4.0,4.0,4.0,4.0,4.0,2.0,2.0,2.0,4.0,2.0,3.0,4.0,4.0,4.0,4.0,4.0,4.0,inf,inf,inf,3.0,3.0,5.0,4.0,5.0,4.0,3.0,3.0,4.0,4.0,3.0,4.0,2.0,2.0,5.0,5.0,2.0,3.0,3.0,3.0,3.0,3.0,3.0,3.0,3.0,3.0,3.0,3.0,3.0,3.0,3.0,3.0,3.0,3.0,2.0,4.0,4.0,4.0,4.0,5.0,4.0,4.0,4.0,3.0,0.0,3.0,3.0,5.0,6.0,5.0,5.0,3.0,3.0,3.0,3.0,3.0,3.0,3.0,3.0,2.0,3.0,4.0,3.0,4.0,4.0,3.0,2.0,2.0,3.0,4.0,4.0,4.0,3.0,2.0,3.0,3.0,3.0,4.0,1.0,1.0,6.0,6.0,7.0,7.0,7.0,8.0,9.0,10.0,5.0,5.0,6.0,6.0,5.0,6.0,inf,5.0,4.0,4.0,5.0,6.0,2.0,2.0,8.0,8.0,8.0,7.0,8.0,9.0,10.0,9.0,7.0,8.0,7.0,7.0,4.0,5.0,4.0,5.0,4.0,4.0,3.0,2.0,2.0,2.0,3.0,2.0,4.0,3.0,3.0,3.0,2.0,1.0,4.0,2.0,3.0,3.0,2.0,3.0,3.0,2.0,3.0,2.0,2.0,2.0,3.0,3.0,1.0,3.0,3.0,2.0,5.0,4.0,4.0,4.0,4.0,4.0,3.0,2.0,3.0,3.0,4.0,4.0,4.0,3.0,5.0,5.0,5.0,4.0,4.0,4.0,4.0,3.0,4.0,4.0,4.0,4.0,4.0,4.0,5.0,4.0,4.0,inf,3.0,3.0,4.0,4.0,4.0,4.0,4.0,3.0,3.0,4.0,3.0,3.0,3.0,4.0,3.0,4.0,3.0,4.0,3.0,3.0,3.0,4.0,3.0,4.0,4.0,3.0,4.0,5.0,4.0,inf,5.0,4.0,7.0,5.0,5.0,4.0,4.0,3.0,4.0,4.0,3.0,3.0,3.0,3.0,3.0,4.0,3.0,3.0,3.0,3.0,3.0,3.0,3.0,4.0,4.0,4.0,4.0,4.0,4.0,4.0,4.0,3.0,3.0,3.0,3.0,4.0,4.0,4.0,4.0,4.0,3.0,3.0,3.0,4.0,4.0,3.0,4.0,4.0,3.0,4.0,4.0,3.0,2.0
CANL,4.0,4.0,4.0,4.0,5.0,4.0,4.0,3.0,4.0,4.0,3.0,3.0,4.0,3.0,4.0,4.0,5.0,5.0,4.0,4.0,4.0,4.0,1.0,4.0,4.0,4.0,4.0,4.0,3.0,4.0,3.0,3.0,3.0,3.0,inf,inf,inf,3.0,3.0,5.0,4.0,4.0,4.0,4.0,3.0,4.0,4.0,2.0,3.0,3.0,2.0,4.0,5.0,3.0,2.0,3.0,3.0,3.0,3.0,3.0,2.0,3.0,4.0,2.0,4.0,3.0,3.0,3.0,4.0,3.0,4.0,4.0,4.0,4.0,4.0,4.0,5.0,4.0,5.0,4.0,4.0,3.0,0.0,2.0,5.0,5.0,5.0,5.0,3.0,3.0,2.0,3.0,2.0,3.0,3.0,3.0,3.0,2.0,3.0,3.0,4.0,4.0,4.0,3.0,3.0,4.0,4.0,4.0,4.0,3.0,3.0,4.0,3.0,4.0,3.0,2.0,2.0,6.0,6.0,7.0,7.0,7.0,8.0,9.0,10.0,4.0,4.0,5.0,5.0,4.0,5.0,inf,5.0,3.0,4.0,5.0,6.0,4.0,3.0,8.0,8.0,8.0,7.0,8.0,9.0,10.0,9.0,7.0,8.0,7.0,7.0,4.0,5.0,4.0,4.0,4.0,4.0,4.0,3.0,4.0,3.0,3.0,3.0,3.0,4.0,4.0,3.0,3.0,3.0,4.0,4.0,3.0,3.0,2.0,1.0,2.0,4.0,4.0,3.0,3.0,3.0,3.0,3.0,3.0,3.0,3.0,3.0,5.0,4.0,4.0,4.0,4.0,4.0,2.0,3.0,3.0,4.0,4.0,5.0,3.0,3.0,5.0,5.0,5.0,4.0,4.0,4.0,3.0,4.0,4.0,3.0,3.0,3.0,4.0,4.0,4.0,3.0,4.0,inf,4.0,3.0,4.0,4.0,4.0,5.0,4.0,3.0,4.0,3.0,3.0,4.0,4.0,4.0,4.0,4.0,4.0,3.0,3.0,3.0,3.0,4.0,4.0,4.0,4.0,4.0,3.0,4.0,4.0,inf,4.0,4.0,6.0,4.0,5.0,4.0,4.0,4.0,3.0,3.0,4.0,3.0,3.0,3.0,3.0,3.0,3.0,3.0,3.0,3.0,2.0,3.0,3.0,4.0,4.0,3.0,4.0,4.0,4.0,4.0,4.0,4.0,3.0,3.0,4.0,4.0,4.0,4.0,4.0,4.0,4.0,4.0,4.0,5.0,5.0,5.0,5.0,4.0,3.0,4.0,3.0,4.0,4.0
CANR,4.0,4.0,4.0,4.0,5.0,4.0,4.0,3.0,4.0,4.0,3.0,3.0,3.0,3.0,4.0,4.0,5.0,5.0,4.0,4.0,4.0,4.0,1.0,4.0,4.0,4.0,4.0,4.0,3.0,4.0,2.0,4.0,4.0,4.0,inf,inf,inf,3.0,3.0,5.0,4.0,4.0,4.0,4.0,3.0,4.0,4.0,2.0,3.0,3.0,2.0,4.0,5.0,2.0,3.0,3.0,3.0,3.0,3.0,3.0,2.0,4.0,4.0,3.0,4.0,3.0,3.0,3.0,3.0,3.0,3.0,4.0,4.0,4.0,4.0,4.0,5.0,4.0,5.0,4.0,4.0,3.0,2.0,0.0,5.0,5.0,5.0,5.0,3.0,3.0,3.0,3.0,3.0,3.0,3.0,3.0,3.0,3.0,4.0,3.0,4.0,4.0,4.0,3.0,3.0,4.0,4.0,3.0,3.0,3.0,3.0,3.0,2.0,4.0,4.0,2.0,2.0,6.0,6.0,7.0,7.0,7.0,8.0,9.0,10.0,4.0,4.0,5.0,5.0,4.0,5.0,inf,5.0,3.0,4.0,5.0,6.0,3.0,3.0,8.0,8.0,8.0,7.0,8.0,9.0,10.0,9.0,7.0,8.0,7.0,7.0,4.0,5.0,4.0,4.0,4.0,4.0,4.0,3.0,3.0,2.0,4.0,4.0,4.0,4.0,3.0,3.0,3.0,3.0,4.0,4.0,4.0,3.0,2.0,2.0,1.0,3.0,3.0,3.0,3.0,3.0,3.0,3.0,3.0,3.0,3.0,3.0,5.0,4.0,4.0,4.0,4.0,4.0,2.0,3.0,4.0,4.0,4.0,5.0,3.0,3.0,5.0,5.0,5.0,4.0,4.0,4.0,3.0,4.0,4.0,3.0,3.0,3.0,4.0,4.0,4.0,3.0,4.0,inf,4.0,3.0,4.0,4.0,4.0,5.0,4.0,4.0,3.0,4.0,3.0,4.0,4.0,4.0,4.0,4.0,4.0,4.0,3.0,3.0,3.0,4.0,4.0,4.0,4.0,4.0,3.0,4.0,4.0,inf,5.0,4.0,6.0,4.0,5.0,4.0,4.0,3.0,4.0,4.0,3.0,3.0,3.0,3.0,3.0,4.0,3.0,3.0,3.0,3.0,3.0,3.0,3.0,4.0,4.0,4.0,4.0,4.0,4.0,4.0,4.0,3.0,3.0,3.0,4.0,4.0,4.0,4.0,3.0,3.0,3.0,4.0,4.0,5.0,5.0,4.0,4.0,3.0,2.0,3.0,3.0,4.0,3.0
CEPDL,4.0,5.0,4.0,4.0,3.0,5.0,5.0,5.0,3.0,4.0,5.0,5.0,4.0,3.0,5.0,5.0,5.0,4.0,4.0,5.0,3.0,4.0,4.0,5.0,5.0,4.0,4.0,4.0,4.0,6.0,5.0,6.0,4.0,4.0,inf,inf,inf,4.0,4.0,4.0,5.0,4.0,5.0,4.0,4.0,5.0,6.0,4.0,5.0,5.0,4.0,3.0,4.0,4.0,4.0,3.0,3.0,5.0,4.0,4.0,3.0,4.0,4.0,4.0,5.0,4.0,5.0,5.0,3.0,4.0,4.0,6.0,4.0,5.0,4.0,5.0,4.0,5.0,3.0,4.0,5.0,5.0,5.0,5.0,0.0,5.0,4.0,4.0,4.0,5.0,5.0,5.0,5.0,5.0,5.0,5.0,5.0,4.0,4.0,4.0,4.0,4.0,4.0,4.0,4.0,5.0,5.0,5.0,5.0,4.0,4.0,4.0,4.0,5.0,5.0,4.0,5.0,5.0,6.0,6.0,7.0,7.0,7.0,8.0,9.0,4.0,4.0,3.0,5.0,4.0,5.0,inf,5.0,3.0,5.0,5.0,5.0,5.0,5.0,8.0,7.0,7.0,6.0,8.0,8.0,9.0,8.0,6.0,8.0,6.0,7.0,3.0,4.0,1.0,4.0,3.0,3.0,5.0,4.0,5.0,4.0,5.0,4.0,5.0,4.0,5.0,5.0,5.0,5.0,6.0,5.0,4.0,5.0,4.0,5.0,5.0,4.0,4.0,4.0,3.0,4.0,4.0,5.0,5.0,4.0,5.0,5.0,3.0,4.0,2.0,3.0,5.0,4.0,4.0,4.0,5.0,2.0,3.0,4.0,4.0,4.0,4.0,5.0,4.0,4.0,4.0,4.0,3.0,4.0,3.0,4.0,2.0,4.0,4.0,3.0,4.0,3.0,3.0,inf,4.0,5.0,4.0,4.0,5.0,4.0,3.0,4.0,5.0,5.0,5.0,5.0,4.0,3.0,4.0,3.0,3.0,3.0,4.0,4.0,3.0,4.0,4.0,4.0,4.0,3.0,4.0,3.0,5.0,inf,5.0,4.0,6.0,2.0,4.0,4.0,5.0,3.0,4.0,3.0,5.0,5.0,5.0,5.0,5.0,5.0,5.0,5.0,5.0,5.0,5.0,5.0,4.0,4.0,4.0,4.0,4.0,4.0,4.0,4.0,4.0,4.0,4.0,4.0,4.0,4.0,5.0,5.0,5.0,5.0,3.0,4.0,5.0,6.0,6.0,6.0,6.0,6.0,5.0,6.0,5.0,5.0,4.0
CEPDR,5.0,4.0,3.0,4.0,4.0,3.0,5.0,5.0,4.0,3.0,4.0,4.0,3.0,4.0,4.0,4.0,4.0,4.0,4.0,5.0,3.0,4.0,4.0,4.0,5.0,4.0,4.0,3.0,4.0,5.0,4.0,5.0,4.0,4.0,inf,inf,inf,4.0,4.0,4.0,4.0,4.0,4.0,4.0,4.0,5.0,5.0,4.0,5.0,4.0,5.0,5.0,5.0,4.0,3.0,3.0,3.0,4.0,4.0,3.0,3.0,5.0,5.0,5.0,5.0,4.0,5.0,4.0,3.0,3.0,4.0,5.0,4.0,4.0,5.0,4.0,5.0,4.0,3.0,4.0,5.0,6.0,5.0,5.0,5.0,0.0,3.0,4.0,4.0,4.0,4.0,4.0,4.0,4.0,5.0,4.0,4.0,4.0,4.0,4.0,4.0,4.0,4.0,4.0,4.0,5.0,5.0,5.0,5.0,5.0,4.0,5.0,4.0,3.0,4.0,5.0,5.0,6.0,6.0,7.0,7.0,7.0,8.0,9.0,10.0,4.0,3.0,5.0,4.0,5.0,5.0,inf,5.0,4.0,3.0,5.0,5.0,5.0,4.0,8.0,8.0,8.0,7.0,8.0,9.0,10.0,9.0,7.0,8.0,7.0,7.0,4.0,3.0,4.0,1.0,4.0,3.0,5.0,5.0,4.0,4.0,5.0,5.0,4.0,5.0,5.0,4.0,4.0,5.0,5.0,6.0,4.0,4.0,4.0,4.0,5.0,4.0,4.0,4.0,4.0,4.0,4.0,5.0,5.0,4.0,5.0,4.0,4.0,4.0,3.0,2.0,4.0,4.0,4.0,4.0,5.0,3.0,2.0,2.0,4.0,4.0,5.0,5.0,4.0,4.0,4.0,4.0,4.0,3.0,4.0,3.0,4.0,2.0,4.0,4.0,4.0,4.0,3.0,inf,4.0,4.0,4.0,4.0,3.0,4.0,4.0,3.0,5.0,4.0,4.0,4.0,4.0,4.0,3.0,3.0,3.0,4.0,3.0,4.0,3.0,4.0,3.0,4.0,3.0,3.0,3.0,4.0,3.0,inf,4.0,4.0,6.0,5.0,2.0,5.0,4.0,4.0,3.0,4.0,5.0,4.0,5.0,4.0,4.0,4.0,5.0,4.0,4.0,4.0,4.0,4.0,4.0,4.0,4.0,4.0,4.0,4.0,4.0,4.0,4.0,4.0,4.0,4.0,4.0,4.0,5.0,6.0,5.0,5.0,3.0,4.0,5.0,6.0,6.0,5.0,6.0,6.0,5.0,5.0,4.0,5.0,5.0
CEPVL,2.0,3.0,3.0,4.0,3.0,2.0,4.0,4.0,4.0,3.0,4.0,3.0,3.0,3.0,4.0,4.0,4.0,4.0,4.0,5.0,2.0,3.0,4.0,4.0,4.0,5.0,4.0,4.0,4.0,5.0,4.0,5.0,4.0,4.0,inf,inf,inf,4.0,4.0,4.0,4.0,3.0,3.0,3.0,4.0,5.0,4.0,3.0,4.0,4.0,4.0,4.0,4.0,4.0,3.0,3.0,3.0,3.0,3.0,4.0,3.0,4.0,4.0,3.0,4.0,4.0,3.0,4.0,3.0,3.0,3.0,4.0,3.0,3.0,4.0,3.0,4.0,4.0,3.0,4.0,4.0,5.0,5.0,5.0,4.0,3.0,0.0,5.0,4.0,4.0,4.0,4.0,4.0,4.0,4.0,4.0,4.0,4.0,4.0,4.0,4.0,4.0,4.0,4.0,3.0,4.0,5.0,4.0,4.0,3.0,3.0,3.0,3.0,2.0,3.0,4.0,4.0,3.0,4.0,4.0,5.0,5.0,5.0,6.0,7.0,4.0,4.0,3.0,5.0,3.0,4.0,inf,4.0,2.0,4.0,2.0,5.0,4.0,3.0,6.0,5.0,5.0,4.0,6.0,6.0,7.0,6.0,4.0,6.0,4.0,5.0,3.0,4.0,3.0,2.0,1.0,4.0,4.0,4.0,4.0,4.0,4.0,4.0,4.0,3.0,5.0,4.0,4.0,4.0,5.0,5.0,4.0,4.0,3.0,4.0,4.0,4.0,3.0,3.0,3.0,3.0,3.0,3.0,4.0,2.0,4.0,3.0,3.0,3.0,2.0,3.0,4.0,4.0,4.0,4.0,4.0,2.0,3.0,1.0,4.0,4.0,2.0,3.0,4.0,4.0,4.0,4.0,2.0,4.0,3.0,4.0,3.0,3.0,3.0,3.0,3.0,3.0,3.0,inf,3.0,4.0,4.0,5.0,4.0,4.0,4.0,4.0,5.0,4.0,4.0,3.0,4.0,3.0,3.0,3.0,4.0,3.0,4.0,4.0,3.0,4.0,4.0,4.0,3.0,3.0,4.0,4.0,3.0,inf,5.0,1.0,5.0,3.0,3.0,3.0,5.0,3.0,4.0,3.0,5.0,4.0,5.0,4.0,4.0,4.0,5.0,4.0,4.0,4.0,4.0,4.0,4.0,4.0,4.0,4.0,4.0,4.0,4.0,4.0,4.0,4.0,4.0,4.0,4.0,3.0,3.0,4.0,3.0,3.0,3.0,4.0,4.0,5.0,5.0,5.0,5.0,5.0,5.0,4.0,3.0,3.0,3.0
CEPVR,4.0,4.0,3.0,4.0,5.0,3.0,4.0,5.0,4.0,3.0,4.0,4.0,3.0,4.0,4.0,1.0,4.0,4.0,4.0,4.0,4.0,4.0,4.0,3.0,5.0,4.0,4.0,3.0,4.0,6.0,5.0,6.0,4.0,4.0,inf,inf,inf,4.0,4.0,4.0,4.0,4.0,4.0,4.0,4.0,5.0,5.0,3.0,2.0,4.0,4.0,3.0,4.0,4.0,4.0,3.0,3.0,4.0,4.0,4.0,3.0,4.0,4.0,4.0,5.0,4.0,4.0,5.0,3.0,2.0,4.0,4.0,5.0,4.0,4.0,4.0,4.0,4.0,3.0,4.0,5.0,5.0,5.0,5.0,4.0,4.0,5.0,0.0,4.0,5.0,5.0,5.0,5.0,5.0,5.0,4.0,5.0,4.0,4.0,4.0,4.0,4.0,4.0,4.0,4.0,5.0,5.0,5.0,5.0,4.0,4.0,4.0,4.0,4.0,5.0,4.0,5.0,6.0,6.0,7.0,7.0,7.0,8.0,9.0,10.0,5.0,4.0,4.0,3.0,3.0,2.0,inf,5.0,4.0,3.0,5.0,1.0,5.0,4.0,8.0,8.0,8.0,7.0,8.0,9.0,10.0,9.0,7.0,8.0,7.0,7.0,4.0,3.0,3.0,3.0,4.0,1.0,4.0,4.0,3.0,4.0,5.0,4.0,4.0,4.0,5.0,5.0,4.0,4.0,5.0,5.0,4.0,4.0,4.0,5.0,5.0,4.0,4.0,4.0,3.0,4.0,3.0,3.0,4.0,3.0,5.0,4.0,4.0,3.0,3.0,2.0,3.0,3.0,4.0,4.0,4.0,3.0,2.0,4.0,4.0,3.0,5.0,5.0,4.0,4.0,4.0,5.0,3.0,2.0,3.0,4.0,2.0,3.0,4.0,4.0,4.0,4.0,3.0,inf,3.0,3.0,4.0,2.0,4.0,3.0,3.0,4.0,5.0,5.0,5.0,4.0,4.0,3.0,3.0,4.0,3.0,4.0,3.0,4.0,3.0,3.0,3.0,4.0,2.0,3.0,3.0,3.0,4.0,inf,4.0,4.0,3.0,4.0,2.0,4.0,4.0,4.0,3.0,4.0,5.0,5.0,5.0,5.0,5.0,5.0,5.0,5.0,5.0,5.0,5.0,5.0,4.0,4.0,4.0,4.0,4.0,4.0,4.0,4.0,4.0,4.0,4.0,4.0,4.0,4.0,4.0,5.0,4.0,4.0,3.0,4.0,5.0,6.0,5.0,4.0,5.0,6.0,5.0,5.0,4.0,4.0,4.0
DA01,3.0,3.0,3.0,2.0,4.0,4.0,3.0,4.0,3.0,3.0,4.0,3.0,3.0,3.0,4.0,3.0,4.0,3.0,3.0,3.0,4.0,3.0,2.0,4.0,3.0,3.0,3.0,3.0,2.0,2.0,2.0,3.0,2.0,2.0,inf,inf,inf,2.0,3.0,4.0,4.0,3.0,4.0,3.0,2.0,4.0,4.0,3.0,4.0,4.0,3.0,3.0,4.0,1.0,1.0,2.0,3.0,2.0,2.0,2.0,1.0,3.0,3.0,3.0,3.0,3.0,2.0,2.0,3.0,2.0,3.0,3.0,4.0,4.0,4.0,4.0,4.0,4.0,4.0,3.0,3.0,3.0,3.0,3.0,4.0,4.0,4.0,4.0,0.0,1.0,2.0,2.0,2.0,2.0,2.0,2.0,2.0,3.0,4.0,3.0,3.0,3.0,3.0,3.0,2.0,3.0,4.0,4.0,3.0,3.0,3.0,3.0,3.0,2.0,1.0,3.0,3.0,5.0,5.0,6.0,6.0,6.0,7.0,8.0,9.0,3.0,3.0,4.0,4.0,3.0,4.0,inf,4.0,4.0,4.0,4.0,5.0,2.0,2.0,7.0,7.0,7.0,6.0,7.0,8.0,9.0,8.0,6.0,7.0,6.0,6.0,4.0,4.0,3.0,3.0,3.0,3.0,3.0,3.0,3.0,3.0,3.0,3.0,2.0,3.0,2.0,2.0,2.0,2.0,3.0,3.0,2.0,2.0,2.0,2.0,2.0,3.0,2.0,3.0,2.0,2.0,3.0,3.0,3.0,2.0,3.0,2.0,4.0,3.0,3.0,3.0,3.0,3.0,3.0,2.0,3.0,3.0,3.0,3.0,2.0,2.0,4.0,4.0,4.0,3.0,4.0,4.0,2.0,3.0,3.0,2.0,2.0,2.0,3.0,3.0,3.0,2.0,3.0,inf,3.0,3.0,4.0,4.0,3.0,4.0,3.0,2.0,2.0,2.0,1.0,3.0,3.0,3.0,3.0,3.0,3.0,2.0,3.0,3.0,3.0,3.0,3.0,3.0,3.0,3.0,2.0,3.0,3.0,inf,3.0,3.0,5.0,4.0,4.0,4.0,4.0,2.0,2.0,2.0,2.0,2.0,2.0,2.0,2.0,2.0,2.0,2.0,2.0,2.0,2.0,2.0,2.0,3.0,3.0,3.0,3.0,3.0,3.0,3.0,3.0,3.0,3.0,2.0,3.0,3.0,3.0,4.0,3.0,3.0,3.0,3.0,3.0,4.0,4.0,4.0,5.0,4.0,3.0,3.0,2.0,3.0,3.0
DA02,3.0,3.0,3.0,2.0,4.0,4.0,3.0,4.0,3.0,3.0,4.0,3.0,3.0,3.0,4.0,4.0,4.0,3.0,3.0,3.0,4.0,3.0,3.0,4.0,3.0,4.0,3.0,3.0,2.0,1.0,1.0,3.0,2.0,2.0,inf,inf,inf,2.0,3.0,4.0,4.0,4.0,4.0,3.0,2.0,4.0,4.0,4.0,4.0,4.0,3.0,4.0,4.0,1.0,1.0,2.0,3.0,2.0,2.0,2.0,2.0,3.0,3.0,3.0,3.0,3.0,2.0,2.0,3.0,3.0,3.0,3.0,4.0,4.0,4.0,4.0,5.0,4.0,4.0,3.0,3.0,3.0,3.0,3.0,5.0,4.0,4.0,5.0,1.0,0.0,2.0,2.0,1.0,2.0,2.0,2.0,2.0,3.0,4.0,3.0,3.0,3.0,3.0,3.0,3.0,4.0,4.0,4.0,3.0,3.0,3.0,3.0,3.0,2.0,1.0,3.0,3.0,5.0,6.0,6.0,7.0,7.0,7.0,8.0,9.0,4.0,3.0,5.0,4.0,4.0,5.0,inf,4.0,4.0,4.0,4.0,6.0,2.0,2.0,8.0,7.0,7.0,6.0,8.0,8.0,9.0,8.0,6.0,8.0,6.0,7.0,4.0,4.0,4.0,3.0,4.0,4.0,3.0,3.0,3.0,3.0,3.0,3.0,2.0,3.0,2.0,2.0,2.0,2.0,3.0,3.0,2.0,2.0,2.0,2.0,2.0,3.0,2.0,3.0,2.0,2.0,3.0,3.0,3.0,2.0,3.0,2.0,4.0,3.0,3.0,3.0,4.0,3.0,3.0,3.0,3.0,3.0,3.0,3.0,2.0,2.0,4.0,5.0,4.0,3.0,4.0,4.0,3.0,3.0,3.0,2.0,3.0,2.0,4.0,4.0,4.0,3.0,3.0,inf,3.0,3.0,4.0,4.0,3.0,4.0,3.0,2.0,2.0,2.0,2.0,3.0,3.0,3.0,3.0,3.0,4.0,2.0,3.0,3.0,3.0,3.0,4.0,3.0,4.0,3.0,3.0,4.0,3.0,inf,3.0,3.0,6.0,4.0,4.0,4.0,4.0,2.0,2.0,2.0,2.0,1.0,2.0,2.0,2.0,1.0,2.0,2.0,2.0,2.0,2.0,2.0,2.0,3.0,3.0,3.0,3.0,3.0,3.0,3.0,3.0,3.0,3.0,2.0,3.0,3.0,3.0,4.0,3.0,3.0,4.0,3.0,3.0,4.0,5.0,4.0,5.0,4.0,3.0,3.0,2.0,3.0,3.0
DA03,3.0,3.0,3.0,2.0,4.0,4.0,3.0,4.0,3.0,3.0,4.0,3.0,3.0,3.0,4.0,4.0,4.0,3.0,3.0,3.0,4.0,3.0,2.0,4.0,3.0,4.0,3.0,3.0,2.0,3.0,2.0,1.0,2.0,2.0,inf,inf,inf,2.0,3.0,4.0,4.0,4.0,4.0,3.0,2.0,4.0,4.0,3.0,4.0,4.0,3.0,4.0,4.0,1.0,1.0,2.0,3.0,2.0,2.0,2.0,2.0,3.0,3.0,2.0,3.0,3.0,2.0,2.0,3.0,3.0,3.0,3.0,4.0,4.0,4.0,4.0,5.0,4.0,4.0,3.0,3.0,3.0,2.0,3.0,5.0,4.0,4.0,5.0,2.0,2.0,0.0,1.0,1.0,2.0,2.0,2.0,2.0,2.0,3.0,3.0,3.0,3.0,3.0,3.0,3.0,4.0,4.0,4.0,3.0,3.0,3.0,3.0,3.0,2.0,1.0,3.0,3.0,5.0,6.0,6.0,7.0,7.0,7.0,8.0,9.0,4.0,3.0,5.0,4.0,4.0,5.0,inf,4.0,4.0,4.0,4.0,6.0,2.0,2.0,8.0,7.0,7.0,6.0,8.0,8.0,9.0,8.0,6.0,8.0,6.0,7.0,4.0,4.0,4.0,3.0,4.0,4.0,3.0,3.0,3.0,3.0,3.0,3.0,2.0,3.0,2.0,2.0,2.0,2.0,3.0,2.0,2.0,2.0,2.0,1.0,2.0,3.0,2.0,3.0,2.0,2.0,3.0,3.0,3.0,2.0,3.0,2.0,4.0,3.0,3.0,3.0,4.0,3.0,3.0,3.0,3.0,3.0,3.0,3.0,2.0,2.0,4.0,5.0,4.0,3.0,4.0,4.0,3.0,3.0,3.0,2.0,3.0,2.0,4.0,4.0,4.0,3.0,3.0,inf,3.0,3.0,4.0,4.0,3.0,4.0,3.0,2.0,2.0,2.0,2.0,3.0,3.0,3.0,3.0,3.0,4.0,2.0,3.0,3.0,3.0,3.0,4.0,3.0,4.0,3.0,3.0,4.0,3.0,inf,3.0,3.0,6.0,4.0,4.0,4.0,4.0,2.0,2.0,2.0,2.0,2.0,1.0,2.0,2.0,2.0,1.0,2.0,2.0,2.0,2.0,2.0,2.0,3.0,3.0,3.0,3.0,3.0,3.0,3.0,3.0,3.0,3.0,2.0,3.0,3.0,3.0,4.0,3.0,3.0,3.0,2.0,3.0,4.0,5.0,4.0,5.0,4.0,3.0,3.0,2.0,3.0,3.0
DA04,3.0,3.0,3.0,3.0,4.0,4.0,3.0,4.0,3.0,3.0,4.0,3.0,3.0,3.0,4.0,4.0,4.0,4.0,3.0,3.0,4.0,3.0,3.0,4.0,3.0,4.0,4.0,3.0,2.0,2.0,2.0,2.0,2.0,2.0,inf,inf,inf,2.0,3.0,4.0,4.0,4.0,4.0,3.0,2.0,5.0,4.0,4.0,4.0,4.0,3.0,4.0,4.0,1.0,1.0,2.0,3.0,2.0,2.0,2.0,2.0,2.0,3.0,3.0,3.0,3.0,2.0,2.0,3.0,3.0,3.0,3.0,4.0,4.0,4.0,4.0,5.0,4.0,4.0,3.0,3.0,3.0,3.0,3.0,5.0,4.0,4.0,5.0,2.0,2.0,1.0,0.0,2.0,2.0,2.0,2.0,2.0,3.0,4.0,3.0,3.0,3.0,3.0,2.0,3.0,3.0,4.0,4.0,3.0,2.0,2.0,3.0,3.0,3.0,2.0,3.0,3.0,5.0,6.0,6.0,7.0,7.0,7.0,8.0,9.0,4.0,3.0,5.0,4.0,4.0,5.0,inf,4.0,4.0,4.0,4.0,6.0,2.0,2.0,8.0,7.0,7.0,6.0,8.0,8.0,9.0,8.0,6.0,8.0,6.0,7.0,4.0,4.0,4.0,3.0,4.0,4.0,3.0,3.0,2.0,2.0,3.0,3.0,2.0,3.0,2.0,2.0,2.0,2.0,3.0,3.0,2.0,1.0,2.0,2.0,2.0,3.0,2.0,3.0,2.0,2.0,3.0,3.0,3.0,2.0,2.0,2.0,4.0,3.0,3.0,3.0,4.0,3.0,3.0,3.0,3.0,3.0,3.0,4.0,2.0,2.0,4.0,5.0,4.0,3.0,4.0,4.0,3.0,3.0,3.0,2.0,3.0,2.0,4.0,4.0,4.0,3.0,3.0,inf,3.0,3.0,4.0,4.0,3.0,4.0,3.0,2.0,2.0,2.0,2.0,3.0,3.0,3.0,3.0,3.0,3.0,2.0,3.0,3.0,3.0,3.0,4.0,3.0,4.0,3.0,3.0,4.0,3.0,inf,3.0,3.0,6.0,4.0,4.0,4.0,4.0,2.0,2.0,2.0,2.0,2.0,2.0,1.0,2.0,2.0,2.0,2.0,2.0,2.0,2.0,2.0,2.0,3.0,3.0,3.0,3.0,3.0,3.0,3.0,3.0,3.0,2.0,2.0,3.0,3.0,3.0,3.0,3.0,3.0,4.0,3.0,2.0,3.0,4.0,3.0,4.0,4.0,3.0,3.0,2.0,3.0,2.0
DA05,3.0,3.0,3.0,3.0,4.0,4.0,3.0,4.0,3.0,3.0,4.0,3.0,3.0,3.0,4.0,4.0,4.0,4.0,3.0,3.0,4.0,3.0,2.0,4.0,3.0,4.0,4.0,3.0,3.0,2.0,2.0,2.0,2.0,1.0,inf,inf,inf,2.0,3.0,4.0,4.0,4.0,4.0,3.0,2.0,5.0,4.0,3.0,4.0,4.0,3.0,4.0,4.0,1.0,1.0,2.0,2.0,2.0,2.0,2.0,2.0,3.0,3.0,2.0,3.0,3.0,2.0,2.0,3.0,3.0,3.0,3.0,4.0,4.0,4.0,4.0,5.0,4.0,4.0,3.0,3.0,3.0,2.0,3.0,5.0,4.0,4.0,5.0,2.0,1.0,1.0,2.0,0.0,2.0,2.0,2.0,2.0,2.0,3.0,3.0,3.0,3.0,3.0,3.0,3.0,4.0,4.0,4.0,3.0,3.0,3.0,3.0,3.0,3.0,2.0,3.0,3.0,5.0,6.0,6.0,7.0,7.0,7.0,8.0,9.0,4.0,3.0,5.0,4.0,4.0,5.0,inf,4.0,4.0,4.0,4.0,6.0,2.0,2.0,8.0,7.0,7.0,6.0,8.0,8.0,9.0,8.0,6.0,8.0,6.0,7.0,4.0,4.0,4.0,3.0,4.0,4.0,3.0,3.0,3.0,3.0,3.0,3.0,2.0,3.0,2.0,2.0,2.0,2.0,3.0,3.0,2.0,2.0,2.0,1.0,2.0,4.0,2.0,3.0,2.0,2.0,3.0,3.0,3.0,2.0,3.0,2.0,4.0,3.0,3.0,3.0,4.0,3.0,3.0,3.0,3.0,3.0,3.0,4.0,2.0,2.0,4.0,5.0,4.0,3.0,4.0,4.0,3.0,3.0,3.0,2.0,3.0,2.0,4.0,4.0,4.0,3.0,3.0,inf,3.0,3.0,4.0,4.0,3.0,4.0,3.0,2.0,2.0,2.0,2.0,4.0,3.0,3.0,3.0,3.0,4.0,2.0,3.0,3.0,3.0,3.0,4.0,3.0,4.0,3.0,3.0,4.0,3.0,inf,3.0,3.0,6.0,4.0,4.0,4.0,4.0,2.0,2.0,2.0,2.0,2.0,2.0,2.0,2.0,2.0,2.0,2.0,2.0,2.0,2.0,2.0,2.0,3.0,3.0,3.0,3.0,3.0,3.0,3.0,3.0,3.0,3.0,2.0,3.0,3.0,3.0,4.0,3.0,3.0,4.0,3.0,3.0,4.0,5.0,4.0,5.0,4.0,3.0,3.0,2.0,3.0,3.0
DA06,3.0,3.0,3.0,3.0,4.0,4.0,3.0,4.0,3.0,3.0,4.0,3.0,3.0,3.0,4.0,4.0,4.0,4.0,3.0,3.0,4.0,3.0,3.0,4.0,3.0,4.0,4.0,3.0,3.0,3.0,2.0,3.0,2.0,2.0,inf,inf,inf,2.0,3.0,4.0,4.0,4.0,4.0,3.0,2.0,5.0,4.0,4.0,4.0,4.0,3.0,4.0,4.0,1.0,1.0,2.0,2.0,2.0,2.0,2.0,2.0,3.0,3.0,3.0,3.0,3.0,2.0,2.0,3.0,3.0,3.0,3.0,4.0,4.0,4.0,4.0,5.0,4.0,4.0,3.0,3.0,3.0,3.0,3.0,5.0,4.0,4.0,5.0,2.0,2.0,2.0,2.0,2.0,0.0,2.0,2.0,2.0,1.0,2.0,3.0,3.0,3.0,3.0,3.0,3.0,4.0,4.0,4.0,3.0,3.0,2.0,3.0,3.0,3.0,3.0,3.0,3.0,5.0,6.0,6.0,7.0,7.0,7.0,8.0,9.0,4.0,3.0,5.0,4.0,4.0,5.0,inf,4.0,4.0,4.0,4.0,6.0,2.0,2.0,8.0,7.0,7.0,6.0,8.0,8.0,9.0,8.0,6.0,8.0,6.0,7.0,4.0,4.0,4.0,3.0,4.0,4.0,3.0,3.0,3.0,3.0,3.0,3.0,2.0,3.0,2.0,2.0,2.0,2.0,3.0,3.0,2.0,2.0,2.0,2.0,2.0,3.0,2.0,3.0,2.0,2.0,3.0,3.0,3.0,2.0,3.0,2.0,4.0,3.0,3.0,3.0,4.0,3.0,2.0,3.0,3.0,3.0,3.0,4.0,2.0,2.0,4.0,5.0,4.0,3.0,4.0,4.0,3.0,3.0,3.0,2.0,3.0,2.0,4.0,4.0,4.0,3.0,3.0,inf,3.0,3.0,4.0,4.0,3.0,4.0,3.0,2.0,2.0,2.0,2.0,3.0,3.0,3.0,3.0,3.0,3.0,2.0,3.0,3.0,3.0,3.0,4.0,3.0,4.0,3.0,3.0,4.0,3.0,inf,3.0,3.0,6.0,4.0,4.0,4.0,4.0,2.0,2.0,2.0,2.0,2.0,2.0,2.0,2.0,2.0,2.0,2.0,2.0,2.0,2.0,2.0,2.0,3.0,3.0,2.0,3.0,3.0,3.0,3.0,3.0,3.0,3.0,2.0,3.0,3.0,3.0,4.0,3.0,3.0,4.0,3.0,3.0,4.0,5.0,4.0,5.0,4.0,3.0,3.0,2.0,3.0,3.0
DA07,3.0,3.0,3.0,3.0,4.0,4.0,3.0,4.0,3.0,4.0,4.0,4.0,3.0,3.0,3.0,4.0,4.0,4.0,3.0,3.0,4.0,4.0,3.0,3.0,3.0,4.0,3.0,3.0,3.0,3.0,3.0,3.0,3.0,3.0,inf,inf,inf,1.0,2.0,4.0,4.0,4.0,5.0,4.0,3.0,5.0,4.0,3.0,4.0,3.0,3.0,4.0,4.0,1.0,2.0,3.0,3.0,2.0,2.0,2.0,3.0,2.0,3.0,3.0,2.0,2.0,2.0,2.0,2.0,3.0,3.0,3.0,4.0,5.0,4.0,4.0,5.0,5.0,4.0,3.0,3.0,3.0,3.0,3.0,5.0,5.0,4.0,5.0,2.0,2.0,2.0,2.0,2.0,2.0,0.0,1.0,2.0,3.0,4.0,4.0,4.0,4.0,3.0,2.0,3.0,4.0,4.0,4.0,3.0,2.0,2.0,2.0,3.0,3.0,3.0,3.0,3.0,5.0,6.0,6.0,7.0,7.0,7.0,8.0,9.0,4.0,4.0,5.0,5.0,4.0,5.0,inf,5.0,4.0,4.0,4.0,6.0,2.0,2.0,8.0,7.0,7.0,6.0,8.0,8.0,9.0,8.0,6.0,8.0,6.0,7.0,4.0,4.0,4.0,4.0,4.0,4.0,2.0,3.0,2.0,2.0,3.0,3.0,2.0,3.0,2.0,2.0,2.0,2.0,3.0,3.0,2.0,1.0,1.0,2.0,2.0,3.0,2.0,3.0,2.0,2.0,2.0,3.0,2.0,2.0,2.0,2.0,4.0,4.0,3.0,3.0,4.0,3.0,3.0,3.0,3.0,3.0,3.0,4.0,3.0,2.0,4.0,5.0,4.0,3.0,3.0,4.0,3.0,4.0,3.0,3.0,3.0,3.0,4.0,4.0,4.0,3.0,4.0,inf,3.0,3.0,3.0,4.0,4.0,4.0,4.0,3.0,2.0,3.0,2.0,3.0,3.0,3.0,3.0,3.0,3.0,3.0,2.0,2.0,2.0,3.0,3.0,3.0,3.0,4.0,4.0,4.0,3.0,inf,4.0,3.0,6.0,4.0,4.0,4.0,4.0,2.0,3.0,3.0,2.0,2.0,2.0,2.0,2.0,3.0,2.0,2.0,2.0,2.0,2.0,2.0,2.0,3.0,4.0,3.0,4.0,4.0,4.0,4.0,3.0,3.0,2.0,2.0,3.0,3.0,3.0,3.0,3.0,3.0,4.0,3.0,3.0,4.0,4.0,3.0,4.0,4.0,3.0,4.0,3.0,3.0,2.0
DA08,2.0,3.0,3.0,3.0,3.0,4.0,3.0,3.0,3.0,3.0,3.0,3.0,3.0,3.0,4.0,3.0,4.0,4.0,3.0,3.0,4.0,3.0,3.0,3.0,3.0,4.0,3.0,3.0,3.0,3.0,2.0,3.0,2.0,2.0,inf,inf,inf,2.0,1.0,4.0,3.0,4.0,4.0,3.0,2.0,4.0,4.0,2.0,3.0,2.0,2.0,4.0,4.0,1.0,1.0,2.0,3.0,2.0,2.0,2.0,2.0,2.0,2.0,2.0,2.0,1.0,2.0,2.0,2.0,2.0,2.0,3.0,4.0,4.0,4.0,4.0,4.0,4.0,4.0,3.0,3.0,3.0,3.0,3.0,5.0,4.0,4.0,4.0,2.0,2.0,2.0,2.0,2.0,2.0,1.0,0.0,1.0,3.0,4.0,3.0,3.0,3.0,3.0,2.0,3.0,4.0,4.0,3.0,2.0,1.0,2.0,1.0,2.0,3.0,3.0,3.0,3.0,5.0,6.0,6.0,7.0,7.0,7.0,8.0,9.0,4.0,3.0,5.0,4.0,4.0,5.0,inf,4.0,3.0,4.0,4.0,5.0,2.0,2.0,8.0,7.0,7.0,6.0,8.0,8.0,9.0,8.0,6.0,8.0,6.0,7.0,4.0,4.0,4.0,3.0,3.0,4.0,1.0,2.0,2.0,2.0,3.0,2.0,2.0,2.0,2.0,2.0,2.0,2.0,3.0,3.0,2.0,1.0,2.0,2.0,2.0,3.0,2.0,3.0,2.0,2.0,1.0,2.0,2.0,2.0,2.0,2.0,4.0,3.0,3.0,3.0,3.0,3.0,2.0,3.0,3.0,3.0,3.0,4.0,2.0,2.0,4.0,5.0,4.0,3.0,4.0,4.0,3.0,3.0,3.0,2.0,3.0,2.0,4.0,4.0,4.0,3.0,3.0,inf,3.0,3.0,4.0,4.0,3.0,4.0,3.0,2.0,2.0,2.0,2.0,3.0,3.0,3.0,3.0,2.0,3.0,2.0,3.0,3.0,3.0,3.0,3.0,3.0,3.0,3.0,3.0,4.0,3.0,inf,3.0,3.0,6.0,4.0,4.0,4.0,4.0,2.0,2.0,2.0,2.0,2.0,2.0,2.0,2.0,2.0,2.0,2.0,2.0,2.0,1.0,2.0,1.0,3.0,3.0,3.0,3.0,3.0,3.0,3.0,3.0,3.0,2.0,2.0,3.0,3.0,3.0,3.0,3.0,3.0,3.0,3.0,3.0,4.0,4.0,3.0,4.0,4.0,3.0,3.0,2.0,2.0,2.0
DA09,3.0,3.0,3.0,3.0,4.0,4.0,3.0,4.0,3.0,3.0,4.0,3.0,3.0,3.0,3.0,4.0,4.0,4.0,3.0,3.0,4.0,3.0,2.0,2.0,2.0,4.0,2.0,3.0,3.0,3.0,2.0,3.0,2.0,2.0,inf,inf,inf,2.0,2.0,4.0,3.0,4.0,4.0,3.0,2.0,5.0,4.0,3.0,3.0,3.0,3.0,4.0,4.0,1.0,1.0,2.0,2.0,2.0,2.0,2.0,2.0,3.0,3.0,2.0,3.0,2.0,2.0,2.0,2.0,3.0,1.0,2.0,4.0,4.0,4.0,4.0,5.0,4.0,4.0,3.0,3.0,2.0,3.0,3.0,5.0,4.0,4.0,5.0,2.0,2.0,2.0,2.0,2.0,2.0,2.0,1.0,0.0,2.0,3.0,2.0,3.0,3.0,3.0,2.0,3.0,4.0,3.0,4.0,3.0,2.0,1.0,2.0,2.0,3.0,3.0,3.0,3.0,5.0,6.0,6.0,7.0,7.0,7.0,8.0,9.0,4.0,3.0,5.0,4.0,4.0,5.0,inf,4.0,4.0,4.0,4.0,6.0,2.0,2.0,8.0,7.0,7.0,6.0,8.0,8.0,9.0,8.0,6.0,8.0,6.0,7.0,4.0,4.0,4.0,3.0,4.0,4.0,1.0,2.0,2.0,2.0,3.0,2.0,2.0,2.0,2.0,1.0,2.0,2.0,3.0,3.0,2.0,2.0,1.0,2.0,2.0,2.0,2.0,2.0,2.0,2.0,2.0,2.0,1.0,2.0,2.0,2.0,4.0,3.0,3.0,3.0,4.0,3.0,1.0,3.0,3.0,3.0,3.0,4.0,2.0,2.0,4.0,5.0,4.0,3.0,3.0,3.0,3.0,3.0,3.0,2.0,3.0,2.0,4.0,4.0,4.0,3.0,3.0,inf,3.0,3.0,3.0,4.0,3.0,4.0,3.0,2.0,2.0,2.0,2.0,2.0,2.0,3.0,2.0,3.0,2.0,2.0,2.0,2.0,2.0,3.0,3.0,3.0,3.0,3.0,3.0,4.0,3.0,inf,3.0,3.0,6.0,4.0,4.0,4.0,4.0,2.0,2.0,2.0,2.0,2.0,2.0,2.0,2.0,2.0,2.0,2.0,2.0,2.0,2.0,1.0,1.0,3.0,3.0,3.0,3.0,3.0,3.0,3.0,3.0,3.0,2.0,1.0,3.0,3.0,3.0,4.0,3.0,3.0,3.0,3.0,3.0,4.0,4.0,3.0,4.0,4.0,3.0,3.0,2.0,2.0,1.0
DB01,4.0,4.0,3.0,3.0,4.0,4.0,4.0,4.0,4.0,4.0,4.0,4.0,3.0,3.0,4.0,4.0,4.0,4.0,3.0,4.0,4.0,4.0,2.0,3.0,3.0,4.0,3.0,3.0,4.0,3.0,3.0,3.0,2.0,2.0,inf,inf,inf,3.0,2.0,5.0,4.0,4.0,5.0,4.0,3.0,5.0,5.0,3.0,4.0,4.0,3.0,4.0,5.0,2.0,2.0,2.0,1.0,3.0,3.0,3.0,3.0,3.0,3.0,2.0,3.0,3.0,3.0,3.0,2.0,3.0,3.0,3.0,5.0,5.0,5.0,5.0,5.0,5.0,4.0,4.0,3.0,3.0,2.0,3.0,4.0,4.0,4.0,4.0,3.0,3.0,2.0,3.0,2.0,1.0,3.0,3.0,2.0,0.0,1.0,2.0,2.0,2.0,2.0,2.0,4.0,4.0,3.0,4.0,4.0,3.0,1.0,3.0,2.0,3.0,3.0,3.0,3.0,5.0,6.0,6.0,7.0,7.0,7.0,8.0,9.0,4.0,4.0,5.0,5.0,4.0,5.0,inf,5.0,4.0,5.0,4.0,5.0,3.0,3.0,8.0,7.0,7.0,6.0,8.0,8.0,9.0,8.0,6.0,8.0,6.0,7.0,4.0,4.0,3.0,3.0,3.0,3.0,2.0,2.0,2.0,2.0,3.0,3.0,3.0,3.0,3.0,3.0,3.0,3.0,4.0,4.0,3.0,2.0,2.0,1.0,2.0,2.0,2.0,2.0,2.0,3.0,3.0,3.0,2.0,2.0,3.0,3.0,3.0,3.0,2.0,2.0,4.0,3.0,1.0,4.0,3.0,3.0,3.0,4.0,3.0,3.0,4.0,5.0,5.0,4.0,3.0,3.0,3.0,4.0,3.0,3.0,3.0,3.0,4.0,4.0,4.0,3.0,3.0,inf,4.0,4.0,3.0,4.0,3.0,4.0,3.0,2.0,3.0,3.0,3.0,2.0,2.0,3.0,2.0,3.0,2.0,3.0,3.0,2.0,2.0,3.0,3.0,3.0,3.0,3.0,3.0,3.0,4.0,inf,4.0,3.0,6.0,4.0,4.0,5.0,4.0,3.0,3.0,3.0,3.0,3.0,3.0,3.0,2.0,3.0,3.0,3.0,3.0,3.0,2.0,2.0,3.0,2.0,2.0,1.0,2.0,2.0,2.0,2.0,2.0,2.0,3.0,2.0,4.0,3.0,3.0,4.0,3.0,3.0,3.0,4.0,4.0,5.0,4.0,3.0,4.0,4.0,3.0,4.0,3.0,3.0,3.0
DB02,4.0,4.0,3.0,3.0,4.0,5.0,4.0,5.0,5.0,4.0,5.0,5.0,4.0,4.0,4.0,5.0,4.0,4.0,4.0,5.0,4.0,5.0,3.0,4.0,4.0,3.0,4.0,3.0,4.0,4.0,4.0,4.0,2.0,2.0,inf,inf,inf,3.0,3.0,5.0,5.0,4.0,5.0,4.0,4.0,5.0,6.0,4.0,5.0,4.0,4.0,4.0,5.0,3.0,3.0,2.0,1.0,3.0,3.0,4.0,4.0,3.0,2.0,3.0,3.0,3.0,3.0,3.0,3.0,4.0,4.0,4.0,5.0,6.0,4.0,5.0,5.0,5.0,4.0,5.0,3.0,4.0,3.0,4.0,4.0,4.0,4.0,4.0,4.0,4.0,3.0,4.0,3.0,2.0,4.0,4.0,3.0,1.0,0.0,1.0,2.0,2.0,2.0,2.0,4.0,3.0,2.0,3.0,4.0,4.0,2.0,4.0,3.0,4.0,4.0,3.0,3.0,6.0,6.0,7.0,7.0,7.0,8.0,9.0,10.0,4.0,4.0,5.0,5.0,4.0,5.0,inf,5.0,4.0,5.0,5.0,5.0,3.0,3.0,8.0,8.0,8.0,7.0,8.0,9.0,10.0,9.0,7.0,8.0,7.0,7.0,4.0,4.0,3.0,3.0,3.0,3.0,3.0,3.0,3.0,3.0,4.0,4.0,4.0,4.0,4.0,4.0,4.0,4.0,5.0,4.0,3.0,3.0,3.0,2.0,3.0,2.0,2.0,2.0,3.0,3.0,3.0,4.0,3.0,3.0,4.0,3.0,3.0,3.0,2.0,2.0,5.0,4.0,2.0,4.0,4.0,3.0,3.0,4.0,4.0,4.0,5.0,5.0,5.0,3.0,3.0,4.0,3.0,4.0,3.0,4.0,3.0,3.0,4.0,4.0,4.0,3.0,3.0,inf,3.0,4.0,3.0,4.0,4.0,4.0,3.0,2.0,2.0,4.0,4.0,3.0,3.0,3.0,3.0,3.0,3.0,3.0,3.0,2.0,2.0,3.0,3.0,3.0,4.0,3.0,3.0,2.0,4.0,inf,5.0,4.0,6.0,4.0,4.0,4.0,5.0,4.0,4.0,4.0,4.0,4.0,3.0,3.0,3.0,4.0,4.0,4.0,4.0,3.0,3.0,3.0,3.0,1.0,2.0,2.0,1.0,2.0,2.0,2.0,2.0,2.0,3.0,2.0,4.0,4.0,4.0,3.0,3.0,4.0,4.0,4.0,4.0,4.0,3.0,3.0,3.0,4.0,3.0,4.0,4.0,3.0,3.0
DB03,4.0,4.0,3.0,2.0,4.0,4.0,4.0,4.0,4.0,4.0,4.0,4.0,3.0,4.0,4.0,4.0,4.0,3.0,3.0,4.0,4.0,4.0,2.0,3.0,3.0,4.0,3.0,2.0,4.0,4.0,3.0,4.0,2.0,2.0,inf,inf,inf,3.0,2.0,5.0,4.0,4.0,5.0,4.0,3.0,4.0,5.0,3.0,4.0,4.0,3.0,4.0,5.0,3.0,2.0,1.0,1.0,3.0,3.0,4.0,3.0,3.0,3.0,3.0,3.0,3.0,3.0,3.0,2.0,3.0,3.0,3.0,5.0,5.0,5.0,5.0,5.0,5.0,4.0,5.0,3.0,3.0,3.0,3.0,4.0,4.0,4.0,4.0,3.0,3.0,3.0,3.0,3.0,3.0,4.0,3.0,2.0,2.0,1.0,0.0,1.0,2.0,2.0,2.0,3.0,2.0,1.0,2.0,3.0,3.0,2.0,3.0,3.0,4.0,3.0,3.0,3.0,6.0,6.0,7.0,7.0,7.0,8.0,9.0,10.0,4.0,4.0,5.0,5.0,4.0,5.0,inf,5.0,4.0,5.0,5.0,5.0,3.0,3.0,8.0,8.0,8.0,7.0,8.0,9.0,10.0,9.0,7.0,8.0,7.0,7.0,4.0,4.0,3.0,3.0,3.0,3.0,3.0,2.0,2.0,2.0,4.0,3.0,3.0,4.0,4.0,3.0,3.0,3.0,4.0,4.0,3.0,3.0,3.0,3.0,3.0,1.0,2.0,2.0,3.0,3.0,4.0,3.0,2.0,3.0,4.0,3.0,3.0,4.0,2.0,2.0,4.0,3.0,1.0,4.0,4.0,3.0,3.0,4.0,3.0,3.0,5.0,5.0,5.0,4.0,3.0,3.0,3.0,4.0,3.0,3.0,3.0,3.0,4.0,4.0,4.0,3.0,4.0,inf,4.0,4.0,3.0,4.0,3.0,4.0,4.0,3.0,3.0,3.0,3.0,3.0,2.0,3.0,3.0,3.0,3.0,3.0,3.0,2.0,2.0,3.0,3.0,3.0,3.0,3.0,3.0,3.0,4.0,inf,4.0,4.0,6.0,4.0,4.0,5.0,4.0,4.0,3.0,3.0,4.0,3.0,4.0,3.0,3.0,3.0,4.0,3.0,3.0,3.0,3.0,3.0,3.0,2.0,2.0,2.0,2.0,2.0,1.0,2.0,2.0,2.0,2.0,2.0,4.0,3.0,3.0,4.0,4.0,4.0,4.0,4.0,3.0,3.0,2.0,2.0,2.0,3.0,2.0,3.0,3.0,3.0,3.0
DB04,4.0,4.0,3.0,3.0,4.0,5.0,4.0,5.0,4.0,4.0,4.0,4.0,3.0,4.0,4.0,4.0,4.0,4.0,4.0,4.0,4.0,4.0,3.0,4.0,3.0,4.0,4.0,2.0,4.0,4.0,3.0,4.0,2.0,2.0,inf,inf,inf,3.0,3.0,5.0,5.0,4.0,5.0,4.0,3.0,5.0,5.0,4.0,5.0,4.0,4.0,4.0,5.0,3.0,2.0,1.0,1.0,3.0,3.0,4.0,3.0,3.0,3.0,4.0,3.0,4.0,3.0,3.0,3.0,3.0,4.0,4.0,5.0,5.0,5.0,5.0,5.0,5.0,4.0,5.0,3.0,4.0,4.0,4.0,4.0,4.0,4.0,4.0,3.0,3.0,3.0,3.0,3.0,3.0,4.0,3.0,3.0,2.0,2.0,1.0,0.0,1.0,2.0,2.0,3.0,2.0,1.0,2.0,3.0,4.0,2.0,4.0,3.0,4.0,4.0,3.0,3.0,6.0,6.0,7.0,7.0,7.0,8.0,9.0,10.0,4.0,4.0,5.0,5.0,4.0,5.0,inf,5.0,4.0,5.0,5.0,5.0,3.0,3.0,8.0,8.0,8.0,7.0,8.0,9.0,10.0,9.0,7.0,8.0,7.0,7.0,4.0,4.0,3.0,3.0,3.0,3.0,3.0,3.0,3.0,3.0,4.0,4.0,3.0,4.0,4.0,3.0,3.0,4.0,4.0,5.0,3.0,3.0,3.0,3.0,4.0,2.0,2.0,2.0,3.0,3.0,4.0,4.0,3.0,3.0,4.0,3.0,3.0,4.0,2.0,2.0,4.0,4.0,2.0,4.0,4.0,3.0,3.0,4.0,3.0,3.0,5.0,5.0,5.0,4.0,3.0,3.0,3.0,4.0,3.0,3.0,3.0,3.0,4.0,4.0,4.0,3.0,4.0,inf,4.0,4.0,3.0,4.0,3.0,4.0,4.0,3.0,3.0,3.0,3.0,3.0,2.0,3.0,3.0,3.0,3.0,3.0,3.0,2.0,2.0,3.0,3.0,3.0,4.0,3.0,3.0,3.0,4.0,inf,4.0,4.0,6.0,4.0,4.0,5.0,5.0,4.0,3.0,3.0,4.0,3.0,4.0,3.0,3.0,3.0,4.0,3.0,3.0,3.0,3.0,3.0,3.0,2.0,2.0,2.0,2.0,2.0,2.0,1.0,2.0,2.0,2.0,2.0,4.0,3.0,3.0,4.0,4.0,4.0,4.0,4.0,3.0,3.0,2.0,2.0,2.0,3.0,3.0,4.0,3.0,3.0,3.0
DB05,4.0,4.0,3.0,4.0,4.0,5.0,4.0,5.0,4.0,4.0,4.0,4.0,3.0,4.0,4.0,4.0,4.0,4.0,4.0,4.0,4.0,4.0,3.0,4.0,3.0,4.0,4.0,2.0,4.0,4.0,3.0,4.0,2.0,2.0,inf,inf,inf,3.0,3.0,5.0,5.0,4.0,5.0,4.0,3.0,5.0,5.0,4.0,5.0,4.0,4.0,4.0,5.0,3.0,2.0,1.0,1.0,3.0,3.0,4.0,3.0,3.0,3.0,4.0,3.0,4.0,3.0,3.0,3.0,3.0,4.0,4.0,5.0,5.0,5.0,5.0,5.0,5.0,4.0,5.0,3.0,4.0,4.0,4.0,4.0,4.0,4.0,4.0,3.0,3.0,3.0,3.0,3.0,3.0,4.0,3.0,3.0,2.0,2.0,2.0,1.0,0.0,1.0,2.0,4.0,3.0,2.0,3.0,4.0,4.0,2.0,4.0,3.0,4.0,4.0,3.0,3.0,6.0,6.0,7.0,7.0,7.0,8.0,9.0,10.0,4.0,4.0,5.0,5.0,4.0,5.0,inf,5.0,4.0,5.0,5.0,5.0,3.0,3.0,8.0,8.0,8.0,7.0,8.0,9.0,10.0,9.0,7.0,8.0,7.0,7.0,4.0,4.0,3.0,3.0,3.0,3.0,3.0,3.0,3.0,3.0,4.0,4.0,3.0,4.0,4.0,3.0,3.0,4.0,4.0,5.0,3.0,3.0,3.0,3.0,4.0,3.0,2.0,2.0,3.0,3.0,4.0,4.0,3.0,3.0,4.0,3.0,3.0,4.0,2.0,2.0,4.0,4.0,2.0,4.0,4.0,3.0,3.0,4.0,3.0,3.0,5.0,5.0,5.0,4.0,3.0,3.0,3.0,4.0,3.0,3.0,3.0,3.0,4.0,4.0,4.0,3.0,4.0,inf,4.0,4.0,3.0,4.0,3.0,4.0,4.0,3.0,3.0,3.0,3.0,3.0,2.0,3.0,3.0,3.0,3.0,3.0,3.0,2.0,2.0,3.0,3.0,3.0,4.0,3.0,3.0,3.0,4.0,inf,4.0,4.0,6.0,4.0,4.0,5.0,5.0,4.0,3.0,3.0,4.0,3.0,4.0,3.0,3.0,3.0,4.0,3.0,3.0,3.0,3.0,3.0,3.0,2.0,2.0,2.0,2.0,2.0,2.0,2.0,2.0,2.0,2.0,2.0,4.0,4.0,4.0,4.0,4.0,4.0,4.0,5.0,4.0,4.0,3.0,3.0,3.0,4.0,4.0,4.0,3.0,3.0,3.0
DB06,4.0,4.0,3.0,4.0,4.0,5.0,4.0,5.0,4.0,4.0,4.0,4.0,3.0,4.0,4.0,4.0,4.0,4.0,4.0,4.0,4.0,4.0,3.0,3.0,3.0,4.0,3.0,2.0,4.0,4.0,3.0,4.0,2.0,2.0,inf,inf,inf,2.0,3.0,5.0,5.0,4.0,5.0,4.0,3.0,5.0,5.0,4.0,5.0,3.0,4.0,4.0,5.0,3.0,2.0,1.0,1.0,3.0,3.0,4.0,3.0,3.0,3.0,4.0,2.0,3.0,3.0,3.0,3.0,3.0,4.0,3.0,5.0,5.0,5.0,5.0,5.0,5.0,4.0,5.0,3.0,3.0,4.0,4.0,4.0,4.0,4.0,4.0,3.0,3.0,3.0,3.0,3.0,3.0,3.0,3.0,3.0,2.0,2.0,2.0,2.0,1.0,0.0,1.0,4.0,4.0,3.0,4.0,4.0,3.0,2.0,4.0,3.0,4.0,4.0,3.0,3.0,6.0,6.0,7.0,7.0,7.0,8.0,9.0,10.0,4.0,4.0,5.0,5.0,4.0,5.0,inf,5.0,4.0,5.0,5.0,5.0,3.0,3.0,8.0,8.0,8.0,7.0,8.0,9.0,10.0,9.0,7.0,8.0,7.0,7.0,4.0,4.0,3.0,3.0,3.0,3.0,3.0,2.0,3.0,3.0,3.0,3.0,3.0,3.0,4.0,3.0,3.0,3.0,4.0,4.0,3.0,2.0,2.0,3.0,3.0,3.0,2.0,2.0,3.0,3.0,4.0,4.0,2.0,3.0,3.0,3.0,3.0,4.0,2.0,2.0,4.0,4.0,2.0,4.0,4.0,3.0,3.0,4.0,3.0,3.0,5.0,5.0,5.0,4.0,3.0,3.0,3.0,4.0,3.0,3.0,3.0,3.0,4.0,4.0,4.0,3.0,4.0,inf,4.0,4.0,3.0,4.0,3.0,4.0,4.0,3.0,3.0,3.0,3.0,3.0,2.0,3.0,3.0,3.0,3.0,3.0,3.0,2.0,2.0,3.0,3.0,3.0,4.0,3.0,3.0,3.0,4.0,inf,4.0,4.0,6.0,4.0,4.0,5.0,5.0,4.0,3.0,3.0,4.0,3.0,4.0,3.0,3.0,3.0,4.0,3.0,3.0,3.0,2.0,3.0,3.0,2.0,2.0,2.0,2.0,2.0,2.0,2.0,2.0,2.0,2.0,2.0,4.0,4.0,4.0,4.0,4.0,4.0,4.0,5.0,4.0,5.0,4.0,4.0,4.0,5.0,4.0,4.0,3.0,3.0,3.0
DB07,3.0,3.0,3.0,3.0,4.0,4.0,3.0,4.0,4.0,3.0,3.0,3.0,3.0,3.0,3.0,4.0,4.0,4.0,3.0,4.0,4.0,3.0,3.0,2.0,2.0,4.0,2.0,2.0,4.0,4.0,3.0,4.0,2.0,2.0,inf,inf,inf,1.0,2.0,4.0,4.0,4.0,4.0,3.0,2.0,4.0,4.0,4.0,4.0,2.0,3.0,4.0,5.0,2.0,2.0,1.0,1.0,2.0,2.0,3.0,3.0,2.0,2.0,3.0,1.0,2.0,2.0,2.0,2.0,3.0,3.0,2.0,4.0,4.0,4.0,4.0,5.0,4.0,4.0,4.0,3.0,2.0,3.0,3.0,4.0,4.0,4.0,4.0,3.0,3.0,3.0,2.0,3.0,3.0,2.0,2.0,2.0,2.0,2.0,2.0,2.0,2.0,1.0,0.0,4.0,4.0,3.0,4.0,3.0,2.0,1.0,3.0,2.0,3.0,3.0,3.0,3.0,5.0,6.0,6.0,7.0,7.0,7.0,8.0,9.0,4.0,4.0,5.0,5.0,4.0,5.0,inf,5.0,4.0,4.0,4.0,5.0,2.0,2.0,8.0,7.0,7.0,6.0,8.0,8.0,9.0,8.0,6.0,8.0,6.0,7.0,4.0,4.0,3.0,3.0,3.0,3.0,2.0,1.0,2.0,2.0,2.0,2.0,2.0,2.0,3.0,2.0,2.0,2.0,3.0,3.0,2.0,1.0,1.0,2.0,2.0,2.0,2.0,2.0,2.0,2.0,3.0,3.0,1.0,2.0,2.0,2.0,3.0,3.0,2.0,2.0,4.0,3.0,2.0,3.0,3.0,3.0,3.0,4.0,3.0,3.0,4.0,5.0,5.0,3.0,3.0,3.0,3.0,3.0,3.0,3.0,3.0,3.0,4.0,4.0,4.0,3.0,3.0,inf,3.0,3.0,3.0,4.0,3.0,4.0,3.0,2.0,3.0,3.0,3.0,2.0,2.0,3.0,2.0,3.0,2.0,3.0,2.0,2.0,2.0,3.0,3.0,3.0,3.0,3.0,3.0,3.0,4.0,inf,4.0,3.0,6.0,4.0,4.0,4.0,4.0,3.0,3.0,3.0,3.0,3.0,3.0,3.0,3.0,3.0,3.0,3.0,3.0,2.0,1.0,2.0,2.0,2.0,2.0,2.0,2.0,2.0,2.0,2.0,2.0,2.0,2.0,2.0,3.0,3.0,3.0,3.0,3.0,3.0,3.0,4.0,4.0,5.0,4.0,3.0,4.0,4.0,3.0,4.0,3.0,2.0,2.0
DD01,4.0,3.0,3.0,3.0,4.0,3.0,4.0,3.0,3.0,4.0,3.0,3.0,2.0,3.0,4.0,4.0,4.0,4.0,4.0,4.0,3.0,3.0,2.0,4.0,4.0,3.0,3.0,3.0,3.0,3.0,3.0,4.0,3.0,3.0,inf,inf,inf,3.0,3.0,4.0,4.0,3.0,4.0,4.0,3.0,4.0,4.0,3.0,4.0,3.0,2.0,5.0,4.0,2.0,2.0,3.0,3.0,2.0,3.0,3.0,3.0,3.0,4.0,2.0,3.0,3.0,2.0,3.0,3.0,3.0,3.0,3.0,4.0,4.0,4.0,3.0,5.0,4.0,3.0,4.0,4.0,2.0,3.0,3.0,4.0,4.0,3.0,4.0,2.0,3.0,3.0,3.0,3.0,3.0,3.0,3.0,3.0,4.0,4.0,3.0,3.0,4.0,4.0,4.0,0.0,1.0,2.0,3.0,4.0,3.0,3.0,3.0,2.0,1.0,2.0,2.0,1.0,5.0,5.0,6.0,6.0,6.0,7.0,8.0,9.0,5.0,4.0,5.0,5.0,4.0,5.0,inf,4.0,4.0,3.0,5.0,5.0,3.0,3.0,7.0,7.0,7.0,6.0,7.0,8.0,9.0,8.0,6.0,7.0,6.0,6.0,3.0,3.0,3.0,3.0,3.0,3.0,4.0,3.0,4.0,4.0,3.0,3.0,3.0,4.0,3.0,3.0,3.0,3.0,4.0,3.0,3.0,3.0,3.0,3.0,3.0,4.0,3.0,2.0,3.0,2.0,4.0,3.0,3.0,3.0,3.0,3.0,4.0,4.0,3.0,3.0,4.0,4.0,3.0,2.0,1.0,2.0,2.0,2.0,3.0,3.0,4.0,4.0,4.0,3.0,3.0,4.0,4.0,3.0,4.0,3.0,4.0,3.0,3.0,3.0,4.0,4.0,3.0,inf,4.0,2.0,3.0,3.0,4.0,4.0,4.0,3.0,3.0,3.0,1.0,2.0,3.0,4.0,2.0,4.0,4.0,3.0,4.0,4.0,4.0,4.0,3.0,4.0,3.0,4.0,2.0,3.0,4.0,inf,4.0,4.0,6.0,4.0,4.0,5.0,3.0,3.0,3.0,3.0,3.0,3.0,2.0,2.0,3.0,3.0,3.0,3.0,3.0,3.0,3.0,3.0,3.0,4.0,4.0,4.0,4.0,4.0,4.0,4.0,4.0,4.0,4.0,3.0,1.0,2.0,2.0,3.0,3.0,3.0,1.0,1.0,1.0,2.0,2.0,3.0,3.0,4.0,4.0,4.0,3.0,3.0,3.0
DD02,5.0,4.0,4.0,4.0,5.0,4.0,5.0,4.0,4.0,5.0,4.0,4.0,3.0,4.0,5.0,5.0,5.0,5.0,5.0,5.0,4.0,4.0,3.0,5.0,5.0,4.0,4.0,4.0,3.0,3.0,4.0,5.0,4.0,4.0,inf,inf,inf,4.0,4.0,5.0,5.0,4.0,5.0,5.0,4.0,5.0,5.0,4.0,5.0,4.0,3.0,6.0,5.0,3.0,3.0,3.0,3.0,3.0,4.0,4.0,4.0,4.0,5.0,3.0,4.0,4.0,3.0,4.0,4.0,4.0,4.0,4.0,5.0,5.0,5.0,4.0,6.0,5.0,4.0,5.0,5.0,3.0,4.0,4.0,5.0,5.0,4.0,5.0,3.0,4.0,4.0,3.0,4.0,4.0,4.0,4.0,4.0,4.0,3.0,2.0,2.0,3.0,4.0,4.0,1.0,0.0,1.0,2.0,3.0,4.0,4.0,4.0,3.0,2.0,3.0,3.0,2.0,6.0,6.0,7.0,7.0,7.0,8.0,9.0,10.0,6.0,5.0,6.0,6.0,5.0,6.0,inf,5.0,5.0,4.0,6.0,6.0,4.0,4.0,8.0,8.0,8.0,7.0,8.0,9.0,10.0,9.0,7.0,8.0,7.0,7.0,4.0,4.0,4.0,4.0,4.0,4.0,5.0,4.0,3.0,4.0,4.0,4.0,4.0,5.0,4.0,4.0,4.0,4.0,5.0,4.0,4.0,4.0,4.0,4.0,4.0,3.0,4.0,3.0,4.0,3.0,5.0,4.0,4.0,4.0,4.0,4.0,5.0,5.0,4.0,4.0,5.0,5.0,3.0,3.0,2.0,3.0,3.0,3.0,4.0,4.0,5.0,5.0,5.0,4.0,4.0,5.0,5.0,4.0,5.0,4.0,5.0,4.0,4.0,4.0,5.0,5.0,4.0,inf,5.0,3.0,4.0,4.0,5.0,5.0,5.0,4.0,3.0,4.0,2.0,3.0,4.0,5.0,3.0,5.0,5.0,4.0,5.0,4.0,4.0,5.0,4.0,5.0,4.0,5.0,3.0,4.0,5.0,inf,5.0,5.0,7.0,5.0,5.0,6.0,4.0,4.0,4.0,4.0,4.0,4.0,3.0,2.0,4.0,4.0,4.0,4.0,4.0,4.0,4.0,4.0,4.0,4.0,4.0,4.0,4.0,4.0,3.0,3.0,4.0,4.0,4.0,4.0,2.0,3.0,3.0,4.0,4.0,4.0,2.0,2.0,1.0,1.0,1.0,2.0,2.0,3.0,3.0,4.0,4.0,4.0,4.0
DD03,5.0,5.0,4.0,3.0,5.0,5.0,5.0,5.0,5.0,5.0,5.0,5.0,4.0,4.0,5.0,4.0,5.0,4.0,4.0,5.0,5.0,5.0,3.0,4.0,4.0,5.0,4.0,3.0,4.0,4.0,4.0,5.0,3.0,3.0,inf,inf,inf,4.0,3.0,6.0,5.0,5.0,6.0,5.0,4.0,5.0,6.0,4.0,5.0,5.0,4.0,5.0,6.0,4.0,3.0,2.0,2.0,4.0,4.0,5.0,4.0,4.0,4.0,4.0,4.0,4.0,4.0,4.0,3.0,3.0,4.0,4.0,6.0,6.0,6.0,5.0,6.0,6.0,5.0,6.0,4.0,4.0,4.0,4.0,5.0,5.0,5.0,5.0,4.0,4.0,4.0,4.0,4.0,4.0,4.0,4.0,3.0,3.0,2.0,1.0,1.0,2.0,3.0,3.0,2.0,1.0,0.0,1.0,2.0,3.0,3.0,4.0,4.0,3.0,4.0,4.0,3.0,6.0,7.0,7.0,8.0,8.0,8.0,9.0,10.0,5.0,5.0,6.0,6.0,5.0,6.0,inf,6.0,5.0,5.0,5.0,6.0,4.0,4.0,9.0,8.0,8.0,7.0,9.0,9.0,10.0,9.0,7.0,9.0,7.0,8.0,5.0,5.0,4.0,4.0,4.0,4.0,4.0,3.0,2.0,3.0,5.0,4.0,4.0,4.0,5.0,4.0,3.0,3.0,5.0,4.0,4.0,3.0,4.0,4.0,3.0,2.0,3.0,3.0,4.0,4.0,4.0,4.0,3.0,3.0,4.0,4.0,4.0,5.0,3.0,3.0,4.0,4.0,2.0,4.0,3.0,4.0,4.0,4.0,4.0,4.0,5.0,6.0,6.0,5.0,4.0,4.0,4.0,5.0,4.0,4.0,4.0,4.0,5.0,5.0,5.0,4.0,5.0,inf,5.0,4.0,4.0,5.0,4.0,5.0,5.0,4.0,4.0,4.0,3.0,4.0,3.0,4.0,4.0,4.0,4.0,4.0,4.0,3.0,3.0,4.0,4.0,4.0,4.0,4.0,4.0,4.0,5.0,inf,5.0,4.0,7.0,5.0,5.0,6.0,5.0,5.0,4.0,4.0,5.0,4.0,4.0,3.0,4.0,4.0,5.0,4.0,4.0,4.0,4.0,4.0,4.0,3.0,3.0,3.0,3.0,3.0,2.0,2.0,3.0,3.0,3.0,3.0,3.0,2.0,2.0,3.0,4.0,4.0,3.0,3.0,2.0,2.0,1.0,1.0,1.0,2.0,2.0,3.0,3.0,4.0,4.0
DD04,5.0,4.0,4.0,3.0,5.0,5.0,5.0,5.0,5.0,4.0,5.0,5.0,4.0,3.0,5.0,4.0,5.0,4.0,4.0,5.0,4.0,5.0,3.0,4.0,4.0,4.0,4.0,4.0,5.0,5.0,3.0,5.0,4.0,4.0,inf,inf,inf,4.0,4.0,5.0,4.0,4.0,5.0,5.0,4.0,5.0,6.0,4.0,4.0,5.0,4.0,5.0,6.0,3.0,3.0,3.0,3.0,3.0,4.0,4.0,4.0,3.0,3.0,3.0,4.0,3.0,3.0,4.0,3.0,3.0,3.0,4.0,5.0,6.0,5.0,5.0,6.0,5.0,4.0,5.0,4.0,4.0,4.0,3.0,5.0,5.0,4.0,5.0,4.0,4.0,4.0,4.0,4.0,4.0,4.0,3.0,4.0,4.0,3.0,2.0,2.0,3.0,4.0,4.0,3.0,2.0,1.0,0.0,1.0,2.0,3.0,3.0,3.0,4.0,4.0,4.0,4.0,5.0,6.0,6.0,7.0,7.0,7.0,8.0,9.0,4.0,4.0,5.0,5.0,5.0,6.0,inf,5.0,4.0,5.0,4.0,6.0,4.0,3.0,8.0,7.0,7.0,6.0,8.0,8.0,9.0,8.0,6.0,8.0,6.0,7.0,4.0,4.0,4.0,4.0,4.0,4.0,3.0,4.0,3.0,2.0,4.0,4.0,4.0,3.0,4.0,4.0,3.0,3.0,5.0,4.0,4.0,3.0,3.0,3.0,2.0,2.0,3.0,3.0,3.0,3.0,4.0,3.0,3.0,2.0,4.0,3.0,5.0,5.0,4.0,4.0,4.0,4.0,3.0,3.0,4.0,3.0,3.0,5.0,4.0,4.0,4.0,5.0,5.0,4.0,5.0,4.0,5.0,4.0,5.0,4.0,5.0,4.0,4.0,4.0,4.0,3.0,4.0,inf,4.0,4.0,5.0,5.0,5.0,5.0,5.0,4.0,4.0,4.0,4.0,4.0,4.0,5.0,4.0,4.0,4.0,4.0,4.0,4.0,4.0,4.0,4.0,4.0,4.0,4.0,3.0,4.0,5.0,inf,5.0,3.0,7.0,5.0,5.0,5.0,5.0,4.0,4.0,4.0,4.0,4.0,4.0,4.0,4.0,4.0,4.0,4.0,4.0,4.0,4.0,4.0,3.0,4.0,4.0,4.0,4.0,4.0,3.0,3.0,4.0,3.0,3.0,4.0,2.0,1.0,1.0,2.0,3.0,3.0,2.0,3.0,3.0,3.0,2.0,2.0,1.0,1.0,1.0,2.0,2.0,3.0,3.0
DD05,4.0,4.0,4.0,3.0,5.0,5.0,4.0,4.0,4.0,4.0,4.0,4.0,3.0,3.0,5.0,4.0,5.0,4.0,4.0,4.0,4.0,4.0,3.0,4.0,4.0,5.0,4.0,3.0,4.0,4.0,3.0,4.0,3.0,3.0,inf,inf,inf,3.0,3.0,5.0,4.0,5.0,5.0,4.0,3.0,5.0,5.0,4.0,4.0,4.0,3.0,5.0,5.0,3.0,2.0,3.0,4.0,3.0,3.0,3.0,3.0,3.0,3.0,2.0,3.0,2.0,3.0,3.0,3.0,3.0,2.0,4.0,5.0,5.0,5.0,4.0,6.0,5.0,4.0,4.0,4.0,4.0,4.0,3.0,5.0,5.0,4.0,5.0,3.0,3.0,3.0,3.0,3.0,3.0,3.0,2.0,3.0,4.0,4.0,3.0,3.0,4.0,4.0,3.0,4.0,3.0,2.0,1.0,0.0,1.0,3.0,2.0,2.0,4.0,4.0,3.0,3.0,5.0,6.0,6.0,7.0,7.0,7.0,8.0,9.0,4.0,4.0,5.0,5.0,5.0,6.0,inf,5.0,4.0,4.0,4.0,6.0,3.0,3.0,8.0,7.0,7.0,6.0,8.0,8.0,9.0,8.0,6.0,8.0,6.0,7.0,4.0,5.0,4.0,4.0,4.0,5.0,2.0,3.0,3.0,2.0,3.0,3.0,3.0,3.0,3.0,3.0,3.0,3.0,4.0,4.0,3.0,2.0,3.0,3.0,2.0,2.0,3.0,3.0,2.0,2.0,3.0,3.0,3.0,2.0,3.0,3.0,5.0,4.0,4.0,4.0,4.0,4.0,4.0,4.0,3.0,3.0,4.0,5.0,3.0,3.0,4.0,5.0,5.0,4.0,4.0,4.0,4.0,4.0,4.0,3.0,4.0,3.0,4.0,4.0,4.0,3.0,4.0,inf,4.0,3.0,4.0,4.0,4.0,5.0,4.0,3.0,4.0,3.0,3.0,4.0,4.0,4.0,4.0,3.0,4.0,3.0,4.0,4.0,4.0,4.0,4.0,4.0,4.0,4.0,4.0,4.0,4.0,inf,4.0,3.0,7.0,5.0,5.0,5.0,4.0,4.0,3.0,3.0,4.0,3.0,4.0,3.0,3.0,3.0,4.0,3.0,3.0,3.0,3.0,3.0,2.0,4.0,4.0,4.0,4.0,4.0,4.0,4.0,4.0,3.0,2.0,3.0,3.0,2.0,2.0,3.0,3.0,3.0,3.0,4.0,4.0,4.0,3.0,3.0,2.0,2.0,1.0,1.0,1.0,2.0,2.0
DD06,3.0,3.0,4.0,3.0,4.0,4.0,4.0,3.0,3.0,3.0,3.0,3.0,2.0,2.0,4.0,3.0,5.0,4.0,3.0,4.0,3.0,3.0,3.0,3.0,3.0,4.0,3.0,2.0,3.0,4.0,3.0,4.0,3.0,3.0,inf,inf,inf,2.0,2.0,4.0,3.0,4.0,4.0,4.0,3.0,4.0,4.0,3.0,3.0,3.0,2.0,5.0,4.0,2.0,2.0,3.0,3.0,2.0,3.0,2.0,3.0,2.0,2.0,1.0,2.0,1.0,2.0,2.0,2.0,2.0,1.0,3.0,4.0,4.0,4.0,3.0,5.0,4.0,3.0,3.0,3.0,3.0,3.0,3.0,4.0,5.0,3.0,4.0,3.0,3.0,3.0,2.0,3.0,3.0,2.0,1.0,2.0,3.0,4.0,4.0,4.0,4.0,3.0,2.0,3.0,4.0,3.0,2.0,1.0,0.0,2.0,1.0,1.0,3.0,3.0,2.0,2.0,4.0,5.0,5.0,6.0,6.0,6.0,7.0,8.0,3.0,3.0,4.0,4.0,4.0,5.0,inf,4.0,3.0,3.0,3.0,5.0,2.0,2.0,7.0,6.0,6.0,5.0,7.0,7.0,8.0,7.0,5.0,7.0,5.0,6.0,3.0,4.0,3.0,4.0,3.0,4.0,1.0,2.0,2.0,2.0,2.0,2.0,2.0,2.0,2.0,2.0,2.0,3.0,3.0,3.0,2.0,1.0,2.0,2.0,2.0,3.0,2.0,2.0,1.0,1.0,2.0,2.0,2.0,1.0,2.0,2.0,4.0,3.0,3.0,4.0,3.0,3.0,3.0,3.0,2.0,2.0,3.0,4.0,3.0,3.0,3.0,4.0,4.0,3.0,3.0,3.0,4.0,4.0,4.0,3.0,4.0,3.0,3.0,3.0,3.0,2.0,3.0,inf,3.0,2.0,3.0,3.0,4.0,4.0,4.0,3.0,3.0,3.0,3.0,3.0,3.0,4.0,3.0,2.0,3.0,3.0,3.0,3.0,3.0,3.0,3.0,3.0,3.0,3.0,3.0,3.0,3.0,inf,4.0,2.0,6.0,4.0,4.0,4.0,3.0,3.0,3.0,3.0,3.0,3.0,3.0,3.0,3.0,3.0,3.0,3.0,3.0,3.0,2.0,2.0,1.0,3.0,4.0,4.0,4.0,4.0,4.0,4.0,4.0,3.0,2.0,2.0,2.0,2.0,2.0,3.0,2.0,2.0,2.0,3.0,4.0,5.0,4.0,3.0,3.0,3.0,2.0,2.0,1.0,1.0,1.0
DVA,3.0,3.0,3.0,2.0,4.0,3.0,3.0,4.0,3.0,3.0,3.0,4.0,2.0,2.0,3.0,3.0,4.0,3.0,2.0,3.0,3.0,3.0,3.0,2.0,2.0,3.0,2.0,2.0,4.0,4.0,3.0,4.0,2.0,2.0,inf,inf,inf,2.0,1.0,4.0,3.0,3.0,4.0,4.0,3.0,4.0,4.0,3.0,3.0,3.0,3.0,3.0,4.0,2.0,2.0,1.0,1.0,2.0,2.0,3.0,3.0,2.0,2.0,2.0,2.0,2.0,2.0,2.0,1.0,2.0,2.0,2.0,4.0,4.0,4.0,4.0,4.0,4.0,3.0,4.0,3.0,2.0,3.0,3.0,4.0,4.0,3.0,4.0,3.0,3.0,3.0,2.0,3.0,2.0,2.0,2.0,1.0,1.0,2.0,2.0,2.0,2.0,2.0,1.0,3.0,4.0,3.0,3.0,3.0,2.0,0.0,2.0,1.0,2.0,3.0,2.0,3.0,4.0,5.0,5.0,6.0,6.0,6.0,7.0,8.0,3.0,3.0,4.0,4.0,4.0,5.0,inf,4.0,3.0,4.0,3.0,5.0,2.0,2.0,7.0,6.0,6.0,5.0,7.0,7.0,8.0,7.0,5.0,7.0,5.0,6.0,3.0,3.0,3.0,3.0,3.0,3.0,1.0,2.0,1.0,1.0,3.0,2.0,2.0,2.0,3.0,2.0,2.0,2.0,3.0,3.0,2.0,1.0,1.0,2.0,2.0,1.0,2.0,2.0,1.0,2.0,2.0,2.0,1.0,1.0,2.0,2.0,3.0,2.0,2.0,2.0,3.0,2.0,2.0,3.0,3.0,2.0,2.0,3.0,3.0,2.0,3.0,4.0,4.0,3.0,2.0,2.0,3.0,3.0,2.0,3.0,2.0,2.0,3.0,3.0,3.0,2.0,2.0,inf,3.0,3.0,3.0,3.0,2.0,3.0,2.0,1.0,3.0,3.0,3.0,1.0,1.0,3.0,1.0,3.0,1.0,3.0,2.0,2.0,2.0,2.0,2.0,2.0,2.0,2.0,2.0,3.0,3.0,inf,4.0,2.0,6.0,4.0,3.0,4.0,3.0,3.0,3.0,3.0,3.0,3.0,3.0,3.0,3.0,3.0,3.0,3.0,3.0,2.0,2.0,1.0,2.0,2.0,2.0,2.0,2.0,2.0,2.0,2.0,2.0,2.0,2.0,2.0,3.0,2.0,2.0,3.0,2.0,2.0,2.0,3.0,4.0,4.0,3.0,2.0,3.0,3.0,2.0,3.0,2.0,2.0,2.0
DVB,3.0,2.0,4.0,2.0,4.0,3.0,4.0,3.0,3.0,3.0,3.0,3.0,2.0,2.0,4.0,3.0,4.0,3.0,3.0,4.0,3.0,3.0,3.0,3.0,3.0,4.0,3.0,2.0,3.0,4.0,3.0,4.0,3.0,3.0,inf,inf,inf,3.0,1.0,4.0,2.0,4.0,3.0,4.0,3.0,4.0,4.0,3.0,2.0,3.0,2.0,4.0,4.0,2.0,2.0,3.0,3.0,2.0,3.0,2.0,3.0,2.0,2.0,2.0,2.0,2.0,2.0,3.0,2.0,2.0,1.0,3.0,4.0,4.0,4.0,3.0,5.0,4.0,3.0,3.0,3.0,3.0,4.0,3.0,4.0,5.0,3.0,4.0,3.0,3.0,3.0,3.0,3.0,3.0,2.0,1.0,2.0,3.0,4.0,3.0,4.0,4.0,4.0,3.0,3.0,4.0,4.0,3.0,2.0,1.0,2.0,0.0,1.0,3.0,3.0,2.0,2.0,4.0,5.0,5.0,6.0,6.0,6.0,7.0,8.0,3.0,3.0,4.0,4.0,4.0,5.0,inf,4.0,3.0,3.0,3.0,5.0,3.0,2.0,7.0,6.0,6.0,5.0,7.0,7.0,8.0,7.0,5.0,7.0,5.0,6.0,3.0,4.0,3.0,4.0,3.0,4.0,2.0,2.0,3.0,3.0,2.0,2.0,3.0,2.0,3.0,3.0,3.0,3.0,3.0,3.0,2.0,2.0,2.0,3.0,2.0,3.0,2.0,2.0,1.0,1.0,2.0,1.0,2.0,1.0,2.0,2.0,4.0,4.0,3.0,4.0,3.0,3.0,2.0,3.0,3.0,2.0,3.0,4.0,3.0,3.0,3.0,4.0,4.0,3.0,3.0,3.0,4.0,4.0,4.0,3.0,4.0,3.0,3.0,3.0,3.0,2.0,3.0,inf,3.0,2.0,3.0,3.0,4.0,4.0,4.0,3.0,3.0,3.0,3.0,3.0,3.0,4.0,3.0,3.0,3.0,3.0,3.0,3.0,3.0,3.0,3.0,3.0,3.0,3.0,3.0,3.0,3.0,inf,4.0,2.0,6.0,4.0,4.0,4.0,3.0,3.0,3.0,3.0,3.0,3.0,3.0,3.0,3.0,3.0,3.0,3.0,3.0,3.0,2.0,3.0,2.0,3.0,4.0,4.0,4.0,4.0,4.0,4.0,4.0,4.0,3.0,2.0,2.0,2.0,2.0,3.0,2.0,2.0,2.0,3.0,4.0,5.0,5.0,4.0,4.0,4.0,3.0,3.0,2.0,2.0,1.0
DVC,3.0,2.0,3.0,2.0,3.0,3.0,3.0,3.0,2.0,2.0,2.0,3.0,1.0,1.0,4.0,3.0,4.0,3.0,3.0,3.0,2.0,2.0,2.0,3.0,3.0,3.0,3.0,2.0,3.0,4.0,2.0,4.0,3.0,3.0,inf,inf,inf,3.0,2.0,3.0,2.0,3.0,3.0,3.0,3.0,3.0,3.0,3.0,2.0,2.0,2.0,4.0,4.0,2.0,2.0,2.0,2.0,2.0,2.0,2.0,3.0,2.0,2.0,1.0,2.0,1.0,2.0,2.0,2.0,2.0,1.0,3.0,3.0,3.0,3.0,3.0,4.0,3.0,3.0,3.0,3.0,3.0,3.0,2.0,4.0,4.0,3.0,4.0,3.0,3.0,3.0,3.0,3.0,3.0,3.0,2.0,2.0,2.0,3.0,3.0,3.0,3.0,3.0,2.0,2.0,3.0,4.0,3.0,2.0,1.0,1.0,1.0,0.0,2.0,3.0,2.0,2.0,4.0,4.0,5.0,5.0,5.0,6.0,7.0,8.0,3.0,3.0,4.0,4.0,3.0,4.0,inf,3.0,3.0,3.0,3.0,5.0,3.0,2.0,6.0,6.0,6.0,5.0,6.0,7.0,8.0,7.0,5.0,6.0,5.0,5.0,3.0,3.0,3.0,3.0,3.0,3.0,2.0,2.0,2.0,2.0,2.0,2.0,2.0,2.0,3.0,2.0,3.0,3.0,3.0,3.0,2.0,2.0,2.0,2.0,1.0,2.0,2.0,1.0,1.0,1.0,2.0,1.0,2.0,1.0,2.0,2.0,4.0,3.0,3.0,3.0,3.0,2.0,3.0,2.0,2.0,2.0,2.0,3.0,2.0,2.0,3.0,3.0,4.0,2.0,2.0,2.0,3.0,3.0,3.0,3.0,3.0,3.0,2.0,3.0,3.0,2.0,3.0,inf,3.0,2.0,3.0,3.0,3.0,3.0,3.0,2.0,3.0,3.0,3.0,2.0,2.0,3.0,2.0,2.0,2.0,3.0,3.0,3.0,3.0,3.0,3.0,3.0,3.0,2.0,2.0,3.0,3.0,inf,4.0,2.0,5.0,3.0,3.0,4.0,3.0,3.0,3.0,3.0,3.0,3.0,3.0,3.0,3.0,3.0,3.0,3.0,3.0,3.0,3.0,2.0,2.0,3.0,3.0,3.0,3.0,3.0,3.0,3.0,3.0,3.0,2.0,3.0,2.0,2.0,2.0,2.0,1.0,1.0,1.0,2.0,3.0,4.0,4.0,3.0,4.0,3.0,2.0,2.0,1.0,2.0,1.0
FLPL,3.0,2.0,3.0,2.0,3.0,2.0,3.0,4.0,2.0,3.0,2.0,3.0,1.0,3.0,4.0,4.0,4.0,3.0,3.0,3.0,2.0,2.0,3.0,3.0,3.0,3.0,3.0,3.0,2.0,3.0,3.0,3.0,3.0,3.0,inf,inf,inf,3.0,3.0,3.0,4.0,3.0,3.0,3.0,3.0,3.0,3.0,3.0,4.0,2.0,3.0,4.0,4.0,2.0,2.0,3.0,3.0,1.0,2.0,3.0,3.0,3.0,3.0,3.0,2.0,3.0,3.0,2.0,3.0,3.0,3.0,2.0,3.0,3.0,3.0,3.0,4.0,3.0,3.0,4.0,3.0,3.0,4.0,4.0,5.0,3.0,2.0,4.0,2.0,2.0,2.0,3.0,3.0,3.0,3.0,3.0,3.0,3.0,4.0,4.0,4.0,4.0,4.0,3.0,1.0,2.0,3.0,4.0,4.0,3.0,2.0,3.0,2.0,0.0,1.0,3.0,2.0,4.0,4.0,5.0,5.0,5.0,6.0,7.0,8.0,4.0,4.0,4.0,5.0,3.0,4.0,inf,3.0,4.0,4.0,4.0,5.0,3.0,3.0,6.0,6.0,6.0,5.0,6.0,7.0,8.0,7.0,5.0,6.0,5.0,5.0,4.0,3.0,4.0,2.0,3.0,3.0,3.0,4.0,3.0,3.0,3.0,4.0,3.0,3.0,3.0,3.0,2.0,3.0,4.0,4.0,2.0,3.0,3.0,3.0,3.0,3.0,3.0,2.0,3.0,3.0,3.0,3.0,3.0,2.0,4.0,3.0,4.0,4.0,3.0,2.0,4.0,4.0,4.0,2.0,2.0,3.0,2.0,1.0,3.0,2.0,3.0,3.0,4.0,2.0,2.0,3.0,4.0,3.0,4.0,3.0,4.0,3.0,2.0,4.0,4.0,3.0,3.0,inf,4.0,3.0,4.0,4.0,3.0,3.0,3.0,3.0,3.0,3.0,2.0,1.0,2.0,3.0,1.0,4.0,3.0,3.0,3.0,3.0,3.0,4.0,2.0,4.0,3.0,3.0,2.0,3.0,3.0,inf,4.0,3.0,5.0,3.0,3.0,5.0,4.0,3.0,3.0,3.0,3.0,3.0,3.0,3.0,3.0,3.0,3.0,3.0,3.0,3.0,2.0,3.0,3.0,4.0,4.0,4.0,4.0,4.0,4.0,4.0,4.0,4.0,4.0,3.0,2.0,3.0,3.0,4.0,3.0,3.0,2.0,2.0,2.0,3.0,3.0,4.0,4.0,5.0,4.0,4.0,3.0,3.0,3.0
FLPR,2.0,2.0,3.0,1.0,3.0,3.0,2.0,3.0,3.0,4.0,3.0,4.0,2.0,3.0,4.0,4.0,3.0,2.0,3.0,4.0,3.0,3.0,3.0,3.0,2.0,4.0,2.0,3.0,1.0,2.0,2.0,2.0,3.0,3.0,inf,inf,inf,3.0,3.0,4.0,3.0,3.0,4.0,3.0,3.0,3.0,4.0,4.0,3.0,3.0,3.0,3.0,4.0,2.0,2.0,3.0,3.0,1.0,1.0,2.0,2.0,3.0,3.0,3.0,2.0,3.0,2.0,2.0,2.0,3.0,3.0,2.0,3.0,4.0,4.0,4.0,4.0,4.0,3.0,3.0,3.0,4.0,3.0,4.0,5.0,4.0,3.0,5.0,1.0,1.0,1.0,2.0,2.0,3.0,3.0,3.0,3.0,3.0,4.0,3.0,4.0,4.0,4.0,3.0,2.0,3.0,4.0,4.0,4.0,3.0,3.0,3.0,3.0,1.0,0.0,3.0,3.0,5.0,5.0,6.0,6.0,6.0,7.0,8.0,9.0,4.0,4.0,5.0,5.0,4.0,5.0,inf,4.0,4.0,4.0,4.0,6.0,3.0,3.0,7.0,7.0,7.0,6.0,7.0,8.0,9.0,8.0,6.0,7.0,6.0,6.0,4.0,4.0,4.0,3.0,3.0,4.0,3.0,3.0,3.0,3.0,3.0,4.0,3.0,3.0,3.0,3.0,2.0,3.0,4.0,3.0,2.0,3.0,2.0,2.0,3.0,2.0,2.0,2.0,3.0,3.0,3.0,2.0,3.0,2.0,3.0,2.0,3.0,4.0,3.0,3.0,4.0,3.0,4.0,2.0,3.0,3.0,3.0,2.0,3.0,3.0,4.0,4.0,4.0,3.0,3.0,4.0,3.0,3.0,4.0,3.0,3.0,3.0,3.0,4.0,4.0,3.0,4.0,inf,3.0,3.0,4.0,4.0,4.0,4.0,4.0,3.0,3.0,3.0,2.0,2.0,3.0,2.0,2.0,3.0,4.0,2.0,3.0,3.0,3.0,3.0,3.0,3.0,3.0,3.0,3.0,4.0,3.0,inf,4.0,3.0,6.0,4.0,4.0,4.0,4.0,3.0,3.0,3.0,3.0,2.0,2.0,2.0,3.0,2.0,2.0,3.0,3.0,3.0,2.0,3.0,3.0,4.0,4.0,4.0,4.0,4.0,4.0,4.0,4.0,4.0,3.0,3.0,3.0,3.0,3.0,4.0,3.0,3.0,3.0,3.0,3.0,4.0,4.0,4.0,5.0,4.0,3.0,4.0,3.0,3.0,3.0
HSNL,3.0,3.0,4.0,3.0,3.0,3.0,3.0,2.0,3.0,3.0,2.0,2.0,2.0,2.0,5.0,3.0,4.0,4.0,3.0,4.0,3.0,3.0,1.0,3.0,3.0,4.0,3.0,2.0,3.0,4.0,3.0,4.0,3.0,3.0,inf,inf,inf,3.0,2.0,4.0,3.0,4.0,3.0,2.0,2.0,3.0,3.0,2.0,3.0,1.0,1.0,4.0,4.0,2.0,3.0,2.0,2.0,2.0,2.0,3.0,2.0,2.0,2.0,2.0,2.0,2.0,3.0,2.0,2.0,2.0,2.0,3.0,3.0,3.0,3.0,3.0,4.0,3.0,3.0,4.0,3.0,1.0,2.0,2.0,4.0,5.0,4.0,4.0,3.0,3.0,3.0,3.0,3.0,3.0,3.0,3.0,3.0,3.0,3.0,3.0,3.0,3.0,3.0,3.0,2.0,3.0,4.0,4.0,3.0,2.0,2.0,2.0,2.0,3.0,3.0,0.0,1.0,5.0,5.0,6.0,6.0,6.0,7.0,8.0,9.0,4.0,4.0,5.0,5.0,4.0,5.0,inf,4.0,3.0,3.0,4.0,5.0,3.0,2.0,7.0,7.0,7.0,6.0,7.0,8.0,9.0,8.0,6.0,7.0,6.0,6.0,3.0,4.0,3.0,4.0,3.0,4.0,3.0,2.0,3.0,3.0,3.0,2.0,3.0,2.0,3.0,3.0,3.0,2.0,4.0,3.0,2.0,3.0,3.0,2.0,2.0,3.0,2.0,1.0,1.0,2.0,2.0,2.0,2.0,2.0,3.0,2.0,4.0,4.0,3.0,3.0,3.0,3.0,2.0,1.0,3.0,2.0,3.0,4.0,3.0,3.0,4.0,4.0,4.0,3.0,3.0,3.0,3.0,4.0,4.0,3.0,3.0,3.0,3.0,3.0,4.0,3.0,3.0,inf,3.0,2.0,3.0,3.0,4.0,4.0,4.0,3.0,3.0,4.0,3.0,3.0,3.0,3.0,3.0,3.0,3.0,3.0,4.0,3.0,3.0,3.0,3.0,3.0,3.0,3.0,3.0,4.0,4.0,inf,5.0,3.0,6.0,4.0,4.0,4.0,3.0,3.0,4.0,3.0,3.0,3.0,3.0,3.0,3.0,4.0,3.0,3.0,3.0,3.0,3.0,3.0,2.0,3.0,3.0,3.0,3.0,3.0,3.0,3.0,3.0,3.0,3.0,3.0,3.0,3.0,3.0,3.0,3.0,3.0,2.0,3.0,3.0,4.0,4.0,4.0,5.0,4.0,3.0,4.0,3.0,3.0,2.0
HSNR,3.0,3.0,4.0,3.0,4.0,3.0,3.0,2.0,3.0,3.0,3.0,2.0,3.0,2.0,5.0,4.0,4.0,4.0,3.0,4.0,3.0,3.0,1.0,3.0,3.0,4.0,3.0,2.0,3.0,4.0,3.0,4.0,3.0,3.0,inf,inf,inf,3.0,3.0,4.0,3.0,4.0,3.0,3.0,2.0,4.0,3.0,2.0,3.0,2.0,1.0,4.0,4.0,2.0,3.0,2.0,2.0,2.0,2.0,2.0,2.0,2.0,3.0,3.0,2.0,2.0,2.0,2.0,2.0,3.0,2.0,3.0,4.0,3.0,4.0,3.0,5.0,3.0,4.0,3.0,3.0,1.0,2.0,2.0,5.0,5.0,4.0,5.0,3.0,3.0,3.0,3.0,3.0,3.0,3.0,3.0,3.0,3.0,3.0,3.0,3.0,3.0,3.0,3.0,1.0,2.0,3.0,4.0,3.0,2.0,3.0,2.0,2.0,2.0,3.0,1.0,0.0,5.0,6.0,6.0,7.0,7.0,7.0,8.0,9.0,4.0,4.0,5.0,5.0,4.0,5.0,inf,5.0,3.0,3.0,4.0,6.0,3.0,2.0,8.0,7.0,7.0,6.0,8.0,8.0,9.0,8.0,6.0,8.0,6.0,7.0,4.0,4.0,4.0,4.0,4.0,4.0,3.0,3.0,3.0,3.0,2.0,3.0,3.0,3.0,3.0,3.0,3.0,2.0,3.0,3.0,2.0,3.0,3.0,2.0,2.0,3.0,2.0,1.0,2.0,1.0,3.0,2.0,2.0,2.0,2.0,2.0,4.0,4.0,3.0,3.0,4.0,3.0,2.0,2.0,2.0,3.0,3.0,3.0,3.0,3.0,4.0,5.0,4.0,3.0,4.0,3.0,3.0,4.0,4.0,3.0,3.0,3.0,4.0,4.0,4.0,3.0,4.0,inf,3.0,2.0,3.0,3.0,4.0,5.0,4.0,4.0,3.0,4.0,2.0,3.0,3.0,3.0,3.0,3.0,4.0,3.0,4.0,3.0,3.0,3.0,3.0,3.0,3.0,3.0,3.0,4.0,3.0,inf,5.0,3.0,6.0,4.0,4.0,4.0,3.0,3.0,4.0,4.0,3.0,3.0,3.0,3.0,3.0,4.0,3.0,3.0,3.0,3.0,3.0,3.0,3.0,3.0,3.0,3.0,3.0,3.0,3.0,3.0,3.0,3.0,3.0,3.0,2.0,3.0,3.0,3.0,3.0,3.0,2.0,2.0,2.0,3.0,3.0,4.0,4.0,4.0,3.0,4.0,3.0,2.0,2.0
I1L,3.0,4.0,4.0,5.0,2.0,5.0,5.0,6.0,3.0,4.0,4.0,5.0,3.0,4.0,5.0,5.0,5.0,4.0,4.0,5.0,3.0,4.0,5.0,5.0,5.0,5.0,6.0,5.0,5.0,6.0,5.0,6.0,5.0,5.0,inf,inf,inf,5.0,5.0,4.0,5.0,4.0,5.0,3.0,4.0,5.0,5.0,4.0,5.0,4.0,5.0,4.0,5.0,5.0,4.0,5.0,5.0,4.0,4.0,4.0,4.0,5.0,5.0,4.0,5.0,5.0,4.0,5.0,4.0,4.0,4.0,5.0,4.0,5.0,5.0,5.0,3.0,5.0,5.0,5.0,5.0,6.0,6.0,6.0,5.0,6.0,3.0,6.0,5.0,5.0,5.0,5.0,5.0,5.0,5.0,5.0,5.0,5.0,6.0,6.0,6.0,6.0,6.0,5.0,5.0,6.0,6.0,5.0,5.0,4.0,4.0,4.0,4.0,4.0,5.0,5.0,5.0,0.0,2.0,1.0,2.0,3.0,2.0,3.0,4.0,3.0,4.0,2.0,5.0,3.0,4.0,inf,3.0,3.0,6.0,3.0,5.0,5.0,4.0,3.0,2.0,2.0,1.0,3.0,3.0,4.0,3.0,1.0,3.0,1.0,2.0,4.0,5.0,4.0,5.0,4.0,5.0,5.0,5.0,5.0,5.0,5.0,5.0,5.0,4.0,6.0,5.0,5.0,5.0,6.0,6.0,5.0,5.0,4.0,5.0,5.0,5.0,4.0,4.0,4.0,4.0,4.0,4.0,5.0,3.0,5.0,4.0,3.0,5.0,4.0,5.0,4.0,5.0,6.0,5.0,5.0,4.0,4.0,4.0,5.0,4.0,1.0,2.0,6.0,4.0,4.0,5.0,4.0,5.0,4.0,5.0,5.0,5.0,2.0,4.0,3.0,3.0,5.0,inf,4.0,5.0,5.0,6.0,5.0,5.0,5.0,5.0,6.0,5.0,5.0,5.0,4.0,5.0,4.0,5.0,5.0,5.0,5.0,5.0,5.0,5.0,5.0,5.0,5.0,5.0,4.0,4.0,5.0,inf,4.0,2.0,5.0,3.0,5.0,4.0,6.0,5.0,5.0,5.0,6.0,5.0,6.0,5.0,5.0,5.0,6.0,5.0,5.0,5.0,5.0,5.0,5.0,5.0,6.0,6.0,6.0,6.0,6.0,6.0,6.0,6.0,5.0,5.0,5.0,4.0,4.0,5.0,4.0,4.0,5.0,6.0,6.0,7.0,7.0,6.0,6.0,6.0,6.0,5.0,4.0,4.0,4.0
I1R,4.0,5.0,5.0,6.0,3.0,6.0,6.0,6.0,4.0,5.0,4.0,5.0,3.0,5.0,6.0,6.0,6.0,5.0,5.0,5.0,4.0,4.0,5.0,6.0,5.0,5.0,6.0,5.0,5.0,7.0,6.0,7.0,6.0,6.0,inf,inf,inf,6.0,6.0,5.0,6.0,5.0,5.0,4.0,5.0,5.0,5.0,5.0,6.0,4.0,5.0,5.0,6.0,5.0,5.0,5.0,5.0,5.0,5.0,4.0,4.0,6.0,6.0,5.0,5.0,5.0,5.0,6.0,5.0,5.0,5.0,6.0,5.0,5.0,5.0,6.0,4.0,5.0,5.0,5.0,6.0,6.0,6.0,6.0,6.0,6.0,4.0,6.0,5.0,6.0,6.0,6.0,6.0,6.0,6.0,6.0,6.0,6.0,6.0,6.0,6.0,6.0,6.0,6.0,5.0,6.0,7.0,6.0,6.0,5.0,5.0,5.0,4.0,4.0,5.0,5.0,6.0,2.0,0.0,3.0,1.0,1.0,3.0,3.0,5.0,4.0,4.0,3.0,5.0,3.0,4.0,inf,3.0,4.0,7.0,4.0,5.0,6.0,5.0,2.0,4.0,2.0,2.0,2.0,4.0,4.0,5.0,1.0,2.0,2.0,1.0,5.0,5.0,5.0,5.0,5.0,5.0,6.0,6.0,6.0,6.0,6.0,6.0,6.0,5.0,6.0,6.0,6.0,6.0,7.0,7.0,6.0,6.0,5.0,6.0,5.0,6.0,5.0,5.0,5.0,5.0,5.0,5.0,6.0,4.0,6.0,5.0,4.0,5.0,4.0,5.0,5.0,6.0,6.0,5.0,6.0,5.0,4.0,5.0,5.0,4.0,2.0,1.0,6.0,4.0,4.0,5.0,4.0,5.0,5.0,5.0,5.0,5.0,2.0,4.0,4.0,3.0,5.0,inf,5.0,6.0,6.0,6.0,5.0,5.0,5.0,6.0,6.0,6.0,6.0,5.0,4.0,5.0,4.0,5.0,5.0,5.0,5.0,5.0,5.0,6.0,5.0,6.0,6.0,5.0,4.0,4.0,5.0,inf,4.0,3.0,5.0,4.0,6.0,5.0,7.0,6.0,5.0,6.0,6.0,6.0,6.0,6.0,6.0,6.0,6.0,6.0,6.0,6.0,6.0,6.0,6.0,5.0,6.0,6.0,6.0,6.0,6.0,6.0,6.0,6.0,6.0,6.0,6.0,5.0,5.0,6.0,5.0,5.0,5.0,6.0,6.0,7.0,7.0,7.0,7.0,7.0,6.0,6.0,5.0,5.0,5.0
I2L,4.0,5.0,5.0,6.0,3.0,6.0,6.0,7.0,4.0,5.0,5.0,6.0,4.0,5.0,6.0,6.0,6.0,5.0,5.0,6.0,4.0,5.0,6.0,6.0,6.0,6.0,7.0,6.0,6.0,7.0,6.0,7.0,6.0,6.0,inf,inf,inf,6.0,6.0,5.0,6.0,5.0,6.0,4.0,5.0,6.0,6.0,5.0,6.0,5.0,6.0,5.0,6.0,6.0,5.0,6.0,6.0,5.0,5.0,5.0,5.0,6.0,6.0,5.0,6.0,6.0,5.0,6.0,5.0,5.0,5.0,6.0,5.0,6.0,6.0,6.0,4.0,6.0,6.0,6.0,6.0,7.0,7.0,7.0,6.0,7.0,4.0,7.0,6.0,6.0,6.0,6.0,6.0,6.0,6.0,6.0,6.0,6.0,7.0,7.0,7.0,7.0,7.0,6.0,6.0,7.0,7.0,6.0,6.0,5.0,5.0,5.0,5.0,5.0,6.0,6.0,6.0,1.0,3.0,0.0,3.0,3.0,1.0,2.0,3.0,4.0,5.0,3.0,6.0,4.0,5.0,inf,4.0,4.0,7.0,4.0,6.0,6.0,5.0,4.0,1.0,2.0,2.0,3.0,2.0,3.0,2.0,2.0,3.0,2.0,3.0,5.0,6.0,5.0,6.0,5.0,6.0,6.0,6.0,6.0,6.0,6.0,6.0,6.0,5.0,7.0,6.0,6.0,6.0,7.0,7.0,6.0,6.0,5.0,6.0,6.0,6.0,5.0,5.0,5.0,5.0,5.0,5.0,6.0,4.0,6.0,5.0,4.0,6.0,5.0,6.0,5.0,6.0,7.0,6.0,6.0,5.0,5.0,5.0,6.0,5.0,2.0,3.0,7.0,5.0,5.0,6.0,5.0,6.0,5.0,6.0,6.0,6.0,3.0,5.0,4.0,4.0,6.0,inf,5.0,6.0,6.0,7.0,6.0,6.0,6.0,6.0,7.0,6.0,6.0,6.0,5.0,6.0,5.0,6.0,6.0,6.0,6.0,6.0,6.0,6.0,6.0,6.0,6.0,6.0,5.0,5.0,6.0,inf,5.0,3.0,6.0,4.0,6.0,5.0,7.0,6.0,6.0,6.0,7.0,6.0,7.0,6.0,6.0,6.0,7.0,6.0,6.0,6.0,6.0,6.0,6.0,6.0,7.0,7.0,7.0,7.0,7.0,7.0,7.0,7.0,6.0,6.0,6.0,5.0,5.0,6.0,5.0,5.0,6.0,7.0,7.0,8.0,8.0,7.0,7.0,7.0,7.0,6.0,5.0,5.0,5.0
I2R,5.0,6.0,6.0,7.0,4.0,7.0,7.0,7.0,5.0,6.0,5.0,6.0,4.0,6.0,7.0,7.0,7.0,6.0,6.0,6.0,5.0,5.0,6.0,7.0,6.0,6.0,7.0,6.0,6.0,8.0,7.0,8.0,7.0,7.0,inf,inf,inf,7.0,7.0,6.0,7.0,6.0,6.0,5.0,6.0,6.0,6.0,6.0,7.0,5.0,6.0,6.0,7.0,6.0,6.0,6.0,6.0,6.0,6.0,5.0,5.0,7.0,7.0,6.0,6.0,6.0,6.0,7.0,6.0,6.0,6.0,7.0,6.0,6.0,6.0,7.0,5.0,6.0,6.0,6.0,7.0,7.0,7.0,7.0,7.0,7.0,5.0,7.0,6.0,7.0,7.0,7.0,7.0,7.0,7.0,7.0,7.0,7.0,7.0,7.0,7.0,7.0,7.0,7.0,6.0,7.0,8.0,7.0,7.0,6.0,6.0,6.0,5.0,5.0,6.0,6.0,7.0,2.0,1.0,3.0,0.0,2.0,2.0,2.0,4.0,5.0,5.0,4.0,6.0,4.0,5.0,inf,4.0,5.0,8.0,5.0,6.0,7.0,6.0,1.0,3.0,1.0,2.0,2.0,3.0,3.0,4.0,1.0,2.0,2.0,1.0,6.0,6.0,6.0,6.0,6.0,6.0,7.0,7.0,7.0,7.0,7.0,7.0,7.0,6.0,7.0,7.0,7.0,7.0,8.0,8.0,7.0,7.0,6.0,7.0,6.0,7.0,6.0,6.0,6.0,6.0,6.0,6.0,7.0,5.0,7.0,6.0,5.0,6.0,5.0,6.0,6.0,7.0,7.0,6.0,7.0,6.0,5.0,6.0,6.0,5.0,3.0,2.0,7.0,5.0,5.0,6.0,5.0,6.0,6.0,6.0,6.0,6.0,3.0,5.0,5.0,4.0,6.0,inf,6.0,7.0,7.0,7.0,6.0,6.0,6.0,7.0,7.0,7.0,7.0,6.0,5.0,6.0,5.0,6.0,6.0,6.0,6.0,6.0,6.0,7.0,6.0,7.0,7.0,6.0,5.0,5.0,6.0,inf,5.0,4.0,6.0,5.0,7.0,6.0,8.0,7.0,6.0,7.0,7.0,7.0,7.0,7.0,7.0,7.0,7.0,7.0,7.0,7.0,7.0,7.0,7.0,6.0,7.0,7.0,7.0,7.0,7.0,7.0,7.0,7.0,7.0,7.0,7.0,6.0,6.0,7.0,6.0,6.0,6.0,7.0,7.0,8.0,8.0,8.0,8.0,8.0,7.0,7.0,6.0,6.0,6.0
I3,5.0,6.0,6.0,7.0,4.0,7.0,7.0,7.0,5.0,6.0,5.0,6.0,4.0,6.0,7.0,7.0,7.0,6.0,6.0,6.0,5.0,5.0,6.0,7.0,6.0,6.0,7.0,6.0,6.0,8.0,7.0,8.0,7.0,7.0,inf,inf,inf,7.0,7.0,6.0,7.0,6.0,6.0,5.0,6.0,6.0,6.0,6.0,7.0,5.0,6.0,6.0,7.0,6.0,6.0,6.0,6.0,6.0,6.0,5.0,5.0,7.0,7.0,6.0,6.0,6.0,6.0,7.0,6.0,6.0,6.0,7.0,6.0,6.0,6.0,7.0,5.0,6.0,6.0,6.0,7.0,7.0,7.0,7.0,7.0,7.0,5.0,7.0,6.0,7.0,7.0,7.0,7.0,7.0,7.0,7.0,7.0,7.0,7.0,7.0,7.0,7.0,7.0,7.0,6.0,7.0,8.0,7.0,7.0,6.0,6.0,6.0,5.0,5.0,6.0,6.0,7.0,3.0,1.0,3.0,2.0,0.0,2.0,2.0,4.0,5.0,5.0,4.0,6.0,4.0,5.0,inf,4.0,5.0,8.0,5.0,6.0,7.0,6.0,1.0,3.0,1.0,3.0,2.0,3.0,3.0,4.0,2.0,1.0,3.0,2.0,6.0,6.0,6.0,6.0,6.0,6.0,7.0,7.0,7.0,7.0,7.0,7.0,7.0,6.0,7.0,7.0,7.0,7.0,8.0,8.0,7.0,7.0,6.0,7.0,6.0,7.0,6.0,6.0,6.0,6.0,6.0,6.0,7.0,5.0,7.0,6.0,5.0,6.0,5.0,6.0,6.0,7.0,7.0,6.0,7.0,6.0,5.0,6.0,6.0,5.0,3.0,2.0,7.0,5.0,5.0,6.0,5.0,6.0,6.0,6.0,6.0,6.0,3.0,5.0,5.0,4.0,6.0,inf,6.0,7.0,7.0,7.0,6.0,6.0,6.0,7.0,7.0,7.0,7.0,6.0,5.0,6.0,5.0,6.0,6.0,6.0,6.0,6.0,6.0,7.0,6.0,7.0,7.0,6.0,5.0,5.0,6.0,inf,5.0,4.0,6.0,5.0,7.0,6.0,8.0,7.0,6.0,7.0,7.0,7.0,7.0,7.0,7.0,7.0,7.0,7.0,7.0,7.0,7.0,7.0,7.0,6.0,7.0,7.0,7.0,7.0,7.0,7.0,7.0,7.0,7.0,7.0,7.0,6.0,6.0,7.0,6.0,6.0,6.0,7.0,7.0,8.0,8.0,8.0,8.0,8.0,7.0,7.0,6.0,6.0,6.0
I4,5.0,6.0,6.0,7.0,4.0,7.0,7.0,8.0,5.0,6.0,6.0,7.0,5.0,6.0,7.0,7.0,7.0,6.0,6.0,7.0,5.0,6.0,7.0,7.0,7.0,7.0,8.0,7.0,7.0,8.0,7.0,8.0,7.0,7.0,inf,inf,inf,7.0,7.0,6.0,7.0,6.0,7.0,5.0,6.0,7.0,7.0,6.0,7.0,6.0,7.0,6.0,7.0,7.0,6.0,7.0,7.0,6.0,6.0,6.0,6.0,7.0,7.0,6.0,7.0,7.0,6.0,7.0,6.0,6.0,6.0,7.0,6.0,7.0,7.0,7.0,5.0,7.0,7.0,7.0,7.0,8.0,8.0,8.0,7.0,8.0,5.0,8.0,7.0,7.0,7.0,7.0,7.0,7.0,7.0,7.0,7.0,7.0,8.0,8.0,8.0,8.0,8.0,7.0,7.0,8.0,8.0,7.0,7.0,6.0,6.0,6.0,6.0,6.0,7.0,7.0,7.0,2.0,3.0,1.0,2.0,2.0,0.0,2.0,2.0,5.0,6.0,4.0,7.0,5.0,6.0,inf,5.0,5.0,8.0,5.0,7.0,7.0,6.0,3.0,2.0,1.0,3.0,2.0,1.0,2.0,3.0,2.0,2.0,3.0,3.0,6.0,7.0,6.0,7.0,6.0,7.0,7.0,7.0,7.0,7.0,7.0,7.0,7.0,6.0,8.0,7.0,7.0,7.0,8.0,8.0,7.0,7.0,6.0,7.0,7.0,7.0,6.0,6.0,6.0,6.0,6.0,6.0,7.0,5.0,7.0,6.0,5.0,7.0,6.0,7.0,6.0,7.0,8.0,7.0,7.0,6.0,6.0,6.0,7.0,6.0,3.0,4.0,8.0,6.0,6.0,7.0,6.0,7.0,6.0,7.0,7.0,7.0,4.0,6.0,5.0,5.0,7.0,inf,6.0,7.0,7.0,8.0,7.0,7.0,7.0,7.0,8.0,7.0,7.0,7.0,6.0,7.0,6.0,7.0,7.0,7.0,7.0,7.0,7.0,7.0,7.0,7.0,7.0,7.0,6.0,6.0,7.0,inf,6.0,4.0,7.0,5.0,7.0,6.0,8.0,7.0,7.0,7.0,8.0,7.0,8.0,7.0,7.0,7.0,8.0,7.0,7.0,7.0,7.0,7.0,7.0,7.0,8.0,8.0,8.0,8.0,8.0,8.0,8.0,8.0,7.0,7.0,7.0,6.0,6.0,7.0,6.0,6.0,7.0,8.0,8.0,9.0,9.0,8.0,8.0,8.0,8.0,7.0,6.0,6.0,6.0
I5,6.0,7.0,7.0,8.0,5.0,8.0,8.0,9.0,6.0,7.0,7.0,8.0,6.0,7.0,8.0,8.0,8.0,7.0,7.0,8.0,6.0,7.0,8.0,8.0,8.0,8.0,9.0,8.0,8.0,9.0,8.0,9.0,8.0,8.0,inf,inf,inf,8.0,8.0,7.0,8.0,7.0,8.0,6.0,7.0,8.0,8.0,7.0,8.0,7.0,8.0,7.0,8.0,8.0,7.0,8.0,8.0,7.0,7.0,7.0,7.0,8.0,8.0,7.0,8.0,8.0,7.0,8.0,7.0,7.0,7.0,8.0,7.0,8.0,8.0,8.0,6.0,8.0,8.0,8.0,8.0,9.0,9.0,9.0,8.0,9.0,6.0,9.0,8.0,8.0,8.0,8.0,8.0,8.0,8.0,8.0,8.0,8.0,9.0,9.0,9.0,9.0,9.0,8.0,8.0,9.0,9.0,8.0,8.0,7.0,7.0,7.0,7.0,7.0,8.0,8.0,8.0,3.0,3.0,2.0,2.0,2.0,2.0,0.0,3.0,6.0,7.0,5.0,8.0,6.0,7.0,inf,6.0,6.0,9.0,6.0,8.0,8.0,7.0,3.0,1.0,1.0,4.0,2.0,2.0,1.0,2.0,2.0,2.0,4.0,3.0,7.0,8.0,7.0,8.0,7.0,8.0,8.0,8.0,8.0,8.0,8.0,8.0,8.0,7.0,9.0,8.0,8.0,8.0,9.0,9.0,8.0,8.0,7.0,8.0,8.0,8.0,7.0,7.0,7.0,7.0,7.0,7.0,8.0,6.0,8.0,7.0,6.0,8.0,7.0,8.0,7.0,8.0,9.0,8.0,8.0,7.0,7.0,7.0,8.0,7.0,4.0,4.0,9.0,7.0,7.0,8.0,7.0,8.0,7.0,8.0,8.0,8.0,5.0,7.0,6.0,6.0,8.0,inf,7.0,8.0,8.0,9.0,8.0,8.0,8.0,8.0,9.0,8.0,8.0,8.0,7.0,8.0,7.0,8.0,8.0,8.0,8.0,8.0,8.0,8.0,8.0,8.0,8.0,8.0,7.0,7.0,8.0,inf,7.0,5.0,8.0,6.0,8.0,7.0,9.0,8.0,8.0,8.0,9.0,8.0,9.0,8.0,8.0,8.0,9.0,8.0,8.0,8.0,8.0,8.0,8.0,8.0,9.0,9.0,9.0,9.0,9.0,9.0,9.0,9.0,8.0,8.0,8.0,7.0,7.0,8.0,7.0,7.0,8.0,9.0,9.0,10.0,10.0,9.0,9.0,9.0,9.0,8.0,7.0,7.0,7.0
I6,7.0,8.0,8.0,9.0,6.0,9.0,9.0,10.0,7.0,8.0,8.0,9.0,7.0,8.0,9.0,9.0,9.0,8.0,8.0,9.0,7.0,8.0,9.0,9.0,9.0,9.0,10.0,9.0,9.0,10.0,9.0,10.0,9.0,9.0,inf,inf,inf,9.0,9.0,8.0,9.0,8.0,9.0,7.0,8.0,9.0,9.0,8.0,9.0,8.0,9.0,8.0,9.0,9.0,8.0,9.0,9.0,8.0,8.0,8.0,8.0,9.0,9.0,8.0,9.0,9.0,8.0,9.0,8.0,8.0,8.0,9.0,8.0,9.0,9.0,9.0,7.0,9.0,9.0,9.0,9.0,10.0,10.0,10.0,9.0,10.0,7.0,10.0,9.0,9.0,9.0,9.0,9.0,9.0,9.0,9.0,9.0,9.0,10.0,10.0,10.0,10.0,10.0,9.0,9.0,10.0,10.0,9.0,9.0,8.0,8.0,8.0,8.0,8.0,9.0,9.0,9.0,4.0,5.0,3.0,4.0,4.0,2.0,3.0,0.0,7.0,8.0,6.0,9.0,7.0,8.0,inf,7.0,7.0,10.0,7.0,9.0,9.0,8.0,5.0,2.0,3.0,5.0,4.0,1.0,2.0,3.0,4.0,4.0,5.0,5.0,8.0,9.0,8.0,9.0,8.0,9.0,9.0,9.0,9.0,9.0,9.0,9.0,9.0,8.0,10.0,9.0,9.0,9.0,10.0,10.0,9.0,9.0,8.0,9.0,9.0,9.0,8.0,8.0,8.0,8.0,8.0,8.0,9.0,7.0,9.0,8.0,7.0,9.0,8.0,9.0,8.0,9.0,10.0,9.0,9.0,8.0,8.0,8.0,9.0,8.0,5.0,6.0,10.0,8.0,8.0,9.0,8.0,9.0,8.0,9.0,9.0,9.0,6.0,8.0,7.0,7.0,9.0,inf,8.0,9.0,9.0,10.0,9.0,9.0,9.0,9.0,10.0,9.0,9.0,9.0,8.0,9.0,8.0,9.0,9.0,9.0,9.0,9.0,9.0,9.0,9.0,9.0,9.0,9.0,8.0,8.0,9.0,inf,8.0,6.0,9.0,7.0,9.0,8.0,10.0,9.0,9.0,9.0,10.0,9.0,10.0,9.0,9.0,9.0,10.0,9.0,9.0,9.0,9.0,9.0,9.0,9.0,10.0,10.0,10.0,10.0,10.0,10.0,10.0,10.0,9.0,9.0,9.0,8.0,8.0,9.0,8.0,8.0,9.0,10.0,10.0,11.0,11.0,10.0,10.0,10.0,10.0,9.0,8.0,8.0,8.0
IL1DL,4.0,4.0,3.0,4.0,3.0,4.0,4.0,5.0,3.0,3.0,4.0,4.0,3.0,3.0,5.0,4.0,4.0,4.0,4.0,4.0,4.0,4.0,3.0,4.0,5.0,3.0,4.0,4.0,3.0,5.0,4.0,5.0,4.0,4.0,inf,inf,inf,4.0,4.0,4.0,4.0,4.0,5.0,4.0,3.0,5.0,5.0,4.0,4.0,4.0,4.0,4.0,5.0,3.0,3.0,3.0,3.0,3.0,4.0,2.0,2.0,4.0,4.0,3.0,4.0,4.0,3.0,4.0,3.0,3.0,3.0,4.0,5.0,5.0,4.0,5.0,4.0,4.0,4.0,3.0,4.0,5.0,4.0,4.0,4.0,4.0,4.0,5.0,3.0,4.0,4.0,4.0,4.0,4.0,4.0,4.0,4.0,4.0,4.0,4.0,4.0,4.0,4.0,4.0,5.0,6.0,5.0,4.0,4.0,3.0,3.0,3.0,3.0,4.0,4.0,4.0,4.0,3.0,4.0,4.0,5.0,5.0,5.0,6.0,7.0,0.0,1.0,1.0,2.0,2.0,3.0,inf,3.0,3.0,5.0,4.0,4.0,4.0,3.0,6.0,5.0,5.0,4.0,6.0,6.0,7.0,6.0,4.0,6.0,4.0,5.0,4.0,5.0,3.0,3.0,3.0,4.0,4.0,4.0,4.0,4.0,4.0,4.0,4.0,3.0,4.0,4.0,4.0,4.0,5.0,5.0,4.0,4.0,3.0,4.0,4.0,4.0,3.0,3.0,3.0,3.0,4.0,3.0,4.0,2.0,4.0,3.0,3.0,4.0,2.0,3.0,4.0,4.0,4.0,3.0,4.0,3.0,4.0,4.0,3.0,3.0,2.0,3.0,4.0,2.0,3.0,4.0,3.0,3.0,3.0,3.0,3.0,2.0,2.0,2.0,2.0,1.0,4.0,inf,3.0,4.0,4.0,5.0,3.0,4.0,3.0,3.0,4.0,4.0,4.0,4.0,4.0,3.0,4.0,3.0,4.0,3.0,4.0,4.0,3.0,4.0,4.0,4.0,4.0,3.0,3.0,2.0,3.0,inf,4.0,3.0,4.0,2.0,4.0,4.0,5.0,4.0,4.0,4.0,4.0,4.0,4.0,4.0,4.0,4.0,4.0,4.0,4.0,4.0,4.0,4.0,4.0,3.0,4.0,4.0,4.0,4.0,4.0,4.0,4.0,4.0,4.0,4.0,4.0,3.0,3.0,4.0,3.0,3.0,4.0,5.0,5.0,6.0,6.0,5.0,5.0,5.0,5.0,4.0,3.0,3.0,3.0
IL1DR,4.0,4.0,3.0,4.0,4.0,3.0,4.0,5.0,3.0,2.0,4.0,4.0,3.0,3.0,5.0,4.0,4.0,4.0,4.0,4.0,4.0,4.0,3.0,3.0,4.0,3.0,4.0,4.0,3.0,4.0,3.0,4.0,3.0,3.0,inf,inf,inf,3.0,4.0,3.0,3.0,4.0,4.0,4.0,3.0,5.0,5.0,4.0,4.0,4.0,4.0,4.0,5.0,3.0,2.0,3.0,3.0,3.0,3.0,2.0,2.0,4.0,4.0,3.0,4.0,3.0,3.0,3.0,3.0,3.0,3.0,4.0,5.0,4.0,4.0,4.0,4.0,3.0,4.0,3.0,4.0,5.0,4.0,4.0,4.0,3.0,4.0,4.0,3.0,3.0,3.0,3.0,3.0,3.0,4.0,3.0,3.0,4.0,4.0,4.0,4.0,4.0,4.0,4.0,4.0,5.0,5.0,4.0,4.0,3.0,3.0,3.0,3.0,4.0,4.0,4.0,4.0,4.0,4.0,5.0,5.0,5.0,6.0,7.0,8.0,1.0,0.0,2.0,1.0,3.0,2.0,inf,3.0,3.0,4.0,4.0,3.0,4.0,3.0,6.0,6.0,6.0,5.0,6.0,7.0,8.0,7.0,5.0,6.0,5.0,5.0,4.0,4.0,3.0,2.0,3.0,3.0,4.0,4.0,4.0,4.0,4.0,4.0,3.0,3.0,4.0,3.0,3.0,4.0,4.0,5.0,3.0,3.0,3.0,3.0,4.0,4.0,3.0,3.0,3.0,3.0,4.0,3.0,4.0,2.0,4.0,3.0,3.0,3.0,2.0,3.0,4.0,4.0,4.0,3.0,4.0,3.0,3.0,3.0,3.0,3.0,3.0,3.0,4.0,2.0,3.0,3.0,3.0,2.0,3.0,2.0,3.0,1.0,2.0,2.0,2.0,1.0,3.0,inf,3.0,4.0,4.0,4.0,2.0,3.0,3.0,2.0,4.0,3.0,3.0,4.0,3.0,3.0,4.0,2.0,4.0,3.0,4.0,3.0,3.0,3.0,4.0,3.0,4.0,3.0,3.0,2.0,2.0,inf,4.0,3.0,3.0,3.0,3.0,4.0,5.0,4.0,3.0,3.0,4.0,3.0,4.0,3.0,3.0,3.0,4.0,3.0,3.0,3.0,3.0,3.0,3.0,3.0,4.0,4.0,4.0,4.0,4.0,4.0,4.0,4.0,4.0,4.0,4.0,3.0,3.0,4.0,3.0,3.0,4.0,5.0,4.0,5.0,6.0,5.0,5.0,5.0,5.0,4.0,3.0,3.0,3.0
IL1L,3.0,4.0,2.0,5.0,2.0,4.0,4.0,5.0,2.0,3.0,4.0,5.0,3.0,4.0,5.0,5.0,3.0,4.0,3.0,4.0,3.0,4.0,4.0,4.0,5.0,4.0,4.0,4.0,4.0,6.0,5.0,6.0,5.0,5.0,inf,inf,inf,5.0,5.0,3.0,4.0,4.0,4.0,3.0,4.0,5.0,5.0,3.0,4.0,4.0,5.0,4.0,4.0,4.0,4.0,4.0,4.0,4.0,4.0,3.0,3.0,5.0,4.0,4.0,5.0,5.0,4.0,5.0,4.0,4.0,4.0,5.0,4.0,5.0,4.0,5.0,3.0,4.0,4.0,4.0,5.0,6.0,5.0,5.0,3.0,5.0,3.0,4.0,4.0,5.0,5.0,5.0,5.0,5.0,5.0,5.0,5.0,5.0,5.0,5.0,5.0,5.0,5.0,5.0,5.0,6.0,6.0,5.0,5.0,4.0,4.0,4.0,4.0,4.0,5.0,5.0,5.0,2.0,3.0,3.0,4.0,4.0,4.0,5.0,6.0,1.0,2.0,0.0,3.0,1.0,2.0,inf,3.0,2.0,5.0,3.0,3.0,5.0,4.0,5.0,4.0,4.0,3.0,5.0,5.0,6.0,5.0,3.0,5.0,3.0,4.0,3.0,4.0,2.0,4.0,3.0,4.0,5.0,5.0,5.0,5.0,5.0,5.0,5.0,4.0,5.0,5.0,5.0,5.0,6.0,6.0,5.0,5.0,4.0,5.0,5.0,5.0,4.0,4.0,4.0,4.0,4.0,4.0,5.0,3.0,5.0,4.0,3.0,3.0,3.0,4.0,4.0,5.0,5.0,4.0,5.0,3.0,3.0,4.0,3.0,4.0,1.0,2.0,5.0,3.0,4.0,5.0,2.0,3.0,2.0,4.0,3.0,3.0,2.0,3.0,1.0,2.0,4.0,inf,3.0,5.0,4.0,5.0,4.0,4.0,4.0,4.0,5.0,5.0,5.0,5.0,4.0,4.0,4.0,4.0,3.0,3.0,4.0,3.0,3.0,4.0,5.0,4.0,5.0,3.0,4.0,3.0,4.0,inf,4.0,2.0,3.0,1.0,4.0,3.0,5.0,4.0,4.0,4.0,5.0,5.0,5.0,5.0,5.0,5.0,5.0,5.0,5.0,5.0,5.0,5.0,5.0,4.0,5.0,5.0,5.0,5.0,5.0,5.0,5.0,5.0,5.0,5.0,5.0,4.0,4.0,5.0,4.0,4.0,4.0,5.0,6.0,7.0,7.0,6.0,6.0,6.0,6.0,5.0,4.0,4.0,4.0
IL1R,5.0,5.0,4.0,5.0,5.0,4.0,5.0,6.0,4.0,3.0,5.0,5.0,4.0,4.0,6.0,4.0,5.0,5.0,5.0,5.0,5.0,5.0,4.0,4.0,5.0,4.0,5.0,5.0,4.0,5.0,4.0,5.0,4.0,4.0,inf,inf,inf,4.0,5.0,4.0,4.0,5.0,5.0,5.0,4.0,6.0,6.0,5.0,5.0,5.0,5.0,5.0,6.0,4.0,3.0,4.0,4.0,4.0,4.0,3.0,3.0,5.0,5.0,4.0,5.0,4.0,4.0,4.0,4.0,4.0,4.0,5.0,6.0,5.0,5.0,5.0,5.0,4.0,5.0,4.0,5.0,6.0,5.0,5.0,5.0,4.0,5.0,3.0,4.0,4.0,4.0,4.0,4.0,4.0,5.0,4.0,4.0,5.0,5.0,5.0,5.0,5.0,5.0,5.0,5.0,6.0,6.0,5.0,5.0,4.0,4.0,4.0,4.0,5.0,5.0,5.0,5.0,5.0,5.0,6.0,6.0,6.0,7.0,8.0,9.0,2.0,1.0,3.0,0.0,2.0,1.0,inf,4.0,4.0,5.0,5.0,2.0,5.0,4.0,7.0,7.0,7.0,6.0,7.0,8.0,9.0,8.0,6.0,7.0,6.0,6.0,5.0,5.0,4.0,3.0,4.0,4.0,5.0,5.0,5.0,5.0,5.0,5.0,4.0,4.0,5.0,4.0,4.0,5.0,5.0,6.0,4.0,4.0,4.0,4.0,5.0,5.0,4.0,4.0,4.0,4.0,5.0,4.0,5.0,3.0,5.0,4.0,4.0,4.0,3.0,4.0,5.0,5.0,5.0,4.0,5.0,4.0,4.0,4.0,4.0,4.0,4.0,4.0,5.0,3.0,4.0,4.0,3.0,3.0,4.0,3.0,4.0,2.0,3.0,3.0,3.0,2.0,4.0,inf,4.0,5.0,5.0,5.0,3.0,4.0,4.0,3.0,5.0,4.0,4.0,5.0,4.0,4.0,5.0,3.0,5.0,4.0,5.0,4.0,4.0,4.0,5.0,4.0,5.0,4.0,4.0,3.0,3.0,inf,5.0,4.0,2.0,4.0,4.0,5.0,6.0,5.0,4.0,4.0,5.0,4.0,5.0,4.0,4.0,4.0,5.0,4.0,4.0,4.0,4.0,4.0,4.0,4.0,5.0,5.0,5.0,5.0,5.0,5.0,5.0,5.0,5.0,5.0,5.0,4.0,4.0,5.0,4.0,4.0,5.0,6.0,5.0,6.0,7.0,6.0,6.0,6.0,6.0,5.0,4.0,4.0,4.0
IL1VL,3.0,4.0,3.0,4.0,3.0,4.0,5.0,5.0,3.0,4.0,3.0,4.0,2.0,3.0,4.0,4.0,4.0,4.0,4.0,4.0,4.0,3.0,3.0,4.0,4.0,4.0,3.0,4.0,3.0,5.0,4.0,5.0,4.0,4.0,inf,inf,inf,4.0,5.0,4.0,5.0,4.0,4.0,4.0,3.0,4.0,4.0,4.0,5.0,3.0,4.0,3.0,4.0,4.0,3.0,4.0,3.0,4.0,4.0,3.0,2.0,5.0,5.0,4.0,4.0,4.0,4.0,4.0,4.0,3.0,4.0,5.0,4.0,4.0,4.0,5.0,4.0,4.0,4.0,4.0,5.0,5.0,4.0,4.0,4.0,5.0,3.0,3.0,3.0,4.0,4.0,4.0,4.0,4.0,4.0,4.0,4.0,4.0,4.0,4.0,4.0,4.0,4.0,4.0,4.0,5.0,5.0,5.0,5.0,4.0,4.0,4.0,3.0,3.0,4.0,4.0,4.0,3.0,3.0,4.0,4.0,4.0,5.0,6.0,7.0,2.0,3.0,1.0,2.0,0.0,1.0,inf,2.0,3.0,5.0,4.0,2.0,5.0,4.0,5.0,5.0,5.0,4.0,5.0,6.0,7.0,6.0,4.0,5.0,4.0,4.0,4.0,4.0,3.0,4.0,2.0,3.0,5.0,5.0,4.0,4.0,5.0,5.0,4.0,4.0,5.0,4.0,4.0,4.0,5.0,5.0,4.0,4.0,3.0,4.0,4.0,5.0,4.0,4.0,4.0,4.0,4.0,4.0,4.0,3.0,4.0,4.0,4.0,2.0,3.0,3.0,4.0,4.0,4.0,3.0,5.0,3.0,3.0,4.0,3.0,3.0,2.0,2.0,5.0,3.0,3.0,4.0,1.0,3.0,2.0,3.0,2.0,3.0,1.0,3.0,2.0,2.0,4.0,inf,4.0,4.0,3.0,4.0,4.0,4.0,3.0,3.0,5.0,4.0,4.0,4.0,3.0,4.0,3.0,3.0,3.0,3.0,3.0,3.0,2.0,3.0,4.0,4.0,4.0,2.0,3.0,3.0,3.0,inf,3.0,3.0,2.0,2.0,4.0,4.0,5.0,4.0,4.0,4.0,5.0,4.0,5.0,4.0,4.0,4.0,5.0,4.0,4.0,4.0,4.0,4.0,4.0,4.0,4.0,4.0,4.0,4.0,4.0,4.0,4.0,4.0,4.0,4.0,5.0,4.0,4.0,5.0,4.0,4.0,4.0,5.0,5.0,6.0,6.0,5.0,6.0,6.0,5.0,5.0,4.0,4.0,4.0
IL1VR,4.0,5.0,4.0,5.0,4.0,5.0,6.0,6.0,4.0,4.0,4.0,5.0,3.0,4.0,5.0,3.0,5.0,5.0,5.0,5.0,5.0,4.0,4.0,5.0,5.0,5.0,4.0,5.0,4.0,6.0,5.0,6.0,5.0,5.0,inf,inf,inf,5.0,6.0,5.0,5.0,5.0,5.0,5.0,4.0,5.0,5.0,5.0,4.0,4.0,5.0,4.0,5.0,5.0,4.0,5.0,4.0,5.0,5.0,4.0,3.0,6.0,6.0,5.0,5.0,5.0,5.0,5.0,5.0,4.0,5.0,6.0,5.0,5.0,5.0,6.0,5.0,5.0,5.0,5.0,6.0,6.0,5.0,5.0,5.0,5.0,4.0,2.0,4.0,5.0,5.0,5.0,5.0,5.0,5.0,5.0,5.0,5.0,5.0,5.0,5.0,5.0,5.0,5.0,5.0,6.0,6.0,6.0,6.0,5.0,5.0,5.0,4.0,4.0,5.0,5.0,5.0,4.0,4.0,5.0,5.0,5.0,6.0,7.0,8.0,3.0,2.0,2.0,1.0,1.0,0.0,inf,3.0,4.0,5.0,5.0,1.0,6.0,5.0,6.0,6.0,6.0,5.0,6.0,7.0,8.0,7.0,5.0,6.0,5.0,5.0,5.0,5.0,4.0,4.0,3.0,3.0,6.0,6.0,5.0,5.0,6.0,6.0,5.0,5.0,6.0,5.0,5.0,5.0,6.0,6.0,5.0,5.0,4.0,5.0,5.0,6.0,5.0,5.0,5.0,5.0,5.0,5.0,5.0,4.0,5.0,5.0,5.0,3.0,4.0,4.0,5.0,5.0,5.0,4.0,6.0,4.0,4.0,5.0,4.0,4.0,3.0,3.0,6.0,4.0,4.0,5.0,2.0,4.0,3.0,4.0,3.0,3.0,2.0,4.0,3.0,3.0,5.0,inf,5.0,5.0,4.0,4.0,4.0,5.0,4.0,4.0,6.0,5.0,5.0,5.0,4.0,5.0,4.0,4.0,4.0,4.0,4.0,4.0,3.0,4.0,5.0,5.0,4.0,3.0,4.0,4.0,4.0,inf,4.0,4.0,1.0,3.0,4.0,5.0,6.0,5.0,5.0,5.0,6.0,5.0,6.0,5.0,5.0,5.0,6.0,5.0,5.0,5.0,5.0,5.0,5.0,5.0,5.0,5.0,5.0,5.0,5.0,5.0,5.0,5.0,5.0,5.0,6.0,5.0,5.0,6.0,5.0,5.0,5.0,6.0,6.0,7.0,7.0,6.0,7.0,7.0,6.0,6.0,5.0,5.0,5.0
IL2DL,inf,inf,inf,inf,inf,inf,inf,inf,inf,inf,inf,inf,inf,inf,inf,inf,inf,inf,inf,inf,inf,inf,inf,inf,inf,inf,inf,inf,inf,inf,inf,inf,inf,inf,inf,inf,inf,inf,inf,inf,inf,inf,inf,inf,inf,inf,inf,inf,inf,inf,inf,inf,inf,inf,inf,inf,inf,inf,inf,inf,inf,inf,inf,inf,inf,inf,inf,inf,inf,inf,inf,inf,inf,inf,inf,inf,inf,inf,inf,inf,inf,inf,inf,inf,inf,inf,inf,inf,inf,inf,inf,inf,inf,inf,inf,inf,inf,inf,inf,inf,inf,inf,inf,inf,inf,inf,inf,inf,inf,inf,inf,inf,inf,inf,inf,inf,inf,inf,inf,inf,inf,inf,inf,inf,inf,inf,inf,inf,inf,inf,inf,0.0,inf,inf,inf,inf,inf,inf,inf,inf,inf,inf,inf,inf,inf,inf,inf,inf,inf,inf,inf,inf,inf,inf,inf,inf,inf,inf,inf,inf,inf,inf,inf,inf,inf,inf,inf,inf,inf,inf,inf,inf,inf,inf,inf,inf,inf,inf,inf,inf,inf,inf,inf,inf,inf,inf,inf,inf,inf,inf,inf,inf,inf,inf,inf,inf,inf,inf,inf,inf,inf,inf,inf,inf,inf,inf,inf,inf,inf,inf,inf,inf,inf,inf,inf,inf,inf,inf,inf,inf,inf,inf,inf,inf,inf,inf,inf,inf,inf,inf,inf,inf,inf,inf,inf,inf,inf,inf,inf,inf,inf,inf,inf,inf,inf,inf,inf,inf,1.0,inf,inf,inf,inf,inf,inf,inf,inf,inf,inf,inf,inf,inf,inf,inf,inf,inf,inf,inf,inf,inf,inf,inf,inf,inf,inf,inf,inf,inf,inf,inf,inf,inf,inf,inf,inf,inf,inf,inf,inf,inf,inf,inf,inf,inf,inf,inf,inf,inf,inf,inf,inf,inf
IL2DR,4.0,5.0,4.0,5.0,3.0,5.0,5.0,5.0,3.0,4.0,3.0,4.0,2.0,4.0,5.0,5.0,5.0,5.0,4.0,4.0,4.0,3.0,4.0,5.0,4.0,4.0,5.0,4.0,4.0,5.0,4.0,5.0,4.0,4.0,inf,inf,inf,4.0,5.0,4.0,5.0,4.0,4.0,4.0,4.0,4.0,4.0,4.0,5.0,3.0,4.0,5.0,5.0,4.0,3.0,4.0,4.0,4.0,4.0,3.0,3.0,5.0,5.0,4.0,4.0,4.0,4.0,4.0,4.0,4.0,4.0,5.0,4.0,4.0,4.0,5.0,4.0,4.0,4.0,4.0,5.0,5.0,5.0,5.0,5.0,5.0,4.0,5.0,4.0,4.0,4.0,4.0,4.0,4.0,5.0,4.0,4.0,5.0,5.0,5.0,5.0,5.0,5.0,5.0,4.0,5.0,6.0,5.0,5.0,4.0,4.0,4.0,3.0,3.0,4.0,4.0,5.0,3.0,3.0,4.0,4.0,4.0,5.0,6.0,7.0,3.0,3.0,3.0,4.0,2.0,3.0,inf,0.0,4.0,6.0,4.0,4.0,5.0,4.0,5.0,5.0,5.0,4.0,5.0,6.0,7.0,6.0,4.0,5.0,4.0,4.0,5.0,4.0,4.0,4.0,4.0,4.0,5.0,5.0,5.0,5.0,5.0,5.0,4.0,4.0,5.0,4.0,4.0,5.0,5.0,6.0,4.0,4.0,4.0,4.0,4.0,5.0,4.0,4.0,4.0,4.0,4.0,4.0,5.0,3.0,5.0,4.0,4.0,4.0,3.0,4.0,5.0,5.0,5.0,4.0,5.0,4.0,3.0,4.0,4.0,3.0,2.0,2.0,5.0,3.0,3.0,4.0,3.0,4.0,4.0,4.0,4.0,4.0,1.0,3.0,3.0,2.0,4.0,inf,4.0,5.0,5.0,5.0,4.0,4.0,4.0,4.0,5.0,4.0,4.0,4.0,3.0,4.0,3.0,4.0,4.0,4.0,4.0,4.0,4.0,5.0,4.0,5.0,5.0,4.0,3.0,3.0,4.0,inf,1.0,3.0,4.0,4.0,5.0,5.0,6.0,5.0,2.0,4.0,5.0,4.0,5.0,4.0,4.0,4.0,5.0,4.0,4.0,4.0,4.0,4.0,4.0,4.0,5.0,5.0,5.0,5.0,5.0,5.0,5.0,5.0,5.0,5.0,5.0,4.0,4.0,5.0,4.0,4.0,4.0,5.0,5.0,6.0,6.0,6.0,6.0,6.0,5.0,5.0,4.0,4.0,4.0
IL2L,3.0,4.0,1.0,4.0,2.0,4.0,2.0,3.0,2.0,3.0,2.0,3.0,3.0,3.0,4.0,3.0,2.0,3.0,3.0,4.0,3.0,4.0,2.0,2.0,4.0,3.0,3.0,3.0,3.0,5.0,4.0,5.0,4.0,4.0,inf,inf,inf,4.0,4.0,3.0,4.0,3.0,3.0,2.0,3.0,3.0,3.0,1.0,2.0,3.0,3.0,3.0,3.0,3.0,3.0,3.0,3.0,3.0,3.0,2.0,3.0,3.0,2.0,3.0,3.0,3.0,3.0,4.0,3.0,3.0,3.0,3.0,3.0,4.0,2.0,3.0,3.0,3.0,3.0,3.0,4.0,4.0,3.0,3.0,3.0,4.0,2.0,4.0,4.0,4.0,4.0,4.0,4.0,4.0,4.0,3.0,4.0,4.0,4.0,4.0,4.0,4.0,4.0,4.0,4.0,5.0,5.0,4.0,4.0,3.0,3.0,3.0,3.0,4.0,4.0,3.0,3.0,3.0,4.0,4.0,5.0,5.0,5.0,6.0,7.0,3.0,3.0,2.0,4.0,3.0,4.0,inf,4.0,0.0,4.0,2.0,5.0,4.0,3.0,6.0,5.0,5.0,4.0,6.0,6.0,7.0,6.0,4.0,6.0,4.0,5.0,1.0,2.0,2.0,3.0,3.0,3.0,4.0,4.0,4.0,4.0,4.0,4.0,3.0,3.0,4.0,4.0,4.0,4.0,4.0,5.0,4.0,4.0,3.0,3.0,3.0,4.0,3.0,3.0,3.0,3.0,2.0,3.0,3.0,2.0,4.0,3.0,3.0,3.0,3.0,3.0,3.0,4.0,3.0,4.0,4.0,2.0,2.0,3.0,2.0,3.0,2.0,3.0,4.0,3.0,4.0,4.0,2.0,2.0,1.0,4.0,2.0,3.0,3.0,3.0,1.0,2.0,3.0,inf,1.0,3.0,2.0,4.0,4.0,3.0,3.0,3.0,4.0,4.0,4.0,4.0,3.0,3.0,3.0,3.0,2.0,2.0,4.0,2.0,3.0,3.0,3.0,3.0,4.0,2.0,2.0,3.0,3.0,inf,4.0,1.0,5.0,1.0,4.0,1.0,4.0,3.0,3.0,3.0,4.0,4.0,4.0,4.0,4.0,4.0,4.0,4.0,4.0,4.0,4.0,4.0,4.0,3.0,4.0,4.0,4.0,4.0,4.0,4.0,4.0,4.0,4.0,4.0,4.0,3.0,3.0,3.0,3.0,3.0,3.0,4.0,5.0,6.0,6.0,5.0,5.0,5.0,4.0,4.0,3.0,3.0,3.0
IL2R,4.0,3.0,4.0,3.0,4.0,3.0,4.0,3.0,3.0,2.0,4.0,3.0,4.0,3.0,4.0,3.0,3.0,4.0,4.0,3.0,4.0,3.0,3.0,4.0,4.0,4.0,2.0,3.0,4.0,5.0,4.0,5.0,4.0,4.0,inf,inf,inf,4.0,4.0,3.0,3.0,4.0,4.0,3.0,2.0,5.0,4.0,4.0,4.0,3.0,2.0,3.0,2.0,3.0,3.0,4.0,4.0,4.0,4.0,3.0,3.0,4.0,4.0,3.0,3.0,3.0,3.0,4.0,3.0,3.0,3.0,4.0,5.0,4.0,3.0,2.0,4.0,3.0,4.0,4.0,5.0,4.0,4.0,4.0,5.0,3.0,4.0,3.0,4.0,4.0,4.0,4.0,4.0,4.0,4.0,4.0,4.0,5.0,5.0,5.0,5.0,5.0,5.0,4.0,3.0,4.0,5.0,5.0,4.0,3.0,4.0,3.0,3.0,4.0,4.0,3.0,3.0,6.0,7.0,7.0,8.0,8.0,8.0,9.0,10.0,5.0,4.0,5.0,5.0,5.0,5.0,inf,6.0,4.0,0.0,5.0,4.0,4.0,4.0,9.0,8.0,8.0,7.0,9.0,9.0,10.0,9.0,7.0,9.0,7.0,8.0,5.0,4.0,4.0,2.0,5.0,2.0,4.0,4.0,4.0,4.0,3.0,4.0,4.0,4.0,4.0,4.0,4.0,4.0,4.0,5.0,3.0,4.0,4.0,4.0,4.0,4.0,4.0,3.0,3.0,2.0,4.0,3.0,3.0,3.0,3.0,4.0,5.0,4.0,4.0,3.0,3.0,2.0,4.0,4.0,2.0,4.0,3.0,3.0,4.0,4.0,5.0,6.0,5.0,4.0,4.0,4.0,4.0,3.0,4.0,4.0,3.0,3.0,5.0,5.0,5.0,4.0,4.0,inf,3.0,1.0,2.0,2.0,4.0,4.0,3.0,4.0,4.0,4.0,4.0,5.0,5.0,4.0,4.0,4.0,4.0,4.0,3.0,4.0,3.0,4.0,3.0,4.0,2.0,3.0,4.0,4.0,4.0,inf,5.0,4.0,6.0,4.0,1.0,4.0,1.0,4.0,4.0,4.0,4.0,4.0,4.0,4.0,4.0,4.0,4.0,4.0,4.0,4.0,4.0,4.0,4.0,5.0,5.0,5.0,5.0,5.0,5.0,5.0,5.0,5.0,4.0,4.0,3.0,4.0,4.0,5.0,4.0,4.0,4.0,4.0,4.0,5.0,5.0,5.0,6.0,6.0,5.0,5.0,4.0,3.0,4.0
IL2VL,4.0,4.0,3.0,4.0,3.0,4.0,4.0,5.0,4.0,4.0,4.0,5.0,4.0,3.0,5.0,4.0,4.0,5.0,4.0,5.0,4.0,5.0,4.0,4.0,5.0,5.0,5.0,4.0,5.0,5.0,4.0,5.0,4.0,4.0,inf,inf,inf,4.0,4.0,5.0,4.0,5.0,5.0,4.0,4.0,5.0,5.0,3.0,4.0,5.0,4.0,5.0,5.0,4.0,3.0,4.0,4.0,3.0,4.0,4.0,4.0,4.0,4.0,3.0,4.0,4.0,3.0,4.0,3.0,3.0,3.0,4.0,5.0,5.0,4.0,5.0,4.0,5.0,5.0,5.0,4.0,5.0,5.0,5.0,5.0,5.0,2.0,5.0,4.0,4.0,4.0,4.0,4.0,4.0,4.0,4.0,4.0,4.0,5.0,5.0,5.0,5.0,5.0,4.0,5.0,6.0,5.0,4.0,4.0,3.0,3.0,3.0,3.0,4.0,4.0,4.0,4.0,3.0,4.0,4.0,5.0,5.0,5.0,6.0,7.0,4.0,4.0,3.0,5.0,4.0,5.0,inf,4.0,2.0,5.0,0.0,6.0,4.0,3.0,6.0,5.0,5.0,4.0,6.0,6.0,7.0,6.0,4.0,6.0,4.0,5.0,3.0,4.0,4.0,4.0,3.0,5.0,4.0,4.0,4.0,4.0,4.0,4.0,4.0,3.0,5.0,4.0,4.0,4.0,5.0,5.0,4.0,4.0,3.0,4.0,4.0,4.0,3.0,3.0,3.0,3.0,4.0,3.0,4.0,2.0,4.0,3.0,4.0,5.0,4.0,5.0,4.0,4.0,5.0,4.0,4.0,4.0,4.0,3.0,4.0,4.0,2.0,3.0,6.0,4.0,5.0,4.0,4.0,4.0,3.0,4.0,4.0,4.0,3.0,4.0,3.0,3.0,5.0,inf,3.0,4.0,4.0,5.0,5.0,5.0,5.0,4.0,5.0,4.0,4.0,4.0,4.0,5.0,4.0,4.0,4.0,4.0,4.0,4.0,4.0,4.0,4.0,4.0,4.0,4.0,4.0,4.0,5.0,inf,5.0,1.0,6.0,3.0,5.0,3.0,5.0,5.0,4.0,4.0,5.0,4.0,5.0,4.0,4.0,4.0,5.0,4.0,4.0,4.0,4.0,4.0,4.0,5.0,5.0,5.0,5.0,5.0,5.0,5.0,5.0,5.0,4.0,4.0,4.0,3.0,3.0,4.0,3.0,3.0,4.0,5.0,5.0,6.0,6.0,5.0,5.0,5.0,5.0,4.0,3.0,3.0,3.0
IL2VR,5.0,5.0,4.0,5.0,5.0,4.0,5.0,6.0,5.0,4.0,5.0,5.0,4.0,5.0,5.0,2.0,5.0,5.0,5.0,5.0,5.0,5.0,5.0,4.0,6.0,5.0,5.0,4.0,5.0,7.0,6.0,7.0,5.0,5.0,inf,inf,inf,5.0,5.0,5.0,5.0,5.0,5.0,5.0,5.0,6.0,6.0,4.0,3.0,5.0,5.0,4.0,5.0,5.0,5.0,4.0,4.0,5.0,5.0,5.0,4.0,5.0,5.0,5.0,6.0,5.0,5.0,6.0,4.0,3.0,5.0,5.0,6.0,5.0,5.0,5.0,5.0,5.0,4.0,5.0,6.0,6.0,6.0,6.0,5.0,5.0,5.0,1.0,5.0,6.0,6.0,6.0,6.0,6.0,6.0,5.0,6.0,5.0,5.0,5.0,5.0,5.0,5.0,5.0,5.0,6.0,6.0,6.0,6.0,5.0,5.0,5.0,5.0,5.0,6.0,5.0,6.0,5.0,5.0,6.0,6.0,6.0,7.0,8.0,9.0,4.0,3.0,3.0,2.0,2.0,1.0,inf,4.0,5.0,4.0,6.0,0.0,6.0,5.0,7.0,7.0,7.0,6.0,7.0,8.0,9.0,8.0,6.0,7.0,6.0,6.0,5.0,4.0,4.0,4.0,4.0,2.0,5.0,5.0,4.0,5.0,6.0,5.0,5.0,5.0,6.0,6.0,5.0,5.0,6.0,6.0,5.0,5.0,5.0,6.0,6.0,5.0,5.0,5.0,4.0,5.0,4.0,4.0,5.0,4.0,6.0,5.0,5.0,4.0,4.0,3.0,4.0,4.0,5.0,5.0,5.0,4.0,3.0,5.0,5.0,4.0,4.0,4.0,5.0,5.0,5.0,6.0,3.0,3.0,4.0,5.0,3.0,4.0,3.0,5.0,4.0,4.0,4.0,inf,4.0,4.0,5.0,3.0,5.0,4.0,4.0,5.0,6.0,6.0,6.0,5.0,5.0,4.0,4.0,5.0,4.0,5.0,4.0,5.0,4.0,4.0,4.0,5.0,3.0,4.0,4.0,4.0,5.0,inf,5.0,5.0,2.0,4.0,3.0,5.0,5.0,5.0,4.0,5.0,6.0,6.0,6.0,6.0,6.0,6.0,6.0,6.0,6.0,6.0,6.0,6.0,5.0,5.0,5.0,5.0,5.0,5.0,5.0,5.0,5.0,5.0,5.0,5.0,5.0,5.0,5.0,6.0,5.0,5.0,4.0,5.0,6.0,7.0,6.0,5.0,6.0,7.0,6.0,6.0,5.0,5.0,5.0
LUAL,3.0,3.0,4.0,3.0,4.0,4.0,3.0,4.0,3.0,3.0,3.0,3.0,3.0,3.0,4.0,4.0,5.0,4.0,4.0,3.0,4.0,3.0,3.0,2.0,2.0,4.0,2.0,3.0,3.0,3.0,3.0,3.0,3.0,3.0,inf,inf,inf,2.0,2.0,4.0,4.0,4.0,4.0,3.0,2.0,4.0,4.0,4.0,4.0,2.0,3.0,5.0,4.0,1.0,2.0,3.0,2.0,2.0,2.0,2.0,3.0,2.0,2.0,3.0,1.0,2.0,1.0,2.0,3.0,3.0,3.0,2.0,4.0,4.0,4.0,4.0,5.0,4.0,4.0,3.0,2.0,2.0,4.0,3.0,5.0,5.0,4.0,5.0,2.0,2.0,2.0,2.0,2.0,2.0,2.0,2.0,2.0,3.0,3.0,3.0,3.0,3.0,3.0,2.0,3.0,4.0,4.0,4.0,3.0,2.0,2.0,3.0,3.0,3.0,3.0,3.0,3.0,5.0,6.0,6.0,7.0,7.0,7.0,8.0,9.0,4.0,4.0,5.0,5.0,5.0,6.0,inf,5.0,4.0,4.0,4.0,6.0,0.0,2.0,8.0,7.0,7.0,6.0,8.0,8.0,9.0,8.0,6.0,8.0,6.0,7.0,4.0,5.0,4.0,4.0,4.0,4.0,3.0,2.0,2.0,2.0,2.0,2.0,2.0,2.0,2.0,2.0,1.0,2.0,3.0,3.0,2.0,1.0,2.0,3.0,2.0,2.0,1.0,2.0,2.0,2.0,3.0,3.0,1.0,2.0,2.0,2.0,4.0,4.0,3.0,3.0,4.0,3.0,3.0,3.0,2.0,3.0,4.0,4.0,3.0,2.0,4.0,5.0,4.0,2.0,4.0,4.0,4.0,3.0,4.0,3.0,4.0,3.0,4.0,4.0,4.0,3.0,4.0,inf,3.0,3.0,4.0,4.0,4.0,4.0,4.0,3.0,2.0,3.0,2.0,3.0,3.0,3.0,3.0,3.0,3.0,3.0,3.0,3.0,3.0,4.0,3.0,4.0,4.0,3.0,3.0,3.0,3.0,inf,4.0,3.0,7.0,4.0,4.0,4.0,4.0,2.0,3.0,3.0,2.0,2.0,2.0,2.0,2.0,3.0,2.0,2.0,2.0,2.0,2.0,2.0,2.0,3.0,3.0,3.0,3.0,3.0,3.0,3.0,3.0,3.0,2.0,2.0,3.0,3.0,3.0,3.0,3.0,3.0,4.0,3.0,3.0,4.0,4.0,3.0,4.0,4.0,3.0,4.0,3.0,2.0,2.0
LUAR,3.0,3.0,3.0,2.0,4.0,4.0,3.0,4.0,3.0,3.0,4.0,3.0,3.0,2.0,4.0,3.0,4.0,3.0,3.0,3.0,3.0,3.0,3.0,2.0,2.0,4.0,2.0,3.0,3.0,3.0,2.0,3.0,2.0,2.0,inf,inf,inf,2.0,3.0,4.0,3.0,4.0,4.0,3.0,2.0,4.0,4.0,4.0,3.0,3.0,3.0,4.0,4.0,1.0,1.0,2.0,2.0,2.0,2.0,2.0,2.0,2.0,3.0,2.0,2.0,2.0,1.0,1.0,2.0,2.0,2.0,2.0,4.0,4.0,4.0,4.0,5.0,4.0,4.0,3.0,3.0,2.0,3.0,3.0,5.0,4.0,3.0,4.0,2.0,2.0,2.0,2.0,2.0,2.0,2.0,2.0,2.0,3.0,3.0,3.0,3.0,3.0,3.0,2.0,3.0,4.0,4.0,3.0,3.0,2.0,2.0,2.0,2.0,3.0,3.0,2.0,2.0,4.0,5.0,5.0,6.0,6.0,6.0,7.0,8.0,3.0,3.0,4.0,4.0,4.0,5.0,inf,4.0,3.0,4.0,3.0,5.0,2.0,0.0,7.0,6.0,6.0,5.0,7.0,7.0,8.0,7.0,5.0,7.0,5.0,6.0,4.0,4.0,4.0,3.0,4.0,4.0,3.0,2.0,2.0,2.0,3.0,2.0,2.0,2.0,2.0,2.0,2.0,1.0,3.0,2.0,2.0,2.0,2.0,2.0,2.0,2.0,2.0,1.0,2.0,2.0,3.0,2.0,1.0,1.0,1.0,1.0,4.0,3.0,3.0,3.0,3.0,3.0,3.0,3.0,2.0,3.0,3.0,4.0,2.0,2.0,3.0,4.0,4.0,2.0,4.0,3.0,3.0,3.0,3.0,2.0,3.0,2.0,3.0,3.0,3.0,2.0,3.0,inf,3.0,3.0,4.0,4.0,3.0,4.0,3.0,2.0,2.0,2.0,2.0,3.0,3.0,3.0,3.0,3.0,3.0,2.0,3.0,3.0,3.0,3.0,3.0,3.0,3.0,3.0,3.0,3.0,3.0,inf,3.0,2.0,6.0,4.0,4.0,4.0,4.0,2.0,2.0,2.0,2.0,2.0,2.0,2.0,2.0,2.0,2.0,2.0,2.0,2.0,2.0,2.0,2.0,3.0,3.0,3.0,3.0,3.0,3.0,3.0,3.0,3.0,3.0,2.0,3.0,2.0,2.0,3.0,2.0,2.0,3.0,3.0,3.0,4.0,4.0,3.0,4.0,4.0,3.0,3.0,2.0,2.0,2.0
M1,6.0,7.0,7.0,8.0,5.0,8.0,8.0,8.0,6.0,7.0,6.0,7.0,5.0,7.0,8.0,8.0,8.0,7.0,7.0,7.0,6.0,6.0,7.0,8.0,7.0,7.0,8.0,7.0,7.0,9.0,8.0,9.0,8.0,8.0,inf,inf,inf,8.0,8.0,7.0,8.0,7.0,7.0,6.0,7.0,7.0,7.0,7.0,8.0,6.0,7.0,7.0,8.0,7.0,7.0,7.0,7.0,7.0,7.0,6.0,6.0,8.0,8.0,7.0,7.0,7.0,7.0,8.0,7.0,7.0,7.0,8.0,7.0,7.0,7.0,8.0,6.0,7.0,7.0,7.0,8.0,8.0,8.0,8.0,8.0,8.0,6.0,8.0,7.0,8.0,8.0,8.0,8.0,8.0,8.0,8.0,8.0,8.0,8.0,8.0,8.0,8.0,8.0,8.0,7.0,8.0,9.0,8.0,8.0,7.0,7.0,7.0,6.0,6.0,7.0,7.0,8.0,3.0,2.0,4.0,1.0,1.0,3.0,3.0,5.0,6.0,6.0,5.0,7.0,5.0,6.0,inf,5.0,6.0,9.0,6.0,7.0,8.0,7.0,0.0,4.0,2.0,3.0,3.0,4.0,4.0,5.0,2.0,2.0,3.0,2.0,7.0,7.0,7.0,7.0,7.0,7.0,8.0,8.0,8.0,8.0,8.0,8.0,8.0,7.0,8.0,8.0,8.0,8.0,9.0,9.0,8.0,8.0,7.0,8.0,7.0,8.0,7.0,7.0,7.0,7.0,7.0,7.0,8.0,6.0,8.0,7.0,6.0,7.0,6.0,7.0,7.0,8.0,8.0,7.0,8.0,7.0,6.0,7.0,7.0,6.0,4.0,3.0,8.0,6.0,6.0,7.0,6.0,7.0,7.0,7.0,7.0,7.0,4.0,6.0,6.0,5.0,7.0,inf,7.0,8.0,8.0,8.0,7.0,7.0,7.0,8.0,8.0,8.0,8.0,7.0,6.0,7.0,6.0,7.0,7.0,7.0,7.0,7.0,7.0,8.0,7.0,8.0,8.0,7.0,6.0,6.0,7.0,inf,6.0,5.0,7.0,6.0,8.0,7.0,9.0,8.0,7.0,8.0,8.0,8.0,8.0,8.0,8.0,8.0,8.0,8.0,8.0,8.0,8.0,8.0,8.0,7.0,8.0,8.0,8.0,8.0,8.0,8.0,8.0,8.0,8.0,8.0,8.0,7.0,7.0,8.0,7.0,7.0,7.0,8.0,8.0,9.0,9.0,9.0,9.0,9.0,8.0,8.0,7.0,7.0,7.0
M2L,5.0,6.0,6.0,7.0,4.0,7.0,7.0,8.0,5.0,6.0,6.0,7.0,5.0,6.0,7.0,7.0,7.0,6.0,6.0,7.0,5.0,6.0,7.0,7.0,7.0,7.0,8.0,7.0,7.0,8.0,7.0,8.0,7.0,7.0,inf,inf,inf,7.0,7.0,6.0,7.0,6.0,7.0,5.0,6.0,7.0,7.0,6.0,7.0,6.0,7.0,6.0,7.0,7.0,6.0,7.0,7.0,6.0,6.0,6.0,6.0,7.0,7.0,6.0,7.0,7.0,6.0,7.0,6.0,6.0,6.0,7.0,6.0,7.0,7.0,7.0,5.0,7.0,7.0,7.0,7.0,8.0,8.0,8.0,7.0,8.0,5.0,8.0,7.0,7.0,7.0,7.0,7.0,7.0,7.0,7.0,7.0,7.0,8.0,8.0,8.0,8.0,8.0,7.0,7.0,8.0,8.0,7.0,7.0,6.0,6.0,6.0,6.0,6.0,7.0,7.0,7.0,2.0,4.0,1.0,3.0,3.0,2.0,1.0,2.0,5.0,6.0,4.0,7.0,5.0,6.0,inf,5.0,5.0,8.0,5.0,7.0,7.0,6.0,4.0,0.0,2.0,3.0,3.0,1.0,2.0,1.0,3.0,3.0,3.0,4.0,6.0,7.0,6.0,7.0,6.0,7.0,7.0,7.0,7.0,7.0,7.0,7.0,7.0,6.0,8.0,7.0,7.0,7.0,8.0,8.0,7.0,7.0,6.0,7.0,7.0,7.0,6.0,6.0,6.0,6.0,6.0,6.0,7.0,5.0,7.0,6.0,5.0,7.0,6.0,7.0,6.0,7.0,8.0,7.0,7.0,6.0,6.0,6.0,7.0,6.0,3.0,4.0,8.0,6.0,6.0,7.0,6.0,7.0,6.0,7.0,7.0,7.0,4.0,6.0,5.0,5.0,7.0,inf,6.0,7.0,7.0,8.0,7.0,7.0,7.0,7.0,8.0,7.0,7.0,7.0,6.0,7.0,6.0,7.0,7.0,7.0,7.0,7.0,7.0,7.0,7.0,7.0,7.0,7.0,6.0,6.0,7.0,inf,6.0,4.0,7.0,5.0,7.0,6.0,8.0,7.0,7.0,7.0,8.0,7.0,8.0,7.0,7.0,7.0,8.0,7.0,7.0,7.0,7.0,7.0,7.0,7.0,8.0,8.0,8.0,8.0,8.0,8.0,8.0,8.0,7.0,7.0,7.0,6.0,6.0,7.0,6.0,6.0,7.0,8.0,8.0,9.0,9.0,8.0,8.0,8.0,8.0,7.0,6.0,6.0,6.0
M2R,5.0,6.0,6.0,7.0,4.0,7.0,7.0,8.0,5.0,6.0,6.0,7.0,5.0,6.0,7.0,7.0,7.0,6.0,6.0,7.0,5.0,6.0,7.0,7.0,7.0,7.0,8.0,7.0,7.0,8.0,7.0,8.0,7.0,7.0,inf,inf,inf,7.0,7.0,6.0,7.0,6.0,7.0,5.0,6.0,7.0,7.0,6.0,7.0,6.0,7.0,6.0,7.0,7.0,6.0,7.0,7.0,6.0,6.0,6.0,6.0,7.0,7.0,6.0,7.0,7.0,6.0,7.0,6.0,6.0,6.0,7.0,6.0,7.0,7.0,7.0,5.0,7.0,7.0,7.0,7.0,8.0,8.0,8.0,7.0,8.0,5.0,8.0,7.0,7.0,7.0,7.0,7.0,7.0,7.0,7.0,7.0,7.0,8.0,8.0,8.0,8.0,8.0,7.0,7.0,8.0,8.0,7.0,7.0,6.0,6.0,6.0,6.0,6.0,7.0,7.0,7.0,2.0,2.0,2.0,1.0,1.0,1.0,1.0,3.0,5.0,6.0,4.0,7.0,5.0,6.0,inf,5.0,5.0,8.0,5.0,7.0,7.0,6.0,2.0,2.0,0.0,3.0,1.0,2.0,2.0,3.0,1.0,1.0,3.0,2.0,6.0,7.0,6.0,7.0,6.0,7.0,7.0,7.0,7.0,7.0,7.0,7.0,7.0,6.0,8.0,7.0,7.0,7.0,8.0,8.0,7.0,7.0,6.0,7.0,7.0,7.0,6.0,6.0,6.0,6.0,6.0,6.0,7.0,5.0,7.0,6.0,5.0,7.0,6.0,7.0,6.0,7.0,8.0,7.0,7.0,6.0,6.0,6.0,7.0,6.0,3.0,3.0,8.0,6.0,6.0,7.0,6.0,7.0,6.0,7.0,7.0,7.0,4.0,6.0,5.0,5.0,7.0,inf,6.0,7.0,7.0,8.0,7.0,7.0,7.0,7.0,8.0,7.0,7.0,7.0,6.0,7.0,6.0,7.0,7.0,7.0,7.0,7.0,7.0,7.0,7.0,7.0,7.0,7.0,6.0,6.0,7.0,inf,6.0,4.0,7.0,5.0,7.0,6.0,8.0,7.0,7.0,7.0,8.0,7.0,8.0,7.0,7.0,7.0,8.0,7.0,7.0,7.0,7.0,7.0,7.0,7.0,8.0,8.0,8.0,8.0,8.0,8.0,8.0,8.0,7.0,7.0,7.0,6.0,6.0,7.0,6.0,6.0,7.0,8.0,8.0,9.0,9.0,8.0,8.0,8.0,8.0,7.0,6.0,6.0,6.0
M3L,4.0,5.0,5.0,6.0,3.0,6.0,6.0,7.0,4.0,5.0,5.0,6.0,4.0,5.0,6.0,6.0,6.0,5.0,5.0,6.0,4.0,5.0,6.0,6.0,6.0,6.0,7.0,6.0,6.0,7.0,6.0,7.0,6.0,6.0,inf,inf,inf,6.0,6.0,5.0,6.0,5.0,6.0,4.0,5.0,6.0,6.0,5.0,6.0,5.0,6.0,5.0,6.0,6.0,5.0,6.0,6.0,5.0,5.0,5.0,5.0,6.0,6.0,5.0,6.0,6.0,5.0,6.0,5.0,5.0,5.0,6.0,5.0,6.0,6.0,6.0,4.0,6.0,6.0,6.0,6.0,7.0,7.0,7.0,6.0,7.0,4.0,7.0,6.0,6.0,6.0,6.0,6.0,6.0,6.0,6.0,6.0,6.0,7.0,7.0,7.0,7.0,7.0,6.0,6.0,7.0,7.0,6.0,6.0,5.0,5.0,5.0,5.0,5.0,6.0,6.0,6.0,1.0,2.0,2.0,2.0,3.0,3.0,4.0,5.0,4.0,5.0,3.0,6.0,4.0,5.0,inf,4.0,4.0,7.0,4.0,6.0,6.0,5.0,3.0,3.0,3.0,0.0,2.0,4.0,5.0,4.0,2.0,4.0,2.0,1.0,5.0,6.0,5.0,6.0,5.0,6.0,6.0,6.0,6.0,6.0,6.0,6.0,6.0,5.0,7.0,6.0,6.0,6.0,7.0,7.0,6.0,6.0,5.0,6.0,6.0,6.0,5.0,5.0,5.0,5.0,5.0,5.0,6.0,4.0,6.0,5.0,4.0,6.0,5.0,6.0,5.0,6.0,7.0,6.0,6.0,5.0,5.0,5.0,6.0,5.0,2.0,3.0,7.0,5.0,5.0,6.0,5.0,6.0,5.0,6.0,6.0,6.0,3.0,5.0,4.0,4.0,6.0,inf,5.0,6.0,6.0,7.0,6.0,6.0,6.0,6.0,7.0,6.0,6.0,6.0,5.0,6.0,5.0,6.0,6.0,6.0,6.0,6.0,6.0,6.0,6.0,6.0,6.0,6.0,5.0,5.0,6.0,inf,5.0,3.0,6.0,4.0,6.0,5.0,7.0,6.0,6.0,6.0,7.0,6.0,7.0,6.0,6.0,6.0,7.0,6.0,6.0,6.0,6.0,6.0,6.0,6.0,7.0,7.0,7.0,7.0,7.0,7.0,7.0,7.0,6.0,6.0,6.0,5.0,5.0,6.0,5.0,5.0,6.0,7.0,7.0,8.0,8.0,7.0,7.0,7.0,7.0,6.0,5.0,5.0,5.0
M3R,6.0,7.0,7.0,8.0,5.0,8.0,8.0,8.0,6.0,7.0,6.0,7.0,5.0,7.0,8.0,8.0,8.0,7.0,7.0,7.0,6.0,6.0,7.0,8.0,7.0,7.0,8.0,7.0,7.0,9.0,8.0,9.0,8.0,8.0,inf,inf,inf,8.0,8.0,7.0,8.0,7.0,7.0,6.0,7.0,7.0,7.0,7.0,8.0,6.0,7.0,7.0,8.0,7.0,7.0,7.0,7.0,7.0,7.0,6.0,6.0,8.0,8.0,7.0,7.0,7.0,7.0,8.0,7.0,7.0,7.0,8.0,7.0,7.0,7.0,8.0,6.0,7.0,7.0,7.0,8.0,8.0,8.0,8.0,8.0,8.0,6.0,8.0,7.0,8.0,8.0,8.0,8.0,8.0,8.0,8.0,8.0,8.0,8.0,8.0,8.0,8.0,8.0,8.0,7.0,8.0,9.0,8.0,8.0,7.0,7.0,7.0,6.0,6.0,7.0,7.0,8.0,3.0,2.0,3.0,2.0,2.0,2.0,2.0,4.0,6.0,6.0,5.0,7.0,5.0,6.0,inf,5.0,6.0,9.0,6.0,7.0,8.0,7.0,3.0,3.0,1.0,2.0,0.0,3.0,3.0,4.0,2.0,2.0,2.0,1.0,7.0,7.0,7.0,7.0,7.0,7.0,8.0,8.0,8.0,8.0,8.0,8.0,8.0,7.0,8.0,8.0,8.0,8.0,9.0,9.0,8.0,8.0,7.0,8.0,7.0,8.0,7.0,7.0,7.0,7.0,7.0,7.0,8.0,6.0,8.0,7.0,6.0,7.0,6.0,7.0,7.0,8.0,8.0,7.0,8.0,7.0,6.0,7.0,7.0,6.0,4.0,3.0,8.0,6.0,6.0,7.0,6.0,7.0,7.0,7.0,7.0,7.0,4.0,6.0,6.0,5.0,7.0,inf,7.0,8.0,8.0,8.0,7.0,7.0,7.0,8.0,8.0,8.0,8.0,7.0,6.0,7.0,6.0,7.0,7.0,7.0,7.0,7.0,7.0,8.0,7.0,8.0,8.0,7.0,6.0,6.0,7.0,inf,6.0,5.0,7.0,6.0,8.0,7.0,9.0,8.0,7.0,8.0,8.0,8.0,8.0,8.0,8.0,8.0,8.0,8.0,8.0,8.0,8.0,8.0,8.0,7.0,8.0,8.0,8.0,8.0,8.0,8.0,8.0,8.0,8.0,8.0,8.0,7.0,7.0,8.0,7.0,7.0,7.0,8.0,8.0,9.0,9.0,9.0,9.0,9.0,8.0,8.0,7.0,7.0,7.0
M4,6.0,7.0,7.0,8.0,5.0,8.0,8.0,9.0,6.0,7.0,7.0,8.0,6.0,7.0,8.0,8.0,8.0,7.0,7.0,8.0,6.0,7.0,8.0,8.0,8.0,8.0,9.0,8.0,8.0,9.0,8.0,9.0,8.0,8.0,inf,inf,inf,8.0,8.0,7.0,8.0,7.0,8.0,6.0,7.0,8.0,8.0,7.0,8.0,7.0,8.0,7.0,8.0,8.0,7.0,8.0,8.0,7.0,7.0,7.0,7.0,8.0,8.0,7.0,8.0,8.0,7.0,8.0,7.0,7.0,7.0,8.0,7.0,8.0,8.0,8.0,6.0,8.0,8.0,8.0,8.0,9.0,9.0,9.0,8.0,9.0,6.0,9.0,8.0,8.0,8.0,8.0,8.0,8.0,8.0,8.0,8.0,8.0,9.0,9.0,9.0,9.0,9.0,8.0,8.0,9.0,9.0,8.0,8.0,7.0,7.0,7.0,7.0,7.0,8.0,8.0,8.0,3.0,4.0,2.0,3.0,3.0,1.0,2.0,1.0,6.0,7.0,5.0,8.0,6.0,7.0,inf,6.0,6.0,9.0,6.0,8.0,8.0,7.0,4.0,1.0,2.0,4.0,3.0,0.0,1.0,2.0,3.0,3.0,4.0,4.0,7.0,8.0,7.0,8.0,7.0,8.0,8.0,8.0,8.0,8.0,8.0,8.0,8.0,7.0,9.0,8.0,8.0,8.0,9.0,9.0,8.0,8.0,7.0,8.0,8.0,8.0,7.0,7.0,7.0,7.0,7.0,7.0,8.0,6.0,8.0,7.0,6.0,8.0,7.0,8.0,7.0,8.0,9.0,8.0,8.0,7.0,7.0,7.0,8.0,7.0,4.0,5.0,9.0,7.0,7.0,8.0,7.0,8.0,7.0,8.0,8.0,8.0,5.0,7.0,6.0,6.0,8.0,inf,7.0,8.0,8.0,9.0,8.0,8.0,8.0,8.0,9.0,8.0,8.0,8.0,7.0,8.0,7.0,8.0,8.0,8.0,8.0,8.0,8.0,8.0,8.0,8.0,8.0,8.0,7.0,7.0,8.0,inf,7.0,5.0,8.0,6.0,8.0,7.0,9.0,8.0,8.0,8.0,9.0,8.0,9.0,8.0,8.0,8.0,9.0,8.0,8.0,8.0,8.0,8.0,8.0,8.0,9.0,9.0,9.0,9.0,9.0,9.0,9.0,9.0,8.0,8.0,8.0,7.0,7.0,8.0,7.0,7.0,8.0,9.0,9.0,10.0,10.0,9.0,9.0,9.0,9.0,8.0,7.0,7.0,7.0
M5,7.0,8.0,8.0,9.0,6.0,9.0,9.0,10.0,7.0,8.0,8.0,9.0,7.0,8.0,9.0,9.0,9.0,8.0,8.0,9.0,7.0,8.0,9.0,9.0,9.0,9.0,10.0,9.0,9.0,10.0,9.0,10.0,9.0,9.0,inf,inf,inf,9.0,9.0,8.0,9.0,8.0,9.0,7.0,8.0,9.0,9.0,8.0,9.0,8.0,9.0,8.0,9.0,9.0,8.0,9.0,9.0,8.0,8.0,8.0,8.0,9.0,9.0,8.0,9.0,9.0,8.0,9.0,8.0,8.0,8.0,9.0,8.0,9.0,9.0,9.0,7.0,9.0,9.0,9.0,9.0,10.0,10.0,10.0,9.0,10.0,7.0,10.0,9.0,9.0,9.0,9.0,9.0,9.0,9.0,9.0,9.0,9.0,10.0,10.0,10.0,10.0,10.0,9.0,9.0,10.0,10.0,9.0,9.0,8.0,8.0,8.0,8.0,8.0,9.0,9.0,9.0,4.0,4.0,3.0,3.0,3.0,2.0,1.0,2.0,7.0,8.0,6.0,9.0,7.0,8.0,inf,7.0,7.0,10.0,7.0,9.0,9.0,8.0,4.0,2.0,2.0,5.0,3.0,1.0,0.0,3.0,3.0,3.0,5.0,4.0,8.0,9.0,8.0,9.0,8.0,9.0,9.0,9.0,9.0,9.0,9.0,9.0,9.0,8.0,10.0,9.0,9.0,9.0,10.0,10.0,9.0,9.0,8.0,9.0,9.0,9.0,8.0,8.0,8.0,8.0,8.0,8.0,9.0,7.0,9.0,8.0,7.0,9.0,8.0,9.0,8.0,9.0,10.0,9.0,9.0,8.0,8.0,8.0,9.0,8.0,5.0,5.0,10.0,8.0,8.0,9.0,8.0,9.0,8.0,9.0,9.0,9.0,6.0,8.0,7.0,7.0,9.0,inf,8.0,9.0,9.0,10.0,9.0,9.0,9.0,9.0,10.0,9.0,9.0,9.0,8.0,9.0,8.0,9.0,9.0,9.0,9.0,9.0,9.0,9.0,9.0,9.0,9.0,9.0,8.0,8.0,9.0,inf,8.0,6.0,9.0,7.0,9.0,8.0,10.0,9.0,9.0,9.0,10.0,9.0,10.0,9.0,9.0,9.0,10.0,9.0,9.0,9.0,9.0,9.0,9.0,9.0,10.0,10.0,10.0,10.0,10.0,10.0,10.0,10.0,9.0,9.0,9.0,8.0,8.0,9.0,8.0,8.0,9.0,10.0,10.0,11.0,11.0,10.0,10.0,10.0,10.0,9.0,8.0,8.0,8.0
MCL,6.0,7.0,7.0,8.0,5.0,8.0,8.0,9.0,6.0,7.0,7.0,8.0,6.0,7.0,8.0,8.0,8.0,7.0,7.0,8.0,6.0,7.0,8.0,8.0,8.0,8.0,9.0,8.0,8.0,9.0,8.0,9.0,8.0,8.0,inf,inf,inf,8.0,8.0,7.0,8.0,7.0,8.0,6.0,7.0,8.0,8.0,7.0,8.0,7.0,8.0,7.0,8.0,8.0,7.0,8.0,8.0,7.0,7.0,7.0,7.0,8.0,8.0,7.0,8.0,8.0,7.0,8.0,7.0,7.0,7.0,8.0,7.0,8.0,8.0,8.0,6.0,8.0,8.0,8.0,8.0,9.0,9.0,9.0,8.0,9.0,6.0,9.0,8.0,8.0,8.0,8.0,8.0,8.0,8.0,8.0,8.0,8.0,9.0,9.0,9.0,9.0,9.0,8.0,8.0,9.0,9.0,8.0,8.0,7.0,7.0,7.0,7.0,7.0,8.0,8.0,8.0,3.0,5.0,2.0,4.0,4.0,3.0,2.0,3.0,6.0,7.0,5.0,8.0,6.0,7.0,inf,6.0,6.0,9.0,6.0,8.0,8.0,7.0,5.0,1.0,3.0,4.0,4.0,2.0,3.0,0.0,4.0,4.0,4.0,5.0,7.0,8.0,7.0,8.0,7.0,8.0,8.0,8.0,8.0,8.0,8.0,8.0,8.0,7.0,9.0,8.0,8.0,8.0,9.0,9.0,8.0,8.0,7.0,8.0,8.0,8.0,7.0,7.0,7.0,7.0,7.0,7.0,8.0,6.0,8.0,7.0,6.0,8.0,7.0,8.0,7.0,8.0,9.0,8.0,8.0,7.0,7.0,7.0,8.0,7.0,4.0,5.0,9.0,7.0,7.0,8.0,7.0,8.0,7.0,8.0,8.0,8.0,5.0,7.0,6.0,6.0,8.0,inf,7.0,8.0,8.0,9.0,8.0,8.0,8.0,8.0,9.0,8.0,8.0,8.0,7.0,8.0,7.0,8.0,8.0,8.0,8.0,8.0,8.0,8.0,8.0,8.0,8.0,8.0,7.0,7.0,8.0,inf,7.0,5.0,8.0,6.0,8.0,7.0,9.0,8.0,8.0,8.0,9.0,8.0,9.0,8.0,8.0,8.0,9.0,8.0,8.0,8.0,8.0,8.0,8.0,8.0,9.0,9.0,9.0,9.0,9.0,9.0,9.0,9.0,8.0,8.0,8.0,7.0,7.0,8.0,7.0,7.0,8.0,9.0,9.0,10.0,10.0,9.0,9.0,9.0,9.0,8.0,7.0,7.0,7.0
MCR,4.0,5.0,5.0,6.0,3.0,6.0,6.0,7.0,4.0,5.0,5.0,6.0,4.0,5.0,6.0,6.0,6.0,5.0,5.0,6.0,4.0,5.0,6.0,6.0,6.0,6.0,7.0,6.0,6.0,7.0,6.0,7.0,6.0,6.0,inf,inf,inf,6.0,6.0,5.0,6.0,5.0,6.0,4.0,5.0,6.0,6.0,5.0,6.0,5.0,6.0,5.0,6.0,6.0,5.0,6.0,6.0,5.0,5.0,5.0,5.0,6.0,6.0,5.0,6.0,6.0,5.0,6.0,5.0,5.0,5.0,6.0,5.0,6.0,6.0,6.0,4.0,6.0,6.0,6.0,6.0,7.0,7.0,7.0,6.0,7.0,4.0,7.0,6.0,6.0,6.0,6.0,6.0,6.0,6.0,6.0,6.0,6.0,7.0,7.0,7.0,7.0,7.0,6.0,6.0,7.0,7.0,6.0,6.0,5.0,5.0,5.0,5.0,5.0,6.0,6.0,6.0,1.0,1.0,2.0,1.0,2.0,2.0,2.0,4.0,4.0,5.0,3.0,6.0,4.0,5.0,inf,4.0,4.0,7.0,4.0,6.0,6.0,5.0,2.0,3.0,1.0,2.0,2.0,3.0,3.0,4.0,0.0,2.0,2.0,2.0,5.0,6.0,5.0,6.0,5.0,6.0,6.0,6.0,6.0,6.0,6.0,6.0,6.0,5.0,7.0,6.0,6.0,6.0,7.0,7.0,6.0,6.0,5.0,6.0,6.0,6.0,5.0,5.0,5.0,5.0,5.0,5.0,6.0,4.0,6.0,5.0,4.0,6.0,5.0,6.0,5.0,6.0,7.0,6.0,6.0,5.0,5.0,5.0,6.0,5.0,2.0,2.0,7.0,5.0,5.0,6.0,5.0,6.0,5.0,6.0,6.0,6.0,3.0,5.0,4.0,4.0,6.0,inf,5.0,6.0,6.0,7.0,6.0,6.0,6.0,6.0,7.0,6.0,6.0,6.0,5.0,6.0,5.0,6.0,6.0,6.0,6.0,6.0,6.0,6.0,6.0,6.0,6.0,6.0,5.0,5.0,6.0,inf,5.0,3.0,6.0,4.0,6.0,5.0,7.0,6.0,6.0,6.0,7.0,6.0,7.0,6.0,6.0,6.0,7.0,6.0,6.0,6.0,6.0,6.0,6.0,6.0,7.0,7.0,7.0,7.0,7.0,7.0,7.0,7.0,6.0,6.0,6.0,5.0,5.0,6.0,5.0,5.0,6.0,7.0,7.0,8.0,8.0,7.0,7.0,7.0,7.0,6.0,5.0,5.0,5.0
MI,6.0,7.0,7.0,8.0,5.0,8.0,8.0,8.0,6.0,7.0,6.0,7.0,5.0,7.0,8.0,8.0,8.0,7.0,7.0,7.0,6.0,6.0,7.0,8.0,7.0,7.0,8.0,7.0,7.0,9.0,8.0,9.0,8.0,8.0,inf,inf,inf,8.0,8.0,7.0,8.0,7.0,7.0,6.0,7.0,7.0,7.0,7.0,8.0,6.0,7.0,7.0,8.0,7.0,7.0,7.0,7.0,7.0,7.0,6.0,6.0,8.0,8.0,7.0,7.0,7.0,7.0,8.0,7.0,7.0,7.0,8.0,7.0,7.0,7.0,8.0,6.0,7.0,7.0,7.0,8.0,8.0,8.0,8.0,8.0,8.0,6.0,8.0,7.0,8.0,8.0,8.0,8.0,8.0,8.0,8.0,8.0,8.0,8.0,8.0,8.0,8.0,8.0,8.0,7.0,8.0,9.0,8.0,8.0,7.0,7.0,7.0,6.0,6.0,7.0,7.0,8.0,3.0,2.0,3.0,2.0,1.0,2.0,2.0,4.0,6.0,6.0,5.0,7.0,5.0,6.0,inf,5.0,6.0,9.0,6.0,7.0,8.0,7.0,2.0,3.0,1.0,4.0,2.0,3.0,3.0,4.0,2.0,0.0,4.0,3.0,7.0,7.0,7.0,7.0,7.0,7.0,8.0,8.0,8.0,8.0,8.0,8.0,8.0,7.0,8.0,8.0,8.0,8.0,9.0,9.0,8.0,8.0,7.0,8.0,7.0,8.0,7.0,7.0,7.0,7.0,7.0,7.0,8.0,6.0,8.0,7.0,6.0,7.0,6.0,7.0,7.0,8.0,8.0,7.0,8.0,7.0,6.0,7.0,7.0,6.0,4.0,3.0,8.0,6.0,6.0,7.0,6.0,7.0,7.0,7.0,7.0,7.0,4.0,6.0,6.0,5.0,7.0,inf,7.0,8.0,8.0,8.0,7.0,7.0,7.0,8.0,8.0,8.0,8.0,7.0,6.0,7.0,6.0,7.0,7.0,7.0,7.0,7.0,7.0,8.0,7.0,8.0,8.0,7.0,6.0,6.0,7.0,inf,6.0,5.0,7.0,6.0,8.0,7.0,9.0,8.0,7.0,8.0,8.0,8.0,8.0,8.0,8.0,8.0,8.0,8.0,8.0,8.0,8.0,8.0,8.0,7.0,8.0,8.0,8.0,8.0,8.0,8.0,8.0,8.0,8.0,8.0,8.0,7.0,7.0,8.0,7.0,7.0,7.0,8.0,8.0,9.0,9.0,9.0,9.0,9.0,8.0,8.0,7.0,7.0,7.0
NSML,4.0,5.0,5.0,6.0,3.0,6.0,6.0,7.0,4.0,5.0,5.0,6.0,4.0,5.0,6.0,6.0,6.0,5.0,5.0,6.0,4.0,5.0,6.0,6.0,6.0,6.0,7.0,6.0,6.0,7.0,6.0,7.0,6.0,6.0,inf,inf,inf,6.0,6.0,5.0,6.0,5.0,6.0,4.0,5.0,6.0,6.0,5.0,6.0,5.0,6.0,5.0,6.0,6.0,5.0,6.0,6.0,5.0,5.0,5.0,5.0,6.0,6.0,5.0,6.0,6.0,5.0,6.0,5.0,5.0,5.0,6.0,5.0,6.0,6.0,6.0,4.0,6.0,6.0,6.0,6.0,7.0,7.0,7.0,6.0,7.0,4.0,7.0,6.0,6.0,6.0,6.0,6.0,6.0,6.0,6.0,6.0,6.0,7.0,7.0,7.0,7.0,7.0,6.0,6.0,7.0,7.0,6.0,6.0,5.0,5.0,5.0,5.0,5.0,6.0,6.0,6.0,1.0,2.0,2.0,2.0,3.0,3.0,4.0,5.0,4.0,5.0,3.0,6.0,4.0,5.0,inf,4.0,4.0,7.0,4.0,6.0,6.0,5.0,3.0,3.0,3.0,2.0,2.0,4.0,5.0,4.0,2.0,4.0,0.0,1.0,5.0,6.0,5.0,6.0,5.0,6.0,6.0,6.0,6.0,6.0,6.0,6.0,6.0,5.0,7.0,6.0,6.0,6.0,7.0,7.0,6.0,6.0,5.0,6.0,6.0,6.0,5.0,5.0,5.0,5.0,5.0,5.0,6.0,4.0,6.0,5.0,4.0,6.0,5.0,6.0,5.0,6.0,7.0,6.0,6.0,5.0,5.0,5.0,6.0,5.0,2.0,3.0,7.0,5.0,5.0,6.0,5.0,6.0,5.0,6.0,6.0,6.0,3.0,5.0,4.0,4.0,6.0,inf,5.0,6.0,6.0,7.0,6.0,6.0,6.0,6.0,7.0,6.0,6.0,6.0,5.0,6.0,5.0,6.0,6.0,6.0,6.0,6.0,6.0,6.0,6.0,6.0,6.0,6.0,5.0,5.0,6.0,inf,5.0,3.0,6.0,4.0,6.0,5.0,7.0,6.0,6.0,6.0,7.0,6.0,7.0,6.0,6.0,6.0,7.0,6.0,6.0,6.0,6.0,6.0,6.0,6.0,7.0,7.0,7.0,7.0,7.0,7.0,7.0,7.0,6.0,6.0,6.0,5.0,5.0,6.0,5.0,5.0,6.0,7.0,7.0,8.0,8.0,7.0,7.0,7.0,7.0,6.0,5.0,5.0,5.0
NSMR,5.0,6.0,6.0,7.0,4.0,7.0,7.0,7.0,5.0,6.0,5.0,6.0,4.0,6.0,7.0,7.0,7.0,6.0,6.0,6.0,5.0,5.0,6.0,7.0,6.0,6.0,7.0,6.0,6.0,8.0,7.0,8.0,7.0,7.0,inf,inf,inf,7.0,7.0,6.0,7.0,6.0,6.0,5.0,6.0,6.0,6.0,6.0,7.0,5.0,6.0,6.0,7.0,6.0,6.0,6.0,6.0,6.0,6.0,5.0,5.0,7.0,7.0,6.0,6.0,6.0,6.0,7.0,6.0,6.0,6.0,7.0,6.0,6.0,6.0,7.0,5.0,6.0,6.0,6.0,7.0,7.0,7.0,7.0,7.0,7.0,5.0,7.0,6.0,7.0,7.0,7.0,7.0,7.0,7.0,7.0,7.0,7.0,7.0,7.0,7.0,7.0,7.0,7.0,6.0,7.0,8.0,7.0,7.0,6.0,6.0,6.0,5.0,5.0,6.0,6.0,7.0,2.0,1.0,3.0,1.0,2.0,3.0,3.0,5.0,5.0,5.0,4.0,6.0,4.0,5.0,inf,4.0,5.0,8.0,5.0,6.0,7.0,6.0,2.0,4.0,2.0,1.0,1.0,4.0,4.0,5.0,2.0,3.0,1.0,0.0,6.0,6.0,6.0,6.0,6.0,6.0,7.0,7.0,7.0,7.0,7.0,7.0,7.0,6.0,7.0,7.0,7.0,7.0,8.0,8.0,7.0,7.0,6.0,7.0,6.0,7.0,6.0,6.0,6.0,6.0,6.0,6.0,7.0,5.0,7.0,6.0,5.0,6.0,5.0,6.0,6.0,7.0,7.0,6.0,7.0,6.0,5.0,6.0,6.0,5.0,3.0,2.0,7.0,5.0,5.0,6.0,5.0,6.0,6.0,6.0,6.0,6.0,3.0,5.0,5.0,4.0,6.0,inf,6.0,7.0,7.0,7.0,6.0,6.0,6.0,7.0,7.0,7.0,7.0,6.0,5.0,6.0,5.0,6.0,6.0,6.0,6.0,6.0,6.0,7.0,6.0,7.0,7.0,6.0,5.0,5.0,6.0,inf,5.0,4.0,6.0,5.0,7.0,6.0,8.0,7.0,6.0,7.0,7.0,7.0,7.0,7.0,7.0,7.0,7.0,7.0,7.0,7.0,7.0,7.0,7.0,6.0,7.0,7.0,7.0,7.0,7.0,7.0,7.0,7.0,7.0,7.0,7.0,6.0,6.0,7.0,6.0,6.0,6.0,7.0,7.0,8.0,8.0,8.0,8.0,8.0,7.0,7.0,6.0,6.0,6.0
OLLL,3.0,4.0,2.0,3.0,3.0,4.0,3.0,4.0,3.0,3.0,3.0,4.0,3.0,2.0,4.0,4.0,3.0,3.0,3.0,4.0,2.0,3.0,3.0,3.0,5.0,4.0,4.0,3.0,4.0,5.0,4.0,5.0,4.0,4.0,inf,inf,inf,3.0,3.0,4.0,4.0,3.0,4.0,3.0,4.0,4.0,4.0,2.0,3.0,4.0,3.0,4.0,4.0,3.0,3.0,3.0,3.0,4.0,4.0,3.0,4.0,3.0,3.0,3.0,4.0,3.0,4.0,4.0,2.0,3.0,3.0,4.0,3.0,4.0,3.0,4.0,4.0,4.0,2.0,3.0,4.0,4.0,4.0,4.0,3.0,4.0,3.0,4.0,4.0,4.0,4.0,4.0,4.0,4.0,4.0,4.0,4.0,4.0,4.0,4.0,4.0,4.0,4.0,4.0,3.0,4.0,5.0,4.0,4.0,3.0,3.0,3.0,3.0,4.0,4.0,3.0,4.0,4.0,5.0,5.0,6.0,6.0,6.0,7.0,8.0,4.0,4.0,3.0,5.0,4.0,5.0,inf,5.0,1.0,5.0,3.0,5.0,4.0,4.0,7.0,6.0,6.0,5.0,7.0,7.0,8.0,7.0,5.0,7.0,5.0,6.0,0.0,1.0,2.0,3.0,2.0,3.0,4.0,3.0,4.0,3.0,4.0,3.0,4.0,3.0,4.0,4.0,4.0,4.0,5.0,4.0,3.0,4.0,4.0,4.0,4.0,3.0,3.0,4.0,2.0,3.0,3.0,4.0,4.0,3.0,4.0,4.0,3.0,4.0,2.0,3.0,4.0,3.0,4.0,3.0,4.0,1.0,2.0,3.0,3.0,4.0,3.0,4.0,3.0,3.0,4.0,3.0,3.0,3.0,2.0,4.0,3.0,4.0,4.0,2.0,2.0,3.0,2.0,inf,2.0,4.0,3.0,4.0,4.0,3.0,4.0,3.0,4.0,4.0,4.0,4.0,4.0,3.0,4.0,3.0,3.0,3.0,4.0,3.0,3.0,3.0,3.0,3.0,3.0,3.0,3.0,4.0,4.0,inf,4.0,2.0,6.0,2.0,4.0,2.0,4.0,2.0,3.0,2.0,4.0,4.0,4.0,4.0,4.0,4.0,4.0,4.0,4.0,4.0,4.0,4.0,3.0,4.0,4.0,4.0,4.0,4.0,4.0,4.0,4.0,4.0,3.0,3.0,3.0,3.0,4.0,4.0,4.0,4.0,2.0,3.0,4.0,5.0,5.0,5.0,5.0,5.0,4.0,5.0,4.0,4.0,3.0
OLLR,4.0,5.0,2.0,3.0,4.0,4.0,4.0,5.0,3.0,4.0,3.0,4.0,2.0,3.0,4.0,3.0,3.0,3.0,3.0,4.0,3.0,3.0,4.0,4.0,4.0,4.0,4.0,2.0,4.0,5.0,4.0,5.0,4.0,4.0,inf,inf,inf,3.0,3.0,4.0,5.0,4.0,4.0,4.0,4.0,4.0,4.0,3.0,4.0,3.0,4.0,4.0,4.0,4.0,3.0,3.0,3.0,4.0,4.0,4.0,3.0,4.0,4.0,4.0,4.0,4.0,4.0,4.0,2.0,2.0,3.0,5.0,4.0,4.0,4.0,4.0,5.0,4.0,2.0,3.0,5.0,5.0,5.0,5.0,4.0,3.0,4.0,3.0,4.0,4.0,4.0,4.0,4.0,4.0,4.0,4.0,4.0,4.0,4.0,4.0,4.0,4.0,4.0,4.0,3.0,4.0,5.0,4.0,5.0,4.0,3.0,4.0,3.0,3.0,4.0,4.0,4.0,5.0,5.0,6.0,6.0,6.0,7.0,8.0,9.0,5.0,4.0,4.0,5.0,4.0,5.0,inf,4.0,2.0,4.0,4.0,4.0,5.0,4.0,7.0,7.0,7.0,6.0,7.0,8.0,9.0,8.0,6.0,7.0,6.0,6.0,1.0,0.0,3.0,2.0,3.0,2.0,4.0,4.0,3.0,3.0,4.0,4.0,4.0,4.0,5.0,4.0,4.0,4.0,5.0,5.0,4.0,4.0,4.0,4.0,4.0,3.0,4.0,4.0,3.0,3.0,3.0,4.0,4.0,3.0,4.0,4.0,4.0,4.0,3.0,2.0,3.0,3.0,4.0,3.0,4.0,2.0,1.0,3.0,3.0,3.0,4.0,4.0,3.0,3.0,3.0,4.0,4.0,3.0,3.0,4.0,3.0,3.0,3.0,3.0,3.0,4.0,2.0,inf,3.0,4.0,4.0,3.0,4.0,3.0,4.0,3.0,5.0,4.0,4.0,4.0,3.0,4.0,3.0,4.0,3.0,3.0,3.0,3.0,3.0,3.0,3.0,3.0,3.0,3.0,3.0,4.0,4.0,inf,3.0,3.0,6.0,3.0,3.0,3.0,4.0,3.0,2.0,3.0,5.0,4.0,4.0,4.0,4.0,4.0,5.0,4.0,4.0,4.0,4.0,4.0,4.0,4.0,4.0,4.0,4.0,4.0,4.0,4.0,4.0,4.0,3.0,3.0,3.0,3.0,4.0,5.0,4.0,4.0,2.0,3.0,4.0,5.0,5.0,4.0,5.0,5.0,4.0,5.0,4.0,4.0,4.0
OLQDL,3.0,4.0,3.0,3.0,2.0,4.0,4.0,4.0,2.0,3.0,4.0,4.0,3.0,2.0,4.0,4.0,4.0,3.0,3.0,4.0,2.0,3.0,3.0,4.0,4.0,3.0,3.0,3.0,3.0,5.0,4.0,5.0,3.0,3.0,inf,inf,inf,3.0,3.0,3.0,4.0,3.0,4.0,3.0,3.0,4.0,5.0,3.0,4.0,4.0,3.0,2.0,3.0,3.0,3.0,2.0,2.0,4.0,3.0,3.0,2.0,3.0,3.0,3.0,4.0,3.0,4.0,4.0,2.0,3.0,3.0,5.0,3.0,4.0,3.0,4.0,3.0,4.0,2.0,3.0,4.0,4.0,4.0,4.0,1.0,4.0,3.0,3.0,3.0,4.0,4.0,4.0,4.0,4.0,4.0,4.0,4.0,3.0,3.0,3.0,3.0,3.0,3.0,3.0,3.0,4.0,4.0,4.0,4.0,3.0,3.0,3.0,3.0,4.0,4.0,3.0,4.0,4.0,5.0,5.0,6.0,6.0,6.0,7.0,8.0,3.0,3.0,2.0,4.0,3.0,4.0,inf,4.0,2.0,4.0,4.0,4.0,4.0,4.0,7.0,6.0,6.0,5.0,7.0,7.0,8.0,7.0,5.0,7.0,5.0,6.0,2.0,3.0,0.0,3.0,2.0,2.0,4.0,3.0,4.0,3.0,4.0,3.0,4.0,3.0,4.0,4.0,4.0,4.0,5.0,4.0,3.0,4.0,3.0,4.0,4.0,3.0,3.0,3.0,2.0,3.0,3.0,4.0,4.0,3.0,4.0,4.0,2.0,3.0,1.0,2.0,4.0,3.0,3.0,3.0,4.0,1.0,2.0,3.0,3.0,3.0,3.0,4.0,3.0,3.0,3.0,3.0,2.0,3.0,2.0,3.0,1.0,3.0,3.0,2.0,3.0,2.0,2.0,inf,3.0,4.0,3.0,3.0,4.0,3.0,2.0,3.0,4.0,4.0,4.0,4.0,3.0,2.0,3.0,2.0,2.0,2.0,3.0,3.0,2.0,3.0,3.0,3.0,3.0,2.0,3.0,2.0,4.0,inf,4.0,3.0,5.0,1.0,3.0,3.0,4.0,2.0,3.0,2.0,4.0,4.0,4.0,4.0,4.0,4.0,4.0,4.0,4.0,4.0,4.0,4.0,3.0,3.0,3.0,3.0,3.0,3.0,3.0,3.0,3.0,3.0,3.0,3.0,3.0,3.0,4.0,4.0,4.0,4.0,2.0,3.0,4.0,5.0,5.0,5.0,5.0,5.0,4.0,5.0,4.0,4.0,3.0
OLQDR,4.0,3.0,2.0,3.0,3.0,2.0,4.0,4.0,3.0,2.0,3.0,3.0,2.0,3.0,3.0,3.0,3.0,3.0,3.0,4.0,2.0,3.0,3.0,3.0,4.0,3.0,3.0,2.0,3.0,4.0,3.0,4.0,3.0,3.0,inf,inf,inf,3.0,3.0,3.0,3.0,3.0,3.0,3.0,3.0,4.0,4.0,3.0,4.0,3.0,4.0,4.0,4.0,3.0,2.0,2.0,2.0,3.0,3.0,2.0,2.0,4.0,4.0,4.0,4.0,3.0,4.0,3.0,2.0,2.0,3.0,4.0,3.0,3.0,4.0,3.0,4.0,3.0,2.0,3.0,4.0,5.0,4.0,4.0,4.0,1.0,2.0,3.0,3.0,3.0,3.0,3.0,3.0,3.0,4.0,3.0,3.0,3.0,3.0,3.0,3.0,3.0,3.0,3.0,3.0,4.0,4.0,4.0,4.0,4.0,3.0,4.0,3.0,2.0,3.0,4.0,4.0,5.0,5.0,6.0,6.0,6.0,7.0,8.0,9.0,3.0,2.0,4.0,3.0,4.0,4.0,inf,4.0,3.0,2.0,4.0,4.0,4.0,3.0,7.0,7.0,7.0,6.0,7.0,8.0,9.0,8.0,6.0,7.0,6.0,6.0,3.0,2.0,3.0,0.0,3.0,2.0,4.0,4.0,3.0,3.0,4.0,4.0,3.0,4.0,4.0,3.0,3.0,4.0,4.0,5.0,3.0,3.0,3.0,3.0,4.0,3.0,3.0,3.0,3.0,3.0,3.0,4.0,4.0,3.0,4.0,3.0,3.0,3.0,2.0,1.0,3.0,3.0,3.0,3.0,4.0,2.0,1.0,1.0,3.0,3.0,4.0,4.0,3.0,3.0,3.0,3.0,3.0,2.0,3.0,2.0,3.0,1.0,3.0,3.0,3.0,3.0,2.0,inf,3.0,3.0,3.0,3.0,2.0,3.0,3.0,2.0,4.0,3.0,3.0,3.0,3.0,3.0,2.0,2.0,2.0,3.0,2.0,3.0,2.0,3.0,2.0,3.0,2.0,2.0,2.0,3.0,2.0,inf,3.0,3.0,5.0,4.0,1.0,4.0,3.0,3.0,2.0,3.0,4.0,3.0,4.0,3.0,3.0,3.0,4.0,3.0,3.0,3.0,3.0,3.0,3.0,3.0,3.0,3.0,3.0,3.0,3.0,3.0,3.0,3.0,3.0,3.0,3.0,3.0,4.0,5.0,4.0,4.0,2.0,3.0,4.0,5.0,5.0,4.0,5.0,5.0,4.0,4.0,3.0,4.0,4.0
OLQVL,1.0,2.0,3.0,3.0,2.0,3.0,3.0,4.0,3.0,3.0,4.0,4.0,3.0,2.0,4.0,4.0,4.0,3.0,3.0,4.0,2.0,3.0,3.0,4.0,3.0,4.0,3.0,3.0,3.0,5.0,4.0,5.0,3.0,3.0,inf,inf,inf,3.0,3.0,4.0,4.0,3.0,4.0,2.0,3.0,4.0,5.0,3.0,4.0,3.0,3.0,3.0,4.0,3.0,3.0,2.0,2.0,3.0,2.0,3.0,2.0,3.0,3.0,3.0,4.0,3.0,3.0,4.0,2.0,3.0,3.0,4.0,3.0,4.0,4.0,4.0,3.0,4.0,2.0,3.0,4.0,4.0,4.0,4.0,3.0,4.0,1.0,4.0,3.0,4.0,4.0,4.0,4.0,4.0,4.0,3.0,4.0,3.0,3.0,3.0,3.0,3.0,3.0,3.0,3.0,4.0,4.0,4.0,4.0,3.0,3.0,3.0,3.0,3.0,3.0,3.0,4.0,4.0,5.0,5.0,6.0,6.0,6.0,7.0,8.0,3.0,3.0,3.0,4.0,2.0,3.0,inf,4.0,3.0,5.0,3.0,4.0,4.0,4.0,7.0,6.0,6.0,5.0,7.0,7.0,8.0,7.0,5.0,7.0,5.0,6.0,2.0,3.0,2.0,3.0,0.0,3.0,4.0,3.0,4.0,3.0,4.0,3.0,3.0,3.0,4.0,4.0,3.0,4.0,4.0,4.0,3.0,4.0,3.0,4.0,4.0,3.0,3.0,3.0,2.0,3.0,2.0,3.0,4.0,3.0,4.0,3.0,2.0,2.0,1.0,2.0,3.0,3.0,3.0,3.0,4.0,1.0,2.0,2.0,3.0,3.0,3.0,4.0,3.0,3.0,4.0,3.0,1.0,3.0,2.0,3.0,2.0,3.0,3.0,2.0,3.0,2.0,2.0,inf,3.0,4.0,3.0,4.0,4.0,3.0,3.0,3.0,4.0,4.0,4.0,4.0,3.0,2.0,3.0,2.0,3.0,2.0,3.0,3.0,2.0,3.0,3.0,3.0,3.0,2.0,3.0,3.0,3.0,inf,4.0,2.0,4.0,3.0,4.0,4.0,4.0,2.0,3.0,2.0,4.0,4.0,4.0,4.0,4.0,4.0,4.0,4.0,4.0,4.0,4.0,4.0,3.0,3.0,3.0,3.0,3.0,3.0,3.0,3.0,3.0,3.0,3.0,3.0,3.0,3.0,4.0,4.0,4.0,4.0,2.0,3.0,4.0,5.0,5.0,5.0,5.0,5.0,4.0,5.0,4.0,4.0,3.0
OLQVR,4.0,4.0,2.0,3.0,4.0,3.0,3.0,4.0,3.0,2.0,3.0,4.0,2.0,3.0,3.0,2.0,3.0,3.0,3.0,4.0,3.0,3.0,3.0,2.0,4.0,3.0,3.0,2.0,3.0,5.0,4.0,5.0,3.0,3.0,inf,inf,inf,3.0,3.0,3.0,3.0,3.0,4.0,3.0,3.0,4.0,4.0,3.0,3.0,3.0,3.0,2.0,3.0,4.0,3.0,2.0,2.0,4.0,3.0,3.0,2.0,4.0,3.0,4.0,4.0,4.0,4.0,4.0,2.0,2.0,3.0,3.0,4.0,4.0,3.0,3.0,3.0,3.0,2.0,3.0,4.0,4.0,4.0,4.0,3.0,3.0,4.0,1.0,3.0,4.0,4.0,4.0,4.0,4.0,4.0,4.0,4.0,3.0,3.0,3.0,3.0,3.0,3.0,3.0,3.0,4.0,4.0,4.0,5.0,4.0,3.0,4.0,3.0,3.0,4.0,4.0,4.0,5.0,5.0,6.0,6.0,6.0,7.0,8.0,9.0,4.0,3.0,4.0,4.0,3.0,3.0,inf,4.0,3.0,2.0,5.0,2.0,4.0,4.0,7.0,7.0,7.0,6.0,7.0,8.0,9.0,8.0,6.0,7.0,6.0,6.0,3.0,2.0,2.0,2.0,3.0,0.0,4.0,4.0,3.0,3.0,4.0,4.0,4.0,4.0,5.0,4.0,4.0,4.0,5.0,5.0,4.0,4.0,3.0,4.0,4.0,3.0,3.0,3.0,3.0,3.0,3.0,4.0,3.0,3.0,4.0,4.0,3.0,2.0,2.0,1.0,3.0,2.0,3.0,3.0,3.0,2.0,1.0,3.0,3.0,3.0,4.0,4.0,3.0,3.0,3.0,4.0,2.0,1.0,2.0,3.0,1.0,2.0,3.0,3.0,3.0,3.0,2.0,inf,2.0,2.0,3.0,1.0,3.0,2.0,2.0,3.0,4.0,4.0,4.0,3.0,3.0,2.0,2.0,3.0,2.0,3.0,2.0,3.0,2.0,3.0,2.0,3.0,2.0,2.0,2.0,2.0,3.0,inf,3.0,4.0,4.0,3.0,1.0,3.0,3.0,3.0,2.0,3.0,5.0,4.0,4.0,4.0,4.0,4.0,5.0,4.0,4.0,4.0,4.0,4.0,4.0,3.0,3.0,3.0,3.0,3.0,3.0,3.0,3.0,3.0,3.0,3.0,3.0,3.0,4.0,4.0,4.0,4.0,2.0,3.0,4.0,5.0,5.0,4.0,5.0,5.0,4.0,5.0,4.0,4.0,4.0
PDA,3.0,2.0,4.0,2.0,4.0,3.0,4.0,3.0,3.0,3.0,4.0,3.0,3.0,3.0,4.0,3.0,4.0,3.0,3.0,4.0,4.0,4.0,3.0,3.0,3.0,4.0,3.0,3.0,3.0,4.0,3.0,4.0,3.0,3.0,inf,inf,inf,3.0,2.0,4.0,2.0,4.0,3.0,4.0,3.0,4.0,4.0,3.0,2.0,3.0,2.0,4.0,4.0,2.0,2.0,2.0,2.0,3.0,3.0,2.0,3.0,2.0,3.0,2.0,3.0,2.0,2.0,3.0,2.0,3.0,1.0,3.0,5.0,4.0,4.0,3.0,5.0,4.0,4.0,3.0,4.0,3.0,4.0,4.0,5.0,5.0,4.0,4.0,3.0,3.0,3.0,3.0,3.0,3.0,2.0,1.0,1.0,2.0,3.0,3.0,3.0,3.0,3.0,2.0,4.0,5.0,4.0,3.0,2.0,1.0,1.0,2.0,2.0,3.0,3.0,3.0,3.0,5.0,6.0,6.0,7.0,7.0,7.0,8.0,9.0,4.0,4.0,5.0,5.0,5.0,6.0,inf,5.0,4.0,4.0,4.0,5.0,3.0,3.0,8.0,7.0,7.0,6.0,8.0,8.0,9.0,8.0,6.0,8.0,6.0,7.0,4.0,4.0,4.0,4.0,4.0,4.0,0.0,1.0,2.0,2.0,2.0,1.0,3.0,3.0,3.0,2.0,3.0,3.0,3.0,2.0,3.0,2.0,2.0,3.0,3.0,2.0,3.0,3.0,2.0,2.0,2.0,1.0,2.0,2.0,3.0,2.0,4.0,3.0,3.0,3.0,4.0,3.0,2.0,4.0,3.0,3.0,3.0,4.0,3.0,3.0,4.0,5.0,4.0,3.0,3.0,3.0,4.0,4.0,3.0,3.0,3.0,3.0,4.0,4.0,4.0,3.0,3.0,inf,3.0,3.0,4.0,4.0,3.0,4.0,3.0,2.0,3.0,3.0,3.0,2.0,2.0,4.0,2.0,3.0,2.0,3.0,3.0,3.0,3.0,3.0,3.0,3.0,3.0,3.0,3.0,4.0,3.0,inf,4.0,3.0,7.0,4.0,4.0,4.0,4.0,3.0,3.0,3.0,3.0,3.0,3.0,3.0,3.0,3.0,3.0,3.0,3.0,3.0,2.0,2.0,2.0,3.0,3.0,3.0,3.0,3.0,3.0,3.0,3.0,3.0,3.0,2.0,3.0,3.0,3.0,3.0,3.0,3.0,3.0,4.0,4.0,5.0,4.0,3.0,4.0,4.0,3.0,3.0,2.0,2.0,2.0
PDB,3.0,3.0,4.0,3.0,4.0,4.0,3.0,4.0,4.0,3.0,4.0,4.0,3.0,2.0,4.0,3.0,5.0,4.0,3.0,4.0,3.0,4.0,2.0,2.0,2.0,4.0,2.0,2.0,4.0,4.0,4.0,4.0,3.0,3.0,inf,inf,inf,2.0,1.0,4.0,3.0,4.0,4.0,4.0,3.0,5.0,5.0,3.0,3.0,3.0,3.0,5.0,5.0,2.0,3.0,2.0,2.0,3.0,2.0,3.0,3.0,2.0,2.0,2.0,2.0,2.0,1.0,2.0,2.0,2.0,2.0,2.0,4.0,5.0,4.0,4.0,5.0,4.0,3.0,4.0,3.0,2.0,3.0,3.0,4.0,5.0,4.0,4.0,3.0,3.0,3.0,3.0,3.0,3.0,3.0,2.0,2.0,2.0,3.0,2.0,3.0,3.0,2.0,1.0,3.0,4.0,3.0,3.0,2.0,1.0,2.0,2.0,2.0,4.0,3.0,2.0,3.0,5.0,6.0,6.0,7.0,7.0,7.0,8.0,9.0,4.0,4.0,5.0,5.0,5.0,6.0,inf,5.0,4.0,4.0,4.0,5.0,2.0,2.0,8.0,7.0,7.0,6.0,8.0,8.0,9.0,8.0,6.0,8.0,6.0,7.0,3.0,4.0,3.0,4.0,3.0,4.0,1.0,0.0,2.0,2.0,3.0,2.0,3.0,2.0,3.0,3.0,2.0,2.0,4.0,3.0,2.0,2.0,2.0,3.0,3.0,2.0,2.0,2.0,1.0,2.0,2.0,2.0,1.0,2.0,2.0,2.0,4.0,4.0,3.0,3.0,3.0,3.0,1.0,3.0,2.0,2.0,3.0,4.0,3.0,3.0,4.0,5.0,4.0,2.0,4.0,3.0,4.0,3.0,4.0,3.0,4.0,4.0,4.0,3.0,4.0,3.0,3.0,inf,3.0,3.0,4.0,4.0,4.0,4.0,4.0,3.0,3.0,4.0,3.0,3.0,3.0,3.0,3.0,3.0,3.0,3.0,3.0,3.0,3.0,3.0,3.0,3.0,3.0,3.0,3.0,3.0,4.0,inf,5.0,3.0,7.0,4.0,4.0,4.0,4.0,3.0,4.0,3.0,3.0,3.0,3.0,3.0,3.0,4.0,3.0,3.0,3.0,3.0,2.0,3.0,2.0,3.0,3.0,3.0,3.0,3.0,3.0,3.0,3.0,3.0,3.0,2.0,3.0,3.0,3.0,3.0,3.0,3.0,3.0,4.0,4.0,5.0,4.0,3.0,4.0,4.0,3.0,3.0,2.0,2.0,1.0
PDEL,3.0,3.0,3.0,2.0,4.0,3.0,3.0,4.0,4.0,4.0,4.0,4.0,3.0,3.0,4.0,2.0,4.0,3.0,3.0,3.0,4.0,4.0,3.0,2.0,2.0,3.0,2.0,2.0,3.0,4.0,3.0,4.0,3.0,3.0,inf,inf,inf,3.0,2.0,5.0,4.0,4.0,4.0,3.0,3.0,4.0,4.0,3.0,3.0,3.0,4.0,4.0,4.0,2.0,2.0,2.0,2.0,2.0,2.0,3.0,2.0,2.0,3.0,3.0,3.0,3.0,2.0,2.0,2.0,1.0,3.0,2.0,4.0,4.0,4.0,3.0,5.0,5.0,3.0,4.0,2.0,2.0,4.0,3.0,5.0,4.0,4.0,3.0,3.0,3.0,3.0,2.0,3.0,3.0,2.0,2.0,2.0,2.0,3.0,2.0,3.0,3.0,3.0,2.0,4.0,3.0,2.0,3.0,3.0,2.0,1.0,3.0,2.0,3.0,3.0,3.0,3.0,5.0,6.0,6.0,7.0,7.0,7.0,8.0,9.0,4.0,4.0,5.0,5.0,4.0,5.0,inf,5.0,4.0,4.0,4.0,4.0,2.0,2.0,8.0,7.0,7.0,6.0,8.0,8.0,9.0,8.0,6.0,8.0,6.0,7.0,4.0,3.0,4.0,3.0,4.0,3.0,2.0,2.0,0.0,1.0,3.0,2.0,2.0,3.0,3.0,3.0,1.0,1.0,3.0,2.0,2.0,1.0,2.0,3.0,2.0,1.0,2.0,2.0,2.0,3.0,2.0,3.0,1.0,2.0,2.0,2.0,4.0,3.0,3.0,3.0,2.0,3.0,3.0,3.0,3.0,3.0,2.0,4.0,3.0,2.0,4.0,5.0,4.0,3.0,3.0,3.0,3.0,3.0,3.0,3.0,3.0,3.0,4.0,4.0,4.0,3.0,3.0,inf,3.0,3.0,4.0,4.0,3.0,4.0,3.0,2.0,3.0,3.0,3.0,2.0,2.0,3.0,2.0,4.0,2.0,3.0,3.0,3.0,3.0,2.0,2.0,3.0,2.0,3.0,3.0,4.0,4.0,inf,4.0,3.0,6.0,5.0,3.0,4.0,4.0,3.0,3.0,3.0,3.0,3.0,3.0,3.0,3.0,3.0,3.0,3.0,3.0,3.0,3.0,2.0,2.0,3.0,3.0,3.0,3.0,3.0,3.0,3.0,3.0,2.0,1.0,2.0,4.0,3.0,3.0,3.0,3.0,3.0,3.0,4.0,4.0,3.0,2.0,1.0,2.0,3.0,2.0,3.0,2.0,2.0,2.0
PDER,3.0,3.0,3.0,2.0,4.0,3.0,3.0,4.0,3.0,4.0,4.0,4.0,3.0,3.0,3.0,3.0,4.0,3.0,2.0,3.0,3.0,4.0,2.0,2.0,2.0,3.0,2.0,2.0,4.0,4.0,2.0,4.0,3.0,3.0,inf,inf,inf,2.0,2.0,4.0,4.0,4.0,4.0,4.0,3.0,4.0,4.0,3.0,4.0,4.0,3.0,4.0,4.0,2.0,2.0,2.0,2.0,2.0,2.0,3.0,3.0,2.0,3.0,3.0,3.0,3.0,2.0,2.0,1.0,2.0,2.0,2.0,4.0,4.0,4.0,4.0,5.0,5.0,3.0,4.0,2.0,2.0,3.0,2.0,4.0,4.0,4.0,4.0,3.0,3.0,3.0,2.0,3.0,3.0,2.0,2.0,2.0,2.0,3.0,2.0,3.0,3.0,3.0,2.0,4.0,4.0,3.0,2.0,2.0,2.0,1.0,3.0,2.0,3.0,3.0,3.0,3.0,5.0,6.0,6.0,7.0,7.0,7.0,8.0,9.0,4.0,4.0,5.0,5.0,4.0,5.0,inf,5.0,4.0,4.0,4.0,5.0,2.0,2.0,8.0,7.0,7.0,6.0,8.0,8.0,9.0,8.0,6.0,8.0,6.0,7.0,3.0,3.0,3.0,3.0,3.0,3.0,2.0,2.0,1.0,0.0,3.0,2.0,2.0,3.0,3.0,2.0,1.0,1.0,3.0,2.0,2.0,1.0,1.0,2.0,1.0,1.0,2.0,2.0,2.0,2.0,3.0,3.0,1.0,2.0,2.0,2.0,4.0,3.0,3.0,3.0,3.0,2.0,3.0,3.0,3.0,2.0,2.0,4.0,3.0,3.0,4.0,5.0,4.0,3.0,3.0,3.0,3.0,3.0,3.0,3.0,3.0,3.0,4.0,3.0,4.0,3.0,3.0,inf,3.0,3.0,3.0,3.0,3.0,4.0,3.0,2.0,3.0,3.0,3.0,2.0,2.0,3.0,2.0,3.0,2.0,3.0,2.0,2.0,2.0,2.0,2.0,2.0,2.0,3.0,3.0,4.0,4.0,inf,4.0,3.0,6.0,4.0,3.0,4.0,3.0,3.0,3.0,3.0,3.0,3.0,3.0,3.0,3.0,3.0,3.0,3.0,3.0,2.0,3.0,2.0,2.0,3.0,3.0,3.0,3.0,3.0,3.0,3.0,2.0,1.0,1.0,2.0,3.0,3.0,3.0,3.0,3.0,3.0,3.0,4.0,4.0,4.0,3.0,2.0,3.0,2.0,1.0,2.0,2.0,2.0,2.0
PHAL,4.0,3.0,4.0,3.0,4.0,4.0,4.0,4.0,3.0,3.0,3.0,3.0,3.0,3.0,5.0,4.0,5.0,4.0,3.0,4.0,4.0,3.0,3.0,3.0,3.0,4.0,3.0,2.0,3.0,4.0,4.0,4.0,4.0,4.0,inf,inf,inf,2.0,2.0,4.0,4.0,5.0,4.0,3.0,2.0,4.0,4.0,4.0,4.0,2.0,3.0,5.0,4.0,2.0,3.0,3.0,3.0,2.0,3.0,2.0,3.0,2.0,2.0,1.0,1.0,2.0,2.0,2.0,2.0,3.0,2.0,3.0,4.0,4.0,4.0,3.0,5.0,4.0,4.0,3.0,3.0,3.0,3.0,4.0,5.0,5.0,4.0,5.0,3.0,3.0,3.0,3.0,3.0,3.0,3.0,3.0,3.0,3.0,4.0,4.0,4.0,4.0,3.0,2.0,3.0,4.0,5.0,4.0,3.0,2.0,3.0,2.0,2.0,3.0,3.0,3.0,2.0,5.0,6.0,6.0,7.0,7.0,7.0,8.0,9.0,4.0,4.0,5.0,5.0,5.0,6.0,inf,5.0,4.0,3.0,4.0,6.0,2.0,3.0,8.0,7.0,7.0,6.0,8.0,8.0,9.0,8.0,6.0,8.0,6.0,7.0,4.0,4.0,4.0,4.0,4.0,4.0,2.0,3.0,3.0,3.0,0.0,1.0,2.0,2.0,1.0,2.0,3.0,3.0,1.0,2.0,2.0,3.0,3.0,2.0,3.0,3.0,2.0,2.0,2.0,1.0,3.0,3.0,2.0,2.0,2.0,3.0,5.0,4.0,4.0,4.0,4.0,3.0,3.0,3.0,2.0,3.0,3.0,4.0,3.0,3.0,4.0,5.0,4.0,3.0,4.0,4.0,4.0,4.0,4.0,4.0,4.0,3.0,4.0,4.0,4.0,3.0,4.0,inf,3.0,2.0,3.0,3.0,4.0,5.0,4.0,4.0,3.0,4.0,3.0,4.0,4.0,4.0,4.0,3.0,4.0,4.0,4.0,4.0,4.0,3.0,3.0,3.0,3.0,4.0,4.0,4.0,3.0,inf,5.0,3.0,7.0,4.0,4.0,4.0,3.0,3.0,4.0,4.0,3.0,3.0,3.0,3.0,3.0,4.0,3.0,3.0,3.0,3.0,3.0,3.0,2.0,3.0,4.0,4.0,4.0,4.0,4.0,4.0,4.0,4.0,3.0,3.0,2.0,3.0,3.0,3.0,3.0,3.0,3.0,4.0,4.0,5.0,5.0,4.0,5.0,5.0,4.0,4.0,3.0,2.0,3.0
PHAR,3.0,3.0,4.0,3.0,4.0,4.0,4.0,3.0,4.0,3.0,4.0,3.0,3.0,2.0,4.0,3.0,5.0,4.0,3.0,4.0,3.0,4.0,3.0,2.0,2.0,4.0,2.0,2.0,4.0,4.0,3.0,4.0,3.0,3.0,inf,inf,inf,3.0,2.0,4.0,3.0,4.0,4.0,4.0,3.0,5.0,4.0,3.0,3.0,3.0,2.0,5.0,5.0,2.0,2.0,3.0,3.0,3.0,3.0,3.0,3.0,2.0,2.0,1.0,2.0,1.0,2.0,2.0,2.0,2.0,2.0,2.0,4.0,4.0,4.0,4.0,5.0,4.0,3.0,4.0,3.0,2.0,3.0,4.0,4.0,5.0,4.0,4.0,3.0,3.0,3.0,3.0,3.0,3.0,3.0,2.0,2.0,3.0,4.0,3.0,4.0,4.0,3.0,2.0,3.0,4.0,4.0,4.0,3.0,2.0,2.0,2.0,2.0,4.0,4.0,2.0,3.0,5.0,6.0,6.0,7.0,7.0,7.0,8.0,9.0,4.0,4.0,5.0,5.0,5.0,6.0,inf,5.0,4.0,4.0,4.0,5.0,2.0,2.0,8.0,7.0,7.0,6.0,8.0,8.0,9.0,8.0,6.0,8.0,6.0,7.0,3.0,4.0,3.0,4.0,3.0,4.0,1.0,2.0,2.0,2.0,1.0,0.0,2.0,2.0,2.0,1.0,2.0,2.0,2.0,1.0,2.0,3.0,2.0,2.0,3.0,2.0,2.0,2.0,1.0,2.0,2.0,2.0,1.0,2.0,3.0,2.0,4.0,3.0,3.0,4.0,3.0,3.0,3.0,3.0,2.0,2.0,3.0,4.0,3.0,3.0,4.0,5.0,4.0,3.0,4.0,3.0,4.0,3.0,4.0,3.0,4.0,3.0,4.0,3.0,4.0,3.0,3.0,inf,3.0,3.0,4.0,4.0,4.0,4.0,4.0,3.0,3.0,3.0,3.0,3.0,3.0,4.0,3.0,2.0,3.0,3.0,3.0,3.0,3.0,3.0,3.0,3.0,3.0,3.0,4.0,4.0,4.0,inf,4.0,3.0,7.0,4.0,4.0,4.0,4.0,3.0,3.0,3.0,3.0,3.0,2.0,3.0,3.0,3.0,3.0,3.0,3.0,3.0,3.0,3.0,2.0,3.0,4.0,4.0,4.0,4.0,4.0,4.0,4.0,3.0,3.0,3.0,3.0,3.0,3.0,3.0,3.0,3.0,3.0,3.0,4.0,5.0,4.0,3.0,4.0,4.0,3.0,4.0,3.0,2.0,2.0
PHBL,2.0,3.0,3.0,2.0,3.0,4.0,3.0,3.0,4.0,3.0,3.0,3.0,3.0,3.0,4.0,3.0,4.0,3.0,3.0,3.0,4.0,3.0,3.0,4.0,3.0,4.0,3.0,3.0,3.0,3.0,2.0,3.0,2.0,2.0,inf,inf,inf,2.0,2.0,4.0,3.0,4.0,4.0,3.0,2.0,4.0,4.0,2.0,3.0,2.0,2.0,4.0,4.0,2.0,1.0,2.0,3.0,2.0,2.0,3.0,2.0,2.0,2.0,2.0,1.0,1.0,2.0,1.0,3.0,2.0,3.0,3.0,4.0,4.0,4.0,4.0,4.0,4.0,4.0,4.0,3.0,4.0,3.0,4.0,5.0,4.0,4.0,4.0,2.0,2.0,2.0,2.0,2.0,2.0,2.0,2.0,2.0,3.0,4.0,3.0,3.0,3.0,3.0,2.0,3.0,4.0,4.0,4.0,3.0,2.0,2.0,3.0,2.0,3.0,3.0,3.0,3.0,5.0,6.0,6.0,7.0,7.0,7.0,8.0,9.0,4.0,3.0,5.0,4.0,4.0,5.0,inf,4.0,3.0,4.0,4.0,5.0,2.0,2.0,8.0,7.0,7.0,6.0,8.0,8.0,9.0,8.0,6.0,8.0,6.0,7.0,4.0,4.0,4.0,3.0,3.0,4.0,3.0,3.0,2.0,2.0,2.0,2.0,0.0,1.0,2.0,2.0,2.0,3.0,1.0,3.0,2.0,1.0,2.0,2.0,3.0,3.0,2.0,2.0,2.0,2.0,1.0,2.0,3.0,2.0,2.0,2.0,4.0,3.0,3.0,3.0,3.0,3.0,3.0,3.0,3.0,3.0,3.0,4.0,2.0,2.0,4.0,5.0,5.0,3.0,4.0,4.0,3.0,3.0,3.0,2.0,3.0,2.0,4.0,4.0,4.0,3.0,3.0,inf,3.0,3.0,4.0,4.0,3.0,4.0,3.0,2.0,3.0,2.0,2.0,3.0,3.0,3.0,3.0,2.0,3.0,2.0,3.0,3.0,3.0,3.0,3.0,3.0,3.0,3.0,3.0,4.0,3.0,inf,3.0,3.0,6.0,4.0,4.0,4.0,4.0,3.0,2.0,2.0,3.0,2.0,3.0,2.0,2.0,2.0,3.0,2.0,2.0,2.0,2.0,2.0,2.0,3.0,3.0,3.0,3.0,3.0,3.0,3.0,3.0,3.0,2.0,2.0,3.0,3.0,3.0,3.0,3.0,3.0,3.0,4.0,3.0,4.0,4.0,3.0,4.0,4.0,3.0,3.0,2.0,2.0,2.0
PHBR,3.0,3.0,4.0,3.0,4.0,4.0,4.0,3.0,4.0,3.0,3.0,3.0,3.0,2.0,4.0,3.0,5.0,4.0,3.0,4.0,3.0,3.0,3.0,4.0,4.0,4.0,4.0,2.0,4.0,4.0,3.0,4.0,3.0,3.0,inf,inf,inf,2.0,2.0,4.0,3.0,4.0,4.0,3.0,2.0,4.0,4.0,3.0,3.0,2.0,2.0,5.0,5.0,2.0,2.0,3.0,3.0,2.0,3.0,3.0,3.0,2.0,2.0,2.0,1.0,1.0,2.0,2.0,2.0,2.0,2.0,3.0,4.0,4.0,4.0,4.0,5.0,4.0,3.0,4.0,3.0,3.0,4.0,4.0,4.0,5.0,3.0,4.0,3.0,3.0,3.0,3.0,3.0,3.0,3.0,2.0,2.0,3.0,4.0,4.0,4.0,4.0,3.0,2.0,4.0,5.0,4.0,3.0,3.0,2.0,2.0,2.0,2.0,3.0,3.0,2.0,3.0,4.0,5.0,5.0,6.0,6.0,6.0,7.0,8.0,3.0,3.0,4.0,4.0,4.0,5.0,inf,4.0,3.0,4.0,3.0,5.0,2.0,2.0,7.0,6.0,6.0,5.0,7.0,7.0,8.0,7.0,5.0,7.0,5.0,6.0,3.0,4.0,3.0,4.0,3.0,4.0,3.0,2.0,3.0,3.0,2.0,2.0,1.0,0.0,2.0,1.0,3.0,3.0,2.0,3.0,2.0,2.0,2.0,3.0,3.0,3.0,2.0,2.0,1.0,2.0,2.0,2.0,3.0,1.0,3.0,2.0,4.0,3.0,3.0,4.0,3.0,3.0,3.0,3.0,3.0,2.0,3.0,4.0,3.0,3.0,3.0,4.0,4.0,3.0,4.0,3.0,4.0,4.0,4.0,3.0,4.0,3.0,3.0,3.0,3.0,2.0,3.0,inf,3.0,3.0,4.0,4.0,4.0,4.0,4.0,3.0,3.0,3.0,3.0,3.0,3.0,4.0,3.0,2.0,3.0,3.0,3.0,3.0,3.0,3.0,3.0,3.0,3.0,3.0,4.0,3.0,4.0,inf,4.0,2.0,6.0,4.0,4.0,4.0,4.0,3.0,3.0,3.0,3.0,3.0,3.0,3.0,3.0,3.0,3.0,3.0,3.0,3.0,3.0,3.0,2.0,3.0,4.0,4.0,4.0,4.0,4.0,4.0,4.0,4.0,3.0,3.0,3.0,2.0,2.0,3.0,2.0,2.0,3.0,4.0,4.0,5.0,5.0,4.0,4.0,4.0,4.0,3.0,2.0,2.0,2.0
PHCL,3.0,3.0,4.0,3.0,4.0,4.0,3.0,4.0,3.0,4.0,4.0,4.0,3.0,3.0,4.0,4.0,5.0,4.0,4.0,3.0,4.0,4.0,3.0,4.0,3.0,5.0,4.0,3.0,3.0,3.0,3.0,3.0,3.0,3.0,inf,inf,inf,2.0,3.0,4.0,5.0,5.0,5.0,4.0,3.0,5.0,4.0,4.0,5.0,3.0,4.0,5.0,4.0,1.0,2.0,3.0,3.0,2.0,2.0,2.0,3.0,3.0,3.0,2.0,2.0,3.0,2.0,2.0,3.0,3.0,3.0,3.0,4.0,5.0,4.0,4.0,5.0,5.0,4.0,3.0,3.0,3.0,4.0,3.0,5.0,5.0,5.0,5.0,2.0,2.0,2.0,2.0,2.0,2.0,2.0,2.0,2.0,3.0,4.0,4.0,4.0,4.0,4.0,3.0,3.0,4.0,5.0,4.0,3.0,2.0,3.0,3.0,3.0,3.0,3.0,3.0,3.0,6.0,6.0,7.0,7.0,7.0,8.0,9.0,10.0,4.0,4.0,5.0,5.0,5.0,6.0,inf,5.0,4.0,4.0,5.0,6.0,2.0,2.0,8.0,8.0,8.0,7.0,8.0,9.0,10.0,9.0,7.0,8.0,7.0,7.0,4.0,5.0,4.0,4.0,4.0,5.0,3.0,3.0,3.0,3.0,1.0,2.0,2.0,2.0,0.0,1.0,2.0,2.0,1.0,3.0,3.0,2.0,2.0,3.0,2.0,4.0,2.0,3.0,2.0,2.0,3.0,4.0,3.0,3.0,3.0,3.0,5.0,4.0,4.0,4.0,4.0,4.0,3.0,3.0,3.0,3.0,4.0,4.0,3.0,2.0,5.0,5.0,4.0,3.0,4.0,4.0,4.0,4.0,4.0,3.0,4.0,3.0,4.0,4.0,4.0,3.0,4.0,inf,3.0,3.0,4.0,4.0,4.0,5.0,4.0,3.0,2.0,3.0,2.0,4.0,4.0,3.0,3.0,4.0,4.0,3.0,3.0,3.0,3.0,4.0,4.0,4.0,4.0,4.0,4.0,4.0,3.0,inf,4.0,4.0,7.0,4.0,5.0,4.0,4.0,2.0,3.0,3.0,2.0,2.0,2.0,2.0,2.0,3.0,2.0,2.0,2.0,2.0,2.0,2.0,1.0,3.0,4.0,3.0,4.0,4.0,4.0,4.0,3.0,4.0,3.0,2.0,3.0,4.0,4.0,4.0,4.0,4.0,4.0,3.0,3.0,4.0,5.0,4.0,5.0,4.0,3.0,4.0,3.0,2.0,2.0
PHCR,3.0,3.0,3.0,2.0,4.0,4.0,3.0,4.0,3.0,3.0,4.0,3.0,3.0,3.0,3.0,4.0,4.0,3.0,3.0,3.0,4.0,3.0,3.0,3.0,3.0,4.0,3.0,3.0,3.0,3.0,2.0,3.0,2.0,2.0,inf,inf,inf,2.0,2.0,4.0,4.0,4.0,4.0,3.0,2.0,4.0,4.0,4.0,4.0,3.0,3.0,4.0,4.0,1.0,1.0,2.0,3.0,2.0,2.0,2.0,2.0,2.0,3.0,1.0,2.0,2.0,2.0,1.0,3.0,3.0,2.0,3.0,4.0,4.0,4.0,4.0,5.0,4.0,4.0,3.0,3.0,3.0,3.0,3.0,5.0,4.0,4.0,5.0,2.0,2.0,2.0,2.0,2.0,2.0,2.0,2.0,1.0,3.0,4.0,3.0,3.0,3.0,3.0,2.0,3.0,4.0,4.0,4.0,3.0,2.0,2.0,3.0,2.0,3.0,3.0,3.0,3.0,5.0,6.0,6.0,7.0,7.0,7.0,8.0,9.0,4.0,3.0,5.0,4.0,4.0,5.0,inf,4.0,4.0,4.0,4.0,6.0,2.0,2.0,8.0,7.0,7.0,6.0,8.0,8.0,9.0,8.0,6.0,8.0,6.0,7.0,4.0,4.0,4.0,3.0,4.0,4.0,2.0,3.0,3.0,2.0,2.0,1.0,2.0,1.0,1.0,0.0,2.0,2.0,2.0,2.0,2.0,2.0,1.0,2.0,2.0,3.0,2.0,2.0,2.0,2.0,3.0,3.0,2.0,2.0,2.0,2.0,4.0,3.0,3.0,3.0,4.0,3.0,2.0,3.0,2.0,3.0,3.0,4.0,2.0,2.0,4.0,5.0,4.0,3.0,3.0,4.0,3.0,3.0,3.0,2.0,3.0,2.0,4.0,4.0,4.0,3.0,3.0,inf,3.0,3.0,3.0,4.0,3.0,4.0,3.0,2.0,2.0,2.0,2.0,3.0,3.0,3.0,3.0,3.0,3.0,2.0,2.0,2.0,2.0,3.0,4.0,3.0,3.0,3.0,3.0,4.0,3.0,inf,3.0,3.0,6.0,4.0,4.0,4.0,4.0,2.0,2.0,2.0,2.0,2.0,2.0,2.0,2.0,2.0,2.0,2.0,2.0,2.0,2.0,2.0,2.0,3.0,3.0,3.0,3.0,3.0,3.0,3.0,3.0,3.0,2.0,2.0,3.0,3.0,3.0,3.0,3.0,3.0,3.0,3.0,3.0,4.0,5.0,4.0,5.0,4.0,3.0,3.0,2.0,3.0,2.0
PLML,2.0,2.0,3.0,3.0,3.0,3.0,2.0,3.0,3.0,3.0,4.0,3.0,3.0,3.0,4.0,3.0,4.0,4.0,3.0,3.0,4.0,3.0,3.0,2.0,2.0,4.0,2.0,3.0,3.0,3.0,2.0,3.0,2.0,2.0,inf,inf,inf,2.0,3.0,4.0,4.0,4.0,4.0,3.0,2.0,5.0,4.0,4.0,4.0,3.0,3.0,4.0,4.0,1.0,1.0,2.0,3.0,1.0,1.0,2.0,2.0,2.0,3.0,3.0,2.0,3.0,2.0,2.0,2.0,2.0,3.0,2.0,3.0,4.0,4.0,4.0,4.0,4.0,4.0,3.0,1.0,2.0,3.0,3.0,5.0,4.0,4.0,4.0,2.0,2.0,2.0,2.0,2.0,2.0,2.0,2.0,2.0,3.0,4.0,3.0,3.0,3.0,3.0,2.0,3.0,4.0,3.0,3.0,3.0,2.0,2.0,3.0,3.0,2.0,2.0,3.0,3.0,5.0,6.0,6.0,7.0,7.0,7.0,8.0,9.0,4.0,3.0,5.0,4.0,4.0,5.0,inf,4.0,4.0,4.0,4.0,5.0,1.0,2.0,8.0,7.0,7.0,6.0,8.0,8.0,9.0,8.0,6.0,8.0,6.0,7.0,4.0,4.0,4.0,3.0,3.0,4.0,3.0,2.0,1.0,1.0,3.0,2.0,2.0,3.0,2.0,2.0,0.0,2.0,3.0,3.0,2.0,1.0,2.0,2.0,2.0,2.0,2.0,2.0,2.0,2.0,3.0,3.0,1.0,2.0,2.0,2.0,4.0,3.0,3.0,3.0,3.0,3.0,3.0,2.0,3.0,3.0,3.0,3.0,2.0,2.0,4.0,5.0,4.0,3.0,4.0,4.0,3.0,3.0,3.0,2.0,3.0,2.0,4.0,4.0,4.0,3.0,3.0,inf,3.0,3.0,4.0,4.0,3.0,4.0,3.0,2.0,2.0,2.0,2.0,3.0,3.0,2.0,3.0,3.0,3.0,2.0,3.0,3.0,3.0,3.0,3.0,3.0,3.0,3.0,3.0,4.0,3.0,inf,3.0,3.0,6.0,4.0,4.0,4.0,4.0,2.0,2.0,2.0,2.0,2.0,2.0,2.0,2.0,2.0,2.0,2.0,2.0,2.0,2.0,2.0,2.0,3.0,3.0,3.0,3.0,3.0,3.0,3.0,3.0,2.0,2.0,2.0,3.0,3.0,3.0,3.0,3.0,3.0,3.0,3.0,3.0,4.0,3.0,2.0,3.0,3.0,2.0,3.0,2.0,3.0,2.0
PLMR,3.0,3.0,3.0,3.0,4.0,4.0,3.0,4.0,3.0,4.0,4.0,4.0,3.0,3.0,3.0,3.0,4.0,4.0,3.0,3.0,4.0,4.0,3.0,2.0,2.0,4.0,2.0,3.0,3.0,3.0,3.0,3.0,3.0,3.0,inf,inf,inf,2.0,3.0,4.0,4.0,4.0,5.0,4.0,3.0,5.0,4.0,4.0,4.0,3.0,3.0,4.0,4.0,1.0,2.0,3.0,3.0,2.0,2.0,2.0,3.0,3.0,3.0,3.0,3.0,3.0,2.0,2.0,2.0,2.0,3.0,2.0,4.0,5.0,4.0,4.0,5.0,5.0,4.0,3.0,3.0,1.0,3.0,3.0,5.0,5.0,4.0,4.0,2.0,2.0,2.0,2.0,2.0,2.0,2.0,2.0,2.0,3.0,4.0,3.0,4.0,4.0,3.0,2.0,3.0,4.0,3.0,3.0,3.0,3.0,2.0,3.0,3.0,3.0,3.0,2.0,2.0,5.0,6.0,6.0,7.0,7.0,7.0,8.0,9.0,4.0,4.0,5.0,5.0,4.0,5.0,inf,5.0,4.0,4.0,4.0,5.0,2.0,1.0,8.0,7.0,7.0,6.0,8.0,8.0,9.0,8.0,6.0,8.0,6.0,7.0,4.0,4.0,4.0,4.0,4.0,4.0,3.0,2.0,1.0,1.0,3.0,2.0,3.0,3.0,2.0,2.0,2.0,0.0,3.0,1.0,3.0,2.0,1.0,2.0,2.0,2.0,2.0,2.0,2.0,2.0,3.0,3.0,1.0,2.0,2.0,2.0,4.0,4.0,3.0,3.0,3.0,3.0,3.0,3.0,3.0,3.0,3.0,4.0,3.0,2.0,4.0,5.0,4.0,3.0,3.0,4.0,3.0,3.0,3.0,3.0,3.0,3.0,4.0,4.0,4.0,3.0,4.0,inf,3.0,3.0,3.0,4.0,4.0,4.0,4.0,3.0,2.0,3.0,2.0,3.0,3.0,3.0,3.0,3.0,3.0,3.0,2.0,2.0,2.0,3.0,3.0,3.0,3.0,3.0,4.0,4.0,3.0,inf,4.0,3.0,6.0,4.0,4.0,4.0,4.0,2.0,3.0,3.0,2.0,2.0,2.0,2.0,2.0,3.0,2.0,2.0,2.0,2.0,2.0,2.0,2.0,3.0,4.0,3.0,4.0,4.0,4.0,4.0,3.0,2.0,2.0,2.0,3.0,3.0,3.0,4.0,3.0,3.0,4.0,3.0,3.0,4.0,3.0,2.0,3.0,3.0,2.0,3.0,3.0,3.0,2.0
PLNL,3.0,4.0,4.0,3.0,4.0,5.0,4.0,4.0,4.0,4.0,4.0,4.0,4.0,4.0,5.0,4.0,5.0,4.0,4.0,4.0,5.0,4.0,4.0,4.0,4.0,5.0,4.0,3.0,4.0,4.0,3.0,4.0,3.0,3.0,inf,inf,inf,3.0,3.0,5.0,4.0,5.0,5.0,4.0,3.0,5.0,5.0,3.0,4.0,3.0,3.0,5.0,5.0,2.0,2.0,3.0,4.0,3.0,3.0,3.0,3.0,3.0,3.0,2.0,2.0,2.0,3.0,2.0,3.0,3.0,3.0,4.0,5.0,5.0,5.0,4.0,5.0,5.0,5.0,4.0,4.0,4.0,4.0,4.0,6.0,5.0,5.0,5.0,3.0,3.0,3.0,3.0,3.0,3.0,3.0,3.0,3.0,4.0,5.0,4.0,4.0,4.0,4.0,3.0,4.0,5.0,5.0,5.0,4.0,3.0,3.0,3.0,3.0,4.0,4.0,4.0,3.0,6.0,7.0,7.0,8.0,8.0,8.0,9.0,10.0,5.0,4.0,6.0,5.0,5.0,6.0,inf,5.0,4.0,4.0,5.0,6.0,3.0,3.0,9.0,8.0,8.0,7.0,9.0,9.0,10.0,9.0,7.0,9.0,7.0,8.0,5.0,5.0,5.0,4.0,4.0,5.0,3.0,4.0,3.0,3.0,1.0,2.0,1.0,2.0,1.0,2.0,3.0,3.0,0.0,3.0,3.0,2.0,3.0,3.0,3.0,4.0,3.0,3.0,3.0,2.0,2.0,3.0,3.0,3.0,3.0,3.0,5.0,4.0,4.0,4.0,4.0,4.0,4.0,4.0,3.0,4.0,4.0,5.0,3.0,3.0,5.0,6.0,5.0,4.0,5.0,5.0,4.0,4.0,4.0,3.0,4.0,3.0,5.0,5.0,5.0,4.0,4.0,inf,4.0,3.0,4.0,4.0,4.0,5.0,4.0,3.0,3.0,3.0,3.0,4.0,4.0,4.0,4.0,3.0,4.0,3.0,4.0,4.0,4.0,4.0,4.0,4.0,4.0,4.0,4.0,5.0,4.0,inf,4.0,4.0,7.0,5.0,5.0,5.0,4.0,3.0,3.0,3.0,3.0,3.0,3.0,3.0,3.0,3.0,3.0,3.0,3.0,3.0,3.0,3.0,2.0,4.0,4.0,4.0,4.0,4.0,4.0,4.0,4.0,4.0,3.0,3.0,3.0,4.0,4.0,4.0,4.0,4.0,4.0,4.0,4.0,5.0,5.0,4.0,5.0,5.0,4.0,4.0,3.0,3.0,3.0
PLNR,4.0,4.0,4.0,4.0,5.0,5.0,4.0,4.0,4.0,4.0,5.0,4.0,4.0,3.0,4.0,4.0,5.0,5.0,4.0,4.0,4.0,5.0,4.0,3.0,3.0,5.0,3.0,3.0,4.0,4.0,4.0,3.0,4.0,4.0,inf,inf,inf,3.0,3.0,5.0,4.0,5.0,5.0,5.0,4.0,6.0,5.0,4.0,4.0,4.0,3.0,5.0,5.0,2.0,3.0,4.0,4.0,3.0,3.0,3.0,4.0,3.0,3.0,2.0,3.0,2.0,3.0,3.0,3.0,3.0,3.0,3.0,5.0,5.0,5.0,5.0,6.0,5.0,4.0,4.0,4.0,2.0,4.0,4.0,5.0,6.0,5.0,5.0,3.0,3.0,2.0,3.0,3.0,3.0,3.0,3.0,3.0,4.0,4.0,4.0,5.0,5.0,4.0,3.0,3.0,4.0,4.0,4.0,4.0,3.0,3.0,3.0,3.0,4.0,3.0,3.0,3.0,6.0,7.0,7.0,8.0,8.0,8.0,9.0,10.0,5.0,5.0,6.0,6.0,5.0,6.0,inf,6.0,5.0,5.0,5.0,6.0,3.0,2.0,9.0,8.0,8.0,7.0,9.0,9.0,10.0,9.0,7.0,9.0,7.0,8.0,4.0,5.0,4.0,5.0,4.0,5.0,2.0,3.0,2.0,2.0,2.0,1.0,3.0,3.0,3.0,2.0,3.0,1.0,3.0,0.0,3.0,3.0,2.0,3.0,3.0,3.0,3.0,3.0,2.0,3.0,3.0,3.0,2.0,3.0,3.0,3.0,5.0,4.0,4.0,4.0,4.0,4.0,4.0,4.0,3.0,3.0,4.0,5.0,4.0,3.0,5.0,6.0,5.0,4.0,4.0,4.0,4.0,4.0,4.0,4.0,4.0,4.0,5.0,4.0,5.0,4.0,4.0,inf,4.0,4.0,4.0,5.0,5.0,5.0,5.0,4.0,2.0,4.0,3.0,4.0,4.0,4.0,4.0,3.0,4.0,4.0,3.0,3.0,3.0,4.0,4.0,4.0,4.0,4.0,4.0,4.0,4.0,inf,5.0,4.0,7.0,5.0,5.0,5.0,5.0,3.0,4.0,4.0,3.0,3.0,1.0,3.0,3.0,4.0,2.0,3.0,3.0,3.0,3.0,3.0,3.0,3.0,4.0,4.0,5.0,5.0,5.0,5.0,4.0,3.0,3.0,3.0,4.0,4.0,4.0,4.0,4.0,4.0,3.0,2.0,3.0,4.0,4.0,3.0,4.0,4.0,3.0,4.0,4.0,3.0,3.0
PQR,2.0,2.0,3.0,2.0,3.0,3.0,2.0,3.0,3.0,3.0,4.0,3.0,3.0,2.0,4.0,3.0,4.0,3.0,3.0,3.0,3.0,3.0,3.0,3.0,2.0,4.0,3.0,2.0,3.0,3.0,2.0,3.0,2.0,2.0,inf,inf,inf,2.0,2.0,4.0,4.0,4.0,4.0,3.0,2.0,4.0,4.0,3.0,4.0,3.0,3.0,4.0,4.0,2.0,1.0,2.0,2.0,1.0,1.0,2.0,2.0,2.0,2.0,2.0,2.0,2.0,1.0,1.0,2.0,2.0,2.0,2.0,3.0,4.0,4.0,3.0,4.0,4.0,3.0,3.0,2.0,3.0,3.0,4.0,4.0,4.0,4.0,4.0,2.0,2.0,2.0,2.0,2.0,2.0,2.0,2.0,2.0,3.0,3.0,3.0,3.0,3.0,3.0,2.0,3.0,4.0,4.0,4.0,3.0,2.0,2.0,2.0,2.0,2.0,2.0,2.0,2.0,5.0,6.0,6.0,7.0,7.0,7.0,8.0,9.0,4.0,3.0,5.0,4.0,4.0,5.0,inf,4.0,4.0,3.0,4.0,5.0,2.0,2.0,8.0,7.0,7.0,6.0,8.0,8.0,9.0,8.0,6.0,8.0,6.0,7.0,3.0,4.0,3.0,3.0,3.0,4.0,3.0,2.0,2.0,2.0,2.0,2.0,2.0,2.0,3.0,2.0,2.0,3.0,3.0,3.0,0.0,1.0,2.0,2.0,3.0,3.0,1.0,1.0,1.0,1.0,2.0,3.0,2.0,2.0,2.0,2.0,4.0,3.0,3.0,3.0,3.0,3.0,3.0,2.0,2.0,2.0,3.0,3.0,2.0,2.0,4.0,5.0,4.0,2.0,4.0,3.0,3.0,3.0,3.0,2.0,3.0,2.0,4.0,3.0,4.0,3.0,3.0,inf,3.0,2.0,3.0,3.0,3.0,4.0,3.0,2.0,3.0,2.0,2.0,3.0,3.0,2.0,3.0,3.0,3.0,2.0,3.0,3.0,3.0,3.0,3.0,3.0,3.0,3.0,3.0,3.0,3.0,inf,3.0,3.0,6.0,4.0,4.0,4.0,3.0,3.0,2.0,2.0,3.0,2.0,3.0,2.0,2.0,2.0,3.0,2.0,2.0,2.0,2.0,2.0,2.0,3.0,3.0,3.0,3.0,3.0,3.0,3.0,3.0,3.0,2.0,2.0,2.0,3.0,3.0,3.0,3.0,3.0,3.0,4.0,3.0,4.0,4.0,3.0,4.0,4.0,3.0,3.0,2.0,2.0,2.0
PVCL,3.0,3.0,3.0,2.0,4.0,4.0,3.0,4.0,3.0,3.0,4.0,3.0,3.0,3.0,3.0,3.0,4.0,3.0,3.0,3.0,4.0,3.0,3.0,3.0,3.0,4.0,3.0,3.0,3.0,3.0,2.0,3.0,2.0,2.0,inf,inf,inf,2.0,2.0,4.0,3.0,4.0,4.0,3.0,2.0,4.0,4.0,3.0,3.0,3.0,3.0,4.0,4.0,1.0,1.0,2.0,2.0,2.0,2.0,2.0,2.0,1.0,2.0,2.0,2.0,2.0,1.0,1.0,2.0,2.0,2.0,3.0,4.0,4.0,4.0,4.0,5.0,4.0,4.0,3.0,2.0,3.0,3.0,3.0,5.0,4.0,4.0,4.0,2.0,2.0,2.0,1.0,2.0,2.0,1.0,1.0,2.0,2.0,3.0,3.0,3.0,3.0,2.0,1.0,3.0,4.0,3.0,3.0,2.0,1.0,1.0,2.0,2.0,3.0,3.0,3.0,3.0,5.0,6.0,6.0,7.0,7.0,7.0,8.0,9.0,4.0,3.0,5.0,4.0,4.0,5.0,inf,4.0,4.0,4.0,4.0,5.0,1.0,2.0,8.0,7.0,7.0,6.0,8.0,8.0,9.0,8.0,6.0,8.0,6.0,7.0,4.0,4.0,4.0,3.0,4.0,4.0,2.0,2.0,1.0,1.0,3.0,3.0,1.0,2.0,2.0,2.0,1.0,2.0,2.0,3.0,1.0,0.0,1.0,2.0,2.0,2.0,1.0,2.0,2.0,2.0,2.0,2.0,2.0,2.0,1.0,2.0,4.0,3.0,3.0,3.0,3.0,3.0,3.0,3.0,2.0,3.0,3.0,4.0,2.0,2.0,4.0,5.0,4.0,2.0,3.0,3.0,3.0,3.0,3.0,2.0,3.0,2.0,4.0,4.0,4.0,3.0,3.0,inf,3.0,3.0,3.0,4.0,3.0,4.0,3.0,2.0,2.0,2.0,2.0,2.0,2.0,3.0,2.0,3.0,2.0,2.0,2.0,2.0,2.0,3.0,3.0,3.0,3.0,3.0,3.0,3.0,3.0,inf,3.0,3.0,6.0,4.0,4.0,4.0,4.0,2.0,2.0,2.0,2.0,2.0,2.0,2.0,2.0,2.0,2.0,2.0,2.0,2.0,2.0,2.0,1.0,3.0,3.0,3.0,3.0,3.0,3.0,3.0,3.0,2.0,1.0,1.0,3.0,3.0,3.0,2.0,2.0,3.0,3.0,3.0,3.0,4.0,3.0,2.0,3.0,3.0,2.0,3.0,2.0,2.0,1.0
PVCR,2.0,3.0,2.0,2.0,3.0,3.0,2.0,3.0,3.0,3.0,4.0,3.0,3.0,2.0,2.0,3.0,3.0,3.0,3.0,3.0,3.0,3.0,2.0,2.0,2.0,4.0,2.0,3.0,3.0,3.0,2.0,3.0,2.0,2.0,inf,inf,inf,2.0,2.0,4.0,3.0,3.0,4.0,3.0,2.0,4.0,4.0,3.0,3.0,3.0,3.0,3.0,4.0,1.0,1.0,2.0,2.0,2.0,1.0,2.0,2.0,2.0,3.0,2.0,2.0,2.0,1.0,1.0,2.0,2.0,2.0,2.0,3.0,4.0,4.0,4.0,4.0,4.0,4.0,3.0,3.0,2.0,2.0,2.0,4.0,4.0,3.0,4.0,2.0,2.0,2.0,2.0,2.0,2.0,1.0,2.0,1.0,2.0,3.0,3.0,3.0,3.0,2.0,1.0,3.0,4.0,4.0,3.0,3.0,2.0,1.0,2.0,2.0,3.0,2.0,3.0,3.0,4.0,5.0,5.0,6.0,6.0,6.0,7.0,8.0,3.0,3.0,4.0,4.0,3.0,4.0,inf,4.0,3.0,4.0,3.0,5.0,2.0,2.0,7.0,6.0,6.0,5.0,7.0,7.0,8.0,7.0,5.0,7.0,5.0,6.0,4.0,4.0,3.0,3.0,3.0,3.0,2.0,2.0,2.0,1.0,3.0,2.0,2.0,2.0,2.0,1.0,2.0,1.0,3.0,2.0,2.0,1.0,0.0,1.0,1.0,2.0,2.0,2.0,2.0,2.0,3.0,2.0,1.0,1.0,1.0,1.0,3.0,3.0,2.0,2.0,3.0,3.0,2.0,3.0,2.0,3.0,3.0,4.0,2.0,2.0,3.0,4.0,4.0,2.0,2.0,3.0,2.0,3.0,2.0,2.0,2.0,2.0,3.0,3.0,3.0,2.0,3.0,inf,3.0,3.0,2.0,4.0,3.0,3.0,3.0,2.0,2.0,2.0,2.0,2.0,2.0,2.0,2.0,2.0,2.0,2.0,1.0,1.0,1.0,2.0,3.0,2.0,2.0,3.0,3.0,3.0,3.0,inf,3.0,2.0,5.0,4.0,3.0,4.0,4.0,2.0,2.0,2.0,2.0,2.0,2.0,2.0,2.0,2.0,2.0,2.0,2.0,1.0,2.0,1.0,1.0,3.0,3.0,3.0,3.0,3.0,3.0,3.0,2.0,2.0,1.0,1.0,3.0,2.0,2.0,3.0,2.0,2.0,3.0,3.0,3.0,4.0,4.0,3.0,4.0,3.0,2.0,3.0,2.0,2.0,2.0
PVDL,3.0,3.0,3.0,3.0,4.0,4.0,3.0,3.0,4.0,3.0,3.0,3.0,3.0,3.0,3.0,4.0,4.0,4.0,3.0,3.0,4.0,3.0,1.0,3.0,3.0,4.0,3.0,3.0,3.0,3.0,2.0,2.0,2.0,2.0,inf,inf,inf,2.0,2.0,4.0,4.0,4.0,4.0,3.0,2.0,4.0,4.0,2.0,3.0,3.0,2.0,4.0,4.0,2.0,1.0,2.0,2.0,2.0,2.0,3.0,2.0,2.0,3.0,1.0,3.0,2.0,2.0,2.0,3.0,3.0,3.0,3.0,4.0,4.0,4.0,4.0,5.0,4.0,4.0,4.0,3.0,3.0,1.0,2.0,5.0,4.0,4.0,5.0,2.0,2.0,1.0,2.0,1.0,2.0,2.0,2.0,2.0,1.0,2.0,3.0,3.0,3.0,3.0,2.0,3.0,4.0,4.0,3.0,3.0,2.0,2.0,3.0,2.0,3.0,2.0,2.0,2.0,5.0,6.0,6.0,7.0,7.0,7.0,8.0,9.0,4.0,3.0,5.0,4.0,4.0,5.0,inf,4.0,3.0,4.0,4.0,6.0,3.0,2.0,8.0,7.0,7.0,6.0,8.0,8.0,9.0,8.0,6.0,8.0,6.0,7.0,4.0,4.0,4.0,3.0,4.0,4.0,3.0,3.0,3.0,2.0,2.0,2.0,2.0,3.0,3.0,2.0,2.0,2.0,3.0,3.0,2.0,2.0,1.0,0.0,1.0,3.0,3.0,3.0,2.0,3.0,3.0,3.0,2.0,2.0,2.0,2.0,4.0,3.0,3.0,3.0,4.0,3.0,2.0,3.0,2.0,3.0,3.0,4.0,2.0,2.0,4.0,5.0,5.0,3.0,3.0,4.0,3.0,3.0,3.0,2.0,3.0,2.0,4.0,4.0,4.0,3.0,3.0,inf,4.0,3.0,3.0,4.0,3.0,4.0,3.0,2.0,3.0,2.0,2.0,3.0,3.0,3.0,3.0,3.0,3.0,2.0,2.0,2.0,2.0,3.0,4.0,3.0,3.0,3.0,3.0,4.0,3.0,inf,3.0,3.0,6.0,4.0,4.0,4.0,4.0,3.0,2.0,2.0,3.0,2.0,2.0,2.0,2.0,2.0,2.0,2.0,2.0,2.0,1.0,2.0,2.0,3.0,3.0,2.0,3.0,3.0,3.0,3.0,3.0,3.0,2.0,2.0,4.0,3.0,3.0,3.0,3.0,3.0,3.0,3.0,3.0,4.0,5.0,4.0,4.0,3.0,2.0,3.0,2.0,3.0,3.0
PVDR,3.0,3.0,3.0,3.0,4.0,4.0,3.0,3.0,3.0,3.0,3.0,3.0,2.0,2.0,3.0,4.0,4.0,4.0,3.0,3.0,3.0,3.0,1.0,3.0,3.0,4.0,3.0,3.0,3.0,3.0,1.0,3.0,3.0,3.0,inf,inf,inf,2.0,3.0,4.0,3.0,4.0,4.0,4.0,3.0,4.0,4.0,2.0,3.0,3.0,2.0,4.0,4.0,1.0,2.0,3.0,3.0,2.0,2.0,2.0,2.0,3.0,3.0,2.0,3.0,2.0,2.0,2.0,2.0,3.0,2.0,3.0,4.0,4.0,4.0,4.0,5.0,4.0,4.0,3.0,3.0,3.0,2.0,1.0,5.0,5.0,4.0,5.0,2.0,2.0,2.0,2.0,2.0,2.0,2.0,2.0,2.0,2.0,3.0,3.0,4.0,4.0,3.0,2.0,3.0,4.0,3.0,2.0,2.0,2.0,2.0,2.0,1.0,3.0,3.0,2.0,2.0,5.0,5.0,6.0,6.0,6.0,7.0,8.0,9.0,4.0,4.0,5.0,5.0,4.0,5.0,inf,4.0,3.0,4.0,4.0,6.0,2.0,2.0,7.0,7.0,7.0,6.0,7.0,8.0,9.0,8.0,6.0,7.0,6.0,6.0,4.0,4.0,4.0,4.0,4.0,4.0,3.0,3.0,2.0,1.0,3.0,3.0,3.0,3.0,2.0,2.0,2.0,2.0,3.0,3.0,3.0,2.0,1.0,1.0,0.0,2.0,2.0,2.0,2.0,2.0,3.0,2.0,2.0,2.0,2.0,2.0,4.0,4.0,3.0,3.0,4.0,3.0,2.0,3.0,3.0,3.0,3.0,4.0,3.0,2.0,4.0,4.0,4.0,3.0,3.0,3.0,3.0,4.0,3.0,3.0,3.0,3.0,3.0,4.0,4.0,3.0,4.0,inf,3.0,3.0,3.0,4.0,4.0,4.0,4.0,3.0,2.0,3.0,2.0,3.0,3.0,3.0,3.0,3.0,3.0,3.0,2.0,2.0,2.0,3.0,3.0,3.0,3.0,3.0,3.0,4.0,3.0,inf,4.0,3.0,6.0,4.0,4.0,4.0,4.0,2.0,3.0,3.0,2.0,2.0,2.0,2.0,2.0,3.0,2.0,2.0,2.0,2.0,2.0,2.0,2.0,3.0,4.0,3.0,4.0,4.0,4.0,4.0,3.0,2.0,2.0,2.0,3.0,3.0,3.0,3.0,2.0,2.0,2.0,3.0,3.0,4.0,4.0,3.0,3.0,2.0,1.0,2.0,2.0,3.0,2.0
PVM,4.0,3.0,3.0,1.0,4.0,3.0,4.0,4.0,3.0,4.0,4.0,4.0,3.0,3.0,4.0,3.0,3.0,2.0,2.0,3.0,3.0,4.0,3.0,2.0,2.0,3.0,2.0,2.0,3.0,4.0,3.0,4.0,3.0,3.0,inf,inf,inf,2.0,2.0,4.0,3.0,3.0,4.0,4.0,3.0,3.0,4.0,4.0,3.0,4.0,3.0,3.0,4.0,3.0,3.0,2.0,2.0,3.0,3.0,3.0,3.0,3.0,3.0,3.0,3.0,3.0,3.0,2.0,1.0,2.0,2.0,2.0,4.0,4.0,4.0,4.0,4.0,5.0,3.0,4.0,3.0,2.0,4.0,3.0,4.0,4.0,4.0,4.0,3.0,3.0,3.0,3.0,4.0,3.0,3.0,3.0,2.0,2.0,2.0,1.0,2.0,3.0,3.0,2.0,4.0,3.0,2.0,2.0,2.0,3.0,1.0,3.0,2.0,3.0,2.0,3.0,3.0,5.0,6.0,6.0,7.0,7.0,7.0,8.0,9.0,4.0,4.0,5.0,5.0,5.0,6.0,inf,5.0,4.0,4.0,4.0,5.0,2.0,2.0,8.0,7.0,7.0,6.0,8.0,8.0,9.0,8.0,6.0,8.0,6.0,7.0,3.0,3.0,3.0,3.0,3.0,3.0,2.0,2.0,1.0,1.0,3.0,2.0,3.0,3.0,4.0,3.0,2.0,2.0,4.0,3.0,3.0,2.0,2.0,3.0,2.0,0.0,3.0,2.0,2.0,2.0,3.0,2.0,1.0,2.0,3.0,2.0,3.0,3.0,3.0,3.0,3.0,2.0,2.0,4.0,4.0,2.0,2.0,4.0,3.0,3.0,4.0,5.0,4.0,4.0,3.0,3.0,4.0,3.0,3.0,4.0,3.0,3.0,4.0,3.0,4.0,3.0,3.0,inf,3.0,3.0,4.0,3.0,3.0,4.0,3.0,2.0,4.0,4.0,4.0,2.0,2.0,3.0,2.0,4.0,2.0,3.0,3.0,3.0,3.0,2.0,2.0,2.0,2.0,3.0,3.0,4.0,4.0,inf,4.0,3.0,7.0,4.0,3.0,4.0,3.0,3.0,3.0,3.0,4.0,4.0,4.0,4.0,4.0,4.0,4.0,4.0,4.0,3.0,3.0,2.0,3.0,3.0,3.0,3.0,3.0,3.0,2.0,3.0,3.0,2.0,2.0,2.0,3.0,3.0,3.0,4.0,3.0,3.0,3.0,4.0,4.0,4.0,3.0,2.0,3.0,2.0,1.0,2.0,3.0,3.0,2.0
PVNL,2.0,3.0,3.0,2.0,3.0,4.0,2.0,3.0,3.0,3.0,3.0,3.0,3.0,2.0,4.0,3.0,4.0,3.0,3.0,3.0,3.0,3.0,3.0,3.0,2.0,4.0,3.0,2.0,3.0,3.0,3.0,3.0,2.0,2.0,inf,inf,inf,2.0,2.0,4.0,3.0,4.0,4.0,3.0,2.0,4.0,4.0,3.0,3.0,2.0,3.0,4.0,4.0,1.0,2.0,2.0,1.0,2.0,1.0,2.0,3.0,2.0,2.0,2.0,1.0,2.0,1.0,1.0,2.0,2.0,2.0,3.0,3.0,4.0,4.0,4.0,4.0,4.0,3.0,3.0,1.0,3.0,4.0,3.0,4.0,4.0,3.0,4.0,2.0,2.0,2.0,2.0,2.0,2.0,2.0,2.0,2.0,2.0,2.0,2.0,2.0,2.0,2.0,2.0,3.0,4.0,3.0,3.0,3.0,2.0,2.0,2.0,2.0,3.0,2.0,2.0,2.0,4.0,5.0,5.0,6.0,6.0,6.0,7.0,8.0,3.0,3.0,4.0,4.0,4.0,5.0,inf,4.0,3.0,4.0,3.0,5.0,1.0,2.0,7.0,6.0,6.0,5.0,7.0,7.0,8.0,7.0,5.0,7.0,5.0,6.0,3.0,4.0,3.0,3.0,3.0,3.0,3.0,2.0,2.0,2.0,2.0,2.0,2.0,2.0,2.0,2.0,2.0,2.0,3.0,3.0,1.0,1.0,2.0,3.0,2.0,3.0,0.0,1.0,1.0,2.0,2.0,2.0,2.0,1.0,2.0,2.0,3.0,4.0,2.0,2.0,3.0,3.0,2.0,3.0,2.0,2.0,3.0,4.0,3.0,2.0,3.0,4.0,4.0,2.0,4.0,3.0,3.0,3.0,3.0,3.0,3.0,3.0,3.0,3.0,3.0,2.0,3.0,inf,3.0,3.0,3.0,4.0,4.0,4.0,4.0,3.0,2.0,3.0,2.0,3.0,3.0,2.0,3.0,3.0,3.0,2.0,3.0,2.0,2.0,3.0,3.0,3.0,3.0,3.0,3.0,3.0,3.0,inf,4.0,2.0,6.0,4.0,4.0,4.0,4.0,2.0,3.0,3.0,2.0,2.0,2.0,2.0,2.0,3.0,2.0,2.0,2.0,2.0,2.0,2.0,2.0,3.0,2.0,2.0,2.0,2.0,2.0,2.0,2.0,2.0,2.0,2.0,3.0,2.0,2.0,3.0,2.0,2.0,3.0,3.0,3.0,4.0,4.0,3.0,4.0,4.0,3.0,3.0,2.0,2.0,2.0
PVNR,2.0,2.0,3.0,2.0,3.0,3.0,2.0,3.0,3.0,3.0,3.0,3.0,2.0,2.0,4.0,3.0,4.0,3.0,3.0,4.0,3.0,3.0,2.0,2.0,2.0,4.0,2.0,2.0,3.0,4.0,3.0,4.0,2.0,2.0,inf,inf,inf,3.0,2.0,4.0,3.0,4.0,4.0,3.0,3.0,4.0,4.0,3.0,3.0,2.0,2.0,4.0,4.0,2.0,2.0,1.0,1.0,1.0,1.0,2.0,3.0,1.0,2.0,2.0,2.0,2.0,2.0,1.0,2.0,2.0,2.0,2.0,3.0,4.0,4.0,3.0,4.0,4.0,4.0,3.0,2.0,2.0,3.0,3.0,4.0,4.0,3.0,4.0,3.0,3.0,3.0,3.0,3.0,3.0,3.0,3.0,2.0,2.0,2.0,2.0,2.0,2.0,2.0,2.0,2.0,3.0,3.0,3.0,3.0,2.0,2.0,2.0,1.0,2.0,2.0,1.0,1.0,4.0,5.0,5.0,6.0,6.0,6.0,7.0,8.0,3.0,3.0,4.0,4.0,4.0,5.0,inf,4.0,3.0,3.0,3.0,5.0,2.0,1.0,7.0,6.0,6.0,5.0,7.0,7.0,8.0,7.0,5.0,7.0,5.0,6.0,4.0,4.0,3.0,3.0,3.0,3.0,3.0,2.0,2.0,2.0,2.0,2.0,2.0,2.0,3.0,2.0,2.0,2.0,3.0,3.0,1.0,2.0,2.0,3.0,2.0,2.0,1.0,0.0,2.0,1.0,3.0,2.0,1.0,1.0,2.0,1.0,3.0,4.0,2.0,2.0,3.0,3.0,2.0,2.0,3.0,3.0,3.0,3.0,3.0,3.0,3.0,4.0,4.0,3.0,3.0,3.0,3.0,3.0,3.0,3.0,3.0,3.0,3.0,3.0,3.0,2.0,4.0,inf,3.0,2.0,3.0,3.0,3.0,4.0,4.0,3.0,3.0,3.0,3.0,3.0,2.0,2.0,3.0,3.0,3.0,2.0,3.0,2.0,2.0,3.0,3.0,3.0,3.0,3.0,3.0,3.0,3.0,inf,4.0,2.0,6.0,4.0,4.0,4.0,3.0,3.0,3.0,3.0,3.0,3.0,3.0,3.0,3.0,3.0,3.0,3.0,3.0,3.0,2.0,3.0,2.0,2.0,2.0,2.0,2.0,2.0,2.0,2.0,2.0,2.0,2.0,2.0,2.0,2.0,2.0,2.0,2.0,2.0,2.0,3.0,3.0,4.0,4.0,3.0,4.0,4.0,3.0,3.0,2.0,2.0,1.0
PVPL,2.0,3.0,3.0,2.0,3.0,3.0,3.0,3.0,3.0,2.0,3.0,3.0,2.0,1.0,4.0,2.0,4.0,3.0,2.0,3.0,2.0,3.0,2.0,3.0,3.0,3.0,3.0,1.0,3.0,3.0,3.0,3.0,3.0,3.0,inf,inf,inf,2.0,1.0,3.0,3.0,3.0,4.0,3.0,3.0,4.0,4.0,2.0,3.0,2.0,2.0,4.0,4.0,1.0,2.0,2.0,2.0,2.0,2.0,2.0,2.0,1.0,1.0,1.0,2.0,1.0,2.0,2.0,1.0,1.0,1.0,3.0,3.0,4.0,3.0,3.0,4.0,3.0,2.0,3.0,2.0,2.0,3.0,3.0,3.0,4.0,3.0,3.0,2.0,2.0,2.0,2.0,2.0,2.0,2.0,2.0,2.0,2.0,3.0,3.0,3.0,3.0,3.0,2.0,3.0,4.0,4.0,3.0,2.0,1.0,1.0,1.0,1.0,3.0,3.0,1.0,2.0,4.0,5.0,5.0,6.0,6.0,6.0,7.0,8.0,3.0,3.0,4.0,4.0,4.0,5.0,inf,4.0,3.0,3.0,3.0,4.0,2.0,2.0,7.0,6.0,6.0,5.0,7.0,7.0,8.0,7.0,5.0,7.0,5.0,6.0,2.0,3.0,2.0,3.0,2.0,3.0,2.0,1.0,2.0,2.0,2.0,1.0,2.0,1.0,2.0,2.0,2.0,2.0,3.0,2.0,1.0,2.0,2.0,2.0,2.0,2.0,1.0,2.0,0.0,1.0,1.0,2.0,2.0,1.0,2.0,2.0,3.0,3.0,2.0,3.0,2.0,2.0,2.0,2.0,2.0,1.0,2.0,3.0,2.0,2.0,3.0,4.0,3.0,2.0,3.0,2.0,3.0,3.0,3.0,3.0,3.0,3.0,3.0,2.0,3.0,2.0,2.0,inf,2.0,2.0,3.0,3.0,3.0,3.0,3.0,2.0,2.0,3.0,2.0,2.0,2.0,3.0,2.0,2.0,2.0,3.0,3.0,3.0,3.0,2.0,2.0,2.0,2.0,2.0,3.0,3.0,3.0,inf,4.0,2.0,6.0,3.0,3.0,3.0,3.0,2.0,3.0,2.0,2.0,2.0,2.0,2.0,2.0,3.0,2.0,2.0,2.0,2.0,2.0,2.0,1.0,2.0,3.0,3.0,3.0,3.0,3.0,3.0,3.0,3.0,2.0,2.0,2.0,2.0,2.0,2.0,2.0,2.0,2.0,3.0,3.0,4.0,4.0,3.0,4.0,4.0,3.0,3.0,2.0,2.0,1.0
PVPR,3.0,3.0,3.0,2.0,3.0,3.0,3.0,3.0,2.0,3.0,3.0,3.0,2.0,2.0,4.0,3.0,4.0,3.0,2.0,3.0,3.0,3.0,2.0,3.0,3.0,3.0,2.0,1.0,2.0,3.0,3.0,3.0,3.0,3.0,inf,inf,inf,2.0,2.0,3.0,3.0,4.0,4.0,3.0,2.0,4.0,4.0,3.0,3.0,2.0,2.0,4.0,3.0,1.0,2.0,2.0,2.0,2.0,2.0,1.0,2.0,2.0,2.0,2.0,1.0,1.0,1.0,2.0,1.0,2.0,1.0,3.0,4.0,4.0,3.0,2.0,4.0,4.0,3.0,2.0,3.0,2.0,3.0,3.0,4.0,4.0,3.0,4.0,2.0,2.0,2.0,2.0,2.0,2.0,2.0,2.0,2.0,3.0,3.0,3.0,3.0,3.0,3.0,2.0,2.0,3.0,4.0,3.0,2.0,1.0,2.0,1.0,1.0,3.0,3.0,2.0,1.0,4.0,5.0,5.0,6.0,6.0,6.0,7.0,8.0,3.0,3.0,4.0,4.0,4.0,5.0,inf,4.0,3.0,2.0,3.0,5.0,2.0,2.0,7.0,6.0,6.0,5.0,7.0,7.0,8.0,7.0,5.0,7.0,5.0,6.0,3.0,3.0,3.0,3.0,3.0,3.0,2.0,2.0,3.0,2.0,1.0,2.0,2.0,2.0,2.0,2.0,2.0,2.0,2.0,3.0,1.0,2.0,2.0,3.0,2.0,2.0,2.0,1.0,1.0,0.0,2.0,2.0,2.0,1.0,1.0,2.0,4.0,3.0,3.0,3.0,3.0,2.0,3.0,3.0,2.0,2.0,2.0,4.0,2.0,2.0,3.0,4.0,3.0,2.0,3.0,3.0,3.0,3.0,3.0,3.0,3.0,2.0,3.0,3.0,3.0,2.0,3.0,inf,2.0,1.0,2.0,2.0,3.0,4.0,3.0,3.0,2.0,3.0,2.0,3.0,3.0,3.0,3.0,2.0,3.0,3.0,3.0,3.0,3.0,2.0,2.0,2.0,2.0,3.0,3.0,3.0,2.0,inf,4.0,2.0,6.0,3.0,3.0,3.0,2.0,2.0,3.0,3.0,2.0,2.0,2.0,2.0,2.0,3.0,2.0,2.0,2.0,2.0,2.0,2.0,2.0,3.0,3.0,3.0,3.0,3.0,3.0,3.0,3.0,3.0,2.0,2.0,1.0,2.0,2.0,3.0,2.0,2.0,2.0,3.0,3.0,4.0,4.0,4.0,4.0,4.0,3.0,3.0,2.0,1.0,2.0
PVQL,1.0,2.0,3.0,2.0,2.0,3.0,3.0,3.0,3.0,3.0,2.0,3.0,2.0,2.0,4.0,2.0,4.0,3.0,3.0,3.0,3.0,3.0,2.0,3.0,3.0,3.0,3.0,2.0,3.0,4.0,3.0,4.0,3.0,3.0,inf,inf,inf,3.0,2.0,4.0,2.0,3.0,3.0,2.0,3.0,3.0,3.0,1.0,2.0,1.0,2.0,4.0,4.0,2.0,2.0,3.0,3.0,3.0,2.0,3.0,2.0,2.0,1.0,2.0,2.0,1.0,2.0,2.0,2.0,1.0,2.0,4.0,3.0,4.0,3.0,3.0,3.0,3.0,3.0,4.0,3.0,3.0,3.0,3.0,4.0,4.0,3.0,3.0,3.0,3.0,3.0,3.0,3.0,3.0,2.0,1.0,2.0,3.0,3.0,4.0,4.0,4.0,4.0,3.0,4.0,5.0,4.0,4.0,3.0,2.0,2.0,2.0,2.0,3.0,3.0,2.0,3.0,4.0,5.0,5.0,6.0,6.0,6.0,7.0,8.0,4.0,4.0,4.0,5.0,4.0,5.0,inf,4.0,2.0,4.0,4.0,4.0,3.0,3.0,7.0,6.0,6.0,5.0,7.0,7.0,8.0,7.0,5.0,7.0,5.0,6.0,3.0,3.0,3.0,3.0,2.0,3.0,2.0,2.0,2.0,3.0,3.0,2.0,1.0,2.0,3.0,3.0,3.0,3.0,2.0,3.0,2.0,2.0,3.0,3.0,3.0,3.0,2.0,3.0,1.0,2.0,0.0,1.0,3.0,2.0,3.0,2.0,3.0,3.0,3.0,3.0,2.0,3.0,3.0,3.0,3.0,2.0,2.0,4.0,3.0,2.0,3.0,4.0,4.0,3.0,3.0,3.0,3.0,3.0,3.0,3.0,3.0,3.0,3.0,3.0,3.0,3.0,3.0,inf,2.0,3.0,3.0,4.0,3.0,4.0,3.0,3.0,3.0,3.0,3.0,3.0,3.0,3.0,3.0,2.0,3.0,3.0,3.0,3.0,3.0,2.0,2.0,3.0,2.0,3.0,2.0,3.0,4.0,inf,4.0,3.0,6.0,3.0,3.0,3.0,4.0,3.0,3.0,3.0,3.0,3.0,3.0,3.0,3.0,3.0,3.0,3.0,3.0,3.0,2.0,3.0,2.0,2.0,3.0,4.0,4.0,4.0,4.0,4.0,4.0,4.0,3.0,3.0,3.0,3.0,3.0,2.0,2.0,3.0,3.0,4.0,4.0,5.0,4.0,3.0,4.0,5.0,4.0,4.0,3.0,2.0,2.0
PVQR,2.0,1.0,4.0,1.0,3.0,2.0,3.0,2.0,3.0,2.0,3.0,2.0,2.0,2.0,4.0,2.0,3.0,2.0,3.0,4.0,3.0,3.0,2.0,3.0,3.0,4.0,2.0,3.0,3.0,4.0,3.0,4.0,3.0,3.0,inf,inf,inf,3.0,2.0,3.0,1.0,3.0,2.0,3.0,2.0,3.0,3.0,2.0,1.0,2.0,1.0,3.0,3.0,3.0,2.0,3.0,3.0,2.0,2.0,3.0,3.0,1.0,2.0,2.0,2.0,1.0,2.0,2.0,2.0,2.0,2.0,3.0,4.0,3.0,3.0,2.0,4.0,3.0,3.0,4.0,3.0,3.0,3.0,3.0,5.0,5.0,3.0,3.0,3.0,3.0,3.0,3.0,3.0,3.0,3.0,2.0,2.0,3.0,4.0,3.0,4.0,4.0,4.0,3.0,3.0,4.0,4.0,3.0,3.0,2.0,2.0,1.0,1.0,3.0,2.0,2.0,2.0,4.0,5.0,5.0,6.0,6.0,6.0,7.0,8.0,3.0,3.0,4.0,4.0,4.0,5.0,inf,4.0,3.0,3.0,3.0,4.0,3.0,2.0,7.0,6.0,6.0,5.0,7.0,7.0,8.0,7.0,5.0,7.0,5.0,6.0,4.0,4.0,4.0,4.0,3.0,4.0,1.0,2.0,3.0,3.0,3.0,2.0,2.0,2.0,4.0,3.0,3.0,3.0,3.0,3.0,3.0,2.0,2.0,3.0,2.0,2.0,2.0,2.0,2.0,2.0,1.0,0.0,2.0,1.0,2.0,1.0,3.0,3.0,3.0,4.0,3.0,3.0,3.0,3.0,3.0,3.0,3.0,3.0,3.0,3.0,3.0,4.0,4.0,3.0,3.0,3.0,4.0,4.0,4.0,3.0,4.0,3.0,3.0,3.0,3.0,2.0,4.0,inf,3.0,2.0,3.0,3.0,4.0,4.0,4.0,3.0,4.0,3.0,3.0,3.0,3.0,3.0,3.0,2.0,3.0,3.0,3.0,3.0,3.0,3.0,3.0,3.0,3.0,3.0,3.0,3.0,3.0,inf,4.0,2.0,6.0,4.0,3.0,4.0,3.0,4.0,3.0,3.0,4.0,3.0,4.0,3.0,3.0,3.0,4.0,3.0,3.0,3.0,3.0,3.0,3.0,3.0,4.0,4.0,4.0,4.0,4.0,4.0,4.0,4.0,3.0,3.0,3.0,2.0,2.0,2.0,2.0,2.0,2.0,3.0,4.0,5.0,5.0,4.0,4.0,4.0,3.0,3.0,2.0,2.0,2.0
PVR,3.0,3.0,3.0,2.0,4.0,4.0,3.0,4.0,4.0,4.0,4.0,4.0,3.0,3.0,3.0,3.0,4.0,3.0,3.0,4.0,4.0,4.0,3.0,1.0,1.0,3.0,1.0,3.0,4.0,4.0,3.0,4.0,3.0,3.0,inf,inf,inf,2.0,2.0,5.0,3.0,4.0,4.0,3.0,3.0,4.0,5.0,4.0,3.0,3.0,3.0,4.0,4.0,2.0,2.0,2.0,2.0,2.0,2.0,3.0,3.0,2.0,3.0,2.0,2.0,2.0,2.0,2.0,2.0,2.0,2.0,1.0,4.0,5.0,3.0,3.0,5.0,5.0,4.0,4.0,2.0,1.0,3.0,3.0,5.0,5.0,4.0,4.0,3.0,3.0,3.0,3.0,3.0,3.0,2.0,2.0,1.0,2.0,3.0,2.0,3.0,3.0,2.0,1.0,3.0,4.0,3.0,3.0,3.0,2.0,1.0,2.0,2.0,3.0,3.0,2.0,2.0,5.0,6.0,6.0,7.0,7.0,7.0,8.0,9.0,4.0,4.0,5.0,5.0,4.0,5.0,inf,5.0,3.0,3.0,4.0,5.0,1.0,1.0,8.0,7.0,7.0,6.0,8.0,8.0,9.0,8.0,6.0,8.0,6.0,7.0,4.0,4.0,4.0,4.0,4.0,3.0,2.0,1.0,1.0,1.0,2.0,1.0,3.0,3.0,3.0,2.0,1.0,1.0,3.0,2.0,2.0,2.0,1.0,2.0,2.0,1.0,2.0,1.0,2.0,2.0,3.0,2.0,0.0,2.0,2.0,1.0,4.0,3.0,3.0,3.0,3.0,3.0,2.0,3.0,3.0,3.0,3.0,4.0,3.0,3.0,4.0,5.0,5.0,3.0,3.0,3.0,3.0,2.0,3.0,3.0,3.0,3.0,4.0,4.0,4.0,3.0,3.0,inf,2.0,2.0,3.0,3.0,3.0,3.0,3.0,2.0,3.0,3.0,3.0,2.0,2.0,3.0,2.0,3.0,2.0,3.0,2.0,2.0,2.0,3.0,2.0,3.0,3.0,2.0,3.0,4.0,4.0,inf,4.0,3.0,6.0,4.0,4.0,3.0,3.0,3.0,3.0,3.0,3.0,3.0,3.0,3.0,3.0,3.0,3.0,3.0,3.0,2.0,2.0,2.0,2.0,3.0,3.0,3.0,3.0,3.0,3.0,3.0,3.0,2.0,2.0,2.0,3.0,3.0,3.0,3.0,3.0,3.0,3.0,4.0,4.0,4.0,3.0,2.0,3.0,3.0,2.0,3.0,3.0,2.0,1.0
PVT,3.0,2.0,3.0,2.0,3.0,3.0,3.0,3.0,3.0,2.0,3.0,3.0,2.0,1.0,3.0,2.0,4.0,3.0,2.0,3.0,2.0,3.0,3.0,3.0,3.0,3.0,3.0,2.0,3.0,3.0,2.0,3.0,2.0,2.0,inf,inf,inf,2.0,2.0,3.0,2.0,3.0,3.0,3.0,2.0,4.0,4.0,3.0,2.0,3.0,2.0,4.0,4.0,2.0,1.0,2.0,2.0,1.0,2.0,2.0,2.0,2.0,2.0,1.0,2.0,2.0,1.0,2.0,1.0,1.0,1.0,2.0,3.0,4.0,4.0,3.0,4.0,3.0,3.0,3.0,2.0,3.0,3.0,3.0,4.0,4.0,2.0,3.0,2.0,2.0,2.0,2.0,2.0,2.0,2.0,2.0,2.0,2.0,3.0,3.0,3.0,3.0,3.0,2.0,3.0,4.0,3.0,2.0,2.0,1.0,1.0,1.0,1.0,2.0,2.0,2.0,2.0,3.0,4.0,4.0,5.0,5.0,5.0,6.0,7.0,2.0,2.0,3.0,3.0,3.0,4.0,inf,3.0,2.0,3.0,2.0,4.0,2.0,1.0,6.0,5.0,5.0,4.0,6.0,6.0,7.0,6.0,4.0,6.0,4.0,5.0,3.0,3.0,3.0,3.0,3.0,3.0,2.0,2.0,2.0,2.0,2.0,2.0,2.0,1.0,3.0,2.0,2.0,2.0,3.0,3.0,2.0,2.0,1.0,2.0,2.0,2.0,1.0,1.0,1.0,1.0,2.0,1.0,2.0,0.0,2.0,1.0,3.0,3.0,2.0,3.0,2.0,2.0,3.0,2.0,2.0,2.0,2.0,3.0,2.0,2.0,2.0,3.0,4.0,2.0,3.0,2.0,3.0,3.0,3.0,2.0,3.0,2.0,2.0,2.0,2.0,1.0,3.0,inf,3.0,2.0,3.0,3.0,3.0,4.0,3.0,2.0,3.0,2.0,2.0,2.0,2.0,3.0,2.0,2.0,2.0,2.0,2.0,2.0,2.0,2.0,2.0,2.0,2.0,2.0,3.0,2.0,3.0,inf,3.0,1.0,5.0,3.0,3.0,3.0,3.0,3.0,2.0,2.0,3.0,2.0,3.0,2.0,2.0,2.0,3.0,2.0,2.0,2.0,2.0,2.0,2.0,3.0,3.0,3.0,3.0,3.0,3.0,3.0,3.0,3.0,2.0,2.0,2.0,1.0,1.0,2.0,1.0,1.0,2.0,3.0,3.0,4.0,4.0,3.0,3.0,3.0,3.0,2.0,1.0,1.0,1.0
PVWL,3.0,3.0,3.0,3.0,4.0,4.0,3.0,4.0,3.0,4.0,4.0,4.0,3.0,3.0,3.0,4.0,4.0,4.0,3.0,4.0,4.0,4.0,3.0,3.0,3.0,4.0,3.0,2.0,3.0,4.0,3.0,4.0,3.0,3.0,inf,inf,inf,3.0,3.0,4.0,3.0,4.0,4.0,4.0,3.0,5.0,5.0,4.0,3.0,3.0,3.0,4.0,4.0,2.0,2.0,3.0,3.0,3.0,2.0,2.0,3.0,2.0,3.0,3.0,2.0,2.0,1.0,2.0,2.0,3.0,2.0,3.0,4.0,5.0,4.0,3.0,5.0,5.0,4.0,3.0,3.0,3.0,3.0,3.0,5.0,5.0,4.0,5.0,3.0,3.0,3.0,2.0,3.0,3.0,2.0,2.0,2.0,3.0,4.0,4.0,4.0,4.0,3.0,2.0,3.0,4.0,4.0,4.0,3.0,2.0,2.0,2.0,2.0,4.0,3.0,3.0,2.0,5.0,6.0,6.0,7.0,7.0,7.0,8.0,9.0,4.0,4.0,5.0,5.0,4.0,5.0,inf,5.0,4.0,3.0,4.0,6.0,2.0,1.0,8.0,7.0,7.0,6.0,8.0,8.0,9.0,8.0,6.0,8.0,6.0,7.0,4.0,4.0,4.0,4.0,4.0,4.0,3.0,2.0,2.0,2.0,2.0,3.0,2.0,3.0,3.0,2.0,2.0,2.0,3.0,3.0,2.0,1.0,1.0,2.0,2.0,3.0,2.0,2.0,2.0,1.0,3.0,2.0,2.0,2.0,0.0,1.0,4.0,4.0,3.0,3.0,4.0,3.0,3.0,4.0,2.0,3.0,3.0,5.0,3.0,3.0,4.0,5.0,4.0,2.0,3.0,4.0,3.0,4.0,3.0,3.0,3.0,3.0,4.0,4.0,4.0,3.0,4.0,inf,3.0,2.0,3.0,3.0,4.0,4.0,4.0,3.0,3.0,3.0,3.0,3.0,3.0,3.0,3.0,3.0,3.0,3.0,2.0,2.0,2.0,3.0,3.0,3.0,3.0,3.0,3.0,3.0,3.0,inf,4.0,3.0,6.0,4.0,4.0,4.0,3.0,3.0,3.0,3.0,3.0,3.0,3.0,3.0,3.0,3.0,3.0,3.0,3.0,2.0,3.0,2.0,2.0,4.0,4.0,4.0,4.0,4.0,4.0,4.0,3.0,3.0,2.0,2.0,2.0,3.0,3.0,3.0,3.0,3.0,3.0,4.0,4.0,5.0,4.0,3.0,4.0,4.0,3.0,4.0,3.0,2.0,1.0
PVWR,2.0,2.0,3.0,2.0,3.0,3.0,2.0,3.0,3.0,3.0,4.0,3.0,3.0,2.0,3.0,3.0,4.0,3.0,3.0,3.0,3.0,3.0,3.0,2.0,2.0,4.0,2.0,3.0,3.0,3.0,2.0,3.0,2.0,2.0,inf,inf,inf,2.0,3.0,4.0,2.0,4.0,3.0,3.0,2.0,4.0,4.0,3.0,2.0,3.0,2.0,4.0,4.0,2.0,1.0,2.0,2.0,2.0,1.0,2.0,2.0,2.0,3.0,2.0,3.0,2.0,1.0,2.0,2.0,2.0,1.0,2.0,3.0,4.0,4.0,3.0,4.0,4.0,4.0,3.0,3.0,2.0,3.0,3.0,5.0,4.0,3.0,4.0,2.0,2.0,2.0,2.0,2.0,2.0,2.0,2.0,2.0,3.0,3.0,3.0,3.0,3.0,3.0,2.0,3.0,4.0,4.0,3.0,3.0,2.0,2.0,2.0,2.0,3.0,2.0,2.0,2.0,4.0,5.0,5.0,6.0,6.0,6.0,7.0,8.0,3.0,3.0,4.0,4.0,4.0,5.0,inf,4.0,3.0,4.0,3.0,5.0,2.0,1.0,7.0,6.0,6.0,5.0,7.0,7.0,8.0,7.0,5.0,7.0,5.0,6.0,4.0,4.0,4.0,3.0,3.0,4.0,2.0,2.0,2.0,2.0,3.0,2.0,2.0,2.0,3.0,2.0,2.0,2.0,3.0,3.0,2.0,2.0,1.0,2.0,2.0,2.0,2.0,1.0,2.0,2.0,2.0,1.0,1.0,1.0,1.0,0.0,4.0,3.0,3.0,3.0,3.0,3.0,3.0,3.0,2.0,3.0,3.0,4.0,2.0,2.0,3.0,4.0,4.0,2.0,3.0,3.0,3.0,3.0,3.0,2.0,3.0,2.0,3.0,3.0,3.0,2.0,3.0,inf,3.0,3.0,3.0,4.0,3.0,4.0,3.0,2.0,3.0,2.0,2.0,3.0,3.0,2.0,3.0,3.0,3.0,2.0,2.0,2.0,2.0,3.0,3.0,3.0,3.0,3.0,3.0,3.0,3.0,inf,3.0,2.0,6.0,4.0,4.0,4.0,4.0,3.0,2.0,2.0,3.0,2.0,3.0,2.0,2.0,2.0,3.0,2.0,2.0,2.0,2.0,2.0,2.0,3.0,3.0,3.0,3.0,3.0,3.0,3.0,3.0,3.0,2.0,2.0,3.0,2.0,2.0,3.0,2.0,2.0,3.0,4.0,3.0,4.0,4.0,3.0,4.0,4.0,3.0,3.0,2.0,2.0,1.0
RIAL,2.0,3.0,3.0,2.0,1.0,4.0,4.0,4.0,2.0,3.0,3.0,4.0,3.0,3.0,3.0,4.0,2.0,1.0,3.0,4.0,2.0,3.0,4.0,4.0,4.0,2.0,3.0,3.0,4.0,5.0,4.0,5.0,3.0,3.0,inf,inf,inf,4.0,4.0,3.0,4.0,2.0,3.0,2.0,3.0,2.0,3.0,3.0,4.0,3.0,4.0,2.0,3.0,4.0,3.0,2.0,2.0,4.0,3.0,3.0,3.0,4.0,3.0,4.0,4.0,3.0,3.0,3.0,3.0,4.0,4.0,5.0,3.0,4.0,3.0,4.0,2.0,4.0,2.0,3.0,4.0,5.0,5.0,5.0,3.0,4.0,3.0,4.0,4.0,4.0,4.0,4.0,4.0,4.0,4.0,4.0,4.0,3.0,3.0,3.0,3.0,3.0,3.0,3.0,4.0,5.0,4.0,5.0,5.0,4.0,3.0,4.0,4.0,4.0,3.0,4.0,4.0,3.0,4.0,4.0,5.0,5.0,5.0,6.0,7.0,3.0,3.0,3.0,4.0,4.0,5.0,inf,4.0,3.0,5.0,4.0,5.0,4.0,4.0,6.0,5.0,5.0,4.0,6.0,6.0,7.0,6.0,4.0,6.0,4.0,5.0,3.0,4.0,2.0,3.0,2.0,3.0,4.0,4.0,4.0,4.0,5.0,4.0,4.0,4.0,5.0,4.0,4.0,4.0,5.0,5.0,4.0,4.0,3.0,4.0,4.0,3.0,3.0,3.0,3.0,4.0,3.0,3.0,4.0,3.0,4.0,4.0,0.0,3.0,1.0,2.0,3.0,4.0,3.0,4.0,4.0,2.0,3.0,3.0,3.0,3.0,2.0,3.0,3.0,2.0,2.0,3.0,3.0,3.0,3.0,3.0,2.0,3.0,3.0,3.0,3.0,2.0,3.0,inf,3.0,4.0,3.0,4.0,4.0,3.0,2.0,3.0,3.0,4.0,4.0,4.0,3.0,2.0,3.0,2.0,3.0,2.0,3.0,3.0,2.0,3.0,3.0,3.0,3.0,2.0,2.0,1.0,4.0,inf,5.0,3.0,6.0,2.0,4.0,4.0,4.0,3.0,4.0,3.0,5.0,4.0,4.0,4.0,4.0,4.0,5.0,4.0,4.0,4.0,4.0,4.0,4.0,2.0,3.0,3.0,3.0,3.0,3.0,3.0,3.0,3.0,3.0,3.0,4.0,4.0,4.0,4.0,4.0,4.0,3.0,4.0,5.0,6.0,5.0,5.0,5.0,5.0,4.0,5.0,4.0,4.0,4.0
RIAR,3.0,3.0,2.0,3.0,4.0,2.0,3.0,4.0,3.0,3.0,4.0,3.0,3.0,2.0,4.0,4.0,3.0,4.0,4.0,4.0,3.0,4.0,3.0,2.0,3.0,3.0,2.0,4.0,3.0,4.0,3.0,4.0,3.0,3.0,inf,inf,inf,3.0,3.0,4.0,4.0,3.0,3.0,3.0,3.0,5.0,4.0,3.0,4.0,4.0,3.0,3.0,4.0,3.0,2.0,3.0,3.0,3.0,3.0,2.0,2.0,3.0,3.0,3.0,3.0,2.0,3.0,3.0,3.0,3.0,3.0,3.0,4.0,3.0,3.0,3.0,4.0,4.0,4.0,3.0,4.0,4.0,4.0,4.0,4.0,4.0,3.0,3.0,3.0,3.0,3.0,3.0,3.0,3.0,4.0,3.0,3.0,3.0,3.0,4.0,4.0,4.0,4.0,3.0,4.0,5.0,5.0,5.0,4.0,3.0,2.0,4.0,3.0,4.0,4.0,4.0,4.0,5.0,5.0,6.0,6.0,6.0,7.0,8.0,9.0,4.0,3.0,3.0,4.0,2.0,3.0,inf,4.0,3.0,4.0,5.0,4.0,4.0,3.0,7.0,7.0,7.0,6.0,7.0,8.0,9.0,8.0,6.0,7.0,6.0,6.0,4.0,4.0,3.0,3.0,2.0,2.0,3.0,4.0,3.0,3.0,4.0,3.0,3.0,3.0,4.0,3.0,3.0,4.0,4.0,4.0,3.0,3.0,3.0,3.0,4.0,3.0,4.0,4.0,3.0,3.0,3.0,3.0,3.0,3.0,4.0,3.0,3.0,0.0,2.0,2.0,4.0,3.0,4.0,3.0,4.0,3.0,3.0,3.0,3.0,3.0,4.0,4.0,4.0,2.0,3.0,2.0,1.0,1.0,2.0,3.0,2.0,2.0,3.0,4.0,3.0,3.0,2.0,inf,2.0,3.0,2.0,3.0,3.0,2.0,2.0,1.0,3.0,3.0,3.0,3.0,2.0,2.0,3.0,1.0,1.0,2.0,3.0,2.0,2.0,2.0,3.0,2.0,3.0,1.0,2.0,3.0,1.0,inf,4.0,4.0,4.0,4.0,3.0,3.0,4.0,4.0,3.0,3.0,4.0,3.0,4.0,3.0,3.0,3.0,4.0,3.0,3.0,3.0,3.0,3.0,3.0,2.0,3.0,4.0,4.0,4.0,4.0,4.0,4.0,4.0,4.0,4.0,4.0,4.0,4.0,4.0,4.0,4.0,3.0,4.0,4.0,5.0,5.0,4.0,5.0,5.0,4.0,4.0,3.0,3.0,4.0
RIBL,2.0,3.0,2.0,3.0,2.0,4.0,3.0,4.0,3.0,3.0,4.0,4.0,3.0,2.0,3.0,4.0,3.0,2.0,3.0,4.0,2.0,3.0,3.0,3.0,3.0,3.0,2.0,2.0,3.0,4.0,3.0,4.0,2.0,2.0,inf,inf,inf,3.0,3.0,4.0,4.0,3.0,4.0,3.0,3.0,3.0,4.0,3.0,4.0,4.0,3.0,3.0,4.0,3.0,2.0,1.0,1.0,3.0,2.0,2.0,2.0,3.0,3.0,3.0,3.0,2.0,3.0,3.0,2.0,3.0,3.0,4.0,3.0,4.0,4.0,4.0,3.0,4.0,2.0,3.0,3.0,4.0,4.0,4.0,2.0,3.0,2.0,3.0,3.0,3.0,3.0,3.0,3.0,3.0,3.0,3.0,3.0,2.0,2.0,2.0,2.0,2.0,2.0,2.0,3.0,4.0,3.0,4.0,4.0,3.0,2.0,3.0,3.0,3.0,3.0,3.0,3.0,4.0,4.0,5.0,5.0,5.0,6.0,7.0,8.0,2.0,2.0,3.0,3.0,3.0,4.0,inf,3.0,3.0,4.0,4.0,4.0,3.0,3.0,6.0,6.0,6.0,5.0,6.0,7.0,8.0,7.0,5.0,6.0,5.0,5.0,2.0,3.0,1.0,2.0,1.0,2.0,3.0,3.0,3.0,3.0,4.0,3.0,3.0,3.0,4.0,3.0,3.0,3.0,4.0,4.0,3.0,3.0,2.0,3.0,3.0,3.0,2.0,2.0,2.0,3.0,3.0,3.0,3.0,2.0,3.0,3.0,1.0,2.0,0.0,1.0,4.0,3.0,2.0,3.0,4.0,1.0,2.0,3.0,2.0,3.0,3.0,3.0,3.0,2.0,3.0,3.0,2.0,2.0,2.0,3.0,2.0,2.0,2.0,2.0,2.0,1.0,2.0,inf,3.0,3.0,2.0,3.0,3.0,3.0,3.0,2.0,3.0,3.0,3.0,3.0,2.0,1.0,2.0,1.0,2.0,1.0,2.0,2.0,1.0,2.0,2.0,2.0,3.0,1.0,2.0,2.0,3.0,inf,4.0,3.0,5.0,2.0,3.0,4.0,4.0,2.0,3.0,2.0,4.0,3.0,4.0,3.0,3.0,3.0,4.0,3.0,3.0,3.0,3.0,3.0,3.0,2.0,2.0,2.0,2.0,2.0,2.0,2.0,2.0,2.0,2.0,2.0,3.0,3.0,3.0,4.0,3.0,3.0,2.0,3.0,4.0,5.0,4.0,4.0,4.0,5.0,4.0,4.0,3.0,3.0,3.0
RIBR,3.0,4.0,2.0,3.0,3.0,3.0,4.0,4.0,3.0,3.0,3.0,4.0,2.0,2.0,2.0,3.0,3.0,3.0,3.0,3.0,3.0,3.0,3.0,2.0,3.0,2.0,2.0,2.0,3.0,4.0,3.0,4.0,2.0,2.0,inf,inf,inf,3.0,3.0,3.0,4.0,2.0,4.0,4.0,3.0,4.0,4.0,2.0,3.0,3.0,3.0,3.0,4.0,3.0,2.0,1.0,1.0,3.0,3.0,3.0,2.0,3.0,3.0,4.0,3.0,3.0,3.0,3.0,2.0,2.0,3.0,3.0,4.0,4.0,3.0,4.0,4.0,4.0,2.0,3.0,3.0,4.0,4.0,4.0,3.0,2.0,3.0,2.0,3.0,3.0,3.0,3.0,3.0,3.0,3.0,3.0,3.0,2.0,2.0,2.0,2.0,2.0,2.0,2.0,3.0,4.0,3.0,4.0,4.0,4.0,2.0,4.0,3.0,2.0,3.0,3.0,3.0,5.0,5.0,6.0,6.0,6.0,7.0,8.0,9.0,3.0,3.0,4.0,4.0,3.0,4.0,inf,4.0,3.0,3.0,5.0,3.0,3.0,3.0,7.0,7.0,7.0,6.0,7.0,8.0,9.0,8.0,6.0,7.0,6.0,6.0,3.0,2.0,2.0,1.0,2.0,1.0,3.0,3.0,3.0,3.0,4.0,4.0,3.0,4.0,4.0,3.0,3.0,3.0,4.0,4.0,3.0,3.0,2.0,3.0,3.0,3.0,2.0,2.0,3.0,3.0,3.0,4.0,3.0,3.0,3.0,3.0,2.0,2.0,1.0,0.0,3.0,3.0,2.0,3.0,4.0,2.0,1.0,2.0,3.0,2.0,4.0,4.0,3.0,2.0,2.0,3.0,2.0,2.0,2.0,3.0,2.0,2.0,3.0,3.0,3.0,2.0,2.0,inf,3.0,3.0,2.0,2.0,3.0,3.0,2.0,2.0,3.0,3.0,3.0,2.0,2.0,2.0,1.0,2.0,1.0,2.0,1.0,2.0,1.0,2.0,1.0,3.0,2.0,1.0,1.0,2.0,3.0,inf,3.0,4.0,5.0,3.0,2.0,4.0,4.0,3.0,2.0,3.0,4.0,3.0,4.0,3.0,3.0,3.0,4.0,3.0,3.0,3.0,3.0,3.0,3.0,2.0,2.0,2.0,2.0,2.0,2.0,2.0,2.0,2.0,2.0,2.0,3.0,3.0,4.0,4.0,4.0,4.0,2.0,3.0,4.0,5.0,4.0,4.0,4.0,5.0,4.0,4.0,3.0,3.0,3.0
RICL,2.0,3.0,3.0,3.0,2.0,2.0,3.0,4.0,3.0,3.0,3.0,3.0,3.0,3.0,4.0,2.0,3.0,4.0,3.0,3.0,2.0,3.0,3.0,3.0,4.0,3.0,3.0,2.0,3.0,5.0,4.0,5.0,4.0,4.0,inf,inf,inf,3.0,3.0,4.0,2.0,3.0,3.0,1.0,2.0,4.0,4.0,3.0,3.0,2.0,3.0,3.0,2.0,3.0,3.0,3.0,4.0,3.0,3.0,3.0,2.0,3.0,3.0,3.0,3.0,3.0,3.0,4.0,2.0,1.0,3.0,4.0,3.0,3.0,2.0,1.0,3.0,4.0,3.0,4.0,4.0,4.0,4.0,4.0,5.0,4.0,4.0,3.0,3.0,4.0,4.0,4.0,4.0,4.0,4.0,3.0,4.0,4.0,5.0,4.0,4.0,4.0,4.0,4.0,4.0,5.0,4.0,4.0,4.0,3.0,3.0,3.0,3.0,4.0,4.0,3.0,4.0,4.0,5.0,5.0,6.0,6.0,6.0,7.0,8.0,4.0,4.0,4.0,5.0,4.0,5.0,inf,5.0,3.0,3.0,4.0,4.0,4.0,3.0,7.0,6.0,6.0,5.0,7.0,7.0,8.0,7.0,5.0,7.0,5.0,6.0,4.0,3.0,4.0,3.0,3.0,3.0,4.0,3.0,2.0,3.0,4.0,3.0,3.0,3.0,4.0,4.0,3.0,3.0,4.0,4.0,3.0,3.0,3.0,4.0,4.0,3.0,3.0,3.0,2.0,3.0,2.0,3.0,3.0,2.0,4.0,3.0,3.0,4.0,4.0,3.0,0.0,3.0,4.0,3.0,3.0,3.0,2.0,3.0,3.0,2.0,3.0,4.0,4.0,3.0,4.0,4.0,3.0,3.0,4.0,3.0,3.0,3.0,4.0,4.0,4.0,3.0,3.0,inf,2.0,2.0,3.0,3.0,3.0,4.0,3.0,3.0,4.0,4.0,4.0,4.0,4.0,3.0,3.0,4.0,4.0,3.0,3.0,4.0,3.0,2.0,2.0,3.0,2.0,4.0,3.0,4.0,3.0,inf,4.0,3.0,6.0,3.0,3.0,3.0,3.0,4.0,3.0,4.0,4.0,4.0,4.0,4.0,4.0,4.0,4.0,4.0,4.0,4.0,4.0,4.0,3.0,4.0,4.0,5.0,4.0,4.0,4.0,4.0,4.0,4.0,3.0,3.0,4.0,3.0,3.0,4.0,3.0,3.0,3.0,4.0,5.0,5.0,4.0,3.0,4.0,5.0,4.0,4.0,3.0,3.0,3.0
RICR,3.0,2.0,3.0,2.0,3.0,3.0,4.0,3.0,3.0,2.0,3.0,2.0,3.0,1.0,4.0,3.0,3.0,3.0,2.0,3.0,2.0,2.0,3.0,3.0,4.0,3.0,3.0,2.0,3.0,4.0,3.0,4.0,3.0,3.0,inf,inf,inf,2.0,2.0,3.0,3.0,3.0,3.0,2.0,1.0,4.0,3.0,4.0,4.0,3.0,2.0,3.0,2.0,3.0,2.0,3.0,3.0,3.0,3.0,3.0,2.0,3.0,3.0,3.0,2.0,3.0,3.0,3.0,1.0,2.0,2.0,4.0,3.0,3.0,4.0,3.0,4.0,3.0,3.0,4.0,4.0,4.0,4.0,4.0,4.0,4.0,4.0,3.0,3.0,3.0,3.0,3.0,3.0,3.0,3.0,3.0,3.0,3.0,4.0,3.0,4.0,4.0,4.0,3.0,4.0,5.0,4.0,4.0,4.0,3.0,2.0,3.0,2.0,4.0,3.0,3.0,3.0,5.0,6.0,6.0,7.0,7.0,7.0,8.0,9.0,4.0,4.0,5.0,5.0,4.0,5.0,inf,5.0,4.0,2.0,4.0,4.0,3.0,3.0,8.0,7.0,7.0,6.0,8.0,8.0,9.0,8.0,6.0,8.0,6.0,7.0,3.0,3.0,3.0,3.0,3.0,2.0,3.0,3.0,3.0,2.0,3.0,3.0,3.0,3.0,4.0,3.0,3.0,3.0,4.0,4.0,3.0,3.0,3.0,3.0,3.0,2.0,3.0,3.0,2.0,2.0,3.0,3.0,3.0,2.0,3.0,3.0,4.0,3.0,3.0,3.0,3.0,0.0,3.0,3.0,3.0,2.0,2.0,3.0,2.0,3.0,4.0,5.0,4.0,2.0,3.0,2.0,3.0,3.0,3.0,3.0,3.0,3.0,4.0,3.0,4.0,3.0,3.0,inf,3.0,2.0,3.0,1.0,3.0,4.0,3.0,3.0,4.0,3.0,3.0,3.0,3.0,3.0,3.0,2.0,3.0,3.0,3.0,3.0,3.0,2.0,2.0,2.0,2.0,2.0,3.0,3.0,3.0,inf,4.0,3.0,6.0,4.0,3.0,4.0,1.0,3.0,3.0,3.0,4.0,3.0,4.0,3.0,3.0,3.0,4.0,3.0,3.0,3.0,3.0,3.0,3.0,4.0,4.0,4.0,4.0,4.0,4.0,4.0,4.0,3.0,2.0,2.0,3.0,3.0,3.0,4.0,3.0,3.0,3.0,4.0,4.0,5.0,5.0,4.0,5.0,4.0,3.0,4.0,3.0,3.0,3.0
RID,4.0,4.0,3.0,3.0,4.0,4.0,4.0,3.0,4.0,4.0,3.0,3.0,3.0,3.0,4.0,4.0,4.0,4.0,3.0,4.0,4.0,4.0,1.0,3.0,3.0,4.0,3.0,2.0,3.0,4.0,3.0,4.0,2.0,2.0,inf,inf,inf,3.0,1.0,5.0,4.0,4.0,4.0,4.0,3.0,4.0,4.0,2.0,3.0,3.0,2.0,4.0,5.0,2.0,2.0,1.0,1.0,3.0,3.0,3.0,2.0,2.0,3.0,2.0,2.0,2.0,2.0,3.0,2.0,3.0,2.0,3.0,4.0,4.0,4.0,4.0,5.0,4.0,4.0,4.0,3.0,3.0,2.0,2.0,4.0,4.0,4.0,4.0,3.0,3.0,3.0,3.0,3.0,2.0,3.0,2.0,1.0,1.0,2.0,1.0,2.0,2.0,2.0,2.0,3.0,3.0,2.0,3.0,3.0,2.0,2.0,2.0,3.0,4.0,4.0,2.0,2.0,6.0,6.0,7.0,7.0,7.0,8.0,9.0,10.0,4.0,4.0,5.0,5.0,4.0,5.0,inf,5.0,3.0,4.0,5.0,5.0,3.0,3.0,8.0,8.0,8.0,7.0,8.0,9.0,10.0,9.0,7.0,8.0,7.0,7.0,4.0,4.0,3.0,3.0,3.0,3.0,2.0,1.0,3.0,3.0,3.0,3.0,3.0,3.0,3.0,2.0,3.0,3.0,4.0,4.0,3.0,3.0,2.0,2.0,2.0,2.0,2.0,2.0,2.0,3.0,3.0,3.0,2.0,3.0,3.0,3.0,3.0,4.0,2.0,2.0,4.0,3.0,0.0,3.0,3.0,3.0,3.0,4.0,3.0,3.0,5.0,5.0,5.0,3.0,3.0,3.0,3.0,4.0,3.0,3.0,3.0,3.0,4.0,4.0,4.0,3.0,4.0,inf,4.0,3.0,3.0,4.0,3.0,4.0,4.0,3.0,3.0,3.0,3.0,3.0,2.0,3.0,3.0,3.0,3.0,3.0,3.0,2.0,2.0,3.0,3.0,3.0,3.0,3.0,3.0,3.0,4.0,inf,4.0,4.0,6.0,4.0,4.0,4.0,4.0,3.0,3.0,3.0,3.0,3.0,3.0,3.0,3.0,3.0,3.0,3.0,3.0,3.0,3.0,2.0,2.0,2.0,2.0,2.0,2.0,2.0,2.0,2.0,2.0,2.0,2.0,2.0,4.0,4.0,4.0,3.0,3.0,4.0,4.0,4.0,4.0,4.0,3.0,3.0,3.0,4.0,3.0,4.0,3.0,3.0,2.0
RIFL,3.0,2.0,3.0,3.0,4.0,3.0,3.0,3.0,3.0,3.0,3.0,3.0,3.0,3.0,4.0,3.0,4.0,4.0,3.0,3.0,3.0,3.0,2.0,3.0,3.0,3.0,4.0,3.0,2.0,4.0,3.0,4.0,3.0,3.0,inf,inf,inf,3.0,3.0,4.0,4.0,3.0,4.0,3.0,2.0,4.0,4.0,3.0,4.0,2.0,2.0,3.0,4.0,2.0,2.0,3.0,3.0,1.0,2.0,2.0,1.0,3.0,3.0,3.0,2.0,3.0,3.0,2.0,3.0,2.0,3.0,2.0,4.0,4.0,4.0,4.0,4.0,4.0,3.0,3.0,3.0,2.0,3.0,3.0,4.0,4.0,4.0,4.0,2.0,3.0,3.0,3.0,3.0,3.0,3.0,3.0,3.0,4.0,4.0,4.0,4.0,4.0,4.0,3.0,2.0,3.0,4.0,3.0,4.0,3.0,3.0,3.0,2.0,2.0,2.0,1.0,2.0,5.0,5.0,6.0,6.0,6.0,7.0,8.0,9.0,3.0,3.0,4.0,4.0,3.0,4.0,inf,4.0,4.0,4.0,4.0,5.0,3.0,3.0,7.0,7.0,7.0,6.0,7.0,8.0,9.0,8.0,6.0,7.0,6.0,6.0,3.0,3.0,3.0,3.0,3.0,3.0,4.0,3.0,3.0,3.0,3.0,3.0,3.0,3.0,3.0,3.0,2.0,3.0,4.0,4.0,2.0,3.0,3.0,3.0,3.0,4.0,3.0,2.0,2.0,3.0,3.0,3.0,3.0,2.0,4.0,3.0,4.0,3.0,3.0,3.0,3.0,3.0,3.0,0.0,3.0,2.0,2.0,3.0,2.0,2.0,4.0,4.0,4.0,3.0,4.0,4.0,2.0,3.0,3.0,2.0,2.0,2.0,3.0,3.0,3.0,2.0,3.0,inf,3.0,3.0,4.0,4.0,3.0,4.0,3.0,3.0,3.0,3.0,3.0,3.0,4.0,3.0,3.0,3.0,3.0,3.0,4.0,4.0,3.0,3.0,3.0,4.0,3.0,3.0,2.0,3.0,3.0,inf,4.0,3.0,5.0,4.0,4.0,4.0,4.0,3.0,3.0,3.0,3.0,3.0,3.0,3.0,3.0,3.0,3.0,3.0,3.0,3.0,2.0,3.0,3.0,4.0,4.0,4.0,4.0,4.0,4.0,4.0,4.0,4.0,4.0,3.0,2.0,2.0,3.0,4.0,3.0,3.0,1.0,2.0,3.0,4.0,4.0,4.0,4.0,4.0,4.0,4.0,3.0,3.0,3.0
RIFR,3.0,3.0,4.0,3.0,4.0,3.0,3.0,3.0,4.0,3.0,4.0,3.0,3.0,3.0,4.0,3.0,4.0,4.0,4.0,4.0,4.0,3.0,3.0,4.0,3.0,4.0,2.0,3.0,4.0,4.0,4.0,4.0,4.0,4.0,inf,inf,inf,3.0,2.0,4.0,3.0,4.0,4.0,3.0,2.0,5.0,4.0,4.0,4.0,3.0,2.0,4.0,3.0,2.0,3.0,4.0,3.0,3.0,2.0,3.0,3.0,2.0,3.0,1.0,3.0,2.0,1.0,2.0,3.0,3.0,3.0,4.0,4.0,4.0,3.0,2.0,5.0,4.0,4.0,4.0,3.0,3.0,3.0,4.0,5.0,5.0,4.0,4.0,3.0,3.0,3.0,3.0,3.0,3.0,3.0,3.0,3.0,3.0,4.0,4.0,4.0,4.0,4.0,3.0,1.0,2.0,3.0,4.0,3.0,2.0,3.0,3.0,2.0,2.0,3.0,3.0,2.0,5.0,6.0,6.0,7.0,7.0,7.0,8.0,9.0,4.0,4.0,5.0,5.0,5.0,6.0,inf,5.0,4.0,2.0,4.0,5.0,2.0,2.0,8.0,7.0,7.0,6.0,8.0,8.0,9.0,8.0,6.0,8.0,6.0,7.0,4.0,4.0,4.0,4.0,4.0,3.0,3.0,2.0,3.0,3.0,2.0,2.0,3.0,3.0,3.0,2.0,3.0,3.0,3.0,3.0,2.0,2.0,2.0,2.0,3.0,4.0,2.0,3.0,2.0,2.0,3.0,3.0,3.0,2.0,2.0,2.0,4.0,4.0,4.0,4.0,3.0,3.0,3.0,3.0,0.0,3.0,3.0,3.0,3.0,3.0,4.0,5.0,5.0,2.0,4.0,4.0,4.0,4.0,4.0,3.0,4.0,4.0,4.0,4.0,4.0,3.0,4.0,inf,3.0,1.0,2.0,2.0,5.0,5.0,3.0,4.0,3.0,4.0,2.0,3.0,4.0,3.0,3.0,3.0,4.0,3.0,3.0,3.0,3.0,4.0,3.0,4.0,2.0,3.0,3.0,3.0,4.0,inf,5.0,3.0,7.0,5.0,3.0,4.0,2.0,3.0,4.0,4.0,3.0,3.0,3.0,3.0,3.0,4.0,3.0,3.0,3.0,3.0,3.0,3.0,3.0,4.0,4.0,4.0,4.0,4.0,4.0,4.0,4.0,4.0,3.0,3.0,2.0,3.0,3.0,3.0,3.0,3.0,2.0,2.0,2.0,3.0,3.0,4.0,4.0,5.0,4.0,4.0,3.0,3.0,3.0
RIGL,2.0,3.0,2.0,2.0,2.0,3.0,3.0,3.0,3.0,2.0,3.0,3.0,2.0,1.0,3.0,3.0,3.0,2.0,2.0,3.0,1.0,2.0,3.0,3.0,4.0,3.0,3.0,2.0,4.0,4.0,3.0,4.0,3.0,3.0,inf,inf,inf,2.0,2.0,3.0,3.0,2.0,3.0,2.0,3.0,3.0,4.0,3.0,4.0,3.0,2.0,3.0,4.0,2.0,2.0,2.0,2.0,3.0,3.0,3.0,3.0,2.0,2.0,2.0,3.0,2.0,3.0,3.0,1.0,2.0,2.0,4.0,2.0,3.0,3.0,4.0,3.0,3.0,1.0,2.0,3.0,3.0,4.0,4.0,2.0,3.0,2.0,3.0,3.0,3.0,3.0,3.0,3.0,3.0,3.0,3.0,3.0,3.0,3.0,3.0,3.0,3.0,3.0,3.0,2.0,3.0,4.0,3.0,3.0,2.0,2.0,2.0,2.0,3.0,3.0,2.0,3.0,4.0,5.0,5.0,6.0,6.0,6.0,7.0,8.0,3.0,3.0,3.0,4.0,3.0,4.0,inf,4.0,2.0,4.0,4.0,4.0,3.0,3.0,7.0,6.0,6.0,5.0,7.0,7.0,8.0,7.0,5.0,7.0,5.0,6.0,1.0,2.0,1.0,2.0,1.0,2.0,3.0,2.0,3.0,2.0,3.0,2.0,3.0,2.0,3.0,3.0,3.0,3.0,4.0,3.0,2.0,3.0,3.0,3.0,3.0,2.0,2.0,3.0,1.0,2.0,2.0,3.0,3.0,2.0,3.0,3.0,2.0,3.0,1.0,2.0,3.0,2.0,3.0,2.0,3.0,0.0,1.0,2.0,2.0,3.0,3.0,4.0,2.0,2.0,3.0,2.0,2.0,3.0,3.0,3.0,2.0,3.0,3.0,1.0,3.0,2.0,1.0,inf,3.0,3.0,3.0,3.0,3.0,2.0,3.0,2.0,3.0,3.0,3.0,3.0,3.0,2.0,3.0,2.0,3.0,2.0,3.0,3.0,2.0,2.0,2.0,2.0,2.0,2.0,2.0,3.0,3.0,inf,3.0,3.0,5.0,2.0,3.0,3.0,3.0,1.0,2.0,1.0,3.0,3.0,3.0,3.0,3.0,3.0,3.0,3.0,3.0,3.0,3.0,3.0,2.0,3.0,3.0,3.0,3.0,3.0,3.0,3.0,3.0,3.0,2.0,2.0,2.0,2.0,3.0,3.0,3.0,3.0,1.0,2.0,3.0,4.0,4.0,4.0,4.0,4.0,3.0,4.0,3.0,3.0,2.0
RIGR,3.0,4.0,1.0,2.0,3.0,3.0,4.0,4.0,2.0,3.0,2.0,3.0,1.0,2.0,3.0,2.0,2.0,2.0,2.0,3.0,2.0,2.0,3.0,3.0,3.0,3.0,3.0,1.0,3.0,4.0,3.0,4.0,3.0,3.0,inf,inf,inf,2.0,2.0,3.0,4.0,3.0,3.0,3.0,3.0,3.0,3.0,3.0,3.0,2.0,3.0,3.0,3.0,3.0,2.0,2.0,2.0,3.0,3.0,3.0,2.0,3.0,3.0,3.0,3.0,3.0,3.0,3.0,1.0,1.0,2.0,4.0,3.0,3.0,3.0,3.0,4.0,3.0,1.0,2.0,4.0,4.0,4.0,4.0,3.0,2.0,3.0,2.0,3.0,3.0,3.0,3.0,3.0,3.0,3.0,3.0,3.0,3.0,3.0,3.0,3.0,3.0,3.0,3.0,2.0,3.0,4.0,3.0,4.0,3.0,2.0,3.0,2.0,2.0,3.0,3.0,3.0,4.0,4.0,5.0,5.0,5.0,6.0,7.0,8.0,4.0,3.0,3.0,4.0,3.0,4.0,inf,3.0,2.0,3.0,4.0,3.0,4.0,3.0,6.0,6.0,6.0,5.0,6.0,7.0,8.0,7.0,5.0,6.0,5.0,5.0,2.0,1.0,2.0,1.0,2.0,1.0,3.0,3.0,2.0,2.0,3.0,3.0,3.0,3.0,4.0,3.0,3.0,3.0,4.0,4.0,3.0,3.0,3.0,3.0,3.0,2.0,3.0,3.0,2.0,2.0,2.0,3.0,3.0,2.0,3.0,3.0,3.0,3.0,2.0,1.0,2.0,2.0,3.0,2.0,3.0,1.0,0.0,2.0,2.0,2.0,3.0,3.0,2.0,2.0,2.0,3.0,3.0,2.0,3.0,3.0,2.0,2.0,2.0,2.0,2.0,3.0,1.0,inf,3.0,3.0,3.0,2.0,3.0,2.0,3.0,2.0,4.0,3.0,3.0,3.0,2.0,3.0,2.0,3.0,2.0,2.0,2.0,2.0,2.0,2.0,2.0,2.0,2.0,2.0,2.0,3.0,3.0,inf,2.0,3.0,5.0,3.0,2.0,3.0,3.0,2.0,1.0,2.0,4.0,3.0,3.0,3.0,3.0,3.0,4.0,3.0,3.0,3.0,3.0,3.0,3.0,3.0,3.0,3.0,3.0,3.0,3.0,3.0,3.0,3.0,2.0,2.0,2.0,2.0,3.0,4.0,3.0,3.0,1.0,2.0,3.0,4.0,4.0,3.0,4.0,4.0,3.0,4.0,3.0,3.0,3.0
RIH,3.0,2.0,3.0,3.0,2.0,1.0,3.0,3.0,3.0,2.0,3.0,2.0,2.0,2.0,3.0,3.0,3.0,3.0,4.0,4.0,1.0,2.0,4.0,4.0,4.0,4.0,4.0,3.0,3.0,4.0,4.0,4.0,4.0,4.0,inf,inf,inf,4.0,4.0,3.0,3.0,2.0,2.0,2.0,3.0,4.0,3.0,4.0,4.0,3.0,3.0,4.0,3.0,3.0,3.0,3.0,3.0,2.0,3.0,3.0,3.0,4.0,4.0,4.0,3.0,4.0,4.0,3.0,3.0,3.0,4.0,3.0,2.0,2.0,3.0,2.0,3.0,3.0,3.0,4.0,4.0,4.0,5.0,5.0,4.0,2.0,1.0,4.0,3.0,3.0,3.0,4.0,4.0,4.0,4.0,4.0,4.0,4.0,4.0,4.0,4.0,4.0,4.0,4.0,2.0,3.0,4.0,5.0,5.0,4.0,3.0,4.0,3.0,1.0,2.0,4.0,3.0,4.0,5.0,5.0,6.0,6.0,6.0,7.0,8.0,4.0,3.0,4.0,4.0,4.0,5.0,inf,4.0,3.0,3.0,3.0,5.0,4.0,4.0,7.0,6.0,6.0,5.0,7.0,7.0,8.0,7.0,5.0,7.0,5.0,6.0,3.0,3.0,3.0,1.0,2.0,3.0,4.0,4.0,4.0,4.0,4.0,4.0,4.0,4.0,4.0,4.0,3.0,4.0,5.0,5.0,3.0,4.0,4.0,4.0,4.0,4.0,4.0,3.0,3.0,4.0,4.0,3.0,4.0,3.0,5.0,4.0,3.0,3.0,3.0,2.0,3.0,3.0,4.0,3.0,3.0,2.0,2.0,0.0,3.0,3.0,3.0,4.0,4.0,3.0,3.0,3.0,3.0,3.0,4.0,3.0,4.0,2.0,3.0,3.0,4.0,4.0,3.0,inf,3.0,3.0,4.0,4.0,3.0,4.0,3.0,3.0,4.0,4.0,3.0,2.0,3.0,4.0,2.0,3.0,3.0,4.0,3.0,4.0,3.0,4.0,3.0,4.0,2.0,3.0,3.0,4.0,2.0,inf,4.0,2.0,6.0,3.0,2.0,4.0,4.0,3.0,3.0,3.0,4.0,4.0,4.0,4.0,4.0,4.0,4.0,4.0,4.0,4.0,3.0,4.0,4.0,4.0,4.0,4.0,4.0,4.0,4.0,4.0,4.0,4.0,4.0,4.0,3.0,4.0,4.0,5.0,4.0,4.0,3.0,3.0,3.0,4.0,4.0,5.0,5.0,6.0,5.0,5.0,4.0,4.0,4.0
RIML,3.0,3.0,3.0,3.0,3.0,3.0,3.0,3.0,2.0,2.0,3.0,3.0,2.0,1.0,4.0,3.0,4.0,4.0,1.0,2.0,2.0,3.0,2.0,3.0,3.0,3.0,3.0,3.0,2.0,3.0,2.0,3.0,2.0,2.0,inf,inf,inf,2.0,3.0,3.0,3.0,3.0,4.0,3.0,2.0,4.0,3.0,3.0,4.0,3.0,2.0,3.0,3.0,2.0,1.0,2.0,3.0,2.0,2.0,1.0,1.0,3.0,3.0,3.0,3.0,3.0,2.0,2.0,2.0,2.0,2.0,3.0,3.0,4.0,3.0,4.0,4.0,3.0,3.0,2.0,3.0,4.0,3.0,3.0,4.0,4.0,4.0,4.0,2.0,2.0,2.0,2.0,2.0,2.0,3.0,2.0,2.0,3.0,4.0,3.0,3.0,3.0,3.0,3.0,3.0,4.0,4.0,4.0,3.0,3.0,3.0,3.0,2.0,3.0,3.0,3.0,3.0,5.0,5.0,6.0,6.0,6.0,7.0,8.0,9.0,3.0,3.0,3.0,4.0,3.0,4.0,inf,4.0,2.0,4.0,4.0,5.0,3.0,2.0,7.0,7.0,7.0,6.0,7.0,8.0,9.0,8.0,6.0,7.0,6.0,6.0,3.0,3.0,3.0,3.0,3.0,3.0,3.0,3.0,3.0,3.0,3.0,3.0,2.0,3.0,3.0,2.0,2.0,3.0,3.0,4.0,2.0,2.0,2.0,2.0,3.0,3.0,3.0,3.0,2.0,2.0,3.0,3.0,3.0,2.0,3.0,2.0,3.0,3.0,2.0,3.0,3.0,2.0,3.0,2.0,3.0,2.0,2.0,3.0,0.0,2.0,4.0,4.0,3.0,1.0,3.0,2.0,2.0,2.0,1.0,2.0,2.0,2.0,3.0,3.0,2.0,2.0,1.0,inf,2.0,3.0,3.0,3.0,3.0,2.0,3.0,2.0,3.0,2.0,2.0,4.0,3.0,1.0,3.0,2.0,2.0,2.0,3.0,2.0,3.0,2.0,3.0,3.0,3.0,2.0,2.0,2.0,2.0,inf,3.0,3.0,5.0,3.0,3.0,3.0,3.0,3.0,2.0,2.0,3.0,2.0,3.0,2.0,2.0,2.0,3.0,2.0,2.0,2.0,2.0,2.0,2.0,3.0,3.0,3.0,3.0,3.0,3.0,3.0,3.0,3.0,3.0,3.0,3.0,3.0,3.0,4.0,3.0,3.0,3.0,4.0,3.0,4.0,5.0,4.0,5.0,5.0,4.0,3.0,2.0,3.0,3.0
RIMR,3.0,3.0,3.0,3.0,3.0,3.0,3.0,4.0,2.0,3.0,2.0,3.0,1.0,2.0,4.0,2.0,3.0,4.0,2.0,1.0,3.0,2.0,2.0,3.0,3.0,3.0,3.0,2.0,2.0,3.0,2.0,3.0,2.0,2.0,inf,inf,inf,2.0,3.0,3.0,4.0,3.0,3.0,3.0,2.0,3.0,2.0,3.0,3.0,2.0,3.0,3.0,2.0,1.0,1.0,2.0,3.0,2.0,2.0,1.0,1.0,3.0,3.0,3.0,3.0,3.0,2.0,2.0,2.0,1.0,2.0,3.0,3.0,3.0,3.0,3.0,4.0,3.0,3.0,2.0,3.0,3.0,3.0,3.0,4.0,4.0,4.0,3.0,2.0,2.0,2.0,2.0,2.0,2.0,2.0,2.0,2.0,3.0,4.0,3.0,3.0,3.0,3.0,3.0,3.0,4.0,4.0,4.0,3.0,3.0,2.0,3.0,2.0,2.0,3.0,3.0,3.0,4.0,4.0,5.0,5.0,5.0,6.0,7.0,8.0,3.0,3.0,4.0,4.0,3.0,4.0,inf,3.0,3.0,4.0,4.0,4.0,2.0,2.0,6.0,6.0,6.0,5.0,6.0,7.0,8.0,7.0,5.0,6.0,5.0,5.0,4.0,3.0,3.0,3.0,3.0,3.0,3.0,3.0,2.0,3.0,3.0,3.0,2.0,3.0,2.0,2.0,2.0,2.0,3.0,3.0,2.0,2.0,2.0,2.0,2.0,3.0,2.0,3.0,2.0,2.0,2.0,3.0,3.0,2.0,3.0,2.0,3.0,3.0,3.0,2.0,2.0,3.0,3.0,2.0,3.0,3.0,2.0,3.0,2.0,0.0,3.0,3.0,3.0,1.0,2.0,3.0,2.0,3.0,3.0,2.0,2.0,2.0,2.0,3.0,3.0,2.0,3.0,inf,2.0,3.0,3.0,4.0,3.0,3.0,3.0,2.0,2.0,2.0,2.0,2.0,2.0,3.0,1.0,3.0,3.0,2.0,3.0,3.0,3.0,2.0,2.0,3.0,2.0,2.0,2.0,2.0,2.0,inf,3.0,3.0,5.0,3.0,3.0,3.0,3.0,2.0,2.0,2.0,2.0,2.0,2.0,2.0,2.0,2.0,2.0,2.0,2.0,2.0,2.0,2.0,2.0,3.0,3.0,3.0,3.0,3.0,3.0,3.0,3.0,3.0,3.0,2.0,3.0,3.0,3.0,4.0,3.0,3.0,3.0,3.0,3.0,4.0,4.0,3.0,4.0,4.0,3.0,3.0,2.0,3.0,3.0
RIPL,2.0,3.0,3.0,4.0,1.0,4.0,4.0,5.0,2.0,3.0,3.0,4.0,2.0,3.0,4.0,4.0,4.0,3.0,3.0,4.0,2.0,3.0,4.0,4.0,4.0,4.0,5.0,4.0,4.0,5.0,4.0,5.0,4.0,4.0,inf,inf,inf,4.0,4.0,3.0,4.0,3.0,4.0,2.0,3.0,4.0,4.0,3.0,4.0,3.0,4.0,3.0,4.0,4.0,3.0,4.0,4.0,3.0,3.0,3.0,3.0,4.0,4.0,3.0,4.0,4.0,3.0,4.0,3.0,3.0,3.0,4.0,3.0,4.0,4.0,4.0,2.0,4.0,4.0,4.0,4.0,5.0,5.0,5.0,4.0,5.0,2.0,5.0,4.0,4.0,4.0,4.0,4.0,4.0,4.0,4.0,4.0,4.0,5.0,5.0,5.0,5.0,5.0,4.0,4.0,5.0,5.0,4.0,4.0,3.0,3.0,3.0,3.0,3.0,4.0,4.0,4.0,1.0,2.0,2.0,3.0,3.0,3.0,4.0,5.0,2.0,3.0,1.0,4.0,2.0,3.0,inf,2.0,2.0,5.0,2.0,4.0,4.0,3.0,4.0,3.0,3.0,2.0,4.0,4.0,5.0,4.0,2.0,4.0,2.0,3.0,3.0,4.0,3.0,4.0,3.0,4.0,4.0,4.0,4.0,4.0,4.0,4.0,4.0,3.0,5.0,4.0,4.0,4.0,5.0,5.0,4.0,4.0,3.0,4.0,4.0,4.0,3.0,3.0,3.0,3.0,3.0,3.0,4.0,2.0,4.0,3.0,2.0,4.0,3.0,4.0,3.0,4.0,5.0,4.0,4.0,3.0,3.0,3.0,4.0,3.0,0.0,1.0,5.0,3.0,3.0,4.0,3.0,4.0,3.0,4.0,4.0,4.0,1.0,3.0,2.0,2.0,4.0,inf,3.0,4.0,4.0,5.0,4.0,4.0,4.0,4.0,5.0,4.0,4.0,4.0,3.0,4.0,3.0,4.0,4.0,4.0,4.0,4.0,4.0,4.0,4.0,4.0,4.0,4.0,3.0,3.0,4.0,inf,3.0,1.0,4.0,2.0,4.0,3.0,5.0,4.0,4.0,4.0,5.0,4.0,5.0,4.0,4.0,4.0,5.0,4.0,4.0,4.0,4.0,4.0,4.0,4.0,5.0,5.0,5.0,5.0,5.0,5.0,5.0,5.0,4.0,4.0,4.0,3.0,3.0,4.0,3.0,3.0,4.0,5.0,5.0,6.0,6.0,5.0,5.0,5.0,5.0,4.0,3.0,3.0,3.0
RIPR,3.0,4.0,4.0,5.0,2.0,5.0,5.0,5.0,3.0,4.0,3.0,4.0,2.0,4.0,5.0,5.0,5.0,4.0,4.0,4.0,3.0,3.0,4.0,5.0,4.0,4.0,5.0,4.0,4.0,6.0,5.0,6.0,5.0,5.0,inf,inf,inf,5.0,5.0,4.0,5.0,4.0,4.0,3.0,4.0,4.0,4.0,4.0,5.0,3.0,4.0,4.0,5.0,4.0,4.0,4.0,4.0,4.0,4.0,3.0,3.0,5.0,5.0,4.0,4.0,4.0,4.0,5.0,4.0,4.0,4.0,5.0,4.0,4.0,4.0,5.0,3.0,4.0,4.0,4.0,5.0,5.0,5.0,5.0,5.0,5.0,3.0,5.0,4.0,5.0,5.0,5.0,5.0,5.0,5.0,5.0,5.0,5.0,5.0,5.0,5.0,5.0,5.0,5.0,4.0,5.0,6.0,5.0,5.0,4.0,4.0,4.0,3.0,3.0,4.0,4.0,5.0,2.0,1.0,3.0,2.0,2.0,4.0,4.0,6.0,3.0,3.0,2.0,4.0,2.0,3.0,inf,2.0,3.0,6.0,3.0,4.0,5.0,4.0,3.0,4.0,3.0,3.0,3.0,5.0,5.0,5.0,2.0,3.0,3.0,2.0,4.0,4.0,4.0,4.0,4.0,4.0,5.0,5.0,5.0,5.0,5.0,5.0,5.0,4.0,5.0,5.0,5.0,5.0,6.0,6.0,5.0,5.0,4.0,5.0,4.0,5.0,4.0,4.0,4.0,4.0,4.0,4.0,5.0,3.0,5.0,4.0,3.0,4.0,3.0,4.0,4.0,5.0,5.0,4.0,5.0,4.0,3.0,4.0,4.0,3.0,1.0,0.0,5.0,3.0,3.0,4.0,3.0,4.0,4.0,4.0,4.0,4.0,1.0,3.0,3.0,2.0,4.0,inf,4.0,5.0,5.0,5.0,4.0,4.0,4.0,5.0,5.0,5.0,5.0,4.0,3.0,4.0,3.0,4.0,4.0,4.0,4.0,4.0,4.0,5.0,4.0,5.0,5.0,4.0,3.0,3.0,4.0,inf,3.0,2.0,4.0,3.0,5.0,4.0,6.0,5.0,4.0,5.0,5.0,5.0,5.0,5.0,5.0,5.0,5.0,5.0,5.0,5.0,5.0,5.0,5.0,4.0,5.0,5.0,5.0,5.0,5.0,5.0,5.0,5.0,5.0,5.0,5.0,4.0,4.0,5.0,4.0,4.0,4.0,5.0,5.0,6.0,6.0,6.0,6.0,6.0,5.0,5.0,4.0,4.0,4.0
RIR,4.0,5.0,3.0,3.0,4.0,4.0,4.0,5.0,3.0,4.0,4.0,5.0,3.0,3.0,4.0,4.0,3.0,2.0,4.0,4.0,3.0,4.0,4.0,4.0,5.0,5.0,4.0,3.0,3.0,5.0,5.0,5.0,5.0,5.0,inf,inf,inf,4.0,4.0,4.0,5.0,3.0,4.0,4.0,4.0,3.0,4.0,5.0,5.0,4.0,4.0,3.0,4.0,3.0,4.0,4.0,4.0,4.0,4.0,2.0,3.0,4.0,4.0,4.0,4.0,4.0,4.0,4.0,3.0,3.0,3.0,5.0,4.0,5.0,4.0,5.0,4.0,5.0,1.0,1.0,5.0,5.0,5.0,5.0,4.0,4.0,4.0,4.0,4.0,4.0,4.0,4.0,4.0,4.0,4.0,4.0,4.0,5.0,5.0,5.0,5.0,5.0,5.0,5.0,4.0,5.0,6.0,5.0,5.0,4.0,4.0,4.0,4.0,4.0,4.0,4.0,4.0,6.0,6.0,7.0,7.0,7.0,8.0,9.0,10.0,4.0,4.0,5.0,5.0,5.0,6.0,inf,5.0,4.0,5.0,6.0,5.0,4.0,4.0,8.0,8.0,8.0,7.0,8.0,9.0,10.0,9.0,7.0,8.0,7.0,7.0,3.0,3.0,3.0,3.0,3.0,3.0,4.0,4.0,4.0,4.0,4.0,4.0,5.0,4.0,4.0,4.0,4.0,4.0,5.0,5.0,4.0,4.0,4.0,5.0,4.0,4.0,4.0,4.0,3.0,3.0,4.0,4.0,5.0,4.0,4.0,4.0,3.0,4.0,3.0,3.0,4.0,4.0,5.0,4.0,5.0,2.0,2.0,4.0,3.0,3.0,5.0,5.0,0.0,3.0,4.0,4.0,4.0,4.0,4.0,4.0,4.0,3.0,4.0,3.0,4.0,3.0,3.0,inf,3.0,4.0,4.0,4.0,4.0,4.0,5.0,4.0,4.0,5.0,4.0,5.0,4.0,4.0,4.0,4.0,4.0,4.0,4.0,4.0,4.0,4.0,4.0,4.0,4.0,4.0,4.0,4.0,3.0,inf,4.0,5.0,7.0,4.0,4.0,4.0,5.0,3.0,3.0,3.0,4.0,4.0,4.0,4.0,4.0,4.0,4.0,4.0,4.0,4.0,4.0,4.0,4.0,5.0,5.0,5.0,5.0,5.0,5.0,5.0,5.0,5.0,4.0,4.0,4.0,4.0,5.0,5.0,5.0,5.0,3.0,4.0,5.0,6.0,6.0,5.0,6.0,6.0,5.0,5.0,4.0,4.0,4.0
RIS,3.0,4.0,3.0,3.0,3.0,3.0,3.0,3.0,2.0,2.0,2.0,3.0,1.0,1.0,3.0,3.0,4.0,3.0,2.0,2.0,2.0,2.0,3.0,3.0,3.0,2.0,2.0,3.0,2.0,4.0,3.0,4.0,3.0,3.0,inf,inf,inf,3.0,3.0,3.0,3.0,2.0,3.0,3.0,3.0,3.0,3.0,2.0,3.0,2.0,2.0,3.0,3.0,2.0,2.0,3.0,3.0,3.0,2.0,1.0,2.0,3.0,3.0,3.0,3.0,2.0,1.0,2.0,3.0,2.0,2.0,4.0,3.0,3.0,3.0,4.0,4.0,3.0,3.0,2.0,3.0,4.0,4.0,4.0,4.0,4.0,4.0,4.0,3.0,3.0,3.0,3.0,3.0,3.0,3.0,3.0,3.0,4.0,3.0,4.0,4.0,4.0,4.0,3.0,3.0,4.0,5.0,4.0,4.0,3.0,3.0,3.0,2.0,2.0,3.0,3.0,3.0,4.0,4.0,5.0,5.0,5.0,6.0,7.0,8.0,2.0,2.0,3.0,3.0,3.0,4.0,inf,3.0,3.0,4.0,4.0,5.0,2.0,2.0,6.0,6.0,6.0,5.0,6.0,7.0,8.0,7.0,5.0,6.0,5.0,5.0,3.0,3.0,3.0,3.0,3.0,3.0,3.0,2.0,3.0,3.0,3.0,3.0,3.0,3.0,3.0,3.0,3.0,3.0,4.0,4.0,2.0,2.0,2.0,3.0,3.0,4.0,2.0,3.0,2.0,2.0,3.0,3.0,3.0,2.0,2.0,2.0,2.0,2.0,2.0,2.0,3.0,2.0,3.0,3.0,2.0,2.0,2.0,3.0,1.0,1.0,3.0,3.0,3.0,0.0,2.0,2.0,2.0,2.0,2.0,1.0,2.0,2.0,2.0,2.0,2.0,1.0,2.0,inf,2.0,3.0,2.0,3.0,3.0,3.0,2.0,2.0,3.0,3.0,3.0,3.0,2.0,2.0,2.0,2.0,3.0,2.0,3.0,3.0,3.0,3.0,2.0,3.0,3.0,1.0,1.0,1.0,2.0,inf,4.0,3.0,5.0,3.0,3.0,3.0,3.0,3.0,3.0,3.0,3.0,3.0,3.0,3.0,3.0,3.0,3.0,3.0,3.0,3.0,3.0,3.0,3.0,2.0,3.0,4.0,4.0,4.0,4.0,4.0,4.0,4.0,3.0,3.0,3.0,3.0,3.0,4.0,3.0,3.0,2.0,3.0,4.0,5.0,5.0,4.0,5.0,5.0,4.0,4.0,3.0,3.0,3.0
RIVL,4.0,4.0,3.0,4.0,3.0,3.0,4.0,4.0,2.0,3.0,2.0,3.0,1.0,2.0,2.0,3.0,4.0,3.0,3.0,3.0,3.0,2.0,4.0,3.0,2.0,2.0,4.0,3.0,4.0,5.0,4.0,5.0,4.0,3.0,inf,inf,inf,4.0,3.0,3.0,4.0,3.0,3.0,3.0,3.0,3.0,3.0,3.0,4.0,2.0,3.0,3.0,4.0,3.0,3.0,2.0,3.0,3.0,3.0,3.0,3.0,4.0,3.0,3.0,3.0,3.0,3.0,3.0,3.0,3.0,3.0,3.0,3.0,3.0,3.0,4.0,4.0,3.0,3.0,4.0,5.0,4.0,4.0,4.0,4.0,4.0,4.0,4.0,4.0,4.0,4.0,4.0,4.0,4.0,3.0,4.0,3.0,3.0,3.0,3.0,3.0,3.0,3.0,3.0,3.0,4.0,4.0,5.0,4.0,3.0,2.0,3.0,2.0,2.0,3.0,3.0,4.0,4.0,4.0,5.0,5.0,5.0,6.0,7.0,8.0,3.0,3.0,4.0,4.0,3.0,4.0,inf,3.0,4.0,4.0,5.0,5.0,4.0,4.0,6.0,6.0,6.0,5.0,6.0,7.0,8.0,7.0,5.0,6.0,5.0,5.0,4.0,3.0,3.0,3.0,4.0,3.0,3.0,4.0,3.0,3.0,4.0,4.0,4.0,4.0,4.0,3.0,4.0,3.0,5.0,4.0,4.0,3.0,2.0,3.0,3.0,3.0,4.0,3.0,3.0,3.0,3.0,3.0,3.0,3.0,3.0,3.0,2.0,3.0,3.0,2.0,4.0,3.0,3.0,4.0,4.0,3.0,2.0,3.0,3.0,2.0,3.0,3.0,4.0,2.0,0.0,1.0,3.0,2.0,3.0,3.0,2.0,3.0,2.0,3.0,3.0,2.0,2.0,inf,3.0,3.0,3.0,4.0,2.0,1.0,2.0,3.0,3.0,4.0,4.0,2.0,1.0,3.0,2.0,3.0,2.0,3.0,1.0,2.0,2.0,3.0,3.0,3.0,2.0,3.0,2.0,1.0,2.0,inf,4.0,4.0,5.0,3.0,3.0,4.0,4.0,4.0,3.0,4.0,4.0,4.0,4.0,4.0,4.0,4.0,4.0,4.0,4.0,3.0,4.0,3.0,3.0,2.0,3.0,4.0,3.0,3.0,3.0,3.0,3.0,3.0,3.0,3.0,4.0,4.0,4.0,4.0,3.0,3.0,3.0,4.0,4.0,5.0,5.0,4.0,5.0,5.0,4.0,4.0,3.0,4.0,3.0
RIVR,4.0,3.0,3.0,4.0,3.0,2.0,4.0,3.0,3.0,2.0,3.0,3.0,2.0,1.0,3.0,4.0,4.0,4.0,3.0,4.0,2.0,3.0,3.0,4.0,2.0,3.0,3.0,3.0,3.0,5.0,4.0,5.0,4.0,3.0,inf,inf,inf,4.0,3.0,3.0,3.0,3.0,3.0,3.0,3.0,4.0,4.0,4.0,4.0,3.0,2.0,4.0,4.0,3.0,3.0,2.0,3.0,3.0,3.0,2.0,3.0,3.0,3.0,3.0,4.0,3.0,3.0,4.0,3.0,3.0,3.0,3.0,3.0,3.0,4.0,3.0,4.0,3.0,3.0,3.0,4.0,4.0,4.0,4.0,4.0,4.0,4.0,5.0,4.0,4.0,4.0,4.0,4.0,4.0,4.0,4.0,3.0,3.0,4.0,3.0,3.0,3.0,3.0,3.0,4.0,5.0,4.0,4.0,4.0,3.0,2.0,3.0,2.0,3.0,4.0,3.0,3.0,5.0,5.0,6.0,6.0,6.0,7.0,8.0,9.0,4.0,3.0,5.0,4.0,4.0,5.0,inf,4.0,4.0,4.0,4.0,6.0,4.0,3.0,7.0,7.0,7.0,6.0,7.0,8.0,9.0,8.0,6.0,7.0,6.0,6.0,3.0,4.0,3.0,3.0,3.0,4.0,3.0,3.0,3.0,3.0,4.0,3.0,4.0,3.0,4.0,4.0,4.0,4.0,5.0,4.0,3.0,3.0,3.0,4.0,3.0,3.0,3.0,3.0,2.0,3.0,3.0,3.0,3.0,2.0,4.0,3.0,3.0,2.0,3.0,3.0,4.0,2.0,3.0,4.0,4.0,2.0,3.0,3.0,2.0,3.0,4.0,4.0,4.0,2.0,1.0,0.0,3.0,3.0,3.0,3.0,3.0,2.0,3.0,3.0,4.0,3.0,3.0,inf,3.0,3.0,3.0,3.0,1.0,2.0,3.0,3.0,4.0,4.0,4.0,2.0,1.0,3.0,3.0,2.0,2.0,3.0,2.0,2.0,3.0,2.0,4.0,3.0,3.0,2.0,3.0,2.0,1.0,inf,5.0,3.0,6.0,4.0,3.0,4.0,3.0,3.0,4.0,3.0,4.0,4.0,4.0,4.0,4.0,4.0,4.0,4.0,4.0,4.0,4.0,3.0,3.0,3.0,3.0,4.0,3.0,3.0,3.0,3.0,3.0,3.0,3.0,3.0,4.0,3.0,3.0,4.0,3.0,3.0,3.0,4.0,5.0,6.0,5.0,4.0,5.0,5.0,4.0,4.0,3.0,3.0,3.0
RMDDL,2.0,3.0,3.0,3.0,3.0,3.0,4.0,4.0,3.0,3.0,4.0,3.0,3.0,2.0,3.0,3.0,4.0,3.0,3.0,3.0,3.0,3.0,2.0,3.0,4.0,3.0,2.0,3.0,2.0,4.0,3.0,4.0,3.0,3.0,inf,inf,inf,3.0,4.0,4.0,4.0,3.0,4.0,3.0,2.0,4.0,4.0,3.0,4.0,4.0,3.0,2.0,3.0,3.0,2.0,3.0,2.0,3.0,3.0,2.0,1.0,4.0,4.0,4.0,3.0,3.0,3.0,3.0,3.0,2.0,3.0,4.0,4.0,4.0,3.0,4.0,3.0,4.0,3.0,3.0,4.0,4.0,3.0,3.0,3.0,4.0,2.0,3.0,2.0,3.0,3.0,3.0,3.0,3.0,3.0,3.0,3.0,3.0,3.0,3.0,3.0,3.0,3.0,3.0,4.0,5.0,4.0,5.0,4.0,4.0,3.0,4.0,3.0,4.0,3.0,3.0,3.0,4.0,4.0,5.0,5.0,5.0,6.0,7.0,8.0,3.0,3.0,2.0,3.0,1.0,2.0,inf,3.0,2.0,4.0,4.0,3.0,4.0,3.0,6.0,6.0,6.0,5.0,6.0,7.0,8.0,7.0,5.0,6.0,5.0,5.0,3.0,4.0,2.0,3.0,1.0,2.0,4.0,4.0,3.0,3.0,4.0,4.0,3.0,4.0,4.0,3.0,3.0,3.0,4.0,4.0,3.0,3.0,2.0,3.0,3.0,4.0,3.0,3.0,3.0,3.0,3.0,4.0,3.0,3.0,3.0,3.0,3.0,1.0,2.0,2.0,3.0,3.0,3.0,2.0,4.0,2.0,3.0,3.0,2.0,2.0,3.0,3.0,4.0,2.0,3.0,3.0,0.0,2.0,1.0,2.0,1.0,2.0,2.0,3.0,2.0,2.0,3.0,inf,3.0,3.0,2.0,3.0,3.0,3.0,2.0,2.0,4.0,3.0,3.0,4.0,3.0,3.0,3.0,2.0,2.0,2.0,2.0,2.0,1.0,2.0,3.0,3.0,3.0,1.0,2.0,2.0,2.0,inf,4.0,3.0,3.0,3.0,3.0,3.0,4.0,3.0,3.0,3.0,4.0,3.0,4.0,3.0,3.0,3.0,4.0,3.0,3.0,3.0,3.0,3.0,3.0,3.0,3.0,3.0,3.0,3.0,3.0,3.0,3.0,3.0,3.0,3.0,4.0,4.0,4.0,5.0,4.0,4.0,3.0,4.0,4.0,5.0,5.0,4.0,5.0,5.0,4.0,4.0,3.0,4.0,4.0
RMDDR,3.0,4.0,1.0,4.0,3.0,3.0,2.0,3.0,3.0,2.0,3.0,4.0,2.0,3.0,3.0,3.0,2.0,3.0,3.0,4.0,3.0,3.0,3.0,1.0,3.0,2.0,3.0,3.0,3.0,4.0,3.0,4.0,3.0,3.0,inf,inf,inf,3.0,4.0,3.0,3.0,2.0,3.0,2.0,3.0,4.0,4.0,2.0,3.0,3.0,4.0,3.0,3.0,3.0,2.0,3.0,3.0,3.0,2.0,2.0,2.0,3.0,2.0,4.0,3.0,3.0,3.0,3.0,3.0,3.0,3.0,2.0,3.0,4.0,2.0,3.0,4.0,3.0,3.0,3.0,4.0,3.0,4.0,4.0,4.0,3.0,4.0,2.0,3.0,3.0,3.0,3.0,3.0,3.0,4.0,3.0,3.0,4.0,4.0,4.0,4.0,4.0,4.0,3.0,3.0,4.0,5.0,4.0,4.0,4.0,3.0,4.0,3.0,3.0,3.0,4.0,4.0,5.0,5.0,6.0,6.0,6.0,7.0,8.0,9.0,3.0,2.0,3.0,3.0,3.0,4.0,inf,4.0,2.0,3.0,4.0,3.0,3.0,3.0,7.0,7.0,7.0,6.0,7.0,8.0,9.0,8.0,6.0,7.0,6.0,6.0,3.0,3.0,3.0,2.0,3.0,1.0,4.0,3.0,3.0,3.0,4.0,3.0,3.0,4.0,4.0,3.0,3.0,3.0,4.0,4.0,3.0,3.0,3.0,3.0,4.0,3.0,3.0,3.0,3.0,3.0,3.0,4.0,2.0,3.0,4.0,3.0,3.0,1.0,2.0,2.0,3.0,3.0,4.0,3.0,4.0,3.0,2.0,3.0,2.0,3.0,4.0,4.0,4.0,2.0,2.0,3.0,2.0,0.0,1.0,2.0,2.0,1.0,3.0,4.0,2.0,3.0,2.0,inf,1.0,3.0,2.0,2.0,2.0,1.0,3.0,2.0,4.0,3.0,3.0,3.0,3.0,1.0,2.0,2.0,2.0,2.0,3.0,2.0,3.0,2.0,2.0,3.0,3.0,2.0,1.0,2.0,2.0,inf,4.0,3.0,5.0,3.0,2.0,2.0,4.0,4.0,3.0,3.0,4.0,3.0,4.0,3.0,3.0,3.0,4.0,3.0,3.0,3.0,3.0,3.0,3.0,3.0,4.0,4.0,4.0,4.0,4.0,4.0,4.0,4.0,4.0,4.0,3.0,3.0,4.0,3.0,3.0,4.0,2.0,3.0,4.0,5.0,5.0,4.0,5.0,5.0,4.0,4.0,3.0,4.0,3.0
RMDL,3.0,4.0,2.0,3.0,3.0,4.0,3.0,4.0,3.0,3.0,3.0,4.0,3.0,2.0,4.0,4.0,3.0,3.0,2.0,3.0,3.0,4.0,3.0,2.0,3.0,3.0,2.0,3.0,3.0,4.0,3.0,4.0,3.0,3.0,inf,inf,inf,3.0,3.0,4.0,4.0,3.0,4.0,3.0,3.0,4.0,4.0,2.0,3.0,4.0,3.0,2.0,3.0,3.0,2.0,2.0,2.0,3.0,3.0,2.0,2.0,4.0,3.0,4.0,4.0,3.0,3.0,3.0,3.0,3.0,3.0,3.0,4.0,5.0,3.0,4.0,3.0,4.0,4.0,3.0,4.0,4.0,4.0,4.0,3.0,4.0,3.0,3.0,3.0,3.0,3.0,3.0,3.0,3.0,3.0,3.0,3.0,3.0,3.0,3.0,3.0,3.0,3.0,3.0,4.0,5.0,4.0,5.0,4.0,4.0,2.0,4.0,3.0,4.0,4.0,4.0,4.0,4.0,5.0,5.0,6.0,6.0,6.0,7.0,8.0,3.0,3.0,2.0,4.0,2.0,3.0,inf,4.0,1.0,4.0,3.0,4.0,4.0,3.0,7.0,6.0,6.0,5.0,7.0,7.0,8.0,7.0,5.0,7.0,5.0,6.0,2.0,3.0,2.0,3.0,2.0,2.0,3.0,4.0,3.0,3.0,4.0,4.0,3.0,4.0,4.0,3.0,3.0,3.0,4.0,4.0,3.0,3.0,2.0,3.0,3.0,3.0,3.0,3.0,3.0,3.0,3.0,4.0,3.0,3.0,3.0,3.0,3.0,2.0,2.0,2.0,4.0,3.0,3.0,3.0,4.0,3.0,3.0,4.0,1.0,3.0,3.0,4.0,4.0,2.0,3.0,3.0,1.0,1.0,0.0,3.0,1.0,2.0,3.0,3.0,1.0,2.0,2.0,inf,2.0,3.0,2.0,3.0,3.0,2.0,2.0,2.0,4.0,3.0,3.0,3.0,2.0,2.0,3.0,2.0,1.0,2.0,3.0,1.0,2.0,3.0,3.0,2.0,3.0,1.0,2.0,2.0,3.0,inf,4.0,2.0,4.0,2.0,3.0,2.0,4.0,4.0,3.0,3.0,4.0,3.0,4.0,3.0,3.0,3.0,4.0,3.0,3.0,3.0,3.0,3.0,3.0,3.0,3.0,3.0,3.0,3.0,3.0,3.0,3.0,3.0,3.0,3.0,4.0,4.0,4.0,4.0,4.0,4.0,3.0,4.0,4.0,5.0,5.0,4.0,5.0,5.0,4.0,4.0,3.0,4.0,4.0
RMDR,3.0,3.0,3.0,3.0,4.0,3.0,3.0,4.0,3.0,2.0,3.0,3.0,2.0,2.0,4.0,3.0,4.0,4.0,3.0,3.0,3.0,3.0,2.0,3.0,3.0,3.0,3.0,3.0,2.0,3.0,2.0,3.0,2.0,2.0,inf,inf,inf,2.0,3.0,3.0,3.0,3.0,4.0,3.0,2.0,4.0,4.0,3.0,4.0,3.0,3.0,3.0,4.0,2.0,1.0,2.0,3.0,2.0,2.0,2.0,1.0,3.0,4.0,3.0,3.0,3.0,2.0,2.0,3.0,2.0,3.0,3.0,4.0,4.0,4.0,4.0,4.0,3.0,4.0,3.0,3.0,4.0,3.0,3.0,4.0,3.0,4.0,4.0,2.0,2.0,2.0,2.0,2.0,2.0,3.0,2.0,2.0,3.0,4.0,3.0,3.0,3.0,3.0,3.0,3.0,4.0,4.0,4.0,3.0,3.0,3.0,3.0,3.0,3.0,3.0,3.0,3.0,5.0,5.0,6.0,6.0,6.0,7.0,8.0,9.0,3.0,2.0,4.0,3.0,3.0,4.0,inf,4.0,4.0,4.0,4.0,5.0,3.0,2.0,7.0,7.0,7.0,6.0,7.0,8.0,9.0,8.0,6.0,7.0,6.0,6.0,4.0,4.0,3.0,2.0,3.0,3.0,3.0,3.0,3.0,3.0,4.0,3.0,2.0,3.0,3.0,2.0,2.0,3.0,3.0,4.0,2.0,2.0,2.0,2.0,3.0,4.0,3.0,3.0,3.0,3.0,3.0,3.0,3.0,2.0,3.0,2.0,3.0,3.0,3.0,3.0,3.0,3.0,3.0,2.0,3.0,3.0,3.0,3.0,2.0,2.0,4.0,4.0,4.0,1.0,3.0,3.0,2.0,2.0,3.0,0.0,2.0,1.0,3.0,3.0,3.0,2.0,3.0,inf,3.0,3.0,3.0,4.0,2.0,3.0,3.0,2.0,3.0,2.0,2.0,4.0,3.0,3.0,3.0,2.0,3.0,2.0,3.0,3.0,3.0,3.0,3.0,3.0,3.0,2.0,2.0,2.0,2.0,inf,3.0,3.0,5.0,4.0,3.0,4.0,4.0,3.0,2.0,2.0,3.0,2.0,3.0,2.0,2.0,2.0,3.0,2.0,2.0,2.0,2.0,2.0,2.0,3.0,3.0,3.0,3.0,3.0,3.0,3.0,3.0,3.0,3.0,3.0,4.0,3.0,3.0,4.0,3.0,3.0,3.0,4.0,3.0,4.0,5.0,4.0,5.0,5.0,4.0,3.0,2.0,3.0,3.0
RMDVL,3.0,3.0,3.0,3.0,3.0,3.0,4.0,4.0,3.0,3.0,3.0,3.0,3.0,3.0,3.0,3.0,3.0,2.0,3.0,3.0,3.0,3.0,2.0,3.0,3.0,2.0,3.0,3.0,2.0,4.0,3.0,4.0,3.0,3.0,inf,inf,inf,3.0,3.0,3.0,4.0,3.0,4.0,3.0,2.0,3.0,4.0,3.0,4.0,4.0,3.0,1.0,2.0,3.0,2.0,3.0,2.0,3.0,3.0,2.0,1.0,4.0,3.0,4.0,3.0,4.0,3.0,3.0,3.0,2.0,3.0,4.0,4.0,4.0,2.0,3.0,2.0,4.0,3.0,3.0,4.0,4.0,3.0,3.0,2.0,4.0,3.0,2.0,2.0,3.0,3.0,3.0,3.0,3.0,3.0,3.0,3.0,3.0,3.0,3.0,3.0,3.0,3.0,3.0,4.0,5.0,4.0,5.0,4.0,4.0,2.0,4.0,3.0,4.0,3.0,3.0,3.0,5.0,5.0,6.0,6.0,6.0,7.0,8.0,9.0,3.0,3.0,3.0,4.0,2.0,3.0,inf,4.0,2.0,3.0,4.0,3.0,4.0,3.0,7.0,7.0,7.0,6.0,7.0,8.0,9.0,8.0,6.0,7.0,6.0,6.0,3.0,3.0,1.0,3.0,2.0,1.0,3.0,4.0,3.0,3.0,4.0,4.0,3.0,4.0,4.0,3.0,3.0,3.0,4.0,4.0,3.0,3.0,2.0,3.0,3.0,3.0,3.0,3.0,3.0,3.0,3.0,4.0,3.0,3.0,3.0,3.0,2.0,2.0,2.0,2.0,3.0,3.0,3.0,2.0,4.0,2.0,2.0,4.0,2.0,2.0,4.0,4.0,4.0,2.0,2.0,3.0,1.0,2.0,1.0,2.0,0.0,2.0,3.0,3.0,2.0,2.0,3.0,inf,3.0,3.0,2.0,2.0,3.0,3.0,1.0,2.0,3.0,3.0,3.0,3.0,2.0,3.0,3.0,3.0,1.0,3.0,2.0,2.0,1.0,2.0,2.0,3.0,2.0,2.0,2.0,1.0,3.0,inf,4.0,3.0,4.0,2.0,2.0,3.0,3.0,3.0,3.0,3.0,4.0,3.0,4.0,3.0,3.0,3.0,4.0,3.0,3.0,3.0,3.0,3.0,3.0,2.0,3.0,3.0,3.0,3.0,3.0,3.0,3.0,3.0,3.0,3.0,4.0,4.0,4.0,4.0,4.0,4.0,3.0,4.0,4.0,5.0,5.0,4.0,5.0,5.0,4.0,4.0,3.0,4.0,4.0
RMDVR,3.0,3.0,2.0,3.0,3.0,2.0,3.0,4.0,2.0,1.0,3.0,3.0,3.0,2.0,4.0,3.0,3.0,4.0,3.0,3.0,3.0,3.0,2.0,2.0,3.0,3.0,3.0,3.0,2.0,3.0,2.0,3.0,2.0,2.0,inf,inf,inf,2.0,3.0,2.0,2.0,3.0,3.0,3.0,2.0,4.0,4.0,3.0,4.0,4.0,3.0,3.0,4.0,2.0,1.0,2.0,3.0,2.0,2.0,1.0,1.0,3.0,3.0,3.0,3.0,2.0,3.0,2.0,3.0,2.0,2.0,3.0,4.0,3.0,3.0,3.0,3.0,2.0,3.0,2.0,3.0,4.0,3.0,3.0,4.0,2.0,3.0,3.0,2.0,2.0,2.0,2.0,2.0,2.0,3.0,2.0,2.0,3.0,3.0,3.0,3.0,3.0,3.0,3.0,3.0,4.0,4.0,4.0,3.0,3.0,2.0,3.0,3.0,3.0,3.0,3.0,3.0,5.0,5.0,6.0,6.0,6.0,7.0,8.0,9.0,2.0,1.0,3.0,2.0,3.0,3.0,inf,4.0,3.0,3.0,4.0,4.0,3.0,2.0,7.0,7.0,7.0,6.0,7.0,8.0,9.0,8.0,6.0,7.0,6.0,6.0,4.0,3.0,3.0,1.0,3.0,2.0,3.0,4.0,3.0,3.0,3.0,3.0,2.0,3.0,3.0,2.0,2.0,3.0,3.0,4.0,2.0,2.0,2.0,2.0,3.0,3.0,3.0,3.0,3.0,2.0,3.0,3.0,3.0,2.0,3.0,2.0,3.0,2.0,2.0,2.0,3.0,3.0,3.0,2.0,4.0,3.0,2.0,2.0,2.0,2.0,4.0,4.0,3.0,2.0,3.0,2.0,2.0,1.0,2.0,1.0,2.0,0.0,3.0,3.0,3.0,2.0,2.0,inf,2.0,3.0,3.0,3.0,1.0,2.0,2.0,1.0,3.0,2.0,2.0,3.0,2.0,2.0,3.0,1.0,3.0,2.0,3.0,2.0,3.0,2.0,3.0,2.0,3.0,2.0,2.0,3.0,1.0,inf,3.0,3.0,4.0,3.0,2.0,3.0,4.0,3.0,2.0,2.0,3.0,2.0,3.0,2.0,2.0,2.0,3.0,2.0,2.0,2.0,2.0,2.0,2.0,2.0,3.0,3.0,3.0,3.0,3.0,3.0,3.0,3.0,3.0,3.0,3.0,3.0,3.0,4.0,3.0,3.0,3.0,4.0,3.0,4.0,5.0,4.0,5.0,5.0,4.0,3.0,2.0,3.0,3.0
RMED,3.0,4.0,3.0,4.0,2.0,4.0,4.0,4.0,2.0,3.0,2.0,3.0,1.0,3.0,4.0,4.0,4.0,4.0,3.0,3.0,3.0,2.0,3.0,4.0,3.0,3.0,4.0,3.0,3.0,5.0,4.0,5.0,4.0,4.0,inf,inf,inf,4.0,4.0,3.0,4.0,3.0,3.0,3.0,3.0,3.0,3.0,3.0,4.0,2.0,3.0,4.0,4.0,3.0,3.0,3.0,3.0,3.0,4.0,2.0,2.0,4.0,4.0,3.0,3.0,3.0,3.0,4.0,3.0,3.0,3.0,4.0,3.0,3.0,3.0,4.0,3.0,3.0,3.0,3.0,4.0,4.0,4.0,4.0,4.0,4.0,3.0,4.0,3.0,4.0,4.0,4.0,4.0,4.0,4.0,4.0,4.0,4.0,4.0,4.0,4.0,4.0,4.0,4.0,3.0,4.0,5.0,4.0,4.0,3.0,3.0,3.0,2.0,2.0,3.0,3.0,4.0,2.0,2.0,3.0,3.0,3.0,4.0,5.0,6.0,2.0,2.0,2.0,3.0,1.0,2.0,inf,1.0,3.0,5.0,3.0,3.0,4.0,3.0,4.0,4.0,4.0,3.0,4.0,5.0,6.0,5.0,3.0,4.0,3.0,3.0,4.0,3.0,3.0,3.0,3.0,3.0,4.0,4.0,4.0,4.0,4.0,4.0,4.0,3.0,4.0,4.0,4.0,4.0,5.0,5.0,4.0,4.0,3.0,4.0,3.0,4.0,3.0,3.0,3.0,3.0,3.0,3.0,4.0,2.0,4.0,3.0,3.0,3.0,2.0,3.0,4.0,4.0,4.0,3.0,4.0,3.0,2.0,3.0,3.0,2.0,1.0,1.0,4.0,2.0,2.0,3.0,2.0,3.0,3.0,3.0,3.0,3.0,0.0,2.0,2.0,1.0,3.0,inf,3.0,4.0,4.0,4.0,3.0,3.0,3.0,4.0,4.0,4.0,4.0,3.0,2.0,3.0,2.0,3.0,3.0,3.0,3.0,3.0,3.0,4.0,3.0,4.0,4.0,3.0,2.0,2.0,3.0,inf,2.0,2.0,3.0,3.0,4.0,4.0,5.0,4.0,3.0,4.0,4.0,4.0,4.0,4.0,4.0,4.0,4.0,4.0,4.0,4.0,4.0,4.0,4.0,3.0,4.0,4.0,4.0,4.0,4.0,4.0,4.0,4.0,4.0,4.0,4.0,3.0,3.0,4.0,3.0,3.0,3.0,4.0,4.0,5.0,5.0,5.0,5.0,5.0,4.0,4.0,3.0,3.0,3.0
RMEL,3.0,4.0,3.0,3.0,3.0,4.0,4.0,4.0,3.0,3.0,4.0,4.0,3.0,2.0,4.0,4.0,4.0,3.0,3.0,4.0,2.0,3.0,3.0,4.0,5.0,3.0,4.0,3.0,3.0,5.0,4.0,5.0,4.0,4.0,inf,inf,inf,3.0,3.0,4.0,4.0,3.0,4.0,3.0,3.0,4.0,5.0,4.0,4.0,4.0,3.0,4.0,5.0,3.0,3.0,3.0,3.0,3.0,4.0,2.0,2.0,3.0,3.0,3.0,4.0,3.0,3.0,4.0,2.0,3.0,3.0,4.0,3.0,4.0,4.0,5.0,4.0,4.0,2.0,3.0,4.0,4.0,4.0,4.0,3.0,4.0,3.0,4.0,3.0,4.0,4.0,4.0,4.0,4.0,4.0,4.0,4.0,4.0,4.0,4.0,4.0,4.0,4.0,4.0,3.0,4.0,5.0,4.0,4.0,3.0,3.0,3.0,3.0,4.0,4.0,3.0,4.0,4.0,4.0,5.0,5.0,5.0,6.0,7.0,8.0,2.0,2.0,3.0,3.0,3.0,4.0,inf,3.0,3.0,5.0,4.0,5.0,4.0,3.0,6.0,6.0,6.0,5.0,6.0,7.0,8.0,7.0,5.0,6.0,5.0,5.0,2.0,3.0,2.0,3.0,2.0,3.0,4.0,3.0,4.0,3.0,4.0,3.0,4.0,3.0,4.0,4.0,4.0,4.0,5.0,4.0,3.0,4.0,3.0,4.0,4.0,3.0,3.0,3.0,2.0,3.0,3.0,3.0,4.0,2.0,4.0,3.0,3.0,4.0,2.0,3.0,4.0,3.0,4.0,3.0,4.0,1.0,2.0,3.0,3.0,3.0,3.0,3.0,3.0,2.0,3.0,3.0,3.0,4.0,3.0,3.0,3.0,3.0,2.0,0.0,2.0,1.0,2.0,inf,3.0,4.0,4.0,4.0,4.0,3.0,3.0,3.0,4.0,4.0,4.0,4.0,4.0,3.0,4.0,3.0,4.0,3.0,4.0,4.0,3.0,3.0,3.0,3.0,3.0,3.0,3.0,2.0,3.0,inf,4.0,3.0,5.0,3.0,4.0,4.0,4.0,2.0,3.0,2.0,4.0,4.0,4.0,4.0,4.0,4.0,4.0,4.0,4.0,4.0,4.0,4.0,3.0,3.0,4.0,4.0,4.0,4.0,4.0,4.0,4.0,4.0,3.0,3.0,3.0,3.0,3.0,4.0,3.0,3.0,2.0,3.0,4.0,5.0,5.0,5.0,5.0,5.0,4.0,4.0,3.0,3.0,3.0
RMER,4.0,4.0,1.0,4.0,3.0,4.0,3.0,4.0,3.0,4.0,3.0,4.0,3.0,3.0,5.0,4.0,2.0,3.0,3.0,4.0,4.0,4.0,3.0,3.0,4.0,3.0,3.0,3.0,3.0,5.0,4.0,5.0,4.0,4.0,inf,inf,inf,4.0,4.0,4.0,4.0,4.0,3.0,3.0,3.0,4.0,4.0,2.0,3.0,4.0,4.0,3.0,3.0,3.0,3.0,3.0,3.0,3.0,3.0,2.0,2.0,4.0,3.0,3.0,4.0,4.0,3.0,4.0,3.0,3.0,3.0,4.0,4.0,5.0,3.0,4.0,4.0,4.0,3.0,3.0,4.0,5.0,4.0,4.0,4.0,4.0,3.0,4.0,3.0,4.0,4.0,4.0,4.0,4.0,4.0,4.0,4.0,4.0,4.0,4.0,4.0,4.0,4.0,4.0,4.0,5.0,5.0,4.0,4.0,3.0,3.0,3.0,3.0,4.0,4.0,4.0,4.0,3.0,4.0,4.0,5.0,5.0,5.0,6.0,7.0,2.0,2.0,1.0,3.0,2.0,3.0,inf,3.0,1.0,5.0,3.0,4.0,4.0,3.0,6.0,5.0,5.0,4.0,6.0,6.0,7.0,6.0,4.0,6.0,4.0,5.0,2.0,3.0,3.0,3.0,3.0,3.0,4.0,4.0,4.0,4.0,4.0,4.0,4.0,3.0,4.0,4.0,4.0,4.0,5.0,5.0,4.0,4.0,3.0,4.0,4.0,4.0,3.0,3.0,3.0,3.0,3.0,3.0,4.0,2.0,4.0,3.0,3.0,3.0,2.0,3.0,4.0,4.0,4.0,3.0,4.0,3.0,2.0,4.0,2.0,3.0,2.0,3.0,4.0,2.0,3.0,4.0,2.0,2.0,1.0,3.0,2.0,3.0,2.0,2.0,0.0,1.0,3.0,inf,2.0,4.0,3.0,4.0,4.0,3.0,3.0,3.0,4.0,4.0,4.0,4.0,3.0,3.0,4.0,3.0,2.0,2.0,4.0,2.0,3.0,3.0,4.0,3.0,4.0,2.0,3.0,2.0,3.0,inf,4.0,2.0,4.0,2.0,4.0,2.0,4.0,4.0,3.0,4.0,4.0,4.0,4.0,4.0,4.0,4.0,4.0,4.0,4.0,4.0,4.0,4.0,4.0,3.0,4.0,4.0,4.0,4.0,4.0,4.0,4.0,4.0,4.0,4.0,4.0,3.0,3.0,4.0,3.0,3.0,3.0,4.0,5.0,6.0,6.0,5.0,5.0,5.0,5.0,4.0,3.0,3.0,3.0
RMEV,3.0,3.0,2.0,3.0,3.0,3.0,3.0,4.0,2.0,3.0,3.0,3.0,2.0,2.0,4.0,3.0,3.0,3.0,3.0,3.0,3.0,3.0,2.0,3.0,4.0,2.0,3.0,3.0,2.0,4.0,3.0,4.0,3.0,3.0,inf,inf,inf,3.0,3.0,3.0,3.0,3.0,4.0,3.0,2.0,4.0,4.0,3.0,3.0,3.0,3.0,3.0,4.0,2.0,2.0,2.0,2.0,2.0,3.0,1.0,1.0,3.0,3.0,2.0,3.0,3.0,2.0,3.0,2.0,2.0,2.0,3.0,4.0,4.0,3.0,4.0,4.0,4.0,3.0,2.0,3.0,4.0,3.0,3.0,3.0,4.0,3.0,4.0,2.0,3.0,3.0,3.0,3.0,3.0,3.0,3.0,3.0,3.0,3.0,3.0,3.0,3.0,3.0,3.0,4.0,5.0,4.0,3.0,3.0,2.0,2.0,2.0,2.0,3.0,3.0,3.0,3.0,3.0,3.0,4.0,4.0,4.0,5.0,6.0,7.0,1.0,1.0,2.0,2.0,2.0,3.0,inf,2.0,2.0,4.0,3.0,4.0,3.0,2.0,5.0,5.0,5.0,4.0,5.0,6.0,7.0,6.0,4.0,5.0,4.0,4.0,3.0,4.0,2.0,3.0,2.0,3.0,3.0,3.0,3.0,3.0,3.0,3.0,3.0,2.0,3.0,3.0,3.0,3.0,4.0,4.0,3.0,3.0,2.0,3.0,3.0,3.0,2.0,2.0,2.0,2.0,3.0,2.0,3.0,1.0,3.0,2.0,2.0,3.0,1.0,2.0,3.0,3.0,3.0,2.0,3.0,2.0,3.0,4.0,2.0,2.0,2.0,2.0,3.0,1.0,2.0,3.0,2.0,3.0,2.0,2.0,2.0,2.0,1.0,1.0,1.0,0.0,3.0,inf,2.0,3.0,3.0,4.0,3.0,3.0,2.0,3.0,3.0,3.0,3.0,3.0,3.0,2.0,3.0,2.0,3.0,2.0,3.0,3.0,2.0,3.0,3.0,3.0,3.0,2.0,2.0,1.0,2.0,inf,3.0,2.0,4.0,3.0,4.0,3.0,4.0,3.0,3.0,3.0,3.0,3.0,3.0,3.0,3.0,3.0,3.0,3.0,3.0,3.0,3.0,3.0,3.0,2.0,3.0,3.0,3.0,3.0,3.0,3.0,3.0,3.0,3.0,3.0,3.0,2.0,2.0,3.0,2.0,2.0,3.0,4.0,4.0,5.0,5.0,4.0,4.0,4.0,4.0,3.0,2.0,2.0,2.0
RMFL,3.0,4.0,2.0,3.0,3.0,4.0,4.0,4.0,3.0,3.0,3.0,4.0,2.0,2.0,4.0,3.0,3.0,3.0,2.0,3.0,2.0,3.0,3.0,3.0,4.0,4.0,3.0,2.0,3.0,4.0,3.0,4.0,3.0,3.0,inf,inf,inf,3.0,3.0,4.0,4.0,3.0,4.0,3.0,3.0,4.0,4.0,4.0,4.0,3.0,3.0,4.0,4.0,3.0,2.0,3.0,3.0,3.0,3.0,2.0,2.0,3.0,3.0,3.0,4.0,3.0,3.0,3.0,2.0,2.0,3.0,4.0,3.0,4.0,4.0,4.0,4.0,4.0,2.0,3.0,4.0,4.0,4.0,4.0,3.0,3.0,3.0,3.0,3.0,3.0,3.0,3.0,3.0,3.0,4.0,3.0,3.0,3.0,3.0,4.0,4.0,4.0,4.0,3.0,3.0,4.0,5.0,4.0,4.0,3.0,2.0,3.0,3.0,3.0,4.0,3.0,4.0,5.0,5.0,6.0,6.0,6.0,7.0,8.0,9.0,4.0,3.0,4.0,4.0,4.0,5.0,inf,4.0,3.0,4.0,5.0,4.0,4.0,3.0,7.0,7.0,7.0,6.0,7.0,8.0,9.0,8.0,6.0,7.0,6.0,6.0,2.0,2.0,2.0,2.0,2.0,2.0,3.0,3.0,3.0,3.0,4.0,3.0,3.0,3.0,4.0,3.0,3.0,4.0,4.0,4.0,3.0,3.0,3.0,3.0,4.0,3.0,3.0,4.0,2.0,3.0,3.0,4.0,3.0,3.0,4.0,3.0,3.0,2.0,2.0,2.0,3.0,3.0,4.0,3.0,4.0,1.0,1.0,3.0,1.0,3.0,4.0,4.0,3.0,2.0,2.0,3.0,3.0,2.0,2.0,3.0,3.0,2.0,3.0,2.0,3.0,3.0,0.0,inf,3.0,4.0,3.0,3.0,3.0,1.0,2.0,1.0,3.0,3.0,3.0,3.0,3.0,2.0,3.0,3.0,3.0,3.0,3.0,3.0,3.0,2.0,3.0,2.0,3.0,2.0,3.0,3.0,3.0,inf,3.0,4.0,6.0,3.0,3.0,4.0,4.0,2.0,2.0,2.0,4.0,3.0,4.0,3.0,3.0,3.0,4.0,3.0,3.0,3.0,3.0,3.0,3.0,2.0,3.0,4.0,4.0,4.0,4.0,4.0,4.0,4.0,3.0,3.0,3.0,3.0,4.0,4.0,4.0,4.0,2.0,3.0,4.0,5.0,5.0,4.0,5.0,5.0,4.0,4.0,3.0,4.0,3.0
RMFR,inf,inf,inf,inf,inf,inf,inf,inf,inf,inf,inf,inf,inf,inf,inf,inf,inf,inf,inf,inf,inf,inf,inf,inf,inf,inf,inf,inf,inf,inf,inf,inf,inf,inf,inf,inf,inf,inf,inf,inf,inf,inf,inf,inf,inf,inf,inf,inf,inf,inf,inf,inf,inf,inf,inf,inf,inf,inf,inf,inf,inf,inf,inf,inf,inf,inf,inf,inf,inf,inf,inf,inf,inf,inf,inf,inf,inf,inf,inf,inf,inf,inf,inf,inf,inf,inf,inf,inf,inf,inf,inf,inf,inf,inf,inf,inf,inf,inf,inf,inf,inf,inf,inf,inf,inf,inf,inf,inf,inf,inf,inf,inf,inf,inf,inf,inf,inf,inf,inf,inf,inf,inf,inf,inf,inf,inf,inf,inf,inf,inf,inf,inf,inf,inf,inf,inf,inf,inf,inf,inf,inf,inf,inf,inf,inf,inf,inf,inf,inf,inf,inf,inf,inf,inf,inf,inf,inf,inf,inf,inf,inf,inf,inf,inf,inf,inf,inf,inf,inf,inf,inf,inf,inf,inf,inf,inf,inf,inf,inf,inf,inf,inf,inf,inf,inf,inf,inf,inf,inf,inf,inf,inf,inf,inf,inf,inf,inf,inf,inf,inf,inf,inf,inf,inf,inf,inf,inf,inf,inf,inf,inf,inf,inf,inf,inf,inf,inf,inf,0.0,inf,inf,inf,inf,inf,inf,inf,inf,inf,inf,inf,inf,inf,inf,inf,inf,inf,inf,inf,inf,inf,inf,inf,inf,inf,inf,inf,inf,inf,inf,inf,inf,inf,inf,inf,inf,inf,inf,inf,inf,inf,inf,inf,inf,inf,inf,inf,inf,inf,inf,inf,inf,inf,inf,inf,inf,inf,inf,inf,inf,inf,inf,inf,inf,inf,inf,inf,inf,inf,inf,inf,inf,inf,inf,inf,inf,inf,inf,inf,inf,inf,inf,inf
RMGL,2.0,3.0,2.0,4.0,2.0,3.0,1.0,2.0,2.0,3.0,2.0,3.0,3.0,3.0,3.0,4.0,3.0,3.0,3.0,3.0,2.0,3.0,3.0,1.0,3.0,3.0,3.0,3.0,2.0,4.0,4.0,4.0,4.0,4.0,inf,inf,inf,3.0,3.0,3.0,3.0,2.0,3.0,1.0,2.0,3.0,3.0,2.0,3.0,2.0,3.0,2.0,3.0,2.0,3.0,3.0,3.0,3.0,2.0,1.0,2.0,2.0,1.0,3.0,2.0,2.0,3.0,3.0,3.0,3.0,2.0,2.0,2.0,3.0,1.0,2.0,3.0,3.0,3.0,2.0,4.0,3.0,4.0,4.0,4.0,4.0,3.0,3.0,3.0,3.0,3.0,3.0,3.0,3.0,3.0,3.0,3.0,4.0,3.0,4.0,4.0,4.0,4.0,3.0,4.0,5.0,5.0,4.0,4.0,3.0,3.0,3.0,3.0,4.0,3.0,3.0,3.0,4.0,5.0,5.0,6.0,6.0,6.0,7.0,8.0,3.0,3.0,3.0,4.0,4.0,5.0,inf,4.0,1.0,3.0,3.0,4.0,3.0,3.0,7.0,6.0,6.0,5.0,7.0,7.0,8.0,7.0,5.0,7.0,5.0,6.0,2.0,3.0,3.0,3.0,3.0,2.0,3.0,3.0,3.0,3.0,3.0,3.0,3.0,3.0,3.0,3.0,3.0,3.0,4.0,4.0,3.0,3.0,3.0,4.0,3.0,3.0,3.0,3.0,2.0,2.0,2.0,3.0,2.0,3.0,3.0,3.0,3.0,2.0,3.0,3.0,2.0,3.0,4.0,3.0,3.0,3.0,3.0,3.0,2.0,2.0,3.0,4.0,3.0,2.0,3.0,3.0,3.0,1.0,2.0,3.0,3.0,2.0,3.0,3.0,2.0,2.0,3.0,inf,0.0,2.0,1.0,3.0,3.0,2.0,3.0,3.0,3.0,4.0,3.0,4.0,4.0,2.0,3.0,3.0,3.0,3.0,3.0,3.0,2.0,3.0,2.0,4.0,3.0,2.0,2.0,3.0,2.0,inf,5.0,2.0,6.0,2.0,3.0,1.0,3.0,3.0,4.0,4.0,3.0,3.0,3.0,3.0,3.0,3.0,3.0,3.0,3.0,3.0,3.0,3.0,3.0,2.0,3.0,4.0,4.0,4.0,4.0,4.0,4.0,4.0,4.0,3.0,3.0,4.0,3.0,2.0,2.0,3.0,3.0,4.0,4.0,5.0,5.0,4.0,5.0,5.0,4.0,4.0,3.0,3.0,3.0
RMGR,3.0,2.0,4.0,2.0,3.0,2.0,3.0,2.0,3.0,2.0,3.0,2.0,3.0,2.0,3.0,2.0,3.0,3.0,3.0,3.0,3.0,2.0,2.0,3.0,3.0,3.0,1.0,2.0,3.0,4.0,3.0,4.0,3.0,3.0,inf,inf,inf,3.0,3.0,3.0,2.0,3.0,3.0,2.0,1.0,4.0,3.0,3.0,3.0,2.0,1.0,3.0,2.0,2.0,2.0,3.0,3.0,3.0,3.0,2.0,2.0,3.0,3.0,2.0,2.0,2.0,2.0,3.0,2.0,2.0,2.0,3.0,4.0,3.0,2.0,1.0,4.0,3.0,4.0,3.0,4.0,3.0,3.0,3.0,5.0,4.0,4.0,3.0,3.0,3.0,3.0,3.0,3.0,3.0,3.0,3.0,3.0,4.0,4.0,4.0,4.0,4.0,4.0,3.0,2.0,3.0,4.0,4.0,3.0,2.0,3.0,2.0,2.0,3.0,3.0,2.0,2.0,5.0,6.0,6.0,7.0,7.0,7.0,8.0,9.0,4.0,4.0,5.0,5.0,4.0,5.0,inf,5.0,3.0,1.0,4.0,4.0,3.0,3.0,8.0,7.0,7.0,6.0,8.0,8.0,9.0,8.0,6.0,8.0,6.0,7.0,4.0,4.0,4.0,3.0,4.0,2.0,3.0,3.0,3.0,3.0,2.0,3.0,3.0,3.0,3.0,3.0,3.0,3.0,3.0,4.0,2.0,3.0,3.0,3.0,3.0,3.0,3.0,2.0,2.0,1.0,3.0,2.0,2.0,2.0,2.0,3.0,4.0,3.0,3.0,3.0,2.0,2.0,3.0,3.0,1.0,3.0,3.0,3.0,3.0,3.0,4.0,5.0,4.0,3.0,3.0,3.0,3.0,3.0,3.0,3.0,3.0,3.0,4.0,4.0,4.0,3.0,4.0,inf,2.0,0.0,1.0,1.0,4.0,4.0,2.0,3.0,3.0,3.0,3.0,4.0,4.0,4.0,3.0,3.0,4.0,3.0,2.0,3.0,2.0,3.0,2.0,3.0,1.0,2.0,3.0,3.0,3.0,inf,4.0,3.0,6.0,4.0,2.0,3.0,1.0,3.0,3.0,3.0,3.0,3.0,3.0,3.0,3.0,3.0,3.0,3.0,3.0,3.0,3.0,3.0,3.0,4.0,4.0,4.0,4.0,4.0,4.0,4.0,4.0,4.0,3.0,3.0,2.0,3.0,3.0,4.0,3.0,3.0,3.0,3.0,3.0,4.0,4.0,4.0,5.0,5.0,4.0,4.0,3.0,2.0,3.0
RMHL,3.0,3.0,3.0,3.0,3.0,3.0,2.0,3.0,3.0,3.0,3.0,3.0,3.0,2.0,3.0,3.0,4.0,4.0,4.0,4.0,3.0,3.0,3.0,2.0,4.0,4.0,2.0,3.0,3.0,5.0,4.0,5.0,3.0,3.0,inf,inf,inf,4.0,4.0,4.0,3.0,3.0,4.0,2.0,2.0,4.0,4.0,3.0,4.0,3.0,2.0,3.0,3.0,3.0,3.0,3.0,2.0,4.0,3.0,2.0,3.0,3.0,2.0,3.0,3.0,3.0,3.0,3.0,3.0,3.0,3.0,3.0,3.0,4.0,2.0,2.0,4.0,4.0,4.0,3.0,4.0,4.0,4.0,4.0,4.0,4.0,4.0,4.0,4.0,4.0,4.0,4.0,4.0,4.0,3.0,4.0,3.0,3.0,3.0,3.0,3.0,3.0,3.0,3.0,3.0,4.0,4.0,5.0,4.0,3.0,3.0,3.0,3.0,4.0,4.0,3.0,3.0,5.0,6.0,6.0,7.0,7.0,7.0,8.0,9.0,4.0,4.0,4.0,5.0,3.0,4.0,inf,5.0,2.0,2.0,4.0,5.0,4.0,4.0,8.0,7.0,7.0,6.0,8.0,8.0,9.0,8.0,6.0,8.0,6.0,7.0,3.0,4.0,3.0,3.0,3.0,3.0,4.0,4.0,4.0,3.0,3.0,4.0,4.0,4.0,4.0,3.0,4.0,3.0,4.0,4.0,3.0,3.0,2.0,3.0,3.0,4.0,3.0,3.0,3.0,2.0,3.0,3.0,3.0,3.0,3.0,3.0,3.0,2.0,2.0,2.0,3.0,3.0,3.0,4.0,2.0,3.0,3.0,4.0,3.0,3.0,4.0,5.0,4.0,2.0,3.0,3.0,2.0,2.0,2.0,3.0,2.0,3.0,4.0,4.0,3.0,3.0,3.0,inf,1.0,1.0,0.0,2.0,3.0,3.0,3.0,2.0,4.0,4.0,4.0,4.0,3.0,3.0,3.0,3.0,3.0,2.0,2.0,2.0,1.0,2.0,3.0,3.0,2.0,1.0,3.0,3.0,3.0,inf,5.0,3.0,5.0,3.0,3.0,2.0,2.0,4.0,4.0,4.0,4.0,4.0,4.0,4.0,4.0,4.0,4.0,4.0,4.0,3.0,4.0,3.0,3.0,3.0,3.0,3.0,3.0,3.0,3.0,3.0,3.0,3.0,3.0,3.0,3.0,4.0,4.0,3.0,3.0,4.0,4.0,4.0,4.0,5.0,5.0,5.0,5.0,5.0,4.0,5.0,4.0,3.0,4.0
RMHR,4.0,3.0,3.0,3.0,4.0,3.0,4.0,3.0,4.0,3.0,4.0,3.0,3.0,2.0,4.0,3.0,4.0,4.0,3.0,4.0,3.0,3.0,3.0,3.0,4.0,4.0,2.0,3.0,4.0,5.0,4.0,5.0,4.0,4.0,inf,inf,inf,3.0,3.0,4.0,3.0,4.0,4.0,3.0,2.0,5.0,4.0,4.0,4.0,3.0,2.0,3.0,3.0,3.0,3.0,3.0,3.0,4.0,4.0,3.0,3.0,4.0,4.0,3.0,3.0,3.0,3.0,4.0,2.0,3.0,3.0,4.0,4.0,4.0,3.0,2.0,4.0,4.0,3.0,4.0,5.0,4.0,4.0,4.0,4.0,4.0,5.0,2.0,4.0,4.0,4.0,4.0,4.0,4.0,4.0,4.0,4.0,4.0,4.0,4.0,4.0,4.0,4.0,4.0,3.0,4.0,5.0,5.0,4.0,3.0,3.0,3.0,3.0,4.0,4.0,3.0,3.0,6.0,6.0,7.0,7.0,7.0,8.0,9.0,10.0,5.0,4.0,5.0,5.0,4.0,4.0,inf,5.0,4.0,2.0,5.0,3.0,4.0,4.0,8.0,8.0,8.0,7.0,8.0,9.0,10.0,9.0,7.0,8.0,7.0,7.0,4.0,3.0,3.0,3.0,4.0,1.0,4.0,4.0,4.0,3.0,3.0,4.0,4.0,4.0,4.0,4.0,4.0,4.0,4.0,5.0,3.0,4.0,4.0,4.0,4.0,3.0,4.0,3.0,3.0,2.0,4.0,3.0,3.0,3.0,3.0,4.0,4.0,3.0,3.0,2.0,3.0,1.0,4.0,4.0,2.0,3.0,2.0,4.0,3.0,4.0,5.0,5.0,4.0,3.0,4.0,3.0,3.0,2.0,3.0,4.0,2.0,3.0,4.0,4.0,4.0,4.0,3.0,inf,3.0,1.0,2.0,0.0,4.0,3.0,3.0,4.0,4.0,4.0,4.0,4.0,4.0,3.0,3.0,3.0,3.0,4.0,3.0,4.0,3.0,3.0,3.0,3.0,2.0,3.0,3.0,3.0,4.0,inf,4.0,4.0,5.0,4.0,2.0,4.0,2.0,4.0,3.0,4.0,4.0,4.0,4.0,4.0,4.0,4.0,4.0,4.0,4.0,4.0,4.0,4.0,4.0,4.0,4.0,4.0,4.0,4.0,4.0,4.0,4.0,4.0,3.0,3.0,3.0,4.0,4.0,5.0,4.0,4.0,3.0,4.0,4.0,5.0,5.0,5.0,6.0,5.0,4.0,5.0,4.0,3.0,4.0
SAADL,4.0,4.0,3.0,3.0,4.0,3.0,4.0,4.0,3.0,2.0,3.0,4.0,2.0,2.0,4.0,3.0,4.0,4.0,3.0,4.0,3.0,3.0,3.0,3.0,2.0,4.0,4.0,3.0,3.0,4.0,3.0,4.0,3.0,3.0,inf,inf,inf,3.0,3.0,3.0,3.0,4.0,4.0,4.0,3.0,4.0,4.0,4.0,4.0,3.0,3.0,4.0,5.0,3.0,2.0,2.0,3.0,3.0,3.0,2.0,2.0,4.0,4.0,4.0,4.0,3.0,4.0,3.0,2.0,2.0,3.0,3.0,4.0,4.0,4.0,4.0,4.0,3.0,4.0,3.0,4.0,4.0,4.0,4.0,5.0,3.0,4.0,4.0,3.0,3.0,3.0,3.0,3.0,3.0,4.0,3.0,3.0,3.0,4.0,3.0,3.0,3.0,3.0,3.0,4.0,5.0,4.0,5.0,4.0,4.0,2.0,4.0,3.0,3.0,4.0,4.0,4.0,5.0,5.0,6.0,6.0,6.0,7.0,8.0,9.0,3.0,2.0,4.0,3.0,4.0,4.0,inf,4.0,4.0,4.0,5.0,5.0,4.0,3.0,7.0,7.0,7.0,6.0,7.0,8.0,9.0,8.0,6.0,7.0,6.0,6.0,4.0,4.0,4.0,2.0,4.0,3.0,3.0,4.0,3.0,3.0,4.0,4.0,3.0,4.0,4.0,3.0,3.0,4.0,4.0,5.0,3.0,3.0,3.0,3.0,4.0,3.0,4.0,3.0,3.0,3.0,3.0,4.0,3.0,3.0,4.0,3.0,4.0,3.0,3.0,3.0,3.0,3.0,3.0,3.0,5.0,3.0,3.0,3.0,3.0,3.0,4.0,4.0,4.0,3.0,2.0,1.0,3.0,2.0,3.0,2.0,3.0,1.0,3.0,4.0,4.0,3.0,3.0,inf,3.0,4.0,3.0,4.0,0.0,3.0,3.0,2.0,4.0,3.0,3.0,2.0,1.0,2.0,3.0,2.0,2.0,2.0,3.0,2.0,2.0,1.0,3.0,3.0,3.0,3.0,3.0,3.0,2.0,inf,4.0,4.0,5.0,4.0,3.0,4.0,4.0,4.0,3.0,3.0,4.0,3.0,4.0,3.0,3.0,3.0,4.0,3.0,3.0,3.0,3.0,3.0,3.0,3.0,3.0,4.0,3.0,3.0,3.0,3.0,3.0,3.0,3.0,3.0,4.0,4.0,4.0,5.0,4.0,4.0,4.0,5.0,4.0,5.0,5.0,4.0,5.0,5.0,4.0,4.0,3.0,4.0,4.0
SAADR,4.0,5.0,2.0,4.0,4.0,4.0,3.0,4.0,3.0,3.0,3.0,4.0,2.0,3.0,3.0,4.0,3.0,4.0,3.0,4.0,3.0,3.0,4.0,2.0,3.0,3.0,4.0,3.0,4.0,5.0,4.0,5.0,4.0,4.0,inf,inf,inf,4.0,4.0,4.0,4.0,3.0,4.0,3.0,4.0,4.0,4.0,3.0,4.0,3.0,4.0,4.0,4.0,4.0,3.0,3.0,4.0,4.0,3.0,3.0,3.0,4.0,3.0,4.0,4.0,4.0,4.0,4.0,3.0,3.0,4.0,3.0,4.0,4.0,3.0,4.0,5.0,4.0,3.0,4.0,5.0,4.0,5.0,5.0,4.0,4.0,4.0,3.0,4.0,4.0,4.0,4.0,4.0,4.0,4.0,4.0,4.0,4.0,4.0,4.0,4.0,4.0,4.0,4.0,4.0,5.0,5.0,5.0,5.0,4.0,3.0,4.0,3.0,3.0,4.0,4.0,5.0,5.0,5.0,6.0,6.0,6.0,7.0,8.0,9.0,4.0,3.0,4.0,4.0,4.0,5.0,inf,4.0,3.0,4.0,5.0,4.0,4.0,4.0,7.0,7.0,7.0,6.0,7.0,8.0,9.0,8.0,6.0,7.0,6.0,6.0,3.0,3.0,3.0,3.0,3.0,2.0,4.0,4.0,4.0,4.0,5.0,4.0,4.0,4.0,5.0,4.0,4.0,4.0,5.0,5.0,4.0,4.0,3.0,4.0,4.0,4.0,4.0,4.0,3.0,4.0,4.0,4.0,3.0,4.0,4.0,4.0,3.0,2.0,3.0,3.0,4.0,4.0,4.0,4.0,5.0,2.0,2.0,4.0,2.0,3.0,4.0,4.0,4.0,3.0,1.0,2.0,3.0,1.0,2.0,3.0,3.0,2.0,3.0,3.0,3.0,3.0,1.0,inf,2.0,4.0,3.0,3.0,3.0,0.0,3.0,2.0,4.0,4.0,4.0,3.0,2.0,2.0,3.0,3.0,3.0,3.0,2.0,3.0,3.0,3.0,3.0,3.0,3.0,3.0,2.0,2.0,3.0,inf,4.0,4.0,6.0,4.0,3.0,3.0,5.0,3.0,3.0,3.0,5.0,4.0,5.0,4.0,4.0,4.0,5.0,4.0,4.0,4.0,4.0,4.0,4.0,3.0,4.0,5.0,4.0,4.0,4.0,4.0,4.0,4.0,4.0,4.0,4.0,4.0,5.0,4.0,4.0,4.0,3.0,4.0,5.0,6.0,6.0,5.0,6.0,6.0,5.0,5.0,4.0,5.0,4.0
SAAVL,4.0,3.0,4.0,3.0,3.0,2.0,4.0,4.0,4.0,3.0,4.0,3.0,3.0,3.0,3.0,2.0,4.0,3.0,3.0,4.0,4.0,4.0,3.0,2.0,4.0,2.0,3.0,3.0,3.0,4.0,3.0,4.0,3.0,3.0,inf,inf,inf,3.0,3.0,4.0,4.0,3.0,3.0,4.0,3.0,4.0,4.0,3.0,3.0,4.0,3.0,2.0,3.0,3.0,2.0,3.0,3.0,3.0,3.0,3.0,2.0,4.0,3.0,4.0,4.0,4.0,3.0,3.0,2.0,2.0,3.0,3.0,4.0,3.0,3.0,3.0,3.0,4.0,4.0,4.0,4.0,4.0,4.0,4.0,3.0,4.0,4.0,3.0,3.0,3.0,3.0,3.0,3.0,3.0,4.0,3.0,3.0,3.0,3.0,4.0,4.0,4.0,4.0,3.0,4.0,5.0,5.0,5.0,4.0,4.0,2.0,4.0,3.0,3.0,4.0,4.0,4.0,5.0,5.0,6.0,6.0,6.0,7.0,8.0,9.0,3.0,3.0,4.0,4.0,3.0,4.0,inf,4.0,3.0,3.0,5.0,4.0,4.0,3.0,7.0,7.0,7.0,6.0,7.0,8.0,9.0,8.0,6.0,7.0,6.0,6.0,4.0,4.0,2.0,3.0,3.0,2.0,3.0,4.0,3.0,3.0,4.0,4.0,3.0,4.0,4.0,3.0,3.0,4.0,4.0,5.0,3.0,3.0,3.0,3.0,4.0,3.0,4.0,4.0,3.0,3.0,3.0,4.0,3.0,3.0,4.0,3.0,2.0,2.0,3.0,2.0,3.0,3.0,4.0,3.0,3.0,3.0,3.0,3.0,3.0,3.0,4.0,4.0,5.0,2.0,2.0,3.0,2.0,3.0,2.0,3.0,1.0,2.0,3.0,3.0,3.0,2.0,2.0,inf,3.0,2.0,3.0,3.0,3.0,3.0,0.0,1.0,3.0,3.0,3.0,3.0,3.0,3.0,2.0,3.0,2.0,3.0,2.0,3.0,2.0,2.0,1.0,2.0,1.0,2.0,2.0,1.0,3.0,inf,4.0,4.0,5.0,3.0,2.0,4.0,3.0,4.0,3.0,3.0,4.0,3.0,4.0,3.0,3.0,3.0,4.0,3.0,3.0,3.0,3.0,3.0,3.0,2.0,3.0,4.0,4.0,4.0,4.0,4.0,4.0,4.0,3.0,3.0,4.0,4.0,4.0,4.0,4.0,4.0,3.0,4.0,4.0,5.0,5.0,4.0,5.0,5.0,4.0,4.0,3.0,4.0,4.0
SAAVR,3.0,3.0,3.0,3.0,4.0,3.0,3.0,4.0,3.0,2.0,4.0,3.0,3.0,2.0,4.0,3.0,4.0,4.0,3.0,3.0,3.0,3.0,3.0,3.0,3.0,3.0,2.0,3.0,3.0,3.0,2.0,3.0,2.0,2.0,inf,inf,inf,2.0,2.0,3.0,3.0,4.0,4.0,3.0,2.0,5.0,4.0,4.0,4.0,4.0,3.0,3.0,4.0,2.0,1.0,2.0,2.0,2.0,2.0,2.0,2.0,3.0,2.0,3.0,3.0,3.0,3.0,2.0,2.0,2.0,3.0,3.0,4.0,4.0,4.0,4.0,4.0,3.0,3.0,3.0,3.0,3.0,3.0,4.0,4.0,3.0,4.0,4.0,2.0,2.0,2.0,2.0,2.0,2.0,3.0,2.0,2.0,2.0,2.0,3.0,3.0,3.0,3.0,2.0,3.0,4.0,4.0,4.0,3.0,3.0,1.0,3.0,2.0,3.0,3.0,3.0,4.0,5.0,6.0,6.0,7.0,7.0,7.0,8.0,9.0,3.0,2.0,4.0,3.0,3.0,4.0,inf,4.0,3.0,4.0,4.0,5.0,3.0,2.0,8.0,7.0,7.0,6.0,8.0,8.0,9.0,8.0,6.0,8.0,6.0,7.0,3.0,3.0,3.0,2.0,3.0,3.0,2.0,3.0,2.0,2.0,4.0,3.0,2.0,3.0,3.0,2.0,2.0,3.0,3.0,4.0,2.0,2.0,2.0,2.0,3.0,2.0,3.0,3.0,2.0,3.0,3.0,3.0,2.0,2.0,3.0,2.0,3.0,1.0,2.0,2.0,3.0,3.0,3.0,3.0,4.0,2.0,2.0,3.0,2.0,2.0,4.0,5.0,4.0,2.0,3.0,3.0,2.0,2.0,2.0,2.0,2.0,1.0,4.0,3.0,3.0,3.0,1.0,inf,3.0,3.0,2.0,4.0,2.0,2.0,1.0,0.0,2.0,2.0,2.0,2.0,2.0,2.0,2.0,2.0,2.0,2.0,3.0,2.0,2.0,1.0,2.0,1.0,2.0,1.0,3.0,2.0,2.0,inf,3.0,3.0,5.0,4.0,3.0,4.0,4.0,3.0,2.0,2.0,3.0,2.0,3.0,2.0,2.0,2.0,3.0,2.0,2.0,2.0,2.0,2.0,2.0,1.0,2.0,3.0,3.0,3.0,3.0,3.0,3.0,3.0,3.0,3.0,4.0,3.0,3.0,3.0,3.0,3.0,3.0,4.0,3.0,4.0,4.0,3.0,4.0,4.0,3.0,3.0,2.0,3.0,3.0
SABD,3.0,3.0,4.0,3.0,4.0,4.0,3.0,4.0,3.0,4.0,4.0,4.0,3.0,3.0,4.0,4.0,5.0,4.0,4.0,3.0,4.0,4.0,3.0,4.0,3.0,3.0,4.0,3.0,2.0,2.0,3.0,3.0,3.0,3.0,inf,inf,inf,2.0,3.0,4.0,5.0,4.0,5.0,4.0,3.0,5.0,4.0,4.0,5.0,4.0,4.0,4.0,4.0,1.0,2.0,2.0,3.0,2.0,2.0,2.0,3.0,3.0,2.0,3.0,3.0,3.0,2.0,2.0,3.0,3.0,3.0,3.0,4.0,5.0,4.0,4.0,5.0,5.0,4.0,3.0,3.0,3.0,4.0,3.0,5.0,5.0,5.0,5.0,2.0,2.0,2.0,2.0,2.0,2.0,2.0,2.0,2.0,3.0,2.0,3.0,3.0,3.0,3.0,3.0,3.0,3.0,4.0,4.0,4.0,3.0,3.0,3.0,3.0,3.0,3.0,3.0,3.0,6.0,6.0,7.0,7.0,7.0,8.0,9.0,10.0,4.0,4.0,5.0,5.0,5.0,6.0,inf,5.0,4.0,4.0,5.0,6.0,2.0,2.0,8.0,8.0,8.0,7.0,8.0,9.0,10.0,9.0,7.0,8.0,7.0,7.0,4.0,5.0,4.0,4.0,4.0,4.0,3.0,3.0,3.0,3.0,3.0,3.0,3.0,3.0,2.0,2.0,2.0,2.0,3.0,2.0,3.0,2.0,2.0,3.0,2.0,4.0,2.0,3.0,2.0,2.0,3.0,4.0,3.0,3.0,3.0,3.0,3.0,3.0,3.0,3.0,4.0,4.0,3.0,3.0,3.0,3.0,4.0,4.0,3.0,2.0,5.0,5.0,4.0,3.0,3.0,4.0,4.0,4.0,4.0,3.0,3.0,3.0,4.0,4.0,4.0,3.0,3.0,inf,3.0,3.0,4.0,4.0,4.0,4.0,3.0,2.0,0.0,3.0,2.0,4.0,3.0,3.0,3.0,4.0,4.0,3.0,3.0,3.0,3.0,3.0,4.0,3.0,4.0,3.0,3.0,2.0,3.0,inf,4.0,4.0,7.0,4.0,5.0,4.0,4.0,2.0,3.0,3.0,2.0,2.0,1.0,1.0,2.0,3.0,2.0,2.0,2.0,2.0,2.0,2.0,3.0,1.0,2.0,3.0,3.0,3.0,3.0,3.0,3.0,3.0,3.0,2.0,3.0,4.0,4.0,3.0,3.0,4.0,3.0,2.0,2.0,3.0,4.0,4.0,5.0,4.0,3.0,4.0,3.0,3.0,3.0
SABVL,3.0,3.0,3.0,3.0,4.0,4.0,3.0,4.0,4.0,3.0,4.0,3.0,3.0,3.0,4.0,4.0,4.0,4.0,3.0,3.0,4.0,3.0,3.0,4.0,3.0,4.0,4.0,3.0,3.0,3.0,2.0,3.0,2.0,2.0,inf,inf,inf,2.0,3.0,4.0,4.0,4.0,4.0,3.0,2.0,5.0,4.0,4.0,4.0,4.0,3.0,4.0,4.0,2.0,1.0,2.0,3.0,2.0,2.0,3.0,2.0,3.0,4.0,3.0,3.0,3.0,3.0,2.0,3.0,3.0,3.0,3.0,4.0,4.0,5.0,4.0,5.0,4.0,4.0,4.0,3.0,4.0,3.0,4.0,5.0,4.0,4.0,5.0,2.0,2.0,2.0,2.0,2.0,2.0,3.0,2.0,2.0,3.0,4.0,3.0,3.0,3.0,3.0,3.0,3.0,4.0,4.0,4.0,3.0,3.0,3.0,3.0,3.0,3.0,3.0,4.0,4.0,5.0,6.0,6.0,7.0,7.0,7.0,8.0,9.0,4.0,3.0,5.0,4.0,4.0,5.0,inf,4.0,4.0,4.0,4.0,6.0,3.0,2.0,8.0,7.0,7.0,6.0,8.0,8.0,9.0,8.0,6.0,8.0,6.0,7.0,4.0,4.0,4.0,3.0,4.0,4.0,3.0,4.0,3.0,3.0,4.0,3.0,2.0,3.0,3.0,2.0,2.0,3.0,3.0,4.0,2.0,2.0,2.0,2.0,3.0,4.0,3.0,3.0,3.0,3.0,3.0,3.0,3.0,2.0,3.0,2.0,4.0,3.0,3.0,3.0,4.0,3.0,3.0,3.0,4.0,3.0,3.0,4.0,2.0,2.0,4.0,5.0,5.0,3.0,4.0,4.0,3.0,3.0,3.0,2.0,3.0,2.0,4.0,4.0,4.0,3.0,3.0,inf,4.0,3.0,4.0,4.0,3.0,4.0,3.0,2.0,3.0,0.0,2.0,4.0,3.0,3.0,3.0,3.0,4.0,2.0,3.0,3.0,3.0,3.0,4.0,3.0,4.0,3.0,3.0,4.0,3.0,inf,3.0,3.0,6.0,5.0,4.0,5.0,4.0,3.0,2.0,2.0,3.0,2.0,3.0,2.0,2.0,2.0,3.0,2.0,2.0,2.0,2.0,2.0,2.0,3.0,3.0,3.0,3.0,3.0,3.0,3.0,3.0,3.0,3.0,3.0,4.0,3.0,3.0,4.0,3.0,3.0,4.0,4.0,3.0,4.0,5.0,4.0,5.0,5.0,4.0,3.0,2.0,3.0,3.0
SABVR,3.0,3.0,3.0,3.0,4.0,4.0,3.0,4.0,3.0,3.0,4.0,3.0,3.0,3.0,4.0,4.0,4.0,4.0,3.0,3.0,4.0,3.0,3.0,4.0,3.0,4.0,4.0,3.0,3.0,3.0,2.0,3.0,2.0,2.0,inf,inf,inf,2.0,3.0,4.0,4.0,4.0,4.0,3.0,2.0,5.0,4.0,4.0,4.0,4.0,3.0,4.0,4.0,1.0,1.0,2.0,3.0,2.0,2.0,2.0,2.0,3.0,3.0,3.0,3.0,3.0,2.0,2.0,3.0,3.0,3.0,3.0,4.0,4.0,4.0,4.0,5.0,4.0,4.0,3.0,3.0,3.0,3.0,3.0,5.0,4.0,4.0,5.0,1.0,2.0,2.0,2.0,2.0,2.0,2.0,2.0,2.0,3.0,4.0,3.0,3.0,3.0,3.0,3.0,1.0,2.0,3.0,4.0,3.0,3.0,3.0,3.0,3.0,2.0,2.0,3.0,2.0,5.0,6.0,6.0,7.0,7.0,7.0,8.0,9.0,4.0,3.0,5.0,4.0,4.0,5.0,inf,4.0,4.0,4.0,4.0,6.0,2.0,2.0,8.0,7.0,7.0,6.0,8.0,8.0,9.0,8.0,6.0,8.0,6.0,7.0,4.0,4.0,4.0,3.0,4.0,4.0,3.0,3.0,3.0,3.0,3.0,3.0,2.0,3.0,2.0,2.0,2.0,2.0,3.0,3.0,2.0,2.0,2.0,2.0,2.0,4.0,2.0,3.0,2.0,2.0,3.0,3.0,3.0,2.0,3.0,2.0,4.0,3.0,3.0,3.0,4.0,3.0,3.0,3.0,2.0,3.0,3.0,3.0,2.0,2.0,4.0,5.0,4.0,3.0,4.0,4.0,3.0,3.0,3.0,2.0,3.0,2.0,4.0,4.0,4.0,3.0,3.0,inf,3.0,3.0,4.0,4.0,3.0,4.0,3.0,2.0,2.0,2.0,0.0,3.0,3.0,3.0,3.0,3.0,4.0,2.0,3.0,3.0,3.0,3.0,4.0,3.0,4.0,3.0,3.0,4.0,3.0,inf,3.0,3.0,6.0,4.0,4.0,4.0,4.0,2.0,2.0,2.0,2.0,2.0,2.0,2.0,2.0,2.0,2.0,2.0,2.0,2.0,2.0,2.0,2.0,3.0,3.0,3.0,3.0,3.0,3.0,3.0,3.0,3.0,3.0,2.0,2.0,3.0,3.0,4.0,3.0,3.0,2.0,2.0,2.0,3.0,3.0,4.0,4.0,4.0,3.0,3.0,2.0,3.0,3.0
SDQL,4.0,3.0,3.0,3.0,4.0,3.0,4.0,5.0,3.0,4.0,3.0,4.0,2.0,3.0,4.0,4.0,4.0,4.0,3.0,3.0,3.0,3.0,4.0,3.0,2.0,3.0,3.0,3.0,3.0,4.0,4.0,4.0,3.0,3.0,inf,inf,inf,3.0,2.0,4.0,4.0,3.0,4.0,4.0,4.0,4.0,4.0,3.0,4.0,3.0,4.0,4.0,4.0,3.0,3.0,2.0,2.0,2.0,3.0,3.0,3.0,3.0,3.0,3.0,3.0,3.0,3.0,3.0,2.0,3.0,3.0,3.0,4.0,4.0,4.0,4.0,5.0,4.0,4.0,4.0,4.0,3.0,4.0,4.0,5.0,4.0,3.0,4.0,3.0,3.0,3.0,3.0,4.0,3.0,3.0,3.0,2.0,2.0,3.0,3.0,3.0,3.0,3.0,2.0,2.0,3.0,4.0,4.0,4.0,3.0,1.0,3.0,2.0,1.0,2.0,3.0,3.0,5.0,5.0,6.0,6.0,6.0,7.0,8.0,9.0,4.0,4.0,5.0,5.0,4.0,5.0,inf,4.0,4.0,5.0,4.0,5.0,3.0,3.0,7.0,7.0,7.0,6.0,7.0,8.0,9.0,8.0,6.0,7.0,6.0,6.0,4.0,4.0,4.0,3.0,4.0,3.0,2.0,3.0,2.0,2.0,4.0,3.0,3.0,3.0,4.0,3.0,3.0,3.0,4.0,4.0,3.0,2.0,2.0,3.0,3.0,2.0,3.0,3.0,2.0,3.0,3.0,3.0,2.0,2.0,3.0,3.0,4.0,3.0,3.0,2.0,4.0,3.0,3.0,3.0,3.0,3.0,3.0,2.0,4.0,2.0,4.0,4.0,5.0,3.0,2.0,2.0,4.0,3.0,3.0,4.0,3.0,3.0,3.0,4.0,4.0,3.0,3.0,inf,4.0,4.0,4.0,4.0,2.0,3.0,3.0,2.0,4.0,4.0,3.0,0.0,1.0,4.0,1.0,3.0,2.0,3.0,3.0,2.0,3.0,3.0,2.0,3.0,3.0,3.0,2.0,3.0,3.0,inf,5.0,3.0,6.0,4.0,4.0,5.0,4.0,4.0,4.0,4.0,4.0,4.0,4.0,4.0,4.0,4.0,4.0,4.0,4.0,3.0,3.0,2.0,3.0,3.0,3.0,3.0,3.0,3.0,3.0,3.0,3.0,3.0,3.0,3.0,3.0,3.0,3.0,4.0,3.0,3.0,3.0,3.0,3.0,4.0,4.0,3.0,4.0,4.0,3.0,4.0,3.0,3.0,3.0
SDQR,3.0,4.0,2.0,3.0,3.0,3.0,3.0,4.0,2.0,3.0,2.0,3.0,1.0,2.0,3.0,4.0,3.0,4.0,3.0,3.0,3.0,2.0,3.0,3.0,1.0,3.0,3.0,2.0,4.0,4.0,3.0,4.0,3.0,2.0,inf,inf,inf,3.0,2.0,3.0,4.0,3.0,3.0,3.0,3.0,3.0,3.0,3.0,4.0,2.0,3.0,3.0,4.0,3.0,2.0,1.0,2.0,3.0,2.0,3.0,3.0,3.0,3.0,3.0,3.0,3.0,3.0,3.0,2.0,3.0,3.0,2.0,3.0,3.0,3.0,4.0,4.0,3.0,3.0,4.0,4.0,3.0,4.0,4.0,4.0,4.0,4.0,4.0,3.0,3.0,3.0,3.0,3.0,3.0,3.0,3.0,2.0,2.0,3.0,2.0,2.0,2.0,2.0,2.0,3.0,4.0,3.0,4.0,4.0,3.0,1.0,3.0,2.0,2.0,3.0,3.0,3.0,4.0,4.0,5.0,5.0,5.0,6.0,7.0,8.0,4.0,3.0,4.0,4.0,3.0,4.0,inf,3.0,3.0,5.0,4.0,5.0,3.0,3.0,6.0,6.0,6.0,5.0,6.0,7.0,8.0,7.0,5.0,6.0,5.0,5.0,4.0,3.0,3.0,3.0,3.0,3.0,2.0,3.0,2.0,2.0,4.0,3.0,3.0,3.0,4.0,3.0,3.0,3.0,4.0,4.0,3.0,2.0,2.0,3.0,3.0,2.0,3.0,2.0,2.0,3.0,3.0,3.0,2.0,2.0,3.0,3.0,3.0,2.0,2.0,2.0,4.0,3.0,2.0,4.0,4.0,3.0,2.0,3.0,3.0,2.0,3.0,3.0,4.0,2.0,1.0,1.0,3.0,3.0,2.0,3.0,2.0,2.0,2.0,4.0,3.0,3.0,3.0,inf,4.0,4.0,3.0,4.0,1.0,2.0,3.0,2.0,3.0,3.0,3.0,1.0,0.0,3.0,2.0,2.0,1.0,2.0,2.0,1.0,2.0,2.0,3.0,2.0,3.0,3.0,2.0,2.0,2.0,inf,4.0,3.0,5.0,3.0,4.0,4.0,4.0,4.0,3.0,3.0,4.0,3.0,4.0,3.0,3.0,3.0,4.0,3.0,3.0,3.0,3.0,2.0,3.0,2.0,2.0,3.0,2.0,2.0,2.0,2.0,2.0,2.0,2.0,2.0,4.0,3.0,3.0,4.0,3.0,3.0,3.0,4.0,4.0,5.0,4.0,3.0,4.0,4.0,3.0,4.0,3.0,3.0,3.0
SIADL,2.0,3.0,2.0,3.0,3.0,4.0,2.0,3.0,3.0,3.0,4.0,4.0,3.0,2.0,4.0,3.0,3.0,3.0,2.0,3.0,3.0,4.0,3.0,2.0,2.0,3.0,3.0,3.0,3.0,4.0,3.0,4.0,3.0,3.0,inf,inf,inf,3.0,3.0,4.0,4.0,3.0,4.0,3.0,3.0,4.0,4.0,3.0,4.0,4.0,3.0,4.0,4.0,2.0,2.0,2.0,2.0,2.0,1.0,2.0,2.0,3.0,3.0,4.0,3.0,3.0,2.0,3.0,2.0,2.0,3.0,3.0,3.0,4.0,3.0,4.0,4.0,4.0,3.0,3.0,3.0,4.0,4.0,4.0,3.0,4.0,3.0,3.0,3.0,3.0,3.0,3.0,3.0,3.0,3.0,3.0,3.0,3.0,3.0,3.0,3.0,3.0,3.0,3.0,4.0,5.0,4.0,5.0,4.0,4.0,3.0,4.0,3.0,3.0,2.0,3.0,3.0,5.0,5.0,6.0,6.0,6.0,7.0,8.0,9.0,3.0,3.0,4.0,4.0,4.0,5.0,inf,4.0,3.0,4.0,5.0,4.0,3.0,3.0,7.0,7.0,7.0,6.0,7.0,8.0,9.0,8.0,6.0,7.0,6.0,6.0,3.0,4.0,2.0,3.0,2.0,2.0,4.0,3.0,3.0,3.0,4.0,4.0,3.0,4.0,3.0,3.0,2.0,3.0,4.0,4.0,2.0,3.0,2.0,3.0,3.0,3.0,2.0,2.0,3.0,3.0,3.0,3.0,3.0,3.0,3.0,2.0,2.0,2.0,1.0,2.0,3.0,3.0,3.0,3.0,3.0,2.0,3.0,4.0,1.0,3.0,4.0,4.0,4.0,2.0,3.0,3.0,3.0,1.0,2.0,3.0,3.0,2.0,3.0,3.0,3.0,2.0,2.0,inf,2.0,4.0,3.0,3.0,2.0,2.0,3.0,2.0,3.0,3.0,3.0,4.0,3.0,0.0,3.0,2.0,3.0,2.0,3.0,3.0,2.0,1.0,3.0,3.0,3.0,2.0,2.0,3.0,3.0,inf,4.0,4.0,6.0,3.0,3.0,3.0,4.0,3.0,3.0,3.0,3.0,3.0,3.0,3.0,3.0,3.0,3.0,3.0,3.0,3.0,3.0,3.0,3.0,3.0,3.0,3.0,3.0,3.0,3.0,3.0,3.0,3.0,3.0,3.0,4.0,4.0,4.0,4.0,4.0,4.0,3.0,4.0,4.0,5.0,5.0,4.0,5.0,5.0,4.0,4.0,3.0,4.0,3.0
SIADR,4.0,3.0,3.0,3.0,3.0,3.0,4.0,4.0,2.0,3.0,2.0,3.0,1.0,3.0,3.0,3.0,4.0,3.0,3.0,2.0,3.0,2.0,3.0,2.0,3.0,2.0,3.0,3.0,3.0,4.0,3.0,4.0,3.0,3.0,inf,inf,inf,3.0,2.0,3.0,4.0,2.0,3.0,3.0,3.0,3.0,3.0,2.0,3.0,2.0,3.0,4.0,3.0,2.0,2.0,2.0,2.0,2.0,3.0,2.0,2.0,3.0,3.0,3.0,3.0,3.0,3.0,3.0,2.0,2.0,3.0,3.0,3.0,3.0,3.0,4.0,4.0,3.0,3.0,3.0,4.0,3.0,4.0,4.0,4.0,3.0,3.0,3.0,3.0,3.0,3.0,3.0,3.0,3.0,3.0,3.0,2.0,2.0,3.0,3.0,3.0,3.0,3.0,2.0,2.0,3.0,4.0,4.0,4.0,3.0,1.0,3.0,2.0,1.0,2.0,3.0,3.0,4.0,4.0,5.0,5.0,5.0,6.0,7.0,8.0,4.0,4.0,4.0,5.0,3.0,4.0,inf,3.0,3.0,4.0,4.0,4.0,3.0,3.0,6.0,6.0,6.0,5.0,6.0,7.0,8.0,7.0,5.0,6.0,5.0,5.0,4.0,3.0,3.0,2.0,3.0,2.0,2.0,3.0,2.0,2.0,4.0,3.0,3.0,3.0,3.0,3.0,3.0,3.0,4.0,4.0,3.0,2.0,2.0,3.0,3.0,2.0,3.0,3.0,2.0,3.0,3.0,3.0,2.0,2.0,3.0,3.0,3.0,3.0,2.0,1.0,3.0,3.0,3.0,3.0,3.0,3.0,2.0,2.0,3.0,1.0,3.0,3.0,4.0,2.0,2.0,3.0,3.0,2.0,3.0,3.0,3.0,3.0,2.0,4.0,4.0,3.0,3.0,inf,3.0,3.0,3.0,3.0,3.0,3.0,2.0,2.0,3.0,3.0,3.0,1.0,2.0,3.0,0.0,3.0,2.0,3.0,2.0,3.0,2.0,3.0,1.0,3.0,2.0,2.0,1.0,2.0,3.0,inf,4.0,3.0,5.0,3.0,3.0,4.0,4.0,3.0,3.0,3.0,3.0,3.0,3.0,3.0,3.0,3.0,3.0,3.0,3.0,3.0,3.0,2.0,3.0,3.0,3.0,3.0,3.0,3.0,3.0,3.0,3.0,3.0,3.0,3.0,3.0,3.0,3.0,4.0,3.0,3.0,2.0,3.0,3.0,4.0,4.0,3.0,4.0,4.0,3.0,4.0,3.0,3.0,3.0
SIAVL,3.0,3.0,2.0,3.0,3.0,3.0,3.0,3.0,3.0,2.0,4.0,3.0,3.0,1.0,4.0,4.0,3.0,3.0,3.0,4.0,2.0,3.0,3.0,3.0,3.0,4.0,3.0,3.0,3.0,4.0,3.0,4.0,3.0,3.0,inf,inf,inf,3.0,2.0,3.0,3.0,3.0,4.0,3.0,3.0,4.0,4.0,3.0,3.0,3.0,2.0,4.0,4.0,3.0,2.0,2.0,2.0,3.0,2.0,2.0,2.0,2.0,2.0,2.0,2.0,1.0,2.0,2.0,3.0,3.0,3.0,4.0,3.0,4.0,4.0,4.0,4.0,3.0,3.0,3.0,4.0,4.0,4.0,4.0,3.0,3.0,3.0,4.0,3.0,3.0,3.0,3.0,3.0,3.0,3.0,2.0,3.0,3.0,3.0,3.0,3.0,3.0,3.0,3.0,4.0,5.0,4.0,4.0,3.0,2.0,3.0,3.0,2.0,4.0,3.0,3.0,3.0,5.0,5.0,6.0,6.0,6.0,7.0,8.0,9.0,3.0,2.0,4.0,3.0,3.0,4.0,inf,4.0,3.0,4.0,4.0,5.0,3.0,3.0,7.0,7.0,7.0,6.0,7.0,8.0,9.0,8.0,6.0,7.0,6.0,6.0,3.0,4.0,2.0,2.0,2.0,3.0,3.0,3.0,4.0,3.0,3.0,2.0,2.0,2.0,4.0,3.0,3.0,3.0,3.0,3.0,3.0,3.0,2.0,3.0,3.0,4.0,3.0,3.0,2.0,2.0,2.0,2.0,3.0,2.0,3.0,3.0,2.0,1.0,1.0,2.0,4.0,2.0,3.0,3.0,3.0,2.0,3.0,3.0,2.0,3.0,4.0,4.0,4.0,2.0,3.0,2.0,2.0,2.0,2.0,2.0,3.0,1.0,3.0,3.0,3.0,2.0,3.0,inf,3.0,3.0,3.0,3.0,2.0,3.0,3.0,2.0,4.0,3.0,3.0,3.0,2.0,2.0,3.0,0.0,2.0,1.0,3.0,1.0,2.0,2.0,3.0,2.0,4.0,2.0,3.0,3.0,2.0,inf,4.0,3.0,5.0,3.0,3.0,4.0,3.0,3.0,3.0,3.0,4.0,3.0,4.0,3.0,3.0,3.0,4.0,3.0,3.0,3.0,3.0,3.0,3.0,3.0,3.0,3.0,3.0,3.0,3.0,3.0,3.0,3.0,3.0,3.0,3.0,3.0,3.0,3.0,3.0,3.0,3.0,4.0,4.0,5.0,5.0,5.0,5.0,5.0,4.0,4.0,3.0,2.0,3.0
SIAVR,4.0,4.0,3.0,3.0,4.0,3.0,4.0,5.0,3.0,4.0,3.0,4.0,2.0,3.0,3.0,4.0,4.0,3.0,3.0,4.0,4.0,3.0,3.0,3.0,2.0,3.0,3.0,3.0,3.0,5.0,4.0,5.0,3.0,3.0,inf,inf,inf,3.0,2.0,4.0,4.0,3.0,4.0,4.0,3.0,4.0,4.0,3.0,4.0,3.0,4.0,2.0,3.0,3.0,3.0,2.0,2.0,3.0,3.0,3.0,2.0,3.0,3.0,3.0,3.0,3.0,3.0,3.0,2.0,3.0,3.0,3.0,4.0,4.0,3.0,4.0,3.0,4.0,3.0,4.0,4.0,3.0,4.0,4.0,3.0,3.0,4.0,3.0,3.0,4.0,4.0,3.0,4.0,3.0,3.0,3.0,2.0,2.0,3.0,3.0,3.0,3.0,3.0,2.0,4.0,5.0,4.0,4.0,4.0,3.0,1.0,3.0,2.0,3.0,4.0,3.0,4.0,5.0,5.0,6.0,6.0,6.0,7.0,8.0,9.0,4.0,4.0,3.0,5.0,3.0,4.0,inf,4.0,2.0,4.0,4.0,4.0,3.0,3.0,7.0,7.0,7.0,6.0,7.0,8.0,9.0,8.0,6.0,7.0,6.0,6.0,3.0,3.0,2.0,2.0,3.0,2.0,2.0,3.0,2.0,2.0,4.0,3.0,3.0,3.0,4.0,3.0,3.0,3.0,4.0,4.0,3.0,2.0,2.0,3.0,3.0,2.0,3.0,3.0,2.0,3.0,3.0,3.0,2.0,2.0,3.0,3.0,3.0,1.0,2.0,1.0,4.0,3.0,3.0,3.0,4.0,3.0,2.0,3.0,2.0,3.0,4.0,4.0,4.0,3.0,2.0,2.0,2.0,2.0,1.0,3.0,1.0,3.0,3.0,4.0,2.0,3.0,3.0,inf,3.0,4.0,3.0,3.0,2.0,3.0,2.0,2.0,4.0,4.0,4.0,2.0,1.0,3.0,2.0,2.0,0.0,3.0,2.0,2.0,2.0,3.0,2.0,3.0,3.0,2.0,2.0,2.0,2.0,inf,4.0,3.0,5.0,3.0,3.0,3.0,4.0,4.0,3.0,4.0,4.0,4.0,4.0,4.0,4.0,4.0,4.0,4.0,4.0,3.0,3.0,2.0,3.0,3.0,3.0,3.0,3.0,3.0,3.0,3.0,3.0,3.0,3.0,3.0,4.0,3.0,3.0,4.0,3.0,3.0,3.0,4.0,5.0,5.0,4.0,3.0,4.0,4.0,3.0,4.0,3.0,3.0,3.0
SIBDL,2.0,3.0,1.0,3.0,3.0,4.0,2.0,3.0,4.0,3.0,4.0,3.0,3.0,2.0,4.0,3.0,2.0,3.0,3.0,3.0,3.0,3.0,3.0,3.0,2.0,4.0,2.0,3.0,3.0,3.0,2.0,3.0,2.0,2.0,inf,inf,inf,2.0,3.0,4.0,4.0,4.0,3.0,3.0,2.0,4.0,4.0,3.0,4.0,4.0,3.0,4.0,3.0,2.0,1.0,2.0,2.0,2.0,1.0,3.0,2.0,3.0,3.0,3.0,3.0,2.0,2.0,2.0,2.0,2.0,3.0,3.0,3.0,4.0,4.0,4.0,4.0,4.0,3.0,4.0,3.0,4.0,3.0,4.0,3.0,4.0,3.0,4.0,2.0,2.0,2.0,2.0,2.0,2.0,3.0,2.0,2.0,3.0,3.0,3.0,3.0,3.0,3.0,3.0,3.0,4.0,4.0,4.0,3.0,3.0,3.0,3.0,3.0,3.0,2.0,3.0,3.0,5.0,5.0,6.0,6.0,6.0,7.0,8.0,9.0,3.0,3.0,3.0,4.0,3.0,4.0,inf,4.0,2.0,4.0,4.0,5.0,3.0,2.0,7.0,7.0,7.0,6.0,7.0,8.0,9.0,8.0,6.0,7.0,6.0,6.0,3.0,3.0,2.0,3.0,2.0,3.0,3.0,3.0,3.0,3.0,4.0,3.0,2.0,3.0,3.0,2.0,2.0,3.0,3.0,4.0,2.0,2.0,2.0,2.0,3.0,3.0,2.0,2.0,3.0,3.0,3.0,3.0,3.0,2.0,3.0,2.0,2.0,2.0,1.0,2.0,3.0,3.0,3.0,3.0,3.0,2.0,2.0,4.0,2.0,2.0,4.0,4.0,4.0,2.0,3.0,3.0,2.0,2.0,2.0,2.0,3.0,2.0,3.0,3.0,2.0,2.0,3.0,inf,3.0,3.0,2.0,4.0,2.0,3.0,3.0,2.0,3.0,2.0,2.0,3.0,2.0,2.0,3.0,1.0,3.0,0.0,3.0,1.0,2.0,1.0,3.0,1.0,3.0,1.0,3.0,3.0,3.0,inf,3.0,3.0,5.0,3.0,4.0,3.0,4.0,3.0,2.0,2.0,3.0,2.0,3.0,2.0,2.0,2.0,3.0,2.0,2.0,2.0,2.0,2.0,2.0,3.0,3.0,3.0,3.0,3.0,3.0,3.0,3.0,3.0,3.0,3.0,4.0,3.0,3.0,4.0,3.0,3.0,3.0,4.0,3.0,4.0,5.0,4.0,5.0,5.0,4.0,3.0,2.0,3.0,3.0
SIBDR,3.0,3.0,3.0,3.0,4.0,2.0,3.0,4.0,3.0,3.0,3.0,3.0,2.0,3.0,1.0,2.0,4.0,3.0,3.0,4.0,3.0,3.0,3.0,3.0,3.0,3.0,3.0,3.0,4.0,4.0,3.0,4.0,3.0,3.0,inf,inf,inf,3.0,3.0,3.0,4.0,2.0,3.0,4.0,3.0,4.0,4.0,3.0,3.0,3.0,3.0,3.0,4.0,2.0,2.0,2.0,2.0,3.0,2.0,3.0,3.0,3.0,4.0,3.0,3.0,3.0,2.0,2.0,2.0,2.0,3.0,3.0,4.0,3.0,3.0,3.0,4.0,4.0,3.0,4.0,4.0,3.0,3.0,3.0,4.0,3.0,4.0,3.0,3.0,3.0,3.0,3.0,3.0,3.0,2.0,3.0,2.0,3.0,3.0,3.0,3.0,3.0,3.0,2.0,4.0,5.0,4.0,4.0,4.0,3.0,2.0,3.0,3.0,3.0,3.0,4.0,4.0,5.0,5.0,6.0,6.0,6.0,7.0,8.0,9.0,4.0,4.0,4.0,5.0,3.0,4.0,inf,4.0,4.0,3.0,4.0,4.0,3.0,3.0,7.0,7.0,7.0,6.0,7.0,8.0,9.0,8.0,6.0,7.0,6.0,6.0,4.0,3.0,3.0,2.0,3.0,2.0,3.0,3.0,3.0,2.0,4.0,3.0,3.0,3.0,3.0,2.0,3.0,2.0,4.0,3.0,3.0,2.0,1.0,2.0,2.0,3.0,3.0,3.0,3.0,3.0,3.0,3.0,2.0,2.0,2.0,2.0,3.0,3.0,2.0,1.0,3.0,3.0,3.0,4.0,3.0,3.0,2.0,3.0,3.0,3.0,4.0,4.0,4.0,3.0,1.0,2.0,2.0,3.0,3.0,3.0,2.0,3.0,3.0,4.0,4.0,3.0,3.0,inf,3.0,2.0,2.0,3.0,3.0,2.0,2.0,3.0,3.0,3.0,3.0,3.0,2.0,3.0,2.0,3.0,2.0,3.0,0.0,2.0,1.0,2.0,2.0,3.0,1.0,2.0,2.0,2.0,3.0,inf,4.0,3.0,5.0,4.0,2.0,4.0,3.0,3.0,3.0,3.0,3.0,3.0,3.0,3.0,3.0,3.0,3.0,3.0,3.0,2.0,3.0,2.0,2.0,3.0,3.0,3.0,3.0,3.0,3.0,3.0,3.0,3.0,2.0,2.0,4.0,3.0,3.0,4.0,3.0,3.0,3.0,4.0,4.0,5.0,5.0,4.0,5.0,4.0,3.0,4.0,3.0,3.0,3.0
SIBVL,3.0,4.0,1.0,3.0,4.0,4.0,3.0,4.0,3.0,3.0,3.0,4.0,2.0,2.0,3.0,4.0,2.0,3.0,3.0,4.0,3.0,3.0,3.0,3.0,2.0,4.0,3.0,2.0,4.0,4.0,3.0,4.0,2.0,2.0,inf,inf,inf,3.0,3.0,4.0,4.0,4.0,3.0,4.0,3.0,4.0,4.0,3.0,4.0,3.0,3.0,3.0,3.0,2.0,2.0,1.0,1.0,3.0,2.0,3.0,3.0,3.0,3.0,3.0,3.0,2.0,2.0,2.0,2.0,3.0,3.0,3.0,4.0,4.0,4.0,4.0,4.0,4.0,3.0,4.0,3.0,3.0,3.0,3.0,4.0,4.0,4.0,4.0,3.0,3.0,3.0,3.0,3.0,3.0,2.0,3.0,2.0,2.0,2.0,2.0,2.0,2.0,2.0,2.0,4.0,4.0,3.0,4.0,4.0,3.0,2.0,3.0,3.0,3.0,3.0,3.0,3.0,5.0,5.0,6.0,6.0,6.0,7.0,8.0,9.0,4.0,3.0,3.0,4.0,3.0,4.0,inf,4.0,2.0,4.0,4.0,5.0,3.0,3.0,7.0,7.0,7.0,6.0,7.0,8.0,9.0,8.0,6.0,7.0,6.0,6.0,3.0,3.0,3.0,3.0,3.0,3.0,3.0,3.0,3.0,2.0,4.0,3.0,3.0,3.0,3.0,2.0,3.0,2.0,4.0,3.0,3.0,2.0,1.0,2.0,2.0,3.0,2.0,2.0,3.0,3.0,3.0,3.0,2.0,2.0,2.0,2.0,3.0,2.0,2.0,2.0,4.0,3.0,2.0,4.0,3.0,3.0,2.0,4.0,2.0,3.0,4.0,4.0,4.0,3.0,2.0,2.0,2.0,2.0,1.0,3.0,2.0,2.0,3.0,4.0,2.0,3.0,3.0,inf,3.0,3.0,2.0,4.0,2.0,3.0,3.0,2.0,3.0,3.0,3.0,2.0,1.0,3.0,3.0,1.0,2.0,1.0,2.0,0.0,1.0,2.0,3.0,1.0,3.0,2.0,3.0,3.0,3.0,inf,4.0,3.0,5.0,3.0,4.0,3.0,4.0,3.0,3.0,3.0,3.0,3.0,3.0,3.0,3.0,3.0,3.0,3.0,3.0,2.0,3.0,2.0,2.0,2.0,2.0,2.0,2.0,2.0,2.0,2.0,2.0,2.0,2.0,2.0,4.0,3.0,3.0,4.0,3.0,3.0,3.0,4.0,4.0,5.0,4.0,4.0,4.0,4.0,3.0,4.0,3.0,3.0,3.0
SIBVR,3.0,4.0,2.0,3.0,3.0,3.0,3.0,4.0,4.0,4.0,4.0,4.0,3.0,3.0,2.0,3.0,3.0,3.0,3.0,4.0,3.0,4.0,3.0,3.0,3.0,3.0,3.0,3.0,3.0,4.0,3.0,4.0,2.0,2.0,inf,inf,inf,3.0,3.0,4.0,4.0,3.0,4.0,3.0,3.0,4.0,5.0,3.0,4.0,4.0,3.0,2.0,3.0,2.0,2.0,2.0,1.0,3.0,2.0,3.0,2.0,3.0,3.0,3.0,3.0,3.0,2.0,2.0,2.0,2.0,3.0,3.0,4.0,4.0,3.0,3.0,3.0,5.0,3.0,4.0,3.0,3.0,3.0,3.0,3.0,3.0,3.0,3.0,3.0,3.0,3.0,3.0,3.0,3.0,2.0,3.0,2.0,2.0,2.0,2.0,2.0,2.0,2.0,2.0,4.0,4.0,3.0,4.0,4.0,3.0,2.0,3.0,3.0,3.0,3.0,3.0,3.0,5.0,5.0,6.0,6.0,6.0,7.0,8.0,9.0,3.0,3.0,3.0,4.0,2.0,3.0,inf,4.0,3.0,3.0,4.0,4.0,3.0,3.0,7.0,7.0,7.0,6.0,7.0,8.0,9.0,8.0,6.0,7.0,6.0,6.0,3.0,3.0,2.0,2.0,2.0,2.0,3.0,3.0,3.0,2.0,4.0,3.0,3.0,3.0,3.0,2.0,3.0,2.0,4.0,3.0,3.0,2.0,1.0,2.0,2.0,3.0,2.0,2.0,3.0,3.0,3.0,3.0,2.0,2.0,2.0,2.0,2.0,2.0,1.0,1.0,3.0,3.0,2.0,3.0,3.0,2.0,2.0,3.0,3.0,3.0,4.0,4.0,4.0,3.0,2.0,3.0,1.0,3.0,2.0,3.0,1.0,3.0,3.0,3.0,3.0,2.0,3.0,inf,2.0,2.0,1.0,3.0,2.0,3.0,2.0,2.0,3.0,3.0,3.0,3.0,2.0,2.0,2.0,2.0,2.0,2.0,1.0,1.0,0.0,1.0,2.0,2.0,2.0,2.0,2.0,2.0,3.0,inf,4.0,3.0,4.0,3.0,3.0,3.0,3.0,3.0,3.0,3.0,3.0,3.0,3.0,3.0,3.0,3.0,3.0,3.0,3.0,2.0,3.0,2.0,2.0,3.0,2.0,2.0,2.0,2.0,2.0,2.0,2.0,2.0,2.0,2.0,4.0,3.0,3.0,4.0,3.0,3.0,3.0,4.0,4.0,5.0,4.0,4.0,4.0,4.0,3.0,4.0,3.0,3.0,3.0
SMBDL,3.0,4.0,2.0,2.0,4.0,3.0,3.0,4.0,3.0,3.0,4.0,4.0,3.0,3.0,3.0,2.0,3.0,3.0,2.0,3.0,3.0,4.0,3.0,3.0,3.0,3.0,3.0,2.0,3.0,4.0,3.0,4.0,3.0,3.0,inf,inf,inf,2.0,2.0,4.0,4.0,4.0,4.0,3.0,3.0,4.0,4.0,3.0,3.0,3.0,4.0,3.0,4.0,3.0,2.0,3.0,2.0,3.0,2.0,3.0,2.0,3.0,3.0,3.0,3.0,3.0,3.0,3.0,1.0,1.0,2.0,4.0,4.0,4.0,4.0,3.0,4.0,4.0,3.0,4.0,4.0,4.0,4.0,4.0,4.0,4.0,4.0,3.0,3.0,3.0,3.0,3.0,3.0,3.0,3.0,3.0,3.0,3.0,3.0,3.0,3.0,3.0,3.0,3.0,4.0,5.0,4.0,4.0,4.0,3.0,2.0,3.0,3.0,4.0,3.0,3.0,3.0,5.0,6.0,6.0,7.0,7.0,7.0,8.0,9.0,4.0,3.0,4.0,4.0,3.0,4.0,inf,5.0,3.0,4.0,4.0,4.0,4.0,3.0,8.0,7.0,7.0,6.0,8.0,8.0,9.0,8.0,6.0,8.0,6.0,7.0,3.0,3.0,3.0,3.0,3.0,3.0,3.0,3.0,2.0,2.0,3.0,3.0,3.0,3.0,4.0,3.0,3.0,3.0,4.0,4.0,3.0,3.0,2.0,3.0,3.0,2.0,3.0,3.0,2.0,2.0,2.0,3.0,3.0,2.0,3.0,3.0,3.0,2.0,2.0,2.0,2.0,2.0,3.0,3.0,4.0,2.0,2.0,4.0,2.0,2.0,4.0,5.0,4.0,3.0,3.0,2.0,2.0,2.0,3.0,3.0,2.0,2.0,4.0,3.0,3.0,3.0,2.0,inf,3.0,3.0,2.0,3.0,1.0,3.0,2.0,1.0,3.0,3.0,3.0,3.0,2.0,1.0,3.0,2.0,3.0,1.0,2.0,2.0,1.0,0.0,2.0,2.0,2.0,2.0,3.0,3.0,3.0,inf,4.0,3.0,5.0,4.0,3.0,4.0,3.0,3.0,3.0,3.0,4.0,3.0,4.0,3.0,3.0,3.0,4.0,3.0,3.0,3.0,3.0,3.0,3.0,2.0,3.0,3.0,3.0,3.0,3.0,3.0,3.0,3.0,2.0,2.0,3.0,3.0,3.0,4.0,3.0,3.0,3.0,4.0,4.0,5.0,4.0,3.0,4.0,4.0,3.0,4.0,3.0,3.0,3.0
SMBDR,3.0,3.0,3.0,2.0,4.0,2.0,3.0,4.0,3.0,3.0,3.0,3.0,2.0,3.0,3.0,2.0,4.0,3.0,2.0,3.0,3.0,3.0,3.0,1.0,3.0,1.0,3.0,2.0,3.0,5.0,4.0,5.0,3.0,3.0,inf,inf,inf,2.0,2.0,3.0,4.0,2.0,3.0,3.0,3.0,4.0,4.0,2.0,3.0,3.0,3.0,3.0,4.0,3.0,3.0,2.0,2.0,3.0,4.0,3.0,2.0,3.0,3.0,3.0,3.0,3.0,3.0,3.0,1.0,1.0,2.0,2.0,4.0,3.0,3.0,3.0,4.0,4.0,3.0,4.0,4.0,3.0,4.0,4.0,4.0,3.0,4.0,3.0,3.0,4.0,4.0,4.0,4.0,4.0,3.0,3.0,3.0,3.0,3.0,3.0,3.0,3.0,3.0,3.0,3.0,4.0,4.0,4.0,4.0,3.0,2.0,3.0,3.0,2.0,3.0,3.0,3.0,5.0,5.0,6.0,6.0,6.0,7.0,8.0,9.0,4.0,4.0,5.0,5.0,4.0,5.0,inf,4.0,3.0,3.0,4.0,4.0,3.0,3.0,7.0,7.0,7.0,6.0,7.0,8.0,9.0,8.0,6.0,7.0,6.0,6.0,3.0,3.0,3.0,2.0,3.0,2.0,3.0,3.0,2.0,2.0,3.0,3.0,3.0,3.0,4.0,4.0,3.0,3.0,4.0,4.0,3.0,3.0,3.0,4.0,3.0,2.0,3.0,3.0,2.0,2.0,2.0,3.0,2.0,2.0,3.0,3.0,3.0,3.0,2.0,1.0,2.0,2.0,3.0,3.0,3.0,2.0,2.0,3.0,3.0,2.0,4.0,4.0,4.0,2.0,3.0,4.0,3.0,2.0,3.0,3.0,2.0,3.0,3.0,3.0,4.0,3.0,3.0,inf,2.0,2.0,3.0,3.0,3.0,3.0,1.0,2.0,4.0,4.0,4.0,2.0,3.0,3.0,1.0,3.0,2.0,3.0,2.0,3.0,2.0,2.0,0.0,2.0,1.0,2.0,1.0,2.0,3.0,inf,4.0,3.0,6.0,4.0,2.0,3.0,3.0,3.0,3.0,3.0,4.0,4.0,4.0,4.0,4.0,4.0,4.0,4.0,4.0,4.0,4.0,3.0,3.0,3.0,3.0,3.0,3.0,3.0,3.0,3.0,3.0,3.0,2.0,2.0,3.0,3.0,3.0,4.0,3.0,3.0,2.0,3.0,4.0,5.0,4.0,3.0,4.0,4.0,3.0,4.0,3.0,3.0,3.0
SMBVL,3.0,4.0,2.0,2.0,4.0,3.0,3.0,4.0,3.0,3.0,4.0,4.0,3.0,3.0,4.0,3.0,3.0,3.0,2.0,3.0,3.0,4.0,4.0,3.0,3.0,3.0,3.0,2.0,4.0,4.0,3.0,4.0,3.0,3.0,inf,inf,inf,2.0,2.0,4.0,4.0,4.0,4.0,4.0,3.0,4.0,4.0,4.0,4.0,4.0,4.0,4.0,4.0,3.0,2.0,2.0,2.0,3.0,2.0,3.0,3.0,3.0,3.0,3.0,3.0,3.0,3.0,3.0,1.0,2.0,2.0,4.0,4.0,4.0,5.0,4.0,5.0,4.0,3.0,4.0,4.0,4.0,4.0,4.0,4.0,4.0,4.0,4.0,3.0,3.0,3.0,3.0,3.0,3.0,3.0,3.0,3.0,3.0,3.0,3.0,3.0,3.0,3.0,3.0,4.0,5.0,4.0,4.0,4.0,3.0,2.0,3.0,3.0,4.0,3.0,3.0,3.0,5.0,6.0,6.0,7.0,7.0,7.0,8.0,9.0,4.0,3.0,4.0,4.0,4.0,5.0,inf,5.0,3.0,4.0,4.0,5.0,4.0,3.0,8.0,7.0,7.0,6.0,8.0,8.0,9.0,8.0,6.0,8.0,6.0,7.0,3.0,3.0,3.0,3.0,3.0,3.0,3.0,3.0,3.0,2.0,3.0,3.0,3.0,3.0,4.0,3.0,3.0,3.0,4.0,4.0,3.0,3.0,2.0,3.0,3.0,2.0,3.0,3.0,2.0,2.0,3.0,3.0,3.0,2.0,3.0,3.0,3.0,2.0,2.0,3.0,3.0,2.0,3.0,4.0,4.0,2.0,2.0,4.0,3.0,3.0,4.0,5.0,4.0,3.0,3.0,3.0,3.0,3.0,2.0,3.0,3.0,2.0,4.0,3.0,3.0,3.0,2.0,inf,4.0,3.0,3.0,3.0,3.0,3.0,2.0,1.0,3.0,3.0,3.0,3.0,2.0,3.0,3.0,2.0,3.0,1.0,3.0,1.0,2.0,2.0,2.0,0.0,2.0,2.0,3.0,3.0,3.0,inf,4.0,3.0,6.0,4.0,3.0,4.0,3.0,3.0,3.0,3.0,4.0,3.0,4.0,3.0,3.0,3.0,4.0,3.0,3.0,3.0,3.0,3.0,3.0,2.0,3.0,3.0,3.0,3.0,3.0,3.0,3.0,3.0,2.0,2.0,3.0,3.0,3.0,4.0,3.0,3.0,3.0,4.0,4.0,5.0,5.0,4.0,5.0,4.0,3.0,4.0,3.0,3.0,3.0
SMBVR,3.0,2.0,3.0,2.0,4.0,1.0,4.0,3.0,3.0,2.0,3.0,2.0,3.0,3.0,2.0,1.0,3.0,3.0,2.0,3.0,3.0,3.0,3.0,2.0,4.0,2.0,2.0,2.0,3.0,5.0,4.0,5.0,4.0,4.0,inf,inf,inf,2.0,2.0,3.0,3.0,3.0,2.0,3.0,2.0,4.0,3.0,3.0,2.0,3.0,2.0,3.0,3.0,3.0,3.0,3.0,3.0,3.0,3.0,3.0,2.0,3.0,3.0,3.0,3.0,3.0,3.0,3.0,1.0,1.0,2.0,3.0,3.0,2.0,3.0,2.0,4.0,3.0,3.0,4.0,4.0,4.0,4.0,4.0,4.0,3.0,3.0,2.0,3.0,4.0,4.0,4.0,4.0,4.0,3.0,3.0,3.0,3.0,4.0,3.0,4.0,4.0,4.0,3.0,3.0,4.0,4.0,4.0,4.0,3.0,2.0,3.0,3.0,3.0,3.0,3.0,3.0,5.0,6.0,6.0,7.0,7.0,7.0,8.0,9.0,4.0,4.0,5.0,5.0,4.0,4.0,inf,5.0,4.0,2.0,4.0,3.0,4.0,3.0,8.0,7.0,7.0,6.0,8.0,8.0,9.0,8.0,6.0,8.0,6.0,7.0,3.0,3.0,3.0,2.0,3.0,2.0,3.0,3.0,2.0,2.0,3.0,3.0,3.0,3.0,4.0,3.0,3.0,3.0,4.0,4.0,3.0,3.0,2.0,3.0,3.0,2.0,3.0,3.0,2.0,2.0,2.0,3.0,3.0,2.0,3.0,3.0,3.0,3.0,3.0,2.0,2.0,2.0,3.0,3.0,2.0,2.0,2.0,2.0,3.0,2.0,4.0,5.0,4.0,3.0,2.0,3.0,3.0,3.0,3.0,3.0,2.0,3.0,4.0,3.0,4.0,3.0,3.0,inf,3.0,1.0,2.0,2.0,3.0,3.0,1.0,2.0,4.0,4.0,4.0,3.0,3.0,3.0,2.0,4.0,3.0,3.0,1.0,3.0,2.0,2.0,1.0,2.0,0.0,3.0,2.0,2.0,2.0,inf,4.0,3.0,5.0,4.0,1.0,4.0,2.0,3.0,3.0,3.0,4.0,4.0,4.0,4.0,4.0,4.0,4.0,4.0,4.0,3.0,4.0,3.0,3.0,3.0,4.0,4.0,4.0,4.0,4.0,4.0,4.0,3.0,2.0,2.0,3.0,3.0,3.0,4.0,3.0,3.0,3.0,4.0,4.0,5.0,4.0,3.0,4.0,4.0,3.0,4.0,3.0,3.0,3.0
SMDDL,3.0,4.0,2.0,2.0,3.0,3.0,3.0,3.0,3.0,2.0,3.0,3.0,2.0,1.0,3.0,4.0,3.0,3.0,3.0,3.0,2.0,3.0,3.0,3.0,3.0,3.0,1.0,3.0,3.0,4.0,3.0,4.0,3.0,3.0,inf,inf,inf,3.0,3.0,3.0,3.0,3.0,4.0,3.0,3.0,4.0,4.0,3.0,4.0,3.0,2.0,3.0,4.0,3.0,2.0,2.0,2.0,3.0,2.0,2.0,2.0,3.0,3.0,3.0,4.0,3.0,2.0,3.0,3.0,3.0,3.0,3.0,3.0,4.0,3.0,3.0,4.0,3.0,3.0,3.0,4.0,3.0,4.0,4.0,3.0,3.0,3.0,3.0,3.0,3.0,3.0,3.0,3.0,3.0,4.0,3.0,3.0,3.0,3.0,3.0,3.0,3.0,3.0,3.0,4.0,5.0,4.0,4.0,4.0,3.0,2.0,3.0,2.0,3.0,3.0,3.0,3.0,5.0,5.0,6.0,6.0,6.0,7.0,8.0,9.0,3.0,3.0,3.0,4.0,2.0,3.0,inf,4.0,2.0,3.0,4.0,4.0,3.0,3.0,7.0,7.0,7.0,6.0,7.0,8.0,9.0,8.0,6.0,7.0,6.0,6.0,3.0,3.0,2.0,2.0,2.0,2.0,3.0,3.0,3.0,3.0,4.0,3.0,3.0,3.0,4.0,3.0,3.0,3.0,4.0,4.0,3.0,3.0,3.0,3.0,3.0,3.0,3.0,3.0,2.0,3.0,3.0,3.0,2.0,2.0,3.0,3.0,2.0,1.0,1.0,1.0,4.0,2.0,3.0,3.0,3.0,2.0,2.0,3.0,2.0,2.0,4.0,4.0,4.0,1.0,3.0,2.0,1.0,2.0,1.0,2.0,2.0,2.0,3.0,3.0,2.0,2.0,2.0,inf,2.0,2.0,1.0,3.0,3.0,3.0,2.0,1.0,3.0,3.0,3.0,3.0,3.0,2.0,2.0,2.0,2.0,1.0,2.0,2.0,2.0,2.0,2.0,2.0,3.0,0.0,2.0,2.0,2.0,inf,4.0,3.0,4.0,3.0,3.0,3.0,3.0,3.0,3.0,3.0,4.0,3.0,4.0,3.0,3.0,3.0,4.0,3.0,3.0,3.0,3.0,3.0,3.0,2.0,3.0,3.0,3.0,3.0,3.0,3.0,3.0,3.0,3.0,3.0,4.0,3.0,3.0,4.0,3.0,3.0,3.0,4.0,4.0,5.0,5.0,4.0,5.0,5.0,4.0,4.0,3.0,3.0,3.0
SMDDR,3.0,3.0,2.0,3.0,3.0,3.0,3.0,4.0,2.0,3.0,2.0,3.0,1.0,2.0,2.0,3.0,3.0,2.0,3.0,3.0,2.0,2.0,2.0,2.0,3.0,1.0,3.0,3.0,2.0,4.0,3.0,4.0,3.0,3.0,inf,inf,inf,3.0,3.0,2.0,4.0,1.0,3.0,3.0,2.0,3.0,3.0,1.0,2.0,2.0,3.0,3.0,4.0,3.0,2.0,2.0,2.0,3.0,3.0,2.0,1.0,4.0,3.0,3.0,3.0,3.0,2.0,3.0,2.0,2.0,3.0,3.0,3.0,3.0,2.0,3.0,3.0,3.0,3.0,3.0,4.0,4.0,3.0,3.0,4.0,3.0,4.0,3.0,2.0,3.0,3.0,3.0,3.0,3.0,4.0,3.0,3.0,3.0,3.0,3.0,3.0,3.0,3.0,3.0,2.0,3.0,4.0,3.0,4.0,3.0,2.0,3.0,2.0,2.0,3.0,3.0,3.0,4.0,4.0,5.0,5.0,5.0,6.0,7.0,8.0,3.0,3.0,4.0,4.0,3.0,4.0,inf,3.0,2.0,4.0,4.0,4.0,3.0,3.0,6.0,6.0,6.0,5.0,6.0,7.0,8.0,7.0,5.0,6.0,5.0,5.0,3.0,3.0,3.0,2.0,3.0,2.0,3.0,3.0,3.0,3.0,4.0,4.0,3.0,4.0,4.0,3.0,3.0,4.0,4.0,4.0,3.0,3.0,3.0,3.0,3.0,3.0,3.0,3.0,3.0,3.0,2.0,3.0,3.0,3.0,3.0,3.0,2.0,2.0,2.0,1.0,3.0,3.0,3.0,2.0,3.0,2.0,2.0,3.0,2.0,2.0,3.0,3.0,4.0,1.0,2.0,3.0,2.0,1.0,2.0,2.0,2.0,2.0,2.0,3.0,3.0,2.0,3.0,inf,2.0,3.0,3.0,3.0,3.0,2.0,2.0,3.0,3.0,3.0,3.0,2.0,2.0,2.0,1.0,3.0,2.0,3.0,2.0,3.0,2.0,3.0,1.0,3.0,2.0,2.0,0.0,1.0,3.0,inf,4.0,3.0,5.0,3.0,3.0,3.0,4.0,3.0,3.0,3.0,4.0,3.0,3.0,3.0,3.0,3.0,4.0,3.0,3.0,3.0,3.0,3.0,3.0,2.0,3.0,3.0,3.0,3.0,3.0,3.0,3.0,3.0,3.0,3.0,2.0,2.0,3.0,4.0,3.0,3.0,1.0,2.0,3.0,4.0,4.0,4.0,4.0,4.0,4.0,4.0,3.0,4.0,3.0
SMDVL,3.0,4.0,3.0,3.0,2.0,3.0,4.0,4.0,3.0,3.0,3.0,4.0,2.0,2.0,3.0,3.0,3.0,2.0,3.0,3.0,3.0,3.0,3.0,3.0,3.0,1.0,3.0,3.0,3.0,4.0,4.0,5.0,4.0,3.0,inf,inf,inf,4.0,4.0,3.0,4.0,2.0,4.0,3.0,3.0,3.0,4.0,2.0,3.0,3.0,3.0,2.0,3.0,3.0,3.0,2.0,3.0,3.0,3.0,2.0,2.0,3.0,2.0,3.0,3.0,3.0,2.0,3.0,3.0,3.0,3.0,4.0,4.0,4.0,3.0,4.0,3.0,4.0,3.0,3.0,4.0,5.0,4.0,4.0,3.0,4.0,4.0,3.0,3.0,4.0,4.0,4.0,4.0,4.0,4.0,4.0,4.0,3.0,2.0,3.0,3.0,3.0,3.0,3.0,3.0,4.0,4.0,4.0,4.0,3.0,3.0,3.0,3.0,3.0,4.0,4.0,4.0,4.0,4.0,5.0,5.0,5.0,6.0,7.0,8.0,2.0,2.0,3.0,3.0,3.0,4.0,inf,3.0,3.0,4.0,4.0,4.0,3.0,3.0,6.0,6.0,6.0,5.0,6.0,7.0,8.0,7.0,5.0,6.0,5.0,5.0,4.0,4.0,2.0,3.0,3.0,2.0,4.0,3.0,4.0,4.0,4.0,4.0,4.0,3.0,4.0,4.0,4.0,4.0,5.0,4.0,3.0,3.0,3.0,4.0,4.0,4.0,3.0,3.0,3.0,3.0,3.0,3.0,4.0,2.0,3.0,3.0,1.0,3.0,2.0,2.0,4.0,3.0,3.0,3.0,3.0,3.0,3.0,4.0,2.0,2.0,3.0,3.0,4.0,1.0,1.0,2.0,2.0,2.0,2.0,2.0,1.0,3.0,2.0,2.0,2.0,1.0,3.0,inf,3.0,3.0,3.0,3.0,3.0,2.0,1.0,2.0,2.0,4.0,4.0,3.0,2.0,3.0,2.0,3.0,2.0,3.0,2.0,3.0,2.0,3.0,2.0,3.0,2.0,2.0,1.0,0.0,3.0,inf,4.0,3.0,5.0,3.0,3.0,4.0,4.0,4.0,4.0,4.0,4.0,4.0,3.0,3.0,4.0,4.0,4.0,4.0,4.0,4.0,4.0,4.0,4.0,1.0,2.0,3.0,3.0,3.0,3.0,3.0,3.0,3.0,3.0,3.0,3.0,3.0,3.0,3.0,3.0,3.0,2.0,3.0,4.0,5.0,5.0,5.0,5.0,5.0,5.0,4.0,3.0,3.0,3.0
SMDVR,3.0,2.0,3.0,4.0,3.0,1.0,3.0,3.0,2.0,2.0,3.0,2.0,3.0,2.0,4.0,3.0,3.0,4.0,3.0,3.0,3.0,3.0,3.0,3.0,3.0,4.0,3.0,3.0,2.0,4.0,3.0,4.0,3.0,3.0,inf,inf,inf,3.0,4.0,3.0,3.0,4.0,2.0,3.0,3.0,4.0,3.0,4.0,4.0,4.0,3.0,4.0,3.0,2.0,2.0,3.0,4.0,3.0,3.0,1.0,2.0,4.0,3.0,4.0,3.0,3.0,3.0,3.0,3.0,3.0,2.0,4.0,3.0,2.0,3.0,2.0,4.0,3.0,3.0,2.0,4.0,4.0,4.0,4.0,5.0,3.0,3.0,4.0,3.0,3.0,3.0,3.0,3.0,3.0,3.0,3.0,3.0,4.0,4.0,4.0,4.0,4.0,4.0,4.0,4.0,5.0,5.0,5.0,4.0,3.0,3.0,3.0,3.0,3.0,3.0,4.0,3.0,5.0,5.0,6.0,6.0,6.0,7.0,8.0,9.0,3.0,2.0,4.0,3.0,3.0,4.0,inf,4.0,3.0,4.0,5.0,5.0,3.0,3.0,7.0,7.0,7.0,6.0,7.0,8.0,9.0,8.0,6.0,7.0,6.0,6.0,4.0,4.0,4.0,2.0,3.0,3.0,3.0,4.0,4.0,4.0,3.0,4.0,3.0,4.0,3.0,3.0,3.0,3.0,4.0,4.0,3.0,3.0,3.0,3.0,3.0,4.0,3.0,3.0,3.0,2.0,4.0,3.0,4.0,3.0,3.0,3.0,4.0,1.0,3.0,3.0,3.0,3.0,4.0,3.0,4.0,3.0,3.0,2.0,2.0,2.0,4.0,4.0,3.0,2.0,2.0,1.0,2.0,2.0,3.0,2.0,3.0,1.0,3.0,3.0,3.0,2.0,3.0,inf,2.0,3.0,3.0,4.0,2.0,3.0,3.0,2.0,3.0,3.0,3.0,3.0,2.0,3.0,3.0,2.0,2.0,3.0,3.0,3.0,3.0,3.0,3.0,3.0,2.0,2.0,3.0,3.0,0.0,inf,4.0,4.0,5.0,3.0,3.0,3.0,4.0,3.0,3.0,3.0,3.0,3.0,3.0,3.0,3.0,3.0,3.0,3.0,3.0,3.0,3.0,3.0,3.0,3.0,4.0,4.0,4.0,4.0,4.0,4.0,4.0,4.0,4.0,3.0,3.0,4.0,4.0,4.0,4.0,4.0,4.0,4.0,4.0,5.0,6.0,5.0,6.0,5.0,4.0,4.0,3.0,3.0,3.0
URADL,inf,inf,inf,inf,inf,inf,inf,inf,inf,inf,inf,inf,inf,inf,inf,inf,inf,inf,inf,inf,inf,inf,inf,inf,inf,inf,inf,inf,inf,inf,inf,inf,inf,inf,inf,inf,inf,inf,inf,inf,inf,inf,inf,inf,inf,inf,inf,inf,inf,inf,inf,inf,inf,inf,inf,inf,inf,inf,inf,inf,inf,inf,inf,inf,inf,inf,inf,inf,inf,inf,inf,inf,inf,inf,inf,inf,inf,inf,inf,inf,inf,inf,inf,inf,inf,inf,inf,inf,inf,inf,inf,inf,inf,inf,inf,inf,inf,inf,inf,inf,inf,inf,inf,inf,inf,inf,inf,inf,inf,inf,inf,inf,inf,inf,inf,inf,inf,inf,inf,inf,inf,inf,inf,inf,inf,inf,inf,inf,inf,inf,inf,1.0,inf,inf,inf,inf,inf,inf,inf,inf,inf,inf,inf,inf,inf,inf,inf,inf,inf,inf,inf,inf,inf,inf,inf,inf,inf,inf,inf,inf,inf,inf,inf,inf,inf,inf,inf,inf,inf,inf,inf,inf,inf,inf,inf,inf,inf,inf,inf,inf,inf,inf,inf,inf,inf,inf,inf,inf,inf,inf,inf,inf,inf,inf,inf,inf,inf,inf,inf,inf,inf,inf,inf,inf,inf,inf,inf,inf,inf,inf,inf,inf,inf,inf,inf,inf,inf,inf,inf,inf,inf,inf,inf,inf,inf,inf,inf,inf,inf,inf,inf,inf,inf,inf,inf,inf,inf,inf,inf,inf,inf,inf,inf,inf,inf,inf,inf,inf,0.0,inf,inf,inf,inf,inf,inf,inf,inf,inf,inf,inf,inf,inf,inf,inf,inf,inf,inf,inf,inf,inf,inf,inf,inf,inf,inf,inf,inf,inf,inf,inf,inf,inf,inf,inf,inf,inf,inf,inf,inf,inf,inf,inf,inf,inf,inf,inf,inf,inf,inf,inf,inf,inf
URADR,4.0,4.0,3.0,4.0,4.0,5.0,4.0,5.0,4.0,4.0,4.0,4.0,3.0,4.0,5.0,4.0,4.0,4.0,4.0,4.0,4.0,4.0,4.0,5.0,4.0,5.0,5.0,3.0,4.0,4.0,3.0,4.0,3.0,3.0,inf,inf,inf,3.0,4.0,5.0,5.0,5.0,5.0,4.0,3.0,5.0,5.0,5.0,5.0,4.0,4.0,5.0,5.0,3.0,2.0,3.0,4.0,3.0,3.0,4.0,3.0,4.0,5.0,4.0,4.0,4.0,4.0,3.0,3.0,3.0,4.0,4.0,5.0,5.0,5.0,5.0,5.0,5.0,3.0,4.0,4.0,5.0,4.0,5.0,5.0,4.0,5.0,4.0,3.0,3.0,3.0,3.0,3.0,3.0,4.0,3.0,3.0,4.0,5.0,4.0,4.0,4.0,4.0,4.0,4.0,5.0,5.0,5.0,4.0,4.0,4.0,4.0,4.0,4.0,4.0,5.0,5.0,4.0,4.0,5.0,5.0,5.0,6.0,7.0,8.0,4.0,4.0,4.0,5.0,3.0,4.0,inf,1.0,4.0,5.0,5.0,5.0,4.0,3.0,6.0,6.0,6.0,5.0,6.0,7.0,8.0,7.0,5.0,6.0,5.0,5.0,4.0,3.0,4.0,3.0,4.0,3.0,4.0,5.0,4.0,4.0,5.0,4.0,3.0,4.0,4.0,3.0,3.0,4.0,4.0,5.0,3.0,3.0,3.0,3.0,4.0,4.0,4.0,4.0,4.0,4.0,4.0,4.0,4.0,3.0,4.0,3.0,5.0,4.0,4.0,3.0,4.0,4.0,4.0,4.0,5.0,3.0,2.0,4.0,3.0,3.0,3.0,3.0,4.0,4.0,4.0,5.0,4.0,4.0,4.0,3.0,4.0,3.0,2.0,4.0,4.0,3.0,3.0,inf,5.0,4.0,5.0,4.0,4.0,4.0,4.0,3.0,4.0,3.0,3.0,5.0,4.0,4.0,4.0,4.0,4.0,3.0,4.0,4.0,4.0,4.0,4.0,4.0,4.0,4.0,4.0,4.0,4.0,inf,0.0,4.0,5.0,5.0,4.0,5.0,5.0,4.0,1.0,3.0,4.0,3.0,4.0,3.0,3.0,3.0,4.0,3.0,3.0,3.0,3.0,3.0,3.0,4.0,4.0,4.0,4.0,4.0,4.0,4.0,4.0,4.0,4.0,4.0,4.0,4.0,4.0,5.0,4.0,4.0,3.0,4.0,4.0,5.0,6.0,5.0,6.0,6.0,5.0,4.0,3.0,4.0,4.0
URAVL,3.0,3.0,2.0,3.0,2.0,3.0,3.0,4.0,3.0,3.0,3.0,4.0,3.0,2.0,4.0,3.0,3.0,4.0,3.0,4.0,3.0,4.0,3.0,3.0,4.0,4.0,4.0,3.0,4.0,4.0,3.0,4.0,3.0,3.0,inf,inf,inf,3.0,3.0,4.0,3.0,4.0,4.0,3.0,3.0,4.0,4.0,2.0,3.0,4.0,3.0,4.0,4.0,3.0,2.0,3.0,3.0,2.0,3.0,3.0,3.0,3.0,3.0,2.0,3.0,3.0,2.0,3.0,2.0,2.0,2.0,3.0,4.0,4.0,3.0,4.0,3.0,4.0,4.0,4.0,3.0,4.0,4.0,4.0,4.0,4.0,1.0,4.0,3.0,3.0,3.0,3.0,3.0,3.0,3.0,3.0,3.0,3.0,4.0,4.0,4.0,4.0,4.0,3.0,4.0,5.0,4.0,3.0,3.0,2.0,2.0,2.0,2.0,3.0,3.0,3.0,3.0,2.0,3.0,3.0,4.0,4.0,4.0,5.0,6.0,3.0,3.0,2.0,4.0,3.0,4.0,inf,3.0,1.0,4.0,1.0,5.0,3.0,2.0,5.0,4.0,4.0,3.0,5.0,5.0,6.0,5.0,3.0,5.0,3.0,4.0,2.0,3.0,3.0,3.0,2.0,4.0,3.0,3.0,3.0,3.0,3.0,3.0,3.0,2.0,4.0,3.0,3.0,3.0,4.0,4.0,3.0,3.0,2.0,3.0,3.0,3.0,2.0,2.0,2.0,2.0,3.0,2.0,3.0,1.0,3.0,2.0,3.0,4.0,3.0,4.0,3.0,3.0,4.0,3.0,3.0,3.0,3.0,2.0,3.0,3.0,1.0,2.0,5.0,3.0,4.0,3.0,3.0,3.0,2.0,3.0,3.0,3.0,2.0,3.0,2.0,2.0,4.0,inf,2.0,3.0,3.0,4.0,4.0,4.0,4.0,3.0,4.0,3.0,3.0,3.0,3.0,4.0,3.0,3.0,3.0,3.0,3.0,3.0,3.0,3.0,3.0,3.0,3.0,3.0,3.0,3.0,4.0,inf,4.0,0.0,5.0,2.0,4.0,2.0,4.0,4.0,3.0,3.0,4.0,3.0,4.0,3.0,3.0,3.0,4.0,3.0,3.0,3.0,3.0,3.0,3.0,4.0,4.0,4.0,4.0,4.0,4.0,4.0,4.0,4.0,3.0,3.0,3.0,2.0,2.0,3.0,2.0,2.0,3.0,4.0,4.0,5.0,5.0,4.0,4.0,4.0,4.0,3.0,2.0,2.0,2.0
URAVR,5.0,6.0,5.0,6.0,5.0,6.0,7.0,7.0,5.0,5.0,5.0,6.0,4.0,5.0,6.0,4.0,6.0,6.0,6.0,6.0,6.0,5.0,5.0,6.0,6.0,6.0,5.0,6.0,5.0,7.0,6.0,7.0,6.0,6.0,inf,inf,inf,6.0,7.0,6.0,6.0,6.0,6.0,6.0,5.0,6.0,6.0,6.0,5.0,5.0,6.0,5.0,6.0,6.0,5.0,6.0,5.0,6.0,6.0,5.0,4.0,7.0,7.0,6.0,6.0,6.0,6.0,6.0,6.0,5.0,6.0,7.0,6.0,6.0,6.0,7.0,6.0,6.0,6.0,6.0,7.0,7.0,6.0,6.0,6.0,6.0,5.0,3.0,5.0,6.0,6.0,6.0,6.0,6.0,6.0,6.0,6.0,6.0,6.0,6.0,6.0,6.0,6.0,6.0,6.0,7.0,7.0,7.0,7.0,6.0,6.0,6.0,5.0,5.0,6.0,6.0,6.0,5.0,5.0,6.0,6.0,6.0,7.0,8.0,9.0,4.0,3.0,3.0,2.0,2.0,1.0,inf,4.0,5.0,6.0,6.0,2.0,7.0,6.0,7.0,7.0,7.0,6.0,7.0,8.0,9.0,8.0,6.0,7.0,6.0,6.0,6.0,6.0,5.0,5.0,4.0,4.0,7.0,7.0,6.0,6.0,7.0,7.0,6.0,6.0,7.0,6.0,6.0,6.0,7.0,7.0,6.0,6.0,5.0,6.0,6.0,7.0,6.0,6.0,6.0,6.0,6.0,6.0,6.0,5.0,6.0,6.0,6.0,4.0,5.0,5.0,6.0,6.0,6.0,5.0,7.0,5.0,5.0,6.0,5.0,5.0,4.0,4.0,7.0,5.0,5.0,6.0,3.0,5.0,4.0,5.0,4.0,4.0,3.0,5.0,4.0,4.0,6.0,inf,6.0,6.0,5.0,5.0,5.0,6.0,5.0,5.0,7.0,6.0,6.0,6.0,5.0,6.0,5.0,5.0,5.0,5.0,5.0,5.0,4.0,5.0,6.0,6.0,5.0,4.0,5.0,5.0,5.0,inf,5.0,5.0,0.0,4.0,5.0,6.0,7.0,6.0,6.0,6.0,7.0,6.0,7.0,6.0,6.0,6.0,7.0,6.0,6.0,6.0,6.0,6.0,6.0,6.0,6.0,6.0,6.0,6.0,6.0,6.0,6.0,6.0,6.0,6.0,7.0,6.0,6.0,7.0,6.0,6.0,6.0,7.0,7.0,8.0,8.0,7.0,8.0,8.0,7.0,7.0,6.0,6.0,6.0
URBL,2.0,3.0,2.0,4.0,1.0,3.0,3.0,4.0,1.0,2.0,3.0,4.0,2.0,3.0,4.0,4.0,3.0,3.0,2.0,3.0,2.0,3.0,3.0,3.0,4.0,4.0,4.0,4.0,3.0,5.0,5.0,5.0,4.0,4.0,inf,inf,inf,4.0,4.0,2.0,3.0,3.0,4.0,2.0,3.0,4.0,4.0,2.0,3.0,3.0,4.0,3.0,4.0,3.0,4.0,3.0,3.0,4.0,3.0,2.0,3.0,4.0,3.0,4.0,4.0,4.0,4.0,4.0,3.0,4.0,3.0,4.0,3.0,4.0,3.0,4.0,2.0,3.0,3.0,3.0,5.0,5.0,4.0,4.0,2.0,5.0,3.0,4.0,4.0,4.0,4.0,4.0,4.0,4.0,4.0,4.0,4.0,4.0,4.0,4.0,4.0,4.0,4.0,4.0,4.0,5.0,5.0,5.0,5.0,4.0,4.0,4.0,3.0,3.0,4.0,4.0,4.0,3.0,4.0,4.0,5.0,5.0,5.0,6.0,7.0,2.0,3.0,1.0,4.0,2.0,3.0,inf,4.0,1.0,4.0,3.0,4.0,4.0,4.0,6.0,5.0,5.0,4.0,6.0,6.0,7.0,6.0,4.0,6.0,4.0,5.0,2.0,3.0,1.0,4.0,3.0,3.0,4.0,4.0,5.0,4.0,4.0,4.0,4.0,4.0,4.0,4.0,4.0,4.0,5.0,5.0,4.0,4.0,4.0,4.0,4.0,4.0,4.0,4.0,3.0,3.0,3.0,4.0,4.0,3.0,4.0,4.0,2.0,4.0,2.0,3.0,3.0,4.0,4.0,4.0,5.0,2.0,3.0,3.0,3.0,3.0,2.0,3.0,4.0,3.0,3.0,4.0,3.0,3.0,2.0,4.0,2.0,3.0,3.0,3.0,2.0,3.0,3.0,inf,2.0,4.0,3.0,4.0,4.0,4.0,3.0,4.0,4.0,5.0,4.0,4.0,3.0,3.0,3.0,3.0,3.0,3.0,4.0,3.0,3.0,4.0,4.0,4.0,4.0,3.0,3.0,3.0,3.0,inf,5.0,2.0,4.0,0.0,3.0,2.0,5.0,3.0,4.0,3.0,4.0,4.0,4.0,4.0,4.0,4.0,4.0,4.0,4.0,4.0,4.0,4.0,4.0,4.0,4.0,4.0,4.0,4.0,4.0,4.0,4.0,4.0,4.0,4.0,4.0,4.0,4.0,4.0,4.0,4.0,3.0,4.0,5.0,6.0,6.0,6.0,6.0,6.0,5.0,5.0,4.0,4.0,4.0
URBR,4.0,3.0,3.0,3.0,3.0,2.0,4.0,4.0,2.0,1.0,3.0,3.0,3.0,2.0,3.0,2.0,4.0,4.0,3.0,4.0,3.0,3.0,4.0,3.0,5.0,3.0,3.0,3.0,4.0,5.0,4.0,5.0,4.0,4.0,inf,inf,inf,3.0,3.0,2.0,2.0,3.0,3.0,3.0,2.0,4.0,4.0,4.0,3.0,4.0,3.0,3.0,3.0,4.0,3.0,3.0,3.0,4.0,4.0,3.0,3.0,4.0,4.0,4.0,3.0,4.0,4.0,4.0,2.0,2.0,3.0,4.0,4.0,3.0,4.0,3.0,3.0,2.0,3.0,4.0,5.0,5.0,5.0,5.0,4.0,2.0,3.0,2.0,4.0,4.0,4.0,4.0,4.0,4.0,4.0,4.0,4.0,4.0,4.0,4.0,4.0,4.0,4.0,4.0,4.0,5.0,5.0,5.0,5.0,4.0,3.0,4.0,3.0,3.0,4.0,4.0,4.0,5.0,6.0,6.0,7.0,7.0,7.0,8.0,9.0,4.0,3.0,4.0,4.0,4.0,4.0,inf,5.0,4.0,1.0,5.0,3.0,4.0,4.0,8.0,7.0,7.0,6.0,8.0,8.0,9.0,8.0,6.0,8.0,6.0,7.0,4.0,3.0,3.0,1.0,4.0,1.0,4.0,4.0,3.0,3.0,4.0,4.0,4.0,4.0,5.0,4.0,4.0,4.0,5.0,5.0,4.0,4.0,3.0,4.0,4.0,3.0,4.0,4.0,3.0,3.0,3.0,3.0,4.0,3.0,4.0,4.0,4.0,3.0,3.0,2.0,3.0,3.0,4.0,4.0,3.0,3.0,2.0,2.0,3.0,3.0,4.0,5.0,4.0,3.0,3.0,3.0,3.0,2.0,3.0,3.0,2.0,2.0,4.0,4.0,4.0,4.0,3.0,inf,3.0,2.0,3.0,2.0,3.0,3.0,2.0,3.0,5.0,4.0,4.0,4.0,4.0,3.0,3.0,3.0,3.0,4.0,2.0,4.0,3.0,3.0,2.0,3.0,1.0,3.0,3.0,3.0,3.0,inf,4.0,4.0,5.0,3.0,0.0,4.0,2.0,4.0,3.0,4.0,5.0,4.0,5.0,4.0,4.0,4.0,5.0,4.0,4.0,4.0,4.0,4.0,4.0,4.0,4.0,4.0,4.0,4.0,4.0,4.0,4.0,4.0,3.0,3.0,4.0,4.0,4.0,5.0,4.0,4.0,3.0,4.0,5.0,6.0,5.0,4.0,5.0,5.0,4.0,5.0,4.0,4.0,4.0
URXL,3.0,4.0,2.0,5.0,3.0,4.0,2.0,3.0,3.0,4.0,3.0,4.0,4.0,4.0,4.0,4.0,3.0,4.0,4.0,4.0,3.0,4.0,3.0,2.0,4.0,4.0,4.0,4.0,3.0,5.0,5.0,5.0,5.0,5.0,inf,inf,inf,4.0,4.0,4.0,4.0,3.0,4.0,2.0,3.0,4.0,4.0,2.0,3.0,3.0,4.0,3.0,4.0,3.0,4.0,4.0,4.0,4.0,3.0,2.0,3.0,3.0,2.0,4.0,3.0,3.0,4.0,4.0,4.0,4.0,3.0,3.0,3.0,4.0,2.0,3.0,4.0,4.0,4.0,3.0,5.0,4.0,4.0,4.0,4.0,5.0,3.0,4.0,4.0,4.0,4.0,4.0,4.0,4.0,4.0,4.0,4.0,5.0,4.0,5.0,5.0,5.0,5.0,4.0,5.0,6.0,6.0,5.0,5.0,4.0,4.0,4.0,4.0,5.0,4.0,4.0,4.0,4.0,5.0,5.0,6.0,6.0,6.0,7.0,8.0,4.0,4.0,3.0,5.0,4.0,5.0,inf,5.0,1.0,4.0,3.0,5.0,4.0,4.0,7.0,6.0,6.0,5.0,7.0,7.0,8.0,7.0,5.0,7.0,5.0,6.0,2.0,3.0,3.0,4.0,4.0,3.0,4.0,4.0,4.0,4.0,4.0,4.0,4.0,4.0,4.0,4.0,4.0,4.0,5.0,5.0,4.0,4.0,4.0,4.0,4.0,4.0,4.0,4.0,3.0,3.0,3.0,4.0,3.0,3.0,4.0,4.0,4.0,3.0,4.0,4.0,3.0,4.0,4.0,4.0,4.0,3.0,3.0,4.0,3.0,3.0,3.0,4.0,4.0,3.0,4.0,4.0,3.0,2.0,2.0,4.0,3.0,3.0,4.0,4.0,2.0,3.0,4.0,inf,1.0,3.0,2.0,4.0,4.0,3.0,4.0,4.0,4.0,5.0,4.0,5.0,4.0,3.0,4.0,4.0,3.0,3.0,4.0,3.0,3.0,4.0,3.0,4.0,4.0,3.0,3.0,4.0,3.0,inf,5.0,2.0,6.0,2.0,4.0,0.0,4.0,4.0,4.0,4.0,4.0,4.0,4.0,4.0,4.0,4.0,4.0,4.0,4.0,4.0,4.0,4.0,4.0,3.0,4.0,5.0,5.0,5.0,5.0,5.0,5.0,5.0,5.0,4.0,4.0,4.0,4.0,3.0,3.0,4.0,4.0,5.0,5.0,6.0,6.0,5.0,6.0,6.0,5.0,5.0,4.0,4.0,4.0
URXR,4.0,3.0,3.0,3.0,4.0,3.0,4.0,3.0,4.0,3.0,4.0,3.0,4.0,2.0,4.0,3.0,2.0,3.0,3.0,2.0,3.0,3.0,3.0,4.0,4.0,4.0,2.0,3.0,4.0,5.0,4.0,5.0,4.0,4.0,inf,inf,inf,3.0,3.0,4.0,3.0,4.0,3.0,3.0,2.0,4.0,3.0,4.0,4.0,3.0,2.0,2.0,1.0,3.0,3.0,4.0,4.0,4.0,4.0,3.0,3.0,4.0,4.0,3.0,3.0,3.0,3.0,4.0,2.0,3.0,3.0,4.0,4.0,4.0,3.0,2.0,3.0,4.0,4.0,4.0,5.0,4.0,4.0,4.0,5.0,4.0,5.0,4.0,4.0,4.0,4.0,4.0,4.0,4.0,4.0,4.0,4.0,4.0,5.0,4.0,5.0,5.0,5.0,4.0,3.0,4.0,5.0,5.0,4.0,3.0,3.0,3.0,3.0,4.0,4.0,3.0,3.0,6.0,7.0,7.0,8.0,8.0,8.0,9.0,10.0,5.0,5.0,5.0,6.0,5.0,6.0,inf,6.0,4.0,1.0,5.0,5.0,4.0,4.0,9.0,8.0,8.0,7.0,9.0,9.0,10.0,9.0,7.0,9.0,7.0,8.0,4.0,4.0,4.0,3.0,4.0,3.0,4.0,4.0,4.0,3.0,3.0,4.0,4.0,4.0,4.0,4.0,4.0,4.0,4.0,5.0,3.0,4.0,4.0,4.0,4.0,3.0,4.0,3.0,3.0,2.0,4.0,3.0,3.0,3.0,3.0,4.0,4.0,4.0,4.0,4.0,3.0,1.0,4.0,4.0,2.0,3.0,3.0,4.0,3.0,3.0,5.0,6.0,5.0,3.0,4.0,3.0,4.0,4.0,4.0,4.0,3.0,4.0,5.0,4.0,4.0,4.0,4.0,inf,3.0,1.0,2.0,2.0,4.0,5.0,3.0,4.0,4.0,4.0,4.0,4.0,4.0,4.0,4.0,3.0,4.0,4.0,3.0,4.0,3.0,3.0,3.0,3.0,2.0,3.0,4.0,4.0,4.0,inf,5.0,4.0,7.0,5.0,2.0,4.0,0.0,4.0,4.0,4.0,4.0,4.0,4.0,4.0,4.0,4.0,4.0,4.0,4.0,4.0,4.0,4.0,4.0,5.0,5.0,5.0,5.0,5.0,5.0,5.0,5.0,4.0,3.0,3.0,3.0,4.0,4.0,5.0,4.0,4.0,4.0,4.0,4.0,5.0,5.0,5.0,6.0,5.0,4.0,5.0,4.0,3.0,4.0
URYDL,3.0,3.0,3.0,3.0,3.0,4.0,3.0,4.0,3.0,3.0,4.0,4.0,3.0,2.0,4.0,4.0,4.0,3.0,3.0,3.0,2.0,3.0,3.0,4.0,3.0,4.0,4.0,3.0,3.0,3.0,3.0,3.0,3.0,3.0,inf,inf,inf,2.0,3.0,4.0,4.0,3.0,4.0,3.0,3.0,4.0,4.0,4.0,5.0,4.0,3.0,4.0,4.0,1.0,2.0,3.0,3.0,2.0,2.0,2.0,3.0,3.0,3.0,3.0,3.0,3.0,2.0,2.0,2.0,3.0,3.0,3.0,3.0,4.0,4.0,4.0,4.0,4.0,2.0,3.0,3.0,3.0,4.0,3.0,3.0,4.0,3.0,4.0,2.0,2.0,2.0,2.0,2.0,2.0,2.0,2.0,2.0,3.0,4.0,4.0,4.0,4.0,4.0,3.0,3.0,4.0,5.0,4.0,4.0,3.0,3.0,3.0,3.0,3.0,3.0,3.0,3.0,5.0,6.0,6.0,7.0,7.0,7.0,8.0,9.0,4.0,4.0,4.0,5.0,4.0,5.0,inf,5.0,3.0,4.0,5.0,5.0,2.0,2.0,8.0,7.0,7.0,6.0,8.0,8.0,9.0,8.0,6.0,8.0,6.0,7.0,2.0,3.0,2.0,3.0,2.0,3.0,3.0,3.0,3.0,3.0,3.0,3.0,3.0,3.0,2.0,2.0,2.0,2.0,3.0,3.0,3.0,2.0,2.0,3.0,2.0,3.0,2.0,3.0,2.0,2.0,3.0,4.0,3.0,3.0,3.0,3.0,3.0,4.0,2.0,3.0,4.0,3.0,3.0,3.0,3.0,1.0,2.0,3.0,3.0,2.0,4.0,5.0,3.0,3.0,4.0,3.0,3.0,4.0,4.0,3.0,3.0,3.0,4.0,2.0,4.0,3.0,2.0,inf,3.0,3.0,4.0,4.0,4.0,3.0,4.0,3.0,2.0,3.0,2.0,4.0,4.0,3.0,3.0,3.0,4.0,3.0,3.0,3.0,3.0,3.0,3.0,3.0,3.0,3.0,3.0,4.0,3.0,inf,4.0,4.0,6.0,3.0,4.0,4.0,4.0,0.0,3.0,2.0,2.0,2.0,2.0,2.0,2.0,3.0,2.0,2.0,2.0,2.0,2.0,2.0,3.0,3.0,4.0,3.0,4.0,4.0,4.0,4.0,3.0,4.0,3.0,2.0,3.0,3.0,4.0,4.0,4.0,4.0,2.0,3.0,3.0,4.0,5.0,4.0,5.0,4.0,3.0,4.0,3.0,3.0,3.0
URYDR,3.0,3.0,2.0,3.0,4.0,4.0,3.0,4.0,3.0,3.0,3.0,3.0,2.0,3.0,4.0,3.0,3.0,3.0,3.0,3.0,3.0,3.0,3.0,4.0,3.0,4.0,4.0,2.0,3.0,3.0,2.0,3.0,2.0,2.0,inf,inf,inf,2.0,3.0,4.0,4.0,4.0,4.0,3.0,2.0,4.0,4.0,4.0,4.0,3.0,3.0,4.0,4.0,2.0,1.0,2.0,3.0,2.0,2.0,3.0,2.0,3.0,4.0,3.0,3.0,3.0,3.0,2.0,2.0,2.0,3.0,3.0,4.0,4.0,4.0,4.0,5.0,4.0,2.0,3.0,3.0,4.0,3.0,4.0,4.0,3.0,4.0,3.0,2.0,2.0,2.0,2.0,2.0,2.0,3.0,2.0,2.0,3.0,4.0,3.0,3.0,3.0,3.0,3.0,3.0,4.0,4.0,4.0,3.0,3.0,3.0,3.0,3.0,3.0,3.0,4.0,4.0,5.0,5.0,6.0,6.0,6.0,7.0,8.0,9.0,4.0,3.0,4.0,4.0,4.0,5.0,inf,2.0,3.0,4.0,4.0,4.0,3.0,2.0,7.0,7.0,7.0,6.0,7.0,8.0,9.0,8.0,6.0,7.0,6.0,6.0,3.0,2.0,3.0,2.0,3.0,2.0,3.0,4.0,3.0,3.0,4.0,3.0,2.0,3.0,3.0,2.0,2.0,3.0,3.0,4.0,2.0,2.0,2.0,2.0,3.0,3.0,3.0,3.0,3.0,3.0,3.0,3.0,3.0,2.0,3.0,2.0,4.0,3.0,3.0,2.0,3.0,3.0,3.0,3.0,4.0,2.0,1.0,3.0,2.0,2.0,4.0,4.0,3.0,3.0,3.0,4.0,3.0,3.0,3.0,2.0,3.0,2.0,3.0,3.0,3.0,3.0,2.0,inf,4.0,3.0,4.0,3.0,3.0,3.0,3.0,2.0,3.0,2.0,2.0,4.0,3.0,3.0,3.0,3.0,3.0,2.0,3.0,3.0,3.0,3.0,3.0,3.0,3.0,3.0,3.0,4.0,3.0,inf,1.0,3.0,6.0,4.0,3.0,4.0,4.0,3.0,0.0,2.0,3.0,2.0,3.0,2.0,2.0,2.0,3.0,2.0,2.0,2.0,2.0,2.0,2.0,3.0,3.0,3.0,3.0,3.0,3.0,3.0,3.0,3.0,3.0,3.0,3.0,3.0,3.0,4.0,3.0,3.0,2.0,3.0,3.0,4.0,5.0,4.0,5.0,5.0,4.0,3.0,2.0,3.0,3.0
URYVL,3.0,3.0,3.0,3.0,3.0,4.0,3.0,4.0,4.0,3.0,4.0,3.0,3.0,2.0,4.0,4.0,4.0,3.0,3.0,3.0,2.0,3.0,3.0,4.0,3.0,4.0,4.0,3.0,3.0,3.0,2.0,3.0,2.0,2.0,inf,inf,inf,2.0,3.0,4.0,4.0,3.0,4.0,3.0,2.0,4.0,4.0,4.0,4.0,4.0,3.0,4.0,4.0,2.0,1.0,2.0,3.0,2.0,2.0,3.0,2.0,3.0,3.0,3.0,3.0,3.0,3.0,2.0,2.0,3.0,3.0,3.0,3.0,4.0,4.0,4.0,4.0,4.0,2.0,3.0,3.0,4.0,3.0,4.0,3.0,4.0,3.0,4.0,2.0,2.0,2.0,2.0,2.0,2.0,3.0,2.0,2.0,3.0,4.0,3.0,3.0,3.0,3.0,3.0,3.0,4.0,4.0,4.0,3.0,3.0,3.0,3.0,3.0,3.0,3.0,3.0,4.0,5.0,6.0,6.0,7.0,7.0,7.0,8.0,9.0,4.0,3.0,4.0,4.0,4.0,5.0,inf,4.0,3.0,4.0,4.0,5.0,3.0,2.0,8.0,7.0,7.0,6.0,8.0,8.0,9.0,8.0,6.0,8.0,6.0,7.0,2.0,3.0,2.0,3.0,2.0,3.0,3.0,3.0,3.0,3.0,4.0,3.0,2.0,3.0,3.0,2.0,2.0,3.0,3.0,4.0,2.0,2.0,2.0,2.0,3.0,3.0,3.0,3.0,2.0,3.0,3.0,3.0,3.0,2.0,3.0,2.0,3.0,3.0,2.0,3.0,4.0,3.0,3.0,3.0,4.0,1.0,2.0,3.0,2.0,2.0,4.0,5.0,3.0,3.0,4.0,3.0,3.0,3.0,3.0,2.0,3.0,2.0,4.0,2.0,4.0,3.0,2.0,inf,4.0,3.0,4.0,4.0,3.0,3.0,3.0,2.0,3.0,2.0,2.0,4.0,3.0,3.0,3.0,3.0,4.0,2.0,3.0,3.0,3.0,3.0,3.0,3.0,3.0,3.0,3.0,4.0,3.0,inf,3.0,3.0,6.0,3.0,4.0,4.0,4.0,2.0,2.0,0.0,3.0,2.0,3.0,2.0,2.0,2.0,3.0,2.0,2.0,2.0,2.0,2.0,2.0,3.0,3.0,3.0,3.0,3.0,3.0,3.0,3.0,3.0,3.0,3.0,3.0,3.0,3.0,4.0,3.0,3.0,2.0,3.0,3.0,4.0,5.0,4.0,5.0,5.0,4.0,3.0,2.0,3.0,3.0
URYVR,3.0,3.0,4.0,3.0,4.0,4.0,3.0,4.0,3.0,4.0,4.0,4.0,3.0,3.0,4.0,4.0,5.0,4.0,4.0,3.0,4.0,4.0,3.0,4.0,3.0,5.0,4.0,3.0,3.0,3.0,3.0,3.0,3.0,3.0,inf,inf,inf,2.0,3.0,4.0,5.0,5.0,5.0,4.0,3.0,5.0,4.0,4.0,5.0,4.0,4.0,5.0,4.0,1.0,2.0,3.0,3.0,2.0,2.0,2.0,3.0,3.0,3.0,3.0,3.0,3.0,2.0,2.0,3.0,3.0,3.0,3.0,4.0,5.0,4.0,4.0,5.0,5.0,4.0,3.0,3.0,3.0,4.0,3.0,5.0,5.0,5.0,5.0,2.0,2.0,2.0,2.0,2.0,2.0,2.0,2.0,2.0,3.0,4.0,4.0,4.0,4.0,4.0,3.0,3.0,4.0,5.0,4.0,4.0,3.0,3.0,3.0,3.0,3.0,3.0,3.0,3.0,6.0,6.0,7.0,7.0,7.0,8.0,9.0,10.0,4.0,4.0,5.0,5.0,5.0,6.0,inf,5.0,4.0,4.0,5.0,6.0,2.0,2.0,8.0,8.0,8.0,7.0,8.0,9.0,10.0,9.0,7.0,8.0,7.0,7.0,4.0,5.0,4.0,4.0,4.0,5.0,3.0,3.0,3.0,3.0,3.0,3.0,3.0,3.0,2.0,2.0,2.0,2.0,3.0,3.0,3.0,2.0,2.0,3.0,2.0,4.0,2.0,3.0,2.0,2.0,3.0,4.0,3.0,3.0,3.0,3.0,5.0,4.0,4.0,4.0,4.0,4.0,3.0,3.0,3.0,3.0,4.0,4.0,3.0,2.0,5.0,5.0,4.0,3.0,4.0,4.0,4.0,4.0,4.0,3.0,4.0,3.0,4.0,4.0,4.0,3.0,4.0,inf,3.0,3.0,4.0,4.0,4.0,5.0,4.0,3.0,2.0,3.0,2.0,4.0,4.0,3.0,3.0,4.0,4.0,3.0,3.0,3.0,3.0,4.0,4.0,4.0,4.0,4.0,4.0,4.0,3.0,inf,4.0,4.0,7.0,4.0,5.0,4.0,4.0,2.0,3.0,3.0,0.0,2.0,2.0,2.0,2.0,3.0,2.0,2.0,2.0,2.0,2.0,2.0,3.0,3.0,4.0,3.0,4.0,4.0,4.0,4.0,3.0,4.0,3.0,2.0,3.0,4.0,4.0,4.0,4.0,4.0,4.0,3.0,3.0,4.0,5.0,4.0,5.0,4.0,3.0,4.0,3.0,3.0,3.0
VA01,3.0,3.0,3.0,3.0,4.0,4.0,3.0,4.0,3.0,3.0,4.0,3.0,3.0,3.0,4.0,4.0,4.0,4.0,3.0,3.0,4.0,3.0,3.0,4.0,3.0,4.0,4.0,3.0,3.0,2.0,2.0,3.0,2.0,2.0,inf,inf,inf,2.0,3.0,4.0,4.0,4.0,4.0,3.0,2.0,5.0,4.0,4.0,4.0,4.0,3.0,4.0,4.0,1.0,1.0,2.0,3.0,2.0,2.0,2.0,2.0,3.0,3.0,3.0,3.0,3.0,2.0,2.0,3.0,3.0,3.0,3.0,4.0,4.0,4.0,4.0,5.0,4.0,4.0,3.0,3.0,3.0,3.0,3.0,5.0,4.0,4.0,5.0,2.0,1.0,2.0,2.0,2.0,2.0,2.0,2.0,2.0,3.0,4.0,3.0,3.0,3.0,3.0,3.0,3.0,4.0,4.0,4.0,3.0,3.0,3.0,3.0,3.0,3.0,2.0,3.0,3.0,5.0,6.0,6.0,7.0,7.0,7.0,8.0,9.0,4.0,3.0,5.0,4.0,4.0,5.0,inf,4.0,4.0,4.0,4.0,6.0,2.0,2.0,8.0,7.0,7.0,6.0,8.0,8.0,9.0,8.0,6.0,8.0,6.0,7.0,4.0,4.0,4.0,3.0,4.0,4.0,3.0,3.0,3.0,3.0,3.0,3.0,2.0,3.0,2.0,2.0,2.0,2.0,3.0,3.0,2.0,2.0,2.0,2.0,2.0,4.0,2.0,3.0,2.0,2.0,3.0,3.0,3.0,2.0,3.0,2.0,4.0,3.0,3.0,3.0,4.0,3.0,3.0,3.0,3.0,3.0,3.0,4.0,2.0,2.0,4.0,5.0,4.0,3.0,4.0,4.0,3.0,3.0,3.0,2.0,3.0,2.0,4.0,4.0,4.0,3.0,3.0,inf,3.0,3.0,4.0,4.0,3.0,4.0,3.0,2.0,2.0,2.0,2.0,4.0,3.0,3.0,3.0,3.0,4.0,2.0,3.0,3.0,3.0,3.0,4.0,3.0,4.0,3.0,3.0,4.0,3.0,inf,3.0,3.0,6.0,4.0,4.0,4.0,4.0,2.0,2.0,2.0,2.0,0.0,2.0,2.0,2.0,2.0,2.0,2.0,2.0,2.0,2.0,2.0,2.0,3.0,3.0,3.0,3.0,3.0,3.0,3.0,3.0,3.0,3.0,2.0,3.0,3.0,3.0,4.0,3.0,3.0,4.0,3.0,3.0,4.0,5.0,4.0,5.0,4.0,3.0,3.0,2.0,3.0,3.0
VA02,3.0,3.0,4.0,3.0,4.0,4.0,3.0,4.0,3.0,4.0,4.0,4.0,3.0,3.0,4.0,4.0,5.0,4.0,4.0,3.0,4.0,4.0,3.0,4.0,3.0,4.0,4.0,3.0,3.0,3.0,3.0,2.0,3.0,3.0,inf,inf,inf,2.0,3.0,4.0,5.0,4.0,5.0,4.0,3.0,5.0,4.0,4.0,5.0,4.0,4.0,5.0,4.0,1.0,2.0,3.0,3.0,2.0,2.0,2.0,3.0,3.0,3.0,3.0,3.0,3.0,2.0,2.0,3.0,3.0,3.0,3.0,4.0,5.0,4.0,4.0,5.0,5.0,4.0,3.0,3.0,3.0,3.0,3.0,5.0,5.0,5.0,5.0,2.0,2.0,1.0,2.0,2.0,2.0,2.0,2.0,2.0,3.0,3.0,4.0,4.0,4.0,4.0,3.0,2.0,3.0,4.0,4.0,4.0,3.0,3.0,3.0,3.0,3.0,2.0,3.0,3.0,6.0,6.0,7.0,7.0,7.0,8.0,9.0,10.0,4.0,4.0,5.0,5.0,5.0,6.0,inf,5.0,4.0,4.0,5.0,6.0,2.0,2.0,8.0,8.0,8.0,7.0,8.0,9.0,10.0,9.0,7.0,8.0,7.0,7.0,4.0,4.0,4.0,4.0,4.0,4.0,3.0,3.0,3.0,3.0,3.0,2.0,3.0,3.0,2.0,2.0,2.0,2.0,3.0,1.0,3.0,2.0,2.0,2.0,2.0,4.0,2.0,3.0,2.0,2.0,3.0,4.0,3.0,3.0,3.0,3.0,4.0,4.0,4.0,4.0,4.0,4.0,3.0,3.0,3.0,3.0,3.0,4.0,3.0,2.0,5.0,5.0,4.0,3.0,4.0,4.0,4.0,4.0,4.0,3.0,4.0,3.0,4.0,4.0,4.0,3.0,4.0,inf,3.0,3.0,4.0,4.0,4.0,5.0,4.0,3.0,1.0,3.0,2.0,4.0,4.0,3.0,3.0,4.0,4.0,3.0,3.0,3.0,3.0,4.0,4.0,4.0,4.0,4.0,3.0,3.0,3.0,inf,4.0,4.0,7.0,4.0,5.0,4.0,4.0,2.0,3.0,3.0,2.0,2.0,0.0,2.0,2.0,3.0,1.0,2.0,2.0,2.0,2.0,2.0,3.0,2.0,3.0,3.0,4.0,4.0,4.0,4.0,3.0,4.0,3.0,2.0,3.0,3.0,4.0,4.0,4.0,4.0,2.0,1.0,2.0,3.0,4.0,4.0,5.0,4.0,3.0,4.0,3.0,3.0,3.0
VA03,3.0,3.0,3.0,3.0,4.0,4.0,3.0,4.0,3.0,3.0,4.0,3.0,3.0,3.0,4.0,4.0,4.0,4.0,3.0,3.0,4.0,3.0,3.0,4.0,3.0,4.0,4.0,3.0,1.0,1.0,2.0,3.0,2.0,2.0,inf,inf,inf,2.0,3.0,4.0,4.0,4.0,4.0,3.0,2.0,5.0,4.0,4.0,4.0,4.0,3.0,4.0,4.0,1.0,1.0,2.0,3.0,2.0,2.0,2.0,2.0,3.0,3.0,3.0,3.0,3.0,2.0,2.0,3.0,3.0,3.0,3.0,4.0,4.0,4.0,4.0,5.0,4.0,4.0,3.0,3.0,3.0,3.0,3.0,5.0,4.0,4.0,5.0,2.0,2.0,2.0,1.0,2.0,2.0,2.0,2.0,2.0,3.0,3.0,3.0,3.0,3.0,3.0,3.0,2.0,2.0,3.0,4.0,3.0,3.0,3.0,3.0,3.0,3.0,2.0,3.0,3.0,5.0,6.0,6.0,7.0,7.0,7.0,8.0,9.0,4.0,3.0,5.0,4.0,4.0,5.0,inf,4.0,4.0,4.0,4.0,6.0,2.0,2.0,8.0,7.0,7.0,6.0,8.0,8.0,9.0,8.0,6.0,8.0,6.0,7.0,4.0,4.0,4.0,3.0,4.0,4.0,3.0,3.0,3.0,3.0,3.0,3.0,2.0,3.0,2.0,2.0,2.0,2.0,3.0,3.0,2.0,2.0,2.0,2.0,2.0,4.0,2.0,3.0,2.0,2.0,3.0,3.0,3.0,2.0,3.0,2.0,4.0,3.0,3.0,3.0,4.0,3.0,3.0,3.0,3.0,3.0,3.0,4.0,2.0,2.0,4.0,5.0,4.0,3.0,4.0,4.0,3.0,3.0,3.0,2.0,3.0,2.0,4.0,4.0,4.0,3.0,3.0,inf,3.0,3.0,4.0,4.0,3.0,4.0,3.0,2.0,1.0,2.0,2.0,4.0,3.0,3.0,3.0,3.0,4.0,2.0,3.0,3.0,3.0,3.0,4.0,3.0,4.0,3.0,3.0,3.0,3.0,inf,3.0,3.0,6.0,4.0,4.0,4.0,4.0,2.0,2.0,2.0,2.0,2.0,2.0,0.0,2.0,2.0,2.0,2.0,2.0,2.0,2.0,2.0,2.0,2.0,3.0,3.0,3.0,3.0,3.0,3.0,3.0,3.0,3.0,2.0,3.0,3.0,3.0,4.0,3.0,3.0,3.0,2.0,1.0,2.0,3.0,4.0,4.0,4.0,3.0,3.0,2.0,3.0,3.0
VA04,3.0,3.0,3.0,3.0,4.0,4.0,3.0,4.0,3.0,3.0,4.0,3.0,3.0,3.0,4.0,4.0,4.0,4.0,3.0,3.0,4.0,3.0,3.0,4.0,3.0,4.0,4.0,3.0,3.0,1.0,2.0,3.0,2.0,2.0,inf,inf,inf,2.0,3.0,4.0,4.0,4.0,4.0,3.0,2.0,5.0,4.0,4.0,4.0,4.0,3.0,4.0,4.0,1.0,1.0,2.0,2.0,2.0,2.0,2.0,2.0,3.0,3.0,3.0,3.0,3.0,2.0,2.0,3.0,3.0,3.0,3.0,4.0,4.0,4.0,4.0,5.0,4.0,4.0,3.0,3.0,3.0,3.0,3.0,5.0,4.0,4.0,5.0,2.0,2.0,2.0,2.0,2.0,2.0,2.0,2.0,2.0,2.0,3.0,3.0,3.0,3.0,3.0,3.0,3.0,4.0,4.0,4.0,3.0,3.0,3.0,3.0,3.0,3.0,3.0,3.0,3.0,5.0,6.0,6.0,7.0,7.0,7.0,8.0,9.0,4.0,3.0,5.0,4.0,4.0,5.0,inf,4.0,4.0,4.0,4.0,6.0,2.0,2.0,8.0,7.0,7.0,6.0,8.0,8.0,9.0,8.0,6.0,8.0,6.0,7.0,4.0,4.0,4.0,3.0,4.0,4.0,3.0,3.0,3.0,3.0,3.0,3.0,2.0,3.0,2.0,2.0,2.0,2.0,3.0,3.0,2.0,2.0,2.0,2.0,2.0,4.0,2.0,3.0,2.0,2.0,3.0,3.0,3.0,2.0,3.0,2.0,4.0,3.0,3.0,3.0,4.0,3.0,3.0,3.0,3.0,3.0,3.0,4.0,2.0,2.0,4.0,5.0,4.0,3.0,4.0,4.0,3.0,3.0,3.0,2.0,3.0,2.0,4.0,4.0,4.0,3.0,3.0,inf,3.0,3.0,4.0,4.0,3.0,4.0,3.0,2.0,2.0,2.0,2.0,4.0,3.0,3.0,3.0,3.0,4.0,2.0,3.0,3.0,3.0,3.0,4.0,3.0,4.0,3.0,3.0,4.0,3.0,inf,3.0,3.0,6.0,4.0,4.0,4.0,4.0,2.0,2.0,2.0,2.0,2.0,2.0,2.0,0.0,2.0,2.0,1.0,2.0,2.0,2.0,2.0,2.0,3.0,2.0,1.0,2.0,3.0,3.0,3.0,3.0,3.0,3.0,2.0,3.0,3.0,3.0,4.0,3.0,3.0,4.0,3.0,3.0,4.0,5.0,4.0,5.0,4.0,3.0,3.0,2.0,3.0,3.0
VA05,3.0,3.0,3.0,3.0,4.0,4.0,3.0,4.0,3.0,3.0,4.0,3.0,3.0,3.0,4.0,4.0,4.0,4.0,3.0,3.0,4.0,3.0,3.0,4.0,3.0,4.0,4.0,3.0,1.0,2.0,2.0,3.0,2.0,2.0,inf,inf,inf,2.0,3.0,4.0,4.0,4.0,4.0,3.0,2.0,5.0,4.0,4.0,4.0,4.0,3.0,4.0,4.0,2.0,1.0,2.0,3.0,2.0,2.0,2.0,2.0,3.0,4.0,3.0,3.0,3.0,3.0,2.0,3.0,3.0,3.0,3.0,4.0,4.0,4.0,4.0,5.0,4.0,4.0,3.0,3.0,4.0,3.0,4.0,5.0,4.0,4.0,5.0,2.0,1.0,2.0,2.0,2.0,2.0,3.0,2.0,2.0,3.0,4.0,3.0,3.0,3.0,3.0,3.0,3.0,4.0,4.0,4.0,3.0,3.0,3.0,3.0,3.0,3.0,2.0,4.0,4.0,5.0,6.0,6.0,7.0,7.0,7.0,8.0,9.0,4.0,3.0,5.0,4.0,4.0,5.0,inf,4.0,4.0,4.0,4.0,6.0,3.0,2.0,8.0,7.0,7.0,6.0,8.0,8.0,9.0,8.0,6.0,8.0,6.0,7.0,4.0,4.0,4.0,3.0,4.0,4.0,3.0,4.0,3.0,3.0,4.0,3.0,2.0,3.0,3.0,2.0,2.0,3.0,3.0,4.0,2.0,2.0,2.0,2.0,3.0,4.0,3.0,3.0,3.0,3.0,3.0,3.0,3.0,2.0,3.0,2.0,4.0,3.0,3.0,3.0,4.0,3.0,3.0,3.0,4.0,3.0,3.0,4.0,2.0,2.0,4.0,5.0,4.0,3.0,4.0,4.0,3.0,3.0,3.0,2.0,3.0,2.0,4.0,4.0,4.0,3.0,3.0,inf,3.0,3.0,4.0,4.0,3.0,4.0,3.0,2.0,3.0,2.0,2.0,4.0,3.0,3.0,3.0,3.0,4.0,2.0,3.0,3.0,3.0,3.0,4.0,3.0,4.0,3.0,3.0,4.0,3.0,inf,3.0,3.0,6.0,4.0,4.0,4.0,4.0,3.0,2.0,2.0,3.0,2.0,3.0,2.0,2.0,0.0,3.0,2.0,2.0,2.0,2.0,2.0,2.0,3.0,3.0,3.0,3.0,3.0,3.0,3.0,3.0,3.0,3.0,3.0,4.0,3.0,3.0,4.0,3.0,3.0,4.0,4.0,3.0,4.0,5.0,4.0,5.0,5.0,4.0,3.0,2.0,3.0,3.0
VA06,3.0,3.0,4.0,3.0,4.0,4.0,3.0,4.0,3.0,4.0,4.0,4.0,3.0,3.0,4.0,4.0,5.0,4.0,4.0,3.0,4.0,4.0,3.0,4.0,3.0,5.0,4.0,3.0,3.0,3.0,3.0,2.0,3.0,3.0,inf,inf,inf,2.0,3.0,4.0,5.0,5.0,5.0,4.0,3.0,5.0,4.0,4.0,5.0,4.0,4.0,5.0,4.0,1.0,2.0,3.0,3.0,2.0,2.0,2.0,3.0,3.0,3.0,3.0,3.0,3.0,2.0,2.0,3.0,3.0,3.0,3.0,4.0,5.0,4.0,4.0,5.0,5.0,4.0,3.0,3.0,3.0,3.0,3.0,5.0,5.0,5.0,5.0,2.0,2.0,1.0,2.0,2.0,2.0,2.0,2.0,2.0,3.0,4.0,4.0,4.0,4.0,4.0,3.0,3.0,4.0,5.0,4.0,4.0,3.0,3.0,3.0,3.0,3.0,2.0,3.0,3.0,6.0,6.0,7.0,7.0,7.0,8.0,9.0,10.0,4.0,4.0,5.0,5.0,5.0,6.0,inf,5.0,4.0,4.0,5.0,6.0,2.0,2.0,8.0,8.0,8.0,7.0,8.0,9.0,10.0,9.0,7.0,8.0,7.0,7.0,4.0,5.0,4.0,4.0,4.0,5.0,3.0,3.0,3.0,3.0,3.0,3.0,3.0,3.0,2.0,2.0,2.0,2.0,3.0,2.0,3.0,2.0,2.0,2.0,2.0,4.0,2.0,3.0,2.0,2.0,3.0,4.0,3.0,3.0,3.0,3.0,5.0,4.0,4.0,4.0,4.0,4.0,3.0,3.0,3.0,3.0,4.0,4.0,3.0,2.0,5.0,5.0,4.0,3.0,4.0,4.0,4.0,4.0,4.0,3.0,4.0,3.0,4.0,4.0,4.0,3.0,4.0,inf,3.0,3.0,4.0,4.0,4.0,5.0,4.0,3.0,2.0,3.0,2.0,4.0,4.0,3.0,3.0,4.0,4.0,3.0,3.0,3.0,3.0,4.0,4.0,4.0,4.0,4.0,4.0,4.0,3.0,inf,4.0,4.0,7.0,4.0,5.0,4.0,4.0,2.0,3.0,3.0,2.0,2.0,1.0,2.0,2.0,3.0,0.0,2.0,2.0,2.0,2.0,2.0,3.0,3.0,4.0,3.0,4.0,4.0,4.0,4.0,3.0,4.0,3.0,2.0,3.0,4.0,4.0,4.0,4.0,4.0,3.0,2.0,3.0,4.0,5.0,4.0,5.0,4.0,3.0,4.0,3.0,3.0,3.0
VA07,3.0,3.0,3.0,3.0,4.0,4.0,3.0,4.0,3.0,3.0,4.0,3.0,3.0,3.0,4.0,4.0,4.0,4.0,3.0,3.0,4.0,3.0,3.0,4.0,3.0,4.0,4.0,3.0,3.0,2.0,2.0,3.0,2.0,2.0,inf,inf,inf,2.0,3.0,4.0,4.0,4.0,4.0,3.0,2.0,5.0,4.0,4.0,4.0,4.0,3.0,4.0,4.0,1.0,1.0,2.0,3.0,2.0,2.0,2.0,2.0,3.0,3.0,3.0,3.0,3.0,2.0,2.0,3.0,3.0,3.0,3.0,4.0,4.0,4.0,4.0,5.0,4.0,4.0,3.0,3.0,3.0,3.0,3.0,5.0,4.0,4.0,5.0,2.0,2.0,2.0,2.0,2.0,2.0,2.0,2.0,2.0,3.0,4.0,3.0,3.0,3.0,3.0,3.0,3.0,4.0,4.0,4.0,3.0,3.0,3.0,3.0,3.0,3.0,3.0,3.0,3.0,5.0,6.0,6.0,7.0,7.0,7.0,8.0,9.0,4.0,3.0,5.0,4.0,4.0,5.0,inf,4.0,4.0,4.0,4.0,6.0,2.0,2.0,8.0,7.0,7.0,6.0,8.0,8.0,9.0,8.0,6.0,8.0,6.0,7.0,4.0,4.0,4.0,3.0,4.0,4.0,3.0,3.0,3.0,3.0,3.0,3.0,2.0,3.0,2.0,2.0,2.0,2.0,3.0,3.0,2.0,2.0,2.0,2.0,2.0,4.0,2.0,3.0,2.0,2.0,3.0,3.0,3.0,2.0,3.0,2.0,4.0,3.0,3.0,3.0,4.0,3.0,3.0,3.0,3.0,3.0,3.0,4.0,2.0,2.0,4.0,5.0,4.0,3.0,4.0,4.0,3.0,3.0,3.0,2.0,3.0,2.0,4.0,4.0,4.0,3.0,3.0,inf,3.0,3.0,4.0,4.0,3.0,4.0,3.0,2.0,2.0,2.0,2.0,4.0,3.0,3.0,3.0,3.0,4.0,2.0,3.0,3.0,3.0,3.0,4.0,3.0,4.0,3.0,3.0,4.0,3.0,inf,3.0,3.0,6.0,4.0,4.0,4.0,4.0,2.0,2.0,2.0,2.0,2.0,2.0,2.0,1.0,2.0,2.0,0.0,2.0,2.0,2.0,2.0,2.0,3.0,3.0,2.0,3.0,3.0,3.0,3.0,3.0,3.0,3.0,2.0,3.0,3.0,3.0,4.0,3.0,3.0,4.0,3.0,3.0,4.0,5.0,4.0,5.0,4.0,3.0,3.0,2.0,3.0,3.0
VA08,3.0,3.0,3.0,3.0,4.0,4.0,3.0,4.0,3.0,3.0,4.0,3.0,3.0,3.0,4.0,4.0,4.0,4.0,3.0,3.0,4.0,3.0,3.0,4.0,3.0,4.0,4.0,3.0,3.0,3.0,2.0,3.0,2.0,2.0,inf,inf,inf,2.0,3.0,4.0,4.0,4.0,4.0,3.0,2.0,5.0,4.0,4.0,4.0,4.0,3.0,4.0,4.0,1.0,1.0,2.0,3.0,2.0,2.0,2.0,2.0,3.0,3.0,3.0,3.0,3.0,2.0,2.0,3.0,3.0,3.0,3.0,4.0,4.0,4.0,4.0,5.0,4.0,4.0,3.0,3.0,3.0,3.0,3.0,5.0,4.0,4.0,5.0,2.0,2.0,2.0,2.0,2.0,2.0,2.0,2.0,2.0,3.0,4.0,3.0,3.0,3.0,3.0,3.0,3.0,4.0,4.0,4.0,3.0,3.0,3.0,3.0,3.0,3.0,3.0,3.0,3.0,5.0,6.0,6.0,7.0,7.0,7.0,8.0,9.0,4.0,3.0,5.0,4.0,4.0,5.0,inf,4.0,4.0,4.0,4.0,6.0,2.0,2.0,8.0,7.0,7.0,6.0,8.0,8.0,9.0,8.0,6.0,8.0,6.0,7.0,4.0,4.0,4.0,3.0,4.0,4.0,3.0,3.0,3.0,3.0,3.0,3.0,2.0,3.0,2.0,2.0,2.0,2.0,3.0,3.0,2.0,2.0,2.0,2.0,2.0,4.0,2.0,3.0,2.0,2.0,3.0,3.0,3.0,2.0,3.0,2.0,4.0,3.0,3.0,3.0,4.0,3.0,3.0,3.0,3.0,3.0,3.0,4.0,2.0,2.0,4.0,5.0,4.0,3.0,4.0,4.0,3.0,3.0,3.0,2.0,3.0,2.0,4.0,4.0,4.0,3.0,3.0,inf,3.0,3.0,4.0,4.0,3.0,4.0,3.0,2.0,2.0,2.0,2.0,4.0,3.0,3.0,3.0,3.0,4.0,2.0,3.0,3.0,3.0,3.0,4.0,3.0,4.0,3.0,3.0,4.0,3.0,inf,3.0,3.0,6.0,4.0,4.0,4.0,4.0,2.0,2.0,2.0,2.0,2.0,2.0,2.0,2.0,2.0,2.0,2.0,0.0,2.0,2.0,2.0,2.0,3.0,3.0,3.0,3.0,3.0,3.0,3.0,3.0,3.0,3.0,2.0,3.0,3.0,3.0,4.0,3.0,3.0,4.0,3.0,3.0,4.0,5.0,4.0,5.0,4.0,3.0,3.0,2.0,3.0,3.0
VA09,3.0,3.0,3.0,3.0,4.0,4.0,3.0,4.0,3.0,3.0,4.0,3.0,3.0,3.0,3.0,4.0,4.0,4.0,3.0,3.0,4.0,3.0,3.0,3.0,3.0,4.0,3.0,3.0,3.0,3.0,2.0,3.0,2.0,2.0,inf,inf,inf,2.0,3.0,4.0,4.0,4.0,4.0,3.0,2.0,5.0,4.0,4.0,4.0,4.0,3.0,4.0,4.0,1.0,1.0,2.0,2.0,2.0,2.0,2.0,2.0,3.0,3.0,3.0,3.0,3.0,2.0,2.0,3.0,3.0,3.0,3.0,4.0,4.0,4.0,4.0,5.0,4.0,4.0,3.0,3.0,3.0,3.0,3.0,5.0,4.0,4.0,5.0,2.0,2.0,2.0,2.0,2.0,2.0,2.0,2.0,2.0,3.0,3.0,3.0,3.0,3.0,3.0,2.0,3.0,4.0,4.0,4.0,3.0,3.0,2.0,3.0,3.0,3.0,3.0,3.0,3.0,5.0,6.0,6.0,7.0,7.0,7.0,8.0,9.0,4.0,3.0,5.0,4.0,4.0,5.0,inf,4.0,4.0,4.0,4.0,6.0,2.0,2.0,8.0,7.0,7.0,6.0,8.0,8.0,9.0,8.0,6.0,8.0,6.0,7.0,4.0,4.0,4.0,3.0,4.0,4.0,3.0,3.0,3.0,2.0,3.0,3.0,2.0,3.0,2.0,2.0,2.0,2.0,3.0,3.0,2.0,2.0,1.0,2.0,2.0,3.0,2.0,3.0,2.0,2.0,3.0,3.0,2.0,2.0,2.0,2.0,4.0,3.0,3.0,3.0,4.0,3.0,3.0,3.0,3.0,3.0,3.0,4.0,2.0,2.0,4.0,5.0,4.0,3.0,3.0,4.0,3.0,3.0,3.0,2.0,3.0,2.0,4.0,4.0,4.0,3.0,3.0,inf,3.0,3.0,3.0,4.0,3.0,4.0,3.0,2.0,2.0,2.0,2.0,3.0,3.0,3.0,3.0,3.0,3.0,2.0,2.0,2.0,2.0,3.0,4.0,3.0,3.0,3.0,3.0,4.0,3.0,inf,3.0,3.0,6.0,4.0,4.0,4.0,4.0,2.0,2.0,2.0,2.0,2.0,2.0,2.0,2.0,2.0,2.0,2.0,2.0,0.0,2.0,2.0,2.0,3.0,3.0,3.0,3.0,3.0,3.0,2.0,1.0,2.0,2.0,2.0,3.0,3.0,3.0,4.0,3.0,3.0,4.0,3.0,3.0,4.0,5.0,4.0,5.0,4.0,3.0,3.0,2.0,3.0,3.0
VA10,3.0,2.0,3.0,3.0,4.0,3.0,3.0,4.0,3.0,3.0,4.0,3.0,3.0,3.0,4.0,4.0,4.0,4.0,3.0,3.0,4.0,3.0,2.0,3.0,3.0,4.0,3.0,3.0,3.0,3.0,2.0,3.0,2.0,2.0,inf,inf,inf,2.0,2.0,4.0,4.0,4.0,4.0,3.0,2.0,5.0,4.0,3.0,4.0,3.0,3.0,4.0,4.0,1.0,1.0,2.0,2.0,1.0,2.0,2.0,2.0,3.0,3.0,2.0,2.0,2.0,2.0,2.0,3.0,3.0,3.0,2.0,4.0,4.0,4.0,4.0,5.0,4.0,4.0,3.0,3.0,3.0,2.0,3.0,5.0,4.0,4.0,5.0,2.0,2.0,2.0,2.0,2.0,2.0,2.0,1.0,2.0,2.0,3.0,3.0,3.0,3.0,2.0,1.0,3.0,4.0,4.0,4.0,3.0,2.0,2.0,2.0,3.0,2.0,2.0,3.0,3.0,5.0,6.0,6.0,7.0,7.0,7.0,8.0,9.0,4.0,3.0,5.0,4.0,4.0,5.0,inf,4.0,4.0,4.0,4.0,6.0,2.0,2.0,8.0,7.0,7.0,6.0,8.0,8.0,9.0,8.0,6.0,8.0,6.0,7.0,4.0,4.0,4.0,3.0,4.0,4.0,2.0,2.0,3.0,3.0,3.0,3.0,2.0,3.0,2.0,2.0,2.0,2.0,3.0,3.0,2.0,2.0,2.0,1.0,2.0,3.0,2.0,2.0,2.0,2.0,2.0,3.0,2.0,2.0,3.0,2.0,4.0,3.0,3.0,3.0,4.0,3.0,3.0,2.0,3.0,3.0,3.0,3.0,2.0,2.0,4.0,5.0,4.0,3.0,4.0,4.0,3.0,3.0,3.0,2.0,3.0,2.0,4.0,4.0,4.0,3.0,3.0,inf,3.0,3.0,4.0,4.0,3.0,4.0,3.0,2.0,2.0,2.0,2.0,3.0,3.0,3.0,3.0,3.0,3.0,2.0,3.0,3.0,3.0,3.0,4.0,3.0,4.0,3.0,3.0,4.0,3.0,inf,3.0,3.0,6.0,4.0,4.0,4.0,4.0,2.0,2.0,2.0,2.0,2.0,2.0,2.0,2.0,2.0,2.0,2.0,2.0,2.0,0.0,2.0,2.0,3.0,3.0,3.0,3.0,3.0,3.0,3.0,3.0,3.0,3.0,2.0,3.0,3.0,3.0,4.0,3.0,3.0,3.0,3.0,3.0,4.0,5.0,4.0,5.0,4.0,3.0,3.0,2.0,3.0,3.0
VA11,3.0,3.0,3.0,3.0,4.0,4.0,3.0,4.0,3.0,3.0,4.0,3.0,3.0,3.0,3.0,4.0,4.0,4.0,3.0,3.0,4.0,3.0,3.0,3.0,3.0,4.0,3.0,3.0,3.0,3.0,2.0,3.0,2.0,2.0,inf,inf,inf,2.0,2.0,4.0,4.0,4.0,4.0,3.0,2.0,5.0,4.0,4.0,4.0,4.0,3.0,4.0,4.0,1.0,1.0,2.0,2.0,2.0,2.0,2.0,2.0,3.0,3.0,3.0,3.0,3.0,2.0,2.0,2.0,3.0,2.0,3.0,4.0,4.0,4.0,4.0,5.0,4.0,4.0,3.0,3.0,3.0,3.0,3.0,5.0,4.0,4.0,5.0,2.0,2.0,2.0,2.0,2.0,2.0,2.0,2.0,1.0,2.0,3.0,3.0,3.0,3.0,3.0,2.0,3.0,4.0,4.0,4.0,3.0,2.0,1.0,3.0,2.0,3.0,3.0,3.0,3.0,5.0,6.0,6.0,7.0,7.0,7.0,8.0,9.0,4.0,3.0,5.0,4.0,4.0,5.0,inf,4.0,4.0,4.0,4.0,6.0,2.0,2.0,8.0,7.0,7.0,6.0,8.0,8.0,9.0,8.0,6.0,8.0,6.0,7.0,4.0,4.0,4.0,3.0,4.0,4.0,2.0,3.0,2.0,2.0,3.0,3.0,2.0,3.0,2.0,2.0,2.0,2.0,3.0,3.0,2.0,2.0,1.0,2.0,2.0,2.0,2.0,3.0,2.0,2.0,3.0,3.0,2.0,2.0,2.0,2.0,4.0,3.0,3.0,3.0,4.0,3.0,2.0,3.0,3.0,3.0,3.0,4.0,2.0,2.0,4.0,5.0,4.0,3.0,3.0,3.0,3.0,3.0,3.0,2.0,3.0,2.0,4.0,4.0,4.0,3.0,3.0,inf,3.0,3.0,3.0,4.0,3.0,4.0,3.0,2.0,2.0,2.0,2.0,2.0,2.0,3.0,2.0,3.0,2.0,2.0,2.0,2.0,2.0,3.0,3.0,3.0,3.0,3.0,3.0,4.0,3.0,inf,3.0,3.0,6.0,4.0,4.0,4.0,4.0,2.0,2.0,2.0,2.0,2.0,2.0,2.0,2.0,2.0,2.0,2.0,2.0,2.0,2.0,0.0,1.0,3.0,3.0,3.0,3.0,3.0,3.0,3.0,3.0,2.0,1.0,2.0,3.0,3.0,3.0,4.0,3.0,3.0,3.0,3.0,3.0,4.0,4.0,3.0,4.0,4.0,3.0,3.0,2.0,2.0,2.0
VA12,3.0,3.0,3.0,3.0,4.0,4.0,3.0,4.0,4.0,3.0,4.0,3.0,3.0,2.0,3.0,3.0,4.0,4.0,3.0,3.0,3.0,3.0,3.0,3.0,3.0,4.0,3.0,2.0,3.0,3.0,2.0,3.0,2.0,2.0,inf,inf,inf,1.0,2.0,4.0,4.0,4.0,4.0,3.0,2.0,5.0,4.0,3.0,4.0,3.0,3.0,4.0,4.0,2.0,1.0,2.0,2.0,2.0,2.0,3.0,2.0,2.0,2.0,2.0,2.0,2.0,2.0,2.0,2.0,2.0,2.0,3.0,4.0,4.0,4.0,4.0,5.0,4.0,3.0,4.0,3.0,3.0,3.0,3.0,4.0,4.0,4.0,4.0,2.0,2.0,2.0,2.0,2.0,2.0,2.0,1.0,1.0,3.0,3.0,3.0,3.0,3.0,3.0,2.0,3.0,4.0,4.0,3.0,2.0,1.0,2.0,2.0,2.0,3.0,3.0,2.0,3.0,5.0,6.0,6.0,7.0,7.0,7.0,8.0,9.0,4.0,3.0,5.0,4.0,4.0,5.0,inf,4.0,4.0,4.0,4.0,5.0,2.0,2.0,8.0,7.0,7.0,6.0,8.0,8.0,9.0,8.0,6.0,8.0,6.0,7.0,3.0,4.0,3.0,3.0,3.0,4.0,2.0,2.0,2.0,2.0,2.0,2.0,2.0,2.0,1.0,2.0,2.0,2.0,2.0,3.0,2.0,1.0,1.0,2.0,2.0,3.0,2.0,2.0,1.0,2.0,2.0,3.0,2.0,2.0,2.0,2.0,4.0,3.0,3.0,3.0,3.0,3.0,2.0,3.0,3.0,2.0,3.0,4.0,2.0,2.0,4.0,5.0,4.0,3.0,3.0,3.0,3.0,3.0,3.0,2.0,3.0,2.0,4.0,3.0,4.0,3.0,3.0,inf,3.0,3.0,3.0,4.0,3.0,4.0,3.0,2.0,3.0,2.0,2.0,3.0,3.0,3.0,3.0,3.0,3.0,2.0,2.0,2.0,2.0,3.0,3.0,3.0,3.0,3.0,3.0,4.0,3.0,inf,3.0,3.0,6.0,4.0,4.0,4.0,4.0,3.0,2.0,2.0,3.0,2.0,3.0,2.0,2.0,2.0,3.0,2.0,2.0,2.0,2.0,1.0,0.0,3.0,3.0,3.0,3.0,3.0,3.0,3.0,3.0,3.0,2.0,1.0,3.0,3.0,3.0,3.0,3.0,3.0,3.0,4.0,3.0,4.0,4.0,3.0,4.0,4.0,3.0,3.0,2.0,1.0,1.0
VB01,3.0,4.0,3.0,4.0,3.0,4.0,3.0,4.0,4.0,3.0,4.0,4.0,3.0,3.0,4.0,4.0,4.0,3.0,4.0,4.0,4.0,4.0,3.0,3.0,3.0,2.0,3.0,2.0,3.0,3.0,3.0,4.0,3.0,2.0,inf,inf,inf,3.0,3.0,4.0,4.0,3.0,5.0,3.0,3.0,4.0,5.0,3.0,4.0,3.0,3.0,3.0,4.0,2.0,2.0,1.0,2.0,3.0,3.0,3.0,3.0,2.0,1.0,3.0,2.0,2.0,3.0,3.0,3.0,3.0,3.0,4.0,4.0,5.0,3.0,4.0,4.0,4.0,4.0,4.0,4.0,4.0,4.0,4.0,4.0,4.0,4.0,4.0,3.0,3.0,3.0,3.0,3.0,3.0,3.0,3.0,3.0,2.0,1.0,2.0,2.0,2.0,2.0,2.0,4.0,4.0,3.0,4.0,4.0,3.0,2.0,3.0,3.0,4.0,4.0,3.0,3.0,5.0,5.0,6.0,6.0,6.0,7.0,8.0,9.0,3.0,3.0,4.0,4.0,4.0,5.0,inf,4.0,3.0,5.0,5.0,5.0,3.0,3.0,7.0,7.0,7.0,6.0,7.0,8.0,9.0,8.0,6.0,7.0,6.0,6.0,4.0,4.0,3.0,3.0,3.0,3.0,3.0,3.0,3.0,3.0,3.0,3.0,3.0,3.0,3.0,3.0,3.0,3.0,4.0,3.0,3.0,3.0,3.0,3.0,3.0,3.0,3.0,2.0,2.0,3.0,2.0,3.0,3.0,3.0,4.0,3.0,2.0,2.0,2.0,2.0,4.0,4.0,2.0,4.0,4.0,3.0,3.0,4.0,3.0,3.0,4.0,4.0,5.0,2.0,2.0,3.0,3.0,3.0,3.0,3.0,2.0,2.0,3.0,3.0,3.0,2.0,2.0,inf,2.0,4.0,3.0,4.0,3.0,3.0,2.0,1.0,1.0,3.0,3.0,3.0,2.0,3.0,3.0,3.0,3.0,3.0,3.0,2.0,3.0,2.0,3.0,2.0,3.0,2.0,2.0,1.0,3.0,inf,4.0,4.0,6.0,4.0,4.0,3.0,5.0,3.0,3.0,3.0,3.0,3.0,2.0,2.0,3.0,3.0,3.0,3.0,3.0,3.0,3.0,3.0,3.0,0.0,1.0,2.0,2.0,2.0,2.0,2.0,2.0,2.0,2.0,2.0,4.0,4.0,3.0,2.0,2.0,3.0,3.0,3.0,3.0,4.0,4.0,4.0,4.0,5.0,4.0,4.0,3.0,3.0,3.0
VB02,4.0,4.0,3.0,4.0,4.0,5.0,4.0,5.0,4.0,4.0,4.0,4.0,3.0,4.0,4.0,4.0,4.0,4.0,4.0,4.0,4.0,4.0,3.0,4.0,3.0,3.0,4.0,2.0,4.0,3.0,3.0,4.0,2.0,2.0,inf,inf,inf,3.0,3.0,5.0,5.0,4.0,5.0,4.0,3.0,5.0,5.0,4.0,5.0,4.0,4.0,4.0,5.0,3.0,2.0,1.0,1.0,3.0,3.0,4.0,3.0,3.0,2.0,4.0,3.0,3.0,3.0,3.0,3.0,3.0,4.0,4.0,5.0,5.0,4.0,5.0,5.0,5.0,4.0,5.0,3.0,4.0,4.0,4.0,4.0,4.0,4.0,4.0,3.0,3.0,3.0,3.0,3.0,3.0,4.0,3.0,3.0,2.0,2.0,2.0,2.0,2.0,2.0,2.0,4.0,4.0,3.0,4.0,4.0,4.0,2.0,4.0,3.0,4.0,4.0,3.0,3.0,6.0,6.0,7.0,7.0,7.0,8.0,9.0,10.0,4.0,4.0,5.0,5.0,4.0,5.0,inf,5.0,4.0,5.0,5.0,5.0,3.0,3.0,8.0,8.0,8.0,7.0,8.0,9.0,10.0,9.0,7.0,8.0,7.0,7.0,4.0,4.0,3.0,3.0,3.0,3.0,3.0,3.0,3.0,3.0,4.0,4.0,3.0,4.0,4.0,3.0,3.0,4.0,4.0,4.0,3.0,3.0,3.0,3.0,4.0,3.0,2.0,2.0,3.0,3.0,3.0,4.0,3.0,3.0,4.0,3.0,3.0,3.0,2.0,2.0,4.0,4.0,2.0,4.0,4.0,3.0,3.0,4.0,3.0,3.0,5.0,5.0,5.0,3.0,3.0,3.0,3.0,4.0,3.0,3.0,3.0,3.0,4.0,4.0,4.0,3.0,3.0,inf,3.0,4.0,3.0,4.0,3.0,4.0,3.0,2.0,2.0,3.0,3.0,3.0,2.0,3.0,3.0,3.0,3.0,3.0,3.0,2.0,2.0,3.0,3.0,3.0,4.0,3.0,3.0,2.0,4.0,inf,4.0,4.0,6.0,4.0,4.0,4.0,5.0,4.0,3.0,3.0,4.0,3.0,3.0,3.0,2.0,3.0,4.0,3.0,3.0,3.0,3.0,3.0,3.0,1.0,0.0,1.0,1.0,2.0,2.0,1.0,2.0,2.0,2.0,2.0,4.0,4.0,4.0,3.0,3.0,4.0,4.0,4.0,4.0,5.0,4.0,4.0,4.0,5.0,4.0,4.0,3.0,3.0,3.0
VB03,4.0,4.0,3.0,4.0,4.0,5.0,4.0,5.0,4.0,4.0,5.0,4.0,4.0,4.0,4.0,5.0,4.0,4.0,4.0,4.0,4.0,4.0,3.0,4.0,4.0,4.0,4.0,3.0,4.0,2.0,3.0,4.0,2.0,2.0,inf,inf,inf,3.0,3.0,5.0,5.0,4.0,5.0,4.0,3.0,5.0,5.0,4.0,5.0,4.0,4.0,4.0,5.0,2.0,2.0,2.0,1.0,3.0,3.0,3.0,3.0,3.0,3.0,3.0,3.0,4.0,3.0,3.0,3.0,4.0,4.0,4.0,5.0,5.0,5.0,5.0,5.0,5.0,4.0,4.0,3.0,4.0,3.0,4.0,4.0,4.0,4.0,4.0,3.0,3.0,3.0,3.0,3.0,2.0,3.0,3.0,3.0,1.0,2.0,2.0,2.0,2.0,2.0,2.0,4.0,4.0,3.0,4.0,4.0,4.0,2.0,4.0,3.0,4.0,4.0,3.0,3.0,6.0,6.0,7.0,7.0,7.0,8.0,9.0,10.0,4.0,4.0,5.0,5.0,4.0,5.0,inf,5.0,4.0,5.0,5.0,5.0,3.0,3.0,8.0,8.0,8.0,7.0,8.0,9.0,10.0,9.0,7.0,8.0,7.0,7.0,4.0,4.0,3.0,3.0,3.0,3.0,3.0,3.0,3.0,3.0,4.0,4.0,3.0,4.0,3.0,3.0,3.0,3.0,4.0,4.0,3.0,3.0,3.0,2.0,3.0,3.0,2.0,2.0,3.0,3.0,4.0,4.0,3.0,3.0,4.0,3.0,3.0,4.0,2.0,2.0,5.0,4.0,2.0,4.0,4.0,3.0,3.0,4.0,3.0,3.0,5.0,5.0,5.0,4.0,4.0,4.0,3.0,4.0,3.0,3.0,3.0,3.0,4.0,4.0,4.0,3.0,4.0,inf,4.0,4.0,3.0,4.0,4.0,5.0,4.0,3.0,3.0,3.0,3.0,3.0,3.0,3.0,3.0,3.0,3.0,3.0,3.0,2.0,2.0,3.0,3.0,3.0,4.0,3.0,3.0,3.0,4.0,inf,4.0,4.0,6.0,4.0,4.0,5.0,5.0,3.0,3.0,3.0,3.0,3.0,3.0,3.0,1.0,3.0,3.0,2.0,3.0,3.0,3.0,3.0,3.0,2.0,1.0,0.0,1.0,2.0,2.0,2.0,2.0,2.0,3.0,2.0,4.0,4.0,4.0,4.0,4.0,4.0,4.0,4.0,4.0,5.0,4.0,4.0,4.0,5.0,4.0,4.0,3.0,3.0,3.0
VB04,4.0,4.0,3.0,4.0,4.0,5.0,4.0,5.0,4.0,4.0,4.0,4.0,3.0,4.0,4.0,4.0,4.0,4.0,4.0,4.0,4.0,4.0,3.0,4.0,3.0,4.0,4.0,2.0,4.0,3.0,3.0,4.0,2.0,2.0,inf,inf,inf,3.0,3.0,5.0,5.0,4.0,5.0,4.0,3.0,5.0,5.0,4.0,5.0,4.0,4.0,4.0,5.0,3.0,2.0,1.0,1.0,3.0,3.0,4.0,3.0,3.0,3.0,4.0,3.0,4.0,3.0,3.0,3.0,3.0,4.0,4.0,5.0,5.0,5.0,5.0,5.0,5.0,4.0,5.0,3.0,4.0,4.0,4.0,4.0,4.0,4.0,4.0,3.0,3.0,3.0,3.0,3.0,3.0,4.0,3.0,3.0,2.0,1.0,2.0,2.0,2.0,2.0,2.0,4.0,4.0,3.0,4.0,4.0,4.0,2.0,4.0,3.0,4.0,4.0,3.0,3.0,6.0,6.0,7.0,7.0,7.0,8.0,9.0,10.0,4.0,4.0,5.0,5.0,4.0,5.0,inf,5.0,4.0,5.0,5.0,5.0,3.0,3.0,8.0,8.0,8.0,7.0,8.0,9.0,10.0,9.0,7.0,8.0,7.0,7.0,4.0,4.0,3.0,3.0,3.0,3.0,3.0,3.0,3.0,3.0,4.0,4.0,3.0,4.0,4.0,3.0,3.0,4.0,4.0,5.0,3.0,3.0,3.0,3.0,4.0,3.0,2.0,2.0,3.0,3.0,4.0,4.0,3.0,3.0,4.0,3.0,3.0,4.0,2.0,2.0,4.0,4.0,2.0,4.0,4.0,3.0,3.0,4.0,3.0,3.0,5.0,5.0,5.0,4.0,3.0,3.0,3.0,4.0,3.0,3.0,3.0,3.0,4.0,4.0,4.0,3.0,4.0,inf,4.0,4.0,3.0,4.0,3.0,4.0,4.0,3.0,3.0,3.0,3.0,3.0,2.0,3.0,3.0,3.0,3.0,3.0,3.0,2.0,2.0,3.0,3.0,3.0,4.0,3.0,3.0,3.0,4.0,inf,4.0,4.0,6.0,4.0,4.0,5.0,5.0,4.0,3.0,3.0,4.0,3.0,4.0,3.0,2.0,3.0,4.0,3.0,3.0,3.0,3.0,3.0,3.0,2.0,1.0,1.0,0.0,1.0,2.0,2.0,2.0,2.0,2.0,2.0,4.0,4.0,4.0,4.0,4.0,4.0,4.0,5.0,4.0,5.0,4.0,4.0,4.0,5.0,4.0,4.0,3.0,3.0,3.0
VB05,4.0,4.0,3.0,4.0,4.0,5.0,4.0,5.0,4.0,4.0,4.0,4.0,3.0,4.0,4.0,4.0,4.0,4.0,4.0,4.0,4.0,4.0,3.0,4.0,3.0,4.0,4.0,2.0,4.0,4.0,3.0,4.0,2.0,2.0,inf,inf,inf,3.0,3.0,5.0,5.0,4.0,5.0,4.0,3.0,5.0,5.0,4.0,5.0,4.0,4.0,4.0,5.0,3.0,2.0,1.0,1.0,3.0,3.0,4.0,3.0,3.0,3.0,4.0,3.0,4.0,3.0,3.0,3.0,3.0,4.0,4.0,5.0,5.0,5.0,5.0,5.0,5.0,4.0,5.0,3.0,4.0,4.0,4.0,4.0,4.0,4.0,4.0,3.0,3.0,3.0,3.0,3.0,3.0,4.0,3.0,3.0,2.0,2.0,2.0,2.0,2.0,2.0,2.0,4.0,4.0,3.0,4.0,4.0,4.0,2.0,4.0,3.0,4.0,4.0,3.0,3.0,6.0,6.0,7.0,7.0,7.0,8.0,9.0,10.0,4.0,4.0,5.0,5.0,4.0,5.0,inf,5.0,4.0,5.0,5.0,5.0,3.0,3.0,8.0,8.0,8.0,7.0,8.0,9.0,10.0,9.0,7.0,8.0,7.0,7.0,4.0,4.0,3.0,3.0,3.0,3.0,3.0,3.0,3.0,3.0,4.0,4.0,3.0,4.0,4.0,3.0,3.0,4.0,4.0,5.0,3.0,3.0,3.0,3.0,4.0,3.0,2.0,2.0,3.0,3.0,4.0,4.0,3.0,3.0,4.0,3.0,3.0,4.0,2.0,2.0,4.0,4.0,2.0,4.0,4.0,3.0,3.0,4.0,3.0,3.0,5.0,5.0,5.0,4.0,3.0,3.0,3.0,4.0,3.0,3.0,3.0,3.0,4.0,4.0,4.0,3.0,4.0,inf,4.0,4.0,3.0,4.0,3.0,4.0,4.0,3.0,3.0,3.0,3.0,3.0,2.0,3.0,3.0,3.0,3.0,3.0,3.0,2.0,2.0,3.0,3.0,3.0,4.0,3.0,3.0,3.0,4.0,inf,4.0,4.0,6.0,4.0,4.0,5.0,5.0,4.0,3.0,3.0,4.0,3.0,4.0,3.0,3.0,3.0,4.0,3.0,3.0,3.0,3.0,3.0,3.0,2.0,2.0,2.0,1.0,0.0,1.0,2.0,2.0,2.0,2.0,2.0,4.0,4.0,4.0,4.0,4.0,4.0,4.0,5.0,4.0,5.0,4.0,4.0,4.0,5.0,4.0,4.0,3.0,3.0,3.0
VB06,4.0,4.0,3.0,3.0,4.0,5.0,4.0,5.0,4.0,4.0,4.0,4.0,3.0,4.0,4.0,4.0,4.0,4.0,4.0,4.0,4.0,4.0,3.0,4.0,3.0,4.0,4.0,2.0,4.0,4.0,3.0,4.0,2.0,2.0,inf,inf,inf,3.0,3.0,5.0,5.0,4.0,5.0,4.0,3.0,5.0,5.0,4.0,5.0,4.0,4.0,4.0,5.0,3.0,2.0,1.0,1.0,3.0,3.0,4.0,3.0,3.0,3.0,4.0,3.0,4.0,3.0,3.0,3.0,3.0,4.0,4.0,5.0,5.0,5.0,5.0,5.0,5.0,4.0,5.0,3.0,4.0,4.0,4.0,4.0,4.0,4.0,4.0,3.0,3.0,3.0,3.0,3.0,3.0,4.0,3.0,3.0,2.0,2.0,1.0,2.0,2.0,2.0,2.0,4.0,3.0,2.0,3.0,4.0,4.0,2.0,4.0,3.0,4.0,4.0,3.0,3.0,6.0,6.0,7.0,7.0,7.0,8.0,9.0,10.0,4.0,4.0,5.0,5.0,4.0,5.0,inf,5.0,4.0,5.0,5.0,5.0,3.0,3.0,8.0,8.0,8.0,7.0,8.0,9.0,10.0,9.0,7.0,8.0,7.0,7.0,4.0,4.0,3.0,3.0,3.0,3.0,3.0,3.0,3.0,3.0,4.0,4.0,3.0,4.0,4.0,3.0,3.0,4.0,4.0,5.0,3.0,3.0,3.0,3.0,4.0,2.0,2.0,2.0,3.0,3.0,4.0,4.0,3.0,3.0,4.0,3.0,3.0,4.0,2.0,2.0,4.0,4.0,2.0,4.0,4.0,3.0,3.0,4.0,3.0,3.0,5.0,5.0,5.0,4.0,3.0,3.0,3.0,4.0,3.0,3.0,3.0,3.0,4.0,4.0,4.0,3.0,4.0,inf,4.0,4.0,3.0,4.0,3.0,4.0,4.0,3.0,3.0,3.0,3.0,3.0,2.0,3.0,3.0,3.0,3.0,3.0,3.0,2.0,2.0,3.0,3.0,3.0,4.0,3.0,3.0,3.0,4.0,inf,4.0,4.0,6.0,4.0,4.0,5.0,5.0,4.0,3.0,3.0,4.0,3.0,4.0,3.0,3.0,3.0,4.0,3.0,3.0,3.0,3.0,3.0,3.0,2.0,2.0,2.0,2.0,1.0,0.0,1.0,2.0,2.0,2.0,2.0,4.0,4.0,4.0,4.0,4.0,4.0,4.0,5.0,4.0,4.0,3.0,3.0,3.0,4.0,3.0,4.0,3.0,3.0,3.0
VB07,4.0,4.0,3.0,4.0,4.0,5.0,4.0,5.0,4.0,4.0,4.0,4.0,3.0,4.0,4.0,4.0,4.0,4.0,4.0,4.0,4.0,4.0,3.0,4.0,3.0,4.0,4.0,2.0,4.0,4.0,3.0,4.0,2.0,2.0,inf,inf,inf,3.0,3.0,5.0,5.0,4.0,5.0,4.0,3.0,5.0,5.0,4.0,5.0,4.0,4.0,4.0,5.0,3.0,2.0,1.0,1.0,3.0,3.0,4.0,3.0,3.0,3.0,4.0,3.0,4.0,3.0,3.0,3.0,3.0,4.0,4.0,5.0,5.0,5.0,5.0,5.0,5.0,4.0,5.0,3.0,4.0,4.0,4.0,4.0,4.0,4.0,4.0,3.0,3.0,3.0,3.0,3.0,3.0,4.0,3.0,3.0,2.0,2.0,2.0,1.0,2.0,2.0,2.0,4.0,3.0,2.0,3.0,4.0,4.0,2.0,4.0,3.0,4.0,4.0,3.0,3.0,6.0,6.0,7.0,7.0,7.0,8.0,9.0,10.0,4.0,4.0,5.0,5.0,4.0,5.0,inf,5.0,4.0,5.0,5.0,5.0,3.0,3.0,8.0,8.0,8.0,7.0,8.0,9.0,10.0,9.0,7.0,8.0,7.0,7.0,4.0,4.0,3.0,3.0,3.0,3.0,3.0,3.0,3.0,3.0,4.0,4.0,3.0,4.0,4.0,3.0,3.0,4.0,4.0,5.0,3.0,3.0,3.0,3.0,4.0,3.0,2.0,2.0,3.0,3.0,4.0,4.0,3.0,3.0,4.0,3.0,3.0,4.0,2.0,2.0,4.0,4.0,2.0,4.0,4.0,3.0,3.0,4.0,3.0,3.0,5.0,5.0,5.0,4.0,3.0,3.0,3.0,4.0,3.0,3.0,3.0,3.0,4.0,4.0,4.0,3.0,4.0,inf,4.0,4.0,3.0,4.0,3.0,4.0,4.0,3.0,3.0,3.0,3.0,3.0,2.0,3.0,3.0,3.0,3.0,3.0,3.0,2.0,2.0,3.0,3.0,3.0,4.0,3.0,3.0,3.0,4.0,inf,4.0,4.0,6.0,4.0,4.0,5.0,5.0,4.0,3.0,3.0,4.0,3.0,4.0,3.0,3.0,3.0,4.0,3.0,3.0,2.0,3.0,3.0,3.0,2.0,1.0,2.0,2.0,2.0,1.0,0.0,1.0,2.0,2.0,2.0,4.0,4.0,4.0,4.0,4.0,4.0,4.0,5.0,4.0,4.0,3.0,3.0,3.0,4.0,4.0,4.0,3.0,3.0,3.0
VB08,4.0,4.0,3.0,4.0,4.0,5.0,4.0,5.0,4.0,4.0,4.0,4.0,3.0,4.0,4.0,4.0,4.0,4.0,4.0,4.0,4.0,4.0,3.0,4.0,3.0,4.0,4.0,2.0,4.0,4.0,3.0,4.0,2.0,2.0,inf,inf,inf,3.0,3.0,5.0,5.0,4.0,5.0,4.0,3.0,5.0,5.0,4.0,5.0,4.0,4.0,4.0,5.0,2.0,2.0,1.0,1.0,3.0,3.0,3.0,3.0,3.0,3.0,4.0,3.0,4.0,3.0,3.0,3.0,3.0,4.0,4.0,5.0,5.0,5.0,5.0,5.0,5.0,4.0,4.0,3.0,4.0,4.0,4.0,4.0,4.0,4.0,4.0,3.0,3.0,3.0,3.0,3.0,3.0,3.0,3.0,3.0,2.0,2.0,2.0,2.0,2.0,2.0,2.0,4.0,4.0,3.0,4.0,4.0,4.0,2.0,4.0,3.0,4.0,4.0,3.0,3.0,6.0,6.0,7.0,7.0,7.0,8.0,9.0,10.0,4.0,4.0,5.0,5.0,4.0,5.0,inf,5.0,4.0,5.0,5.0,5.0,3.0,3.0,8.0,8.0,8.0,7.0,8.0,9.0,10.0,9.0,7.0,8.0,7.0,7.0,4.0,4.0,3.0,3.0,3.0,3.0,3.0,3.0,3.0,2.0,4.0,4.0,3.0,4.0,3.0,3.0,3.0,3.0,4.0,4.0,3.0,3.0,2.0,3.0,3.0,3.0,2.0,2.0,3.0,3.0,4.0,4.0,3.0,3.0,3.0,3.0,3.0,4.0,2.0,2.0,4.0,4.0,2.0,4.0,4.0,3.0,3.0,4.0,3.0,3.0,5.0,5.0,5.0,4.0,3.0,3.0,3.0,4.0,3.0,3.0,3.0,3.0,4.0,4.0,4.0,3.0,4.0,inf,4.0,4.0,3.0,4.0,3.0,4.0,4.0,3.0,3.0,3.0,3.0,3.0,2.0,3.0,3.0,3.0,3.0,3.0,3.0,2.0,2.0,3.0,3.0,3.0,4.0,3.0,3.0,3.0,4.0,inf,4.0,4.0,6.0,4.0,4.0,5.0,5.0,3.0,3.0,3.0,3.0,3.0,3.0,3.0,3.0,3.0,3.0,3.0,3.0,1.0,3.0,3.0,3.0,2.0,2.0,2.0,2.0,2.0,2.0,1.0,0.0,1.0,2.0,2.0,4.0,4.0,4.0,4.0,4.0,4.0,4.0,4.0,4.0,5.0,4.0,4.0,4.0,4.0,3.0,4.0,3.0,3.0,3.0
VB09,4.0,4.0,3.0,3.0,4.0,4.0,4.0,5.0,4.0,4.0,4.0,4.0,3.0,4.0,4.0,4.0,4.0,4.0,3.0,4.0,4.0,4.0,3.0,3.0,3.0,4.0,3.0,2.0,4.0,4.0,3.0,4.0,2.0,2.0,inf,inf,inf,3.0,3.0,5.0,5.0,4.0,5.0,4.0,3.0,5.0,5.0,4.0,5.0,4.0,4.0,4.0,5.0,3.0,2.0,1.0,1.0,3.0,3.0,4.0,3.0,3.0,3.0,4.0,3.0,3.0,3.0,3.0,2.0,3.0,3.0,3.0,5.0,5.0,5.0,5.0,5.0,5.0,4.0,5.0,3.0,3.0,4.0,3.0,4.0,4.0,4.0,4.0,3.0,3.0,3.0,3.0,3.0,3.0,3.0,3.0,3.0,2.0,2.0,2.0,2.0,2.0,2.0,2.0,4.0,4.0,3.0,3.0,3.0,3.0,2.0,4.0,3.0,4.0,4.0,3.0,3.0,6.0,6.0,7.0,7.0,7.0,8.0,9.0,10.0,4.0,4.0,5.0,5.0,4.0,5.0,inf,5.0,4.0,5.0,5.0,5.0,3.0,3.0,8.0,8.0,8.0,7.0,8.0,9.0,10.0,9.0,7.0,8.0,7.0,7.0,4.0,4.0,3.0,3.0,3.0,3.0,3.0,3.0,2.0,1.0,4.0,3.0,3.0,4.0,4.0,3.0,2.0,2.0,4.0,3.0,3.0,2.0,2.0,3.0,2.0,2.0,2.0,2.0,3.0,3.0,4.0,4.0,2.0,3.0,3.0,3.0,3.0,4.0,2.0,2.0,4.0,3.0,2.0,4.0,4.0,3.0,3.0,4.0,3.0,3.0,5.0,5.0,5.0,4.0,3.0,3.0,3.0,4.0,3.0,3.0,3.0,3.0,4.0,4.0,4.0,3.0,4.0,inf,4.0,4.0,3.0,4.0,3.0,4.0,4.0,3.0,3.0,3.0,3.0,3.0,2.0,3.0,3.0,3.0,3.0,3.0,3.0,2.0,2.0,3.0,3.0,3.0,3.0,3.0,3.0,3.0,4.0,inf,4.0,4.0,6.0,4.0,4.0,5.0,4.0,4.0,3.0,3.0,4.0,3.0,4.0,3.0,3.0,3.0,4.0,3.0,3.0,2.0,3.0,2.0,3.0,2.0,2.0,2.0,2.0,2.0,2.0,2.0,1.0,0.0,1.0,2.0,4.0,4.0,4.0,4.0,4.0,4.0,4.0,5.0,4.0,5.0,4.0,3.0,4.0,3.0,2.0,3.0,2.0,2.0,3.0
VB10,3.0,4.0,3.0,2.0,4.0,3.0,3.0,4.0,3.0,4.0,4.0,4.0,3.0,3.0,3.0,3.0,4.0,3.0,2.0,3.0,3.0,4.0,3.0,3.0,3.0,3.0,3.0,2.0,4.0,4.0,3.0,4.0,3.0,2.0,inf,inf,inf,2.0,2.0,4.0,4.0,4.0,4.0,4.0,3.0,4.0,4.0,4.0,4.0,3.0,3.0,4.0,4.0,2.0,2.0,1.0,2.0,3.0,2.0,3.0,3.0,2.0,3.0,3.0,2.0,2.0,2.0,2.0,1.0,2.0,2.0,3.0,4.0,4.0,5.0,4.0,5.0,5.0,3.0,4.0,3.0,3.0,3.0,3.0,4.0,4.0,4.0,4.0,3.0,3.0,3.0,2.0,3.0,3.0,2.0,2.0,2.0,3.0,3.0,2.0,2.0,2.0,2.0,2.0,4.0,4.0,3.0,3.0,2.0,2.0,2.0,3.0,2.0,4.0,3.0,3.0,3.0,5.0,6.0,6.0,7.0,7.0,7.0,8.0,9.0,4.0,4.0,5.0,5.0,4.0,5.0,inf,5.0,4.0,4.0,4.0,5.0,2.0,3.0,8.0,7.0,7.0,6.0,8.0,8.0,9.0,8.0,6.0,8.0,6.0,7.0,3.0,3.0,3.0,3.0,3.0,3.0,3.0,3.0,1.0,1.0,3.0,3.0,2.0,3.0,3.0,2.0,2.0,2.0,3.0,3.0,2.0,1.0,1.0,2.0,2.0,2.0,2.0,2.0,2.0,2.0,3.0,3.0,2.0,2.0,2.0,2.0,3.0,4.0,2.0,2.0,3.0,2.0,2.0,4.0,3.0,2.0,2.0,4.0,3.0,3.0,4.0,5.0,4.0,3.0,3.0,3.0,3.0,4.0,3.0,3.0,3.0,3.0,4.0,3.0,4.0,3.0,3.0,inf,4.0,3.0,3.0,3.0,3.0,4.0,3.0,3.0,3.0,3.0,3.0,3.0,2.0,3.0,3.0,3.0,3.0,3.0,2.0,2.0,2.0,2.0,2.0,2.0,2.0,3.0,3.0,3.0,4.0,inf,4.0,3.0,6.0,4.0,3.0,5.0,3.0,3.0,3.0,3.0,3.0,3.0,3.0,3.0,3.0,3.0,3.0,3.0,3.0,2.0,3.0,1.0,2.0,2.0,2.0,3.0,2.0,2.0,2.0,2.0,2.0,1.0,0.0,2.0,3.0,3.0,3.0,3.0,3.0,3.0,3.0,4.0,4.0,4.0,3.0,2.0,3.0,3.0,2.0,2.0,1.0,1.0,2.0
VB11,3.0,3.0,3.0,2.0,4.0,3.0,3.0,4.0,3.0,4.0,4.0,4.0,3.0,3.0,3.0,3.0,4.0,3.0,2.0,3.0,3.0,4.0,3.0,3.0,3.0,3.0,3.0,2.0,3.0,3.0,3.0,3.0,2.0,2.0,inf,inf,inf,2.0,1.0,4.0,4.0,4.0,4.0,4.0,3.0,4.0,4.0,4.0,4.0,3.0,3.0,4.0,4.0,1.0,2.0,1.0,1.0,2.0,2.0,2.0,3.0,2.0,3.0,2.0,2.0,2.0,2.0,2.0,1.0,2.0,2.0,3.0,4.0,4.0,4.0,4.0,5.0,5.0,3.0,3.0,3.0,3.0,3.0,3.0,4.0,4.0,4.0,4.0,2.0,2.0,2.0,2.0,2.0,2.0,2.0,2.0,1.0,2.0,2.0,2.0,2.0,2.0,2.0,2.0,3.0,4.0,3.0,4.0,3.0,2.0,2.0,2.0,3.0,3.0,3.0,3.0,3.0,5.0,6.0,6.0,7.0,7.0,7.0,8.0,9.0,4.0,4.0,5.0,5.0,4.0,5.0,inf,5.0,4.0,4.0,4.0,5.0,2.0,2.0,8.0,7.0,7.0,6.0,8.0,8.0,9.0,8.0,6.0,8.0,6.0,7.0,3.0,3.0,3.0,3.0,3.0,3.0,2.0,2.0,2.0,2.0,3.0,3.0,2.0,3.0,2.0,2.0,2.0,2.0,3.0,3.0,2.0,1.0,1.0,2.0,2.0,2.0,2.0,2.0,2.0,2.0,3.0,3.0,2.0,2.0,2.0,2.0,3.0,4.0,2.0,2.0,3.0,2.0,2.0,3.0,3.0,2.0,2.0,4.0,3.0,2.0,4.0,5.0,4.0,3.0,3.0,3.0,3.0,4.0,3.0,3.0,3.0,3.0,4.0,3.0,4.0,3.0,3.0,inf,3.0,3.0,3.0,3.0,3.0,4.0,3.0,3.0,2.0,3.0,2.0,3.0,2.0,3.0,3.0,3.0,3.0,3.0,2.0,2.0,2.0,2.0,2.0,2.0,2.0,3.0,3.0,3.0,3.0,inf,4.0,3.0,6.0,4.0,3.0,4.0,3.0,2.0,3.0,3.0,2.0,2.0,2.0,2.0,2.0,3.0,2.0,2.0,2.0,2.0,2.0,2.0,1.0,2.0,2.0,2.0,2.0,2.0,2.0,2.0,2.0,2.0,2.0,0.0,3.0,3.0,3.0,3.0,3.0,3.0,3.0,3.0,3.0,4.0,4.0,3.0,4.0,4.0,3.0,3.0,2.0,1.0,2.0
VC01,4.0,4.0,3.0,3.0,4.0,4.0,4.0,4.0,3.0,4.0,4.0,4.0,3.0,3.0,4.0,4.0,4.0,4.0,3.0,4.0,3.0,4.0,3.0,4.0,4.0,3.0,3.0,2.0,3.0,4.0,4.0,4.0,4.0,4.0,inf,inf,inf,3.0,3.0,4.0,4.0,3.0,5.0,4.0,3.0,5.0,5.0,3.0,4.0,3.0,3.0,5.0,4.0,2.0,3.0,3.0,3.0,3.0,3.0,2.0,3.0,3.0,3.0,3.0,2.0,2.0,2.0,3.0,2.0,3.0,2.0,4.0,4.0,5.0,4.0,3.0,5.0,5.0,3.0,3.0,4.0,3.0,4.0,4.0,4.0,4.0,4.0,4.0,3.0,3.0,3.0,3.0,3.0,3.0,3.0,3.0,3.0,4.0,4.0,4.0,4.0,4.0,4.0,3.0,1.0,2.0,3.0,2.0,3.0,2.0,3.0,2.0,2.0,2.0,3.0,3.0,2.0,5.0,6.0,6.0,7.0,7.0,7.0,8.0,9.0,4.0,4.0,5.0,5.0,5.0,6.0,inf,5.0,4.0,3.0,4.0,5.0,3.0,3.0,8.0,7.0,7.0,6.0,8.0,8.0,9.0,8.0,6.0,8.0,6.0,7.0,3.0,3.0,3.0,3.0,3.0,3.0,3.0,3.0,4.0,3.0,2.0,3.0,3.0,3.0,3.0,3.0,3.0,3.0,3.0,4.0,2.0,3.0,3.0,4.0,3.0,3.0,3.0,2.0,2.0,1.0,3.0,3.0,3.0,2.0,2.0,3.0,4.0,4.0,3.0,3.0,4.0,3.0,4.0,2.0,2.0,2.0,2.0,3.0,3.0,3.0,4.0,5.0,4.0,3.0,4.0,4.0,4.0,3.0,4.0,4.0,4.0,3.0,4.0,3.0,4.0,3.0,3.0,inf,3.0,2.0,3.0,3.0,4.0,4.0,4.0,4.0,3.0,4.0,2.0,3.0,4.0,4.0,3.0,3.0,4.0,4.0,4.0,4.0,4.0,3.0,3.0,3.0,3.0,4.0,2.0,3.0,3.0,inf,4.0,3.0,7.0,4.0,4.0,4.0,3.0,3.0,3.0,3.0,3.0,3.0,3.0,3.0,3.0,4.0,3.0,3.0,3.0,3.0,3.0,3.0,3.0,4.0,4.0,4.0,4.0,4.0,4.0,4.0,4.0,4.0,3.0,3.0,0.0,1.0,1.0,2.0,3.0,3.0,1.0,2.0,2.0,3.0,3.0,4.0,3.0,3.0,3.0,4.0,3.0,2.0,3.0
VC02,4.0,3.0,3.0,3.0,4.0,4.0,4.0,4.0,4.0,3.0,4.0,4.0,3.0,2.0,4.0,3.0,4.0,4.0,3.0,4.0,3.0,4.0,4.0,4.0,4.0,3.0,4.0,3.0,4.0,4.0,3.0,4.0,3.0,3.0,inf,inf,inf,3.0,3.0,4.0,3.0,3.0,4.0,4.0,3.0,5.0,5.0,3.0,3.0,4.0,3.0,5.0,5.0,3.0,2.0,3.0,3.0,2.0,3.0,3.0,3.0,3.0,3.0,2.0,3.0,3.0,2.0,3.0,2.0,2.0,2.0,3.0,4.0,5.0,4.0,4.0,5.0,4.0,3.0,4.0,3.0,4.0,4.0,4.0,4.0,4.0,3.0,4.0,3.0,3.0,3.0,3.0,3.0,3.0,3.0,3.0,3.0,3.0,4.0,3.0,3.0,4.0,4.0,3.0,2.0,3.0,2.0,1.0,2.0,2.0,2.0,2.0,2.0,3.0,3.0,3.0,3.0,4.0,5.0,5.0,6.0,6.0,6.0,7.0,8.0,3.0,3.0,4.0,4.0,4.0,5.0,inf,4.0,3.0,4.0,3.0,5.0,3.0,2.0,7.0,6.0,6.0,5.0,7.0,7.0,8.0,7.0,5.0,7.0,5.0,6.0,3.0,3.0,3.0,3.0,3.0,3.0,3.0,3.0,3.0,3.0,3.0,3.0,3.0,2.0,4.0,3.0,3.0,3.0,4.0,4.0,3.0,3.0,2.0,3.0,3.0,3.0,2.0,2.0,2.0,2.0,3.0,2.0,3.0,1.0,3.0,2.0,4.0,4.0,3.0,3.0,3.0,3.0,4.0,2.0,3.0,2.0,2.0,4.0,3.0,3.0,3.0,4.0,4.0,3.0,4.0,3.0,4.0,3.0,4.0,3.0,4.0,3.0,3.0,3.0,3.0,2.0,3.0,inf,4.0,3.0,4.0,4.0,4.0,4.0,4.0,3.0,4.0,3.0,3.0,3.0,3.0,4.0,3.0,3.0,3.0,3.0,3.0,3.0,3.0,3.0,3.0,3.0,3.0,3.0,2.0,3.0,4.0,inf,4.0,2.0,6.0,4.0,4.0,4.0,4.0,3.0,3.0,3.0,4.0,3.0,3.0,3.0,3.0,3.0,4.0,3.0,3.0,3.0,3.0,3.0,3.0,4.0,4.0,4.0,4.0,4.0,4.0,4.0,4.0,4.0,3.0,3.0,1.0,0.0,1.0,2.0,2.0,2.0,1.0,2.0,3.0,4.0,3.0,3.0,2.0,2.0,2.0,3.0,2.0,2.0,2.0
VC03,4.0,3.0,4.0,3.0,4.0,4.0,4.0,4.0,4.0,3.0,4.0,4.0,3.0,2.0,4.0,3.0,5.0,4.0,3.0,4.0,3.0,4.0,4.0,4.0,4.0,4.0,4.0,3.0,4.0,4.0,3.0,4.0,3.0,3.0,inf,inf,inf,3.0,3.0,4.0,3.0,4.0,4.0,4.0,3.0,5.0,5.0,4.0,3.0,4.0,3.0,5.0,5.0,3.0,2.0,3.0,3.0,2.0,3.0,3.0,3.0,2.0,2.0,2.0,3.0,3.0,2.0,3.0,2.0,2.0,2.0,3.0,4.0,5.0,4.0,4.0,5.0,4.0,4.0,4.0,3.0,4.0,4.0,4.0,5.0,5.0,3.0,4.0,3.0,3.0,3.0,3.0,3.0,3.0,3.0,3.0,3.0,3.0,4.0,3.0,3.0,4.0,4.0,3.0,2.0,3.0,2.0,1.0,2.0,2.0,2.0,2.0,2.0,3.0,3.0,3.0,3.0,4.0,5.0,5.0,6.0,6.0,6.0,7.0,8.0,3.0,3.0,4.0,4.0,4.0,5.0,inf,4.0,3.0,4.0,3.0,5.0,3.0,2.0,7.0,6.0,6.0,5.0,7.0,7.0,8.0,7.0,5.0,7.0,5.0,6.0,4.0,4.0,4.0,4.0,4.0,4.0,3.0,3.0,3.0,3.0,3.0,3.0,3.0,2.0,4.0,3.0,3.0,3.0,4.0,4.0,3.0,3.0,2.0,3.0,3.0,3.0,2.0,2.0,2.0,2.0,3.0,2.0,3.0,1.0,3.0,2.0,4.0,4.0,3.0,4.0,3.0,3.0,4.0,3.0,3.0,3.0,3.0,4.0,3.0,3.0,3.0,4.0,5.0,3.0,4.0,3.0,4.0,4.0,4.0,3.0,4.0,3.0,3.0,3.0,3.0,2.0,4.0,inf,3.0,3.0,4.0,4.0,4.0,5.0,4.0,3.0,4.0,3.0,3.0,3.0,3.0,4.0,3.0,3.0,3.0,3.0,3.0,3.0,3.0,3.0,3.0,3.0,3.0,3.0,3.0,3.0,4.0,inf,4.0,2.0,6.0,4.0,4.0,4.0,4.0,4.0,3.0,3.0,4.0,3.0,4.0,3.0,3.0,3.0,4.0,3.0,3.0,3.0,3.0,3.0,3.0,3.0,4.0,4.0,4.0,4.0,4.0,4.0,4.0,4.0,3.0,3.0,1.0,1.0,0.0,1.0,2.0,2.0,2.0,3.0,3.0,4.0,3.0,3.0,2.0,2.0,2.0,3.0,2.0,2.0,2.0
VC04,3.0,3.0,4.0,3.0,4.0,4.0,3.0,4.0,4.0,4.0,4.0,4.0,3.0,3.0,5.0,4.0,5.0,4.0,4.0,5.0,4.0,4.0,4.0,3.0,4.0,4.0,4.0,3.0,4.0,5.0,4.0,5.0,4.0,4.0,inf,inf,inf,3.0,2.0,5.0,3.0,4.0,4.0,3.0,3.0,5.0,5.0,3.0,3.0,3.0,3.0,4.0,5.0,3.0,3.0,3.0,3.0,3.0,3.0,3.0,4.0,1.0,1.0,2.0,2.0,2.0,3.0,3.0,3.0,3.0,3.0,4.0,4.0,5.0,3.0,4.0,5.0,5.0,4.0,4.0,4.0,4.0,4.0,4.0,5.0,6.0,4.0,5.0,4.0,4.0,4.0,3.0,4.0,4.0,3.0,3.0,4.0,4.0,3.0,4.0,4.0,4.0,4.0,3.0,3.0,4.0,3.0,2.0,3.0,3.0,3.0,3.0,2.0,4.0,4.0,3.0,3.0,5.0,6.0,6.0,7.0,7.0,7.0,8.0,9.0,4.0,4.0,5.0,5.0,5.0,6.0,inf,5.0,3.0,5.0,4.0,6.0,3.0,3.0,8.0,7.0,7.0,6.0,8.0,8.0,9.0,8.0,6.0,8.0,6.0,7.0,4.0,5.0,4.0,5.0,4.0,4.0,3.0,3.0,3.0,3.0,3.0,3.0,3.0,3.0,4.0,3.0,3.0,4.0,4.0,4.0,3.0,2.0,3.0,3.0,3.0,4.0,3.0,2.0,2.0,3.0,2.0,2.0,3.0,2.0,3.0,3.0,4.0,4.0,4.0,4.0,4.0,4.0,3.0,4.0,3.0,3.0,4.0,5.0,4.0,4.0,4.0,5.0,5.0,4.0,4.0,4.0,5.0,3.0,4.0,4.0,4.0,4.0,4.0,4.0,4.0,3.0,4.0,inf,2.0,4.0,3.0,5.0,5.0,4.0,4.0,3.0,3.0,4.0,4.0,4.0,4.0,4.0,4.0,3.0,4.0,4.0,4.0,4.0,4.0,4.0,4.0,4.0,4.0,4.0,4.0,3.0,4.0,inf,5.0,3.0,7.0,4.0,5.0,3.0,5.0,4.0,4.0,4.0,4.0,4.0,4.0,4.0,4.0,4.0,4.0,4.0,4.0,4.0,4.0,4.0,3.0,2.0,3.0,4.0,4.0,4.0,4.0,4.0,4.0,4.0,3.0,3.0,2.0,2.0,1.0,0.0,1.0,2.0,3.0,4.0,4.0,5.0,4.0,4.0,3.0,3.0,3.0,4.0,3.0,2.0,3.0
VC05,3.0,3.0,4.0,3.0,4.0,4.0,3.0,4.0,3.0,3.0,3.0,4.0,2.0,2.0,4.0,3.0,5.0,4.0,3.0,4.0,3.0,3.0,3.0,3.0,4.0,4.0,4.0,3.0,4.0,4.0,3.0,4.0,3.0,3.0,inf,inf,inf,3.0,2.0,4.0,3.0,4.0,4.0,3.0,3.0,4.0,4.0,3.0,3.0,3.0,3.0,4.0,5.0,3.0,2.0,3.0,3.0,2.0,3.0,3.0,3.0,1.0,1.0,2.0,2.0,2.0,2.0,3.0,2.0,2.0,2.0,3.0,4.0,4.0,3.0,4.0,5.0,4.0,4.0,4.0,3.0,4.0,4.0,3.0,5.0,5.0,3.0,4.0,3.0,3.0,3.0,3.0,3.0,3.0,3.0,3.0,3.0,3.0,3.0,4.0,4.0,4.0,4.0,3.0,3.0,4.0,4.0,3.0,3.0,2.0,2.0,2.0,1.0,3.0,3.0,3.0,3.0,4.0,5.0,5.0,6.0,6.0,6.0,7.0,8.0,3.0,3.0,4.0,4.0,4.0,5.0,inf,4.0,3.0,4.0,3.0,5.0,3.0,2.0,7.0,6.0,6.0,5.0,7.0,7.0,8.0,7.0,5.0,7.0,5.0,6.0,4.0,4.0,4.0,4.0,4.0,4.0,3.0,3.0,3.0,3.0,3.0,3.0,3.0,2.0,4.0,3.0,3.0,3.0,4.0,4.0,3.0,2.0,2.0,3.0,2.0,3.0,2.0,2.0,2.0,2.0,2.0,2.0,3.0,1.0,3.0,2.0,4.0,4.0,3.0,4.0,3.0,3.0,3.0,3.0,3.0,3.0,3.0,4.0,3.0,3.0,3.0,4.0,5.0,3.0,3.0,3.0,4.0,3.0,4.0,3.0,4.0,3.0,3.0,3.0,3.0,2.0,4.0,inf,2.0,3.0,3.0,4.0,4.0,4.0,4.0,3.0,3.0,3.0,3.0,3.0,3.0,4.0,3.0,3.0,3.0,3.0,3.0,3.0,3.0,3.0,3.0,3.0,3.0,3.0,3.0,3.0,4.0,inf,4.0,2.0,6.0,4.0,4.0,3.0,4.0,4.0,3.0,3.0,4.0,3.0,4.0,3.0,3.0,3.0,4.0,3.0,3.0,3.0,3.0,3.0,3.0,2.0,3.0,4.0,4.0,4.0,4.0,4.0,4.0,4.0,3.0,3.0,3.0,2.0,2.0,1.0,0.0,1.0,2.0,3.0,4.0,5.0,5.0,4.0,4.0,4.0,3.0,3.0,2.0,2.0,2.0
VC06,4.0,3.0,4.0,3.0,4.0,4.0,4.0,4.0,3.0,3.0,3.0,4.0,2.0,2.0,4.0,3.0,5.0,4.0,3.0,4.0,3.0,3.0,3.0,4.0,4.0,4.0,4.0,3.0,4.0,4.0,3.0,4.0,3.0,3.0,inf,inf,inf,3.0,3.0,4.0,3.0,4.0,4.0,4.0,3.0,4.0,4.0,4.0,3.0,3.0,3.0,5.0,5.0,3.0,2.0,3.0,3.0,2.0,3.0,3.0,3.0,2.0,2.0,2.0,3.0,2.0,2.0,3.0,2.0,2.0,2.0,3.0,4.0,4.0,4.0,4.0,5.0,4.0,4.0,4.0,3.0,4.0,4.0,3.0,5.0,5.0,3.0,4.0,3.0,3.0,3.0,3.0,3.0,3.0,3.0,3.0,3.0,3.0,4.0,4.0,4.0,4.0,4.0,3.0,3.0,4.0,4.0,3.0,3.0,2.0,2.0,2.0,1.0,3.0,3.0,3.0,3.0,4.0,5.0,5.0,6.0,6.0,6.0,7.0,8.0,3.0,3.0,4.0,4.0,4.0,5.0,inf,4.0,3.0,4.0,3.0,5.0,3.0,2.0,7.0,6.0,6.0,5.0,7.0,7.0,8.0,7.0,5.0,7.0,5.0,6.0,4.0,4.0,4.0,4.0,4.0,4.0,3.0,3.0,3.0,3.0,3.0,3.0,3.0,2.0,4.0,3.0,3.0,3.0,4.0,4.0,3.0,3.0,2.0,3.0,2.0,3.0,2.0,2.0,2.0,2.0,3.0,2.0,3.0,1.0,3.0,2.0,4.0,4.0,3.0,4.0,3.0,3.0,4.0,3.0,3.0,3.0,3.0,4.0,3.0,3.0,3.0,4.0,5.0,3.0,3.0,3.0,4.0,4.0,4.0,3.0,4.0,3.0,3.0,3.0,3.0,2.0,4.0,inf,3.0,3.0,4.0,4.0,4.0,4.0,4.0,3.0,4.0,3.0,3.0,3.0,3.0,4.0,3.0,3.0,3.0,3.0,3.0,3.0,3.0,3.0,3.0,3.0,3.0,3.0,3.0,3.0,4.0,inf,4.0,2.0,6.0,4.0,4.0,4.0,4.0,4.0,3.0,3.0,4.0,3.0,4.0,3.0,3.0,3.0,4.0,3.0,3.0,3.0,3.0,3.0,3.0,3.0,4.0,4.0,4.0,4.0,4.0,4.0,4.0,4.0,3.0,3.0,3.0,2.0,2.0,2.0,1.0,0.0,2.0,3.0,4.0,5.0,5.0,4.0,4.0,4.0,3.0,3.0,2.0,2.0,2.0
VD01,3.0,3.0,2.0,3.0,3.0,4.0,4.0,4.0,3.0,3.0,3.0,4.0,2.0,2.0,3.0,3.0,3.0,3.0,3.0,4.0,2.0,3.0,3.0,3.0,4.0,2.0,4.0,2.0,3.0,4.0,3.0,4.0,4.0,4.0,inf,inf,inf,3.0,3.0,3.0,3.0,2.0,4.0,3.0,3.0,4.0,4.0,2.0,3.0,3.0,3.0,4.0,4.0,3.0,3.0,3.0,3.0,2.0,3.0,3.0,2.0,3.0,3.0,2.0,3.0,2.0,3.0,3.0,2.0,2.0,2.0,3.0,3.0,4.0,3.0,4.0,4.0,4.0,2.0,3.0,4.0,3.0,4.0,3.0,3.0,3.0,3.0,3.0,3.0,4.0,3.0,4.0,4.0,4.0,4.0,3.0,3.0,3.0,4.0,4.0,4.0,4.0,4.0,3.0,1.0,2.0,3.0,2.0,3.0,2.0,2.0,2.0,1.0,2.0,3.0,2.0,2.0,5.0,5.0,6.0,6.0,6.0,7.0,8.0,9.0,4.0,4.0,4.0,5.0,4.0,5.0,inf,4.0,3.0,4.0,4.0,4.0,4.0,3.0,7.0,7.0,7.0,6.0,7.0,8.0,9.0,8.0,6.0,7.0,6.0,6.0,2.0,2.0,2.0,2.0,2.0,2.0,3.0,3.0,3.0,3.0,3.0,3.0,3.0,3.0,4.0,3.0,3.0,4.0,4.0,3.0,3.0,3.0,3.0,3.0,2.0,3.0,3.0,2.0,2.0,2.0,3.0,2.0,3.0,2.0,3.0,3.0,3.0,3.0,2.0,2.0,3.0,3.0,4.0,1.0,2.0,1.0,1.0,3.0,3.0,3.0,4.0,4.0,3.0,2.0,3.0,3.0,3.0,2.0,3.0,3.0,3.0,3.0,3.0,2.0,3.0,3.0,2.0,inf,3.0,3.0,4.0,3.0,4.0,3.0,3.0,3.0,3.0,4.0,2.0,3.0,3.0,3.0,2.0,3.0,3.0,3.0,3.0,3.0,3.0,3.0,2.0,3.0,3.0,3.0,1.0,2.0,4.0,inf,3.0,3.0,6.0,3.0,3.0,4.0,4.0,2.0,2.0,2.0,4.0,4.0,2.0,3.0,4.0,4.0,3.0,4.0,4.0,4.0,3.0,3.0,3.0,3.0,4.0,4.0,4.0,4.0,4.0,4.0,4.0,4.0,3.0,3.0,1.0,1.0,2.0,3.0,2.0,2.0,0.0,1.0,2.0,3.0,3.0,4.0,3.0,3.0,3.0,3.0,2.0,3.0,2.0
VD02,4.0,4.0,3.0,4.0,4.0,4.0,4.0,4.0,4.0,4.0,4.0,4.0,3.0,3.0,4.0,4.0,4.0,4.0,4.0,4.0,3.0,4.0,3.0,4.0,4.0,3.0,4.0,3.0,3.0,3.0,4.0,3.0,4.0,4.0,inf,inf,inf,3.0,4.0,4.0,4.0,3.0,5.0,4.0,4.0,5.0,5.0,3.0,4.0,4.0,3.0,5.0,5.0,2.0,3.0,4.0,4.0,3.0,3.0,3.0,3.0,4.0,4.0,3.0,4.0,3.0,3.0,3.0,3.0,3.0,3.0,4.0,4.0,5.0,4.0,4.0,5.0,5.0,3.0,4.0,4.0,3.0,4.0,4.0,4.0,4.0,4.0,4.0,3.0,3.0,2.0,3.0,3.0,3.0,3.0,3.0,3.0,4.0,4.0,4.0,4.0,5.0,5.0,4.0,1.0,2.0,3.0,3.0,4.0,3.0,3.0,3.0,2.0,2.0,3.0,3.0,2.0,6.0,6.0,7.0,7.0,7.0,8.0,9.0,10.0,5.0,5.0,5.0,6.0,5.0,6.0,inf,5.0,4.0,4.0,5.0,5.0,3.0,3.0,8.0,8.0,8.0,7.0,8.0,9.0,10.0,9.0,7.0,8.0,7.0,7.0,3.0,3.0,3.0,3.0,3.0,3.0,4.0,4.0,4.0,4.0,4.0,3.0,4.0,4.0,3.0,3.0,3.0,3.0,4.0,2.0,4.0,3.0,3.0,3.0,3.0,4.0,3.0,3.0,3.0,3.0,4.0,3.0,4.0,3.0,4.0,4.0,4.0,4.0,3.0,3.0,4.0,4.0,4.0,2.0,2.0,2.0,2.0,3.0,4.0,3.0,5.0,5.0,4.0,3.0,4.0,4.0,4.0,3.0,4.0,4.0,4.0,4.0,4.0,3.0,4.0,4.0,3.0,inf,4.0,3.0,4.0,4.0,5.0,4.0,4.0,4.0,2.0,4.0,2.0,3.0,4.0,4.0,3.0,4.0,4.0,4.0,4.0,4.0,4.0,4.0,3.0,4.0,4.0,4.0,2.0,3.0,4.0,inf,4.0,4.0,7.0,4.0,4.0,5.0,4.0,3.0,3.0,3.0,3.0,3.0,1.0,2.0,3.0,4.0,2.0,3.0,3.0,3.0,3.0,3.0,4.0,3.0,4.0,4.0,5.0,5.0,5.0,5.0,4.0,5.0,4.0,3.0,2.0,2.0,3.0,4.0,3.0,3.0,1.0,0.0,1.0,2.0,3.0,4.0,4.0,4.0,4.0,4.0,3.0,4.0,3.0
VD03,4.0,4.0,4.0,4.0,5.0,4.0,4.0,4.0,4.0,4.0,4.0,4.0,3.0,4.0,5.0,5.0,5.0,5.0,4.0,4.0,4.0,4.0,3.0,5.0,4.0,4.0,4.0,4.0,2.0,2.0,3.0,4.0,3.0,3.0,inf,inf,inf,3.0,4.0,5.0,5.0,4.0,5.0,4.0,3.0,5.0,5.0,4.0,5.0,4.0,3.0,5.0,5.0,2.0,2.0,3.0,4.0,3.0,3.0,3.0,3.0,4.0,4.0,3.0,4.0,4.0,3.0,3.0,4.0,4.0,4.0,4.0,5.0,5.0,5.0,4.0,6.0,5.0,4.0,4.0,4.0,3.0,4.0,4.0,5.0,5.0,4.0,5.0,3.0,3.0,3.0,2.0,3.0,3.0,3.0,3.0,3.0,4.0,4.0,3.0,3.0,4.0,4.0,4.0,1.0,1.0,2.0,3.0,4.0,4.0,4.0,4.0,3.0,2.0,3.0,3.0,2.0,6.0,6.0,7.0,7.0,7.0,8.0,9.0,10.0,5.0,4.0,6.0,5.0,5.0,6.0,inf,5.0,5.0,4.0,5.0,6.0,3.0,3.0,8.0,8.0,8.0,7.0,8.0,9.0,10.0,9.0,7.0,8.0,7.0,7.0,4.0,4.0,4.0,4.0,4.0,4.0,4.0,4.0,4.0,4.0,4.0,4.0,3.0,4.0,3.0,3.0,3.0,3.0,4.0,3.0,3.0,3.0,3.0,3.0,3.0,4.0,3.0,3.0,3.0,3.0,4.0,4.0,4.0,3.0,4.0,3.0,5.0,4.0,4.0,4.0,5.0,4.0,4.0,3.0,2.0,3.0,3.0,3.0,3.0,3.0,5.0,5.0,5.0,4.0,4.0,5.0,4.0,4.0,4.0,3.0,4.0,3.0,4.0,4.0,5.0,4.0,4.0,inf,4.0,3.0,4.0,4.0,4.0,5.0,4.0,3.0,2.0,3.0,2.0,3.0,4.0,4.0,3.0,4.0,5.0,3.0,4.0,4.0,4.0,4.0,4.0,4.0,4.0,4.0,3.0,4.0,4.0,inf,4.0,4.0,7.0,5.0,5.0,5.0,4.0,3.0,3.0,3.0,3.0,3.0,2.0,1.0,3.0,3.0,3.0,3.0,3.0,3.0,3.0,3.0,3.0,3.0,4.0,4.0,4.0,4.0,4.0,4.0,4.0,4.0,4.0,3.0,2.0,3.0,3.0,4.0,4.0,4.0,2.0,1.0,0.0,1.0,2.0,3.0,3.0,4.0,4.0,4.0,3.0,4.0,4.0
VD04,5.0,5.0,5.0,5.0,6.0,5.0,5.0,5.0,5.0,5.0,5.0,5.0,4.0,5.0,6.0,5.0,6.0,6.0,5.0,5.0,5.0,5.0,4.0,5.0,5.0,5.0,5.0,5.0,3.0,3.0,4.0,5.0,4.0,4.0,inf,inf,inf,4.0,5.0,6.0,6.0,5.0,6.0,5.0,4.0,6.0,6.0,5.0,6.0,5.0,4.0,6.0,6.0,3.0,3.0,4.0,4.0,4.0,4.0,4.0,4.0,5.0,5.0,4.0,5.0,5.0,4.0,4.0,5.0,4.0,5.0,5.0,6.0,6.0,6.0,5.0,7.0,6.0,5.0,5.0,5.0,4.0,5.0,5.0,6.0,6.0,5.0,6.0,4.0,4.0,4.0,3.0,4.0,4.0,4.0,4.0,4.0,5.0,4.0,3.0,3.0,4.0,5.0,5.0,2.0,1.0,2.0,3.0,4.0,5.0,4.0,5.0,4.0,3.0,4.0,4.0,3.0,7.0,7.0,8.0,8.0,8.0,9.0,10.0,11.0,6.0,5.0,7.0,6.0,6.0,7.0,inf,6.0,6.0,5.0,6.0,7.0,4.0,4.0,9.0,9.0,9.0,8.0,9.0,10.0,11.0,10.0,8.0,9.0,8.0,8.0,5.0,5.0,5.0,5.0,5.0,5.0,5.0,5.0,3.0,4.0,5.0,5.0,4.0,5.0,4.0,4.0,4.0,4.0,5.0,4.0,4.0,4.0,4.0,4.0,4.0,4.0,4.0,4.0,4.0,4.0,5.0,5.0,4.0,4.0,5.0,4.0,6.0,5.0,5.0,5.0,5.0,5.0,4.0,4.0,3.0,4.0,4.0,4.0,4.0,4.0,6.0,6.0,6.0,5.0,5.0,6.0,5.0,5.0,5.0,4.0,5.0,4.0,5.0,5.0,6.0,5.0,5.0,inf,5.0,4.0,5.0,5.0,5.0,6.0,5.0,4.0,3.0,4.0,3.0,4.0,5.0,5.0,4.0,5.0,5.0,4.0,5.0,5.0,5.0,5.0,5.0,5.0,5.0,5.0,4.0,5.0,5.0,inf,5.0,5.0,8.0,6.0,6.0,6.0,5.0,4.0,4.0,4.0,4.0,4.0,3.0,2.0,4.0,4.0,4.0,4.0,4.0,4.0,4.0,4.0,4.0,4.0,5.0,5.0,5.0,5.0,4.0,4.0,5.0,5.0,4.0,4.0,3.0,4.0,4.0,5.0,5.0,5.0,3.0,2.0,1.0,0.0,1.0,2.0,3.0,4.0,4.0,5.0,4.0,5.0,5.0
VD05,5.0,5.0,5.0,4.0,6.0,5.0,5.0,5.0,5.0,6.0,5.0,5.0,4.0,5.0,6.0,4.0,6.0,5.0,5.0,5.0,5.0,5.0,4.0,4.0,4.0,5.0,4.0,4.0,4.0,4.0,5.0,6.0,4.0,4.0,inf,inf,inf,5.0,4.0,6.0,6.0,5.0,6.0,5.0,5.0,6.0,6.0,5.0,5.0,5.0,4.0,6.0,6.0,4.0,4.0,3.0,3.0,4.0,4.0,5.0,4.0,4.0,5.0,4.0,5.0,5.0,4.0,4.0,4.0,3.0,5.0,4.0,6.0,6.0,6.0,5.0,7.0,6.0,5.0,6.0,4.0,4.0,5.0,5.0,6.0,6.0,5.0,5.0,4.0,5.0,5.0,4.0,5.0,5.0,4.0,4.0,4.0,4.0,3.0,2.0,2.0,3.0,4.0,4.0,2.0,1.0,1.0,2.0,3.0,4.0,3.0,5.0,4.0,3.0,4.0,4.0,3.0,7.0,7.0,8.0,8.0,8.0,9.0,10.0,11.0,6.0,6.0,7.0,7.0,6.0,7.0,inf,6.0,6.0,5.0,6.0,6.0,4.0,4.0,9.0,9.0,9.0,8.0,9.0,10.0,11.0,10.0,8.0,9.0,8.0,8.0,5.0,5.0,5.0,5.0,5.0,5.0,4.0,4.0,2.0,3.0,5.0,4.0,4.0,5.0,5.0,5.0,3.0,3.0,5.0,4.0,4.0,3.0,4.0,5.0,4.0,3.0,4.0,4.0,4.0,4.0,4.0,5.0,3.0,4.0,4.0,4.0,5.0,5.0,4.0,4.0,4.0,5.0,3.0,4.0,3.0,4.0,4.0,4.0,5.0,4.0,6.0,6.0,6.0,5.0,5.0,5.0,5.0,5.0,5.0,5.0,5.0,5.0,5.0,5.0,6.0,5.0,5.0,inf,5.0,4.0,5.0,5.0,5.0,6.0,5.0,4.0,4.0,5.0,3.0,4.0,4.0,5.0,4.0,5.0,4.0,5.0,5.0,4.0,4.0,4.0,4.0,5.0,4.0,5.0,4.0,5.0,6.0,inf,6.0,5.0,8.0,6.0,5.0,6.0,5.0,5.0,5.0,5.0,5.0,5.0,4.0,3.0,5.0,5.0,5.0,5.0,5.0,5.0,5.0,4.0,4.0,4.0,4.0,4.0,4.0,4.0,3.0,3.0,4.0,4.0,3.0,4.0,3.0,3.0,3.0,4.0,5.0,5.0,3.0,3.0,2.0,1.0,0.0,1.0,2.0,3.0,3.0,4.0,4.0,4.0,4.0
VD06,4.0,4.0,4.0,3.0,5.0,4.0,4.0,5.0,5.0,5.0,5.0,5.0,4.0,4.0,5.0,3.0,5.0,4.0,4.0,4.0,5.0,5.0,4.0,3.0,3.0,4.0,3.0,3.0,4.0,5.0,4.0,5.0,4.0,4.0,inf,inf,inf,4.0,3.0,6.0,5.0,5.0,5.0,4.0,4.0,5.0,5.0,4.0,4.0,4.0,5.0,5.0,5.0,3.0,3.0,3.0,3.0,3.0,3.0,4.0,3.0,3.0,4.0,4.0,4.0,4.0,3.0,3.0,3.0,2.0,4.0,3.0,5.0,5.0,5.0,4.0,6.0,6.0,4.0,5.0,3.0,3.0,5.0,4.0,6.0,5.0,5.0,4.0,4.0,4.0,4.0,3.0,4.0,4.0,3.0,3.0,3.0,3.0,3.0,2.0,2.0,3.0,4.0,3.0,3.0,2.0,1.0,2.0,3.0,3.0,2.0,4.0,3.0,4.0,4.0,4.0,4.0,6.0,7.0,7.0,8.0,8.0,8.0,9.0,10.0,5.0,5.0,6.0,6.0,5.0,6.0,inf,6.0,5.0,5.0,5.0,5.0,3.0,3.0,9.0,8.0,8.0,7.0,9.0,9.0,10.0,9.0,7.0,9.0,7.0,8.0,5.0,4.0,5.0,4.0,5.0,4.0,3.0,3.0,1.0,2.0,4.0,3.0,3.0,4.0,4.0,4.0,2.0,2.0,4.0,3.0,3.0,2.0,3.0,4.0,3.0,2.0,3.0,3.0,3.0,4.0,3.0,4.0,2.0,3.0,3.0,3.0,5.0,4.0,4.0,4.0,3.0,4.0,3.0,4.0,4.0,4.0,3.0,5.0,4.0,3.0,5.0,6.0,5.0,4.0,4.0,4.0,4.0,4.0,4.0,4.0,4.0,4.0,5.0,5.0,5.0,4.0,4.0,inf,4.0,4.0,5.0,5.0,4.0,5.0,4.0,3.0,4.0,4.0,4.0,3.0,3.0,4.0,3.0,5.0,3.0,4.0,4.0,4.0,4.0,3.0,3.0,4.0,3.0,4.0,4.0,5.0,5.0,inf,5.0,4.0,7.0,6.0,4.0,5.0,5.0,4.0,4.0,4.0,4.0,4.0,4.0,4.0,4.0,4.0,4.0,4.0,4.0,4.0,4.0,3.0,3.0,4.0,4.0,4.0,4.0,4.0,3.0,3.0,4.0,3.0,2.0,3.0,4.0,3.0,3.0,4.0,4.0,4.0,4.0,4.0,3.0,2.0,1.0,0.0,1.0,2.0,3.0,4.0,3.0,3.0,3.0
VD07,5.0,5.0,5.0,4.0,6.0,5.0,5.0,6.0,6.0,5.0,6.0,6.0,5.0,4.0,6.0,4.0,6.0,5.0,5.0,5.0,5.0,6.0,4.0,4.0,4.0,5.0,4.0,4.0,5.0,5.0,4.0,6.0,4.0,4.0,inf,inf,inf,5.0,4.0,6.0,5.0,5.0,6.0,5.0,5.0,6.0,6.0,5.0,5.0,5.0,5.0,6.0,6.0,4.0,4.0,3.0,3.0,4.0,4.0,5.0,4.0,4.0,4.0,4.0,5.0,4.0,4.0,4.0,4.0,3.0,4.0,4.0,6.0,6.0,6.0,5.0,7.0,6.0,5.0,6.0,4.0,4.0,5.0,4.0,6.0,6.0,5.0,5.0,5.0,5.0,5.0,4.0,5.0,5.0,4.0,4.0,4.0,4.0,3.0,2.0,2.0,3.0,4.0,4.0,3.0,2.0,1.0,1.0,2.0,3.0,3.0,4.0,4.0,4.0,5.0,5.0,4.0,6.0,7.0,7.0,8.0,8.0,8.0,9.0,10.0,5.0,5.0,6.0,6.0,6.0,7.0,inf,6.0,5.0,6.0,5.0,6.0,4.0,4.0,9.0,8.0,8.0,7.0,9.0,9.0,10.0,9.0,7.0,9.0,7.0,8.0,5.0,5.0,5.0,5.0,5.0,5.0,4.0,4.0,2.0,3.0,5.0,4.0,4.0,4.0,5.0,5.0,3.0,3.0,5.0,4.0,4.0,3.0,4.0,4.0,3.0,3.0,4.0,4.0,4.0,4.0,4.0,4.0,3.0,3.0,4.0,4.0,5.0,5.0,4.0,4.0,4.0,5.0,3.0,4.0,4.0,4.0,4.0,5.0,5.0,4.0,5.0,6.0,6.0,5.0,5.0,5.0,5.0,5.0,5.0,5.0,5.0,5.0,5.0,5.0,5.0,4.0,5.0,inf,5.0,5.0,5.0,6.0,5.0,6.0,5.0,4.0,5.0,5.0,4.0,4.0,4.0,5.0,4.0,5.0,4.0,5.0,5.0,4.0,4.0,4.0,4.0,5.0,4.0,5.0,4.0,5.0,6.0,inf,6.0,4.0,8.0,6.0,5.0,6.0,6.0,5.0,5.0,5.0,5.0,5.0,5.0,4.0,5.0,5.0,5.0,5.0,5.0,5.0,5.0,4.0,4.0,4.0,4.0,4.0,4.0,4.0,3.0,3.0,4.0,4.0,3.0,4.0,3.0,2.0,2.0,3.0,4.0,4.0,3.0,4.0,3.0,3.0,2.0,1.0,0.0,1.0,2.0,3.0,3.0,4.0,4.0
VD08,5.0,5.0,5.0,3.0,6.0,5.0,5.0,5.0,5.0,5.0,5.0,5.0,4.0,4.0,5.0,5.0,5.0,4.0,4.0,5.0,5.0,5.0,3.0,4.0,4.0,5.0,4.0,4.0,5.0,5.0,3.0,5.0,5.0,5.0,inf,inf,inf,4.0,4.0,6.0,5.0,5.0,6.0,6.0,5.0,5.0,6.0,4.0,5.0,5.0,4.0,5.0,6.0,3.0,4.0,4.0,4.0,4.0,4.0,4.0,4.0,4.0,4.0,4.0,5.0,4.0,4.0,4.0,3.0,4.0,4.0,4.0,6.0,6.0,6.0,6.0,6.0,6.0,5.0,5.0,4.0,4.0,4.0,3.0,6.0,6.0,5.0,6.0,4.0,4.0,4.0,4.0,4.0,4.0,4.0,4.0,4.0,4.0,4.0,3.0,3.0,4.0,5.0,4.0,4.0,3.0,2.0,1.0,2.0,3.0,3.0,4.0,3.0,5.0,4.0,4.0,4.0,6.0,7.0,7.0,8.0,8.0,8.0,9.0,10.0,5.0,5.0,6.0,6.0,6.0,7.0,inf,6.0,5.0,6.0,5.0,7.0,4.0,4.0,9.0,8.0,8.0,7.0,9.0,9.0,10.0,9.0,7.0,9.0,7.0,8.0,5.0,5.0,5.0,5.0,5.0,5.0,4.0,4.0,3.0,2.0,5.0,4.0,4.0,4.0,4.0,4.0,3.0,3.0,5.0,4.0,4.0,3.0,3.0,3.0,2.0,2.0,4.0,4.0,4.0,4.0,5.0,4.0,3.0,3.0,4.0,4.0,5.0,5.0,5.0,5.0,5.0,4.0,4.0,4.0,5.0,4.0,4.0,6.0,5.0,4.0,5.0,6.0,6.0,5.0,5.0,5.0,5.0,5.0,5.0,5.0,5.0,5.0,5.0,5.0,5.0,4.0,5.0,inf,5.0,5.0,5.0,5.0,5.0,6.0,5.0,4.0,4.0,5.0,4.0,4.0,4.0,5.0,4.0,5.0,4.0,5.0,4.0,4.0,4.0,4.0,4.0,4.0,4.0,5.0,4.0,5.0,5.0,inf,6.0,4.0,8.0,6.0,5.0,6.0,5.0,4.0,5.0,5.0,4.0,4.0,4.0,4.0,4.0,5.0,4.0,4.0,4.0,4.0,4.0,4.0,4.0,5.0,5.0,5.0,5.0,5.0,4.0,4.0,4.0,3.0,3.0,4.0,3.0,2.0,2.0,3.0,4.0,4.0,3.0,4.0,4.0,4.0,3.0,2.0,1.0,0.0,1.0,2.0,3.0,4.0,4.0
VD09,4.0,4.0,4.0,2.0,5.0,4.0,4.0,4.0,4.0,4.0,4.0,4.0,3.0,3.0,4.0,4.0,4.0,3.0,3.0,4.0,4.0,4.0,2.0,3.0,3.0,4.0,3.0,3.0,4.0,4.0,2.0,4.0,4.0,4.0,inf,inf,inf,3.0,3.0,5.0,4.0,4.0,5.0,5.0,4.0,4.0,5.0,3.0,4.0,4.0,3.0,4.0,5.0,2.0,3.0,3.0,3.0,3.0,3.0,3.0,3.0,3.0,4.0,3.0,4.0,3.0,3.0,3.0,2.0,3.0,3.0,3.0,5.0,5.0,5.0,5.0,5.0,5.0,4.0,4.0,3.0,3.0,3.0,2.0,5.0,5.0,5.0,5.0,3.0,3.0,3.0,3.0,3.0,3.0,3.0,3.0,3.0,3.0,3.0,2.0,3.0,4.0,4.0,3.0,4.0,3.0,2.0,1.0,1.0,2.0,2.0,3.0,2.0,4.0,3.0,3.0,3.0,6.0,6.0,7.0,7.0,7.0,8.0,9.0,10.0,5.0,5.0,6.0,6.0,5.0,6.0,inf,5.0,4.0,5.0,5.0,6.0,3.0,3.0,8.0,8.0,8.0,7.0,8.0,9.0,10.0,9.0,7.0,8.0,7.0,7.0,4.0,4.0,4.0,4.0,4.0,4.0,3.0,3.0,2.0,1.0,4.0,3.0,3.0,4.0,3.0,3.0,2.0,2.0,4.0,3.0,3.0,2.0,2.0,2.0,1.0,1.0,3.0,3.0,3.0,3.0,4.0,3.0,2.0,3.0,3.0,3.0,4.0,4.0,4.0,4.0,4.0,3.0,3.0,4.0,4.0,3.0,3.0,5.0,4.0,3.0,5.0,5.0,5.0,4.0,4.0,4.0,4.0,4.0,4.0,4.0,4.0,4.0,4.0,4.0,5.0,4.0,4.0,inf,4.0,4.0,4.0,4.0,4.0,5.0,4.0,3.0,3.0,4.0,3.0,3.0,3.0,4.0,3.0,4.0,3.0,4.0,3.0,3.0,3.0,3.0,3.0,3.0,3.0,4.0,4.0,5.0,4.0,inf,5.0,4.0,7.0,5.0,4.0,5.0,4.0,3.0,4.0,4.0,3.0,3.0,3.0,3.0,3.0,4.0,3.0,3.0,3.0,3.0,3.0,3.0,3.0,4.0,4.0,4.0,4.0,4.0,3.0,4.0,3.0,2.0,2.0,3.0,3.0,2.0,2.0,3.0,3.0,3.0,3.0,4.0,4.0,4.0,3.0,3.0,2.0,1.0,0.0,1.0,2.0,3.0,3.0
VD10,4.0,4.0,4.0,3.0,5.0,5.0,4.0,5.0,4.0,4.0,4.0,4.0,3.0,3.0,5.0,4.0,5.0,4.0,4.0,4.0,4.0,4.0,3.0,4.0,4.0,5.0,4.0,4.0,4.0,4.0,3.0,4.0,3.0,3.0,inf,inf,inf,3.0,4.0,5.0,4.0,5.0,5.0,4.0,3.0,5.0,5.0,4.0,4.0,4.0,4.0,5.0,5.0,3.0,2.0,3.0,4.0,3.0,3.0,3.0,3.0,3.0,4.0,3.0,3.0,3.0,3.0,3.0,3.0,3.0,2.0,4.0,5.0,5.0,5.0,5.0,6.0,5.0,5.0,4.0,4.0,4.0,4.0,3.0,6.0,5.0,4.0,5.0,3.0,3.0,3.0,3.0,3.0,3.0,4.0,3.0,3.0,4.0,4.0,3.0,4.0,4.0,4.0,4.0,4.0,4.0,3.0,2.0,1.0,2.0,3.0,3.0,2.0,4.0,4.0,4.0,4.0,5.0,6.0,6.0,7.0,7.0,7.0,8.0,9.0,4.0,4.0,5.0,5.0,5.0,6.0,inf,5.0,4.0,5.0,4.0,6.0,4.0,3.0,8.0,7.0,7.0,6.0,8.0,8.0,9.0,8.0,6.0,8.0,6.0,7.0,5.0,5.0,5.0,4.0,5.0,5.0,3.0,4.0,3.0,2.0,4.0,4.0,3.0,3.0,4.0,3.0,3.0,3.0,4.0,4.0,3.0,3.0,3.0,3.0,2.0,2.0,3.0,3.0,3.0,3.0,4.0,3.0,3.0,2.0,4.0,3.0,5.0,4.0,4.0,4.0,4.0,4.0,4.0,4.0,4.0,4.0,4.0,5.0,3.0,3.0,4.0,5.0,5.0,4.0,4.0,4.0,4.0,4.0,4.0,3.0,4.0,3.0,4.0,4.0,4.0,3.0,4.0,inf,4.0,4.0,5.0,5.0,4.0,5.0,4.0,3.0,4.0,3.0,3.0,4.0,4.0,4.0,4.0,4.0,4.0,3.0,4.0,4.0,4.0,4.0,4.0,4.0,4.0,4.0,4.0,4.0,4.0,inf,4.0,3.0,7.0,5.0,5.0,5.0,5.0,4.0,3.0,3.0,4.0,3.0,4.0,3.0,3.0,3.0,4.0,3.0,3.0,3.0,3.0,3.0,3.0,4.0,4.0,4.0,4.0,4.0,4.0,4.0,4.0,3.0,2.0,3.0,4.0,3.0,3.0,4.0,3.0,3.0,3.0,4.0,4.0,5.0,4.0,4.0,3.0,2.0,1.0,0.0,1.0,2.0,3.0
VD11,3.0,3.0,3.0,3.0,4.0,4.0,3.0,4.0,3.0,3.0,3.0,3.0,2.0,2.0,4.0,3.0,4.0,4.0,3.0,3.0,3.0,3.0,3.0,4.0,3.0,4.0,4.0,3.0,3.0,3.0,2.0,3.0,2.0,2.0,inf,inf,inf,2.0,3.0,4.0,3.0,4.0,4.0,3.0,2.0,4.0,4.0,4.0,3.0,3.0,3.0,4.0,4.0,2.0,1.0,2.0,3.0,2.0,2.0,2.0,2.0,2.0,3.0,2.0,2.0,2.0,2.0,2.0,2.0,2.0,1.0,3.0,4.0,4.0,4.0,4.0,5.0,4.0,4.0,3.0,3.0,4.0,3.0,3.0,5.0,4.0,3.0,4.0,2.0,2.0,2.0,2.0,2.0,2.0,3.0,2.0,2.0,3.0,4.0,3.0,3.0,3.0,3.0,3.0,3.0,4.0,3.0,2.0,1.0,1.0,2.0,2.0,1.0,3.0,3.0,3.0,3.0,4.0,5.0,5.0,6.0,6.0,6.0,7.0,8.0,3.0,3.0,4.0,4.0,4.0,5.0,inf,4.0,3.0,4.0,3.0,5.0,3.0,2.0,7.0,6.0,6.0,5.0,7.0,7.0,8.0,7.0,5.0,7.0,5.0,6.0,4.0,4.0,4.0,3.0,4.0,4.0,2.0,3.0,2.0,2.0,3.0,3.0,2.0,2.0,3.0,2.0,2.0,3.0,3.0,4.0,2.0,2.0,2.0,2.0,2.0,3.0,2.0,2.0,2.0,2.0,3.0,2.0,3.0,1.0,3.0,2.0,4.0,3.0,3.0,3.0,3.0,3.0,3.0,3.0,3.0,3.0,3.0,4.0,2.0,2.0,3.0,4.0,4.0,3.0,3.0,3.0,3.0,3.0,3.0,2.0,3.0,2.0,3.0,3.0,3.0,2.0,3.0,inf,3.0,3.0,4.0,4.0,3.0,4.0,3.0,2.0,3.0,2.0,2.0,3.0,3.0,3.0,3.0,3.0,3.0,2.0,3.0,3.0,3.0,3.0,3.0,3.0,3.0,3.0,3.0,3.0,3.0,inf,3.0,2.0,6.0,4.0,4.0,4.0,4.0,3.0,2.0,2.0,3.0,2.0,3.0,2.0,2.0,2.0,3.0,2.0,2.0,2.0,2.0,2.0,2.0,3.0,3.0,3.0,3.0,3.0,3.0,3.0,3.0,2.0,1.0,2.0,3.0,2.0,2.0,3.0,2.0,2.0,2.0,3.0,3.0,4.0,4.0,3.0,3.0,3.0,2.0,1.0,0.0,1.0,2.0
VD12,3.0,3.0,4.0,3.0,4.0,4.0,4.0,3.0,3.0,3.0,3.0,3.0,3.0,2.0,4.0,3.0,5.0,4.0,3.0,4.0,3.0,3.0,3.0,3.0,3.0,4.0,3.0,2.0,3.0,4.0,3.0,4.0,3.0,3.0,inf,inf,inf,2.0,2.0,4.0,3.0,4.0,4.0,3.0,2.0,4.0,4.0,3.0,3.0,2.0,2.0,5.0,4.0,2.0,2.0,2.0,2.0,2.0,3.0,2.0,3.0,1.0,2.0,2.0,1.0,1.0,2.0,2.0,2.0,2.0,1.0,3.0,4.0,4.0,4.0,3.0,5.0,4.0,4.0,3.0,3.0,3.0,4.0,4.0,5.0,5.0,3.0,4.0,3.0,3.0,3.0,3.0,3.0,3.0,3.0,2.0,2.0,3.0,3.0,3.0,3.0,3.0,3.0,2.0,3.0,4.0,4.0,3.0,2.0,1.0,2.0,2.0,2.0,3.0,3.0,3.0,2.0,4.0,5.0,5.0,6.0,6.0,6.0,7.0,8.0,3.0,3.0,4.0,4.0,4.0,5.0,inf,4.0,3.0,3.0,3.0,5.0,2.0,2.0,7.0,6.0,6.0,5.0,7.0,7.0,8.0,7.0,5.0,7.0,5.0,6.0,4.0,4.0,4.0,4.0,4.0,4.0,2.0,2.0,2.0,2.0,2.0,2.0,2.0,2.0,2.0,3.0,3.0,3.0,3.0,3.0,2.0,2.0,2.0,3.0,3.0,3.0,2.0,2.0,2.0,1.0,2.0,2.0,2.0,1.0,2.0,2.0,4.0,3.0,3.0,3.0,3.0,3.0,3.0,3.0,3.0,3.0,3.0,4.0,3.0,3.0,3.0,4.0,4.0,3.0,4.0,3.0,4.0,4.0,4.0,3.0,4.0,3.0,3.0,3.0,3.0,2.0,4.0,inf,3.0,2.0,3.0,3.0,4.0,5.0,4.0,3.0,3.0,3.0,3.0,3.0,3.0,4.0,3.0,2.0,3.0,3.0,3.0,3.0,3.0,3.0,3.0,3.0,3.0,3.0,4.0,3.0,3.0,inf,4.0,2.0,6.0,4.0,4.0,4.0,3.0,3.0,3.0,3.0,3.0,3.0,3.0,3.0,3.0,3.0,3.0,3.0,3.0,3.0,3.0,2.0,1.0,3.0,3.0,3.0,3.0,3.0,3.0,3.0,3.0,2.0,1.0,1.0,2.0,2.0,2.0,2.0,2.0,2.0,3.0,4.0,4.0,5.0,4.0,3.0,4.0,4.0,3.0,2.0,1.0,0.0,1.0
VD13,3.0,3.0,4.0,3.0,4.0,4.0,3.0,4.0,3.0,3.0,3.0,4.0,2.0,2.0,4.0,3.0,5.0,4.0,3.0,4.0,3.0,3.0,3.0,2.0,2.0,4.0,2.0,2.0,3.0,4.0,3.0,4.0,3.0,3.0,inf,inf,inf,2.0,2.0,4.0,3.0,4.0,4.0,4.0,3.0,4.0,4.0,3.0,3.0,3.0,3.0,5.0,5.0,2.0,2.0,2.0,2.0,2.0,2.0,2.0,3.0,2.0,2.0,2.0,2.0,2.0,2.0,2.0,2.0,2.0,1.0,2.0,4.0,4.0,4.0,4.0,5.0,4.0,3.0,3.0,3.0,2.0,4.0,3.0,4.0,5.0,3.0,4.0,3.0,3.0,3.0,2.0,3.0,3.0,2.0,2.0,1.0,3.0,3.0,3.0,3.0,3.0,3.0,2.0,3.0,4.0,4.0,3.0,2.0,1.0,2.0,1.0,1.0,3.0,3.0,2.0,2.0,4.0,5.0,5.0,6.0,6.0,6.0,7.0,8.0,3.0,3.0,4.0,4.0,4.0,5.0,inf,4.0,3.0,4.0,3.0,5.0,2.0,2.0,7.0,6.0,6.0,5.0,7.0,7.0,8.0,7.0,5.0,7.0,5.0,6.0,3.0,4.0,3.0,4.0,3.0,4.0,2.0,1.0,2.0,2.0,3.0,2.0,2.0,2.0,2.0,2.0,2.0,2.0,3.0,3.0,2.0,1.0,2.0,3.0,2.0,2.0,2.0,1.0,1.0,2.0,2.0,2.0,1.0,1.0,1.0,1.0,4.0,4.0,3.0,3.0,3.0,3.0,2.0,3.0,3.0,2.0,3.0,4.0,3.0,3.0,3.0,4.0,4.0,3.0,3.0,3.0,4.0,3.0,4.0,3.0,4.0,3.0,3.0,3.0,3.0,2.0,3.0,inf,3.0,3.0,4.0,4.0,4.0,4.0,4.0,3.0,3.0,3.0,3.0,3.0,3.0,3.0,3.0,3.0,3.0,3.0,3.0,3.0,3.0,3.0,3.0,3.0,3.0,3.0,3.0,3.0,3.0,inf,4.0,2.0,6.0,4.0,4.0,4.0,4.0,3.0,3.0,3.0,3.0,3.0,3.0,3.0,3.0,3.0,3.0,3.0,3.0,3.0,3.0,2.0,1.0,3.0,3.0,3.0,3.0,3.0,3.0,3.0,3.0,3.0,2.0,2.0,3.0,2.0,2.0,3.0,2.0,2.0,2.0,3.0,4.0,5.0,4.0,3.0,4.0,4.0,3.0,3.0,2.0,1.0,0.0
